seed,run_id,method,learning_rate,config_fingerprint,refresh_step,interval_index,layer,beta_train,beta_source_interval,beta_raw_previous,beta_update_accepted,beta_fallback_used,beta_fallback_reason,previous_beta_train,numerator_previous,denominator_previous,previous_interval_n_steps,accepted_update_count,fallback_count,trace_A,trace_G,trace_F,beta_scaled_trace_F,H_mean,H_std,H_min,H_max,H_q10,H_q25,H_q50,H_q75,H_q90,H_beta1_mean,H_beta1_q10,H_beta1_q50,H_beta1_q90,H_fro_ratio_vs_beta1,H_hash,H_hash_copy,H_beta1_hash,H_beta1_hash_copy,H_stats_digest,H_beta1_stats_digest,beta_algorithm_active
123,dp_fisher_wiener_adaptive_beta_adam,dp_fisher_wiener_adaptive_beta,0.001,91dd788dafed093ef93b8c11550057107c7dfcef533df02a5c2e7b37b8983963,0,0,conv1,1.0,,,False,False,initial,1.0,,,0,0,0,3.14047908782959,0.0001600001414772123,0.000502477098358961,0.000502477098358961,0.12777050188742578,0.13205590320786348,0.0242364089936018,0.4002205431461334,0.03381606731563807,0.03495381027460098,0.05770395137369633,0.1268327534198761,0.36839202046394326,0.12777050188742578,0.03381606731563807,0.05770395137369633,0.36839202046394326,0.9999999999995697,79af817690e2b02b886de10ef1a77e6ee8a4809437fca404a9bfc52bee26c868,79af817690e2b02b886de10ef1a77e6ee8a4809437fca404a9bfc52bee26c868,79af817690e2b02b886de10ef1a77e6ee8a4809437fca404a9bfc52bee26c868,79af817690e2b02b886de10ef1a77e6ee8a4809437fca404a9bfc52bee26c868,29f6a8c44420ac8ee0ffd46e029bebce7cbc1b30d75176c0e0d644fa1d072492,09d6947eab66f5ec85984bbb89ae1fe2360fa4efb31674995d78e91aac067823,True
123,dp_fisher_wiener_adaptive_beta_adam,dp_fisher_wiener_adaptive_beta,0.001,91dd788dafed093ef93b8c11550057107c7dfcef533df02a5c2e7b37b8983963,0,0,conv2,1.0,,,False,False,initial,1.0,,,0,0,0,13.789117813110352,0.0003200028440915048,0.004412556917708144,0.004412556917708144,0.02205550540429299,0.08384752522140099,0.00048000793321989477,0.8317086100578308,0.0008003784460015595,0.0014124373265076429,0.0029792150016874075,0.007765520713292062,0.036443356424570084,0.02205550540429299,0.0008003784460015595,0.0029792150016874075,0.036443356424570084,0.9999999999998307,03d5eca9d7189d0ab378ef42b7260bc27e013a86f40d58bb77986a101e44ca70,03d5eca9d7189d0ab378ef42b7260bc27e013a86f40d58bb77986a101e44ca70,03d5eca9d7189d0ab378ef42b7260bc27e013a86f40d58bb77986a101e44ca70,03d5eca9d7189d0ab378ef42b7260bc27e013a86f40d58bb77986a101e44ca70,213d329a9de8bb61606646a8ad95c9581d3e02ed799068b3982a60a708b94697,4b5d95965810e664215d893418ea4d1495ef00d723c6bc4078152ac16873266c,True
123,dp_fisher_wiener_adaptive_beta_adam,dp_fisher_wiener_adaptive_beta,0.001,91dd788dafed093ef93b8c11550057107c7dfcef533df02a5c2e7b37b8983963,0,0,fc1,1.0,,,False,False,initial,1.0,,,0,0,0,45.48963165283203,0.0012824676232412457,0.058338979787927236,0.058338979787927236,0.003585194755807704,0.02835422638120063,4.8109100134752225e-06,0.9560893774032593,1.6378116561099888e-05,0.00014390569776878692,0.0005422421963885427,0.0014727845846209675,0.003421448078006506,0.003585194755807704,1.6378116561099888e-05,0.0005422421963885427,0.003421448078006506,0.999999999999922,286be4666eded8f1c1a23b2f65d9f02c76c6970bb6bae78eb8fffbb870fb8442,286be4666eded8f1c1a23b2f65d9f02c76c6970bb6bae78eb8fffbb870fb8442,286be4666eded8f1c1a23b2f65d9f02c76c6970bb6bae78eb8fffbb870fb8442,286be4666eded8f1c1a23b2f65d9f02c76c6970bb6bae78eb8fffbb870fb8442,90964ba373e69c7c356b0681a99b061f573cb1343dae3792766aa70925342830,991df530ac7ff22d816014f6ab84cf4a25163fa616aeb8d6f78d51c7f525aa45,True
123,dp_fisher_wiener_adaptive_beta_adam,dp_fisher_wiener_adaptive_beta,0.001,91dd788dafed093ef93b8c11550057107c7dfcef533df02a5c2e7b37b8983963,0,0,fc2,1.0,,,False,False,initial,1.0,,,0,0,0,1.7096904516220093,0.00011373334564268589,0.00019444881507632572,0.00019444881507632572,0.004551988365793907,0.0446380594646296,5.740497272199718e-06,0.516076385974884,7.069127468639636e-06,5.533669718715828e-05,0.00027902767760679126,0.0006395657255779952,0.0015752283274196091,0.004551988365793907,7.069127468639636e-06,0.00027902767760679126,0.0015752283274196091,0.9999999999993794,a3e2894a927ceca3c268b44766ce8f9ca4c814f5068a2ae02268fa284eebe218,a3e2894a927ceca3c268b44766ce8f9ca4c814f5068a2ae02268fa284eebe218,a3e2894a927ceca3c268b44766ce8f9ca4c814f5068a2ae02268fa284eebe218,a3e2894a927ceca3c268b44766ce8f9ca4c814f5068a2ae02268fa284eebe218,a6397978f869951374447ade00b984ded9689ca84658e25b2af3a8f8a0ee3a3d,0adc1eae5a9a324d29beabcb8ebc55b94e0bb7df85271c53c96c241835cdd9d4,True
123,dp_fisher_wiener_adaptive_beta_adam,dp_fisher_wiener_adaptive_beta,0.001,91dd788dafed093ef93b8c11550057107c7dfcef533df02a5c2e7b37b8983963,50,1,conv1,0.41484776218918884,0,0.41484776218918884,True,False,none,1.0,0.010422574990276596,0.025123854917948052,50,1,0,3.141551971435547,0.00016000081086531281,0.0005026508628052095,0.00020852358559720615,0.06335431257612072,0.07256518888523014,0.01019949372857809,0.21700012683868408,0.014352137967944148,0.014822327764704823,0.024812424555420876,0.056851974688470364,0.1949037820100783,0.1277910490636714,0.033903522044420244,0.05777059495449066,0.3684233903884886,0.5241167387114435,cd58a5f48779a8fef644b09c41e37a5ee40b2c8386d2d8c8d43fd33333cecacd,cd58a5f48779a8fef644b09c41e37a5ee40b2c8386d2d8c8d43fd33333cecacd,e10e64b4a3fe1ab05d08fc2d367a06029cbed586473941f4b955b1d778817c73,e10e64b4a3fe1ab05d08fc2d367a06029cbed586473941f4b955b1d778817c73,c175abe4b8b61ab359442b478e6ca1345aeef0a8ce1cdb58556784b4308ca5d9,def47ffc67023ca05a7c57a70100a0bff9914345454bbf69fa401167cedab7b4,True
123,dp_fisher_wiener_adaptive_beta_adam,dp_fisher_wiener_adaptive_beta,0.001,91dd788dafed093ef93b8c11550057107c7dfcef533df02a5c2e7b37b8983963,50,1,conv2,0.12845385357196404,0,0.12845385357196404,True,False,none,1.0,0.028340497009261945,0.22062784588540718,50,1,0,17.417190551757812,0.00032000645296648145,0.0055736133691093315,0.0007159521155823113,0.006265753160184024,0.03837784239712613,7.033986912574619e-05,0.44223740696907043,0.00011337209507473744,0.00019995136244688183,0.0004198137467028573,0.001125650538597256,0.005137059651315212,0.025480130404597227,0.0008819116221275181,0.003258923999965191,0.03864454329013824,0.4047487550819034,6644d18a4844fe83879e2465adeb4c2b5a39b95f171de0fb5e6c6d9d51599236,6644d18a4844fe83879e2465adeb4c2b5a39b95f171de0fb5e6c6d9d51599236,8055ef52a00ed3def8415897fb8c5fb453db1034013ed75705aa2fec571382af,8055ef52a00ed3def8415897fb8c5fb453db1034013ed75705aa2fec571382af,dd5e3e11336e9cee0fe47bf49014875e7719db3caea4d22c0a74a62ff33d6eb1,b416ad77f717577f793a781e7369ffa7ed9ee40a4728508dcdb952e3f54de0c5,True
123,dp_fisher_wiener_adaptive_beta_adam,dp_fisher_wiener_adaptive_beta,0.001,91dd788dafed093ef93b8c11550057107c7dfcef533df02a5c2e7b37b8983963,50,1,fc1,0.12082044487793504,0,0.12082044487793504,True,False,none,1.0,0.35242707458511147,2.916948989396362,50,1,0,682.9249267578125,0.0012827825266867876,0.8760441630837761,0.1058440455165001,0.004714352593794022,0.042154036183805754,0.0,0.9752781391143799,6.981305068620713e-06,3.8109824345156085e-05,0.00012562373012769967,0.0003699997905641794,0.0011407950660213828,0.015289807213604217,5.777954793302342e-05,0.0010388059308752418,0.009364333003759384,0.490335125284111,6ffe4de2fbd487b2509c2c01f3198db254ddd0bfa67017b30f799545033ec759,6ffe4de2fbd487b2509c2c01f3198db254ddd0bfa67017b30f799545033ec759,e5f3284cf2c82794f7959bf7f7911491a8d8ec7e123aa5c82d3aaf85ce5e81e2,e5f3284cf2c82794f7959bf7f7911491a8d8ec7e123aa5c82d3aaf85ce5e81e2,8943aced6d48878a592355889fdfba3faea47b034592298ff7d0db89164c068a,b7c13e50d4e72d58a8eec6905a44823adb90ed3e5fce1320d6e54c4604035e56,True
123,dp_fisher_wiener_adaptive_beta_adam,dp_fisher_wiener_adaptive_beta,0.001,91dd788dafed093ef93b8c11550057107c7dfcef533df02a5c2e7b37b8983963,50,1,fc2,27.677274329836955,0,27.677274329836955,True,False,none,1.0,0.26909065989896014,0.009722440753816286,50,1,0,524.5983276367188,0.00011433297186158597,0.059978885832324025,1.6600520771792031,0.1673605850061953,0.27066892927311137,0.0,0.9998964071273804,0.000181956535379868,0.00021099762307130732,0.04464813135564327,0.1712706796824932,0.6278118491172809,0.043934774602155446,6.5753749822761165e-06,0.0016857139416970313,0.05745425447821661,2.047649380139682,f229e27cecab18a8e66b30c336c74dada1a83b768414ef1e2d1d57a894bea7d2,f229e27cecab18a8e66b30c336c74dada1a83b768414ef1e2d1d57a894bea7d2,59fddeaf2592505dd6bef731bbbb37961b5c1f08db90d5e581305550d4c4389a,59fddeaf2592505dd6bef731bbbb37961b5c1f08db90d5e581305550d4c4389a,2ec4a28026c7c16000e05c03a310ed1826a6405c71abd1fb37e1fd6b3b454ab6,9dcb5c84240f616d071e177c1b3709fc96f6382aac217c013832134cef0c660d,True
123,dp_fisher_wiener_adaptive_beta_adam,dp_fisher_wiener_adaptive_beta,0.001,91dd788dafed093ef93b8c11550057107c7dfcef533df02a5c2e7b37b8983963,100,2,conv1,0.3582263805052146,1,0.3582263805052146,True,False,none,0.41484776218918884,0.00900313996202667,0.025132543140260477,50,2,0,3.141097068786621,0.00016000878531485796,0.0005026031265326081,0.00018004569884838057,0.05578885253053159,0.06486755837467155,0.008726457133889198,0.19392947852611542,0.012276105768978597,0.01270165666937828,0.021337528713047504,0.04922614153474569,0.1730258151888846,0.12760727027198301,0.03352507986128331,0.0573530588299036,0.36860803961753824,0.4651392533961669,f4571ab618b3f726f20d666e2913a73f522541d29e76113d51859b5c5bfc2ff9,f4571ab618b3f726f20d666e2913a73f522541d29e76113d51859b5c5bfc2ff9,af7adc57f413e46182bff18e88a83012e51806387c23ebfe1977b679723fb649,af7adc57f413e46182bff18e88a83012e51806387c23ebfe1977b679723fb649,b4dead10d23a08900738a6d10d33dd9ae10b5744995f3335bf9a4ebb878171b3,dfd1725d6f314e33ff6c858756c57c519d42229b41a340b0318a9473d5ec0c51,True
123,dp_fisher_wiener_adaptive_beta_adam,dp_fisher_wiener_adaptive_beta,0.001,91dd788dafed093ef93b8c11550057107c7dfcef533df02a5c2e7b37b8983963,100,2,conv2,0.12845385357196404,1,-0.0022795345122970947,False,True,negative,0.12845385357196404,-0.0006352622016542603,0.2786806684554666,50,1,1,20.939666748046875,0.00032002193620428443,0.006701152696182433,0.0008607888871987903,0.007128309096918296,0.04290983284332701,8.203981997212395e-05,0.491710364818573,0.0001232880851603113,0.0002068164430966135,0.0004391420225147158,0.0011871044407598674,0.005641502467915416,0.027895626942185555,0.000958982779411599,0.003408519783988595,0.04229942262172699,0.42192996958650913,e29d2dce1cb22d01925552239ad182c7f30d1f2ad8844b512b5b71662d6ada11,e29d2dce1cb22d01925552239ad182c7f30d1f2ad8844b512b5b71662d6ada11,002d23578be67f4980421e2b302f256b2d3546bb6fe04771d48679557420aa45,002d23578be67f4980421e2b302f256b2d3546bb6fe04771d48679557420aa45,24e4654555555e0261de1c2aaf82e3db5f43d913fba74dd9e6af18047d6eb52c,28870626ef67d4a4173d5e445e21ae820655414f9bc4a4899373d6305d7dffc4,True
123,dp_fisher_wiener_adaptive_beta_adam,dp_fisher_wiener_adaptive_beta,0.001,91dd788dafed093ef93b8c11550057107c7dfcef533df02a5c2e7b37b8983963,100,2,fc1,0.0056001143502719284,1,0.0056001143502719284,True,False,none,0.12082044487793504,0.2452973744578708,43.802208154188804,50,2,0,1952.2740478515625,0.001284858793951571,2.50839647858551,0.014047307115898288,0.0013338392474133115,0.022646990548511946,0.0,0.8460416793823242,4.179346433375031e-07,2.060895212707692e-06,7.004954113654094e-06,2.2234561129153008e-05,8.053926867432892e-05,0.021488983170885156,7.462412759196013e-05,0.0012493050890043378,0.014178942143917083,0.20528127674863822,505ef91d35f9a99af24da78fa213efb4b7987b43c4c0ad596fb5b1b35667a820,505ef91d35f9a99af24da78fa213efb4b7987b43c4c0ad596fb5b1b35667a820,f6fd6b89450ea6afb5f33fe79c7f88876fc8d7ac80b0aab0bccfae40196f19af,f6fd6b89450ea6afb5f33fe79c7f88876fc8d7ac80b0aab0bccfae40196f19af,f23369cf46858a947d6577fa239e8a7e49189a0dbc437a80c3ffe0672519c6ad,31420c543773b488c811021d25685a4b893b7387fc123646c74010e5e1ba72ff,True
123,dp_fisher_wiener_adaptive_beta_adam,dp_fisher_wiener_adaptive_beta,0.001,91dd788dafed093ef93b8c11550057107c7dfcef533df02a5c2e7b37b8983963,100,2,fc2,0.1625152878524213,1,0.1625152878524213,True,False,none,27.677274329836955,0.48737429480538264,2.9989442916162012,50,2,0,3360.8583984375,0.00011785705282818526,0.39610086581269854,0.064372446226144,0.05397973355537997,0.17248264212845385,0.0,0.997522234916687,1.0734248348853725e-06,2.8405077614479524e-06,0.0012234279420226812,0.009042642079293728,0.0649760983884343,0.10382083840746108,6.605033468076726e-06,0.007480913540348411,0.2994791150093107,0.696435041139244,f4c414e7234dd3d46b02dc1b369177c7ff7c1abe4c7dc8cb83d6c7bcb7bda9a6,f4c414e7234dd3d46b02dc1b369177c7ff7c1abe4c7dc8cb83d6c7bcb7bda9a6,a9faed91917b3c1b9d7c6941b016e83db5cb36bbdb4150a52f4eb96b66c30311,a9faed91917b3c1b9d7c6941b016e83db5cb36bbdb4150a52f4eb96b66c30311,adb2377bc8f61168727e8271e96d91dd3b46d5ac6dfc6f96e7be787a7c5d56b0,8bb0ffea77cd4b78c9331c360a7873572e7c977b25749fe27f35f449217bdb17,True
123,dp_fisher_wiener_adaptive_beta_adam,dp_fisher_wiener_adaptive_beta,0.001,91dd788dafed093ef93b8c11550057107c7dfcef533df02a5c2e7b37b8983963,150,3,conv1,0.1794802652186212,2,0.1794802652186212,True,False,none,0.3582263805052146,0.004510367122489037,0.025130156326630404,50,3,0,3.141425609588623,0.00016001571202650666,0.0005026774556966263,9.022068306785219e-05,0.029959597217384726,0.03607358315833905,0.004412494134157896,0.1075393483042717,0.00622879220172763,0.006441402016207576,0.010828458704054356,0.025290721096098423,0.09491437375545493,0.1276551376678981,0.033735107630491264,0.0574619397521019,0.3686545282602308,0.254958957721003,f2da8c69f78eeb8ccf6ac1417364fe670f143955e62e6609383352c7c9f011d9,f2da8c69f78eeb8ccf6ac1417364fe670f143955e62e6609383352c7c9f011d9,ce8763757eb61efbfc5889c87b71ff32284027be72186b88e129b96f8923b8eb,ce8763757eb61efbfc5889c87b71ff32284027be72186b88e129b96f8923b8eb,8e277132340eb63ac0378ae3a08f473e2698582b14368f42778432f7e64f9531,9ca3b437c36f9741e4e0e0a40ca3c73d586ec5beb8135fd38c9c40f0cef0e279,True
123,dp_fisher_wiener_adaptive_beta_adam,dp_fisher_wiener_adaptive_beta,0.001,91dd788dafed093ef93b8c11550057107c7dfcef533df02a5c2e7b37b8983963,150,3,conv2,0.12845385357196404,2,-0.04158174619972698,False,True,negative,0.12845385357196404,-0.013932281532913704,0.33505763480912165,50,1,2,22.937654495239258,0.0003200273495167494,0.007340676772242372,0.0009429382192207393,0.007564784127225721,0.04523407442475842,9.048872743733227e-05,0.5173801183700562,0.00012739788071485235,0.00020855076218140312,0.00045665430661756545,0.0012157890596427023,0.00584645546041429,0.02904196631195724,0.000990922760684043,0.003544025938026607,0.043777504935860634,0.4308145505234282,c10941c9a93d2145217178d3b70cc79198beb0f63759edc6893a110b605502a3,c10941c9a93d2145217178d3b70cc79198beb0f63759edc6893a110b605502a3,37d285f787764dd755dccb3fce3195a68b50406d81b9f9960f9eab06c363dfe8,37d285f787764dd755dccb3fce3195a68b50406d81b9f9960f9eab06c363dfe8,285fb105c8d02e896197390c017dd6a6c74207df81cef6fa9f33253cc9f89f8b,d6ab6b3b82b8f472f7ad87c1461937d4fba5b906bd96187413a56c8d57dbd15f,True
123,dp_fisher_wiener_adaptive_beta_adam,dp_fisher_wiener_adaptive_beta,0.001,91dd788dafed093ef93b8c11550057107c7dfcef533df02a5c2e7b37b8983963,150,3,fc1,0.0008550783475856871,2,0.0008550783475856871,True,False,none,0.0056001143502719284,0.10724377579993272,125.41982392927551,50,3,0,2945.06591796875,0.0012852540239691734,3.7851578219238036,0.0032366064957216447,0.0005467942840238436,0.013489165830300421,0.0,0.5562980771064758,1.1588807247164823e-08,3.571980755623372e-07,1.2287050594750326e-06,3.869810257128847e-06,1.5498630091315135e-05,0.024470480773707667,1.3552734344557393e-05,0.0014348902041092515,0.017802981659770012,0.11209524212035411,6b8f8f38c6ba2ea9923198eda3f2705693d3c8818c9f40d0008d5d9c612aa716,6b8f8f38c6ba2ea9923198eda3f2705693d3c8818c9f40d0008d5d9c612aa716,c262ff8a787c51c8ee0ae83a59b4b59439f76e03dc5f142e08ff98bc45c2e6b8,c262ff8a787c51c8ee0ae83a59b4b59439f76e03dc5f142e08ff98bc45c2e6b8,0a3eaf5b26b23cc4ef2d6fa640ca86273fee6b753f1b06bd4839d09cbdb8a87a,eed7c95208e49d7bf72bd74d83890748f2f1ee960bda5120ef5e414ed64fc59b,True
123,dp_fisher_wiener_adaptive_beta_adam,dp_fisher_wiener_adaptive_beta,0.001,91dd788dafed093ef93b8c11550057107c7dfcef533df02a5c2e7b37b8983963,150,3,fc2,0.01919805333081504,2,0.01919805333081504,True,False,none,0.1625152878524213,0.38021827731270996,19.805043290634927,50,3,0,7094.73974609375,0.00011935104703297839,0.8467646171227763,0.01625623227817024,0.026908877301315456,0.11348946399863767,0.0,0.9905726909637451,1.275451097626501e-07,8.24346045646962e-07,0.00021808846213389188,0.0021000111592002213,0.015787300653755738,0.1292955585565958,6.64360427435895e-06,0.01123474957421422,0.45518700778484456,0.4058550604137632,9e9467648a7d068ea80f07e86523d9a3c34016d1a176a4dbc941e91da5fd1b6f,9e9467648a7d068ea80f07e86523d9a3c34016d1a176a4dbc941e91da5fd1b6f,eca6f2eed1a5b2fd6dc8cda6a4a40d292502a01ba2ade404a0ef882c60a6c0e1,eca6f2eed1a5b2fd6dc8cda6a4a40d292502a01ba2ade404a0ef882c60a6c0e1,83d002d588131e77baa9d5a8d293b2b29efae299bee6b76966dcaac9579d426e,339a8ff30a6540101f48cb374ff5ad87e04d0dad1233831bf75e9e2251e41e10,True
123,dp_fisher_wiener_adaptive_beta_adam,dp_fisher_wiener_adaptive_beta,0.001,91dd788dafed093ef93b8c11550057107c7dfcef533df02a5c2e7b37b8983963,200,4,conv1,0.1794802652186212,3,-0.019539551175459018,False,True,negative,0.1794802652186212,-0.0004911045935166881,0.025133872784831313,50,3,1,3.141357660293579,0.0001600206014700234,0.000502681942232644,9.022148831252657e-05,0.029961914609884843,0.03604911692825062,0.004407497122883797,0.10744696110486984,0.006213258812204004,0.006431069574318826,0.010835383553057909,0.025346833746880293,0.09491910487413399,0.12768615705426783,0.03365339115262032,0.05749732628464699,0.3686700105667112,0.254888286638322,60c5d2f483e18e99988a1e7a2f6da9ea1e4dd2a54c64643abf97a6af1d6d08b0,60c5d2f483e18e99988a1e7a2f6da9ea1e4dd2a54c64643abf97a6af1d6d08b0,17e202dc7c0e600d29a2d9429b8fa178783335be897a95edf335752831cd9e8b,17e202dc7c0e600d29a2d9429b8fa178783335be897a95edf335752831cd9e8b,f3c4365d71d48748a7a5113425ed6ebff8db36a4781831beeda4eebf18eece90,96bc0be482ed69fe34d222f5c54ad596d9eaa105044691a7dea8aa959f810c12,True
123,dp_fisher_wiener_adaptive_beta_adam,dp_fisher_wiener_adaptive_beta,0.001,91dd788dafed093ef93b8c11550057107c7dfcef533df02a5c2e7b37b8983963,200,4,conv2,0.027821057844403738,3,0.027821057844403738,True,False,none,0.12845385357196404,0.010211269654881297,0.3670338386121186,50,2,2,23.67028045654297,0.0003200299106538296,0.007575197739658535,0.00021075001449783652,0.002272448803642905,0.01639666304286648,2.0316074369475245e-05,0.19393602013587952,2.811688191286521e-05,4.548705510387663e-05,0.00010028367978520691,0.0002652377443155274,0.0012981540756300091,0.0294810183050968,0.0010096411686390638,0.003592008608393371,0.04463603533804417,0.15394306346836945,0bb61bc1d6a5a62f08bec534db22c09e20f8f214f96cd9f2c9945c61daf7601a,0bb61bc1d6a5a62f08bec534db22c09e20f8f214f96cd9f2c9945c61daf7601a,7e836aab11a0dc98b375a97b5de1ad89f3be41b2030575eafdbf1734a0c46b2a,7e836aab11a0dc98b375a97b5de1ad89f3be41b2030575eafdbf1734a0c46b2a,262a95433f13dccce6bd6508e01760a725b1bdd678182b69c18d61f989e63301,ba8356b411a65d5a89f3f61227094395862cb8edbe82353321cd3e174e08a30e,True
123,dp_fisher_wiener_adaptive_beta_adam,dp_fisher_wiener_adaptive_beta,0.001,91dd788dafed093ef93b8c11550057107c7dfcef533df02a5c2e7b37b8983963,200,4,fc1,0.0007328991999164718,3,0.0007328991999164718,True,False,none,0.0008550783475856871,0.13870695696227653,189.25789109619018,50,4,0,3780.800537109375,0.0012856563553214073,4.860810238737258,0.003562483934916331,0.0005817237264750273,0.014132580227639455,0.0,0.5848127603530884,3.347150112631425e-08,3.006024940077623e-07,1.0848085594261647e-06,3.559719004897488e-06,1.4787005966354627e-05,0.025982402516307394,4.5667908125324175e-05,0.0014779745251871645,0.019777309149503708,0.11281138896433902,e9bae80ed44c8c69ef4b205906a7df3ddb322ca874e1caa48845f44cf0eec89b,e9bae80ed44c8c69ef4b205906a7df3ddb322ca874e1caa48845f44cf0eec89b,4f367d639f83b790b1de85ee66ab33f26149210191d9159017063ef6b7bce00d,4f367d639f83b790b1de85ee66ab33f26149210191d9159017063ef6b7bce00d,9da7c614d170d36c7efb691700c374d092b5958995ff9c1cb760ae3722cda3c8,a274a647b7de4c7b8f3155002ec5a65f3312108aec3a0b229a38b7cfa3a90e86,True
123,dp_fisher_wiener_adaptive_beta_adam,dp_fisher_wiener_adaptive_beta,0.001,91dd788dafed093ef93b8c11550057107c7dfcef533df02a5c2e7b37b8983963,200,4,fc2,0.006998391350393979,3,0.006998391350393979,True,False,none,0.01919805333081504,0.2962995086145851,42.33823085613878,50,4,0,11293.85546875,0.00012041736044920981,1.3599762648417482,0.009517646128609602,0.01894540719391796,0.0970823318240623,0.0,0.9848129749298096,4.660389016919453e-08,4.042204082566059e-07,9.88635110843461e-05,0.0010306474869139493,0.007680822070688031,0.14144389677936198,6.659184464297141e-06,0.013931181281805038,0.5251626491546638,0.328633369938165,b407c7e23f295ae0b6cc9e1f5addc9fc9abe72ac092de00e5e1779ffb5c1c9fc,b407c7e23f295ae0b6cc9e1f5addc9fc9abe72ac092de00e5e1779ffb5c1c9fc,25d95c9a1de4eb955be42dbeb267328485907d9b7df14aafad0fa24de3417b7a,25d95c9a1de4eb955be42dbeb267328485907d9b7df14aafad0fa24de3417b7a,de3013ff15fcd794ec745c3e97d1d4f018791dbf2b9090ae87e7c81e654aeca6,541f478cc605029c14e3c7a34b922628c25c7925316e6e8279945b83583d2556,True
123,dp_fisher_wiener_adaptive_beta_adam,dp_fisher_wiener_adaptive_beta,0.001,91dd788dafed093ef93b8c11550057107c7dfcef533df02a5c2e7b37b8983963,250,5,conv1,0.1794802652186212,4,-0.0942049312313725,False,True,negative,0.1794802652186212,-0.0023677558899639494,0.025134097111632198,50,3,2,3.1420891284942627,0.0001600245013833046,0.0005028112460891965,9.02446958029944e-05,0.029967972546000966,0.03607048425182562,0.004409669432789087,0.1075533777475357,0.006223680684342981,0.006439684540964663,0.010826140642166138,0.025351596530526876,0.09494146481156342,0.12769362098770218,0.033708220534026626,0.05744998715817928,0.36872911155223825,0.2549375851513385,c5bc0f8ba912b99ab3ce17b97dd745013633e32303da1e6ed1bfd1c1d901a65a,c5bc0f8ba912b99ab3ce17b97dd745013633e32303da1e6ed1bfd1c1d901a65a,0fee01b2d3e6c281bd371590c992f4e8853a8ebf0152b821c17c4300470f84c6,0fee01b2d3e6c281bd371590c992f4e8853a8ebf0152b821c17c4300470f84c6,4575d6b4bc070fe11d5ef7d08d7aa1b11fcfe5773e274dcc79807720e91f04f3,83809fccf70b03ee5cbfb84463c106148a0e2e53affd96344dcc8a7e545fb814,True
123,dp_fisher_wiener_adaptive_beta_adam,dp_fisher_wiener_adaptive_beta,0.001,91dd788dafed093ef93b8c11550057107c7dfcef533df02a5c2e7b37b8983963,250,5,conv2,0.027821057844403738,4,-0.026200127717760466,False,True,negative,0.027821057844403738,-0.0099235574133172,0.37875988698292673,50,2,3,23.986175537109375,0.0003200325882062316,0.0076763578383101105,0.00021356439545396763,0.002297472749729297,0.016608847998810652,2.0817020413232967e-05,0.19650407135486603,2.8256699442863466e-05,4.548146534943953e-05,0.00010086103429784998,0.00026397008332423866,0.0012916507781483232,0.029595479566241607,0.0010146568180061876,0.003612615983001888,0.04442208148539066,0.1552618770403861,f9959bfa21124b4d6d8cdd38040fb5d88bef9463fac399da5324fde070365c65,f9959bfa21124b4d6d8cdd38040fb5d88bef9463fac399da5324fde070365c65,d3511bfcbba16fa1f09129201b6a388ec8b3782df1322dea9cc33dd0eb2e649f,d3511bfcbba16fa1f09129201b6a388ec8b3782df1322dea9cc33dd0eb2e649f,668fde39d8591240536028c70bee4c83ffb92a053b6a7cc75be20e75906c07cd,b731673d32ee884b2adee47fe3431ee43433c4c482ae328be09796661fc0b521,True
123,dp_fisher_wiener_adaptive_beta_adam,dp_fisher_wiener_adaptive_beta,0.001,91dd788dafed093ef93b8c11550057107c7dfcef533df02a5c2e7b37b8983963,250,5,fc1,0.0002365345166982826,4,0.0002365345166982826,True,False,none,0.0007328991999164718,0.05748747002908905,243.0405119368629,50,5,0,4136.4453125,0.0012858828995376825,5.318984292216555,0.0012581233788851996,0.00027600864567556613,0.007664636968421217,0.0,0.3317628502845764,9.979417381345001e-09,9.995370930937497e-08,3.5642385398659826e-07,1.1554201364560868e-06,5.0719045248115435e-06,0.026544823300537885,4.218833091726992e-05,0.001504590967670083,0.02099253050982952,0.06031051391495088,cef65996a9669f64d8d8bc5b3d8e3948bd2af9855a99b38e0882607cbd647ffb,cef65996a9669f64d8d8bc5b3d8e3948bd2af9855a99b38e0882607cbd647ffb,3ac88f3ba60634a7387bf0f389903835e44cd49e7b0371d5d56275790242efb1,3ac88f3ba60634a7387bf0f389903835e44cd49e7b0371d5d56275790242efb1,378da0b8124d6094e2c3e3d7a334e61fd1d071a28396f5c7327ca347a355ab31,f6d923290b6035f317c7e1cf0e90c7283c2ee45d0cb8c3fc1707cbdd23b4613c,True
123,dp_fisher_wiener_adaptive_beta_adam,dp_fisher_wiener_adaptive_beta,0.001,91dd788dafed093ef93b8c11550057107c7dfcef533df02a5c2e7b37b8983963,250,5,fc2,0.004570424790911524,4,0.004570424790911524,True,False,none,0.006998391350393979,0.3107834617941991,67.99881324208741,50,5,0,15749.396484375,0.0001206149609060958,1.8996128412574933,0.008682037622817124,0.016553348053365096,0.09326468085648625,0.0,0.9829320311546326,3.0294407693531864e-08,2.636280498791166e-06,5.549277921090834e-05,0.0006806868914281949,0.005006128968670988,0.14431945944365626,6.628313258261187e-06,0.011996713001281023,0.5239863336086285,0.31034850727222335,8378fe9b6b5af409fc2178e697db5ac0ce5245964a6a4f06287f47311ddeedb0,8378fe9b6b5af409fc2178e697db5ac0ce5245964a6a4f06287f47311ddeedb0,85951195f08facee3de9834382810c07f865fdf22d890d77a5d83ace0822013b,85951195f08facee3de9834382810c07f865fdf22d890d77a5d83ace0822013b,aaeedffb9ada2e401312b8d1051daff30c3d52d9042904c9b557ba6bdaf8cc90,905adecd6ee48cf4192e139f955eaf26820eb2efdbe968291b35b3fd7ab4bc66,True
123,dp_fisher_wiener_adaptive_beta_adam,dp_fisher_wiener_adaptive_beta,0.001,91dd788dafed093ef93b8c11550057107c7dfcef533df02a5c2e7b37b8983963,300,6,conv1,0.05597475651423971,5,0.05597475651423971,True,False,none,0.1794802652186212,0.0014072368536232117,0.025140562304459824,50,4,2,3.140580177307129,0.00016002576739992946,0.0005025737529545798,2.8131443452080265e-05,0.009846250173723092,0.012185565530938493,0.001376403495669365,0.03628358617424965,0.0019416745402850214,0.002009855699725449,0.0033924992894753814,0.008009749464690685,0.03169118780642745,0.12757160569308326,0.03357873968780041,0.057299552485346794,0.3687812715768812,0.08516424083272761,ed3ae4b3ba9fd6c3853ee8d980c5d4a65ecf403bd2d1f90ac203c0c8ed3b13c6,ed3ae4b3ba9fd6c3853ee8d980c5d4a65ecf403bd2d1f90ac203c0c8ed3b13c6,9fe13c46892bfe17c44ff508029b354a9e2bfa604d451cdafe08e1daacf3ad01,9fe13c46892bfe17c44ff508029b354a9e2bfa604d451cdafe08e1daacf3ad01,b6847d77dc28c5984e85f4991dffdf82e1aaeae62f5bb1333ac8c3ca6a20000a,8e22721d606c599077a5fe3a4225372b6207597fdc5ecda3a43c2f594c767cf3,True
123,dp_fisher_wiener_adaptive_beta_adam,dp_fisher_wiener_adaptive_beta,0.001,91dd788dafed093ef93b8c11550057107c7dfcef533df02a5c2e7b37b8983963,300,6,conv2,0.027821057844403738,5,-0.02077271257294546,False,True,negative,0.027821057844403738,-0.007972938749114644,0.3838178919155055,50,2,4,24.545066833496094,0.0003200326464138925,0.007855222695129616,0.00021854060498187406,0.002342856104604019,0.016952580288321507,2.0890700398012996e-05,0.20055831968784332,2.811393642332405e-05,4.478980099520413e-05,0.00010137134813703597,0.0002669872992555611,0.0012961669126525521,0.029860221944357456,0.0010095355100929737,0.0036308295093476772,0.044570665806531906,0.15713722043028788,7a72c90f70998b663a45c93108f87a168b283aa3c2ad8196f4ad787c6f31aa76,7a72c90f70998b663a45c93108f87a168b283aa3c2ad8196f4ad787c6f31aa76,88126aecebf9af800985c4f56e5d5ce94f4eb84fb47a519a89a5d9acad4e1440,88126aecebf9af800985c4f56e5d5ce94f4eb84fb47a519a89a5d9acad4e1440,04cd4a6521d5f3c901f9e40bc0567037ea746cfd02ef8a4d3b0d61e93eb637f0,681be4d2400fb691b9f5f5dbf19f4d623543d23fa5a099ae87ef731e3c16a43d,True
123,dp_fisher_wiener_adaptive_beta_adam,dp_fisher_wiener_adaptive_beta,0.001,91dd788dafed093ef93b8c11550057107c7dfcef533df02a5c2e7b37b8983963,300,6,fc1,0.0003513295839071446,5,0.0003513295839071446,True,False,none,0.0002365345166982826,0.09343582690965402,265.94921461082777,50,6,0,4536.833984375,0.001285893376916647,5.833884772678175,0.00204961630974725,0.0004006479060230822,0.010491909206531204,0.0,0.44599083065986633,4.850623369634377e-08,1.6146587356047348e-07,5.494195818300796e-07,1.737510956445476e-06,7.756684681226034e-06,0.027190113992878354,0.0001380456960760057,0.0015613885479979217,0.02160133607685566,0.08123534575020673,a12cbc1e77af9083a302a2dd9087eef0c3344438edc0a7a00ca71bacba87f762,a12cbc1e77af9083a302a2dd9087eef0c3344438edc0a7a00ca71bacba87f762,61fac920c0a3e33b9bd000ed5b0e96f241f1e256920a696ef8a261ac9d842ded,61fac920c0a3e33b9bd000ed5b0e96f241f1e256920a696ef8a261ac9d842ded,e108b96624312cb0ce755c9d0ec93d21b7986dbe0dc416ce7094fe2c5e88d0b7,142c8ff4dd9b89116be5753e728dae5b4823b7e0d52bd7404b02b3614995f360,True
123,dp_fisher_wiener_adaptive_beta_adam,dp_fisher_wiener_adaptive_beta,0.001,91dd788dafed093ef93b8c11550057107c7dfcef533df02a5c2e7b37b8983963,300,6,fc2,0.0038446523462227437,5,0.0038446523462227437,True,False,none,0.004570424790911524,0.3651675483527737,94.98064206287467,50,6,0,17632.751953125,0.0001205875159939751,2.1262897581652567,0.008174844907479445,0.015987853782050167,0.09227874007357759,0.0,0.9818661212921143,2.54638882424274e-08,1.5628786513843806e-06,4.765362791658845e-05,0.0006395810196409002,0.004821538878604772,0.1484986267110855,6.623152830798062e-06,0.012243510223925114,0.557554477453232,0.30226130846457366,6a89f59b1adec745ce5966d90b502e7e7e146fd7236bff8532e0de8b1c449462,6a89f59b1adec745ce5966d90b502e7e7e146fd7236bff8532e0de8b1c449462,d2c7093da0e3e4d000d7cc5dbf93f83a035078c7489e71feaed2918acebd0e3d,d2c7093da0e3e4d000d7cc5dbf93f83a035078c7489e71feaed2918acebd0e3d,aeaba0c203812e444f998337ff7ec82742f1c401d33d01c354219252d3d55a75,12a7258d22037af6b96be07590a9c5da3ee4ece6ea92d088010e77174c827173,True
123,dp_fisher_wiener_adaptive_beta_adam,dp_fisher_wiener_adaptive_beta,0.001,91dd788dafed093ef93b8c11550057107c7dfcef533df02a5c2e7b37b8983963,350,7,conv1,0.03096188509332535,6,0.03096188509332535,True,False,none,0.05597475651423971,0.0007780315394950491,0.025128687647728992,50,5,2,3.140854835510254,0.0001600312680238858,0.0005026349820056591,1.5562526556744873e-05,0.005508810090032058,0.0068371516740318794,0.0007645407458767295,0.0203406922519207,0.0010783395671751352,0.0011156624532304704,0.0018867134931497276,0.0044691108632832766,0.01777926739305256,0.12768995919032022,0.03368088472634554,0.05751037783920765,0.36875261068344095,0.04774979490504362,02dafc9ea55ad72ba9715a4835be8f239d980a5a93e91f3a77b74b236b6ab909,02dafc9ea55ad72ba9715a4835be8f239d980a5a93e91f3a77b74b236b6ab909,cf4dc9bff50616d9897dfccc61162a73f7d4f0d45b4c5701c6dc0bf2146d673b,cf4dc9bff50616d9897dfccc61162a73f7d4f0d45b4c5701c6dc0bf2146d673b,e1ad451831a350b42d7bee5ffaea822f9b18d5818a6348873c5ad351aaf55896,b0fa63d930a994580f2dbee2704cafeb613c502894639ab9aeb8de5715d32572,True
123,dp_fisher_wiener_adaptive_beta_adam,dp_fisher_wiener_adaptive_beta,0.001,91dd788dafed093ef93b8c11550057107c7dfcef533df02a5c2e7b37b8983963,350,7,conv2,0.027821057844403738,6,-0.0016412597715723116,False,True,negative,0.027821057844403738,-0.0006446230503129036,0.3927611347564808,50,2,5,24.781341552734375,0.00032003773958422244,0.007930964534401674,0.00022064782307350354,0.002361516921253669,0.01710601870528758,2.12646718864562e-05,0.20243580639362335,2.8198976906423923e-05,4.4918527237314265e-05,0.00010148604997084476,0.0002677096927072853,0.0012957194587215782,0.029974597223842686,0.0010125860688276588,0.003634923486970365,0.04455594569444656,0.15812505816826206,7a6ab55a309dfbd7327060976d2b5de1412f9307b0d6c25f12ccbb290dcfda69,7a6ab55a309dfbd7327060976d2b5de1412f9307b0d6c25f12ccbb290dcfda69,f980dad9e9d9508f957ed4791594d1b37c8e3a9cbf6d9641da2999332088ad1d,f980dad9e9d9508f957ed4791594d1b37c8e3a9cbf6d9641da2999332088ad1d,e2b82349638abd2309f06c796d8e07aca2f318c6669b2d805c469fca93ba109d,b9d22f0538665b42475038336ee71adb4ef7da161dbc071238631b8d67957568,True
123,dp_fisher_wiener_adaptive_beta_adam,dp_fisher_wiener_adaptive_beta,0.001,91dd788dafed093ef93b8c11550057107c7dfcef533df02a5c2e7b37b8983963,350,7,fc1,0.0003618309984342173,6,0.0003618309984342173,True,False,none,0.0003513295839071446,0.10554401760241605,291.69423863390875,50,7,0,4853.1533203125,0.0012864386662840843,6.243284084654988,0.0022590137138591725,0.0004297724126486929,0.011105982583277824,0.0,0.4771519601345062,6.208997405110495e-08,1.7932876161808053e-07,5.864879994987859e-07,1.866817427753631e-06,7.988662764546461e-06,0.027650338574673198,0.00017156996327685192,0.0016182672698050737,0.021601677872240543,0.08505641089549086,fcaa837928c8d10cdae3b6353cca45671ce39dee124024d06cbf678ae1c2d50c,fcaa837928c8d10cdae3b6353cca45671ce39dee124024d06cbf678ae1c2d50c,b44a55030708c19d12a7497e9f78606f9d37e050781f91ff489503818db39169,b44a55030708c19d12a7497e9f78606f9d37e050781f91ff489503818db39169,a7bd25742d6bf9f9b36c7072ac05ead610adbcf3dedf94f7a2200e8c2c05c7cc,3ad923237d6a073a41e4de50a5f3d52876662479b170221c76a6946b518e55c7,True
123,dp_fisher_wiener_adaptive_beta_adam,dp_fisher_wiener_adaptive_beta,0.001,91dd788dafed093ef93b8c11550057107c7dfcef533df02a5c2e7b37b8983963,350,7,fc2,0.0030489065793819835,6,0.0030489065793819835,True,False,none,0.0038446523462227437,0.32414294166712887,106.31448790826283,50,7,0,21413.4609375,0.00012127288209740072,2.5968721235707335,0.007917620503368472,0.01540074233636197,0.09155979332545393,0.0,0.9818692803382874,2.0129164468585258e-08,1.7278371799989145e-07,4.726590123027563e-05,0.0005738803592976183,0.0038040974410250812,0.15322360098736554,6.60204968880862e-06,0.015266616363078356,0.5560398042201998,0.2954060272196416,4cf9348ae131806d2404522de82e022bab6462bc1722de9d1fe98b9b7fb28347,4cf9348ae131806d2404522de82e022bab6462bc1722de9d1fe98b9b7fb28347,aa20b06e0eae3c300200abf669f60f81c122a1fe04fe93117a0754311ecb2553,aa20b06e0eae3c300200abf669f60f81c122a1fe04fe93117a0754311ecb2553,cdc288233c3d1feb33a64abc92996e0f5fa7fc4e67732e7a6a9b99cba44171b7,0978a91d6f51e77ca9fe9f3f2d394ddef198ac28fc7b0063b2dba28370a16ea3,True
123,dp_fisher_wiener_adaptive_beta_adam,dp_fisher_wiener_adaptive_beta,0.001,91dd788dafed093ef93b8c11550057107c7dfcef533df02a5c2e7b37b8983963,400,8,conv1,0.061190463005754404,7,0.061190463005754404,True,False,none,0.03096188509332535,0.0015378233635907658,0.025131749100282957,50,6,2,3.141292095184326,0.00016003177734091878,0.0005027065571393263,3.076084698738411e-05,0.010742261545237853,0.013253318995281246,0.001507187495008111,0.03945499286055565,0.002128337242174894,0.0022027259110473096,0.0037194222677499056,0.008785068057477474,0.03454103358089921,0.1276799059472978,0.03367253448814154,0.057475052773952484,0.36878106296062446,0.09275931254254413,c0ca2e26e8e203a338294530053369a9b2ddec894f746326ffb90558b0e8eeb4,c0ca2e26e8e203a338294530053369a9b2ddec894f746326ffb90558b0e8eeb4,c31d006c3c25941f9715d742d6a2a8f79d55a1cafeab494bde18f23230017ab3,c31d006c3c25941f9715d742d6a2a8f79d55a1cafeab494bde18f23230017ab3,b664991b3d4aef29bc105297d3151e52d077a5ce7aade17c2f7ebf3fe1d5129d,a12c3fc64f4b5aaab6a1e9ca3168229f3cfe5d844ae3c37a19a1f155898449ca,True
123,dp_fisher_wiener_adaptive_beta_adam,dp_fisher_wiener_adaptive_beta,0.001,91dd788dafed093ef93b8c11550057107c7dfcef533df02a5c2e7b37b8983963,400,8,conv2,0.027821057844403738,7,-0.019461276628437787,False,True,negative,0.027821057844403738,-0.007717334736716014,0.3965482267200837,50,2,6,24.941368103027344,0.0003200381761416793,0.007982189958171126,0.00022207296855129757,0.0023738498155180736,0.01721467309501501,2.1350342649384402e-05,0.20374411344528198,2.8215713609824888e-05,4.485228237172123e-05,0.00010185797873418778,0.00026891360175795853,0.001309545710682869,0.030035163008066995,0.001013186515774578,0.0036481977440416813,0.045010585337877274,0.15889414322643564,fc06838049592ce163c54de5cd3053cbc3e8a26e443fe1aa54ff5fc0ef194138,fc06838049592ce163c54de5cd3053cbc3e8a26e443fe1aa54ff5fc0ef194138,3b05ed8b478362c6a51d2f1b09c26312edc50676577969f299a8813d3c6ea9ea,3b05ed8b478362c6a51d2f1b09c26312edc50676577969f299a8813d3c6ea9ea,5545ce0c1599209479e657f84818b76aae0156eafa306266f6c5762a57df5001,47d36a2f48ae2b93070884881c2fe864e77af6c4a849dbc498da77c459ea754d,True
123,dp_fisher_wiener_adaptive_beta_adam,dp_fisher_wiener_adaptive_beta,0.001,91dd788dafed093ef93b8c11550057107c7dfcef533df02a5c2e7b37b8983963,400,8,fc1,0.0003618309984342173,7,-0.00010887048344552304,False,True,negative,0.0003618309984342173,-0.03398546782920642,312.1642042327494,50,7,1,4979.3134765625,0.0012864595046266913,6.405685148439602,0.0023177754529151388,0.00043799764566893024,0.011264870055713421,0.0,0.4850878417491913,6.105973184844516e-08,1.833467813128209e-07,5.962019145044906e-07,1.8780525010697602e-06,8.291287485917564e-06,0.027962615813240874,0.00016872361593414097,0.0016450263792648911,0.022401660680770874,0.08584672364982442,a25c0dfa0bf44091c684029c4db82bae5b971c7b26a252c1f9c04fcda509daa7,a25c0dfa0bf44091c684029c4db82bae5b971c7b26a252c1f9c04fcda509daa7,79c37d056318fc35ca7d61cc13649f715480a802a1ae548d1abcea04ac35a639,79c37d056318fc35ca7d61cc13649f715480a802a1ae548d1abcea04ac35a639,f0f8d6dcc35a916d6c5cbe0a451ada47744ac226f9ed5c0b0ef042c4342a12a8,67e1fa4daae04c54cd2571757af37505e0cf8f443b76e182bea75296a54e3810,True
123,dp_fisher_wiener_adaptive_beta_adam,dp_fisher_wiener_adaptive_beta,0.001,91dd788dafed093ef93b8c11550057107c7dfcef533df02a5c2e7b37b8983963,400,8,fc2,0.00315954767646746,7,0.00315954767646746,True,False,none,0.0030489065793819835,0.4102470642055515,129.84360617853667,50,8,0,25976.51953125,0.00012150760449003428,3.1563446612307757,0.00997262144052217,0.015880717880504436,0.09240373794528854,0.0,0.9856342673301697,2.085358605796728e-08,3.786340627698337e-07,4.832139711652417e-05,0.0004919056809740141,0.004239203035831452,0.14936856941074883,6.6001375671476126e-06,0.015064108185470104,0.5740010797977447,0.2985964161970809,647aa31b2e040e4a12f6564f05088babb4fdfc812c5747a90c1d27f7e998cfa1,647aa31b2e040e4a12f6564f05088babb4fdfc812c5747a90c1d27f7e998cfa1,751f3f3b7918e01a0d1ea2efaeb744e2f60fe07e106e76052a35186d607108a7,751f3f3b7918e01a0d1ea2efaeb744e2f60fe07e106e76052a35186d607108a7,2d8af40c4a0bec6632223fb13df05f628daf0f86aad239ba5e9a8b27c3bad087,940cdf04502d4787264c9797fc2dd7790541fbde8b566e50ee2e0a710c70b0ca,True
123,dp_fisher_wiener_adaptive_beta_adam,dp_fisher_wiener_adaptive_beta,0.001,91dd788dafed093ef93b8c11550057107c7dfcef533df02a5c2e7b37b8983963,450,9,conv1,0.12656151825290393,8,0.12656151825290393,True,False,none,0.061190463005754404,0.003181165255362167,0.025135327856966316,50,7,2,3.140979528427124,0.00016003382916096598,0.0005026629812503979,6.361779007658133e-05,0.021595129236811773,0.026305722611064643,0.003112589009106159,0.07840608805418015,0.004378625075332821,0.0045405663549900055,0.007644214201718569,0.017966001760214567,0.0689091302454471,0.12762465238338336,0.03357313442975283,0.05734722502529621,0.36883228123188,0.18502302141216578,a2716b1f60f3c184eb2bc19637ed5b4db9169dd66c54b69ffa8995f9119b991f,a2716b1f60f3c184eb2bc19637ed5b4db9169dd66c54b69ffa8995f9119b991f,e40df1d9c0826b3a8acb4196ac0516f54fe79dc59625d27bb6dd865e19a78694,e40df1d9c0826b3a8acb4196ac0516f54fe79dc59625d27bb6dd865e19a78694,b9ba5b2391aef8c16cfc74b94c57a68fb06514d71725d211e18a4c9bb58f8e86,fe8aef96e934bc847ba1ba61d8be25d97332d862aeb329a9ab4d9987540481f7,True
123,dp_fisher_wiener_adaptive_beta_adam,dp_fisher_wiener_adaptive_beta,0.001,91dd788dafed093ef93b8c11550057107c7dfcef533df02a5c2e7b37b8983963,450,9,conv2,0.027821057844403738,8,-0.021386975994055694,False,True,negative,0.027821057844403738,-0.008535745250769916,0.3991094979085563,50,2,7,25.071918487548828,0.00032003887463361025,0.008023988577660734,0.00022323585036193417,0.0023848597850446665,0.017283860775740467,2.1432160792755894e-05,0.20455828309059143,2.8495068909251132e-05,4.5140359361539595e-05,0.00010195733193540946,0.00026880212681135163,0.0012976167374290526,0.0301303409250977,0.0010232079424895347,0.003651743521913886,0.044618360698223114,0.1591723164189065,8d64a5d31ef38206051555596964daec3933ca35ca8d5117ed01ec54060e789d,8d64a5d31ef38206051555596964daec3933ca35ca8d5117ed01ec54060e789d,2bccdb3c580ba1441bbe53edf8c2e1185b53b2f1506ed895e330277ce1274ecf,2bccdb3c580ba1441bbe53edf8c2e1185b53b2f1506ed895e330277ce1274ecf,89f592d0baafa7d0482a19439440e07468e17842dee5fb1633868ed50c827f22,40cf4d4f1c09008f9603524449b76bc3b95b072f84086b1d1709d97392a00011,True
123,dp_fisher_wiener_adaptive_beta_adam,dp_fisher_wiener_adaptive_beta,0.001,91dd788dafed093ef93b8c11550057107c7dfcef533df02a5c2e7b37b8983963,450,9,fc1,0.0003188111984272953,8,0.0003188111984272953,True,False,none,0.0003618309984342173,0.10211020794609782,320.2842574219801,50,8,1,5155.6787109375,0.0012867627665400505,6.634135401477579,0.0021150366578740125,0.0004106488467450147,0.010674000185404904,0.0,0.4654183089733124,4.501459116568185e-08,1.507404618905639e-07,5.061817773821531e-07,1.662603409613439e-06,7.292507689271588e-06,0.02810249202089179,0.00014117521641310304,0.0015852003125473857,0.02236270159482956,0.08092314174519837,f5d84be80c8ee336be6bdb32f5f3e4cb1dff4b8fcf762ee731ed7f5b9934bdbe,f5d84be80c8ee336be6bdb32f5f3e4cb1dff4b8fcf762ee731ed7f5b9934bdbe,0060e09ba24621563c0a28d65a81a04fa4e61de5f2de35c31704239b276f7cf8,0060e09ba24621563c0a28d65a81a04fa4e61de5f2de35c31704239b276f7cf8,b174de51590f055a7421124eb767a5c67a72a7cbeacc4ca66d5a0c8967d2eb66,bd1c93af0f0a823ac1bbafb9b7a5a88507b395654a6f48669f2dbbb979615af5,True
123,dp_fisher_wiener_adaptive_beta_adam,dp_fisher_wiener_adaptive_beta,0.001,91dd788dafed093ef93b8c11550057107c7dfcef533df02a5c2e7b37b8983963,450,9,fc2,0.002695917161838599,8,0.002695917161838599,True,False,none,0.00315954767646746,0.42546218704448435,157.8172330615388,50,9,0,30105.046875,0.0001218135585077107,3.6672028888851855,0.00988647520408966,0.01529561276540123,0.09163949713189704,0.0,0.9863788485527039,1.7717824363217006e-08,1.5174652219229756e-06,2.6032254936581012e-05,0.0003991835910710506,0.0034826607443392307,0.14973373899558048,6.572051825060044e-06,0.009564071893692017,0.5645243942737581,0.2934621647984514,4761369d71f8c8477219da2762623d4b024615e6d8fd68afa09ce14b032aeeff,4761369d71f8c8477219da2762623d4b024615e6d8fd68afa09ce14b032aeeff,34c635fd1ac3f780bdb914532d48d578c8adb5ec469d521f9e0d3e8b82ff3746,34c635fd1ac3f780bdb914532d48d578c8adb5ec469d521f9e0d3e8b82ff3746,0d658855cd829f0b38b44938e14ec13eccf3f9021cd48f90a7a72c8b0325eac3,3e8e7dc410adde724a84511c0b9f3003ca426f8d8b27160a85d785cc0e749cfb,True
123,dp_fisher_wiener_adaptive_beta_adam,dp_fisher_wiener_adaptive_beta,0.001,91dd788dafed093ef93b8c11550057107c7dfcef533df02a5c2e7b37b8983963,500,10,conv1,0.07239328306231416,9,0.07239328306231416,True,False,none,0.12656151825290393,0.0018194711743303384,0.025133149062519893,50,8,2,3.1417150497436523,0.0001600380928721279,0.0005027940849086365,3.6398914510848145e-05,0.012648868618998678,0.015555177361510993,0.0017905894201248884,0.04632055014371872,0.0025246990378946068,0.0026183741283603013,0.004404627252370119,0.010372593998908997,0.04061369486153122,0.12773332353681327,0.03377228695899249,0.05756433308124542,0.36882071197032906,0.10901916353960658,c691857f473d60cb78a61c0a7e833b5cf1b8552cb313046800261cfbf014fe44,c691857f473d60cb78a61c0a7e833b5cf1b8552cb313046800261cfbf014fe44,bf4802605869b5b64b185f907949a0d64bf46e0c8f7b7533ca312c41d5eeba9f,bf4802605869b5b64b185f907949a0d64bf46e0c8f7b7533ca312c41d5eeba9f,d1734d36c9d10cd106ebfb56a419fdc0fe53de10c6518275c2aa9b40a014e993,13c14cc6210c6dc245bafd1ec147465c332d5ba52f77daf2fe7c458c4885452f,True
123,dp_fisher_wiener_adaptive_beta_adam,dp_fisher_wiener_adaptive_beta,0.001,91dd788dafed093ef93b8c11550057107c7dfcef533df02a5c2e7b37b8983963,500,10,conv2,0.027821057844403738,9,-0.05981624862101517,False,True,negative,0.027821057844403738,-0.02399824478467702,0.4011994288830367,50,2,8,25.556644439697266,0.0003200387000106275,0.008179115263114545,0.00022755163885115524,0.0024242835806529096,0.017565187039716112,2.2121132133179344e-05,0.20789019763469696,2.87765820758068e-05,4.462435208552051e-05,0.00010176183059229515,0.0002746167083387263,0.0013110903440974654,0.030429243663507053,0.0010333062382414937,0.0036447661696001887,0.04506135173141956,0.1606928174309452,2fba3fe1539aa0b1ee721ee8878517938d1cb651e947418e68e84f3cc0e71d50,2fba3fe1539aa0b1ee721ee8878517938d1cb651e947418e68e84f3cc0e71d50,2d5077ce0c85816476675a5f77207c7bd706344671c61dadbaa5ebd1f6db1277,2d5077ce0c85816476675a5f77207c7bd706344671c61dadbaa5ebd1f6db1277,402cd1f9df85961bc9a7d88f0ecba111bec97c3592d7f44daed553512bee3517,20396f439ac41f15c4b37e40a13bcdbf8cc422f5f7ab9307dcef39190fe6ba43,True
123,dp_fisher_wiener_adaptive_beta_adam,dp_fisher_wiener_adaptive_beta,0.001,91dd788dafed093ef93b8c11550057107c7dfcef533df02a5c2e7b37b8983963,500,10,fc1,0.000145000502243465,9,0.000145000502243465,True,False,none,0.0003188111984272953,0.04809764825827001,331.70677007387894,50,9,1,5630.3828125,0.0012869106139987707,7.2457994022825005,0.001050644552486361,0.0002400051044621351,0.006685672898844005,0.0,0.2975166440010071,7.034224935864747e-09,6.253586803950384e-08,2.2823333267751877e-07,7.502061549757855e-07,3.355641410962562e-06,0.028616000880450125,4.8509374755668635e-05,0.0015715440968051553,0.022618897072970868,0.04999997272639013,11c7b589e9154c0ecb3615dbd5d5a2769f4eb6f1511c27a9a4d8c2ed4a8ad4d8,11c7b589e9154c0ecb3615dbd5d5a2769f4eb6f1511c27a9a4d8c2ed4a8ad4d8,3104790f94c093b2fb345491dd12ce76a3bee1b4e14d9fd1735d96429fcaa4c1,3104790f94c093b2fb345491dd12ce76a3bee1b4e14d9fd1735d96429fcaa4c1,17e9533e27b8175b75d9e5cb2620525c7e5cd5251f2000f4493b09c800ecda4b,861564de1f05caebc8a9ac4fec9323dcabfc80821090a543f5d7c7e0dcc8f80c,True
123,dp_fisher_wiener_adaptive_beta_adam,dp_fisher_wiener_adaptive_beta,0.001,91dd788dafed093ef93b8c11550057107c7dfcef533df02a5c2e7b37b8983963,500,10,fc2,0.0028171180303227005,9,0.0028171180303227005,True,False,none,0.002695917161838599,0.5165471689564975,183.36014444425928,50,10,0,30913.263671875,0.00012207732652314007,3.7738085831674084,0.01063126420262747,0.01635128109157248,0.09338518964349762,0.0,0.9863578081130981,1.8525044076511675e-08,3.380246127449027e-08,3.433969868638087e-05,0.00044272068043937907,0.004169232863932851,0.15346699523088705,6.575841189260245e-06,0.012043265160173178,0.5977729558944703,0.29564991536543733,3e7bc872d63fac77eccb4b3d43df38aa72d4f311e7b641782455c44c22f27783,3e7bc872d63fac77eccb4b3d43df38aa72d4f311e7b641782455c44c22f27783,eb49e63c3c5982c0913389d991ae3ff1f80db5526347f17ae02485d0f20f3093,eb49e63c3c5982c0913389d991ae3ff1f80db5526347f17ae02485d0f20f3093,97a077b1941cb9a01e2501b194d5ba16b06b2bf992b2607bf7e30216d0b85a3e,68ff766e14534d9d4ba528ad7b56986e953d78bf2f0df128b037d6803d33dd9d,True
123,dp_fisher_wiener_adaptive_beta_adam,dp_fisher_wiener_adaptive_beta,0.001,91dd788dafed093ef93b8c11550057107c7dfcef533df02a5c2e7b37b8983963,550,11,conv1,0.07239328306231416,10,-0.00453454007483905,False,True,negative,0.07239328306231416,-0.00011399699637051203,0.025139704245431826,50,8,3,3.14060115814209,0.0001600417890585959,0.0005026274280685583,3.638684967505009e-05,0.012644234173785664,0.01556780751815779,0.0017853552708402276,0.04636780172586441,0.0025192696833983065,0.0026041828095912933,0.004393195733428001,0.010358538944274187,0.04062350802123543,0.12765121087431908,0.03370191920548678,0.05742380581796169,0.36887758672237375,0.10905245957622302,9c2da97f7f31e3562dd8d20290f0ac2a24ab424449d6ddca17b26599a4809e66,9c2da97f7f31e3562dd8d20290f0ac2a24ab424449d6ddca17b26599a4809e66,9dc845fe54321923bc48d9a0c1160019759dbb3331d3fca6b3a29d1844f53f17,9dc845fe54321923bc48d9a0c1160019759dbb3331d3fca6b3a29d1844f53f17,10df97865ec1490ef2c180b5de00977c65e448eafe28065d4c3ae910156b174f,4c8a8ab3162fdc39b3edd3192fe98c76976b20566d48a56e44ba5db1e2b21d47,True
123,dp_fisher_wiener_adaptive_beta_adam,dp_fisher_wiener_adaptive_beta,0.001,91dd788dafed093ef93b8c11550057107c7dfcef533df02a5c2e7b37b8983963,550,11,conv2,0.006373080835937145,10,0.006373080835937145,True,False,none,0.027821057844403738,0.0026063081369138152,0.40895576315572724,50,3,8,25.814298629760742,0.00032004088279791176,0.008261630922277552,5.2652041704352784e-05,0.0006269696788018368,0.004806619504471118,5.056196641817223e-06,0.057251978665590286,6.706239673803793e-06,1.0301909924237407e-05,2.3592507204739377e-05,6.300472159637138e-05,0.00029872161394450814,0.03059580391185089,0.0010511768981814385,0.0036883330903947353,0.04478653110563755,0.04376229996007978,48c6054fd246ceda81c9433bd3cfb3666a3a1aca2247526e56737bc8fc253d99,48c6054fd246ceda81c9433bd3cfb3666a3a1aca2247526e56737bc8fc253d99,7453ff029a2de5fc214f8f3f0d1483a7c3a0bdfa8b4cd79d38b0aabd554a971f,7453ff029a2de5fc214f8f3f0d1483a7c3a0bdfa8b4cd79d38b0aabd554a971f,c53572fa7ac1efe7b37f0b46d414899434881acb66a9e974a379cbe7abb18bf0,58bd6b8b200d1e10d07c3e7e0cfe43b068f6dcdc7ac3550937c412461e105405,True
123,dp_fisher_wiener_adaptive_beta_adam,dp_fisher_wiener_adaptive_beta,0.001,91dd788dafed093ef93b8c11550057107c7dfcef533df02a5c2e7b37b8983963,550,11,fc1,7.48531920814187e-05,10,7.48531920814187e-05,True,False,none,0.000145000502243465,0.02711856072212404,362.289970114125,50,10,1,6139.6826171875,0.0012870247010141611,7.901923184707584,0.0005914841739575326,0.00014751570540397988,0.004247876954929637,0.0,0.19660481810569763,6.276843933505916e-09,3.326485309429472e-08,1.1946357858505507e-07,3.8924642353777017e-07,1.7994268546317471e-06,0.029176515167103626,8.384836110053584e-05,0.001593428896740079,0.023475129157304764,0.031368924516181666,cdc479ba9ab0d37641ce1356554cd7bdf8f6ddc0129f1ecf27acb04f3540d392,cdc479ba9ab0d37641ce1356554cd7bdf8f6ddc0129f1ecf27acb04f3540d392,de33fb71eeb7901fea503bb3e5551cfb8ea0151136caea8c85e5ed3beb82c7d4,de33fb71eeb7901fea503bb3e5551cfb8ea0151136caea8c85e5ed3beb82c7d4,ed6e6d9f6e3d4328bc4abdcbd21b1e85dec1bfe0d902549afed72268b85d5266,7276e71819c3085c7e13033ab5c71a2fac7c99ebef59ffcb9d4643e80dac4ab9,True
123,dp_fisher_wiener_adaptive_beta_adam,dp_fisher_wiener_adaptive_beta,0.001,91dd788dafed093ef93b8c11550057107c7dfcef533df02a5c2e7b37b8983963,550,11,fc2,0.002019418345115938,10,0.002019418345115938,True,False,none,0.0028171180303227005,0.3810449141902125,188.69042915837042,50,11,0,35579.3515625,0.00012231225264258683,4.351790637171916,0.008788085846808744,0.014528319113679121,0.09052842238813641,0.0,0.9844642877578735,1.3311084501310689e-08,2.1431359442658504e-07,1.9633973352028988e-05,0.00027921316359424964,0.0027890186058357387,0.14806943721704724,6.5915003688132854e-06,0.009629156906157732,0.5807055473327639,0.28857489598627434,fcaf2373efde4b65a0e0deff89c0337943fc1f3e7cd774bc9fe9f1acc696d03e,fcaf2373efde4b65a0e0deff89c0337943fc1f3e7cd774bc9fe9f1acc696d03e,47f52781d3b37a935ad60d1d9d099e62af8da22319ea86238c919ffa2fd53ce3,47f52781d3b37a935ad60d1d9d099e62af8da22319ea86238c919ffa2fd53ce3,c00c3eee75eec2b4ed6e577cab35b531aebfd50d2318ffa4ea5dc99b3af5d1a3,756362f7012afc83b3183e9a5f58a6a43f17b1868b8bb3898da01e3d3ea1e5dc,True
123,dp_fisher_wiener_adaptive_beta_adam,dp_fisher_wiener_adaptive_beta,0.001,91dd788dafed093ef93b8c11550057107c7dfcef533df02a5c2e7b37b8983963,600,12,conv1,0.07255929122313562,11,0.07255929122313562,True,False,none,0.07239328306231416,0.0018235144964981087,0.025131371403427916,50,9,3,3.1412057876586914,0.0001600406685611233,0.0005027206743449669,3.647705581368758e-05,0.012673870744765737,0.015626062508254865,0.00178115488961339,0.046563636511564255,0.0025132893351837997,0.002603094733785838,0.004395049065351486,0.010377933271229267,0.040720778703689536,0.12760709886206315,0.033550111763179305,0.05732301063835621,0.3689195007085798,0.10935428943353034,9c6c0b45fd81599f2a15685260a6c27b61402c4b632b02d604ecfbe78c5e5e5c,9c6c0b45fd81599f2a15685260a6c27b61402c4b632b02d604ecfbe78c5e5e5c,ce56de24c2c5bcb09cb17ad945b15ce9d5e3e0d3e106c926318a2bcde1b10cd6,ce56de24c2c5bcb09cb17ad945b15ce9d5e3e0d3e106c926318a2bcde1b10cd6,1cc94e769b003c905ea26c0834eb62fd32f7b72a7b683eccbfcce1379baca29d,36c2850e8a0e577d0775755bdd97a6d9921b72dae5720e8341a9c5e4cbea4706,True
123,dp_fisher_wiener_adaptive_beta_adam,dp_fisher_wiener_adaptive_beta,0.001,91dd788dafed093ef93b8c11550057107c7dfcef533df02a5c2e7b37b8983963,600,12,conv2,0.020465730319199606,11,0.020465730319199606,True,False,none,0.006373080835937145,0.008454015522604635,0.4130815461138776,50,4,8,25.95296287536621,0.0003200395149178803,0.008305973649313958,0.00016998781674523766,0.0018729001015705354,0.013838500440845189,1.6321264411089942e-05,0.16414497792720795,2.1530738194996957e-05,3.318737981317099e-05,7.532265590270981e-05,0.00020189108909107745,0.0009580975456628948,0.030610942847425607,0.0010509555111639201,0.0036672077840194106,0.044762090966105464,0.12590908696301295,618386212a09531a75be87d526ab7425447d3824ae6393f25c4de64ca2ddcf5d,618386212a09531a75be87d526ab7425447d3824ae6393f25c4de64ca2ddcf5d,fb29afa492504f5b8eec2215e107c9653f13735844025702908bf31c80fb41be,fb29afa492504f5b8eec2215e107c9653f13735844025702908bf31c80fb41be,aa978c70898ca20dabf1fd7767010709309cc43cfa2a505b9be03e66c04f0682,782d92ac59ce7b15c0f4a90b67c9d5de0bb7f3d58f3acd08ffc8cbb1b6710a89,True
123,dp_fisher_wiener_adaptive_beta_adam,dp_fisher_wiener_adaptive_beta,0.001,91dd788dafed093ef93b8c11550057107c7dfcef533df02a5c2e7b37b8983963,600,12,fc1,0.00022842657304291235,11,0.00022842657304291235,True,False,none,7.48531920814187e-05,0.09025046167655448,395.0961592353792,50,11,1,6282.75,0.0012869114289060235,8.08534277995932,0.0018469071431033615,0.00037247002981368957,0.009820477863844226,0.0,0.431227445602417,1.2312939201564177e-08,9.881112994492014e-08,3.6547402260111994e-07,1.1926920251426054e-06,5.517212684935657e-06,0.02929933492392023,5.390036349126603e-05,0.0015974075067788363,0.02358362451195717,0.07235293832305696,897e9043ece15b210ceb141312cd7fe6b66641bfd911a12d6ba761fa3262b1c7,897e9043ece15b210ceb141312cd7fe6b66641bfd911a12d6ba761fa3262b1c7,708220e2ee0e18ddeec60a237633276e0e46195adaf1ae4ef7b82899763ba47c,708220e2ee0e18ddeec60a237633276e0e46195adaf1ae4ef7b82899763ba47c,d057d9ef6757930e12ce44531b691963d7551d458bfa4a47bcd140612d22808f,ac9a0a2d5d961644604420b594b7566f48b46802b08d4b6e0113c89b5a8b1240,True
123,dp_fisher_wiener_adaptive_beta_adam,dp_fisher_wiener_adaptive_beta,0.001,91dd788dafed093ef93b8c11550057107c7dfcef533df02a5c2e7b37b8983963,600,12,fc2,0.0017903501681056622,11,0.0017903501681056622,True,False,none,0.002019418345115938,0.38956145494106936,217.58953185859582,50,12,0,36495.9140625,0.00012250454165041447,4.470915224339478,0.00800450382348235,0.013925418634304956,0.08958382552816108,0.0,0.9830303192138672,1.1788489295838644e-08,1.810281631264843e-07,2.0833097551076207e-05,0.00030283133673947304,0.002614284213632348,0.15479286029752237,6.5844169512274675e-06,0.011502715293318033,0.5941608309745792,0.2807618170194955,266a97fde7da8d08ca2fd58005338f6f7f0577c4af6f50b132969aa44de5e53a,266a97fde7da8d08ca2fd58005338f6f7f0577c4af6f50b132969aa44de5e53a,2ce9b982761d133755a76cc2018166cfc15fe0231dec9290f0c443e6753967f3,2ce9b982761d133755a76cc2018166cfc15fe0231dec9290f0c443e6753967f3,4c2ab07e03fb7dc12efdb538f724b68981079896971f0fdc05dd051ec6a7eed5,75c908f9ae06b2fc1500d957d6fac02cb34fab36a570b939b61cbce7366a186b,True
123,dp_fisher_wiener_adaptive_beta_adam,dp_fisher_wiener_adaptive_beta,0.001,91dd788dafed093ef93b8c11550057107c7dfcef533df02a5c2e7b37b8983963,650,13,conv1,0.059803000025802036,12,0.059803000025802036,True,False,none,0.07255929122313562,0.0015032102250411637,0.025136033717248346,50,10,3,3.141824722290039,0.00016003992641344666,0.0005028173973592454,3.0069988827248662e-05,0.010507206236798084,0.012974334374674008,0.001468675211071968,0.0386473573744297,0.002079930459149182,0.002153285895474255,0.0036353236064314842,0.008584070019423962,0.03379893079400059,0.1276777525432408,0.033668512105941774,0.05747414566576481,0.3688833862543104,0.09075441696187075,0c974c28935c81929edaa8cfd421236997fde15a1dfe2bb8716cafb0271ca538,0c974c28935c81929edaa8cfd421236997fde15a1dfe2bb8716cafb0271ca538,7a8e6984a41b008fa489c9450f46b57d3ec72c63e90a226ca31eca875eb817ab,7a8e6984a41b008fa489c9450f46b57d3ec72c63e90a226ca31eca875eb817ab,9f2844f6451df9bf78edf59ed82f6a9bb28bbcd55467dc30974fca658320c9d4,02dc43212b6ee86dea0179c1609f1a5765a14975f83b6b6c1c8a343ac5934a57,True
123,dp_fisher_wiener_adaptive_beta_adam,dp_fisher_wiener_adaptive_beta,0.001,91dd788dafed093ef93b8c11550057107c7dfcef533df02a5c2e7b37b8983963,650,13,conv2,0.020465730319199606,12,-0.08313470813530037,False,True,negative,0.020465730319199606,-0.03452573475576058,0.4152986824656979,50,4,9,26.10762596130371,0.00032003826345317066,0.008355439275540555,0.00017100016691166153,0.001882955721814126,0.01390598780217749,1.6127771232277155e-05,0.16492989659309387,2.1495434521057177e-05,3.342583568155533e-05,7.56296722101979e-05,0.0002029769166256301,0.0009602060134056955,0.030721357386611435,0.0010492341360077261,0.003682101611047983,0.04485626481473446,0.1262306562025174,82cdb0032a0ee491fabb53081890c4ca37e53ecc23f3ac372abaa3bddea64b4f,82cdb0032a0ee491fabb53081890c4ca37e53ecc23f3ac372abaa3bddea64b4f,7172e2248dd6037233e3f6760d3503a9bb38ee36a3f06982d231169785b0c0b8,7172e2248dd6037233e3f6760d3503a9bb38ee36a3f06982d231169785b0c0b8,7c750b803763527c9b8b2390cd30f2337a2445bd54a0c67f6f554e00767875d0,0a9465c83d22f5790373a4a7c1ae92dcbc1fb966d60937b509772e3b331e21fe,True
123,dp_fisher_wiener_adaptive_beta_adam,dp_fisher_wiener_adaptive_beta,0.001,91dd788dafed093ef93b8c11550057107c7dfcef533df02a5c2e7b37b8983963,650,13,fc1,0.00012295052223713224,12,0.00012295052223713224,True,False,none,0.00022842657304291235,0.04970485586311124,404.26713899796596,50,12,1,6361.5263671875,0.001286722021177411,8.185516064960893,0.0010064134749673776,0.00023189274273528425,0.0064671871613714025,0.0,0.2866917550563812,9.92314417302964e-09,5.475184394754251e-08,2.0319959048720193e-07,6.504811267404875e-07,3.026234935532557e-06,0.0294445837984193,8.070191834121942e-05,0.0016499673947691917,0.024022240191698074,0.047532244282867044,aa573497e51e019a58e864e4043a52e906f32342d2c575936979884691fb4f77,aa573497e51e019a58e864e4043a52e906f32342d2c575936979884691fb4f77,671cc74ab1ecb6ac36b1f91c45506f0fe5b90b4535747734671c0deb984a4a0c,671cc74ab1ecb6ac36b1f91c45506f0fe5b90b4535747734671c0deb984a4a0c,173a2bd24260f19dbea27e9d78e5d874dc341ca52285147a6227a169ef618e63,f1012a4b06395f1d34ebced603f26e7cedb9072f5ad96e5bf0b17a500ff691d5,True
123,dp_fisher_wiener_adaptive_beta_adam,dp_fisher_wiener_adaptive_beta,0.001,91dd788dafed093ef93b8c11550057107c7dfcef533df02a5c2e7b37b8983963,650,13,fc2,0.0012807319457667416,12,0.0012807319457667416,True,False,none,0.0017903501681056622,0.2863021977313224,223.54576121697391,50,13,0,38777.53125,0.00012270100705791265,4.758042135594678,0.006093776562360315,0.012229148448700482,0.08727824879504925,0.0,0.9778775572776794,8.423901487475405e-09,1.1624956330891223e-08,1.8787014596455265e-05,0.00026626426551956683,0.0019329732633195833,0.1611038880701186,6.577368321813992e-06,0.01445716479793191,0.601941215991974,0.26995485051023715,c174edd578640e9210a1c96ee4d9cfb132242be07bde60bd637f07fa57c6960b,c174edd578640e9210a1c96ee4d9cfb132242be07bde60bd637f07fa57c6960b,7c902728ff37675d321a60b99152dfd8e7265a5c7f1ead5f2ddcbccb43d2bc98,7c902728ff37675d321a60b99152dfd8e7265a5c7f1ead5f2ddcbccb43d2bc98,f11e0703ff84d63a6806e1ed633367d3cbddf448efd4a3231e51f10e2f2291be,8e0bb83074fb80018b86386c0100fdd848d105161b1b1c1ba62e42bce1a2fe7c,True
123,dp_fisher_wiener_adaptive_beta_adam,dp_fisher_wiener_adaptive_beta,0.001,91dd788dafed093ef93b8c11550057107c7dfcef533df02a5c2e7b37b8983963,700,14,conv1,0.04029822581343587,13,0.04029822581343587,True,False,none,0.059803000025802036,0.0010131324510853491,0.025140869867962268,50,11,3,3.1417348384857178,0.0001600414252607152,0.0005028077213424971,2.0262259095399087e-05,0.007141864752338734,0.008868830779901329,0.0009866423206403852,0.026422856375575066,0.0013941771700046958,0.0014463242259807885,0.0024451016215607524,0.005782169639132917,0.023035915009677388,0.12761206063441932,0.033474832773208625,0.05730857327580452,0.36894194483757,0.06187898372723243,6f5cc03c2898af03fa0104a0e822b2ac40656b3d19702ba4d0e549fb39261b92,6f5cc03c2898af03fa0104a0e822b2ac40656b3d19702ba4d0e549fb39261b92,b4e3483038016a01fe186d93b5f4b2639a1e29f44ccae70aee0d5ff68ba71516,b4e3483038016a01fe186d93b5f4b2639a1e29f44ccae70aee0d5ff68ba71516,3205bb1ad06c8b95a48e7659a8e73d081bf3b7349e7933da422e6d7b1c100235,1ff19f85d84b4301cb95967028086ef64acf52c2d57247f2276cd98573ef07c8,True
123,dp_fisher_wiener_adaptive_beta_adam,dp_fisher_wiener_adaptive_beta,0.001,91dd788dafed093ef93b8c11550057107c7dfcef533df02a5c2e7b37b8983963,700,14,conv2,0.020465730319199606,13,-0.006370973044889717,False,True,negative,0.020465730319199606,-0.002661613920134087,0.41777196377702774,50,4,10,26.30233383178711,0.0003200403298251331,0.008417807594695903,0.00017227658011195664,0.0018950342370920945,0.01400665886875268,1.6083335140137933e-05,0.16613760590553284,2.136168441211339e-05,3.3794386581575964e-05,7.523584645241499e-05,0.0002007675611821469,0.0009558202233165503,0.030793647207673497,0.001042712153866887,0.003662996576167643,0.04466034360229969,0.126846633121214,69f8e4c8c4cdb8ff990a43831b7aede528cfc1b1e8e976fb637108a5376290da,69f8e4c8c4cdb8ff990a43831b7aede528cfc1b1e8e976fb637108a5376290da,d493c2e082b9bbcd9fcadce0d0a0aee82f7055a3923b544a503bebfc26359064,d493c2e082b9bbcd9fcadce0d0a0aee82f7055a3923b544a503bebfc26359064,6e84fdb9fa0fc9ccc783a775eb890b2f546b2c415d370e6f63683b9521d2d004,cbb06bec4dc15387d7f643ca89c860fab68e4c7b6a83830352d26c0cd2261cc1,True
123,dp_fisher_wiener_adaptive_beta_adam,dp_fisher_wiener_adaptive_beta,0.001,91dd788dafed093ef93b8c11550057107c7dfcef533df02a5c2e7b37b8983963,700,14,fc1,8.038879358669805e-05,13,8.038879358669805e-05,True,False,none,0.00012295052223713224,0.032901188067337106,409.27580324804467,50,13,1,6464.2587890625,0.0012869611382484436,8.31924984910438,0.000668774458915821,0.00016422524995706093,0.004697844002237555,0.0,0.21074920892715454,6.707421773555261e-09,3.703610218508402e-08,1.3066556192598e-07,4.309832917215317e-07,1.9544336737453703e-06,0.029631261597341824,8.343031367985594e-05,0.0016227824380621314,0.023735254630446432,0.034429969939729695,3a0b391552866d17d3fbb226602e3dc9a1ee8b4ff657bd446f38981369ecd6f8,3a0b391552866d17d3fbb226602e3dc9a1ee8b4ff657bd446f38981369ecd6f8,aacd4f9065ac24f5b205a22bbc4d5082f4aa51f3e49def294a943073b86b45e9,aacd4f9065ac24f5b205a22bbc4d5082f4aa51f3e49def294a943073b86b45e9,65901507591df8d0389e4b594b9adc4eb8a4760a9d2c0770a9d19db441b49b90,1e9f1dfdea43cf53a8d0e05710f0157c069cf382afbcf4625a7c716746405d06,True
123,dp_fisher_wiener_adaptive_beta_adam,dp_fisher_wiener_adaptive_beta,0.001,91dd788dafed093ef93b8c11550057107c7dfcef533df02a5c2e7b37b8983963,700,14,fc2,0.0015035310633658675,13,0.0015035310633658675,True,False,none,0.0012807319457667416,0.3576932075835135,237.9021067797339,50,14,0,42709.1328125,0.00012282293755561113,5.24566115248399,0.007887014490651276,0.013052151098480418,0.08854752354904187,0.0,0.9825488924980164,9.870948769474808e-09,1.2592318965332083e-08,1.6279353076242842e-05,0.00031819508149055764,0.0025452482979744693,0.16279249236518356,6.565134390257299e-06,0.010711606591939926,0.6292402327060701,0.2713105777730013,5f5f9c4f1ad1cb93b13ccb02478903c775ea3cb2e38f8a38b9d536c256c836ab,5f5f9c4f1ad1cb93b13ccb02478903c775ea3cb2e38f8a38b9d536c256c836ab,78217b7f7bea8f1ddc384f6aab994aea3b0a68e6e0432c71a1aa92ea055cec7e,78217b7f7bea8f1ddc384f6aab994aea3b0a68e6e0432c71a1aa92ea055cec7e,3b1879269fdca01ae99cfa49fd5ac828d3578fa55281710eeeaeb44c94611c7a,0798e7d38b6a40f54e3f9526844004659feef2180c1c685d23aaca4213d6830a,True
123,dp_fisher_wiener_adaptive_beta_adam,dp_fisher_wiener_adaptive_beta,0.001,91dd788dafed093ef93b8c11550057107c7dfcef533df02a5c2e7b37b8983963,750,15,conv1,0.1150360634823518,14,0.1150360634823518,True,False,none,0.04029822581343587,0.0028920510475886076,0.025140386067124855,50,12,3,3.14143443107605,0.00016003850032575428,0.0005027504552211001,5.7834433282595745e-05,0.01972936885431409,0.024069449778583128,0.0028468689415603876,0.07173515856266022,0.004001885186880828,0.0041363537311553955,0.006962597137317061,0.01635528216138482,0.06303584761917586,0.1276806096895598,0.033740040473639966,0.05742245726287365,0.3688568711280821,0.1692069200565486,e22911789915078c7d38555109647cd98cb05d086df5efdda87bbaa817d6fa99,e22911789915078c7d38555109647cd98cb05d086df5efdda87bbaa817d6fa99,fc6f78fc6b7c386cff533233e7d9f1246ff09027fe7fbcd8e2c275e3f76d962f,fc6f78fc6b7c386cff533233e7d9f1246ff09027fe7fbcd8e2c275e3f76d962f,bec255c6a3d176cc12785bf7449bb66dcdc5d08fce6a50ea9ac00d4b5cd16e63,564550368d7dc89c5f1241f248af89fdb019413f9de42388cf3655a30dc8139c,True
123,dp_fisher_wiener_adaptive_beta_adam,dp_fisher_wiener_adaptive_beta,0.001,91dd788dafed093ef93b8c11550057107c7dfcef533df02a5c2e7b37b8983963,750,15,conv2,0.020465730319199606,14,-0.045027081465117115,False,True,negative,0.020465730319199606,-0.018951465416202698,0.42089037973479515,50,4,11,26.245933532714844,0.0003200374194420874,0.008399680838658607,0.00017190560281133544,0.0018912731883002098,0.013983995466068518,1.612420783203561e-05,0.16587360203266144,2.159408486477332e-05,3.369153364474187e-05,7.500634819734842e-05,0.00020134290753048845,0.0009603380283806473,0.030765832979146767,0.0010540445568040014,0.0036518628476187587,0.0448621641844511,0.12679523531888853,974f0b91091e5e5ce9a5cbc317ddccee72f3df020a5e42799f08a989af4d92bd,974f0b91091e5e5ce9a5cbc317ddccee72f3df020a5e42799f08a989af4d92bd,4f31377858220c8986d848b0fe235984329e27dc36a1b513f07a4c7e323c7d36,4f31377858220c8986d848b0fe235984329e27dc36a1b513f07a4c7e323c7d36,795ed4f6ed7418ced955f81649e54aebd110eb0ec048208a27b07ef3eff8b161,b6f1761242001a93a98aa95fd173561d1517bfda3fc1f970dcda987f5076065f,True
123,dp_fisher_wiener_adaptive_beta_adam,dp_fisher_wiener_adaptive_beta,0.001,91dd788dafed093ef93b8c11550057107c7dfcef533df02a5c2e7b37b8983963,750,15,fc1,7.922249500286127e-05,14,7.922249500286127e-05,True,False,none,8.038879358669805e-05,0.03295358647991131,415.96249245521904,50,14,1,6566.6484375,0.0012865886092185974,8.4485750804306,0.0006693171970907116,0.0001643464076205214,0.0047006045713559,0.0,0.20947667956352234,6.69027233612951e-09,3.498881540053844e-08,1.2899290879886394e-07,4.261099775249022e-07,2.0164793568255845e-06,0.029714774167748367,8.44420210341923e-05,0.0016255892114713788,0.024821624159812927,0.03440573986650962,cff34c8d3fd3a53b46aa23ce6a277e56396e3e93a9b908bd2ca584e6442060d0,cff34c8d3fd3a53b46aa23ce6a277e56396e3e93a9b908bd2ca584e6442060d0,f8e0fc2a589a42bb19c0c695b593eec6f9e63799cdc180fe58e9257b4dab5e30,f8e0fc2a589a42bb19c0c695b593eec6f9e63799cdc180fe58e9257b4dab5e30,56b9ee0b61727651b57e6384d94bbb0ec090a3f1e43fbfe7e94b8c8bcd8052e3,042e79cd59e52035eace7ed97e8237157898129415cacb8cfe40e2e4088686eb,True
123,dp_fisher_wiener_adaptive_beta_adam,dp_fisher_wiener_adaptive_beta,0.001,91dd788dafed093ef93b8c11550057107c7dfcef533df02a5c2e7b37b8983963,750,15,fc2,0.0016108849599218422,14,0.0016108849599218422,True,False,none,0.0015035310633658675,0.42250783276913684,262.2830576241995,50,15,0,42732.046875,0.00012280138616915792,5.247554590095433,0.008453206765553561,0.013278930969656806,0.08882934581305557,0.0,0.9843429923057556,1.0622221235934149e-08,1.4950986226835994e-08,1.595808680576738e-05,0.00032461259979754686,0.0028120242990553475,0.1615287253071525,6.593985517611145e-06,0.00980938971042633,0.6364297449588784,0.2732197194108494,4f26e000d3bd023a4d644ae955aa5519ac29bb0272c18c6d2568fe7dbebc3c25,4f26e000d3bd023a4d644ae955aa5519ac29bb0272c18c6d2568fe7dbebc3c25,7bf2b7661e7bb99a26e78019d4e879f9775eb7f01142da4a31eab3e398b43fb0,7bf2b7661e7bb99a26e78019d4e879f9775eb7f01142da4a31eab3e398b43fb0,6b25f5fd380a1ec1273b4bb4305ef41d541f94ed1fb856de2ccdef6499dea8b5,c5c8738cb3882c903fc1258cf2f2470e2612bc4f851b9d7bb8015daced22f63c,True
123,dp_fisher_wiener_adaptive_beta_adam,dp_fisher_wiener_adaptive_beta,0.001,91dd788dafed093ef93b8c11550057107c7dfcef533df02a5c2e7b37b8983963,800,16,conv1,0.1150360634823518,15,-0.07364829420107363,False,True,negative,0.1150360634823518,-0.0018513356717923639,0.025137522761055006,50,12,4,3.141395092010498,0.00016003631753847003,0.0005027373024587833,5.78329202405949e-05,0.019726657823775896,0.02411123000600459,0.002825190545991063,0.07188574969768524,0.003985941992141307,0.004122202284634113,0.0069377615582197905,0.016386321745812893,0.0630470093339681,0.12759684569900856,0.033609491214156156,0.057227639481425285,0.3688955545425413,0.16930700752975159,0e9cbb545ec68973ab0970f0c1b5ae5d75f09b2a87324197d22182cd1437dece,0e9cbb545ec68973ab0970f0c1b5ae5d75f09b2a87324197d22182cd1437dece,196671cbc72d4bf6e4d903e89ac06b036a2caf81fc95ad493b80e8b60643523f,196671cbc72d4bf6e4d903e89ac06b036a2caf81fc95ad493b80e8b60643523f,f6991c26a07a7c667f654d1862b75e124acc5f2cd31813ec9fd5218e7df57fdb,4bf308a7351bbef904978411d38ce121d5edbbb96208f668807fbc9f0c1680f1,True
123,dp_fisher_wiener_adaptive_beta_adam,dp_fisher_wiener_adaptive_beta,0.001,91dd788dafed093ef93b8c11550057107c7dfcef533df02a5c2e7b37b8983963,800,16,conv2,0.010432975958135747,15,0.010432975958135747,True,False,none,0.020465730319199606,0.004381683412286938,0.4199840419329304,50,5,11,26.37912368774414,0.00032003538217395544,0.008442252930821237,8.8077821859759e-05,0.001022722696611395,0.007784517376875957,8.496990631101653e-06,0.09262799471616745,1.1047693715227069e-05,1.711273034743499e-05,3.840908539132215e-05,0.0001024853736453224,0.0004930374154355377,0.0307855845905453,0.0010578121989965438,0.0036681448109447956,0.04514635019004345,0.07046973849043794,cb841fe218958a62619afe439b17e69340fcb4d42e25f0fe67b336230fe2409c,cb841fe218958a62619afe439b17e69340fcb4d42e25f0fe67b336230fe2409c,e36b3cf089cf5a8df42303f08c920de15c675a6f83bb0b9c39ca269992d3df75,e36b3cf089cf5a8df42303f08c920de15c675a6f83bb0b9c39ca269992d3df75,5cc3f99233deed0efaff0ea66233c2016f8128a170c1e4c72340c034478aface,7597ba049f6c8234e126c4a15eb7485bc3e0909ef46ebfc7c1c6181459f14b27,True
123,dp_fisher_wiener_adaptive_beta_adam,dp_fisher_wiener_adaptive_beta,0.001,91dd788dafed093ef93b8c11550057107c7dfcef533df02a5c2e7b37b8983963,800,16,fc1,7.922249500286127e-05,15,-6.0594547543268256e-05,False,True,negative,7.922249500286127e-05,-0.025596879219201174,422.42875402153004,50,14,2,6606.73583984375,0.0012863882584497333,8.498827411054037,0.0006732983121024089,0.00016541711332401804,0.00470618217027562,0.0,0.20951993763446808,3.0330134626055384e-09,3.2141034722599215e-08,1.264150597535263e-07,4.181137853720429e-07,1.9958069970016368e-06,0.02966772518570318,3.8283288085949606e-05,0.001593154389411211,0.02457341179251671,0.034388073841357884,253ee52da5100ce2f10acace8f6000395da0ad4c211f52f92cc8c2d9e2753707,253ee52da5100ce2f10acace8f6000395da0ad4c211f52f92cc8c2d9e2753707,3d0883029131e9e88940fc5f891ec8cb2669a3b8f9955cd1817d578e395fd767,3d0883029131e9e88940fc5f891ec8cb2669a3b8f9955cd1817d578e395fd767,d21ced2d30ec42a18636cc6d286336502a35d9ca2da86a1fbdb884b9a38e12cf,656460e961a7f7cc9b583a7f9f8d534186298ad4001427de8fe6506f784e381e,True
123,dp_fisher_wiener_adaptive_beta_adam,dp_fisher_wiener_adaptive_beta,0.001,91dd788dafed093ef93b8c11550057107c7dfcef533df02a5c2e7b37b8983963,800,16,fc2,0.0010912202607905653,15,0.0010912202607905653,True,False,none,0.0016108849599218422,0.2863118944158333,262.37772950477165,50,16,0,45067.36328125,0.00012210874410811812,5.503119130537755,0.006005115092786958,0.011573943298910254,0.08663582387168545,0.0,0.9771217107772827,7.189274464636242e-09,1.3714444468959641e-08,1.2580074780998984e-05,0.0002019985367951449,0.0018525469931773874,0.15773134206541156,6.588245378225111e-06,0.011397196911275387,0.6297420620918278,0.2677012851868696,2161c1dd572b63f8232ecec2623b4bd1943d80328b0642aa087c54417b222ab9,2161c1dd572b63f8232ecec2623b4bd1943d80328b0642aa087c54417b222ab9,17282b71bb8389b627cd77d6c7d25cfe43f54e280b217a66d247ee21b465c636,17282b71bb8389b627cd77d6c7d25cfe43f54e280b217a66d247ee21b465c636,9b96d50f3c288643f5f0cb15185bfb2ef6abaeb6dd117e8d7e6cfd950d81ae31,dc89e47846d7b7852933488ceb5335f68c4ca639a79318c60831a524b9e4ae20,True
123,dp_fisher_wiener_adaptive_beta_adam,dp_fisher_wiener_adaptive_beta,0.001,91dd788dafed093ef93b8c11550057107c7dfcef533df02a5c2e7b37b8983963,850,17,conv1,0.07372509885582369,16,0.07372509885582369,True,False,none,0.1150360634823518,0.0018532178661141967,0.025136865122939167,50,13,4,3.1412012577056885,0.00016003625933080912,0.0005027060990884513,3.706205685072157e-05,0.012871215663471958,0.015844358362164482,0.0018140728352591395,0.047193728387355804,0.002563774713780731,0.002654034527949989,0.0044766990467906,0.010536899557337165,0.0413343500345945,0.1276627917191945,0.03367993030697108,0.05746151879429817,0.3688432812690733,0.11098699875021938,d4b833962ef0eead2c5ba727700f853698262dcd9781da05266db65d64e759b4,d4b833962ef0eead2c5ba727700f853698262dcd9781da05266db65d64e759b4,092b6d0f21b1cc48442c2dde8625b60d5ae0b02a910172e322a290b09f2014b9,092b6d0f21b1cc48442c2dde8625b60d5ae0b02a910172e322a290b09f2014b9,b2e928ce4f29ab350bf7db6284bf77f568f7cbd74b6a21d9014a0151b111e616,e5cd53ace71b4d7d78f2e05240dac8adf454e2178997b683d74a5d4fa9ccbd86,True
123,dp_fisher_wiener_adaptive_beta_adam,dp_fisher_wiener_adaptive_beta,0.001,91dd788dafed093ef93b8c11550057107c7dfcef533df02a5c2e7b37b8983963,850,17,conv2,0.019165924162801752,16,0.019165924162801752,True,False,none,0.010432975958135747,0.008090178971765533,0.42211264654106184,50,6,11,26.466907501220703,0.00032003590604290366,0.008470360722306891,0.00016234229123530855,0.001795248561330513,0.013362943417959142,1.551238528918475e-05,0.15862493216991425,2.0507546651060693e-05,3.195664248778485e-05,7.172087498474866e-05,0.00018556240320322104,0.0009224550914950669,0.03078845229791678,0.001068878616206348,0.003728418843820691,0.04596028514206409,0.12099273256327558,d871eab318e00c71f60da85fb25f8ac2ae6903e26992fce180ebff458ed8cd40,d871eab318e00c71f60da85fb25f8ac2ae6903e26992fce180ebff458ed8cd40,5985ff05a15c584ec30a5e65131d58121023601e651577826ac47c561d6f22b6,5985ff05a15c584ec30a5e65131d58121023601e651577826ac47c561d6f22b6,0ed392734f5de29c6d052b42dbe031c7440782c7ef875f7fc2d412e8c121efa7,b20c1daa30eaa24187fcbc007c2fac2f36a9c7c855f8db7375093f4f37ff2256,True
123,dp_fisher_wiener_adaptive_beta_adam,dp_fisher_wiener_adaptive_beta,0.001,91dd788dafed093ef93b8c11550057107c7dfcef533df02a5c2e7b37b8983963,850,17,fc1,0.0002894644888390456,16,0.0002894644888390456,True,False,none,7.922249500286127e-05,0.1230054366136013,424.94137055270187,50,15,2,6887.3896484375,0.0012865465832874179,8.860947619966396,0.0025649296734431303,0.0004717479843897987,0.011901938019020515,0.0,0.5124514698982239,3.363139100542867e-08,1.2066573162883287e-07,4.6224796790284017e-07,1.5717822066108056e-06,7.377132533292752e-06,0.02991488558565297,0.00011617136624408886,0.001594361907336861,0.024852260947227478,0.08655457623819661,38090e46c69e83386a28507692592679a9c98937b31d316194425d124d190132,38090e46c69e83386a28507692592679a9c98937b31d316194425d124d190132,a3279991fc58f448d27fe60765e887c55e3b8ded05f9ddaa665e09cf1bb556fd,a3279991fc58f448d27fe60765e887c55e3b8ded05f9ddaa665e09cf1bb556fd,0cb3d6809b56fa7e6f7468273fba0f53d4638e2a681a2fdf87cd5216e7197e10,9e0a0bc7f337626b8694b38e30b8fb76728c79b84aeec8204356d426c356a15d,True
123,dp_fisher_wiener_adaptive_beta_adam,dp_fisher_wiener_adaptive_beta,0.001,91dd788dafed093ef93b8c11550057107c7dfcef533df02a5c2e7b37b8983963,850,17,fc2,0.0016228846254440858,16,0.0016228846254440858,True,False,none,0.0010912202607905653,0.4465463714468474,275.15595652688773,50,17,0,49127.3203125,0.00012205924576846883,5.996443663969728,0.009731536229598074,0.013317157351843209,0.08903667450993182,0.0,0.9860536456108093,1.0722354737424666e-08,3.317280494741226e-08,2.4076441150100436e-05,0.00036329989234218374,0.003054172080010176,0.1667488040031969,6.606929173358367e-06,0.014619052410125732,0.6537043392658234,0.2698465460777735,0f8ba045a9c26ea6c2bb8bc4df62896c7867bf480f4e24cec1ca1f760b3cf7cf,0f8ba045a9c26ea6c2bb8bc4df62896c7867bf480f4e24cec1ca1f760b3cf7cf,bf3d54a2365a90c2f9d17216e895de9784fb96b38dcb3bd590153f8ddd6a79c6,bf3d54a2365a90c2f9d17216e895de9784fb96b38dcb3bd590153f8ddd6a79c6,ed7af9fa55e0eaa52f36d93be9936f4c9e1a46db9a05f70fa87d3552c0913013,44bb7727dd2054cd62ee64271493bb0f3937ca6979f1b115d7fec4a789b7e3d1,True
123,dp_fisher_wiener_adaptive_beta_adam,dp_fisher_wiener_adaptive_beta,0.001,91dd788dafed093ef93b8c11550057107c7dfcef533df02a5c2e7b37b8983963,900,18,conv1,0.04079745268179578,17,0.04079745268179578,True,False,none,0.07372509885582369,0.0010254564145205616,0.025135304954422566,50,14,4,3.1411147117614746,0.00016003439668565989,0.000502686397817198,2.0508324528729506e-05,0.00722702795319492,0.00897215277591983,0.0010046688839793205,0.026721345260739326,0.0014143584878183904,0.001463712251279503,0.0024745063856244087,0.005850079120136797,0.02330754846334455,0.12759785200469195,0.03354233428835869,0.05729124881327152,0.36887012422084786,0.06262032311743786,31d32dd13fe431a94afbb065555313f4f2d9fa622642c1a1c0af5b02e6b13830,31d32dd13fe431a94afbb065555313f4f2d9fa622642c1a1c0af5b02e6b13830,54f51a66cda9ff5c6586350f1fd70c9eef16c453fc06b7162e2c99715a1ab348,54f51a66cda9ff5c6586350f1fd70c9eef16c453fc06b7162e2c99715a1ab348,d11f72bb4c968386c03f61c5e0818aa4d58eefc8793185d65b2ac48c9edf397a,673d06fda644428914636b0c6b464cb99eacfffcade30943920307cca8878d8a,True
123,dp_fisher_wiener_adaptive_beta_adam,dp_fisher_wiener_adaptive_beta,0.001,91dd788dafed093ef93b8c11550057107c7dfcef533df02a5c2e7b37b8983963,900,18,conv2,0.019165924162801752,17,-0.05740069952706694,False,True,negative,0.019165924162801752,-0.024310231535350377,0.42351803611534455,50,6,12,26.948497772216797,0.00032003410160541534,0.00862443827414694,0.00016529532990906505,0.0018239227855160764,0.013586056461196174,1.545491977594793e-05,0.16125378012657166,2.0669580953835977e-05,3.170397576468531e-05,7.197941522463225e-05,0.00018637202083482407,0.0009240509185474366,0.03101511860009411,0.001077315246220678,0.0037418098654597998,0.046036211773753166,0.12228057642790194,5f8b33d2fdfe160fe07e6c168696c8b86f2159383893464e217e11572eb2590a,5f8b33d2fdfe160fe07e6c168696c8b86f2159383893464e217e11572eb2590a,b3ed5224b02824c29c4ce2b10f312a4ae8fe86ee48a29a5515dff6a005be58a7,b3ed5224b02824c29c4ce2b10f312a4ae8fe86ee48a29a5515dff6a005be58a7,e272a0cc6ebf6483c962513352ed1d49c575ff6c27d21bad8ec0343b22c45761,e83219e77451832601d70716465df5b1e543236f56a4f9e462c239faf1544154,True
123,dp_fisher_wiener_adaptive_beta_adam,dp_fisher_wiener_adaptive_beta,0.001,91dd788dafed093ef93b8c11550057107c7dfcef533df02a5c2e7b37b8983963,900,18,fc1,4.594015154857592e-06,17,4.594015154857592e-06,True,False,none,0.0002894644888390456,0.002035366382626247,443.0473809983198,50,16,2,6828.0361328125,0.0012863513547927141,8.783253530016964,4.0350399825854376e-05,1.142281762036237e-05,0.000341041696819403,0.0,0.016148671507835388,1.5966721556015725e-10,1.8690872738424957e-09,7.363216258937655e-09,2.476384475258442e-08,1.2162512064151088e-07,0.029970548322732334,3.4754278021865024e-05,0.0016002197517082095,0.02579186111688614,0.0024804576981931393,178a88543dcf3d51de56c17f2c826dc61d046379fc47e80173495fe4bb0da0b9,178a88543dcf3d51de56c17f2c826dc61d046379fc47e80173495fe4bb0da0b9,4858b39f32aee632ec1a2d5cefd000709986a2ebfe4cb9b0198753a20d96af17,4858b39f32aee632ec1a2d5cefd000709986a2ebfe4cb9b0198753a20d96af17,f74419c9cd84b5da07a54a28920050b91b043e3d312cabcc521fc9bd6e77fa53,ecaaf98a7ac2ed5eb071a90559cfaa33699aa8e0094e0d9a41ce520f15938161,True
123,dp_fisher_wiener_adaptive_beta_adam,dp_fisher_wiener_adaptive_beta,0.001,91dd788dafed093ef93b8c11550057107c7dfcef533df02a5c2e7b37b8983963,900,18,fc2,0.002039582748263221,17,0.002039582748263221,True,False,none,0.0016228846254440858,0.611512152398248,299.8221831984864,50,18,0,46921.5,0.0001221638813149184,5.732112557117944,0.011691117882600736,0.014546915494805742,0.09076477349519138,0.0,0.9884784817695618,1.3401004750335233e-08,1.530579529784859e-08,1.8771836039377376e-05,0.0004094818068551831,0.0038783554220572134,0.15729328772356668,6.570420418938739e-06,0.009119993541389704,0.6562328100204469,0.2810489194904587,7b8d722e59c5e32eb92d3c028506dad874aa7d5cc0614632915edcd59032321a,7b8d722e59c5e32eb92d3c028506dad874aa7d5cc0614632915edcd59032321a,f3e0d4e60be0c8b175690a45e234a48e385aeec431846bc25878be2a4284e652,f3e0d4e60be0c8b175690a45e234a48e385aeec431846bc25878be2a4284e652,905598736190ea4d8940426812df7aee51871e04b7e4c241bee12023578b2e91,09f651bb5159dfa831ca4a3eb5ac4b886082a4662a74a4e4138d0ffa84188f07,True
123,dp_fisher_wiener_adaptive_beta_adam,dp_fisher_wiener_adaptive_beta,0.001,91dd788dafed093ef93b8c11550057107c7dfcef533df02a5c2e7b37b8983963,950,19,conv1,0.04079745268179578,18,-0.040546317630547266,False,True,negative,0.04079745268179578,-0.0010191041177225876,0.025134319890859902,50,14,5,3.1412367820739746,0.00016003652126528323,0.0005027126070736715,2.0509393799630305e-05,0.007228016195585951,0.00893915022401955,0.0010127229616045952,0.02659633569419384,0.0014266895246692003,0.0014761963102500886,0.0024933108361437917,0.005884266225621104,0.023296818882226924,0.12776654821354896,0.033825173228979113,0.05770082212984562,0.3687728226184843,0.06253089423007814,a6dfb8b7155085cf7b57dd1ae9440ee59bcc72001db8f0c8b1b5d96e9e53c170,a6dfb8b7155085cf7b57dd1ae9440ee59bcc72001db8f0c8b1b5d96e9e53c170,e0accca86397a76a5c23292db10428c9ef3232760ceafdbf60a2a0bfd59fbde2,e0accca86397a76a5c23292db10428c9ef3232760ceafdbf60a2a0bfd59fbde2,683467b2506561f63d1b7b08db1201f14e5ccff579c764c0aa0a67b21e7191c6,2aacc824aa4e6496e9dd6a8007e6fe9d6655fc1f53b4d9734f1fe2e8fa87dc55,True
123,dp_fisher_wiener_adaptive_beta_adam,dp_fisher_wiener_adaptive_beta,0.001,91dd788dafed093ef93b8c11550057107c7dfcef533df02a5c2e7b37b8983963,950,19,conv2,0.029281697461022566,18,0.029281697461022566,True,False,none,0.019165924162801752,0.012626909615741713,0.43122191370734697,50,7,12,27.118091583251953,0.00032003334490582347,0.00867869355685058,0.00025412687908862457,0.002662151914267364,0.019260968335370672,2.3654367396375164e-05,0.22779951989650726,3.172809847455938e-05,4.860983881371794e-05,0.00011075581278419122,0.0002900682811741717,0.0014240259421057998,0.0311783050317523,0.0010824086144566535,0.0037685874849557877,0.046439627557992934,0.17283820482462786,c40887b085225e9f3be4502f7e90538fffb83708d1293be88d7877dfaa58c1fc,c40887b085225e9f3be4502f7e90538fffb83708d1293be88d7877dfaa58c1fc,fea0ab80d68432768ac285221f3ec43314e8693eec9dbb285314f0f70f5d182f,fea0ab80d68432768ac285221f3ec43314e8693eec9dbb285314f0f70f5d182f,9671b872ae62f6ac3e7287c60eb4cef8856477d8e2d5c4a7ad2f5fdd6db69ab9,468ab687719c199b8b44f23b5969dc11015a32b5a0da8211c22677852db7659d,True
123,dp_fisher_wiener_adaptive_beta_adam,dp_fisher_wiener_adaptive_beta,0.001,91dd788dafed093ef93b8c11550057107c7dfcef533df02a5c2e7b37b8983963,950,19,fc1,9.125364636331238e-05,18,9.125364636331238e-05,True,False,none,4.594015154857592e-06,0.040075195577374156,439.1626765008482,50,17,2,7265.173828125,0.001286365557461977,9.345669381474181,0.0008528264087654812,0.0002023038015226317,0.005688393847986317,0.0,0.25877809524536133,3.973537276991129e-09,3.669329728950288e-08,1.4771948286806946e-07,4.979112304681621e-07,2.3943302949192002e-06,0.030377475346250172,4.354197481006855e-05,0.001616163004655391,0.02556740678846836,0.04097274233637659,5f2e563d1f5a309b1c6210fb0b56a8904984e2adbde7ae203e81d401c023ff4f,5f2e563d1f5a309b1c6210fb0b56a8904984e2adbde7ae203e81d401c023ff4f,db19e06610989086579ecd358370129d8db8ad7303cb0e7c89a604230809e706,db19e06610989086579ecd358370129d8db8ad7303cb0e7c89a604230809e706,c012127442b33059cbb9e40ecc910e62db29582eef249ed866fc0e22b54940aa,50c6be004b745a67d99cce42ecd6fba84f3ec77948fdc4d4a1f57a6379b0cea9,True
123,dp_fisher_wiener_adaptive_beta_adam,dp_fisher_wiener_adaptive_beta,0.001,91dd788dafed093ef93b8c11550057107c7dfcef533df02a5c2e7b37b8983963,950,19,fc2,0.001198626113788229,18,0.001198626113788229,True,False,none,0.002039582748263221,0.3435329899067494,286.6056278558972,50,19,0,49273.97265625,0.000123004982015118,6.0609441203954475,0.0072648058969172116,0.012025984520603704,0.08738065951340303,0.0,0.9825559854507446,7.870083962302488e-09,8.484474900427585e-09,1.060250542650465e-05,0.0002461876065353863,0.002109010331332685,0.15885563527057014,6.565877220054972e-06,0.008768082596361637,0.6381059885025026,0.26925925837559184,bdce52f77e31e392a4b79f825ed06951df429c1ceb3e915b5ef335fe41174522,bdce52f77e31e392a4b79f825ed06951df429c1ceb3e915b5ef335fe41174522,574c13d030092b1a0c68691616615c0aad6ef272a78dca347fa6bf952491acc1,574c13d030092b1a0c68691616615c0aad6ef272a78dca347fa6bf952491acc1,cf05ab00946a03a354dc313723281150f592410754bd0eb00d93886361d4107b,13469d4d32dead3862a060c5e6395ee6bf1f64b942dda974d220cbeea8875ab7,True
123,dp_fisher_wiener_adaptive_beta_adam,dp_fisher_wiener_adaptive_beta,0.001,91dd788dafed093ef93b8c11550057107c7dfcef533df02a5c2e7b37b8983963,1000,20,conv1,0.038569396840959363,19,0.038569396840959363,True,False,none,0.04079745268179578,0.0009694661019588856,0.025135630353683575,50,15,5,3.141058921813965,0.00016003655036911368,0.0005026842343532345,1.938822772046372e-05,0.00683973064624297,0.008462844818124647,0.0009582534548826516,0.025177646428346634,0.0013489866221789272,0.0013956748589407653,0.0023575405357405543,0.005557171069085598,0.022052521072328073,0.1277621684479527,0.033827789500355726,0.05770230293273926,0.36877187192440014,0.05919076907807203,c9b3dea43e361bffbf9d9324ee4ce9c7ee8742680d8ed969d7b5bf1dde0e4b5b,c9b3dea43e361bffbf9d9324ee4ce9c7ee8742680d8ed969d7b5bf1dde0e4b5b,f4544fd37f5fb793bb14802b704d376d3ead68694bdc99cb9ea0b9520a5dd880,f4544fd37f5fb793bb14802b704d376d3ead68694bdc99cb9ea0b9520a5dd880,abfac329b4852e807299916171b3ed05619d657d9cc00612fe1bbc283c2ab00c,804980e7eacb358b997a882ea0d49664a366c6106ff6bade3410d815667cdb7b,True
123,dp_fisher_wiener_adaptive_beta_adam,dp_fisher_wiener_adaptive_beta,0.001,91dd788dafed093ef93b8c11550057107c7dfcef533df02a5c2e7b37b8983963,1000,20,conv2,0.029281697461022566,19,-0.06182295842777324,False,True,negative,0.029281697461022566,-0.026827125548627845,0.43393467784252904,50,7,13,27.343780517578125,0.0003200309001840651,0.008750854693476029,0.00025623987965973444,0.0026796187567152503,0.01941167371510175,2.347430017834995e-05,0.22957926988601685,3.164884001307655e-05,4.8273092943418305e-05,0.00011085377627750859,0.00029131655901437625,0.001408717653248459,0.031237825510859317,0.0010797075112350285,0.0037719086976721883,0.0459626741707325,0.17379780253437144,9d1f9b058cbd05f097c9085284e3f9d2d22b8cac3582e39f1732813d1e0006a0,9d1f9b058cbd05f097c9085284e3f9d2d22b8cac3582e39f1732813d1e0006a0,81fad936c933314913878d0edb51742c678489b3ab646c98496d7a7e444bd84b,81fad936c933314913878d0edb51742c678489b3ab646c98496d7a7e444bd84b,3883c0b366c6d5dc95cab58e53f91be0a17d6807c1c49335bc55c05f7d8a993e,116aded1d35f9863b9244766c65992cf1bebbbb9613de7b8ca17b09d81ef5e53,True
123,dp_fisher_wiener_adaptive_beta_adam,dp_fisher_wiener_adaptive_beta,0.001,91dd788dafed093ef93b8c11550057107c7dfcef533df02a5c2e7b37b8983963,1000,20,fc1,0.00024370450599781843,19,0.00024370450599781843,True,False,none,9.125364636331238e-05,0.11387908699155513,467.28346907370906,50,18,2,7983.6689453125,0.0012860771967098117,10.267614576646679,0.0025022639381776786,0.00046366788129077177,0.011740290940255702,0.0,0.4986537992954254,4.991770463647106e-09,9.61552704126234e-08,4.024674495894942e-07,1.3957265139197261e-06,6.610020591324428e-06,0.03092840884277581,2.0482462605286998e-05,0.0016487346147187054,0.02640702947974205,0.083620418135462,4f17d5b98a0b34f2485ff6a45c00f9ea47675bc709655ce260eec992fa1ffa8c,4f17d5b98a0b34f2485ff6a45c00f9ea47675bc709655ce260eec992fa1ffa8c,5c14dd06263d3a6f95923d3bb701330f741e21a20cbf1b03fb06d0fc8501d419,5c14dd06263d3a6f95923d3bb701330f741e21a20cbf1b03fb06d0fc8501d419,33828732193629844e0f72558e82f9f759931b54305c017049186e8ae7bd13de,49bdc91e704e1c07a68e01daeac1587b7ef2e1e3cc93a30ca129a73446d0f1f2,True
123,dp_fisher_wiener_adaptive_beta_adam,dp_fisher_wiener_adaptive_beta,0.001,91dd788dafed093ef93b8c11550057107c7dfcef533df02a5c2e7b37b8983963,1000,20,fc2,0.0015568787567619737,19,0.0015568787567619737,True,False,none,0.001198626113788229,0.4718077573482529,303.0472060197724,50,20,0,54196.2734375,0.00012258639617357403,6.643725846740722,0.010343475636541085,0.013629481333968834,0.08953986462164387,0.0,0.9867321848869324,1.0254555871114235e-08,1.3397617237842496e-08,1.6044067706388887e-05,0.0003527058943291195,0.002544617769308389,0.16472321395125258,6.586568042621366e-06,0.01020030863583088,0.6210118055343629,0.27386103119420285,62a054651d06f2faaa38a766b382171c4c8e0e81a7ecc8bebf9af1b63bb0bc91,62a054651d06f2faaa38a766b382171c4c8e0e81a7ecc8bebf9af1b63bb0bc91,69862d7c5722c197f363fa8b1921b88f6ff10669b9bb3b4e926d2e2192e9ebef,69862d7c5722c197f363fa8b1921b88f6ff10669b9bb3b4e926d2e2192e9ebef,ca903f18fdd5d6d7848b86a4afa62d36b91083812aec4dc5f92bbe9dd65e1473,3e1de4b668523bbd5c4860c89d05298a25389026a499bcc38141f47ba0771c77,True
123,dp_fisher_wiener_adaptive_beta_adam,dp_fisher_wiener_adaptive_beta,0.001,91dd788dafed093ef93b8c11550057107c7dfcef533df02a5c2e7b37b8983963,1050,21,conv1,0.03411759443630179,20,0.03411759443630179,True,False,none,0.038569396840959363,0.0008575188418593269,0.025134211717661725,50,16,5,3.141432523727417,0.00016004120698198676,0.0005027586527498046,1.7152915813859316e-05,0.006062922601267929,0.007531996176307202,0.0008398090139962733,0.02243434637784958,0.0011868598288856448,0.001229457906447351,0.0020764251239597797,0.004898326122201979,0.019569792039692384,0.12764615004416555,0.03364639729261399,0.05745343118906021,0.36891651451587654,0.052559992751037087,20556d1ffd3ddbf10796227d4ec42da1b09c564ef2a205a88d9fe09143cac03c,20556d1ffd3ddbf10796227d4ec42da1b09c564ef2a205a88d9fe09143cac03c,6f68d670638e4cfd44bb8ebd31d273acc4c2d1a67f99f7aeffb5ac44f341f742,6f68d670638e4cfd44bb8ebd31d273acc4c2d1a67f99f7aeffb5ac44f341f742,afb0e994d11a9d23ffb793036da35dd938c9d59603465f2fe0fde18e8c71e6d0,88d21b6561cec5d429ba7e82b164eb954777286d14d1d045aef4e3a12aedbe20,True
123,dp_fisher_wiener_adaptive_beta_adam,dp_fisher_wiener_adaptive_beta,0.001,91dd788dafed093ef93b8c11550057107c7dfcef533df02a5c2e7b37b8983963,1050,21,conv2,0.029281697461022566,20,-0.02705212558741253,False,True,negative,0.029281697461022566,-0.011836461008255597,0.43754273467380145,50,7,14,27.450416564941406,0.0003200351493433118,0.008785098164897143,0.00025724258662990267,0.002688023811134011,0.01948064946016168,2.3858050553826615e-05,0.2304176241159439,3.149441654386465e-05,4.796910616278183e-05,0.00011005879423464648,0.0002924734799307771,0.0014030881226062774,0.031274670997676175,0.0010744447354227304,0.0037449569208547473,0.045787159353494644,0.17422396848411928,3640f2d6f2f337d4e0dc21d45157c54a53d5b401f8638cacd4520844760f650c,3640f2d6f2f337d4e0dc21d45157c54a53d5b401f8638cacd4520844760f650c,90bee206f53b0409f0c1da164cf12909f5f559636e9fce074cd558255c39e7eb,90bee206f53b0409f0c1da164cf12909f5f559636e9fce074cd558255c39e7eb,c2131a2d03252fd3423f9f863b149aa677c1b04ff77b90d761416de87d0daee3,628613d78b27f42185b5831467ea9caadcbd9d08b2638047367accd6a1d1aff3,True
123,dp_fisher_wiener_adaptive_beta_adam,dp_fisher_wiener_adaptive_beta,0.001,91dd788dafed093ef93b8c11550057107c7dfcef533df02a5c2e7b37b8983963,1050,21,fc1,0.00024370450599781843,20,-0.00014773468644809087,False,True,negative,0.00024370450599781843,-0.07584414100253722,513.380728832334,50,18,3,8077.69384765625,0.0012866026954725385,10.392782677596472,0.002532767968386333,0.0004694501188201183,0.011795050174969152,0.0,0.5082382559776306,1.9832745401515694e-08,1.0260692739905153e-07,4.0367001474805875e-07,1.3733459809373016e-06,6.803467385907425e-06,0.030955731266762394,8.137367767631076e-05,0.0016536528710275888,0.027158867567777634,0.08403432568310268,40a494cfd910bd15b67b7ec1f94cc40d95191b40f6ce0474f6a6c9f345d99782,40a494cfd910bd15b67b7ec1f94cc40d95191b40f6ce0474f6a6c9f345d99782,a8b47bbeb3fe13f71d17a5bc971f8f1f020c0f2ab7ba5fb2c2f62224ea023d3a,a8b47bbeb3fe13f71d17a5bc971f8f1f020c0f2ab7ba5fb2c2f62224ea023d3a,6440231565629f1fc60fa370356d7c1e5607019ecb85863c37f1fb5f3b41832e,4f3cf0b557d080525c4d1e642d08ed2bbf2e1cb749b2b437e7fc857ec39e4faa,True
123,dp_fisher_wiener_adaptive_beta_adam,dp_fisher_wiener_adaptive_beta,0.001,91dd788dafed093ef93b8c11550057107c7dfcef533df02a5c2e7b37b8983963,1050,21,fc2,0.001431132518159027,20,0.001431132518159027,True,False,none,0.0015568787567619737,0.4754026050502132,332.1862923370361,50,21,0,56566.3984375,0.00012205050734337419,6.903957627884324,0.009880478265257316,0.01394866130692263,0.08994257833107791,0.0,0.9867234230041504,9.439887804774117e-09,1.3358913530936434e-08,1.5117449493118329e-05,0.00021273082165862434,0.0030968562234193263,0.1594148748802155,6.59605248074513e-06,0.01045301603153348,0.6845840394496929,0.27450328410002506,25ecb6da4ec05a904c460b1f8376e55cbafd0d93d7e83a3a1ae29ee32ab61be6,25ecb6da4ec05a904c460b1f8376e55cbafd0d93d7e83a3a1ae29ee32ab61be6,51e724fec2218cc207260c91745fcfedd7b8eb482635f6b338739d05721426ba,51e724fec2218cc207260c91745fcfedd7b8eb482635f6b338739d05721426ba,808864fc80c46f05331b000facc808797284f30369695502c42c97265e9eeb24,c900db8e9d2f62f1c350f72969370f297233c47c733256a39920dcc9e6957820,True
123,dp_fisher_wiener_adaptive_beta_adam,dp_fisher_wiener_adaptive_beta,0.001,91dd788dafed093ef93b8c11550057107c7dfcef533df02a5c2e7b37b8983963,1100,22,conv1,0.04096443441825384,21,0.04096443441825384,True,False,none,0.03411759443630179,0.0010297611929389514,0.02513793263749023,50,17,5,3.1423797607421875,0.00016004125063773245,0.0005029103868878781,2.0601439561927152e-05,0.007259495535254246,0.00899779453659244,0.0010119040962308645,0.026800870895385742,0.0014276719302870335,0.0014771970454603434,0.0024950193474069238,0.005896616727113724,0.023403836973011474,0.1277089645038359,0.03371435757726431,0.057516857981681824,0.3689062178134916,0.06284296533388896,aad180b1ba5758fa8bfbc24de5b0f4733631da1b590dce161a6dce534316195d,aad180b1ba5758fa8bfbc24de5b0f4733631da1b590dce161a6dce534316195d,d00a846cab1e3f58b9f1e3c162e5d9e703d8d1d9c672808b6d98b35bb98701c9,d00a846cab1e3f58b9f1e3c162e5d9e703d8d1d9c672808b6d98b35bb98701c9,15a66ab19a0827c9dabbabf930c92501fbffa3cfa0ab95fce785016444ccbe9d,17b602d14435f2df258c9dd215ef79b6655b86823d3444d15bb623b9a575a023,True
123,dp_fisher_wiener_adaptive_beta_adam,dp_fisher_wiener_adaptive_beta,0.001,91dd788dafed093ef93b8c11550057107c7dfcef533df02a5c2e7b37b8983963,1100,22,conv2,0.0094242823260166,21,0.0094242823260166,True,False,none,0.029281697461022566,0.00413966226838805,0.43925490824485713,50,8,14,27.608779907226562,0.00032003282103687525,0.008835715719095916,8.327027948918269e-05,0.0009695730976659433,0.007426480603745975,7.654205546714365e-06,0.08839651197195053,1.0237261176371248e-05,1.5484393770748284e-05,3.562252823030576e-05,9.33381961658597e-05,0.0004531313112238422,0.031353067773658226,0.0010850967490114271,0.003765766625292599,0.045895347371697426,0.06623374769441068,d95133c4137d166866639a1b33e97b45d15feac30cd156d73160399e6bbf707e,d95133c4137d166866639a1b33e97b45d15feac30cd156d73160399e6bbf707e,019b6b2a849cac7df887f8c5257f961ab9af711006f0cd3fe1a707937b27b3f8,019b6b2a849cac7df887f8c5257f961ab9af711006f0cd3fe1a707937b27b3f8,2a2641c359599969e9536b8dababdd41b36768d31498580f1d49352b342b2531,29c170b26bf3ed73ba28af1b3735d498116a187919c0382d1ff3d1518083d603,True
123,dp_fisher_wiener_adaptive_beta_adam,dp_fisher_wiener_adaptive_beta,0.001,91dd788dafed093ef93b8c11550057107c7dfcef533df02a5c2e7b37b8983963,1100,22,fc1,0.00018481430153873576,21,0.00018481430153873576,True,False,none,0.00024370450599781843,0.0960367435801932,519.6391338798236,50,19,3,8559.6953125,0.0012865201570093632,11.01222055738981,0.002035215850704505,0.00040036338013579403,0.010415508536869473,0.0,0.45014429092407227,9.866175432193813e-09,7.13336731905656e-08,2.9836276382866345e-07,1.0383996595919598e-06,5.141653673490509e-06,0.031029191326107517,5.338141636457294e-05,0.0016117907944135368,0.027067745104432106,0.07366360006377323,2d6153c0f4fa05ac8ed1444cd2cf9d4df95bd631dea4b2a0ece4d2b19cdab18e,2d6153c0f4fa05ac8ed1444cd2cf9d4df95bd631dea4b2a0ece4d2b19cdab18e,5827a306dba46187eca5923b392081d30f036c71a91e6bc9bacfcb2b7731e66e,5827a306dba46187eca5923b392081d30f036c71a91e6bc9bacfcb2b7731e66e,dfd2760693ae51ba3e8711e1b85fc8592c8cf367802719496d13c1f7921ca214,23d5a7f8fa0883ad49f281d852b0679f16efd0b158fcb0a11dad770e73f68014,True
123,dp_fisher_wiener_adaptive_beta_adam,dp_fisher_wiener_adaptive_beta,0.001,91dd788dafed093ef93b8c11550057107c7dfcef533df02a5c2e7b37b8983963,1100,22,fc2,0.0011994775230400245,21,0.0011994775230400245,True,False,none,0.001431132518159027,0.4140570997333986,345.1978813942162,50,22,0,72575.59375,0.0001225442683789879,8.893723038264397,0.01066782088054138,0.013230410199125936,0.08919702255781682,0.0,0.9872731566429138,7.935082901866508e-09,1.0812834849716069e-08,1.3084250895190053e-05,0.0001922097035276238,0.002330158883705744,0.15919836987405658,6.615406027776771e-06,0.010790723841637373,0.660682177543641,0.2717627417866408,140af9e9ce5e7e3ed52228d91ea9dba69fb5b69462e6f9c9de7d5386facf307d,140af9e9ce5e7e3ed52228d91ea9dba69fb5b69462e6f9c9de7d5386facf307d,666d716c1443b45d3fbdb033e4869d5a724c7b60290c97f799a3a3f3e8e4c0f7,666d716c1443b45d3fbdb033e4869d5a724c7b60290c97f799a3a3f3e8e4c0f7,b59e09e538c45bb69cf19b6a24e333e1c4262334c6584ea070fc23551861c4cb,a53543d599d659c085fab6d2bbd18e6aa85e522482873db62b0ebeb62549a570,True
123,dp_fisher_wiener_adaptive_beta_adam,dp_fisher_wiener_adaptive_beta,0.001,91dd788dafed093ef93b8c11550057107c7dfcef533df02a5c2e7b37b8983963,1150,23,conv1,0.04096443441825384,22,-0.0837805044262325,False,True,negative,0.04096443441825384,-0.0021067042947329087,0.025145519344393907,50,17,6,3.1417205333709717,0.0001600452815182507,0.0005028175472150259,2.0597636437237184e-05,0.007258129333058605,0.008998977532419997,0.001007891376502812,0.026806000620126724,0.0014247182523831727,0.0014760848134756088,0.0024921958101913333,0.005887731094844639,0.023407176509499528,0.12767719054827467,0.033646799437701706,0.05745638348162174,0.3689405232667921,0.06284584951568734,74c11742b7d0c3d1b5f191950072d7706c09bbd2e98cfb1bf9b5451479de62c0,74c11742b7d0c3d1b5f191950072d7706c09bbd2e98cfb1bf9b5451479de62c0,0aabd0ceeeb8b251d4811d18d86869f37c3182d55b23044dba2bba34f265ad32,0aabd0ceeeb8b251d4811d18d86869f37c3182d55b23044dba2bba34f265ad32,d71fe3eb10b4734aa601bdb8f24cacd1f2b6b563c05f4360c661f948013b5f7f,89575d4cc8d78edb57837a1417ac5be76066b601d977828554aa0c82f54249c1,True
123,dp_fisher_wiener_adaptive_beta_adam,dp_fisher_wiener_adaptive_beta,0.001,91dd788dafed093ef93b8c11550057107c7dfcef533df02a5c2e7b37b8983963,1150,23,conv2,0.03575496859368534,22,0.03575496859368534,True,False,none,0.0094242823260166,0.01579603690195032,0.4417857859547958,50,9,14,27.528249740600586,0.0003200357605237514,0.00881002434162087,0.0003150021436442576,0.0031915359624584763,0.022714650652367635,2.9395378078334033e-05,0.2680472433567047,3.8995614158920946e-05,5.9474427871464286e-05,0.00013590802700491622,0.0003548969398252666,0.0017212102422490716,0.03137239203798376,0.0010894891107454895,0.003787214169278741,0.046003660559654234,0.2028804026790498,61077636265297589bdbc78ad6e648c9b70bb2f08261ea1eeac8ed8143b5f1d7,61077636265297589bdbc78ad6e648c9b70bb2f08261ea1eeac8ed8143b5f1d7,e5e764f7c2edb47f84717e3fb97c7573b86bf617eef048d5fe46bcbe5bcc4b55,e5e764f7c2edb47f84717e3fb97c7573b86bf617eef048d5fe46bcbe5bcc4b55,b2d062644f457954d6e50075cd77b0a2ad286ddb0c70c457c8ed7e1c1831c436,94619258971763e56b6b0f6cbc8a068b3ba1d416e90b6920507b532e47171c7a,True
123,dp_fisher_wiener_adaptive_beta_adam,dp_fisher_wiener_adaptive_beta,0.001,91dd788dafed093ef93b8c11550057107c7dfcef533df02a5c2e7b37b8983963,1150,23,fc1,0.00018481430153873576,22,-6.095126270136061e-06,False,True,negative,0.00018481430153873576,-0.0033560437405939503,550.6110278694905,50,19,4,8676.94140625,0.001287075225263834,11.167876315050307,0.0020639832608370127,0.00040438456810802263,0.0105047601359475,0.0,0.46567240357398987,2.0191622596144043e-08,7.555838799078174e-08,2.967445027479698e-07,1.0460935300216079e-06,4.843373199037159e-06,0.03093977924903965,0.00010924163507297635,0.001603062730282545,0.02553756721317768,0.07427812621357234,b0802a720f9711b071d4b6494e0a038a11265ca1004c54cc15c7658c2344df49,b0802a720f9711b071d4b6494e0a038a11265ca1004c54cc15c7658c2344df49,44d1d412d55adfefea8496c2e169a0411d113978e77ba5dfb2c8183fd4b4e3e5,44d1d412d55adfefea8496c2e169a0411d113978e77ba5dfb2c8183fd4b4e3e5,949bb6ee8d8e579d179ddaf592d5b76513cdef0d1fb6fbcaf46194e72a24d709,a3c6815e654dea26a51a26174f2e3a77dd1a2ac26103e54522b42b34381c6f46,True
123,dp_fisher_wiener_adaptive_beta_adam,dp_fisher_wiener_adaptive_beta,0.001,91dd788dafed093ef93b8c11550057107c7dfcef533df02a5c2e7b37b8983963,1150,23,fc2,0.0015458792497768652,22,0.0015458792497768652,True,False,none,0.0011994775230400245,0.6874310949057695,444.6861519132199,50,23,0,83105.59375,0.00012308373698033392,10.228947042719483,0.01581271698040648,0.014557042212912805,0.09115326975909656,0.0,0.9921166896820068,1.0096853930718908e-08,1.156096218757341e-08,1.2436033102858346e-05,0.0002306694077560678,0.0023860243149101752,0.1559317395854299,6.531420376632014e-06,0.007980527821928263,0.6074062585830691,0.28191644266758575,8efa42979be79bd4e3009c8359597ef64e3191d1edac2fe5f72f958aa6bc1b58,8efa42979be79bd4e3009c8359597ef64e3191d1edac2fe5f72f958aa6bc1b58,5dc6f66774dfe9797515f40b693e0ac61cef2ef796d885dfed920fc6f4cff38a,5dc6f66774dfe9797515f40b693e0ac61cef2ef796d885dfed920fc6f4cff38a,c145fec5d257b02303ce2b8bd60bb07347b74f82409cc4b4a95e1d0de7139943,823fac9fa2325b903530821f6158c8ffc7ddfe9b5593e561f6ee577d5932e838,True
