seed,run_id,method,learning_rate,config_fingerprint,refresh_step,interval_index,layer,beta_train,beta_source_interval,beta_raw_previous,beta_update_accepted,beta_fallback_used,beta_fallback_reason,previous_beta_train,numerator_previous,denominator_previous,previous_interval_n_steps,accepted_update_count,fallback_count,trace_A,trace_G,trace_F,beta_scaled_trace_F,H_mean,H_std,H_min,H_max,H_q10,H_q25,H_q50,H_q75,H_q90,H_beta1_mean,H_beta1_q10,H_beta1_q50,H_beta1_q90,H_fro_ratio_vs_beta1,H_hash,H_hash_copy,H_beta1_hash,H_beta1_hash_copy,H_stats_digest,H_beta1_stats_digest,beta_algorithm_active
456,dp_fisher_wiener_adaptive_beta_alpha0p50_adam,dp_fisher_wiener_adaptive_beta,0.001,e26fe49698c962feabd173bb549a01a7bb961c05b301e53a307778215cd862ec,0,0,conv1,1.0,,,False,False,initial,1.0,,,0,0,0,3.141967296600342,0.00016000017058104277,0.0005027153034161125,0.0005027153034161125,0.1276057987124659,0.13254656488341246,0.02396935597062111,0.4019595980644226,0.033527367003262046,0.034662227146327496,0.05729011818766594,0.1262633204460144,0.3685660660266874,0.1276057987124659,0.033527367003262046,0.05729011818766594,0.3685660660266874,0.9999999999995702,27ae0bb9e9004c9c4378d262d09beb188483c1b8115b6a039db58a74bb9bf35e,27ae0bb9e9004c9c4378d262d09beb188483c1b8115b6a039db58a74bb9bf35e,27ae0bb9e9004c9c4378d262d09beb188483c1b8115b6a039db58a74bb9bf35e,27ae0bb9e9004c9c4378d262d09beb188483c1b8115b6a039db58a74bb9bf35e,f67c447bc32774a1a31fcb6fe5afdedd21c7a3271f824a616a1ec1a3ef182311,56b1871a8dbbb6cfdeeabb9af82e52d60d909f06592ac8ec1b221854189afa3a,True
456,dp_fisher_wiener_adaptive_beta_alpha0p50_adam,dp_fisher_wiener_adaptive_beta,0.001,e26fe49698c962feabd173bb549a01a7bb961c05b301e53a307778215cd862ec,0,0,conv2,1.0,,,False,False,initial,1.0,,,0,0,0,13.0750093460083,0.0003200027858838439,0.004184039416179952,0.004184039416179952,0.02038363775426315,0.07919438507916275,0.0007553300820291042,0.8334209322929382,0.0009425748721696436,0.0015327091387007385,0.003250325098633766,0.008155188523232937,0.03566944971680641,0.02038363775426315,0.0009425748721696436,0.003250325098633766,0.03566944971680641,0.9999999999998205,89dfa30f2e55d0547c262929fdecd0da5d605ae2bec11c96aedd06d86ff45393,89dfa30f2e55d0547c262929fdecd0da5d605ae2bec11c96aedd06d86ff45393,89dfa30f2e55d0547c262929fdecd0da5d605ae2bec11c96aedd06d86ff45393,89dfa30f2e55d0547c262929fdecd0da5d605ae2bec11c96aedd06d86ff45393,0e4c1a100a4b9e1d94388b49ec65bdde7f84b23f31a7679f47678177890c8c90,28af270e67eb8cff378bbb925c94b121b3eb07526e0191174ba55b4274e4d591,True
456,dp_fisher_wiener_adaptive_beta_alpha0p50_adam,dp_fisher_wiener_adaptive_beta,0.001,e26fe49698c962feabd173bb549a01a7bb961c05b301e53a307778215cd862ec,0,0,fc1,1.0,,,False,False,initial,1.0,,,0,0,0,40.478214263916016,0.0012822934659197927,0.051904949662720856,0.051904949662720856,0.002671026961484712,0.025373126086055207,4.717825959232869e-06,0.9538115859031677,4.5468987809726966e-05,0.00017227910575456917,0.0005424034898169339,0.00135288224555552,0.0028578196186572315,0.002671026961484712,4.5468987809726966e-05,0.0005424034898169339,0.0028578196186572315,0.9999999999999125,77dd84c97d41a94e520e643c89a2ef418eef3d1726c5fae335df8fcb71a6acee,77dd84c97d41a94e520e643c89a2ef418eef3d1726c5fae335df8fcb71a6acee,77dd84c97d41a94e520e643c89a2ef418eef3d1726c5fae335df8fcb71a6acee,77dd84c97d41a94e520e643c89a2ef418eef3d1726c5fae335df8fcb71a6acee,0858659cd229453d255dde681f3eefdbd49491beec69e784a65fecb258400cd4,bc33ab08951db87c623e19c7442f65f8d8761e65a31c02d035e28dc98343776b,True
456,dp_fisher_wiener_adaptive_beta_alpha0p50_adam,dp_fisher_wiener_adaptive_beta,0.001,e26fe49698c962feabd173bb549a01a7bb961c05b301e53a307778215cd862ec,0,0,fc2,1.0,,,False,False,initial,1.0,,,0,0,0,1.6148760318756104,0.00011374336463632062,0.00018368143333608207,0.00018368143333608207,0.004255174136214073,0.043985676162686595,5.737798346672207e-06,0.5102391242980957,6.6187838910991555e-06,1.1086057838838315e-05,0.00018459638522472233,0.0005123249429743737,0.0009632677305489782,0.004255174136214073,6.6187838910991555e-06,0.00018459638522472233,0.0009632677305489782,0.99999999999937,f4995627a67ca7b782900c8e3ac26859e519b60c32d1174276d6934d99dc120e,f4995627a67ca7b782900c8e3ac26859e519b60c32d1174276d6934d99dc120e,f4995627a67ca7b782900c8e3ac26859e519b60c32d1174276d6934d99dc120e,f4995627a67ca7b782900c8e3ac26859e519b60c32d1174276d6934d99dc120e,656f0a30dff9b51158d58fa35bd0a40d5f58c7598ec2f75b9b5857c881530096,b2e232efbe41c6f4d82beceb833037ffe029f62e63acc7de5e5e10b14b7f7a24,True
456,dp_fisher_wiener_adaptive_beta_alpha0p50_adam,dp_fisher_wiener_adaptive_beta,0.001,e26fe49698c962feabd173bb549a01a7bb961c05b301e53a307778215cd862ec,50,1,conv1,2.7269901312569944,0,2.7269901312569944,True,False,none,1.0,0.06854498356238022,0.025135765170805624,50,1,0,3.1413280963897705,0.000160000694449991,0.0005026146769176315,0.0013706252637793038,0.2473008483182639,0.20366950195573008,0.06309699267148972,0.646441638469696,0.0867637649178505,0.08959742821753025,0.14244676381349564,0.2826846316456795,0.6139747202396391,0.12766141832107678,0.033683441579341895,0.057459961622953415,0.3685087293386457,1.7421604531746828,23c15e548060a704500aa233293e9f4e1a840f65f60e72854a0bdcca6d1d7cfb,23c15e548060a704500aa233293e9f4e1a840f65f60e72854a0bdcca6d1d7cfb,e4437b2ceb17d8e898c5844903b9483bd1e8aba57c49fbe524f22caea2b4263e,e4437b2ceb17d8e898c5844903b9483bd1e8aba57c49fbe524f22caea2b4263e,bf6b089068d1fa8c73bc25fbca9263e62c0d37d3b607f9473989164d6ec299bd,08e3c3c80ae305f2ac81a2dd9cbb60cc866b4a9245faccd521604ce3876e703e,True
456,dp_fisher_wiener_adaptive_beta_alpha0p50_adam,dp_fisher_wiener_adaptive_beta,0.001,e26fe49698c962feabd173bb549a01a7bb961c05b301e53a307778215cd862ec,50,1,conv2,0.6615394370809844,0,0.6615394370809844,True,False,none,1.0,0.1383953540052168,0.2092019708089976,50,1,0,15.274262428283691,0.000320008781272918,0.004887898104517785,0.003233537360571906,0.01761517660606528,0.07488979746166445,0.0005490221665240824,0.7872358560562134,0.00075501132523641,0.0010629946773406118,0.0023093734635040164,0.0058678650530055165,0.028456727601587774,0.023151437673431214,0.0011408538324758411,0.003486788831651211,0.042398632317781446,0.866363614472545,d6727b8e772c054631aa95984fa951b13dff6ff4b62ae81b3d4efb54465e53e2,d6727b8e772c054631aa95984fa951b13dff6ff4b62ae81b3d4efb54465e53e2,5871ba519a39e934158afce49e48bf0683cad5a5739bd02f9384e093cb5c997e,5871ba519a39e934158afce49e48bf0683cad5a5739bd02f9384e093cb5c997e,aada2a8ad5a2436d58198258e188063116e743119a867ff24d96a820c5de704b,e7c8d57ba0320bf73bad72231092d4507dec8546b097b329d047210fa845703c,True
456,dp_fisher_wiener_adaptive_beta_alpha0p50_adam,dp_fisher_wiener_adaptive_beta,0.001,e26fe49698c962feabd173bb549a01a7bb961c05b301e53a307778215cd862ec,50,1,fc1,0.18087851778507352,0,0.18087851778507352,True,False,none,1.0,0.46942451803509,2.595247483136043,50,1,0,206.15426635742188,0.0012837760150432587,0.2646559025484976,0.0478705673760431,0.0024287862056079144,0.02723653984286981,1.1806417887783027e-06,0.9509202837944031,2.688570566533599e-05,6.369618313328829e-05,0.0001792521434254013,0.00045732478611171246,0.0011104345321655273,0.008187031006877076,0.00014862146053928882,0.0009902046294882894,0.006108399946242571,0.5487174699127914,32da2e37537fda3e9f718829cb3c990b6cfc1114ddc72eaaa7404d37ff14eba8,32da2e37537fda3e9f718829cb3c990b6cfc1114ddc72eaaa7404d37ff14eba8,8bf6a7afba0f2934235fd2febb9b095cb36c80e0de403bc798bcc7213aec32e2,8bf6a7afba0f2934235fd2febb9b095cb36c80e0de403bc798bcc7213aec32e2,507ce035e5116bd24384e819650f5e8d9a91eb552dfb53c0a0b27bb2c1f3e540,e3d06904891eaf16a765be5468aeac67e64303b419c9f169af8420a7c3b5ca91,True
456,dp_fisher_wiener_adaptive_beta_alpha0p50_adam,dp_fisher_wiener_adaptive_beta,0.001,e26fe49698c962feabd173bb549a01a7bb961c05b301e53a307778215cd862ec,50,1,fc2,11.485574574836608,0,11.485574574836608,True,False,none,1.0,0.10548434002972248,0.009184071666804104,50,1,0,21.549205780029297,0.00011380527575965971,0.002452413306197887,0.028167375916657435,0.05052731320453838,0.1285650922175813,6.564651994267479e-05,0.9936885237693787,7.62993389798794e-05,0.0006174909503897652,0.01088471943512559,0.02832718938589096,0.11190004423260876,0.01249648010354238,6.643520464422181e-06,0.0009571977716404945,0.010853058937937225,1.6540435815178585,9df426cad03015951beb773dfafb5badebbe1785347760f056c01893276e11ec,9df426cad03015951beb773dfafb5badebbe1785347760f056c01893276e11ec,64e501bbd0fe60c5b02760c4224dbba5fa677ddcd434a6fd5bc0f7e14ff68473,64e501bbd0fe60c5b02760c4224dbba5fa677ddcd434a6fd5bc0f7e14ff68473,74b55a233acfe98da7dfc86f492285925afd5f96949cb991f33fde074159740a,80c3b6b0858cf6db3c9a3c1b04c5d9a74a359685f3cc19bca7417a2d45f53c24,True
456,dp_fisher_wiener_adaptive_beta_alpha0p50_adam,dp_fisher_wiener_adaptive_beta,0.001,e26fe49698c962feabd173bb549a01a7bb961c05b301e53a307778215cd862ec,100,2,conv1,3.147316255819991,1,3.147316255819991,True,False,none,2.7269901312569944,0.07909436715382873,0.025130733845881575,50,2,0,3.142642021179199,0.00016000401228666306,0.0005028353325693402,0.0015825818161961359,0.2686544230207801,0.21134337929922653,0.07244471460580826,0.6786352396011353,0.09913802891969682,0.10218837112188339,0.16093593835830688,0.3126463145017624,0.6473722398281095,0.12771095426287501,0.03380515910685063,0.05749661289155483,0.36855033934116344,1.8583860867889441,3e18a9ef135e70cceadaf934aec7994f818e9a0396b6cc31f171e2b8f57ba9ae,3e18a9ef135e70cceadaf934aec7994f818e9a0396b6cc31f171e2b8f57ba9ae,f2a0844d92d4a10caaea1a23464ef8a14de91476667ffd5670c2a170af31b22f,f2a0844d92d4a10caaea1a23464ef8a14de91476667ffd5670c2a170af31b22f,ff82d5eccf32d931553967d21c5e4c56733ac21466e82539b98ca3d1ff6d33ba,167e351389510a7e6045538adbfa3831ee2763214753db0bce943ad98954d5a7,True
456,dp_fisher_wiener_adaptive_beta_alpha0p50_adam,dp_fisher_wiener_adaptive_beta,0.001,e26fe49698c962feabd173bb549a01a7bb961c05b301e53a307778215cd862ec,100,2,conv2,0.36523650505418814,1,0.36523650505418814,True,False,none,0.6615394370809844,0.08926194103775333,0.24439490522588925,50,2,0,20.24676513671875,0.00032002368243411183,0.006479444336431328,0.0023665296041313314,0.01427738773341091,0.06818420012536647,0.0003328139428049326,0.7280360460281372,0.0004622089269105345,0.0006822905997978523,0.001433150318916887,0.0035477353958413005,0.018203146010637283,0.027300109389912466,0.0012644900940358638,0.003914147149771452,0.048310964927077295,0.6935456720970047,aca6b808f3f292da7314380e33a58dee7965086ad9a5517e14ce38e14612272f,aca6b808f3f292da7314380e33a58dee7965086ad9a5517e14ce38e14612272f,617c999afdf0985a4b11f26abfe6671e13a2840acfcccadd7d2ff91c4a07d84d,617c999afdf0985a4b11f26abfe6671e13a2840acfcccadd7d2ff91c4a07d84d,e94dcc173938fa322225138fbe387f779b0a223d98bd34cb35d2662d3cee6831,79533fae68dc0516ddf680158e7e970e2c1086cee8ee86030422904f43aa03d4,True
456,dp_fisher_wiener_adaptive_beta_alpha0p50_adam,dp_fisher_wiener_adaptive_beta,0.001,e26fe49698c962feabd173bb549a01a7bb961c05b301e53a307778215cd862ec,100,2,fc1,0.020753998556534533,1,0.020753998556534533,True,False,none,0.18087851778507352,0.27463341097349314,13.232795127424879,50,2,0,932.3973388671875,0.0012863611336797476,1.199399697865175,0.0248923395982018,0.0018094923495773762,0.02546634528358751,2.933632856638724e-07,0.9100005030632019,5.426328289104276e-06,1.2224183365106e-05,3.407108488318045e-05,9.469841461395845e-05,0.00029025428520981225,0.018428384942243338,0.00026139250549022107,0.0016390287200920284,0.013796516880393028,0.27084076981438343,6c2ed3a968c1207d1a294973ceca853f4357492b407c14831fab86378b2c6481,6c2ed3a968c1207d1a294973ceca853f4357492b407c14831fab86378b2c6481,ab09ceb65adffa16a3de5bb9a4ff5093c85ca5ce9f19eacf6baf367222525fa4,ab09ceb65adffa16a3de5bb9a4ff5093c85ca5ce9f19eacf6baf367222525fa4,0bac58a8a0fef7a10a23829b112d220c9c43dcf7e07e4b6178f919e1a473565f,05c95c894ec70b93a7f90adfe7f4476cc16efb263210e5c30580712889efab25,True
456,dp_fisher_wiener_adaptive_beta_alpha0p50_adam,dp_fisher_wiener_adaptive_beta,0.001,e26fe49698c962feabd173bb549a01a7bb961c05b301e53a307778215cd862ec,100,2,fc2,1.0154012223320932,1,1.0154012223320932,True,False,none,11.485574574836608,0.12450917343884121,0.12262066530989435,50,2,0,198.39849853515625,0.00011553520744200796,0.02292201168444219,0.023275038682693122,0.04513010527615092,0.1388540811305518,5.599231371888891e-06,0.9928332567214966,6.779160230507841e-06,0.001481274317484349,0.003626087331213057,0.012170001165941358,0.09080950692296029,0.04476739310775495,6.6763370341504926e-06,0.003571284585632384,0.08955548331141473,1.0047344451070297,1406a374057776e772ed8f5483b402a4758a5b92e9d859215cc8aeb90236b255,1406a374057776e772ed8f5483b402a4758a5b92e9d859215cc8aeb90236b255,edb51818ec039e59069490ee7cea7d9a1488be5db761ebebbf0552e2d8a2e9e2,edb51818ec039e59069490ee7cea7d9a1488be5db761ebebbf0552e2d8a2e9e2,4dba736b3c55c8abc9dbe0d9d411afa7b71080303075c5d909389a693553d1b9,95a4a41bd15aac70288106875ee71917fed51ef668e2ebe7d1857645fd19f891,True
456,dp_fisher_wiener_adaptive_beta_alpha0p50_adam,dp_fisher_wiener_adaptive_beta,0.001,e26fe49698c962feabd173bb549a01a7bb961c05b301e53a307778215cd862ec,150,3,conv1,0.36030111576013846,2,0.36030111576013846,True,False,none,3.147316255819991,0.009058606568417678,0.02514176662846701,50,3,0,3.1408979892730713,0.00016000785399228334,0.0005025683468722619,0.00018107593612380426,0.056109577364986764,0.06489841452509323,0.008917533792555332,0.19387279450893402,0.01251704078167677,0.012929944088682532,0.02164665050804615,0.049679042771458626,0.17375639826059328,0.12780716847628357,0.03397856242954731,0.05783703923225403,0.3684590965509413,0.4669142781906854,92e343e2f7041c678acb2a185a7b897ca250d00e215c16268be9a8e60c93a9cc,92e343e2f7041c678acb2a185a7b897ca250d00e215c16268be9a8e60c93a9cc,268e08a2224287e5225cb4cc00ad44065165fefa507b9ec9380c4d0c44eeaca5,268e08a2224287e5225cb4cc00ad44065165fefa507b9ec9380c4d0c44eeaca5,d08be8420eb12bfeab5986a7ae9ffeea0ef424a36e359f5c79e4ca2f23bf8c14,3eff308d2182e865c102a33b57b8b61a59adb7bc8ddbce5ce4c402150aa044c8,True
456,dp_fisher_wiener_adaptive_beta_alpha0p50_adam,dp_fisher_wiener_adaptive_beta,0.001,e26fe49698c962feabd173bb549a01a7bb961c05b301e53a307778215cd862ec,150,3,conv2,0.02294905445735397,2,0.02294905445735397,True,False,none,0.36523650505418814,0.007434856046507815,0.3239722168215664,50,3,0,23.514192581176758,0.00032003590604290366,0.007525385927584227,0.00017270049146473566,0.0019053909193318978,0.013872703616156714,2.0267554646125063e-05,0.16396668553352356,3.0466920725302772e-05,4.558249293040717e-05,9.54391980485525e-05,0.00023117968521546572,0.0011823360924609005,0.029523562469869924,0.0013258695951662957,0.004141912097111344,0.04905093014240265,0.13139088766990178,621c65462416d12f03923b49763e7b803b38e91c95d5fd1a49577550309e83f8,621c65462416d12f03923b49763e7b803b38e91c95d5fd1a49577550309e83f8,74caa4d403925bece6bb3303034a3533b7bacd9879aa3eac3e1604abbdb0943a,74caa4d403925bece6bb3303034a3533b7bacd9879aa3eac3e1604abbdb0943a,bfde7877fed5b06a0229cbcc49a49ac1b5006d8555a9d2e5521163af31a50d8d,58832a1ab2fd5b6414c4b4377e8c260593db869b5bcb6e669f063a3e22fe10b0,True
456,dp_fisher_wiener_adaptive_beta_alpha0p50_adam,dp_fisher_wiener_adaptive_beta,0.001,e26fe49698c962feabd173bb549a01a7bb961c05b301e53a307778215cd862ec,150,3,fc1,0.0030686587270713998,2,0.0030686587270713998,True,False,none,0.020753998556534533,0.18402741750503848,59.969984893258754,50,3,0,1556.447998046875,0.0012880843132734299,2.0048362507100137,0.0061521582570903885,0.0007950724096653727,0.017650759885916658,1.999733711954832e-09,0.7138133645057678,9.223187817042344e-07,2.2025383259460796e-06,6.190953399709542e-06,1.768627362253028e-05,6.0867247157148086e-05,0.023117450247320138,0.0003004708531079814,0.002013428951613605,0.019450511783361435,0.16193880671326055,23372c3b05d7f187dea78a057a86e0fff5c3552fe168099d005016b76455c643,23372c3b05d7f187dea78a057a86e0fff5c3552fe168099d005016b76455c643,e8f8ad2ca4169a89a568225be8bf764e5e1e61befea60bc07e4560aca024486a,e8f8ad2ca4169a89a568225be8bf764e5e1e61befea60bc07e4560aca024486a,b9108b733eed0d8a8e236e098c8ad685848f8dfdd183c2b4364bf2323aa071fd,c76180db5fa30188919cb35398ed436ee3d10aca7a32d3d304146903f1fe8ca4,True
456,dp_fisher_wiener_adaptive_beta_alpha0p50_adam,dp_fisher_wiener_adaptive_beta,0.001,e26fe49698c962feabd173bb549a01a7bb961c05b301e53a307778215cd862ec,150,3,fc2,0.07380643363734045,2,0.07380643363734045,True,False,none,1.0154012223320932,0.08458959671110625,1.1461005842221095,50,3,0,406.4312744140625,0.0001166239962913096,0.04739963943993786,0.0034983983427576385,0.016962552422235773,0.08920448138231737,3.7724254298154847e-07,0.9534469842910767,8.91161636218385e-07,0.00019909774709958583,0.0004980492813047022,0.0018725220870692283,0.017753110826015585,0.06827042767682197,1.2074172354914481e-05,0.00670613395050168,0.19670653343200784,0.48536457673564226,537e5514aa5381971a0f87244b6c4e265d367ab9c5bc935799739ebe0c3e2ac1,537e5514aa5381971a0f87244b6c4e265d367ab9c5bc935799739ebe0c3e2ac1,a5d0dff688228ce94733207df61c0fb923efcc5cf69ccb75901bb2f91908b614,a5d0dff688228ce94733207df61c0fb923efcc5cf69ccb75901bb2f91908b614,b944aa0ded9b2c209d41abf46f55e54a4506399d26ac3ae186fb4b29d75a2536,2c55bbef6e0945198ee19890209e832dcad582b8828f9dad876d8451e5c037d7,True
456,dp_fisher_wiener_adaptive_beta_alpha0p50_adam,dp_fisher_wiener_adaptive_beta,0.001,e26fe49698c962feabd173bb549a01a7bb961c05b301e53a307778215cd862ec,200,4,conv1,0.20465330278891952,3,0.20465330278891952,True,False,none,0.36030111576013846,0.005142613603228788,0.025128417343613096,50,4,0,3.1411867141723633,0.0001600108516868204,0.0005026239614420447,0.00010286365376996498,0.033824971242574976,0.04035523986923499,0.00505970511585474,0.12021146714687347,0.007139594620093704,0.007380892871879041,0.012417007703334093,0.028836773242801428,0.1067308582365512,0.12781628880184145,0.03393599595874548,0.05785691924393177,0.36849025785922984,0.28655076681175135,57cfdf4566686e910c4cfbe67c16250beeb0914d62b7d9c0ccf5b4ab09886e80,57cfdf4566686e910c4cfbe67c16250beeb0914d62b7d9c0ccf5b4ab09886e80,650fed7ec58eb08f94845c7b074066ca34db95ab223ba67930a34243a42cdd6b,650fed7ec58eb08f94845c7b074066ca34db95ab223ba67930a34243a42cdd6b,aff44332ad132e4eb4b7e68fc87746635652f03418f7e785c57c7d085941c6a4,a359038a7842679a15c1faffa7aae02fdf18013dc6e26d3af0280903052b1155,True
456,dp_fisher_wiener_adaptive_beta_alpha0p50_adam,dp_fisher_wiener_adaptive_beta,0.001,e26fe49698c962feabd173bb549a01a7bb961c05b301e53a307778215cd862ec,200,4,conv2,0.04676371908575951,3,0.04676371908575951,True,False,none,0.02294905445735397,0.017595751676473828,0.37626929637921136,50,4,0,25.332260131835938,0.00032004620879888535,0.008107493815501243,0.0003791365632776327,0.0037461465567910886,0.02571409376783499,4.183412602287717e-05,0.3013714551925659,6.283216935116797e-05,9.341911390947644e-05,0.00020060493261553347,0.00048021326801972464,0.002446592692285776,0.030678911227883434,0.0013418905902653933,0.004272285616025329,0.049832934886217116,0.23683037268012797,df61303285b22bd12f99b27124d28fcf309aa660c06d9ed6ed795f35ebccb334,df61303285b22bd12f99b27124d28fcf309aa660c06d9ed6ed795f35ebccb334,7de181d04d55be96435759dcb86b37e5a7244abc8b91d08478472aee248394a5,7de181d04d55be96435759dcb86b37e5a7244abc8b91d08478472aee248394a5,2daf70e6ff7f3974418b6d14e974ab486f88461f045b07e87a3f21c5238d66cb,ccb6bdeb843a21b5d19bc8027ee1bb32a899fc55c4a24b58bcdc80de251bb683,True
456,dp_fisher_wiener_adaptive_beta_alpha0p50_adam,dp_fisher_wiener_adaptive_beta,0.001,e26fe49698c962feabd173bb549a01a7bb961c05b301e53a307778215cd862ec,200,4,fc1,0.0012444961526773388,3,0.0012444961526773388,True,False,none,0.0030686587270713998,0.12475055003783364,100.24181253550069,50,4,0,1937.23828125,0.001289242529310286,2.4975699815954613,0.0031082162331379634,0.0005231407512094147,0.013293701143249369,1.6488739262854324e-08,0.5629270076751709,4.0633370872456073e-07,1.0200594715570332e-06,2.794751253532013e-06,8.17707018541114e-06,2.9618456755997608e-05,0.025536760052126822,0.00032639817509334595,0.002240663394331932,0.02324697338044643,0.1149883024901601,9df21b346393878250abe56cb54c2f47deeb852598e5b441a0c3792889097561,9df21b346393878250abe56cb54c2f47deeb852598e5b441a0c3792889097561,d0d7662978b6d70811872e997685c9bbfea97fa024d1ca785bc6ba64333daf3a,d0d7662978b6d70811872e997685c9bbfea97fa024d1ca785bc6ba64333daf3a,e112fe69d0885e708d64cd6b1f653394141c552d480ad1ffb502830359f1e906,444d38957e8926df23bbd1a6d07bc7245534cf66bbc041fe1493529cda7eb709,True
456,dp_fisher_wiener_adaptive_beta_alpha0p50_adam,dp_fisher_wiener_adaptive_beta,0.001,e26fe49698c962feabd173bb549a01a7bb961c05b301e53a307778215cd862ec,200,4,fc2,0.029252981711362824,3,0.029252981711362824,True,False,none,0.07380643363734045,0.0693290392830847,2.369981971996893,50,4,0,555.5785522460938,0.00011740853369701654,0.06522966317272516,0.0019081621438300862,0.013031885052435238,0.08216608389539014,1.6463494034724135e-07,0.9176062345504761,2.9326174058041946e-07,0.00011963100951106753,0.0002845211565727368,0.0011201204324606806,0.010838231164962145,0.08323617655596219,1.0024923813034548e-05,0.009635253809392452,0.2724758654832857,0.3949088002723073,310371c802577cb67d0d634a7ac78bf99d7c48d7b7d2062442d56c7dce4cd464,310371c802577cb67d0d634a7ac78bf99d7c48d7b7d2062442d56c7dce4cd464,7bac69acc34e87824cf763612fb2e89d2ab28f365df825ca266f98eee4e97bf7,7bac69acc34e87824cf763612fb2e89d2ab28f365df825ca266f98eee4e97bf7,32a8cf0a685d3eeae429fcc540bc072b6d92cb422980cafdd648797a870ca4a1,1172ae98791503b3c5a1848037b50d8135c677b83b801f3cb685fae9f7878219,True
456,dp_fisher_wiener_adaptive_beta_alpha0p50_adam,dp_fisher_wiener_adaptive_beta,0.001,e26fe49698c962feabd173bb549a01a7bb961c05b301e53a307778215cd862ec,250,5,conv1,0.09871959557165502,4,0.09871959557165502,True,False,none,0.20465330278891952,0.002480941709909089,0.025131198072102234,50,5,0,3.1422362327575684,0.00016001344192773104,0.0005028000349535655,4.963621610403e-05,0.017051571824413258,0.020874439873098796,0.0024309016298502684,0.06215379014611244,0.0034285482717677953,0.003547743195667863,0.0059826187789440155,0.014099901542067528,0.0545376986265182,0.12768875097390264,0.0336666813120246,0.05743725597858429,0.3686446517705915,0.14653058159881835,82bd96dcf5ab72d644f5b8660805a88e8e99fd4a9a0d165d440dbef098393154,82bd96dcf5ab72d644f5b8660805a88e8e99fd4a9a0d165d440dbef098393154,fb78e4e63525c89fc2f855c2592595f6b7941647ac6620c2a9f8855d87994f4d,fb78e4e63525c89fc2f855c2592595f6b7941647ac6620c2a9f8855d87994f4d,4c1df37cd058a4f1ac75db14bc9387cf165fc2c0d59c88c7e8be1b8573d19f4b,8dc9117398ca33a4c1f28d8da510f51b7653e309f7b0cab098bd1e1a73b27815,True
456,dp_fisher_wiener_adaptive_beta_alpha0p50_adam,dp_fisher_wiener_adaptive_beta,0.001,e26fe49698c962feabd173bb549a01a7bb961c05b301e53a307778215cd862ec,250,5,conv2,0.00779465898728949,4,0.00779465898728949,True,False,none,0.04676371908575951,0.0031597574766695363,0.40537469077506216,50,5,0,26.60247802734375,0.0003200544451829046,0.008514241345531914,6.63656078239021e-05,0.0007829133741593304,0.005954319586131554,7.319059477595147e-06,0.07073353230953217,1.0497602943360107e-05,1.560223108754144e-05,3.3433114367653616e-05,7.93025792518165e-05,0.0004162896831985563,0.031232152328949925,0.0013449714169837534,0.004271056968718767,0.05071938261389732,0.05387684489344753,91c190d63b3b9131cafbfe771e1a2ecf1cd8f2ffc7ae87fdd5881407d2364343,91c190d63b3b9131cafbfe771e1a2ecf1cd8f2ffc7ae87fdd5881407d2364343,90216381808ead8cec1d4e660cd22115660f6e2cd0b347af934c7d8d726011e1,90216381808ead8cec1d4e660cd22115660f6e2cd0b347af934c7d8d726011e1,14f13c269f24f8015eb92c2f264615d8be8639ba65895026b64326904fefa4e0,4e89e84a3680ccab6b1ffed2ba6357e44abb34e38c95636b7c4c26270d69e529,True
456,dp_fisher_wiener_adaptive_beta_alpha0p50_adam,dp_fisher_wiener_adaptive_beta,0.001,e26fe49698c962feabd173bb549a01a7bb961c05b301e53a307778215cd862ec,250,5,fc1,0.0014087037190846704,4,0.0014087037190846704,True,False,none,0.0012444961526773388,0.1759168060873879,124.87849907977306,50,5,0,2261.396240234375,0.0012898796703666449,2.9169290369218857,0.004109088782617926,0.0006335531543014893,0.015062668390147384,1.3356295625044368e-08,0.6281986236572266,5.01254703522136e-07,1.2081247859896393e-06,3.2715043971620617e-06,1.0067850325867767e-05,3.7179882201598954e-05,0.027268928151631816,0.0003557005256880075,0.002316977479495108,0.025715230032801625,0.1252732412220897,87c4d0e443a98b8097a99a750d225b5bf1cd90010262ff42e4fc191b9807c8af,87c4d0e443a98b8097a99a750d225b5bf1cd90010262ff42e4fc191b9807c8af,84cdf8f8f488bff9151dea634d462bec42a3f542ccdd4d5d3be23e0d5b90e0e4,84cdf8f8f488bff9151dea634d462bec42a3f542ccdd4d5d3be23e0d5b90e0e4,a965192d9c35a7506d588b9798997b2009ba802ca4be11a6ff0c1ec86754beea,5e7adaa38328e7d2d41ec2e58f152c5ed7955b9bc5efb5d962c75d611cbb7040,True
456,dp_fisher_wiener_adaptive_beta_alpha0p50_adam,dp_fisher_wiener_adaptive_beta,0.001,e26fe49698c962feabd173bb549a01a7bb961c05b301e53a307778215cd862ec,250,5,fc2,0.0164984745164955,4,0.0164984745164955,True,False,none,0.029252981711362824,0.05380949677873956,3.261483158636258,50,5,0,649.1472778320312,0.00011786683899117634,0.07651293767778844,0.001262346752459201,0.011236359428119408,0.07746629054694266,1.1315309800252749e-09,0.879266619682312,1.7548372170494988e-06,8.991243157652207e-05,0.00022152420569909737,0.000809101591585204,0.00839085085317495,0.09534088223773071,0.0001063524810888339,0.013251952826976776,0.33900927007198395,0.34228706689150573,ba1e995e9be0ebddf71e79c63decc661dfc28ccf16572c60fa0ffc79fbe166f9,ba1e995e9be0ebddf71e79c63decc661dfc28ccf16572c60fa0ffc79fbe166f9,24d8dd2120773b89edeeb74c2268e73a6e1e7055eb8d2a09530454bcd04323f2,24d8dd2120773b89edeeb74c2268e73a6e1e7055eb8d2a09530454bcd04323f2,abfe5379b4136eb41f7e8aad72c9dc79ddb0281397f6a5b1ae830a6f0dade2a4,cb99366df222dc504e39d968c7ee0b1aee266b383ef05d8bf3294f703dcb17c0,True
456,dp_fisher_wiener_adaptive_beta_alpha0p50_adam,dp_fisher_wiener_adaptive_beta,0.001,e26fe49698c962feabd173bb549a01a7bb961c05b301e53a307778215cd862ec,300,6,conv1,0.14953781266437152,5,0.14953781266437152,True,False,none,0.09871959557165502,0.0037593808717262867,0.025140001747678276,50,6,0,3.1413803100585938,0.00016001604672055691,0.0005026712584613735,7.516836047956075e-05,0.025275382200197784,0.030565182267606794,0.003682469017803669,0.09103372693061829,0.00520097278058529,0.0053939331555739045,0.009076198097318411,0.021188628394156694,0.08033909276127808,0.12773330616764725,0.03377212788909674,0.05768943019211292,0.36861024498939493,0.2157274653696366,ff7d5b898c585fc55ed742d27ce6bc1c83af57dfac4677a940335d9294672131,ff7d5b898c585fc55ed742d27ce6bc1c83af57dfac4677a940335d9294672131,3bb8f8649d904a985d4f0d663c167949540baf4e491b284370b98c4e10869a5f,3bb8f8649d904a985d4f0d663c167949540baf4e491b284370b98c4e10869a5f,59647b9ebe17398fd151aee727560d9a148ab4900a656fc7341c279b00da4c3e,af773fff8c7b65bfa564f9d59b7ba01548c720380242f598b6cc96ff5af716ad,True
456,dp_fisher_wiener_adaptive_beta_alpha0p50_adam,dp_fisher_wiener_adaptive_beta,0.001,e26fe49698c962feabd173bb549a01a7bb961c05b301e53a307778215cd862ec,300,6,conv2,0.00779465898728949,5,-0.0064748890882392095,False,True,negative,0.00779465898728949,-0.0027564384191409858,0.4257120672765957,50,5,1,27.410690307617188,0.0003200632054358721,0.008773153403065947,6.838373902007736e-05,0.0008055260377314598,0.006127486328742803,7.728061063971836e-06,0.07281015813350677,1.0692244541132822e-05,1.5551931028312538e-05,3.38206700689625e-05,8.071711272350512e-05,0.0004134826274821535,0.0317331607078186,0.0013698753085918725,0.004320354666560888,0.05039447844028473,0.054809128600375394,cb9285f5718667653ea174f8b00472f9b6e6958af8e0a5f49807b669ec468424,cb9285f5718667653ea174f8b00472f9b6e6958af8e0a5f49807b669ec468424,5710826b9f1f56cb74d7a9b37073d5b29196e7d836e802ec24ee91618a25aad7,5710826b9f1f56cb74d7a9b37073d5b29196e7d836e802ec24ee91618a25aad7,03a0c4ca1e7449af53254de8268a30ae4f69dd2f5ba35b06a2f2fc1644737475,d13e20dc1bff6cd29db134db5c5062b19a0c3ec3f4db80a3343d49feaf40651c,True
456,dp_fisher_wiener_adaptive_beta_alpha0p50_adam,dp_fisher_wiener_adaptive_beta,0.001,e26fe49698c962feabd173bb549a01a7bb961c05b301e53a307778215cd862ec,300,6,fc1,0.0011770118564850512,5,0.0011770118564850512,True,False,none,0.0014087037190846704,0.17166300304912907,145.84645184609428,50,6,0,2513.96044921875,0.0012905336916446686,3.244350659178963,0.0038186391924487305,0.0006087095607283527,0.014554487760516462,1.274446415067132e-08,0.6082415580749512,4.354210716428497e-07,1.077131287274824e-06,2.9633417852892308e-06,9.06916784515488e-06,3.4478168890927906e-05,0.028759410715371955,0.00036980106960982084,0.0025113667361438274,0.028460263274610032,0.1175467293151598,026a77623e71052d01b80a217f548c96aee5004da9a7d884471080e1037f21dd,026a77623e71052d01b80a217f548c96aee5004da9a7d884471080e1037f21dd,6a66297b987bddeaf65b8d1fed850bb8b7d56cbfafcce32d14aff294ea94c290,6a66297b987bddeaf65b8d1fed850bb8b7d56cbfafcce32d14aff294ea94c290,a8bf75e86c8f899282b9714a6cea9ce07b323d249fa3798a5fb68b66a9f118da,55b6b2a0e2c9afff7beb35cd76e091387c9a7b5361a948e59402b689d42ef227,True
456,dp_fisher_wiener_adaptive_beta_alpha0p50_adam,dp_fisher_wiener_adaptive_beta,0.001,e26fe49698c962feabd173bb549a01a7bb961c05b301e53a307778215cd862ec,300,6,fc2,0.010877066766683237,5,0.010877066766683237,True,False,none,0.0164984745164955,0.041611816581818915,3.825646883889422,50,6,0,735.6912231445312,0.0001185313449241221,0.08720247012819371,0.0009485070898040635,0.01015812733463539,0.07375424823770893,4.914643270126362e-08,0.8461914658546448,3.876134996971815e-06,7.679880945943296e-05,0.00018333655316382647,0.0006731710600433871,0.007179425656795519,0.10609637679667402,0.0003562328609405086,0.01657892670482397,0.39933357834816036,0.30668493713371164,83543d2d3814da4df542ead25eea5861cf778088590265370c4a8c07f749a755,83543d2d3814da4df542ead25eea5861cf778088590265370c4a8c07f749a755,03b8ff0c5de1ec8fc9e521dedf10c061ded14199e6a63cb3c56c10de58f1c01a,03b8ff0c5de1ec8fc9e521dedf10c061ded14199e6a63cb3c56c10de58f1c01a,7b3e203848f09d9254daddc159591721cdaa57fa211a582b96d4c46cd6006272,8e03d252dbde263407054467d9aa6bb1704d3f38ba50ad9020dc19ccbf2cb312,True
456,dp_fisher_wiener_adaptive_beta_alpha0p50_adam,dp_fisher_wiener_adaptive_beta,0.001,e26fe49698c962feabd173bb549a01a7bb961c05b301e53a307778215cd862ec,350,7,conv1,0.14953781266437152,6,-0.10462529093659985,False,True,negative,0.14953781266437152,-0.0026296063330993992,0.025133562923068675,50,6,1,3.141376495361328,0.0001600187533767894,0.0005026791506748673,7.51695406639037e-05,0.02526961727999151,0.030655526223773617,0.003676858963444829,0.0913870707154274,0.005176683142781258,0.005355254863388836,0.00900702690705657,0.02111687883734703,0.08038147538900368,0.12759923370322213,0.033619098179042343,0.05727271921932697,0.3687354505062101,0.21594583056987432,9feec599dcf37bc2412cde80adb3c29f273d93a2420c09db29f2d872eb6bb64d,9feec599dcf37bc2412cde80adb3c29f273d93a2420c09db29f2d872eb6bb64d,10e180b1820c2d5da13c13e1537f1106d1e03e23d21fc285e132779ce303286b,10e180b1820c2d5da13c13e1537f1106d1e03e23d21fc285e132779ce303286b,ef87e57d538bacf8b09d40f7566b45bc63f8c67e99efdfe75507e99549ca516a,ebc28a99291e482aa057d99c2448c5b36213ee6cf3a8f193cde7a7a152919c3d,True
456,dp_fisher_wiener_adaptive_beta_alpha0p50_adam,dp_fisher_wiener_adaptive_beta,0.001,e26fe49698c962feabd173bb549a01a7bb961c05b301e53a307778215cd862ec,350,7,conv2,0.00779465898728949,6,-0.0032348924488271773,False,True,negative,0.00779465898728949,-0.0014190103847990243,0.4386576701532974,50,5,2,28.334604263305664,0.00032007339177653193,0.009069152891202026,7.069095409051033e-05,0.0008312622253728916,0.006327202322039006,7.98250130173983e-06,0.07518021762371063,1.067052889993647e-05,1.562127272336511e-05,3.3969081414397806e-05,8.250182327174116e-05,0.00041275212133768947,0.032219759887962496,0.0013670969870872795,0.004339231178164482,0.05030989162623882,0.055911194234711116,5d97acf2373da128466ad6fc624459bab70c3711c1bd26ac5f7734ab1f3ca18b,5d97acf2373da128466ad6fc624459bab70c3711c1bd26ac5f7734ab1f3ca18b,15220483e55afb9213623ce24f9ec7918e264e5a56e8640179845bdc89cd7ada,15220483e55afb9213623ce24f9ec7918e264e5a56e8640179845bdc89cd7ada,f3f451382c7bc7e42446dcafbd15a95775e9f2e2215361476035dead14024473,9c92cda2b72a2b57ae493e614a452141db079d5bb54302da16026cc2cd31137f,True
456,dp_fisher_wiener_adaptive_beta_alpha0p50_adam,dp_fisher_wiener_adaptive_beta,0.001,e26fe49698c962feabd173bb549a01a7bb961c05b301e53a307778215cd862ec,350,7,fc1,0.00024985357303097426,6,0.00024985357303097426,True,False,none,0.0011770118564850512,0.040530630218063024,162.21753295894814,50,7,0,2714.00048828125,0.001291358727030456,3.504748215706911,0.0008756738642683034,0.00020589437723578745,0.005857023800608633,0.0,0.26568931341171265,9.780031078321371e-08,2.4389921549072824e-07,6.528634060032346e-07,2.0572875882862718e-06,7.801347419444931e-06,0.02986739471231575,0.0003912774292984977,0.0026061759563162923,0.030278510972857452,0.046377419944243464,ca761397b466928bd48f61d7d6bf29c517b1bfe2998788c7e582daf1ad960f82,ca761397b466928bd48f61d7d6bf29c517b1bfe2998788c7e582daf1ad960f82,d900583c4f6e215b2dcb259cf837f1d337361ed3b846f2c9676d10e362bf78ca,d900583c4f6e215b2dcb259cf837f1d337361ed3b846f2c9676d10e362bf78ca,e3bfcb116ce926fe505ca6e7cc104aa9a982f7bf092a728499e1f891e18118e4,302006d8a53dd9ee9fb0f5724e073a3c864365dced8aaadc72acbff8ffdcc15a,True
456,dp_fisher_wiener_adaptive_beta_alpha0p50_adam,dp_fisher_wiener_adaptive_beta,0.001,e26fe49698c962feabd173bb549a01a7bb961c05b301e53a307778215cd862ec,350,7,fc2,0.00957717446854705,6,0.00957717446854705,True,False,none,0.010877066766683237,0.04175766352529867,4.3601235064096855,50,7,0,803.3773193359375,0.00011914157948922366,0.09571564275150202,0.0009166854100002555,0.010231024106737112,0.073279395759749,0.0,0.8435114026069641,2.8317916530795633e-06,8.295673433167394e-05,0.00020428741845535114,0.0007206711161416024,0.007554395962506534,0.11516462062929257,0.0002955947682494298,0.020889339968562126,0.44283360242843633,0.2913427284022267,ef46b34fd25ec788088b235d10bcfa2669c1c0eadda075b482f9203113bde07c,ef46b34fd25ec788088b235d10bcfa2669c1c0eadda075b482f9203113bde07c,d6ef454ea89c690a49352a0f226a05c96b6cecc1bf0a7f74580cec5cd15b5160,d6ef454ea89c690a49352a0f226a05c96b6cecc1bf0a7f74580cec5cd15b5160,b867ea273d9d596ffc12d4458a2283eef597547547e800bcf0d4835540c6a5f4,8b723e54b70b6e4ddf2bf1c472d280c33f7a595a329da20890a3366a95cec55b,True
456,dp_fisher_wiener_adaptive_beta_alpha0p50_adam,dp_fisher_wiener_adaptive_beta,0.001,e26fe49698c962feabd173bb549a01a7bb961c05b301e53a307778215cd862ec,400,8,conv1,0.04327583026384292,7,0.04327583026384292,True,False,none,0.14953781266437152,0.001087692880088914,0.025133957533743367,50,7,1,3.1411781311035156,0.0001600217365194112,0.0005026567792559833,2.175288946005189e-05,0.007657049321278465,0.009502216608490734,0.001062953844666481,0.02828957512974739,0.0015010745846666398,0.0015515782870352268,0.0026257074205204844,0.006218693335540593,0.02467761635780332,0.12758626758586616,0.033562203496694566,0.05731646716594696,0.3687640130519865,0.06633063615500812,a1d6142b255a5cd4a490629ec1ece4a27f78299dcad1e93baaac91ab43345f10,a1d6142b255a5cd4a490629ec1ece4a27f78299dcad1e93baaac91ab43345f10,95150144fe21666dd1aeea4d46f3719a33d45fe92e2aef1a711363711977df54,95150144fe21666dd1aeea4d46f3719a33d45fe92e2aef1a711363711977df54,bb445dca4c812b7e81d6343ce7b219dbbb9385393ba05fb59c611a9244e6e1be,889b9113354b8ccff354bac9f21058f984edc70e5951df7fca6df9c4fac58572,True
456,dp_fisher_wiener_adaptive_beta_alpha0p50_adam,dp_fisher_wiener_adaptive_beta,0.001,e26fe49698c962feabd173bb549a01a7bb961c05b301e53a307778215cd862ec,400,8,conv2,0.0156913747411978,7,0.0156913747411978,True,False,none,0.00779465898728949,0.007115373830053423,0.4534576445601013,50,6,2,29.268817901611328,0.0003200833743903786,0.009368461998365274,0.0001470040479650203,0.0016427512916740445,0.012238160698018904,1.679738488746807e-05,0.14507633447647095,2.1789618585899007e-05,3.2347841624869034e-05,6.856866457383148e-05,0.00016952197620412335,0.00082456250092946,0.032692161497282636,0.0013867412344552577,0.00435111578553915,0.049964404106140135,0.10708862148655522,ef8f1cc2a5e2f6b8c3b0d42c191e4f84a1b3b1d5bd0ea5690654f099272e2ce2,ef8f1cc2a5e2f6b8c3b0d42c191e4f84a1b3b1d5bd0ea5690654f099272e2ce2,556a9317390a8cc4b3d90a305111f0ef484c16c41af069fe937c7012e2144aa2,556a9317390a8cc4b3d90a305111f0ef484c16c41af069fe937c7012e2144aa2,1926d7d540e4acd713c56b54430e833645ae77ca6282dfc434c5be3eeb15e214,45f4a34ad743b6d51339a20125e02f1c9eb137acd339619548fbde89cc1a3ca4,True
456,dp_fisher_wiener_adaptive_beta_alpha0p50_adam,dp_fisher_wiener_adaptive_beta,0.001,e26fe49698c962feabd173bb549a01a7bb961c05b301e53a307778215cd862ec,400,8,fc1,0.0010176727645456634,7,0.0010176727645456634,True,False,none,0.00024985357303097426,0.17833434028574668,175.23741078534556,50,8,0,2942.9990234375,0.0012920476729050279,3.8024950395941914,0.0038696956391149925,0.0006180373637319741,0.014612445512061274,0.0,0.6193345189094543,4.021836701895154e-07,1.0289926137829752e-06,2.8095952302464866e-06,8.782471240920131e-06,3.46824199368711e-05,0.03104240633188909,0.0003950434707803652,0.0027532109525054693,0.03295805901288981,0.11349796211631409,199d2d9082162762e30fd9d09dc6968f1444ed9e65d1d6af44cff66509bc34df,199d2d9082162762e30fd9d09dc6968f1444ed9e65d1d6af44cff66509bc34df,94c99372af54d997e4fb65ede6dbd6ff7ae414b36178dba520b93e76e43627ac,94c99372af54d997e4fb65ede6dbd6ff7ae414b36178dba520b93e76e43627ac,483607eb9f815bd6d4dd409161856a5479ff929ab8074fa91b605e8d1b91d697,0dcb6c36da6e8846f3b5721d39fbf7b24414de9ab8cae501365cc5fd0609dbb4,True
456,dp_fisher_wiener_adaptive_beta_alpha0p50_adam,dp_fisher_wiener_adaptive_beta,0.001,e26fe49698c962feabd173bb549a01a7bb961c05b301e53a307778215cd862ec,400,8,fc2,0.008980756460065907,7,0.008980756460065907,True,False,none,0.00957717446854705,0.042979943848495614,4.785782137575101,50,8,0,882.4942016601562,0.00011958862887695432,0.10553627156840051,0.0009477955526591827,0.010602716359876588,0.07377523629835649,5.043230899559603e-08,0.8487764000892639,1.3214550790507931e-06,8.349847485078499e-05,0.00020843556558247656,0.0007919953641248867,0.00816279882565141,0.12326240311171656,0.00014712149277329448,0.022687306627631187,0.4781886100769044,0.28170388076719205,b7bc911786ad33d841801eb093f4526ce94c8a8da3571563937fdd17fc57537e,b7bc911786ad33d841801eb093f4526ce94c8a8da3571563937fdd17fc57537e,276d2baca486ad47734033da06e8995e2c0528c4bb892a399b8a63436add08a7,276d2baca486ad47734033da06e8995e2c0528c4bb892a399b8a63436add08a7,2f2001ec552c29db3ada10ee074ca00ca3b9e3e3453856314da5c1de35dd6dd5,d78b9fba20cb33d4ac766eda8fcd93fb48842efa6c3b96bf67aaba48c1dcc4ba,True
456,dp_fisher_wiener_adaptive_beta_alpha0p50_adam,dp_fisher_wiener_adaptive_beta,0.001,e26fe49698c962feabd173bb549a01a7bb961c05b301e53a307778215cd862ec,450,9,conv1,0.04327583026384292,8,-0.06715741607137297,False,True,negative,0.04327583026384292,-0.0016878565232795175,0.025132838962799164,50,7,2,3.1413938999176025,0.00016002415213733912,0.0005026988953637235,2.175471206958183e-05,0.007658032944164006,0.00948497348820665,0.0010700062848627567,0.0282260961830616,0.0015087587060406806,0.0015596257580909878,0.0026321207405999303,0.006236316403374076,0.024673306196928,0.1276777045452036,0.0337284903973341,0.057448528707027435,0.3687286078929899,0.0662839870709391,dafb92789d44f724af53989523addc1b06129f12bc4587cf7a9656a43c6d8b66,dafb92789d44f724af53989523addc1b06129f12bc4587cf7a9656a43c6d8b66,a93b8a9588de7d8f15723581a361c2b09c9ece2f42256a85a2c4476060321db5,a93b8a9588de7d8f15723581a361c2b09c9ece2f42256a85a2c4476060321db5,63cc99f497ceb9c6128bda1c9f53f9227399089867c8b72b613170e3acb6355a,d5dea756b447498be5b197985cf5e7eb781e8993ede1f475335919d70bdd1edf,True
456,dp_fisher_wiener_adaptive_beta_alpha0p50_adam,dp_fisher_wiener_adaptive_beta,0.001,e26fe49698c962feabd173bb549a01a7bb961c05b301e53a307778215cd862ec,450,9,conv2,0.0156913747411978,8,-0.01657713108936096,False,True,negative,0.0156913747411978,-0.007765111132629884,0.4684230999182637,50,6,3,30.052867889404297,0.00032009294955059886,0.009619711125173902,0.00015094649216717323,0.001682551414011931,0.012521955292097946,1.785760650818702e-05,0.1484237164258957,2.259955963381799e-05,3.232451035728445e-05,6.764350473531522e-05,0.0001700823486316949,0.0008327802119310945,0.033130054933255826,0.0014382146066054702,0.004292656667530537,0.05043763555586338,0.10844175040065185,9cd95c65a3ff8939a2df75027b99d08c99b8b1bd58c715f13d15707f33021182,9cd95c65a3ff8939a2df75027b99d08c99b8b1bd58c715f13d15707f33021182,4cba9d32fadd7842cc1c93124e46d55bbe4159cca1956f56d611e1ef5979c3b9,4cba9d32fadd7842cc1c93124e46d55bbe4159cca1956f56d611e1ef5979c3b9,6764cd538f158018226d3499d7853c10d01a140f1a7ce2d70f1480e7acdbacf4,23124659cc58f72d4dbc59174e4fb9d10284a4e1d6b1812e05b353ddd7840938,True
456,dp_fisher_wiener_adaptive_beta_alpha0p50_adam,dp_fisher_wiener_adaptive_beta,0.001,e26fe49698c962feabd173bb549a01a7bb961c05b301e53a307778215cd862ec,450,9,fc1,0.0010176727645456634,8,-0.0001408302907821448,False,True,negative,0.0010176727645456634,-0.02677532410618566,190.12475197970957,50,8,1,3092.04833984375,0.0012927039060741663,3.997102966686157,0.004067742826281174,0.000640171462782286,0.014922407934921203,1.3490678796301836e-08,0.6368706822395325,4.1919412865354386e-07,1.0725011634349357e-06,2.8857523375336314e-06,9.195592156174826e-06,3.6939445999450763e-05,0.03199755768869582,0.0004117450502235442,0.00282762898132205,0.035027820616960324,0.11414862516611261,6614f0b6e86d6083bdbddae0a3f13fb24d34029dd008ffa07fc8f554aaabee2e,6614f0b6e86d6083bdbddae0a3f13fb24d34029dd008ffa07fc8f554aaabee2e,18fd39ad403fcc73dafea556bc6d39560b48fd4ef25300198f8d6d6329080d92,18fd39ad403fcc73dafea556bc6d39560b48fd4ef25300198f8d6d6329080d92,56ebf5aa1cd4636ed0f034c678ea1dc567d454794258965a963a26df7d3f361b,11364c4cd67a233859d91f4b33a7f14e716277d668753002959ad23a6e87e020,True
456,dp_fisher_wiener_adaptive_beta_alpha0p50_adam,dp_fisher_wiener_adaptive_beta,0.001,e26fe49698c962feabd173bb549a01a7bb961c05b301e53a307778215cd862ec,450,9,fc2,0.007033832940727353,8,0.007033832940727353,True,False,none,0.008980756460065907,0.03711622516996815,5.276813578420025,50,9,0,962.7210693359375,0.00012028517085127532,0.11580106830719572,0.0008145253688305715,0.009920205729230703,0.07145751204383406,4.0374747101168396e-08,0.8321753144264221,1.3418917887975115e-06,8.184114631148987e-05,0.00019782457820838317,0.000688089756295085,0.007445167144760495,0.13204111528035115,0.00019074062583968046,0.027360619977116585,0.5160706102848055,0.26302223839727695,648fe575757fb94a968d9d90adbef9ee0871ba3f05b7ed679d984a9008a26eb1,648fe575757fb94a968d9d90adbef9ee0871ba3f05b7ed679d984a9008a26eb1,3ab4c9f3c309e31f1aee90cf82f0491972420fc35abc320b6302bd6635855f57,3ab4c9f3c309e31f1aee90cf82f0491972420fc35abc320b6302bd6635855f57,aa65d33bec56c52d2618f28f7e2a62ee8726a86b87e8a6e7f44e548f23fd6514,03087679ffcfb8564152d8a3540526d90eee2d461e86d7467235196872593d5d,True
456,dp_fisher_wiener_adaptive_beta_alpha0p50_adam,dp_fisher_wiener_adaptive_beta,0.001,e26fe49698c962feabd173bb549a01a7bb961c05b301e53a307778215cd862ec,500,10,conv1,0.04327583026384292,9,-0.00790282410496922,False,True,negative,0.04327583026384292,-0.0001986370473910917,0.025134944768186174,50,7,3,3.141063690185547,0.00016002607299014926,0.0005026520873523399,2.1752686414026206e-05,0.007657120965450304,0.009494987566896687,0.0010641771368682384,0.028265127912163734,0.0015045145875774327,0.0015552268596366048,0.0026273817056789994,0.006210492108948529,0.024678653106093386,0.12761833134572953,0.03363657128065825,0.0573511254042387,0.36877712607383706,0.06631095952668056,39474d51e7285bd737620c75d2496994a608a5892af0d85f3620100d384f9a84,39474d51e7285bd737620c75d2496994a608a5892af0d85f3620100d384f9a84,a9191725e829ac551be69ddcf8b1c76e6d86ea147313e27c06debb3b1e809b88,a9191725e829ac551be69ddcf8b1c76e6d86ea147313e27c06debb3b1e809b88,ffbcebf74da36417433951c98ac78fee2f84a0cb1e48cad7a54d1a5164a97049,7764ef8442960acff6615e9830a808697c038b94c4e30ea0f247d33dc435f510,True
456,dp_fisher_wiener_adaptive_beta_alpha0p50_adam,dp_fisher_wiener_adaptive_beta,0.001,e26fe49698c962feabd173bb549a01a7bb961c05b301e53a307778215cd862ec,500,10,conv2,0.0156913747411978,9,-0.01758758234778388,False,True,negative,0.0156913747411978,-0.008459373078794435,0.4809855562586951,50,6,4,30.427875518798828,0.0003201008075848222,0.009739987526657945,0.0001528337942553821,0.0017019142499434723,0.012645870081631646,1.8065273252432235e-05,0.14985181391239166,2.319587892998243e-05,3.341913907206617e-05,6.700585799990222e-05,0.00017051050599548034,0.0008384600805584341,0.033356644539839934,0.00147610871354118,0.004252361366525292,0.050764447823166844,0.10892115485267032,42589b7e0abaed365d2c80e19c4bb559fa73482de5f8a72a9d8b9004f0338ca6,42589b7e0abaed365d2c80e19c4bb559fa73482de5f8a72a9d8b9004f0338ca6,a9812086766293e8edc2c8b5eddd02de23df4261fd7f6cc814b7a504bf682644,a9812086766293e8edc2c8b5eddd02de23df4261fd7f6cc814b7a504bf682644,858020be02459571e1c3553f8fb7d348a477626d839b519a7ed649a51c344c84,f3cd79d89db93c36f3a994b7397fa8d2a13654cda34046e0d2ec6576e662098b,True
456,dp_fisher_wiener_adaptive_beta_alpha0p50_adam,dp_fisher_wiener_adaptive_beta,0.001,e26fe49698c962feabd173bb549a01a7bb961c05b301e53a307778215cd862ec,500,10,fc1,0.0010176727645456634,9,-0.0006898787881849934,False,True,negative,0.0010176727645456634,-0.1378758275454044,199.85514833430784,50,8,2,3191.5498046875,0.001292897155508399,4.126345664143855,0.004199269599500288,0.0006562480000367718,0.01511551340797527,2.749446892380547e-09,0.6423587203025818,4.3775522158284734e-07,1.1041189509342075e-06,3.0159339985402767e-06,9.75256307356176e-06,3.876965602103139e-05,0.03259678875227234,0.00042996846605092287,0.0029548119055107236,0.03669968806207165,0.11472731277717502,a3c4e7dc1231f042d3e2cdb4771f330fedd2ce30554294b07480d5a2e2a85e5d,a3c4e7dc1231f042d3e2cdb4771f330fedd2ce30554294b07480d5a2e2a85e5d,30c94aa67e3dc2594b025e73e49ed7868dc3a38b790fe02d0cb7da4c6cfc1d52,30c94aa67e3dc2594b025e73e49ed7868dc3a38b790fe02d0cb7da4c6cfc1d52,024e5800cab5b8abbc93c0fb3baa6a61f314c748b3b42302de710ef7bbdf105a,c9583bcdb980713f4d68e2afcc4d994b668f2082218a9f4985a1afb211870d5c,True
456,dp_fisher_wiener_adaptive_beta_alpha0p50_adam,dp_fisher_wiener_adaptive_beta,0.001,e26fe49698c962feabd173bb549a01a7bb961c05b301e53a307778215cd862ec,500,10,fc2,0.0060372173622302485,9,0.0060372173622302485,True,False,none,0.007033832940727353,0.03495581100745065,5.790053415359786,50,10,0,1039.1669921875,0.00012025405158055946,0.12496404107933046,0.0007544350784585878,0.009594073794967874,0.07027454332101972,9.764670849676804e-09,0.8190446496009827,2.750274825302768e-06,7.705457574047614e-05,0.0001899401322589256,0.0006676958146272227,0.006683894898742437,0.13776087205545615,0.00045534716336987914,0.030507517978549004,0.5270894408226013,0.2533350264383835,6ca7d466eadccad4f83ce532f00aef373c79725a96c2e0e9e1a7ef2791cfc2dd,6ca7d466eadccad4f83ce532f00aef373c79725a96c2e0e9e1a7ef2791cfc2dd,3372543205af44b034b105c54349c96c9a4f1e4084c9088d7ef114b467787f4d,3372543205af44b034b105c54349c96c9a4f1e4084c9088d7ef114b467787f4d,808b683d97648c92b653d5c364f0935fcc5acd5a6ad69adf093346156f1ceb9d,c1f102fd00ed87916f4e816923f2b36e2832544b5f439ff32ac6354b810ac613,True
456,dp_fisher_wiener_adaptive_beta_alpha0p50_adam,dp_fisher_wiener_adaptive_beta,0.001,e26fe49698c962feabd173bb549a01a7bb961c05b301e53a307778215cd862ec,550,11,conv1,0.04944145585047258,10,0.04944145585047258,True,False,none,0.04327583026384292,0.00124259254924893,0.025132604367616995,50,8,3,3.1413450241088867,0.0001600271207280457,0.0005027003994215185,2.4854239604013936e-05,0.008725472482910846,0.010771838219243593,0.0012211869470775127,0.0320403128862381,0.0017267727642320098,0.0017874443728942424,0.003016421105712652,0.007117003318853676,0.028083917871117567,0.12775934783276172,0.03379333149641753,0.057636965066194534,0.3686865806579588,0.07540165897102752,ab156c15a674d4ac04f768f3a888bd553c75270c3390feb04f52fbacdbfe3cb7,ab156c15a674d4ac04f768f3a888bd553c75270c3390feb04f52fbacdbfe3cb7,6099d7d66201f487f7e5f438126cceb272ad82b7f342894bfbc9cb7c69b57aee,6099d7d66201f487f7e5f438126cceb272ad82b7f342894bfbc9cb7c69b57aee,bca7a9341d906b2e0cceff13e66e2560b2e11ac1c5ad54cd0387df363c61683f,119642ee240dfab759eca7a886bbd09ddd0b376db97c9378c042e77742df985b,True
456,dp_fisher_wiener_adaptive_beta_alpha0p50_adam,dp_fisher_wiener_adaptive_beta,0.001,e26fe49698c962feabd173bb549a01a7bb961c05b301e53a307778215cd862ec,550,11,conv2,0.0156913747411978,10,-0.003803583187966772,False,True,negative,0.0156913747411978,-0.001852342640370111,0.48699937633289725,50,6,5,30.886098861694336,0.0003201056970283389,0.00988681620460885,0.0001551377380638644,0.0017243156706650427,0.012831140005223474,1.8560833268566057e-05,0.15210555493831635,2.3115675867302342e-05,3.332672804390313e-05,6.828430196037516e-05,0.000173266111232806,0.0008416113560087979,0.03359085159348163,0.001471012271940708,0.004333148943260312,0.05094567239284516,0.11003892555537499,2217bd8ba13497039d6b05f9c1166aef6e7a1dac2f64774902226f348e7fe294,2217bd8ba13497039d6b05f9c1166aef6e7a1dac2f64774902226f348e7fe294,a0b9f7f2ebda41c1dca5251c3d984f5b4748d0e0cc0bfd2b3d0f97a67dc91290,a0b9f7f2ebda41c1dca5251c3d984f5b4748d0e0cc0bfd2b3d0f97a67dc91290,75f3c9d355db704c0337ad4d22e468db22145389ac0541b25c5568536523c28f,25b9cd528e3c40ed5f9dbb15d3e93bbbb1e96303684069b228446936bb9d64ec,True
456,dp_fisher_wiener_adaptive_beta_alpha0p50_adam,dp_fisher_wiener_adaptive_beta,0.001,e26fe49698c962feabd173bb549a01a7bb961c05b301e53a307778215cd862ec,550,11,fc1,4.002740444076545e-05,10,4.002740444076545e-05,True,False,none,0.0010176727645456634,0.008258345338054252,206.31728320719276,50,9,2,3309.3251953125,0.0012928905198350549,4.278595172070823,0.00017126105939078528,4.691899784041225e-05,0.001396160265369044,0.0,0.06800796836614609,1.7309007382948498e-08,4.572976397554385e-08,1.2354802692016165e-07,3.976528546445479e-07,1.6019425970625853e-06,0.0334370216592423,0.00043224201363045733,0.0030770887387916446,0.038481146097183144,0.010466151286805668,8662a750cf4ad7c99b034047bb56fda93811c3cdf8019e89ceb640fc6600b6da,8662a750cf4ad7c99b034047bb56fda93811c3cdf8019e89ceb640fc6600b6da,d88ed3f5313ef73a8c3b6e7f8559f41b8367485834772f8b737283a399419bb0,d88ed3f5313ef73a8c3b6e7f8559f41b8367485834772f8b737283a399419bb0,bc837f0ab7ad9849aa73de6365280280cf1965a7b09c35791cc42e116346613d,9a0756990a779ac107aac1cf389a961f92ba52a67dcc6f04e698fb0b31f68ef6,True
456,dp_fisher_wiener_adaptive_beta_alpha0p50_adam,dp_fisher_wiener_adaptive_beta,0.001,e26fe49698c962feabd173bb549a01a7bb961c05b301e53a307778215cd862ec,550,11,fc2,0.006880189743857355,10,0.006880189743857355,True,False,none,0.0060372173622302485,0.04298881568924893,6.248202053966523,50,11,0,1058.8555908203125,0.00012025014439132065,0.1273275376856997,0.000876037618895762,0.010453085415727918,0.07254311190266563,6.893710491340244e-09,0.8387022018432617,1.705834383756155e-05,0.00010010713776864577,0.0002527547621866688,0.0008746119419811293,0.008087281510233886,0.1445604586301282,0.002473252406343818,0.03544348105788231,0.5423394799232485,0.25652239563831775,c90e8569750e95b0615b81bfdf4aa43be576c804960c5066a1fe2b48bcb27d06,c90e8569750e95b0615b81bfdf4aa43be576c804960c5066a1fe2b48bcb27d06,15e216985e06a0f22798d171f20b215ea32c0a971fe547984e329c1a4996f68e,15e216985e06a0f22798d171f20b215ea32c0a971fe547984e329c1a4996f68e,faa94cf70286c9e0428db666b5d2df1c2f38c74fc629039965fe025ad0ee396e,0e882994538e21861182af030d13c8cdae61211de587813eddcac0c823d47725,True
456,dp_fisher_wiener_adaptive_beta_alpha0p50_adam,dp_fisher_wiener_adaptive_beta,0.001,e26fe49698c962feabd173bb549a01a7bb961c05b301e53a307778215cd862ec,600,12,conv1,0.04944145585047258,11,-0.05644246090209393,False,True,negative,0.04944145585047258,-0.0014186823819908028,0.025135019971075923,50,8,4,3.141045570373535,0.00016002928896341473,0.0005026592892285603,2.4852207056223792e-05,0.008724003023235128,0.01080525531538788,0.0012171802809461951,0.03217393159866333,0.0017188985249958935,0.0017752224812284112,0.0030012925853952765,0.007096251123584807,0.028099130094051336,0.12761429585516454,0.0336442705243826,0.05736474320292473,0.368806207180023,0.07549547253953064,ff593bf0a408522a72f608d7af20e0d742f53d2d3eedd64fecbebd585dfe8f43,ff593bf0a408522a72f608d7af20e0d742f53d2d3eedd64fecbebd585dfe8f43,24f480fff980e4c05c26ba365a5bb5a51f65957c0ec41123efbfa5d8a4d8a7c6,24f480fff980e4c05c26ba365a5bb5a51f65957c0ec41123efbfa5d8a4d8a7c6,7fc4a8ca26178c6d3ba504901918ecf7b7e350ea492b20b60d932f89456ef4f3,732f2207e234ad09224a92922209c9d40b0238515d13b1b6d35d8c58a5b2a57e,True
456,dp_fisher_wiener_adaptive_beta_alpha0p50_adam,dp_fisher_wiener_adaptive_beta,0.001,e26fe49698c962feabd173bb549a01a7bb961c05b301e53a307778215cd862ec,600,12,conv2,0.009050260776804436,11,0.009050260776804436,True,False,none,0.0156913747411978,0.004473913245202299,0.4943408102304425,50,7,5,31.538291931152344,0.0003201147774234414,0.01009587330185635,9.137028615137762e-05,0.001058140873264055,0.008072287484381558,1.094463459594408e-05,0.09597396105527878,1.3524643509299495e-05,1.9652475657494506e-05,3.937048495572526e-05,0.00010051370554720052,0.0004954864620231092,0.033831293725610334,0.0014921827358193695,0.00433153216727078,0.051930900663137436,0.06885501363502021,dbb7ef17b3924e16c5ece2b50534700084a92ed89cd23c6cc629b3355c5765a1,dbb7ef17b3924e16c5ece2b50534700084a92ed89cd23c6cc629b3355c5765a1,d5297507a9aca0eb34cbdf542f1bc5ff43eee59b10e8db39d4da7db385c967a6,d5297507a9aca0eb34cbdf542f1bc5ff43eee59b10e8db39d4da7db385c967a6,c38a6f597533f4e93171111f3cc9920464fe9e62f0e49dc5a7b1f71b92005466,b0ef9181496946ba04683372d6aab584fdff0161598e22859c08a57e7aef7c41,True
456,dp_fisher_wiener_adaptive_beta_alpha0p50_adam,dp_fisher_wiener_adaptive_beta,0.001,e26fe49698c962feabd173bb549a01a7bb961c05b301e53a307778215cd862ec,600,12,fc1,0.00043426095383784633,11,0.00043426095383784633,True,False,none,4.002740444076545e-05,0.09290134102547398,213.92975860354113,50,10,2,3479.6904296875,0.0012934074038639665,4.500657364912399,0.0019544597601841864,0.00038743457089053973,0.010173672259817178,0.0,0.45797663927078247,1.9652958371807472e-07,5.035309129652887e-07,1.3585685110228951e-06,4.408938025335374e-06,1.811394431570079e-05,0.033997467165713925,0.00045235641300678253,0.003118708496913314,0.04004257917404175,0.07565735715592467,a04b883404e2cc75e0a26265d9998da81002561afcae20a52b12328c266f858c,a04b883404e2cc75e0a26265d9998da81002561afcae20a52b12328c266f858c,4b27c6395f294287b2ffc409d7ae505ec1170160eab77e2cb6cdd064081ccf41,4b27c6395f294287b2ffc409d7ae505ec1170160eab77e2cb6cdd064081ccf41,2e58443c112876029da8036ea54d1f1e5d6a91706323d588e782200be6200d41,6886c74761fa3cac79a1af66ab65f931cb3c80645be8c8f65d32f1c8317d0c8c,True
456,dp_fisher_wiener_adaptive_beta_alpha0p50_adam,dp_fisher_wiener_adaptive_beta,0.001,e26fe49698c962feabd173bb549a01a7bb961c05b301e53a307778215cd862ec,600,12,fc2,0.005949457422250384,11,0.005949457422250384,True,False,none,0.006880189743857355,0.03787648820705258,6.3663768842849855,50,12,0,1122.3946533203125,0.00012042275920975953,0.13516186107511352,0.0008041397375785094,0.010113117189124053,0.07120218464498125,3.4178682994934206e-08,0.8319776058197021,2.4157436018867888e-05,0.00010255750930809882,0.00023569451877847314,0.0007934678433230147,0.008183374535292394,0.15126251690905534,0.004044118244200946,0.03811514377593994,0.5810340583324434,0.24574677198978437,35e377ddad36b5ef2770be63114ae09b3df3c6bbcc00ce983ede88a95c18e712,35e377ddad36b5ef2770be63114ae09b3df3c6bbcc00ce983ede88a95c18e712,72b3157453f05b5658c29f1644940ca30f4d37ee5f10b7737b1e4b8dd02d6a6d,72b3157453f05b5658c29f1644940ca30f4d37ee5f10b7737b1e4b8dd02d6a6d,e3cb5998eee7e4f7560da543218b0b3fe716af28fa482952174370b74a258ad2,761deb1c865597e51c4ca20dadaef74ebf5c71bf12106accb16c63fbfea359f7,True
456,dp_fisher_wiener_adaptive_beta_alpha0p50_adam,dp_fisher_wiener_adaptive_beta,0.001,e26fe49698c962feabd173bb549a01a7bb961c05b301e53a307778215cd862ec,650,13,conv1,0.04944145585047258,12,-0.038606141674379535,False,True,negative,0.04944145585047258,-0.0009702867866950358,0.025132964461428015,50,8,5,3.1407828330993652,0.00016003058408387005,0.0005026213112614836,2.4850329370241277e-05,0.0087237831656239,0.010785569439556168,0.001221354235894978,0.03209690749645233,0.0017210991471074523,0.001780154649168253,0.0030131092062219977,0.007100865826942027,0.028092197887599445,0.12768351499689742,0.0336860541254282,0.057577598839998245,0.36875337064266184,0.07544172777362097,c92636df81b925642152df587533006d43bf97f4a970faced2faa30d1a0ccf05,c92636df81b925642152df587533006d43bf97f4a970faced2faa30d1a0ccf05,a76ec442ad195aa643fc558b074afe81766d3aef6418c231c5e8aa496fb136b6,a76ec442ad195aa643fc558b074afe81766d3aef6418c231c5e8aa496fb136b6,4718e788c2339ee0fe1d3588627071732cff0ed8d99663ff59e3322df6e72654,855a6982af910fe65bda61b0604c39f30a5c3dea419908d8d8fcc82733f1bef3,True
456,dp_fisher_wiener_adaptive_beta_alpha0p50_adam,dp_fisher_wiener_adaptive_beta,0.001,e26fe49698c962feabd173bb549a01a7bb961c05b301e53a307778215cd862ec,650,13,conv2,0.009050260776804436,12,-0.018507325621968447,False,True,negative,0.009050260776804436,-0.009342380731779662,0.5047936650928175,50,7,6,31.995399475097656,0.0003201221697963774,0.010242436703470137,9.26967231563179e-05,0.001072085691510963,0.00820107571204198,1.128168423747411e-05,0.09756072610616684,1.4279816423368174e-05,2.0046739791723667e-05,3.9584245314472355e-05,0.00010142934479517862,0.0005057684204075486,0.034063495275090803,0.0015753714367747306,0.004354948177933693,0.052951987460255624,0.06973739156686634,6ef3ab20e3e43af585a8f965c9f85369412085f3d8612d80c9702ed0d84c5004,6ef3ab20e3e43af585a8f965c9f85369412085f3d8612d80c9702ed0d84c5004,19838723798572d3efd64563487a4916d87442b2b8d65dc9130ab49d3fea8814,19838723798572d3efd64563487a4916d87442b2b8d65dc9130ab49d3fea8814,a653b128de732cc7db4f8809222237baec6a229eac732f28e599bc290ca76b36,077993ba20e5cd5b417a5ff4abd3b4e82af4958e25d06daa2e9278421de2a240,True
456,dp_fisher_wiener_adaptive_beta_alpha0p50_adam,dp_fisher_wiener_adaptive_beta,0.001,e26fe49698c962feabd173bb549a01a7bb961c05b301e53a307778215cd862ec,650,13,fc1,0.00043426095383784633,12,-4.582499666929833e-05,False,True,negative,0.00043426095383784633,-0.010312130437838185,225.03286824561997,50,10,3,3594.75927734375,0.0012936282437294722,4.650282130580422,0.002019435953640946,0.0003961322633218621,0.010389758280894171,1.4330664432904427e-09,0.4637210965156555,1.9980257235374668e-07,5.140719281371275e-07,1.4049095398149802e-06,4.537500558399188e-06,1.8613310749060476e-05,0.03448534670994271,0.0004598864587023855,0.003224745043553412,0.04110112339258194,0.0768244523645246,393721e0a580c637faac62817c3565c196ec002b22cd91348dba37b6a8fa0933,393721e0a580c637faac62817c3565c196ec002b22cd91348dba37b6a8fa0933,4450a16d8b2e34fb4f441d0e971938da486115e5bda64f1e3d8bfd8277d32b5e,4450a16d8b2e34fb4f441d0e971938da486115e5bda64f1e3d8bfd8277d32b5e,624945eb5750287ca9726b0317312c0a10321fb9e9dedd088f90e62f5385cdb7,0ef2e3d938db66b721f5a54c01425cc939390c72816f7238c6c41ac39829a8d3,True
456,dp_fisher_wiener_adaptive_beta_alpha0p50_adam,dp_fisher_wiener_adaptive_beta,0.001,e26fe49698c962feabd173bb549a01a7bb961c05b301e53a307778215cd862ec,650,13,fc2,0.004199610806649284,12,0.004199610806649284,True,False,none,0.005949457422250384,0.028381360620893796,6.758093053755676,50,13,0,1179.3135986328125,0.00012047703057760373,0.14208020048306924,0.0005966815453595945,0.008778546292964694,0.06632468912893272,2.4084789274070317e-08,0.7824843525886536,3.0107710472293555e-06,7.927008664410096e-05,0.00019065490778302774,0.0006473280081991106,0.005795416887849573,0.1559830733164283,0.0007164050766732546,0.0434346329420805,0.5812450587749483,0.2255249152661401,b45882ec657a7224ea7d3afd6c2d231b2af7b68203827d006065aa0fa9ce33bd,b45882ec657a7224ea7d3afd6c2d231b2af7b68203827d006065aa0fa9ce33bd,79b8643f9351a82d757fe5bec47f60d36993ba5394a0dc4c0d5048c626813190,79b8643f9351a82d757fe5bec47f60d36993ba5394a0dc4c0d5048c626813190,7f2d7aa666684f66c519c0fc1f7aa540d7caedeefeb5cf633cc1f64bfe62ebc2,47a2f60e76ad903d6df8a9bcadc41431c0c681b0275365a6982e8a5524a5ddf3,True
456,dp_fisher_wiener_adaptive_beta_alpha0p50_adam,dp_fisher_wiener_adaptive_beta,0.001,e26fe49698c962feabd173bb549a01a7bb961c05b301e53a307778215cd862ec,700,14,conv1,0.04944145585047258,13,-0.041327675728281964,False,True,negative,0.04944145585047258,-0.0010386085282969235,0.02513106556307418,50,8,6,3.1415951251983643,0.00016003267955966294,0.000502757885977069,2.4857081823012185e-05,0.008726258877868532,0.01078141098962368,0.001223261235281825,0.032084278762340546,0.0017231113743036988,0.0017841889057308435,0.0030147420475259423,0.007109486265107989,0.028092554025351976,0.12773663707775995,0.03372418805956841,0.057606518268585205,0.36875775754451734,0.07542796681450224,fefb671b4ccd2f19714514fb11c4f3e56980426cf3628f6263c24a7c0b01c7b9,fefb671b4ccd2f19714514fb11c4f3e56980426cf3628f6263c24a7c0b01c7b9,5e29fc94747a6b1934ba116a7411e7adce329221d5e0f0947976a38510067e48,5e29fc94747a6b1934ba116a7411e7adce329221d5e0f0947976a38510067e48,47f5fcb910e3c84a4563042e3513642268cc62f98df33531b129187d04fc81f7,ab0276c2618adf96449a6580d52c0631e4a6e426990e6c9d3fa5f002cfe68617,True
456,dp_fisher_wiener_adaptive_beta_alpha0p50_adam,dp_fisher_wiener_adaptive_beta,0.001,e26fe49698c962feabd173bb549a01a7bb961c05b301e53a307778215cd862ec,700,14,conv2,0.06986018486330509,13,0.06986018486330509,True,False,none,0.009050260776804436,0.035776926077756246,0.5121218351735068,50,8,6,31.83405303955078,0.00032013049349188805,0.01019105110939833,0.0007119487144539577,0.006064903824153589,0.03908625733816982,8.704138599568978e-05,0.4533047378063202,0.00010867687160498463,0.00015329528105212376,0.00030341440287884325,0.0007815654098521918,0.0038642163388431074,0.03400551440060773,0.0015533861937001348,0.00432569207623601,0.05260697901248932,0.3336416258967374,37080880228e27dc46f142b97530a362433ed4dc4e6bff284d151965cedd31f6,37080880228e27dc46f142b97530a362433ed4dc4e6bff284d151965cedd31f6,bd432d221849ddd61982f8b5c978417cb01846bc93ea74df5c13905947c442bb,bd432d221849ddd61982f8b5c978417cb01846bc93ea74df5c13905947c442bb,a1c326a348a9c9efdb17b5e968c81e6bf9c14d12d149f71e36d428ef83756ff7,577a8e81416ef2f553d97c0b8ba995ab6515934fb4f19283d5d46daba0c99990,True
456,dp_fisher_wiener_adaptive_beta_alpha0p50_adam,dp_fisher_wiener_adaptive_beta,0.001,e26fe49698c962feabd173bb549a01a7bb961c05b301e53a307778215cd862ec,700,14,fc1,0.00043426095383784633,13,-5.095550557813268e-05,False,True,negative,0.00043426095383784633,-0.01184787385223407,232.5141065290211,50,10,4,3669.20556640625,0.0012940060114488006,4.747974060171089,0.002061859744167249,0.00040393017451155624,0.010484402751515616,2.823824729603075e-09,0.4782246947288513,2.033257032962866e-07,5.217506497956492e-07,1.4251190236791444e-06,4.643837314688426e-06,1.9157262795488322e-05,0.03491143782238943,0.00046799185802228767,0.003270981484092772,0.04225153215229505,0.07698758831527526,128a1c62c9da8322c1eecaea76569fe7622adf39969a276683c9de5c23d24072,128a1c62c9da8322c1eecaea76569fe7622adf39969a276683c9de5c23d24072,dcc29e3558c33eb5bd5f0438a86290ddb2d90761689006ed19507bdd77f9d3b3,dcc29e3558c33eb5bd5f0438a86290ddb2d90761689006ed19507bdd77f9d3b3,a41c7da7d687167d7be1f792b637a779b2c2259e6a58c3380b696bad42a35493,414e7d42943a5e92f6a5d5edd0b5a2f8e595a8067727a65ecbf1646befe765c7,True
456,dp_fisher_wiener_adaptive_beta_alpha0p50_adam,dp_fisher_wiener_adaptive_beta,0.001,e26fe49698c962feabd173bb549a01a7bb961c05b301e53a307778215cd862ec,700,14,fc2,0.00519160547181203,13,0.00519160547181203,True,False,none,0.004199610806649284,0.036881217313202624,7.104010024153462,50,14,0,1212.6761474609375,0.0001209649199154228,0.14669127306095575,0.0007615632158903305,0.009981537730574806,0.070313758605202,1.7370050287013328e-08,0.8300446271896362,1.0116878911503597e-05,0.00011430530685174745,0.0002688725362531841,0.0008494235371472314,0.007861755136400462,0.16271260565865672,0.0019449249375611557,0.049252333119511604,0.6041673839092255,0.2352594966944811,8b8a538e998f54d287568136f07dc3b997ad35d31c81e29a1fdc5d9a42c70a5d,8b8a538e998f54d287568136f07dc3b997ad35d31c81e29a1fdc5d9a42c70a5d,f28bc666c771cc62b7948ca168725499b69ca6fe39dd0beb291546c03354d0eb,f28bc666c771cc62b7948ca168725499b69ca6fe39dd0beb291546c03354d0eb,0b0881885b1b2ac0095cd7d6f8bdfb4e6436286f5cdc053e16ad10d5817aa992,66bd6099e9bbf61e0ba4190b7464cc869e06ce38d057418ab511eb103318b896,True
456,dp_fisher_wiener_adaptive_beta_alpha0p50_adam,dp_fisher_wiener_adaptive_beta,0.001,e26fe49698c962feabd173bb549a01a7bb961c05b301e53a307778215cd862ec,750,15,conv1,0.04944145585047258,14,-0.0064653852964818145,False,True,negative,0.04944145585047258,-0.00016252617218432113,0.02513789429885345,50,8,7,3.1410889625549316,0.00016003448399715126,0.0005026825513116256,2.485335716747666e-05,0.008724535305373139,0.010799717541842039,0.001217170967720449,0.03215179219841957,0.0017155260313302281,0.0017738555325195193,0.0030012315837666392,0.007102426141500473,0.02810074239969251,0.1276394908549264,0.033580485917627814,0.05736263282597065,0.3688225597143171,0.07547466978201828,0685ce55a0ed47fd36bdb2538d21cfb92a701d406d241e6509d7024e33db6ebd,0685ce55a0ed47fd36bdb2538d21cfb92a701d406d241e6509d7024e33db6ebd,9fdb59930f0659e7979456406ce0c275a90c84acb7302cccedd3a161afdb6269,9fdb59930f0659e7979456406ce0c275a90c84acb7302cccedd3a161afdb6269,6549a52a5f0308059ccc929de150dad914c3289306d1df7b6680f208cc59508c,43d102426ef846389204529ae3d0c7bf190bccbe3b42ac9306b400a60b8715d3,True
456,dp_fisher_wiener_adaptive_beta_alpha0p50_adam,dp_fisher_wiener_adaptive_beta,0.001,e26fe49698c962feabd173bb549a01a7bb961c05b301e53a307778215cd862ec,750,15,conv2,0.06986018486330509,14,-0.04454818135151608,False,True,negative,0.06986018486330509,-0.022699639649202297,0.5095525554699165,50,8,7,32.159027099609375,0.0003201389336027205,0.010295356641369935,0.0007192355181997594,0.006098246207706136,0.0393631676809553,8.30369463074021e-05,0.4567762613296509,0.0001053321553627029,0.0001525825573480688,0.0003030402003787458,0.000779014197178185,0.0039046600461006163,0.034093758503024284,0.001505645178258419,0.004320378182455897,0.053130360692739485,0.3354123746360888,435a45fcfa3b502f21cfa30b3cb8a080baa932a92f6b15d957a8f59ab4e27084,435a45fcfa3b502f21cfa30b3cb8a080baa932a92f6b15d957a8f59ab4e27084,67f3d0c2ade517c92a44f7e18b71396257b09092c98d2355e1ec1d60dcbcffd2,67f3d0c2ade517c92a44f7e18b71396257b09092c98d2355e1ec1d60dcbcffd2,5f02667a90dc425d30bfbce49272ce1d99c467426121f31fc147683b802717fd,e013a85f36d62f56949323c08543f1ddc739ffc28ecf7d3a4146523a43ae2793,True
456,dp_fisher_wiener_adaptive_beta_alpha0p50_adam,dp_fisher_wiener_adaptive_beta,0.001,e26fe49698c962feabd173bb549a01a7bb961c05b301e53a307778215cd862ec,750,15,fc1,0.00044806589466642307,14,0.00044806589466642307,True,False,none,0.00043426095383784633,0.1063702622561764,237.39870300855443,50,11,4,3784.2294921875,0.0012941746972501278,4.897454057376763,0.002194382133806223,0.0004228836855706712,0.010869320346314444,3.3404528032576764e-09,0.4929596781730652,2.1399194451987572e-07,5.582256221714488e-07,1.5029111750664015e-06,4.935793640470365e-06,2.051150459010385e-05,0.035423354152979654,0.0004773624677909539,0.0033430109033361077,0.04377485252916809,0.07922047527011189,165157776e7eef0f7684edc7a6ca4044b2c82509bf0eb96c3d90942867ece90b,165157776e7eef0f7684edc7a6ca4044b2c82509bf0eb96c3d90942867ece90b,7a2c2f0d0374795313c1c676a78107ccf12cb5ce7969fd4c8da1ec343bf448e1,7a2c2f0d0374795313c1c676a78107ccf12cb5ce7969fd4c8da1ec343bf448e1,ce502e713274a8485d3cffb3f623f4e4442af2c776d155ab611146b9ca2671d9,ede37a55e3979522a0a46babe931d78fa8b91fa4ffb5c153c1febd6586ca6bd9,True
456,dp_fisher_wiener_adaptive_beta_alpha0p50_adam,dp_fisher_wiener_adaptive_beta,0.001,e26fe49698c962feabd173bb549a01a7bb961c05b301e53a307778215cd862ec,750,15,fc2,0.004414484295252989,14,0.004414484295252989,True,False,none,0.00519160547181203,0.03237831605891285,7.334563653047788,50,15,0,1293.869140625,0.00012123560736654326,0.15686301111649925,0.000692469299079881,0.009493717497021645,0.06874420025751336,2.3300245288737642e-08,0.8171484470367432,1.025553938234225e-05,0.00010276323337166104,0.00024309990840265527,0.000813422491773963,0.00722299478948117,0.16838341421572547,0.002317795855924487,0.052206406369805336,0.6223713397979739,0.22550655835021105,8470bee1dded590e171bc3274867a8e52c4445d3bb51ffe92b5c93e25866b43e,8470bee1dded590e171bc3274867a8e52c4445d3bb51ffe92b5c93e25866b43e,4cc236d1e7037e8f7486bf47d44c681261e36e19ad28a8cb1abfd788ec07a99d,4cc236d1e7037e8f7486bf47d44c681261e36e19ad28a8cb1abfd788ec07a99d,ae5b9fa810d81d4aefd87ce33cd753f25e5519aba9487e4d080ac6583404ba45,bef50e648596f62edef8871026e814df3922b98b74ca4b0e5064cf9e17b60515,True
456,dp_fisher_wiener_adaptive_beta_alpha0p50_adam,dp_fisher_wiener_adaptive_beta,0.001,e26fe49698c962feabd173bb549a01a7bb961c05b301e53a307778215cd862ec,800,16,conv1,0.10368327354645716,15,0.10368327354645716,True,False,none,0.04944145585047258,0.0026059886237337136,0.025134127565581282,50,9,7,3.1412556171417236,0.00016003602650016546,0.0005027140671886865,5.2123040143976626e-05,0.01786786129232496,0.021848469569023643,0.002556902589276433,0.06509452313184738,0.0036070157075300817,0.0037320743431337178,0.006289683748036623,0.014745651045814157,0.057161829248070666,0.12767898715101184,0.03372749481350184,0.05750817619264126,0.36881594955921154,0.1534652517961388,641807f0446c4a81d83c562d4dd87b2003e732d3d1e8080f57ed26ce04679f18,641807f0446c4a81d83c562d4dd87b2003e732d3d1e8080f57ed26ce04679f18,758cf182f081e5daf3b31d42ac5b243ccf25c8481dc4ebe0730be2b93e8204e2,758cf182f081e5daf3b31d42ac5b243ccf25c8481dc4ebe0730be2b93e8204e2,ad2632c418e6db9adff2ae98a936125a8285518d96c05d8b1b0b09e73ad13340,e9905cb587037d5f43e07bb62353fed56e8ef907c0f4b3cfba3fc4114202c1a7,True
456,dp_fisher_wiener_adaptive_beta_alpha0p50_adam,dp_fisher_wiener_adaptive_beta,0.001,e26fe49698c962feabd173bb549a01a7bb961c05b301e53a307778215cd862ec,800,16,conv2,0.011142354074832212,15,0.011142354074832212,True,False,none,0.06986018486330509,0.005735725451240958,0.5147678320684967,50,9,7,32.518699645996094,0.0003201449871994555,0.010410698681910358,0.0001159996908802342,0.0013197703556333464,0.010057295101971297,1.357622750219889e-05,0.11964762955904007,1.7429535364499316e-05,2.4941839001257904e-05,4.885661110165529e-05,0.00012583356874529272,0.0006359475257340819,0.03430499440530247,0.001561843731906265,0.0043658355716615915,0.054025644436478615,0.08518496576537181,776851c0746284d7b2b74a86cd8fef44189a3ea354aff9b7ac4a5a7b0ccee5c2,776851c0746284d7b2b74a86cd8fef44189a3ea354aff9b7ac4a5a7b0ccee5c2,a51687b40fadb4c6b33a011f0d1915e5cb005c4a8654c81f192bade06c66449f,a51687b40fadb4c6b33a011f0d1915e5cb005c4a8654c81f192bade06c66449f,0e4c94895f25e8d8dc401cfa6bc6bf92ff463f60ea4bf191775c091bd91a2104,46b99e93caf45b565ddad70972946bd227dc5aa591418eb5e3ef2b7fbb5c5985,True
456,dp_fisher_wiener_adaptive_beta_alpha0p50_adam,dp_fisher_wiener_adaptive_beta,0.001,e26fe49698c962feabd173bb549a01a7bb961c05b301e53a307778215cd862ec,800,16,fc1,0.00024969646366444634,15,0.00024969646366444634,True,False,none,0.00044806589466642307,0.06114384795430361,244.87270286883813,50,12,4,3943.076904296875,0.0012942509492859244,5.103331026493635,0.0012742837102245096,0.0002805715751560059,0.007662841454161468,0.0,0.3625200092792511,1.2201592198834986e-07,3.1055715510319715e-07,8.64816229295684e-07,2.853669570868078e-06,1.2057870389980962e-05,0.03622986801755147,0.0004884183988906443,0.00345151883084327,0.04606613032519817,0.05530658364169586,bb692a7ea5875fae02ddc803a259d915a0df27449ccc904591698eb7e52d4cae,bb692a7ea5875fae02ddc803a259d915a0df27449ccc904591698eb7e52d4cae,103a481dc96755f3d0465545082c869ab4c6d1fab594397e9a7b67543a8f6597,103a481dc96755f3d0465545082c869ab4c6d1fab594397e9a7b67543a8f6597,90c48b5dfea5948384199f6de4ef34218b81a1d74db67ddaf993c2984abbfa95,722659d808bfc6b19b0765a785d8f35e6be82b6fda398539904075982df4d4c6,True
456,dp_fisher_wiener_adaptive_beta_alpha0p50_adam,dp_fisher_wiener_adaptive_beta,0.001,e26fe49698c962feabd173bb549a01a7bb961c05b301e53a307778215cd862ec,800,16,fc2,0.0031263725547914945,15,0.0031263725547914945,True,False,none,0.004414484295252989,0.02452061064082882,7.843150555824963,50,16,0,1368.056640625,0.00012119795428588986,0.1658056661909768,0.0005183702842083899,0.008235863076546912,0.06373023699166899,7.210445573946345e-09,0.7692530751228333,3.2578345326328427e-06,7.691417522437405e-05,0.00019985876133432612,0.0006517957226606086,0.005639551673084498,0.17566798103800427,0.0010409677051939075,0.060096919536590576,0.6446459710597993,0.20460984608543012,59c401eff4571e6371233b1dafe018db5c6f8631c5b6309e8934ef5dd056c3bb,59c401eff4571e6371233b1dafe018db5c6f8631c5b6309e8934ef5dd056c3bb,f29f46e4b01b2c665443f2878c0ffb4b58cbc5302aca9ce2ed96dbe19065703b,f29f46e4b01b2c665443f2878c0ffb4b58cbc5302aca9ce2ed96dbe19065703b,156b5dcdfc85e48294779a8ad561904b8184f8cfe7ed244f5407c5cd0100c82a,efb77c0d09ff3fae4042c29b8bcbecc933132a1c1239a5fd2a5fcaffe577d69e,True
456,dp_fisher_wiener_adaptive_beta_alpha0p50_adam,dp_fisher_wiener_adaptive_beta,0.001,e26fe49698c962feabd173bb549a01a7bb961c05b301e53a307778215cd862ec,850,17,conv1,0.10661895499902757,16,0.10661895499902757,True,False,none,0.10368327354645716,0.0026799424253484343,0.025135703359434325,50,10,7,3.1417183876037598,0.00016003890777938068,0.0005027971793025027,5.360770983369153e-05,0.01835289637092501,0.022440984722217526,0.0026179729029536247,0.06687849014997482,0.0036984477657824757,0.003826129308436066,0.006460292264819145,0.015198418637737632,0.05869612023234362,0.12766699948115276,0.03363647479563952,0.05745450779795647,0.3688604295253752,0.15758562256899417,322796f8513e8c3f1fa9dcb764713d359081b3c600814529fd2943b53ce4b01f,322796f8513e8c3f1fa9dcb764713d359081b3c600814529fd2943b53ce4b01f,7587b48aee50a28dfe461cac3443dcd3de944917062a58fc5f7fd2f58ba4c520,7587b48aee50a28dfe461cac3443dcd3de944917062a58fc5f7fd2f58ba4c520,9cee437b05ef56bd49d0a7e958e9f3fc3ccbded7c462dd1388a632f2ec235390,2a113bfd411505a1ff646d057a898f8f62b561ea758ae2fd677572ce18b37c6b,True
456,dp_fisher_wiener_adaptive_beta_alpha0p50_adam,dp_fisher_wiener_adaptive_beta,0.001,e26fe49698c962feabd173bb549a01a7bb961c05b301e53a307778215cd862ec,850,17,conv2,0.003137522024514703,16,0.003137522024514703,True,False,none,0.011142354074832212,0.0016331898202539968,0.5205349340955179,50,10,7,32.939903259277344,0.0003201566869392991,0.010545930295591255,3.3088088571414416e-05,0.000399299541675436,0.003130952848066395,3.7054176118545e-06,0.03735414147377014,4.878835943600279e-06,7.158881317081978e-06,1.3917393971496494e-05,3.568538431863999e-05,0.00018018150876741856,0.03448617856142689,0.0015525899827480317,0.004416263662278652,0.05431836321949959,0.026387154334584807,02679d37a361b4fb3dc6923040cc9f3cba9a4325616dbeebcd8f204ec00e9e6e,02679d37a361b4fb3dc6923040cc9f3cba9a4325616dbeebcd8f204ec00e9e6e,192575635d3ae9e8951ae1fe15472730755917280ab6e8e1af3f674f5b7a27ce,192575635d3ae9e8951ae1fe15472730755917280ab6e8e1af3f674f5b7a27ce,3de06227cf8edc125dc5819ab4f4076b205d1c97f00022ba661aa8eae21f97d7,321a92641bb3c5e606e761698cf4f5e48d8faea89f13e862f446d458a9231deb,True
456,dp_fisher_wiener_adaptive_beta_alpha0p50_adam,dp_fisher_wiener_adaptive_beta,0.001,e26fe49698c962feabd173bb549a01a7bb961c05b301e53a307778215cd862ec,850,17,fc1,0.0007293278164148786,16,0.0007293278164148786,True,False,none,0.00024969646366444634,0.1861000636997452,255.16655132468173,50,13,4,4087.654296875,0.0012948630610480905,5.292952555357942,0.0038602975295867602,0.0006252713937384218,0.0145322473021295,0.0,0.6375659704208374,3.72549607163819e-07,9.57856371996968e-07,2.5940719297068426e-06,8.732499054531218e-06,3.6554419057210905e-05,0.03686687265864878,0.0005105516989715398,0.0035442018415778875,0.04773017726838589,0.10402915093006443,4c74b24c0eb9e82e49050957307f8ed92fcaf1a4cfa13ec06aa17dcc7d3c74e1,4c74b24c0eb9e82e49050957307f8ed92fcaf1a4cfa13ec06aa17dcc7d3c74e1,1266e10a63e278ddb36baa5f1b5cbbdb838e1e3f128e8a10dc131401acc2c4fd,1266e10a63e278ddb36baa5f1b5cbbdb838e1e3f128e8a10dc131401acc2c4fd,08b35b96f1764abd51daff6d379493ebcd7d76998035a9d9c8c8da6a298865c9,9273038b2c534259df5fd499dca1046fbca261c4fd1557f4a52ce10bb9fdbdf4,True
456,dp_fisher_wiener_adaptive_beta_alpha0p50_adam,dp_fisher_wiener_adaptive_beta,0.001,e26fe49698c962feabd173bb549a01a7bb961c05b301e53a307778215cd862ec,850,17,fc2,0.0016669955160626415,16,0.0016669955160626415,True,False,none,0.0031263725547914945,0.013819865103906873,8.29028330954884,50,17,0,1447.4296875,0.00012175247684353963,0.17622814950999555,0.00029377153503717935,0.006166850069552627,0.05238867322068765,9.57059231865287e-09,0.6582289934158325,2.5519013888697377e-06,4.818887919100234e-05,0.00011334351438563317,0.00037633712781826034,0.0032244935631752032,0.1834783697336876,0.0015285025816410783,0.06367075443267822,0.6599298715591432,0.16446344919075181,ca94f43deed0811d5d6d3422ce88cbe9cb2ad694cefd15f64bd7dd5d32e005a3,ca94f43deed0811d5d6d3422ce88cbe9cb2ad694cefd15f64bd7dd5d32e005a3,1f2a8014c9924c92e99c771402a852209f64427f8bcbbaef06f1e9746b56fdbd,1f2a8014c9924c92e99c771402a852209f64427f8bcbbaef06f1e9746b56fdbd,531503352264fb1f923f53d8101f4314ebdd272e745bc9dcdfcb1ce77bcef4f2,89dbe243c2ffdf0693e8b828299b7dcb9d12aacaf9c2a27b9e73cac0529ea8a7,True
456,dp_fisher_wiener_adaptive_beta_alpha0p50_adam,dp_fisher_wiener_adaptive_beta,0.001,e26fe49698c962feabd173bb549a01a7bb961c05b301e53a307778215cd862ec,900,18,conv1,0.10661895499902757,17,-0.03434191866014383,False,True,negative,0.10661895499902757,-0.000863350991707815,0.025139858965125134,50,10,8,3.141772747039795,0.00016003941709641367,0.0005028074790856471,5.3608807985807105e-05,0.018348915400565602,0.022530447249864662,0.0026051909662783146,0.06722474098205566,0.0036724784644320612,0.0038061305531300604,0.006406890461221337,0.015085286693647504,0.05873037464916701,0.12749004374491052,0.03340750131756068,0.05700439773499966,0.3689921200275419,0.15781620137613236,53663a0df9bdd7c72751bff66536942f10456d549478bb8eb41060c33ed51b13,53663a0df9bdd7c72751bff66536942f10456d549478bb8eb41060c33ed51b13,0eca3845e11f14d06e9b881a0f783163767e6bee0571a2150327d10c5a3b730f,0eca3845e11f14d06e9b881a0f783163767e6bee0571a2150327d10c5a3b730f,c2d578b22e3234a969b223dd9b4b2632f55d354cf49243c603a5081423a789d9,fb4545034ccba1c9d46ef0961b816a01aab885190dd3b640e7fe18dcb1af216e,True
456,dp_fisher_wiener_adaptive_beta_alpha0p50_adam,dp_fisher_wiener_adaptive_beta,0.001,e26fe49698c962feabd173bb549a01a7bb961c05b301e53a307778215cd862ec,900,18,conv2,0.03726448797069491,17,0.03726448797069491,True,False,none,0.003137522024514703,0.01964943463199237,0.5272965147795627,50,11,7,33.364959716796875,0.00032016271143220365,0.010682215969755937,0.0003980673085053352,0.003849350665276343,0.027091493330270753,4.337935024523176e-05,0.31901293992996216,5.860935634700581e-05,8.48304571263725e-05,0.0001648037214181386,0.000419735413743183,0.002122537582181394,0.03452692571628522,0.0015704158926382662,0.004403790459036827,0.0539976928383112,0.22808832475846166,7541e430d3b7c19a636184a5239e0affceaeee90563d587ce6f990cf66c9266b,7541e430d3b7c19a636184a5239e0affceaeee90563d587ce6f990cf66c9266b,cb73b9e3d5f40c06c0906d29f0316ab96cf85d69e71222d74f61529b8fa8e13a,cb73b9e3d5f40c06c0906d29f0316ab96cf85d69e71222d74f61529b8fa8e13a,8f52f8b03a86e948417b28b1c456f8c1c3d383ad06b5815347e32e69b01e0cc5,09992d9f6636d72d7fc918d412e48605c0b30e1430a5b359ec542ec80feb0fe4,True
456,dp_fisher_wiener_adaptive_beta_alpha0p50_adam,dp_fisher_wiener_adaptive_beta,0.001,e26fe49698c962feabd173bb549a01a7bb961c05b301e53a307778215cd862ec,900,18,fc1,0.00020101291951922468,17,0.00020101291951922468,True,False,none,0.0007293278164148786,0.05319759230146204,264.6476277678971,50,14,4,4174.0263671875,0.0012949081137776375,5.40498060999289,0.0010864709323594708,0.0002473792251331546,0.006814747794888213,8.121077699208001e-10,0.3318677246570587,1.0369604481752513e-07,2.64222762780264e-07,7.280532372533344e-07,2.431285622606083e-06,1.014856570691336e-05,0.0371712960700027,0.000515601632650942,0.0036088540218770504,0.04806115068495273,0.04863123188975708,5e95aab6560cbde71a0d396a88e28aa8e96ac7a44d8124431ae1776a5ddef3f4,5e95aab6560cbde71a0d396a88e28aa8e96ac7a44d8124431ae1776a5ddef3f4,ecf447b4f2111815b79b2d4584610fe0bd4f651cb1e1db0f3023d2b71a0f7029,ecf447b4f2111815b79b2d4584610fe0bd4f651cb1e1db0f3023d2b71a0f7029,585599ecc64be25483fe9c381d77f1cb19c0ea3854f20cb1f1e3b8d59f16c295,1e86802b6eb81eacf10403a194d4856bdad801f7ce0a10470b376fb2256a165d,True
456,dp_fisher_wiener_adaptive_beta_alpha0p50_adam,dp_fisher_wiener_adaptive_beta,0.001,e26fe49698c962feabd173bb549a01a7bb961c05b301e53a307778215cd862ec,900,18,fc2,0.0035947264717497394,17,0.0035947264717497394,True,False,none,0.0016669955160626415,0.03167459970555259,8.811407475499777,50,18,0,1567.00537109375,0.00012152810813859105,0.19043519819203425,0.0006845624480938137,0.0093415050486462,0.06853629500507692,1.798575155476101e-08,0.8195325136184692,2.586698337836424e-05,0.00010419099271530285,0.0002680009638424963,0.0008753277506912127,0.006814929656684401,0.1870045363723223,0.007144587766379118,0.06939857825636864,0.6562180280685426,0.21440252534035104,5bedb92b0cd701a2ebe22f0127da0ade72a50301de9a2ccf8dc3e825b4bd2e4f,5bedb92b0cd701a2ebe22f0127da0ade72a50301de9a2ccf8dc3e825b4bd2e4f,526501daf68bc9941dfc6e1b8ba33138bb7006d4db62b4b454d4e7542630528e,526501daf68bc9941dfc6e1b8ba33138bb7006d4db62b4b454d4e7542630528e,e9180b111510c9aafc8a2a8e380f333e30d49663fd5c1af8535f93aebbc37c8e,3aaa4de81b9f74b87692abd11393df8ca2417489265906a094b41f70f01c83ef,True
456,dp_fisher_wiener_adaptive_beta_alpha0p50_adam,dp_fisher_wiener_adaptive_beta,0.001,e26fe49698c962feabd173bb549a01a7bb961c05b301e53a307778215cd862ec,950,19,conv1,0.10661895499902757,18,-0.08449533659429025,False,True,negative,0.10661895499902757,-0.002124244359373415,0.025140373954282355,50,10,9,3.141575336456299,0.00016004190547391772,0.0005027837030363302,5.360627300827494e-05,0.018353390412812587,0.022420463837962663,0.002627934794872999,0.06680464744567871,0.003706801403313876,0.003839664626866579,0.006469732383266091,0.015184793621301651,0.05869140923023219,0.1277058229665272,0.03371021412312985,0.05753433331847191,0.36884349286556223,0.1575378083070901,94670473536f1522b7f0ec3d1b7ac25c309af1d5d94fc66fee35eb5089ecf033,94670473536f1522b7f0ec3d1b7ac25c309af1d5d94fc66fee35eb5089ecf033,6fef073a71f03ca165fb7226775f16e46f429f12aee467cbe8fd257ec1888634,6fef073a71f03ca165fb7226775f16e46f429f12aee467cbe8fd257ec1888634,35e1080cb13fbac58bcc5c1a275b065b909f3906eeb0fe21b4cbc91f35940fd6,4e9d29c23c965705a886603d9b57e8f0e9c06e5150525d8f4807c0f1a09c27fe,True
456,dp_fisher_wiener_adaptive_beta_alpha0p50_adam,dp_fisher_wiener_adaptive_beta,0.001,e26fe49698c962feabd173bb549a01a7bb961c05b301e53a307778215cd862ec,950,19,conv2,0.03726448797069491,18,-0.008940790291497223,False,True,negative,0.03726448797069491,-0.004775372641703524,0.5341107984877969,50,11,8,33.97698211669922,0.000320174905937165,0.01087857705324291,0.00040538460373884815,0.0039071917462291,0.027426246313682897,4.1877316107274964e-05,0.32286620140075684,5.749167467001825e-05,8.464477105007973e-05,0.00016568891442148015,0.00042229002428939566,0.0021911191521212458,0.03494034646107044,0.0015405123820528388,0.0044273436069488525,0.05564894489943981,0.22943834473619634,b1afc87c386161ffdd3f229fbbf165615afa27a3586cdd0b3c7af63affdf3b01,b1afc87c386161ffdd3f229fbbf165615afa27a3586cdd0b3c7af63affdf3b01,9b99281d03fb072f2d182e0492477a6de5c19615c1740076e3a4e777e8bce822,9b99281d03fb072f2d182e0492477a6de5c19615c1740076e3a4e777e8bce822,b319afdabb24af0045ab61d19bd5167bfd984d8da0bf1ef5449df1b58c82fb72,688b97a2e108fb706241e9f5040fda144e6972da8e5f06fd2cc526468a2c4a62,True
456,dp_fisher_wiener_adaptive_beta_alpha0p50_adam,dp_fisher_wiener_adaptive_beta,0.001,e26fe49698c962feabd173bb549a01a7bb961c05b301e53a307778215cd862ec,950,19,fc1,0.00020101291951922468,18,-1.1512853347271132e-05,False,True,negative,0.00020101291951922468,-0.0031113374553846107,270.2490304996445,50,14,5,4247.654296875,0.0012953951954841614,5.502390968249529,0.0011060516728640512,0.0002505339801068336,0.006923552334394509,0.0,0.3383826017379761,1.0700939085950268e-07,2.7668950508541457e-07,7.65455212103916e-07,2.5519642008475785e-06,1.0620438752084738e-05,0.03774540799341926,0.0005320675845723599,0.0037935470463708043,0.050183705613017084,0.049151017174513686,24b8a42b6fcaea145e1c11fe56b5af1c0d91b5f86c61b80bd846e883cb343d4c,24b8a42b6fcaea145e1c11fe56b5af1c0d91b5f86c61b80bd846e883cb343d4c,5a5811167f9aec7579a13777a2757fd6be3cc407e2d5fa1b3a0520db7803f090,5a5811167f9aec7579a13777a2757fd6be3cc407e2d5fa1b3a0520db7803f090,fedf8e5519cd60113e0a01cfb8dcd236627d66e36e37d0ee6aabef87d3d75147,b49ccccaec4ccdd1153531ffae7385735531a2cf9068a2e116da09362640ae50,True
456,dp_fisher_wiener_adaptive_beta_alpha0p50_adam,dp_fisher_wiener_adaptive_beta,0.001,e26fe49698c962feabd173bb549a01a7bb961c05b301e53a307778215cd862ec,950,19,fc2,0.0026644300774869294,18,0.0026644300774869294,True,False,none,0.0035947264717497394,0.025370063493752027,9.521759909601712,50,19,0,1610.9893798828125,0.00012174632138339803,0.19613203078845398,0.0005225800819913493,0.008172751057803643,0.06389205539674889,0.0,0.7766399383544922,2.7855179178004628e-05,9.122220399149228e-05,0.00021340871171560138,0.00065497393370606,0.005509775783866648,0.19238113222503733,0.010346556175500158,0.0741705521941185,0.6752563416957857,0.19700472055380377,f4d0e9d8063199d2aaa5f1e58cbed17f265e8f7ce171a57de08e3e68fa243913,f4d0e9d8063199d2aaa5f1e58cbed17f265e8f7ce171a57de08e3e68fa243913,085fcd58264f4e101130795a11221b6eef01831f6cb1336881fc3fbbcb3f7b6a,085fcd58264f4e101130795a11221b6eef01831f6cb1336881fc3fbbcb3f7b6a,dc6ab5f38ea591e922a3b141e1409af589156fb0598508286de74820efe5f8b0,d17c55e9428b52b9850c5d1d452695aaa7aa9c856455fa8808c9be542b62695b,True
456,dp_fisher_wiener_adaptive_beta_alpha0p50_adam,dp_fisher_wiener_adaptive_beta,0.001,e26fe49698c962feabd173bb549a01a7bb961c05b301e53a307778215cd862ec,1000,20,conv1,0.10931816658037725,19,0.10931816658037725,True,False,none,0.10661895499902757,0.002748169630121224,0.025139185151816512,50,11,9,3.140967607498169,0.00016004334611352533,0.000502690965938201,5.495325475288301e-05,0.018794860973139295,0.02290658608335984,0.002712271176278591,0.06821336597204208,0.0038199024274945263,0.003944420488551259,0.006643326953053474,0.015624861465767026,0.06007230468094344,0.12776269947644323,0.03387900292873383,0.05762379243969917,0.36878541111946084,0.16117832518235298,81a066176c91922fd34003ec2095c7ee45687efa03c7d15d7f4e9d84f9c5fb84,81a066176c91922fd34003ec2095c7ee45687efa03c7d15d7f4e9d84f9c5fb84,7e12222084f7c7a9e44a10da97bddd28eb596291a130a133b58c022f007c203a,7e12222084f7c7a9e44a10da97bddd28eb596291a130a133b58c022f007c203a,3ebd05d9c2945b9d4cd99ffc02238120dbad6309d4b457447a7a7177286696d9,75e6bc1f1b9ee469fdc7791c6f8c8a5164fa63054eb7a05e3dd4d9835965c02f,True
456,dp_fisher_wiener_adaptive_beta_alpha0p50_adam,dp_fisher_wiener_adaptive_beta,0.001,e26fe49698c962feabd173bb549a01a7bb961c05b301e53a307778215cd862ec,1000,20,conv2,0.001696354400765958,19,0.001696354400765958,True,False,none,0.03726448797069491,0.0009226961029170089,0.5439288526621455,50,12,8,34.578346252441406,0.0003201838117092848,0.011071426705710152,1.878106341498917e-05,0.00022912914314606928,0.0018055837104799276,1.8004592448050971e-06,0.021545860916376114,2.5918494429788553e-06,3.846111212624237e-06,7.59922568249749e-06,1.9238526874687523e-05,0.00010180970348301343,0.03529545446475948,0.0015255670296028256,0.004459794610738754,0.05662413164973259,0.014945290924262878,98f327aa269dc4e4d00ebec371f6e07f66ab479cad748992df4d0425345075c7,98f327aa269dc4e4d00ebec371f6e07f66ab479cad748992df4d0425345075c7,9f429d3ef44eddc19fa1a337572197929f53d5ab9a852e4d19491e821e1c839c,9f429d3ef44eddc19fa1a337572197929f53d5ab9a852e4d19491e821e1c839c,fb2e776e07bfa769f66ba6661143ee0c6cebfc71c4c20cc03c0fc4c40a9ef762,284390cde3f5fab65ab1882e35f41b82270cdb3a0637dd3968793677a4fadf0a,True
456,dp_fisher_wiener_adaptive_beta_alpha0p50_adam,dp_fisher_wiener_adaptive_beta,0.001,e26fe49698c962feabd173bb549a01a7bb961c05b301e53a307778215cd862ec,1000,20,fc1,0.00020101291951922468,19,-1.1347251746705301e-05,False,True,negative,0.00020101291951922468,-0.003121850776276247,275.11954841247643,50,14,6,4363.2578125,0.0012957325670868158,5.6536152462522296,0.001136449706487561,0.0002560815697090761,0.0070608665262861916,0.0,0.34571099281311035,1.1153245793593673e-07,2.8295845311276935e-07,7.83280029281741e-07,2.594338411654462e-06,1.103851627703989e-05,0.038471043339136556,0.0005545445135794582,0.0038815427105873823,0.052056393772363665,0.04962637560260263,c0fe87e0b5b98cc24fea9a34c5373cb9691f1f46f30000280611d6b5b958e61a,c0fe87e0b5b98cc24fea9a34c5373cb9691f1f46f30000280611d6b5b958e61a,d8a07c8f57424cccf07e4d830f8d1f7e31866da742506d6e2428c9fe8cad9666,d8a07c8f57424cccf07e4d830f8d1f7e31866da742506d6e2428c9fe8cad9666,40a1a847873edbd959810ec346607e45d07276228f2b7d7d5315b86db86ee397,1a4d62cf3cfc347f4f7aeb7ee8b6dcd3f900d5bbe8e7f0b954ba24773b94eab4,True
456,dp_fisher_wiener_adaptive_beta_alpha0p50_adam,dp_fisher_wiener_adaptive_beta,0.001,e26fe49698c962feabd173bb549a01a7bb961c05b301e53a307778215cd862ec,1000,20,fc2,0.002029061996232355,19,0.002029061996232355,True,False,none,0.0026644300774869294,0.019898202495836324,9.806601539422708,50,20,0,1637.576904296875,0.00012182072532596067,0.19949080625848659,0.0004047792135768467,0.007277373041302274,0.05898576432691988,1.1474734940009057e-08,0.7277898788452148,1.737896618578816e-05,7.308006934181321e-05,0.00017678042786428705,0.0005462425178848207,0.004486164031550295,0.19926502507013003,0.008492427691817286,0.0801549144089222,0.6895277023315433,0.1785601767341178,a47e237a54e145d702a5d3a1129fa9881ea813368ca82babe1a8a400c399cd29,a47e237a54e145d702a5d3a1129fa9881ea813368ca82babe1a8a400c399cd29,7b1b6bb6994984b4affaddcf7117cf57a6b97a54684f70a850ecdc2e6d517730,7b1b6bb6994984b4affaddcf7117cf57a6b97a54684f70a850ecdc2e6d517730,6b4324762ff5960468e25561a7852808079b240563319315a48cf641ff1df12d,1fdabe3d6c22c4bf98f6b851425c21acbcf217db483f75f9e2a4e731aba279e7,True
456,dp_fisher_wiener_adaptive_beta_alpha0p50_adam,dp_fisher_wiener_adaptive_beta,0.001,e26fe49698c962feabd173bb549a01a7bb961c05b301e53a307778215cd862ec,1050,21,conv1,0.10931816658037725,20,-0.029947716082217992,False,True,negative,0.10931816658037725,-0.000752722316250658,0.02513454829691005,50,11,10,3.14131498336792,0.00016004533972591162,0.0005027528236992151,5.496001692990584e-05,0.018793331863707866,0.022984080780645108,0.0026901771780103445,0.06852059811353683,0.003794349892996252,0.0039218032034114,0.006614360027015209,0.015543149784207344,0.06010542027652258,0.12762757701566443,0.03365916777402163,0.05738554708659649,0.36891154646873453,0.16137688718268434,1fdf310de0b4c538b8d476dd008c7faf16d6878b4552712b46f463b0f8e6df16,1fdf310de0b4c538b8d476dd008c7faf16d6878b4552712b46f463b0f8e6df16,e805826c69605db410f245ad5d95a991f3378a5bc42d53025ef8f47dbcb09c4b,e805826c69605db410f245ad5d95a991f3378a5bc42d53025ef8f47dbcb09c4b,4c8508c270568265035d0b421ba3eaf9cff16f413a2d5bf1f89ed257b5d5fc8a,f25c8c3bc4b59896e32f8e76e81eab0b9cd8086272a91b2884dc510c8a97f379,True
456,dp_fisher_wiener_adaptive_beta_alpha0p50_adam,dp_fisher_wiener_adaptive_beta,0.001,e26fe49698c962feabd173bb549a01a7bb961c05b301e53a307778215cd862ec,1050,21,conv2,0.001696354400765958,20,-0.0028489505877472665,False,True,negative,0.001696354400765958,-0.001577097381021686,0.5535713352855076,50,12,9,35.17281723022461,0.00032019271748140454,0.011262079930422386,1.910447885174999e-05,0.0002329816203805059,0.0018452379806323533,1.715678081382066e-06,0.022028537467122078,2.5784670242501307e-06,3.863189590447291e-06,7.546732149421587e-06,1.924845128087327e-05,0.00010162407052121125,0.03537901453764162,0.001517702010460198,0.00442912383005023,0.056526714190840724,0.015223843761203035,21c118e9ebe4c2b0e1e87d90f5cbefb4f73d75659cd8f50d87a07fbbf00230df,21c118e9ebe4c2b0e1e87d90f5cbefb4f73d75659cd8f50d87a07fbbf00230df,4bf749f6b0a0a2ee9f9781c03bb6a12cd047e43f707ec08db29379e0047cba39,4bf749f6b0a0a2ee9f9781c03bb6a12cd047e43f707ec08db29379e0047cba39,625466c29bea29cebb0a2de6730f472194c66e95fb40cb1e242846031764ba15,08f800d2882a2907e330c876efcb0e01b46760c74d1685754638b4081a78463c,True
456,dp_fisher_wiener_adaptive_beta_alpha0p50_adam,dp_fisher_wiener_adaptive_beta,0.001,e26fe49698c962feabd173bb549a01a7bb961c05b301e53a307778215cd862ec,1050,21,fc1,0.0006132601930232303,20,0.0006132601930232303,True,False,none,0.00020101291951922468,0.17335685885978602,282.6807623126115,50,15,6,4514.07275390625,0.0012960003223270178,5.850239744070109,0.0035877191546806087,0.0005972935980532096,0.014038482694121897,0.0,0.6314399242401123,3.423128333679417e-07,8.766963759399005e-07,2.41523957811296e-06,8.074873903751723e-06,3.4179376598331146e-05,0.03887024095417951,0.0005578740732744339,0.003922919975593686,0.05279332101345062,0.09823790986539055,1eadad73046db27b7a321da8e25463b9d91912e19c50d1c0752f0190e7b554c0,1eadad73046db27b7a321da8e25463b9d91912e19c50d1c0752f0190e7b554c0,e01e579ba21f52e3e94a890276ede523277ed79ae75f09b8663b7b74c2a68f83,e01e579ba21f52e3e94a890276ede523277ed79ae75f09b8663b7b74c2a68f83,a52440f81982890ba555cbd97cc5d853c085b259641ef036de9f80f8e89d1e0b,4d7d80ed284d38950e54bcdae3c5ea26e9c8588f0fd6a25e073f30455d4e0daf,True
456,dp_fisher_wiener_adaptive_beta_alpha0p50_adam,dp_fisher_wiener_adaptive_beta,0.001,e26fe49698c962feabd173bb549a01a7bb961c05b301e53a307778215cd862ec,1050,21,fc2,0.0019102178846382091,20,0.0019102178846382091,True,False,none,0.002029061996232355,0.019053545296792852,9.97454031292433,50,21,0,1685.768798828125,0.00012199814955238253,0.20566067403017385,0.00039285669769918697,0.007255552267131372,0.058281243437808584,0.0,0.7271401286125183,1.8344355703447954e-05,7.619436655659229e-05,0.00018291819287696853,0.0005453091289382428,0.004364040959626438,0.20595637207740813,0.009512062463909392,0.08740413188934326,0.6964721143245698,0.1738491588314334,3ea40fa9709691fb53aee2552e29528beba021dcb52bf8b8ded1042cbcae667d,3ea40fa9709691fb53aee2552e29528beba021dcb52bf8b8ded1042cbcae667d,8d9f703e93c125cf482548c0260b1f6966c83d053e8aa32e7aaa5f5ed5ff799a,8d9f703e93c125cf482548c0260b1f6966c83d053e8aa32e7aaa5f5ed5ff799a,14bf0bcfc702dea5ea4a1be8d8260c10c8f6f928407fa5cd179f985237c2a220,928409953cc850c45cc350841d8496162370916621abb7d01c6935decb89eb99,True
456,dp_fisher_wiener_adaptive_beta_alpha0p50_adam,dp_fisher_wiener_adaptive_beta,0.001,e26fe49698c962feabd173bb549a01a7bb961c05b301e53a307778215cd862ec,1100,22,conv1,0.03417566234669661,21,0.03417566234669661,True,False,none,0.10931816658037725,0.0008590955373296333,0.025137641184960757,50,12,10,3.1419973373413086,0.0001600469258846715,0.0005028670149792996,1.7185813309223773e-05,0.006074438122232096,0.007541724933350491,0.0008418234065175056,0.02245931886136532,0.0011893473216332497,0.0012294373009353876,0.002083008992485702,0.00492066890001297,0.019600788317620736,0.12769063118612395,0.03365927282720805,0.05753282830119133,0.36889756321907025,0.05263813676078381,157ec4c93b12178fc7df34e6835b924c21893f5d7410d9f0047f66c28ed80b5e,157ec4c93b12178fc7df34e6835b924c21893f5d7410d9f0047f66c28ed80b5e,5256ae9ccc1d95dfbbc7946f645ed3125377ac143a04d151aca6aa41a1041ff4,5256ae9ccc1d95dfbbc7946f645ed3125377ac143a04d151aca6aa41a1041ff4,308a8640d285e06e1f5364502ee178a6ca1abb0e86916157b38783a1bfdaff35,18c46704dacf1c24d04470d6d74dd71436a107e711ff1df06da6c1461f9129c8,True
456,dp_fisher_wiener_adaptive_beta_alpha0p50_adam,dp_fisher_wiener_adaptive_beta,0.001,e26fe49698c962feabd173bb549a01a7bb961c05b301e53a307778215cd862ec,1100,22,conv2,0.001696354400765958,21,-0.024338073464205207,False,True,negative,0.001696354400765958,-0.013704866435318555,0.5631039965211193,50,12,10,35.439735412597656,0.00032020299113355577,0.01134790928409557,1.925007585356839e-05,0.00023472913310455554,0.0018594003457754263,1.657930511100858e-06,0.02219928428530693,2.6205178755844827e-06,3.88840510368027e-06,7.503353572246851e-06,1.9407290437811753e-05,0.00010176369905821048,0.03553062808216431,0.0015424152952618897,0.004403777187690139,0.056599992141127584,0.0152995946961826,d8efba32e15688fa06b1d4230e5838ff5547b9322bf30d1b95e537d22350aa8c,d8efba32e15688fa06b1d4230e5838ff5547b9322bf30d1b95e537d22350aa8c,26144fe61deeab2e37ca6ff6590428943a16bcdf9d8c8500e417248b287e9106,26144fe61deeab2e37ca6ff6590428943a16bcdf9d8c8500e417248b287e9106,1ee7fff6e02a8ff6426309df3df2bfcd1f62cfe5e6214770d9f83ccb150fe9bd,428767ce6065818039a4be0f82468eb7d7695bf6f0e7323e5c3827bab920f1fa,True
456,dp_fisher_wiener_adaptive_beta_alpha0p50_adam,dp_fisher_wiener_adaptive_beta,0.001,e26fe49698c962feabd173bb549a01a7bb961c05b301e53a307778215cd862ec,1100,22,fc1,0.00012613750345691563,21,0.00012613750345691563,True,False,none,0.0006132601930232303,0.036896731797071425,292.51198720350544,50,16,6,4580.501953125,0.001296300208196044,5.9377056354783235,0.0007489673651212944,0.00018137451905276414,0.005120842871450916,2.0020518576302493e-09,0.2613166868686676,7.127817269747542e-08,1.8579243743488405e-07,5.196506833726744e-07,1.7131138463355455e-06,7.241988396344821e-06,0.03930210821794847,0.000564763986039907,0.004102815641090274,0.05429648794233798,0.035648711807462014,1f794bb3e883d9e9b924628ef5de3f028772c91b008c7441f0c19c92c4bf9c05,1f794bb3e883d9e9b924628ef5de3f028772c91b008c7441f0c19c92c4bf9c05,4b0783aec10536f88935c38dc600c7265a32f3359e454997b279592cb4d29c7b,4b0783aec10536f88935c38dc600c7265a32f3359e454997b279592cb4d29c7b,c596cbbb814c7c46287abf654c11460304ed1c4f4e7af9b0cf9eb9f8f5c13d19,d037c01ec98c35ea7a32a54879f28c7a18bfea9ef5ae2fc9c6c884591098d846,True
456,dp_fisher_wiener_adaptive_beta_alpha0p50_adam,dp_fisher_wiener_adaptive_beta,0.001,e26fe49698c962feabd173bb549a01a7bb961c05b301e53a307778215cd862ec,1100,22,fc2,0.002953872157058082,21,0.002953872157058082,True,False,none,0.0019102178846382091,0.030374766940976433,10.283033701508693,50,22,0,1715.7890625,0.00012215255992487073,0.20958802627546902,0.0006190962352678656,0.009200725670523895,0.06674844461013721,1.191553522517097e-08,0.8042969703674316,3.293422159913462e-05,0.00012606500968104228,0.00029505153361242265,0.0008914319914765656,0.0069420977495610785,0.21052617950472974,0.011026925407350063,0.09083952754735947,0.7029635548591616,0.1970628370915318,3809f4780dcca03e615d193360abcbf5ebb6040df776e3bf84b1d3a679db3b92,3809f4780dcca03e615d193360abcbf5ebb6040df776e3bf84b1d3a679db3b92,9fb621091e6dc30e04d0dca28c92993d2c5b5708a4ab9d2302d7900c668ece1a,9fb621091e6dc30e04d0dca28c92993d2c5b5708a4ab9d2302d7900c668ece1a,09b5433a5b0a177f0d6f2f45801ecb0d660b3a8f639793901208f2b0aafdf5d6,089da7d1c6c0ad249aa1da38fc0de942efb9b6d2903e7e3d718cc62ec2e1adb0,True
456,dp_fisher_wiener_adaptive_beta_alpha0p50_adam,dp_fisher_wiener_adaptive_beta,0.001,e26fe49698c962feabd173bb549a01a7bb961c05b301e53a307778215cd862ec,1150,23,conv1,0.06533492070988556,22,0.06533492070988556,True,False,none,0.03417566234669661,0.0016427388275644687,0.025143350748964982,50,13,10,3.1419601440429688,0.00016004772624000907,0.0005028635769908085,3.2854551930583906e-05,0.011451038898667321,0.014159632256095402,0.0016060196794569492,0.042218346148729324,0.002262000890914351,0.0023418936179950833,0.0039554929826408625,0.009317092830315232,0.03682697787880894,0.1275774498237297,0.03352688401937485,0.05727227218449116,0.36898589134216286,0.09893702393675917,58f9f7c00d24db3555f40ce61c20a9a867009aa7e27ad1fbd246500661bb8075,58f9f7c00d24db3555f40ce61c20a9a867009aa7e27ad1fbd246500661bb8075,77cc9768187c1a05af43f1ccc2982d0347f61c889600d5bb47bb85a850a3814a,77cc9768187c1a05af43f1ccc2982d0347f61c889600d5bb47bb85a850a3814a,be5637834e9fd9db69f5144b338a9516472d143be0eb36d6a7d05e9e990d63d0,5887e993a66ffa9abfa531139bedfcb9e7240b76b2cb0562946627c37b64355a,True
456,dp_fisher_wiener_adaptive_beta_alpha0p50_adam,dp_fisher_wiener_adaptive_beta,0.001,e26fe49698c962feabd173bb549a01a7bb961c05b301e53a307778215cd862ec,1150,23,conv2,0.011834748444087119,22,0.011834748444087119,True,False,none,0.001696354400765958,0.006714982587179591,0.5673954642047785,50,13,10,35.84303283691406,0.00032020796788856387,0.011477224707671319,0.00013583006725155137,0.001521857382893139,0.011662448044924547,1.1197976164112333e-05,0.1387653946876526,1.8187817840953357e-05,2.7076888727606274e-05,5.187829810893163e-05,0.0001339790687779896,0.0007105439028237015,0.03549831277514699,0.0015344846644438804,0.004364651395007968,0.05667628347873688,0.09592326184667055,3ec6f43df8e65fa6d3e77e20e098877a595fe84fec0faa3a2cb4d2cb84650a4f,3ec6f43df8e65fa6d3e77e20e098877a595fe84fec0faa3a2cb4d2cb84650a4f,4b5e98ea0ed05a61d7cf4410bffd00f83f5510439fc9bd0caa9acb74b2429388,4b5e98ea0ed05a61d7cf4410bffd00f83f5510439fc9bd0caa9acb74b2429388,4d36d9c69cba667df2781f96c93ec299c9a48570e658495784544190a3092463,05c4e88b91114ae02e6799d332798cd47904bb6e4cec2c0fa861f8d832978dd5,True
456,dp_fisher_wiener_adaptive_beta_alpha0p50_adam,dp_fisher_wiener_adaptive_beta,0.001,e26fe49698c962feabd173bb549a01a7bb961c05b301e53a307778215cd862ec,1150,23,fc1,0.00012613750345691563,22,-0.0004336694841263515,False,True,negative,0.00012613750345691563,-0.12875008699160073,296.8852817739162,50,16,7,4674.322265625,0.001296214060857892,6.0589222456842435,0.0007642573257101793,0.00018452569139112174,0.005204597158212954,0.0,0.2630474865436554,7.192782405240906e-08,1.8674161950116286e-07,5.145038812770508e-07,1.6902945390029345e-06,7.148270333345863e-06,0.039441762645242844,0.0005699085886590183,0.004062345018610358,0.05363152176141739,0.036159610180541535,e7e559d4468a0618e3811a8f34201ebdd0be10b213bf272ffc4d9bfb815405ad,e7e559d4468a0618e3811a8f34201ebdd0be10b213bf272ffc4d9bfb815405ad,e86228857671189451e48574fdb7c21870b5ebca3bb46bceb0bfd187a8ae641d,e86228857671189451e48574fdb7c21870b5ebca3bb46bceb0bfd187a8ae641d,549778cab5b37f3f7f7f7dbc18e6bd5205e37b825c2d44a4eecac7f597c68fa8,bcccf94bec1b680c8d325868aa5fa640d68daf53881e49e000a2510f4d15f9bc,True
456,dp_fisher_wiener_adaptive_beta_alpha0p50_adam,dp_fisher_wiener_adaptive_beta,0.001,e26fe49698c962feabd173bb549a01a7bb961c05b301e53a307778215cd862ec,1150,23,fc2,0.002535486695775601,22,0.002535486695775601,True,False,none,0.002953872157058082,0.02657038261076594,10.479401313773451,50,23,0,1687.390869140625,0.00012181306374259293,0.20554625150129624,0.0005211597860480823,0.008555263719578108,0.06360796319921926,0.0,0.7697044610977173,6.66703075694386e-05,0.00011972788706771098,0.0002721716300584376,0.0007976834458531812,0.006151272123679524,0.21564988989305872,0.025622835941612722,0.09696285054087639,0.7093935728073122,0.18588492643934074,38f8d4ca6e167bdfd214201597b44ed9b4976a47e74405ce2a50efbab594df2d,38f8d4ca6e167bdfd214201597b44ed9b4976a47e74405ce2a50efbab594df2d,384913bf969fb53a8a4531f38d0e78d1a98ad4036bb54d1542f2e388bcd28564,384913bf969fb53a8a4531f38d0e78d1a98ad4036bb54d1542f2e388bcd28564,a0cc335bb116d6cb47b7c1a569ef33a81eb13c24a08c821131d9cec706f9cc4f,19ad380b5c9bef3dd413f01d65a800e98c9bbcb04e41ec67679c9ce62ff4862d,True
