seed,run_id,method,learning_rate,config_fingerprint,refresh_step,interval_index,layer,beta_train,beta_source_interval,beta_raw_previous,beta_update_accepted,beta_fallback_used,beta_fallback_reason,previous_beta_train,numerator_previous,denominator_previous,previous_interval_n_steps,accepted_update_count,fallback_count,trace_A,trace_G,trace_F,beta_scaled_trace_F,H_mean,H_std,H_min,H_max,H_q10,H_q25,H_q50,H_q75,H_q90,H_beta1_mean,H_beta1_q10,H_beta1_q50,H_beta1_q90,H_fro_ratio_vs_beta1,H_hash,H_hash_copy,H_beta1_hash,H_beta1_hash_copy,H_stats_digest,H_beta1_stats_digest,beta_algorithm_active
42,dp_fisher_wiener_adaptive_beta_lr5p00,dp_fisher_wiener_adaptive_beta,5.0,6f5bfa6c60eeb2ad400161beec4006ab7b7da4908d9989b6db2c608560d2f56e,0,0,conv1,1.0,,,False,False,initial,1.0,,,0,0,0,3.1423261165618896,0.00016000015602912754,0.0005027726689443048,0.0005027726689443048,0.12761729987105355,0.13254031955968898,0.024049069732427597,0.4020586609840393,0.03357813395559788,0.034780184738337994,0.05734093300998211,0.12606265023350716,0.36857593655586224,0.12761729987105355,0.03357813395559788,0.05734093300998211,0.36857593655586224,0.9999999999995702,3aae8dc94520f79929feead8cc4b08858c843dbef33de62f99e4c376eacdd4aa,3aae8dc94520f79929feead8cc4b08858c843dbef33de62f99e4c376eacdd4aa,3aae8dc94520f79929feead8cc4b08858c843dbef33de62f99e4c376eacdd4aa,3aae8dc94520f79929feead8cc4b08858c843dbef33de62f99e4c376eacdd4aa,a8ab9fedee90df812a95033c53d4083e9db92e7fbc56caddfb95248fd05a1436,ecb64ae296511a7d0033198a474ad4cbd69560334723a3244ba592b7c1d8271b,True
42,dp_fisher_wiener_adaptive_beta_lr5p00,dp_fisher_wiener_adaptive_beta,5.0,6f5bfa6c60eeb2ad400161beec4006ab7b7da4908d9989b6db2c608560d2f56e,0,0,conv2,1.0,,,False,False,initial,1.0,,,0,0,0,19.253786087036133,0.00032000296050682664,0.006161268548816712,0.006161268548816712,0.025473983821851513,0.0943825630448979,0.0005765781970694661,0.876034140586853,0.0013255266239866614,0.0019253585196565837,0.003503526793792844,0.00827376521192491,0.04135255888104439,0.025473983821851513,0.0013255266239866614,0.003503526793792844,0.04135255888104439,0.9999999999998498,bf27da17bb753c009102d28360a212aa11574cdfd29d2cc0b00fff596f11aa0a,bf27da17bb753c009102d28360a212aa11574cdfd29d2cc0b00fff596f11aa0a,bf27da17bb753c009102d28360a212aa11574cdfd29d2cc0b00fff596f11aa0a,bf27da17bb753c009102d28360a212aa11574cdfd29d2cc0b00fff596f11aa0a,ec7ecc17fd4b4127b6750c955851c89f5c302ad330eaa03f9592fd39d2a392bd,746435aaaf3544410ac65f37245f24df0257b0ad68d2cc3c6a384d98ca51cd1a,True
42,dp_fisher_wiener_adaptive_beta_lr5p00,dp_fisher_wiener_adaptive_beta,5.0,6f5bfa6c60eeb2ad400161beec4006ab7b7da4908d9989b6db2c608560d2f56e,0,0,fc1,1.0,,,False,False,initial,1.0,,,0,0,0,47.267127990722656,0.0012827191967517138,0.06063045244902021,0.06063045244902021,0.0036188417637866583,0.028384123195356128,5.739444077335065e-06,0.9581447839736938,4.00374956370797e-05,0.00015514579718001187,0.0005288194806780666,0.0014035894128028303,0.0032491934951394794,0.0036188417637866583,4.00374956370797e-05,0.0005288194806780666,0.0032491934951394794,0.9999999999999221,a8a814c8cf78a11e9a055d0162a7fe9ced475e7e39a5ab46860e7bf1ecf366e2,a8a814c8cf78a11e9a055d0162a7fe9ced475e7e39a5ab46860e7bf1ecf366e2,a8a814c8cf78a11e9a055d0162a7fe9ced475e7e39a5ab46860e7bf1ecf366e2,a8a814c8cf78a11e9a055d0162a7fe9ced475e7e39a5ab46860e7bf1ecf366e2,72020d956f46cc0166e73e73c0307f04a2d64dfd7ea6431be9803e7274c7609f,306b0b8cf132e7038b984213314f261747d5dd93c3514a0262217ccacf3e75b9,True
42,dp_fisher_wiener_adaptive_beta_lr5p00,dp_fisher_wiener_adaptive_beta,5.0,6f5bfa6c60eeb2ad400161beec4006ab7b7da4908d9989b6db2c608560d2f56e,0,0,fc2,1.0,,,False,False,initial,1.0,,,0,0,0,1.6695542335510254,0.00011373194865882397,0.00018988165637334742,0.00018988165637334742,0.004521857548233545,0.044003688540136886,5.741695076721953e-06,0.5099760293960571,8.338884072145447e-06,6.971321636228822e-05,0.0002885343274101615,0.0006667054840363562,0.0015733205829747074,0.004521857548233545,8.338884072145447e-06,0.0002885343274101615,0.0015733205829747074,0.9999999999993705,6ef138ad4ff945c929102daabd9f70fbdefe722985e2840c3f4dcb5bc702df17,6ef138ad4ff945c929102daabd9f70fbdefe722985e2840c3f4dcb5bc702df17,6ef138ad4ff945c929102daabd9f70fbdefe722985e2840c3f4dcb5bc702df17,6ef138ad4ff945c929102daabd9f70fbdefe722985e2840c3f4dcb5bc702df17,205e6712c074963f90869d8b8caa47cab9b1a465690a177aece1946deb83ebe6,d09d119b5786f37ac26facc639e447a4d401905177082b761853566aeffd4714,True
42,dp_fisher_wiener_adaptive_beta_lr5p00,dp_fisher_wiener_adaptive_beta,5.0,6f5bfa6c60eeb2ad400161beec4006ab7b7da4908d9989b6db2c608560d2f56e,50,1,conv1,0.10826514136136386,0,0.10826514136136386,True,False,none,1.0,0.0027216377037942675,0.025138633447215238,50,1,0,3.1415152549743652,0.00016000046161934733,0.0005026438909801201,5.4418811911388666e-05,0.018616066276445055,0.022789618166303264,0.002656139899045229,0.06786627322435379,0.0037500892998650675,0.003889359999448061,0.006537171313539147,0.015367357060313225,0.059483041614294,0.12757493897806854,0.033590866625308996,0.05726924538612366,0.3685813903808592,0.15994657859841963,d2259ae2f0a0b1bafdc1a37232327066c27008ab781a8fb7f6992dda7613a3ca,d2259ae2f0a0b1bafdc1a37232327066c27008ab781a8fb7f6992dda7613a3ca,c3d670dddfd10e577467109aaffdcbf14a3f5451343cc554673f2712fbd126bd,c3d670dddfd10e577467109aaffdcbf14a3f5451343cc554673f2712fbd126bd,4670185ca62538a39855881d5abb2f1a4d095f9eb9a1542ecb8996bbe443c6d3,ead4224748451ad49973adfc3ef1715503a00d541a0b544e85b1995449e39bf0,True
42,dp_fisher_wiener_adaptive_beta_lr5p00,dp_fisher_wiener_adaptive_beta,5.0,6f5bfa6c60eeb2ad400161beec4006ab7b7da4908d9989b6db2c608560d2f56e,50,1,conv2,0.0744847402450761,0,0.0744847402450761,True,False,none,1.0,0.02294602437193849,0.3080634274408356,50,1,0,32.29820251464844,0.0003200036589987576,0.010335542983770374,0.0007698402344379551,0.0065106364120044325,0.04084497092121041,1.8897395420935936e-05,0.4635426998138428,9.306169449700974e-05,0.00014913994164089672,0.00028729723999276757,0.0006698546640109271,0.0036467767786234617,0.03386479494654787,0.0012479631579481066,0.003843408077955246,0.046837684139609335,0.34209770638317505,9f356378e1e39dd8d968c485eba8bff7aad07460faf6741fd2cc94214ab66589,9f356378e1e39dd8d968c485eba8bff7aad07460faf6741fd2cc94214ab66589,17009d9a4d2bf9f43139b66b719dceea5a6150f87231b0fd1940e13b45a9fe1b,17009d9a4d2bf9f43139b66b719dceea5a6150f87231b0fd1940e13b45a9fe1b,294267200376b4a0b31190ace6fab58e9769a67aaf3977fa70bc8a4685dbd77f,e95f83537c19f22c289cc7d8dc7e1acb179aff100e4384e3e3173d94538bb573,True
42,dp_fisher_wiener_adaptive_beta_lr5p00,dp_fisher_wiener_adaptive_beta,5.0,6f5bfa6c60eeb2ad400161beec4006ab7b7da4908d9989b6db2c608560d2f56e,50,1,fc1,0.31016091495165043,0,0.31016091495165043,True,False,none,1.0,0.9402598302760321,3.0315226224510106,50,1,0,1804.1002197265625,0.001282650395296514,2.314029859986803,0.7177216185989465,0.013639115877539574,0.08235633876641785,0.0,0.9961692094802856,2.0217264818711555e-06,9.816893179959152e-05,0.0004044272063765675,0.0015045292675495148,0.006914925295859575,0.023870970236299287,6.518285363199538e-06,0.0013027553213760257,0.021956948563456535,0.7452734635556038,7b3b358d160da9afc5ea5907a918ffb5c82ab855209fb58b16d93644ed7cb3b3,7b3b358d160da9afc5ea5907a918ffb5c82ab855209fb58b16d93644ed7cb3b3,6da603da1370786f869b3d4654e4053792e97fb5a37ba7fc9ac6a7d893afae0b,6da603da1370786f869b3d4654e4053792e97fb5a37ba7fc9ac6a7d893afae0b,a5141e1980787679102a1c945735759f96db00ccb5c408add5563b898bf31e95,65c6b0380327d40c623a4597f3266670f9f089a5ac0d03bc7dd83229048395bc,True
42,dp_fisher_wiener_adaptive_beta_lr5p00,dp_fisher_wiener_adaptive_beta,5.0,6f5bfa6c60eeb2ad400161beec4006ab7b7da4908d9989b6db2c608560d2f56e,50,1,fc2,34.122822974099414,0,34.122822974099414,True,False,none,1.0,0.3239649073228255,0.009494082818667371,50,1,0,344.3409423828125,0.00011559917766135186,0.039805529774588067,1.3582770458885118,0.20480917860568157,0.2837601625635112,0.0,0.9998835325241089,0.00022540710488101469,0.00023193347806227393,0.08430405333638191,0.26087820529937744,0.7145002603530886,0.04059353181541571,6.607204022657243e-06,0.0026908040745183825,0.0683305330574513,2.5016763090158634,9f6e81ca13c54ffd62637d37facf825fa00b6f30a350cf8ff2e1b9d0d3cdc96f,9f6e81ca13c54ffd62637d37facf825fa00b6f30a350cf8ff2e1b9d0d3cdc96f,0c22b0650ecf3596405fa0d4a39b48f94e3a503e2cc841bb4015dca0758307a0,0c22b0650ecf3596405fa0d4a39b48f94e3a503e2cc841bb4015dca0758307a0,5ef69724f07f3568805e71166532ad818070284a9e7d53d21d5d310812bf5ace,9940a64fa94f2391e606a350a495620b8e3e0b6cf09e37f306baeb4871f391c1,True
42,dp_fisher_wiener_adaptive_beta_lr5p00,dp_fisher_wiener_adaptive_beta,5.0,6f5bfa6c60eeb2ad400161beec4006ab7b7da4908d9989b6db2c608560d2f56e,100,2,conv1,0.837836792208352,1,0.837836792208352,True,False,none,0.10826514136136386,0.02105667726209542,0.025132194549006004,50,2,0,3.1416473388671875,0.00016000843606889248,0.0005026900773721366,0.00042117224190043917,0.11183805468026549,0.11911782339591549,0.02019946649670601,0.35984718799591064,0.02832319382578135,0.02927169855684042,0.048636676743626595,0.10812414810061455,0.328468734025955,0.1276686574332416,0.03361917138099671,0.057504359632730484,0.3685886353254316,0.8883808847481405,2b87c7d6da50a35aaf0307ad2e715d5e75ce3c9a8e6a5c30106ca112e6632060,2b87c7d6da50a35aaf0307ad2e715d5e75ce3c9a8e6a5c30106ca112e6632060,92162d33ba0abf6cdb8e1e5f7b6903ee15b737c0f79568a498bb3fb82602174c,92162d33ba0abf6cdb8e1e5f7b6903ee15b737c0f79568a498bb3fb82602174c,7cd2afad4398931e5e00ce698e150083e770d9cd8b8a6185ce6c7c07f696b5d9,ee4a04bbae86a04050172687887482884bbc21c3822fbe180881835890c2e404,True
42,dp_fisher_wiener_adaptive_beta_lr5p00,dp_fisher_wiener_adaptive_beta,5.0,6f5bfa6c60eeb2ad400161beec4006ab7b7da4908d9989b6db2c608560d2f56e,100,2,conv2,0.3372000625779098,1,0.3372000625779098,True,False,none,0.0744847402450761,0.17425728704520232,0.5167771491885187,50,2,0,31.54837417602539,0.0003200374194420874,0.010096660258888557,0.0034045944711251163,0.017687991226857148,0.0804205865671734,8.520407573087141e-05,0.7915610074996948,0.00041961425449699163,0.0006690826994599774,0.0012945631169714034,0.003034890571143478,0.01650674343109131,0.03366937589733048,0.0012433818890713155,0.003829409833997488,0.04741399437189102,0.68517890925168,993b51b06cacca9c1c36b656a6e7ebdbe1107cff37abd353a200e75056a7b1c7,993b51b06cacca9c1c36b656a6e7ebdbe1107cff37abd353a200e75056a7b1c7,6eb151c28fee48a4f42834e56ae66235be925765f0510f4d089537f883bd54e0,6eb151c28fee48a4f42834e56ae66235be925765f0510f4d089537f883bd54e0,6cba3ccb9377e96e5f45e0f403577730d9ccefb662b03cc917d98c44e2a48491,f32e422230994c78c715556fb0dca381ffc143bee5008ce4d460438e521346c8,True
42,dp_fisher_wiener_adaptive_beta_lr5p00,dp_fisher_wiener_adaptive_beta,5.0,6f5bfa6c60eeb2ad400161beec4006ab7b7da4908d9989b6db2c608560d2f56e,100,2,fc1,0.01162813439482397,1,0.01162813439482397,True,False,none,0.31016091495165043,1.3453925102781121,115.70149299934016,50,2,0,519.0792236328125,0.0012883259914815426,0.6687432554442125,0.0077762364499374004,0.0012037815060934012,0.018683174318934376,5.075450815184013e-08,0.7214312553405762,6.751971426410819e-08,1.7946597665741137e-06,1.2141898878326174e-05,4.712371901405277e-05,0.00020382346410769968,0.020032869842382412,5.806548870168626e-06,0.0010431063128635287,0.017229970172047613,0.19106233040642515,fdf172c243d3bc7d0e22a12d3b9f92abd6e23f43f1d57ca30cba678e1fe40e7b,fdf172c243d3bc7d0e22a12d3b9f92abd6e23f43f1d57ca30cba678e1fe40e7b,95cb0e571cc2d77baa15c4b5f3ec925d2bee30fe2b36ee176a1a82bd383580e5,95cb0e571cc2d77baa15c4b5f3ec925d2bee30fe2b36ee176a1a82bd383580e5,d1441498c87a4cca57da0dd2f8f6708aeba12b2e7fc044aee88e2a8bc1ce1c81,7ac7e80dd8350b00dc8c1e1b81c1af7c57552371a98ad78b0635e55cbfcb1e59,True
42,dp_fisher_wiener_adaptive_beta_lr5p00,dp_fisher_wiener_adaptive_beta,5.0,6f5bfa6c60eeb2ad400161beec4006ab7b7da4908d9989b6db2c608560d2f56e,100,2,fc2,0.7821599558182407,1,0.7821599558182407,True,False,none,34.122822974099414,1.5567145704906733,1.9902764887294033,50,2,0,224.7535400390625,0.0001175097277155146,0.026410727293088243,0.020657413292689504,0.09208872336751046,0.19680306056610822,2.0756285721290624e-06,0.9893833994865417,5.254009874988697e-06,0.00030699347553309053,0.014921738300472498,0.06423077546060085,0.260721716284752,0.10370352772211834,6.717298629155266e-06,0.018998649902641773,0.3107693403959275,0.9353779915178274,a8a28c952a13354bd2049894e2223f9c5b8d0ccf86df9bc1afaabab050f1ce1f,a8a28c952a13354bd2049894e2223f9c5b8d0ccf86df9bc1afaabab050f1ce1f,fc4aa5313114cf8ad8912b020319ce1870fba429b7ef39d38ff098d1341c7109,fc4aa5313114cf8ad8912b020319ce1870fba429b7ef39d38ff098d1341c7109,4cae61b4f0f31c1bc8219c7173eb14dda7b44e8ef7255ceb79342a20b323fbdd,c2bcbadb80421cf0c64a861ad8615524594b8e25a6aa819444a9715936209a90,True
42,dp_fisher_wiener_adaptive_beta_lr5p00,dp_fisher_wiener_adaptive_beta,5.0,6f5bfa6c60eeb2ad400161beec4006ab7b7da4908d9989b6db2c608560d2f56e,150,3,conv1,0.17791599131863828,2,0.17791599131863828,True,False,none,0.837836792208352,0.0044718301720853325,0.025134503868606828,50,3,0,3.142058849334717,0.00016003273776732385,0.0005028322798850821,8.946190354276535e-05,0.029726700091850945,0.03579428854303079,0.00438932329416275,0.10680829733610153,0.006182950548827649,0.006398901925422251,0.010748487431555986,0.02506038174033165,0.09424687772989265,0.12769684557570146,0.03377829585224391,0.057530347257852554,0.36887931525707224,0.25295133015857535,ac2e64fff5ac6eaf1996477070879a215427afdbaa4a9aca1b12b3c93eccd793,ac2e64fff5ac6eaf1996477070879a215427afdbaa4a9aca1b12b3c93eccd793,c3c2b223d9313424c89079bc66c338a49d30f67e92ea8a31c592d81779e849eb,c3c2b223d9313424c89079bc66c338a49d30f67e92ea8a31c592d81779e849eb,3a371258d95349e8ac736db957ca4e7462c0e90c700bba6cda359807906c1cf4,346f4a7b3486e3bcbaf212dd5ad0b35783a03dd4399a219f5c1e06bbaeec0391,True
42,dp_fisher_wiener_adaptive_beta_lr5p00,dp_fisher_wiener_adaptive_beta,5.0,6f5bfa6c60eeb2ad400161beec4006ab7b7da4908d9989b6db2c608560d2f56e,150,3,conv2,0.23232968918999616,2,0.23232968918999616,True,False,none,0.3372000625779098,0.11728769699022823,0.5048330129444278,50,3,0,35.72429656982422,0.00032007365371100605,0.011434406129359198,0.0026565520221062096,0.015077143741412108,0.0733814980683077,8.92442767508328e-05,0.7489463686943054,0.00033850562467705456,0.0005064618162577972,0.0009207389084622264,0.002139900519978255,0.011951772682368755,0.035671499798721425,0.0014553775545209646,0.003951049642637372,0.04948877990245819,0.5971692359178583,ea2abecbeaefa593795879e84274ef98138fc2208048cd69b69974669c6ee41f,ea2abecbeaefa593795879e84274ef98138fc2208048cd69b69974669c6ee41f,60d6c8a1eecd8b311bdba88d09eadc474ff0a65123ff2145a053d0db9cf82163,60d6c8a1eecd8b311bdba88d09eadc474ff0a65123ff2145a053d0db9cf82163,155bef51a2b0524cfa4c3a58359713d8bca00d54aa41a66671c28ff3846d883f,321675ea263b4765f36d2404bce1e65d0bad7c3fef2f3c2eae5e6c876bf1bdb5,True
42,dp_fisher_wiener_adaptive_beta_lr5p00,dp_fisher_wiener_adaptive_beta,5.0,6f5bfa6c60eeb2ad400161beec4006ab7b7da4908d9989b6db2c608560d2f56e,150,3,fc1,0.026455286677372677,2,0.026455286677372677,True,False,none,0.01162813439482397,0.8845897268168055,33.43716277221063,50,3,0,2010.838623046875,0.0012946320930495858,2.603296215340123,0.06887094768294226,0.004841379647521338,0.04390474212891448,0.0,0.9635303020477295,1.5222300930872734e-07,7.913014741234292e-07,3.265273153374437e-05,0.00016683380817994475,0.0008233066298998891,0.02869622185505402,5.753940513386624e-06,0.0012327798758633435,0.030205534771084782,0.34985969198413974,aa601c5570179080eb5b416c8f6abd9d71a609d249b1485255ac3b52db8d06b7,aa601c5570179080eb5b416c8f6abd9d71a609d249b1485255ac3b52db8d06b7,bf6993ad956bf5a4f376bc6db05175a76791a853810fb63de6e72d5543f79c3f,bf6993ad956bf5a4f376bc6db05175a76791a853810fb63de6e72d5543f79c3f,2bdba9fa9cd53a20bc2b8e3023755fff1ecb4eb7f19ea10da77b246df8b5030c,1013090f74f7cbec521398493762beec542b96a2be88da8f85d5b2b5a4850b46,True
42,dp_fisher_wiener_adaptive_beta_lr5p00,dp_fisher_wiener_adaptive_beta,5.0,6f5bfa6c60eeb2ad400161beec4006ab7b7da4908d9989b6db2c608560d2f56e,150,3,fc2,0.22278538577547483,2,0.22278538577547483,True,False,none,0.7821599558182407,0.2941962034300763,1.3205363646544122,50,3,0,560.868408203125,0.00012189870903966948,0.06836913490109531,0.015231644094075998,0.0888570391291422,0.18958899259125156,8.195497684937436e-07,0.9861579537391663,1.5535010902567592e-06,0.0002924335276475176,0.014474534429609776,0.0650215782225132,0.26021231114864474,0.1807736364834939,6.9730457653349735e-06,0.06184767372906208,0.6122091531753555,0.6574349324340275,921b03b9170b463a93c12299cf6cc077ff7ec1d1524fdf45f369297482b3ccf1,921b03b9170b463a93c12299cf6cc077ff7ec1d1524fdf45f369297482b3ccf1,131ee765db75f2acf2f6897d668e4f7c715d521a30b2827790f881f689bfb17a,131ee765db75f2acf2f6897d668e4f7c715d521a30b2827790f881f689bfb17a,d6ca0bcc38da9a1c4153ef101c266e1d9aa7e6f38b7122318b70896cc9f90bc5,b4bd91468e0cfef48894dfd541f12a5509740efc93867d7fde962a9c9fc2ff06,True
42,dp_fisher_wiener_adaptive_beta_lr5p00,dp_fisher_wiener_adaptive_beta,5.0,6f5bfa6c60eeb2ad400161beec4006ab7b7da4908d9989b6db2c608560d2f56e,200,4,conv1,0.19081477789472218,3,0.19081477789472218,True,False,none,0.17791599131863828,0.004797391490228436,0.025141613994254103,50,4,0,3.1419568061828613,0.00016004581993911415,0.0005028570532588164,9.595255693037553e-05,0.03171854895190336,0.03806133925345684,0.004691826645284891,0.11364065855741501,0.006620354857295752,0.006844028132036328,0.01153398398309946,0.02688468899577856,0.10045695975422851,0.12773277815431358,0.033739323168993,0.057603245601058006,0.36904976963996866,0.2693680953321039,f997d8daa78dbe43b41f781c8a52dd1d27e06bddefcb191422b02a7af3e53de0,f997d8daa78dbe43b41f781c8a52dd1d27e06bddefcb191422b02a7af3e53de0,6b18c74a9baf80a464a60f330c8819f76524c2fcd2cebcea769b39219be9e975,6b18c74a9baf80a464a60f330c8819f76524c2fcd2cebcea769b39219be9e975,22e32ac495993cf28d60818875d53023f4fde712647e026eaa4a24b10903e260,392dcd0800b4c82c91ef449535e33012114673783e9fba3d13b0601abfcd596f,True
42,dp_fisher_wiener_adaptive_beta_lr5p00,dp_fisher_wiener_adaptive_beta,5.0,6f5bfa6c60eeb2ad400161beec4006ab7b7da4908d9989b6db2c608560d2f56e,200,4,conv2,0.105343610586113,3,0.105343610586113,True,False,none,0.23232968918999616,0.060227081328733945,0.5717203064679599,50,4,0,36.20520782470703,0.0003200747596565634,0.011588373192809032,0.0012207610729498255,0.009067602602510369,0.052274087595013424,3.691019446705468e-05,0.5777096748352051,0.00014582484582206234,0.00023280192908714525,0.0004278664564481005,0.0009766753937583417,0.0055298039223998785,0.035988306461168296,0.0013825658708810807,0.004046921385452151,0.050138356536626814,0.42018327220785545,e5d99930c85c93db77400fa02cfc3fe001de1b6d0caca330c3f3b0b962e2ecaa,e5d99930c85c93db77400fa02cfc3fe001de1b6d0caca330c3f3b0b962e2ecaa,22352e2f8aa46b09723e20670ca42ad25361f2cece72c490ee58e64e17675c6b,22352e2f8aa46b09723e20670ca42ad25361f2cece72c490ee58e64e17675c6b,c6386116a0064fd1a63b61367b1aa1389e69ad7ca194f495a2f8fe8381d933b9,fa63cab824adab9c29a0af2d37dbfa68f8ab43576d33c3a7e39ad8c340dc8165,True
42,dp_fisher_wiener_adaptive_beta_lr5p00,dp_fisher_wiener_adaptive_beta,5.0,6f5bfa6c60eeb2ad400161beec4006ab7b7da4908d9989b6db2c608560d2f56e,200,4,fc1,0.00492444521144334,3,0.00492444521144334,True,False,none,0.026455286677372677,0.6409894790800119,130.16481076700614,50,4,0,2794.76904296875,0.001297611859627068,3.626525455074841,0.017858625911420678,0.0018414665797515325,0.025203692296766788,0.0,0.8890475034713745,2.828880063532324e-08,2.84432370989407e-08,1.5454174899787176e-06,1.8294703750143526e-05,0.00013415080320555717,0.028376419965968708,5.744532245444134e-06,0.00031372775265481323,0.026522833853960037,0.19525366659510665,92eba183229dfa0e3c8ba007a619df52d84ed2dd0243449ccbc5c2152a2367e6,92eba183229dfa0e3c8ba007a619df52d84ed2dd0243449ccbc5c2152a2367e6,d495a11942062ce6515f833af111cb68c04053a072f65f4a40cefebdf92a82de,d495a11942062ce6515f833af111cb68c04053a072f65f4a40cefebdf92a82de,83eb454d653c10eca2e772865c00feb6690077f027b080766c377bb2aac58a07,d9fba3f7f91fb41c68cca1d07d5f0b33c07504a32be9c74e33f5236a61f48e37,True
42,dp_fisher_wiener_adaptive_beta_lr5p00,dp_fisher_wiener_adaptive_beta,5.0,6f5bfa6c60eeb2ad400161beec4006ab7b7da4908d9989b6db2c608560d2f56e,200,4,fc2,0.07550217609206342,3,0.07550217609206342,True,False,none,0.22278538577547483,0.25810092312822686,3.4184567450547654,50,4,0,778.12255859375,0.00012364335998427123,0.09620968762408921,0.007264040776756398,0.05745991106495204,0.15103214096076437,1.582214110840141e-07,0.9752205610275269,5.198455880872644e-07,2.365571344853379e-05,0.004554614657536149,0.028158104978501797,0.14478510618209847,0.1940248820171561,6.885129369038623e-06,0.057137712836265564,0.6915744721889497,0.4751064479668308,1b020e1eb1251fbd785d5896b476ed8bfe0f8e1de5b495fc902e81848b9d4b77,1b020e1eb1251fbd785d5896b476ed8bfe0f8e1de5b495fc902e81848b9d4b77,a255a877b39ce1cdb32c289652089ab6b19df8ea953fa238f62f9e17811b8d48,a255a877b39ce1cdb32c289652089ab6b19df8ea953fa238f62f9e17811b8d48,e7d60a4a30aa94c31ac7896cd711736079567049d86cd5aa5556eddf2c29a20c,fc3c40ca5f172b0839f64a39010c4b1a901f98e15bce9625de2ffc68e484ca13,True
42,dp_fisher_wiener_adaptive_beta_lr5p00,dp_fisher_wiener_adaptive_beta,5.0,6f5bfa6c60eeb2ad400161beec4006ab7b7da4908d9989b6db2c608560d2f56e,250,5,conv1,0.28439176378414727,4,0.28439176378414727,True,False,none,0.19081477789472218,0.007150420215378684,0.02514285266294082,50,5,0,3.1415977478027344,0.00016004090139176697,0.0005027841353686946,0.00014298766706019052,0.04556424450420309,0.053592158329733415,0.007020973134785891,0.16016952693462372,0.009891815669834615,0.010220422176644206,0.017123207915574312,0.03958000708371401,0.14260743260383596,0.12776876713614913,0.033930139243602754,0.05770188570022583,0.3689123213291166,0.3825926857555122,c05354418a9a79c278fab72df07ab76d04a8e7aa94cf77f7bb576274aa8a622e,c05354418a9a79c278fab72df07ab76d04a8e7aa94cf77f7bb576274aa8a622e,63f99c1ee09f8039379dd6a37feb9c8631e89ee389be0a01fdd3d76688f24166,63f99c1ee09f8039379dd6a37feb9c8631e89ee389be0a01fdd3d76688f24166,3c1fd8e0418e73bdb79d7e7e9175905718c93e462c45fa43436da1631aceb52c,28938a35b2efcbbda20bd2a9bdbab40064b3fd1ec695197fd95e0203c1949614,True
42,dp_fisher_wiener_adaptive_beta_lr5p00,dp_fisher_wiener_adaptive_beta,5.0,6f5bfa6c60eeb2ad400161beec4006ab7b7da4908d9989b6db2c608560d2f56e,250,5,conv2,0.10378448984157888,4,0.10378448984157888,True,False,none,0.105343610586113,0.060134669995475704,0.5794186596404516,50,5,0,36.001365661621094,0.0003200927749276161,0.011523777035812088,0.0011959893207098597,0.00891589765845091,0.05175174683175273,4.6203855163184926e-05,0.5741113424301147,0.00013930557179264724,0.00022116614854894578,0.0004185082943877205,0.0009718732035253197,0.005364237492904067,0.035804892861452914,0.0013406452955678106,0.004017953760921955,0.04939808622002602,0.41769946835311983,041805e55d862edc133ec718fc79889a15996e60ff9dfb985ed12776882cef8a,041805e55d862edc133ec718fc79889a15996e60ff9dfb985ed12776882cef8a,77472a87b7e7fa9d24accca52481abf6357b53d1544a22ad5f90d60e0c5f0883,77472a87b7e7fa9d24accca52481abf6357b53d1544a22ad5f90d60e0c5f0883,d8d134067495017a68718b7b3c4c7b51c618d6c133c559b836c68048bd3a64cd,b9d85e418f38cc0ba2d562d311de788b396eb7eea6b6fcfb82ca7729364539e1,True
42,dp_fisher_wiener_adaptive_beta_lr5p00,dp_fisher_wiener_adaptive_beta,5.0,6f5bfa6c60eeb2ad400161beec4006ab7b7da4908d9989b6db2c608560d2f56e,250,5,fc1,0.005443823850802529,4,0.005443823850802529,True,False,none,0.00492444521144334,0.9871082883939457,181.32627275374205,50,5,0,1680.9857177734375,0.0012989810202270746,2.183568542660481,0.011886962512397245,0.001562629217928036,0.022253531584264793,0.0,0.8452475666999817,3.129274972479834e-08,2.6981368961287444e-07,4.00035878556082e-06,2.3484972643927904e-05,0.00015410756168421358,0.026816759878539983,5.748270268668421e-06,0.0007343068136833608,0.027533501386642456,0.17988065361609823,e8c3279c1a1ba81eaaa2fadefb9306e88945751ac7d74ef271ccae5fc88b3a74,e8c3279c1a1ba81eaaa2fadefb9306e88945751ac7d74ef271ccae5fc88b3a74,69a818b20937b85af13d2f13d20bbe4dbfeb09c6ac069ce14a2cdbdaf8611e6d,69a818b20937b85af13d2f13d20bbe4dbfeb09c6ac069ce14a2cdbdaf8611e6d,5b9e4a85ea1eb2d4fca5513fde6a64fac5860d7da9a0cb38af4593e0099794d0,900836ee9754659b2b78ffc0dc3f2c3c1c347e3f0473f9ef24e49581a2ae8ca9,True
42,dp_fisher_wiener_adaptive_beta_lr5p00,dp_fisher_wiener_adaptive_beta,5.0,6f5bfa6c60eeb2ad400161beec4006ab7b7da4908d9989b6db2c608560d2f56e,250,5,fc2,0.06373249029309278,4,0.06373249029309278,True,False,none,0.07550217609206342,0.3065841491301877,4.810484381204461,50,5,0,689.9916381835938,0.00012259496725164354,0.08458950228702555,0.005391099633405405,0.04786440727001405,0.1359159417457351,1.3171285218049888e-07,0.9668479561805725,4.3006380394672307e-07,3.169359445109876e-06,0.0038261261070147157,0.017557562794536352,0.0973102748394013,0.18004172061295368,6.747909492332838e-06,0.056839313358068466,0.6284529268741609,0.44455612291599833,adcb21e6d54ef590cbbcc18ae9d358a34cda65dfed8e67c5b762e896d08607f2,adcb21e6d54ef590cbbcc18ae9d358a34cda65dfed8e67c5b762e896d08607f2,d6e940c1310da8aad692c7c187517173d0b57ffa63f66853054f438b66d6f958,d6e940c1310da8aad692c7c187517173d0b57ffa63f66853054f438b66d6f958,a770adeb3039f8b8acbdc7f46645887e8100a606994832e82b8f3989b7717ef3,82111d70ffbf1ec4224795f5521032ad93ad950e0463b99a1adcc652911a5886,True
42,dp_fisher_wiener_adaptive_beta_lr5p00,dp_fisher_wiener_adaptive_beta,5.0,6f5bfa6c60eeb2ad400161beec4006ab7b7da4908d9989b6db2c608560d2f56e,300,6,conv1,0.24599356311516876,5,0.24599356311516876,True,False,none,0.28439176378414727,0.006184083046856226,0.02513920676843473,50,6,0,3.141723155975342,0.00016004670760594308,0.0005028224473232062,0.00012369108543132477,0.04000918933306821,0.04737206392954961,0.006069357972592115,0.14145587384700775,0.008547502895817162,0.008826473262161016,0.01487385993823409,0.0345100574195385,0.12579149976372708,0.1278175945277326,0.03385192975401879,0.057804880663752556,0.36894268691539744,0.33727531529710525,c3de2568e4b6706511ff36424a7df9942cd077b229d052e24825a931b6ac789a,c3de2568e4b6706511ff36424a7df9942cd077b229d052e24825a931b6ac789a,fe2ba7d3047f53fc1ff28504f7b3bd7dd341cb8f257e83b6476e5384f693cb9e,fe2ba7d3047f53fc1ff28504f7b3bd7dd341cb8f257e83b6476e5384f693cb9e,fc529d855dcf59c69f59f9ae5642e39bd413b911b17a7f36a272363b2e911070,f9e78fa2da32c67d3e5086785f65eb81a374c11ed59f9791d92e9a7fa7ebe8f0,True
42,dp_fisher_wiener_adaptive_beta_lr5p00,dp_fisher_wiener_adaptive_beta,5.0,6f5bfa6c60eeb2ad400161beec4006ab7b7da4908d9989b6db2c608560d2f56e,300,6,conv2,0.17791973517109008,5,0.17791973517109008,True,False,none,0.10378448984157888,0.10251536791911882,0.5761888517906044,50,6,0,35.42535400390625,0.0003200917853973806,0.011339364811444597,0.0020174967842606006,0.012799382690267803,0.06586989335405945,5.286923624225892e-05,0.6899271607398987,0.00023414450406562538,0.00038750420208089054,0.0007310087385121733,0.001685199182247743,0.009648766461759805,0.03592655312918239,0.0013145896606147288,0.004094812786206603,0.05191645622253418,0.5330799479968897,4c35780b750ef6da41f3678ad3091a529cd236866bbba392b4243899000a7f2d,4c35780b750ef6da41f3678ad3091a529cd236866bbba392b4243899000a7f2d,fd87b4d642818d5728a506a81cb421597ca77b5b2149548e6001466acbee49fb,fd87b4d642818d5728a506a81cb421597ca77b5b2149548e6001466acbee49fb,2c80ec0caa3005f01b1a7543d1f404271cdcbef737a17e230d6e8a52d450d3c6,b8e40e6c724b92a74803a1a3640d517b45810cc7450bb3a7619c5c4136ae3b6e,True
42,dp_fisher_wiener_adaptive_beta_lr5p00,dp_fisher_wiener_adaptive_beta,5.0,6f5bfa6c60eeb2ad400161beec4006ab7b7da4908d9989b6db2c608560d2f56e,300,6,fc1,0.009218556655951391,5,0.009218556655951391,True,False,none,0.005443823850802529,1.0064675161334429,109.17842713302406,50,6,0,1654.892822265625,0.0012977425940334797,2.1476249040143784,0.019798001853388716,0.002247158291166494,0.026802813328291784,0.0,0.8981546759605408,5.3001862454493676e-08,8.489894440799617e-07,8.363473625649931e-06,5.2015242545166984e-05,0.0003322959499200806,0.028826538456144937,5.749442152591655e-06,0.0009064284677151591,0.03480344228446484,0.21438846628088415,4fdc2087939c2430d25cd6e97733fc07df63a3a4a4c9cfe4d25f462fa08a97e1,4fdc2087939c2430d25cd6e97733fc07df63a3a4a4c9cfe4d25f462fa08a97e1,49ecf16e61960553d73af0a9cf54ac1288be4fcb6bc4ae1186c623e4fdd0df99,49ecf16e61960553d73af0a9cf54ac1288be4fcb6bc4ae1186c623e4fdd0df99,a7909afef4ce51477980f53e07a3a0de9c336c73ac83cdce9af1ae4077652aa0,585c8c901880da7f3a07b777137613e2a6dd933c0dd8d0be88afd24feae3ee75,True
42,dp_fisher_wiener_adaptive_beta_lr5p00,dp_fisher_wiener_adaptive_beta,5.0,6f5bfa6c60eeb2ad400161beec4006ab7b7da4908d9989b6db2c608560d2f56e,300,6,fc2,0.091527854429225,5,0.091527854429225,True,False,none,0.06373249029309278,0.3871147825783735,4.229475114351278,50,6,0,854.9163818359375,0.0001236845419043675,0.10573994105391726,0.00967814993213777,0.0634877055811768,0.16236264026877126,3.138051241080575e-08,0.9825709462165833,6.081822789383296e-07,9.063030717015863e-07,0.0016305018798448145,0.031766380183398724,0.1636879533529283,0.18520614451003425,6.644737550232094e-06,0.017530448734760284,0.6813688337802889,0.5147102185091139,4c1943c6ca1d9b5e904ba42342c97c47dbb0a49c76474b796b9707baa4210c4d,4c1943c6ca1d9b5e904ba42342c97c47dbb0a49c76474b796b9707baa4210c4d,bd39c2afb7853f872a50feecbb4d382bca858cbadbe9e147a9d8b2c1557cb500,bd39c2afb7853f872a50feecbb4d382bca858cbadbe9e147a9d8b2c1557cb500,fcd8a80dfce0be02fbf0fd1d04019d903adaceb4a9f74df45abd6cf2f2d1fb6c,b5cfeea4b2bad15c59f5a5b6d53f9eeaefc1c67e0936b53f91a84bbc506758ac,True
42,dp_fisher_wiener_adaptive_beta_lr5p00,dp_fisher_wiener_adaptive_beta,5.0,6f5bfa6c60eeb2ad400161beec4006ab7b7da4908d9989b6db2c608560d2f56e,350,7,conv1,0.02272941258452282,6,0.02272941258452282,True,False,none,0.24599356311516876,0.0005714429430984324,0.025141122366160312,50,7,0,3.1421055793762207,0.00016005869838409126,0.0005029213292203488,1.1431106389405941e-05,0.004061469725638744,0.005050631026033619,0.000561178254429251,0.015052054077386856,0.0007934718159958721,0.0008207414939533919,0.0013881504419259727,0.0032789820106700063,0.013134923391044127,0.12773737319512293,0.03374759834259749,0.05760282091796398,0.36912946701049787,0.0352322089149797,2901334c7960a7ae53fcfd344fa8d45724212943f82433a8f3aa3d4a58993e55,2901334c7960a7ae53fcfd344fa8d45724212943f82433a8f3aa3d4a58993e55,74c29cfbc417a945d421ebcfd7f01127a102234fa6385a6665b1410b2eba8186,74c29cfbc417a945d421ebcfd7f01127a102234fa6385a6665b1410b2eba8186,04f1cea97ff035e9a97eb0731c777204d5cd7716536a2c1a023ffd8af7d1bcc8,49a0e48dbb8a28a7eb93b2c700474d29ec06f51785a425389b7f1ca166466409,True
42,dp_fisher_wiener_adaptive_beta_lr5p00,dp_fisher_wiener_adaptive_beta,5.0,6f5bfa6c60eeb2ad400161beec4006ab7b7da4908d9989b6db2c608560d2f56e,350,7,conv2,0.18829134015627663,6,0.18829134015627663,True,False,none,0.17791973517109008,0.1067552098433914,0.5669682405722298,50,7,0,34.8145751953125,0.00032010310678742826,0.011144253681504068,0.0020983664607319204,0.013148948379714432,0.06704420268973316,6.848999328212813e-05,0.6975701451301575,0.0002416991555946879,0.00039849169115768746,0.0007681423157919198,0.0017676657298579812,0.010165032558143139,0.0356052450590643,0.0012823084485717117,0.0040660768281668425,0.051719286292791364,0.5453897841282261,96a56a2c56a1f7b94afff7ca46c50f598a972e5c1b7538bf28955ec0bdbe00d4,96a56a2c56a1f7b94afff7ca46c50f598a972e5c1b7538bf28955ec0bdbe00d4,51b3330fd27ffa4f9bedd32338f8cf94b824609e5834998febc3701e8d784768,51b3330fd27ffa4f9bedd32338f8cf94b824609e5834998febc3701e8d784768,217e34932b86b9694a6989e502f116cfb6fbcd332eaf5f8b821af8355d7aca36,539270a142960071813cdd33fd2067fdb1614a245a8f1d4d28631addcf6bb4db,True
42,dp_fisher_wiener_adaptive_beta_lr5p00,dp_fisher_wiener_adaptive_beta,5.0,6f5bfa6c60eeb2ad400161beec4006ab7b7da4908d9989b6db2c608560d2f56e,350,7,fc1,0.005319437198919481,6,0.005319437198919481,True,False,none,0.009218556655951391,0.5712077901869983,107.38124520071892,50,7,0,1586.4461669921875,0.0012998445890843868,2.0621334660384605,0.01096938946838175,0.001598914734419589,0.021779596500206253,0.0,0.815928041934967,3.056676014523418e-08,3.1955387669313495e-08,3.990816139776143e-06,2.950403359136544e-05,0.00020960990659659728,0.029631149796786396,5.746206670664833e-06,0.0007496733160223812,0.03791832327842712,0.1717740502825722,be4f458211beffcc2eafbd4148a285cd672629db2a1500573ca3b894733944dc,be4f458211beffcc2eafbd4148a285cd672629db2a1500573ca3b894733944dc,64d6d81d286c9f0ed4699121933e4ff967c4991ef3acbc50ad299507a9708748,64d6d81d286c9f0ed4699121933e4ff967c4991ef3acbc50ad299507a9708748,cfbb17d241ac238a12a9e112f0b69bd36a322b6257e79af358e33e3788414a17,b0ee10bbb7f9a462d95ef4a3ca5f3cdaa3decfcd262f0768e1370e4705198231,True
42,dp_fisher_wiener_adaptive_beta_lr5p00,dp_fisher_wiener_adaptive_beta,5.0,6f5bfa6c60eeb2ad400161beec4006ab7b7da4908d9989b6db2c608560d2f56e,350,7,fc2,0.046962880365060924,6,0.046962880365060924,True,False,none,0.091527854429225,0.24829261007618553,5.286997052695863,50,7,0,871.8641357421875,0.000123139179777354,0.1073606345525846,0.005041964636410057,0.04600569690300371,0.13284525562361094,0.0,0.9653388261795044,3.1609243080765734e-07,1.730644635244971e-05,0.002986954990774393,0.01759391976520419,0.10061183944344561,0.1974479565112963,6.7306435994396455e-06,0.05996739864349365,0.7043079078197488,0.40982198589449165,8a81268053102464369c19b7f2205dd33391936d2d3dde68c40a245436b5256c,8a81268053102464369c19b7f2205dd33391936d2d3dde68c40a245436b5256c,5e4b7703fc149e073e4010167941d1f0a558f7755b61816a043815344c728358,5e4b7703fc149e073e4010167941d1f0a558f7755b61816a043815344c728358,7616122ceebc2a9933edf59753214cbf748a157fb4d4d54df7e26eb3ce686317,1954d602f735b72f8c5e8ae751f1a6e9c1e917245d6f995974648b620cf5334a,True
42,dp_fisher_wiener_adaptive_beta_lr5p00,dp_fisher_wiener_adaptive_beta,5.0,6f5bfa6c60eeb2ad400161beec4006ab7b7da4908d9989b6db2c608560d2f56e,400,8,conv1,0.10186096079220623,7,0.10186096079220623,True,False,none,0.02272941258452282,0.00256140248986391,0.02514606646101744,50,8,0,3.1420111656188965,0.0001600725227035582,0.0005029496536433642,5.123093495022042e-05,0.0175731723633362,0.021548364228500996,0.002496109576895833,0.06436452269554138,0.0035249358275905255,0.0036437108647078276,0.006155122071504593,0.014486342668533325,0.05633953101932997,0.1276169928838499,0.03355304598808289,0.05729013681411743,0.3693645745515821,0.1510598464905255,bcce6f6668340da9aab726009e3b55ff3f81d27aa3032d4b8636e7c5a9069b98,bcce6f6668340da9aab726009e3b55ff3f81d27aa3032d4b8636e7c5a9069b98,758c5fb77c874ef58615114f5042ab8fa593feef6962ffd7dc45fd8f6ac1f24c,758c5fb77c874ef58615114f5042ab8fa593feef6962ffd7dc45fd8f6ac1f24c,c930a4888820631fa36f1f57810cf76f221851970b3257154b7b9712f0bb9dab,e2f610e9631df22e1044450966ef876c9ab91868d1bed8e933f1512455997b4d,True
42,dp_fisher_wiener_adaptive_beta_lr5p00,dp_fisher_wiener_adaptive_beta,5.0,6f5bfa6c60eeb2ad400161beec4006ab7b7da4908d9989b6db2c608560d2f56e,400,8,conv2,0.06653212277223486,7,0.06653212277223486,True,False,none,0.18829134015627663,0.037072542707137945,0.5572126840752034,50,8,0,34.7149658203125,0.00032012443989515305,0.011113108989206921,0.0007393787316511418,0.006397724004723621,0.03968960971604507,2.3660979422857054e-05,0.4475024938583374,8.564191375626251e-05,0.0001407541858498007,0.00027055734244640917,0.0006261430826270953,0.0036159980576485396,0.03558079206851634,0.0012856817687861622,0.004051188705489039,0.051725441962480544,0.32077404637221507,821c38f96d584f5b80c9bdeba2446ddfff17061f2eda4a7800f739f17977219a,821c38f96d584f5b80c9bdeba2446ddfff17061f2eda4a7800f739f17977219a,50d4118773c639a1376666837c6c0f5f1aae313caf9cc869c75fd928a6b4e571,50d4118773c639a1376666837c6c0f5f1aae313caf9cc869c75fd928a6b4e571,15fd0bdb3390f36c23312c94a8ec79912cf5f63c3d6c067eb3fcc47af40ce16d,2d0c53399b61bd02a9174f0346b0059c1398c3be25219139dd78f45f0d25b85a,True
42,dp_fisher_wiener_adaptive_beta_lr5p00,dp_fisher_wiener_adaptive_beta,5.0,6f5bfa6c60eeb2ad400161beec4006ab7b7da4908d9989b6db2c608560d2f56e,400,8,fc1,0.004663651294155314,7,0.004663651294155314,True,False,none,0.005319437198919481,0.48085357038056253,103.10667330192302,50,8,0,1550.197021484375,0.0013022695202380419,2.0187743314428985,0.009414859523441203,0.001473514489063991,0.020431342555945194,0.0,0.8084520101547241,2.681782191871207e-08,2.5304390049996073e-07,4.355524197308114e-06,2.8475377348513575e-05,0.00020234529656590875,0.030770792122354004,5.750358695877367e-06,0.0009330626926384866,0.04159158952534195,0.15887551156157223,9cca071c3c563d094788e47030497a5f8a4ca1b6824834257acb1b4a393280f5,9cca071c3c563d094788e47030497a5f8a4ca1b6824834257acb1b4a393280f5,20875dafa1be7f430d94854948a41fc127bda9e14970d49981ea3fedc95e3c85,20875dafa1be7f430d94854948a41fc127bda9e14970d49981ea3fedc95e3c85,441f79094017fe0d182ff51eda87ad8c3196c32d84cc38434082c7efbadb7ab8,1aee26b4627943a7c06acd6cf765182d6bb0feb01a75cdf1c0e9b03d50ec6e9d,True
42,dp_fisher_wiener_adaptive_beta_lr5p00,dp_fisher_wiener_adaptive_beta,5.0,6f5bfa6c60eeb2ad400161beec4006ab7b7da4908d9989b6db2c608560d2f56e,400,8,fc2,0.038503872779246634,7,0.038503872779246634,True,False,none,0.046962880365060924,0.2066900107155954,5.36803172762923,50,8,0,1005.47265625,0.0001249944034498185,0.12567845485307316,0.004839107236755021,0.041950307062998834,0.12656448335690101,0.0,0.9691540002822876,2.546423587546087e-07,8.219306550927286e-07,0.002073969691991806,0.016780254431068897,0.0822811327874661,0.19837065713658442,6.613379582631751e-06,0.05121167004108429,0.6995688319206239,0.383460440741871,2baa235c8bd96e8638e190c3ac13d8412e72d1274830e14a253596fead831703,2baa235c8bd96e8638e190c3ac13d8412e72d1274830e14a253596fead831703,4b01cf4248c656e69f8518b21ba8f2c612683bd3dd445aad5974cccb65c7d58e,4b01cf4248c656e69f8518b21ba8f2c612683bd3dd445aad5974cccb65c7d58e,fc91a53b4fb5f3fcabded0ff2d5b883c0629854acd33a5007b2b1031a6b15f61,f51970a4f1b00e93f745f338eb719eabc729f862af551c011f7ef216e6af0011,True
42,dp_fisher_wiener_adaptive_beta_lr5p00,dp_fisher_wiener_adaptive_beta,5.0,6f5bfa6c60eeb2ad400161beec4006ab7b7da4908d9989b6db2c608560d2f56e,450,9,conv1,0.10186096079220623,8,-0.021700299586133072,False,True,negative,0.10186096079220623,-0.0005457079080401434,0.02514748268216821,50,8,1,3.141221284866333,0.0001600706746103242,0.0005028174101688633,5.1217464502849265e-05,0.01757170914497692,0.021479304702618576,0.0025101499632000923,0.06407543271780014,0.0035507104126736525,0.003667309007141739,0.006193629931658506,0.01453119795769453,0.05629503168165679,0.12772760833613575,0.03379077669233084,0.05762981437146664,0.3691785752773283,0.15089039141723903,436971604b24b9d16c01df3aed9db0d0ed4505a9a530f0f3fb2f6b593ddd2389,436971604b24b9d16c01df3aed9db0d0ed4505a9a530f0f3fb2f6b593ddd2389,d5d0eaae92f1914431fb2b1734b7491638ed50b5bb48575d742b802d54313946,d5d0eaae92f1914431fb2b1734b7491638ed50b5bb48575d742b802d54313946,6f3369ed82d04d2d8e5811ebfdbeb5d5ef7bf436b2a84a4a96050f434b14dad5,95a814f8be44148aec237c1e6dfd0148ad1e7eb9ac8e8cfd2c6583ba637fbcd5,True
42,dp_fisher_wiener_adaptive_beta_lr5p00,dp_fisher_wiener_adaptive_beta,5.0,6f5bfa6c60eeb2ad400161beec4006ab7b7da4908d9989b6db2c608560d2f56e,450,9,conv2,0.055904658069118,8,0.055904658069118,True,False,none,0.06653212277223486,0.031063727906322725,0.5556554494603461,50,9,0,34.35296630859375,0.0003201313375029713,0.010997461051564628,0.0006148092997161634,0.005576053334882231,0.035350551352728715,2.3845917894504964e-05,0.40104761719703674,7.222667773021385e-05,0.00011755164814530872,0.00022877869196236134,0.0005281902849674225,0.003162390482611954,0.035579414711387,0.0012903879047371446,0.004076551645994186,0.053699726983904836,0.2862182632477386,9014727d1506d4509d75672149d18ebbdb45044b35d74a3ee1cc2407004f0754,9014727d1506d4509d75672149d18ebbdb45044b35d74a3ee1cc2407004f0754,80340ce767e34c2e6152176043bd71d1a90a07c48d0c664bed35c30b36e4adb9,80340ce767e34c2e6152176043bd71d1a90a07c48d0c664bed35c30b36e4adb9,b314d95f6ce6422410303e0406734802bc4c4407f073c42c44bc067e49c37d12,010e387fe65438f226e2e9240c9f023e7ef998ec05313f4809255b7add486f52,True
42,dp_fisher_wiener_adaptive_beta_lr5p00,dp_fisher_wiener_adaptive_beta,5.0,6f5bfa6c60eeb2ad400161beec4006ab7b7da4908d9989b6db2c608560d2f56e,450,9,fc1,0.0056876379066619145,8,0.0056876379066619145,True,False,none,0.004663651294155314,0.5741028706255347,100.93871657214493,50,9,0,1092.4609375,0.0013021710328757763,1.4225709873608139,0.008091068672630833,0.0013962696254088737,0.019045327950884997,9.959855162833264e-09,0.7710731625556946,3.270525894549792e-08,1.6900334287583973e-07,4.9277050493401475e-06,3.034056135220453e-05,0.0002202898685936816,0.02858758952821775,5.750202581111807e-06,0.0008656429417897016,0.0372950728982687,0.15467891550269536,c609b89a1cab735341368870d28e375ae74b963805c57f15bbdf178c499eef53,c609b89a1cab735341368870d28e375ae74b963805c57f15bbdf178c499eef53,dc27dd3412b39b7b6c8010517f07781023e1995be9e9fc84755b1d0dfdacf562,dc27dd3412b39b7b6c8010517f07781023e1995be9e9fc84755b1d0dfdacf562,6b82dfc712ecd27eeb6d746331b44979a221363dae8863ce5b8cb0c788a4309b,3890efedc102fb20f5752cfe2a255466558dd56fbfa6fd3f8b1294e0ef6708b7,True
42,dp_fisher_wiener_adaptive_beta_lr5p00,dp_fisher_wiener_adaptive_beta,5.0,6f5bfa6c60eeb2ad400161beec4006ab7b7da4908d9989b6db2c608560d2f56e,450,9,fc2,0.025700800879084867,8,0.025700800879084867,True,False,none,0.038503872779246634,0.16150184714849453,6.283922742653658,50,9,0,753.883544921875,0.00012437650002539158,0.09376539674411788,0.0024098457910689663,0.03141413152593631,0.10571492863489969,0.0,0.9342503547668457,1.7084559686963984e-07,2.942813068784744e-07,0.0018768400768749416,0.010776541195809841,0.04690981507301343,0.2012964151388997,6.647438885920564e-06,0.06817583367228508,0.6569489479064947,0.32046178035051665,980a705fcab7977147b13e6f8a90b763473962f967b91d9e55070e6a0ecdc852,980a705fcab7977147b13e6f8a90b763473962f967b91d9e55070e6a0ecdc852,65c5f6284819738eb20693092f7f366ec65948c4a25084fdde412ac4413d9c09,65c5f6284819738eb20693092f7f366ec65948c4a25084fdde412ac4413d9c09,9f264c40de5b8af9500b1d7da58d4c2c56f4e004d3e494dc20cda729e1d2d924,8225c4754e04f4f9ec976d37a06bf0bc696f00d7779f7a71293e1600035eddc9,True
42,dp_fisher_wiener_adaptive_beta_lr5p00,dp_fisher_wiener_adaptive_beta,5.0,6f5bfa6c60eeb2ad400161beec4006ab7b7da4908d9989b6db2c608560d2f56e,500,10,conv1,0.05217234636758842,9,0.05217234636758842,True,False,none,0.10186096079220623,0.0013116582041491857,0.025140870508443165,50,9,1,3.141624689102173,0.0001600776013219729,0.0005029037444853647,2.6237668346847632e-05,0.00920007807944785,0.01134202277014336,0.0012946842471137643,0.03380594402551651,0.001828914252109826,0.0018907454796135426,0.0031905201030895114,0.007524157059378922,0.029650187678635094,0.12783336440334098,0.03391802422702313,0.05777581036090851,0.3691887915134428,0.07943188814177696,67bc38197d1c21872830a9691045c7ccdbca08d2a5a3224dc25b8854df5e98be,67bc38197d1c21872830a9691045c7ccdbca08d2a5a3224dc25b8854df5e98be,13106f28372ea36b1acbcc64b39042149c95fc356828be00bb6ce4aff38f1173,13106f28372ea36b1acbcc64b39042149c95fc356828be00bb6ce4aff38f1173,c4eacce9668dbeaf0b7045bbdfa8c282b6558bdd5925ff7d79ed0bcf4b38f3e8,0c1e87319376f423c3932b6c32541625ff346f12b84b1c5b97a5eaa9444178f0,True
42,dp_fisher_wiener_adaptive_beta_lr5p00,dp_fisher_wiener_adaptive_beta,5.0,6f5bfa6c60eeb2ad400161beec4006ab7b7da4908d9989b6db2c608560d2f56e,500,10,conv2,0.04767652882564005,9,0.04767652882564005,True,False,none,0.055904658069118,0.026216038441688738,0.5498730525782314,50,10,0,34.33246612548828,0.0003201390500180423,0.010991163090190437,0.0005240205038967754,0.004927526097059524,0.03181422721937799,1.904845703393221e-05,0.36271941661834717,6.184748126543127e-05,9.986850091081578e-05,0.00019416920258663595,0.000450198509497568,0.0027020613197237253,0.035620646239652255,0.0012956305523402988,0.004056902602314949,0.05377261936664581,0.25732356852979626,2122f28bae42eb2914f7d12c0664afa077334b24afced284acfc38b284a4cd68,2122f28bae42eb2914f7d12c0664afa077334b24afced284acfc38b284a4cd68,0a2b37ce9cd0206cb5d056fc734cc87d4af14ec9cc4f2397bf9504cff5ac9e44,0a2b37ce9cd0206cb5d056fc734cc87d4af14ec9cc4f2397bf9504cff5ac9e44,f3b2d355efec44a194db0d7fe4fc1c124b6d95bcd46bf97ff61f5ff60e0e02fa,70d55079306a199cb9127687b9a8f3b5240647e1c8538b36cd767eda4f3ca8ae,True
42,dp_fisher_wiener_adaptive_beta_lr5p00,dp_fisher_wiener_adaptive_beta,5.0,6f5bfa6c60eeb2ad400161beec4006ab7b7da4908d9989b6db2c608560d2f56e,500,10,fc1,0.0052809355115588956,9,0.0052809355115588956,True,False,none,0.0056876379066619145,0.3756252822433561,71.1285493680407,50,10,0,1172.743408203125,0.0013041719794273376,1.5294590920366318,0.008076974832612873,0.0013830916895347396,0.019034723571060442,0.0,0.771565318107605,3.036277007595345e-08,3.592158392962119e-08,4.9149141432280885e-06,2.8172986276331358e-05,0.00022191246680449675,0.02947703561724744,5.7494726206641644e-06,0.0009298291988670826,0.040335427224636046,0.15231678162849294,eb6e81145ca36983ea1939188e217ffe3bc788567f406e008489e3c5c452dcba,eb6e81145ca36983ea1939188e217ffe3bc788567f406e008489e3c5c452dcba,2d0e39ac2052a4cc811af7b4affab75e28d847a1f29f90d7d1045e8702a54796,2d0e39ac2052a4cc811af7b4affab75e28d847a1f29f90d7d1045e8702a54796,c0b41fd914317a814fc9220b26eb83d9055dfbfc1ffbed30c7e40a0b5f5ae0e6,10cd8fb084d71cf8bb5dad220600103ec1e8989e591af7c04207723d6fc44de1,True
42,dp_fisher_wiener_adaptive_beta_lr5p00,dp_fisher_wiener_adaptive_beta,5.0,6f5bfa6c60eeb2ad400161beec4006ab7b7da4908d9989b6db2c608560d2f56e,500,10,fc2,0.022032749615840192,9,0.022032749615840192,True,False,none,0.025700800879084867,0.10329547545465331,4.688269837205894,50,10,0,899.9976806640625,0.0001237377873621881,0.11136372163647223,0.0024536489951045176,0.03152898209693071,0.10526935893127688,0.0,0.9317610263824463,1.490366088319206e-07,5.0079783250112087e-05,0.0018931792001239955,0.009703148854896426,0.05068374387919906,0.21419173322916082,6.764276986359619e-06,0.07926485314965248,0.7078753530979157,0.3072870735798066,38603b62e355a618e372e86760802157e068aa81d77febf14f1701fc1b557b8c,38603b62e355a618e372e86760802157e068aa81d77febf14f1701fc1b557b8c,8823f20dfa51c658e5b8ee0fa415ed455445cc9f8241d4dd44f29626f9bd3ab6,8823f20dfa51c658e5b8ee0fa415ed455445cc9f8241d4dd44f29626f9bd3ab6,a02e1a2038dc7c57cb83fd5a8e1ef397477d4acf3a9d66627391ad4e21ed03a5,a483b021b198320ce5ad5a6e36da3155414f8fa3dc60c34cfe47635bf923f898,True
42,dp_fisher_wiener_adaptive_beta_lr5p00,dp_fisher_wiener_adaptive_beta,5.0,6f5bfa6c60eeb2ad400161beec4006ab7b7da4908d9989b6db2c608560d2f56e,550,11,conv1,0.05217234636758842,10,-0.012318361084581075,False,True,negative,0.05217234636758842,-0.000309747495767931,0.025145187224268235,50,9,2,3.141378402709961,0.00016009726095944643,0.0005029260779110256,2.6238833534066786e-05,0.00919975346987485,0.011373073061722593,0.0012874607928097248,0.03395330160856247,0.001813313935417682,0.0018802708364091814,0.0031775215175002813,0.0075005494290962815,0.029689264297485325,0.1277171739959158,0.03363821171224118,0.05755245126783848,0.369499412178993,0.07951173792510825,69e3176ef1c48eae14c7deb5d2c968438f7d03aeeb32723cf22ebabafda6233d,69e3176ef1c48eae14c7deb5d2c968438f7d03aeeb32723cf22ebabafda6233d,76fedc9279743ce149bf5626b66e75ca64d7cccde50932585d6e1fb868a84091,76fedc9279743ce149bf5626b66e75ca64d7cccde50932585d6e1fb868a84091,9b0985970082324c5ab9d98c66347745ed497ac1ada6a36f6cd973af29d6e60a,6a59098f1694e1b9ccf72c8ef870746018668f8cacf855a0a3485d42882cd4f3,True
42,dp_fisher_wiener_adaptive_beta_lr5p00,dp_fisher_wiener_adaptive_beta,5.0,6f5bfa6c60eeb2ad400161beec4006ab7b7da4908d9989b6db2c608560d2f56e,550,11,conv2,0.03479890320160942,10,0.03479890320160942,True,False,none,0.04767652882564005,0.019124021022431964,0.5495581545095218,50,11,0,34.32212829589844,0.0003201551444362849,0.010988405941934065,0.00038238447471335336,0.003818836504908749,0.02551859577023014,1.3857862541044597e-05,0.29380351305007935,4.480825518839993e-05,7.313350215554237e-05,0.00014145884779281914,0.0003282197067164816,0.0019831158453598617,0.035569777948406,0.00128603579942137,0.0040491505060344934,0.054016708955168725,0.20640334180766198,b488ca3a4d35a481fd4af2f546ea7b845b3acc3655172a2ab3794f535413ca76,b488ca3a4d35a481fd4af2f546ea7b845b3acc3655172a2ab3794f535413ca76,235f1db8308d63f0ea7ae03f44009b5ee2e41db4250532361afa6ef2f2f0bfbc,235f1db8308d63f0ea7ae03f44009b5ee2e41db4250532361afa6ef2f2f0bfbc,f19f453c78fc6e7700310c015424420710ffb03d055e66a9cb211a1862a559bb,7e45d2614c1b4f40ca35f18182144f0457c82f55cfd8a60766f6f1cf0f05167e,True
42,dp_fisher_wiener_adaptive_beta_lr5p00,dp_fisher_wiener_adaptive_beta,5.0,6f5bfa6c60eeb2ad400161beec4006ab7b7da4908d9989b6db2c608560d2f56e,550,11,fc1,0.0039847314922333175,10,0.0039847314922333175,True,False,none,0.0052809355115588956,0.30472419050604715,76.47295460183159,50,11,0,1378.94677734375,0.0013060506898909807,1.8009743898727493,0.007176399368031629,0.0012468832842881129,0.018108099007619845,0.0,0.7630268931388855,2.2913482844444388e-08,5.802187974524031e-08,2.959338303298864e-06,2.1109515728312545e-05,0.00015371414046967392,0.02945246383440005,5.750287527916953e-06,0.0007421204354614019,0.03714845962822435,0.1424981517753817,7554ed1cd2e7055fd5572d8f54c1e1d5f38c7471345f9b177386c76f5cbc1e8f,7554ed1cd2e7055fd5572d8f54c1e1d5f38c7471345f9b177386c76f5cbc1e8f,e2cfff537d9dcff6f8239bea3686aed25a09575c31274568e8f0a9c1d28d0364,e2cfff537d9dcff6f8239bea3686aed25a09575c31274568e8f0a9c1d28d0364,aec90e8b4d166f246d070c8328d5fff49599fbc053a942430846e60bd7f21512,010c63774b037379deb97df1481f6731d76d885e11b7d8e190c9361ea8b00b6e,True
42,dp_fisher_wiener_adaptive_beta_lr5p00,dp_fisher_wiener_adaptive_beta,5.0,6f5bfa6c60eeb2ad400161beec4006ab7b7da4908d9989b6db2c608560d2f56e,550,11,fc2,0.02011621572130364,10,0.02011621572130364,True,False,none,0.022032749615840192,0.11201083239832427,5.568186081823612,50,11,0,1075.3233642578125,0.00012483257160056382,0.13423538086247255,0.0027003078788608525,0.033823097053263376,0.10877234455703355,2.6643350636845753e-08,0.9411771297454834,1.354185414470521e-07,5.907581180508714e-05,0.00248266092967242,0.011999986134469509,0.05689961239695556,0.24071145296189964,6.731765597578487e-06,0.11010079085826874,0.7499486505985262,0.29909661385331704,c06f8e4fc832faefee48956b260ccc568a66bde4da20f80b6be6c8b2b65928fd,c06f8e4fc832faefee48956b260ccc568a66bde4da20f80b6be6c8b2b65928fd,356d227e082fdebc62301f03eb5296678f84f2535a840f67feae7e86dba77161,356d227e082fdebc62301f03eb5296678f84f2535a840f67feae7e86dba77161,b0ae5d641ff9546bff997c20addc00b296fc0fcf40cbef545a78b17d1aa2bf34,ec9587e3ae909e02d3ce0b2514d9273101d26c7d1ace9d101828f66235179e7a,True
42,dp_fisher_wiener_adaptive_beta_lr5p00,dp_fisher_wiener_adaptive_beta,5.0,6f5bfa6c60eeb2ad400161beec4006ab7b7da4908d9989b6db2c608560d2f56e,600,12,conv1,0.09323103904221604,11,0.09323103904221604,True,False,none,0.05217234636758842,0.0023444160402535707,0.02514630389555128,50,10,2,3.1430788040161133,0.00016009861428756267,0.0005032025611195895,4.691409762188355e-05,0.01615488790848758,0.019782488231960122,0.0023061607498675585,0.05911007523536682,0.0032560750609263783,0.0033643729984760284,0.005681368755176663,0.013302575564011931,0.05184590443968769,0.12780323229962962,0.03384334575384856,0.0577215850353241,0.3695252597331999,0.13880919510039025,29d19f2c081dcda1a26accda01db250f14e11df77203ae94b672a035bf6cbb3e,29d19f2c081dcda1a26accda01db250f14e11df77203ae94b672a035bf6cbb3e,112c8a2ffe55ffab285aacc03a7ac19d8152a6ef03ee1ece5385748ecbd8b098,112c8a2ffe55ffab285aacc03a7ac19d8152a6ef03ee1ece5385748ecbd8b098,539449829ae13ac25552c0ee2afd0bbb2cda98e2ef1bfd7b045e72c796c0fc80,97c7f46a64d9d1c515932603d12b09e6f0e230e1de58e41833686b86641cc44a,True
42,dp_fisher_wiener_adaptive_beta_lr5p00,dp_fisher_wiener_adaptive_beta,5.0,6f5bfa6c60eeb2ad400161beec4006ab7b7da4908d9989b6db2c608560d2f56e,600,12,conv2,0.030621320816950987,11,0.030621320816950987,True,False,none,0.03479890320160942,0.016823975180742676,0.5494202970967033,50,12,0,34.63641357421875,0.00032015820033848286,0.011089131836101274,0.00033956386353472184,0.003459511232468991,0.023369475391365805,1.324532877333695e-05,0.26965004205703735,4.040406456624623e-05,6.479129478975665e-05,0.0001251386565854773,0.00029073231416987255,0.0017682895995676517,0.035714754087091245,0.0013177895918488503,0.004070525756105781,0.054685766249895094,0.18850667046401987,c5944083b6a588cb4c84c6951bc61b53873524b827d7edf6936301a26b6636fd,c5944083b6a588cb4c84c6951bc61b53873524b827d7edf6936301a26b6636fd,a1aa3c21b76e92c381fee36e889ce8f4d25dd54641bb60644e98abfe036dc579,a1aa3c21b76e92c381fee36e889ce8f4d25dd54641bb60644e98abfe036dc579,29b2c97fa0317b798c4b9dc9703392f4ba149808896548dba4faf559a94d7eac,f7f8f5098ae99ece761bf8a354a16048ac219e794b7764b0a57467490bbba10e,True
42,dp_fisher_wiener_adaptive_beta_lr5p00,dp_fisher_wiener_adaptive_beta,5.0,6f5bfa6c60eeb2ad400161beec4006ab7b7da4908d9989b6db2c608560d2f56e,600,12,fc1,0.0033828905711305794,11,0.0033828905711305794,True,False,none,0.0039847314922333175,0.3046249641174086,90.04871949363746,50,12,0,1453.6005859375,0.0013067024992778897,1.8994235185963362,0.006425541911643215,0.0011434939054803005,0.01721597212146466,0.0,0.7352490425109863,1.9455205269025556e-08,4.0728246553101144e-08,3.113750153715955e-06,1.9409625565458555e-05,0.00014008283178554848,0.030094684394704307,5.751026537836878e-06,0.0009195971651934087,0.039768020063638686,0.1344048243019244,ab6b7032ae9e9ae32c359ee247db630b1fb6e20a17979c84190f2e656fb66707,ab6b7032ae9e9ae32c359ee247db630b1fb6e20a17979c84190f2e656fb66707,5211afbae8c4447368c34f59ede02ded782deba06daf2aaf063ce2849fd03296,5211afbae8c4447368c34f59ede02ded782deba06daf2aaf063ce2849fd03296,2a6d227df98b59bf3d192509d1c96896f40511d1923302aa738a6cef410c5e8e,adadb77197b8cba9009bcd497a69b8249e4b912b5be81bd150683e6b35b3426f,True
42,dp_fisher_wiener_adaptive_beta_lr5p00,dp_fisher_wiener_adaptive_beta,5.0,6f5bfa6c60eeb2ad400161beec4006ab7b7da4908d9989b6db2c608560d2f56e,600,12,fc2,0.014861414276047745,11,0.014861414276047745,True,False,none,0.02011621572130364,0.0997463802750128,6.711769043123628,50,12,0,1270.451171875,0.00012441228318493813,0.158059730967949,0.0023489911422753433,0.030940099204924132,0.10465193896955904,8.182838229231493e-08,0.9269677996635437,1.1113312723409762e-07,5.9528907513595186e-05,0.0020722654880955815,0.009551782626658678,0.04678841866552833,0.24934979873567945,7.477909184672171e-06,0.12259810417890549,0.7675954997539521,0.2800954972010714,7d3f312763318a6bc1723eeb5ba13c34e215f6d900814cf6be23e5312399060e,7d3f312763318a6bc1723eeb5ba13c34e215f6d900814cf6be23e5312399060e,099cf3ebb97fd969b1a9c316e74b3503ff67340131fa1003e46f8263f9fe3b71,099cf3ebb97fd969b1a9c316e74b3503ff67340131fa1003e46f8263f9fe3b71,2b3258ce2db0bf51dc69ae70c98d60a545ce0c8d227c20513b122224479b0a0e,8378ecc814197463cddc67b4b483fb80c8902fa02db8604cad8411b6fb9bcf28,True
42,dp_fisher_wiener_adaptive_beta_lr5p00,dp_fisher_wiener_adaptive_beta,5.0,6f5bfa6c60eeb2ad400161beec4006ab7b7da4908d9989b6db2c608560d2f56e,650,13,conv1,0.09323103904221604,12,-0.09893123164425982,False,True,negative,0.09323103904221604,-0.002489122456905346,0.025160128055979475,50,10,3,3.1419243812561035,0.0001601008407305926,0.0005030247349510492,4.689751870342164e-05,0.016149835626129063,0.019765862063423,0.002307418268173933,0.059046532958745956,0.003254199540242553,0.0033663565991446376,0.005680327536538243,0.01333425217308104,0.05184885188937183,0.1277913906495087,0.03382451832294465,0.05771162919700146,0.3695427864789961,0.13876477248181956,846070e925249f22d155243896915c15fac1af548fcdbdfb02cffdab49ff989a,846070e925249f22d155243896915c15fac1af548fcdbdfb02cffdab49ff989a,dd93d50839bfb83645b4883c58eb884295c3cf6c7d856e03542755c56f8a65f8,dd93d50839bfb83645b4883c58eb884295c3cf6c7d856e03542755c56f8a65f8,90c9c73f5fbdd1210ff239a5163bde731b9255294e719c9717170aeb7e42a6db,a46307925954a3f6db0c4f5dcf2fc95df18a912f683719902ef4aa331c863c08,True
42,dp_fisher_wiener_adaptive_beta_lr5p00,dp_fisher_wiener_adaptive_beta,5.0,6f5bfa6c60eeb2ad400161beec4006ab7b7da4908d9989b6db2c608560d2f56e,650,13,conv2,0.03763007860314017,12,0.03763007860314017,True,False,none,0.030621320816950987,0.020864245131653747,0.5544565918050637,50,13,0,34.665985107421875,0.00032015203032642603,0.011098385515406761,0.00041763311931270874,0.004107804152135941,0.02718080420159933,1.547094689158257e-05,0.3118792474269867,4.834505125472788e-05,7.99635199655313e-05,0.00015508510114159435,0.0003582700010156259,0.002191782416775823,0.03579442723475322,0.001283158443402499,0.004105025436729193,0.0551539096981287,0.21914454564481445,2ef85c90cd86c8bb61506ad032ef4cfecf73022baaa238daa9a5f344abf9ae19,2ef85c90cd86c8bb61506ad032ef4cfecf73022baaa238daa9a5f344abf9ae19,9fc01d4f67dc708db1eaa7a8197cadf06cb410f673f4b9785f0b6279716be3c3,9fc01d4f67dc708db1eaa7a8197cadf06cb410f673f4b9785f0b6279716be3c3,a63bd2126adff40525ebf4e5f9584ce2fb400ef43a9c2b03e703bae468760159,9982ba7b7212ece5114e39e8d23380676e791df5c94038c295d4fe41f70eb5b8,True
42,dp_fisher_wiener_adaptive_beta_lr5p00,dp_fisher_wiener_adaptive_beta,5.0,6f5bfa6c60eeb2ad400161beec4006ab7b7da4908d9989b6db2c608560d2f56e,650,13,fc1,0.002331274084847786,12,0.002331274084847786,True,False,none,0.0033828905711305794,0.22140384125270174,94.97117592981681,50,13,0,1659.12890625,0.0013067778199911118,2.1681128551936126,0.005054465312338209,0.000945907319992236,0.015340556811103547,0.0,0.7122059464454651,1.341059103765474e-08,5.0112126004364654e-08,2.2552995915248175e-06,1.4023225958226249e-05,0.00010369761512265539,0.03127385681125201,5.7524399380781684e-06,0.0009664780227467418,0.04259101375937461,0.11728962064144241,71dcf95d336563d3ac832f5e40783f6cc4ab88b472d851b88f0b7ee756d4c2f1,71dcf95d336563d3ac832f5e40783f6cc4ab88b472d851b88f0b7ee756d4c2f1,a268c09580baffd5d28c75bf6c50d61f888047d8c808da3f11b2ac55cbfd0dce,a268c09580baffd5d28c75bf6c50d61f888047d8c808da3f11b2ac55cbfd0dce,d6fa89cbebf1706d055e18fdb6fbd2363d318746c6fd9a9827c9e57cfda6ecba,18d8ca0623b7a5a3ee81182d5d5e54db557ac48fc817347c8a24bd2bd053a41c,True
42,dp_fisher_wiener_adaptive_beta_lr5p00,dp_fisher_wiener_adaptive_beta,5.0,6f5bfa6c60eeb2ad400161beec4006ab7b7da4908d9989b6db2c608560d2f56e,650,13,fc2,0.014213408840066558,12,0.014213408840066558,True,False,none,0.014861414276047745,0.11232837886991942,7.90298654839745,50,13,0,1205.84912109375,0.00012505243648774922,0.1507943706293844,0.002143302040535965,0.029177190126430424,0.10086628268427418,5.833708272007243e-08,0.9284499883651733,9.810031755819182e-08,4.1064339711738285e-05,0.0018999920575879514,0.009479715023189783,0.04756327867507937,0.24943004296353716,6.901908454892691e-06,0.11811167374253273,0.7784412860870362,0.26960592431709973,5f296d4dd047507d5b20c613b74fa87725f2ceaa6cdfbbe998087f1cf9282577,5f296d4dd047507d5b20c613b74fa87725f2ceaa6cdfbbe998087f1cf9282577,ece0b39dcd2739985420fc1bd286c2ba75d2b65efe200470c5af6bc8316a3cb0,ece0b39dcd2739985420fc1bd286c2ba75d2b65efe200470c5af6bc8316a3cb0,7239d07c96e25fa25e699dcd9d1c031b8b030b2abd0b8000f8e7d10c45cfc989,2b8e64cd77ced4bc91adfd470fcf988d631d804d4d322aaa520ca0c84d8a02d0,True
42,dp_fisher_wiener_adaptive_beta_lr5p00,dp_fisher_wiener_adaptive_beta,5.0,6f5bfa6c60eeb2ad400161beec4006ab7b7da4908d9989b6db2c608560d2f56e,700,14,conv1,0.05181104266226401,13,0.05181104266226401,True,False,none,0.09323103904221604,0.0013031118001361427,0.025151236747552458,50,11,3,3.1414947509765625,0.0001601184776518494,0.0005030113570776429,2.606154288115307e-05,0.009138517494284315,0.011320719891987354,0.001272372785024345,0.033857181668281555,0.0017951710033230486,0.0018572861154098064,0.0031503867357969284,0.0074300667038187385,0.029531166888773414,0.1276496026199311,0.033536791987717154,0.05746445618569851,0.36983289420604687,0.07904326670008203,7f743d5615861ed7336be0afcf09656ea8d2d366c6a0ebdafbea58795c770e75,7f743d5615861ed7336be0afcf09656ea8d2d366c6a0ebdafbea58795c770e75,ba457877fac07dd5f122091aeef3fc5dcfe3d6f0b6afb4c675e8f456f3180149,ba457877fac07dd5f122091aeef3fc5dcfe3d6f0b6afb4c675e8f456f3180149,0bcafdfecdc9c6935ac5dad9642ffb248fa1db8387e0aef62d5c99f359bc5fbe,7092a95558716fc34b147dcd0689bc6f0f2f2084aeb2cb1f340c555665a7e0ba,True
42,dp_fisher_wiener_adaptive_beta_lr5p00,dp_fisher_wiener_adaptive_beta,5.0,6f5bfa6c60eeb2ad400161beec4006ab7b7da4908d9989b6db2c608560d2f56e,700,14,conv2,0.04698262262507291,13,0.04698262262507291,True,False,none,0.03763007860314017,0.02607156292089656,0.5549192757703381,50,14,0,34.76978302001953,0.0003201717627234757,0.011132302719032428,0.0005230247775963737,0.00492535277088603,0.0317584599255286,1.7197833585669287e-05,0.36164596676826477,5.9586187489912845e-05,9.876092553895433e-05,0.00019318493286846206,0.0004469829145818949,0.002748271240852773,0.03581764002487787,0.001266729086637497,0.0040957878809422255,0.05540670789778233,0.2556542760221351,2211f1c6caf71630e8b0307e773948f3aa9fda21948ea26759d2fba1cada60ad,2211f1c6caf71630e8b0307e773948f3aa9fda21948ea26759d2fba1cada60ad,8080252073d6713be21335a2ef0f150f43deab3b5a8b823e05e6eca9f6ba0e5d,8080252073d6713be21335a2ef0f150f43deab3b5a8b823e05e6eca9f6ba0e5d,70ed8b5bc6e75c5652a16b9e7440250a1e10f25853490cf5ff4b8853c41b807b,20bfb4d19845ed9fb57d19853b0a32b614f450354ffe34583cd92cba80f77844,True
42,dp_fisher_wiener_adaptive_beta_lr5p00,dp_fisher_wiener_adaptive_beta,5.0,6f5bfa6c60eeb2ad400161beec4006ab7b7da4908d9989b6db2c608560d2f56e,700,14,fc1,0.0025943534669700427,13,0.0025943534669700427,True,False,none,0.002331274084847786,0.28124255513269336,108.40564275968063,50,14,0,1805.67578125,0.001308124978095293,2.3620495917948574,0.006127991547628163,0.0010940846713948943,0.0168837323636908,0.0,0.7272924780845642,1.4919953628123038e-08,2.2148226364038237e-08,2.65178061908955e-06,1.513943698228104e-05,0.0001187691945233382,0.0319486283843403,5.750900163548067e-06,0.001021094503812492,0.04378080442547797,0.12723379437491397,872ed9ec6391584a2350887eaa589f16736510f4d140168c482e14c247041e4f,872ed9ec6391584a2350887eaa589f16736510f4d140168c482e14c247041e4f,2b73bf60452968a301b39f963ca15c73414fe2ab42d29ae78ea05f4b51230dfb,2b73bf60452968a301b39f963ca15c73414fe2ab42d29ae78ea05f4b51230dfb,574770a0d2f5fcbd42aaa93e368473a6494f02b7c3202f0bf0f0e0384c46735f,7c4ea62c7953388816d9d3f341e4ea106a74165bfc287d9b3c5146e972a3dceb,True
42,dp_fisher_wiener_adaptive_beta_lr5p00,dp_fisher_wiener_adaptive_beta,5.0,6f5bfa6c60eeb2ad400161beec4006ab7b7da4908d9989b6db2c608560d2f56e,700,14,fc2,0.010696851358725345,13,0.010696851358725345,True,False,none,0.014213408840066558,0.08065124841775319,7.539718531469219,50,14,0,1543.7940673828125,0.00012482277816161513,0.19270066440014233,0.002061290363815939,0.027699152082211877,0.09894215722003429,3.236430501374343e-08,0.9129161238670349,7.245170081660035e-08,2.2670727958029602e-05,0.001838006020989269,0.008568914839997888,0.037577736377716296,0.26703370210277855,6.773135146431741e-06,0.14686191827058792,0.7849284708499918,0.25244109536703035,156ca3047e7bd15ac752f622559d3df8c82554b6bbfe268f206df0a27f53d061,156ca3047e7bd15ac752f622559d3df8c82554b6bbfe268f206df0a27f53d061,e48ff94a95f9851b547d4766daced44da329f1b711b116234ad6f779bbd4c4d9,e48ff94a95f9851b547d4766daced44da329f1b711b116234ad6f779bbd4c4d9,9eccdfc029910e4bfebf559721849567b2b8fb05fa3f30f44578df81c98621bd,a03b68a593097cae6f9084134e5c4b849bda75bd847384f4b271422d98d844e9,True
42,dp_fisher_wiener_adaptive_beta_lr5p00,dp_fisher_wiener_adaptive_beta,5.0,6f5bfa6c60eeb2ad400161beec4006ab7b7da4908d9989b6db2c608560d2f56e,750,15,conv1,0.05181104266226401,14,-0.017375631483809446,False,True,negative,0.05181104266226401,-0.00043700699863760033,0.025150567853882144,50,11,4,3.1415042877197266,0.0001600947871338576,0.0005029384602225906,2.605776601908601e-05,0.009137847227248131,0.011292490047775685,0.001279998803511262,0.03370477631688118,0.0018046267447061838,0.00186683822539635,0.0031575035536661744,0.007465100730769336,0.02948387078940866,0.12773864386836067,0.033707710169255736,0.057585982605814934,0.3694524288177488,0.07896606683554674,1807a60cf9b831c799bebca39ec0eadd9de8a4d001bf011d66fdd91781ebe7bb,1807a60cf9b831c799bebca39ec0eadd9de8a4d001bf011d66fdd91781ebe7bb,2225029e52c5816d43b247417a49e410b44675be2e6ff133acc55b57e6e38afb,2225029e52c5816d43b247417a49e410b44675be2e6ff133acc55b57e6e38afb,32d913903381c73dde7e352fa17d2541b20175298acebae57531482c32540961,228515215a0e9dd5477be0b8ecae9146b42dcd4207fd63d6b45acf0ea04d73f8,True
42,dp_fisher_wiener_adaptive_beta_lr5p00,dp_fisher_wiener_adaptive_beta,5.0,6f5bfa6c60eeb2ad400161beec4006ab7b7da4908d9989b6db2c608560d2f56e,750,15,conv2,0.009652746346245104,14,0.009652746346245104,True,False,none,0.04698262262507291,0.005372864719821735,0.5566151359516214,50,15,0,34.68010711669922,0.00032015854958444834,0.011103132793915726,0.00010717572450834422,0.001238565077021439,0.008846795877357623,3.7700560824305285e-06,0.10333046317100525,1.2336630516074364e-05,2.04955968001741e-05,4.0012484532780945e-05,9.182642679661512e-05,0.0005831208080053329,0.035948057675435345,0.0012764281942509114,0.004128244472667575,0.056999731436371805,0.07102354760203856,fcd7c8c8490e6818796355eabfa57acf1c05d50ab69f5e62a743c07ff1504160,fcd7c8c8490e6818796355eabfa57acf1c05d50ab69f5e62a743c07ff1504160,542f5983ff94d1b88d6b8ec7db80df17d043d658419cb55d1d7cbb105a421163,542f5983ff94d1b88d6b8ec7db80df17d043d658419cb55d1d7cbb105a421163,96e9b57efb8341ed20639fa5fcca82e6729bfc5f8d73db0afd5e68d251c619c5,6e29e717410784652a26917e426083320236a9ea68c69f33d267010360871490,True
42,dp_fisher_wiener_adaptive_beta_lr5p00,dp_fisher_wiener_adaptive_beta,5.0,6f5bfa6c60eeb2ad400161beec4006ab7b7da4908d9989b6db2c608560d2f56e,750,15,fc1,0.003158409858449393,14,0.003158409858449393,True,False,none,0.0025943534669700427,0.37301603584356213,118.10247958974287,50,15,0,1328.6234130859375,0.001306592021137476,1.7359687506345267,0.005482900815964166,0.0010424538278012907,0.015787470294135623,0.0,0.6876799464225769,1.8174656624125873e-08,7.290697290329717e-08,2.8511281016108114e-06,1.8940097561426228e-05,0.00013715850509470325,0.03032592505063647,5.75433582525875e-06,0.0009018983982969075,0.04162454865872859,0.1238500492932476,b510c92cd1b14829f0b7661e41c53bfa8c904a4405520469caf440fda83b3bd6,b510c92cd1b14829f0b7661e41c53bfa8c904a4405520469caf440fda83b3bd6,4211860580d3e102c325b4a54d0c51380a63e9e25967f9165319d5ac6d8ac153,4211860580d3e102c325b4a54d0c51380a63e9e25967f9165319d5ac6d8ac153,399048feb4e0de980d5881be9953c2fa6be86e9a46cd9d6266cec41670af8dcd,e12185d25c25cae947b01be8a18a4429aeab5a12ac27c04a8eaf30dfb469c554,True
42,dp_fisher_wiener_adaptive_beta_lr5p00,dp_fisher_wiener_adaptive_beta,5.0,6f5bfa6c60eeb2ad400161beec4006ab7b7da4908d9989b6db2c608560d2f56e,750,15,fc2,0.013965182186720642,14,0.013965182186720642,True,False,none,0.010696851358725345,0.134554994292505,9.635033220007116,50,15,0,1145.8724365234375,0.00012366475129965693,0.14170402988380282,0.0019789225939198128,0.028543313247052123,0.09937114001241237,0.0,0.9076994061470032,9.995769616466533e-08,2.5995140731538413e-05,0.0020180257270112634,0.009372698608785868,0.04330149665474898,0.24945923771353518,7.157585605455097e-06,0.12648213654756546,0.7642059683799747,0.26526003392260433,c9536ea120611e69fe7184ca721285cf8eba9f8a04d61f3cacd49a66b07811f3,c9536ea120611e69fe7184ca721285cf8eba9f8a04d61f3cacd49a66b07811f3,059077ee121c58dec960b21b1fe2cdd50b493ac15c130066db7e9ca654f706ab,059077ee121c58dec960b21b1fe2cdd50b493ac15c130066db7e9ca654f706ab,38b12b5f513da93156379e9de3da67755602da6d37f5b1e3919508fbfcf04224,a4481182f9c8b1bde7bef8a8936ccb4072f80421041809c72469cba3414752da,True
42,dp_fisher_wiener_adaptive_beta_lr5p00,dp_fisher_wiener_adaptive_beta,5.0,6f5bfa6c60eeb2ad400161beec4006ab7b7da4908d9989b6db2c608560d2f56e,800,16,conv1,0.06691646937047749,15,0.06691646937047749,True,False,none,0.05181104266226401,0.0016827433034360046,0.02514692301112953,50,12,4,3.1419858932495117,0.00016009289538487792,0.0005030096189087563,3.3659627756763344e-05,0.011725335945084226,0.01442508831579983,0.001653132727369666,0.04304831847548485,0.0023348804563283923,0.0024203606881201267,0.004081040038727224,0.009607705287635326,0.03774665594100949,0.12780557797523215,0.03378263302147389,0.057676803320646286,0.3694042831659315,0.10106839869722935,79d6a55b0282b6611de2255d91a53e11d738a9e8b1ac6ded6e89a2ea66bf56f0,79d6a55b0282b6611de2255d91a53e11d738a9e8b1ac6ded6e89a2ea66bf56f0,ed8a795cb16e84c6d887f52d852cc6136b1faac8bf8a0c785b805aa435c7c80d,ed8a795cb16e84c6d887f52d852cc6136b1faac8bf8a0c785b805aa435c7c80d,096cdc6de573acbc1e63988d26e33e9d5c846022b5410e01a08a91191176250b,2c2e51460e8f01b1b67593b7fbb6dd4e683b57f628f960d3599a665d99b5efee,True
42,dp_fisher_wiener_adaptive_beta_lr5p00,dp_fisher_wiener_adaptive_beta,5.0,6f5bfa6c60eeb2ad400161beec4006ab7b7da4908d9989b6db2c608560d2f56e,800,16,conv2,0.0026613614132647953,15,0.0026613614132647953,True,False,none,0.009652746346245104,0.0014774724592041127,0.5551566396957863,50,16,0,34.905677795410156,0.0003201558720320463,0.011175257713459175,2.9741399661890014e-05,0.000360897103729338,0.0026390268017439764,9.694585969555192e-07,0.030980193987488747,3.394591908545408e-06,5.6621242947585415e-06,1.1051653473259648e-05,2.5420808924536686e-05,0.0001625778488232754,0.036067598943084485,0.0012738889665342868,0.0041355041321367025,0.05758011974394321,0.021123704831241943,0a8304e69ce085fcab56ddcb65be29fe5206105c59717c8f5daa11ba0986d870,0a8304e69ce085fcab56ddcb65be29fe5206105c59717c8f5daa11ba0986d870,e075a1cfaa6a287ad5f5efabe94f5270d7d84bb4e572e27d49313de2dcf88503,e075a1cfaa6a287ad5f5efabe94f5270d7d84bb4e572e27d49313de2dcf88503,2efc460c2a378778296f335bb671b43338301f642f918de8821a0e8abc2f5f15,53e35aacef04eb317f3bd9951982e3bddd764bdd0664a058a81c80f92926cf51,True
42,dp_fisher_wiener_adaptive_beta_lr5p00,dp_fisher_wiener_adaptive_beta,5.0,6f5bfa6c60eeb2ad400161beec4006ab7b7da4908d9989b6db2c608560d2f56e,800,16,fc1,0.004257486869434021,15,0.004257486869434021,True,False,none,0.003158409858449393,0.369543208078714,86.79843753172634,50,16,0,1325.89794921875,0.001306077465415001,1.7317254329145726,0.007372798292098738,0.0013013002969357338,0.01827406729140121,0.0,0.7334344983100891,2.4500108608549453e-08,7.643281207947439e-08,4.053536258652457e-06,2.593541103124153e-05,0.00018743031541816867,0.03048772074031967,5.754561243520584e-06,0.0009511942334938794,0.042174908518791146,0.14309982599815846,bebe26301464f63ba23a46271d949d9d903ed7c16c890f26ffe6f86a6f97062f,bebe26301464f63ba23a46271d949d9d903ed7c16c890f26ffe6f86a6f97062f,c7a4b15f69911a9a103b04521d7db81e562681bf2bd149263a83304977e51f4f,c7a4b15f69911a9a103b04521d7db81e562681bf2bd149263a83304977e51f4f,902d5cd475d8aad2566edb3093434bba506148c9c7040c081900a4900302edaa,46ff49fb46b9686dd741924d2788d166f2bba940ece8784cfbe1e0882c2524ab,True
42,dp_fisher_wiener_adaptive_beta_lr5p00,dp_fisher_wiener_adaptive_beta,5.0,6f5bfa6c60eeb2ad400161beec4006ab7b7da4908d9989b6db2c608560d2f56e,800,16,fc2,0.01548419068955791,15,0.01548419068955791,True,False,none,0.013965182186720642,0.10970861100998076,7.085201494190141,50,16,0,1175.16845703125,0.0001236871030414477,0.14535318203588332,0.0022506763879776405,0.030288959801188637,0.10348516502204691,0.0,0.911790132522583,1.0684343223488213e-07,1.5278492583092884e-05,0.0019859441090375185,0.009888760279864073,0.04234609007835394,0.24258047697390483,6.900115431562881e-06,0.11387687176465988,0.7406439900398257,0.28007026023658244,2ff5cc27b91923e144a868b8eb720d5c004aac51e9edf09198365052a4fc5b98,2ff5cc27b91923e144a868b8eb720d5c004aac51e9edf09198365052a4fc5b98,84bb70d02a8d558bf0998e1614941474338af1696a09ff2101c8a13833033c4f,84bb70d02a8d558bf0998e1614941474338af1696a09ff2101c8a13833033c4f,b45493071fa870c8255d54a36e370112922fc82a818095ccd07e9b759a6a19e5,ac5cf08859be57659c663c808032213b967f8872a0c27371fbbeb33176152758,True
42,dp_fisher_wiener_adaptive_beta_lr5p00,dp_fisher_wiener_adaptive_beta,5.0,6f5bfa6c60eeb2ad400161beec4006ab7b7da4908d9989b6db2c608560d2f56e,850,17,conv1,0.07220931517271274,16,0.07220931517271274,True,False,none,0.06691646937047749,0.0018160990053344254,0.025150480945437814,50,13,4,3.1409435272216797,0.00016011395200621337,0.0005029088811717985,3.6314705903690744e-05,0.012620456954755355,0.015523266733056401,0.0017826749244704843,0.046370573341846466,0.0025141293066553772,0.002599899598862976,0.004397014621645212,0.010344007285311818,0.040649481862783395,0.12774676627013834,0.03371830247342587,0.05761062167584896,0.3696363776922224,0.1087647984650005,455a83b2e79b3c0f665d97c0a2249628b8e3abf5ed0d7d4dcfb775ce0fe2a4e7,455a83b2e79b3c0f665d97c0a2249628b8e3abf5ed0d7d4dcfb775ce0fe2a4e7,27967f56e130a37abc6e0ccd5d27dbc396607db4da59cac6e9b658dbc3afa564,27967f56e130a37abc6e0ccd5d27dbc396607db4da59cac6e9b658dbc3afa564,f637eeb469e9823cc14237d020b876a2f12eb91baad263aa67f31386806ca152,d3df812b62570d24e8c5baca1b1067f93a121bfc785b55076b0cd375868a01ce,True
42,dp_fisher_wiener_adaptive_beta_lr5p00,dp_fisher_wiener_adaptive_beta,5.0,6f5bfa6c60eeb2ad400161beec4006ab7b7da4908d9989b6db2c608560d2f56e,850,17,conv2,0.025506650788418128,16,0.025506650788418128,True,False,none,0.0026613614132647953,0.014252169798388961,0.5587628856729587,50,17,0,34.94289016723633,0.0003201832005288452,0.011188126409473642,0.00028537163330312254,0.0029962932421842103,0.02029275048150278,9.551811672281474e-06,0.23395097255706787,3.264658444095403e-05,5.432763555290876e-05,0.0001050813079928048,0.00024245329041150399,0.0015620704041793942,0.036137938870982406,0.0012783298850990831,0.0041032880544662476,0.05779264830052853,0.16236369792897723,a166786f18dc8584d2e9b44ef17a510fa63bd9685dea066f181aa18e38608b92,a166786f18dc8584d2e9b44ef17a510fa63bd9685dea066f181aa18e38608b92,8d0f6c221bfe583053bc9f0717eca3381e97806006aa926d033bbb9b8b43b10c,8d0f6c221bfe583053bc9f0717eca3381e97806006aa926d033bbb9b8b43b10c,567edda9160ac6841a785b7404e9ac312fdf01c156403ae6b9bbdaa5e4788ebe,4cd9c5b6990027696e69b9155e686db5c80b6e587fe94e8dd0e795d27022cfc1,True
42,dp_fisher_wiener_adaptive_beta_lr5p00,dp_fisher_wiener_adaptive_beta,5.0,6f5bfa6c60eeb2ad400161beec4006ab7b7da4908d9989b6db2c608560d2f56e,850,17,fc1,0.003977971565592367,16,0.003977971565592367,True,False,none,0.004257486869434021,0.34443772657736504,86.58627164572863,50,17,0,1340.837158203125,0.0013094402384012938,1.7557461280948132,0.00698430817396006,0.0012534817740503944,0.017820046956697932,0.0,0.7578452825546265,2.2899222607009052e-08,7.003078827949594e-08,3.83403425985307e-06,2.4320172542502405e-05,0.0001777814555680379,0.030621749373961383,5.756474502049969e-06,0.0009628920524846762,0.04278688356280326,0.13939777408380327,f9303f6e315bb5e6bd21c3a083b428386aeb36b9103ed7698ec135d880fc4c2d,f9303f6e315bb5e6bd21c3a083b428386aeb36b9103ed7698ec135d880fc4c2d,10a4d28ce4a2b856f417e53606b51c2d46f03786fcce1a732c709ea2dfd52623,10a4d28ce4a2b856f417e53606b51c2d46f03786fcce1a732c709ea2dfd52623,4a04d5546c5934f5b76608995bb838177ccffb1fd7df10e7902abc145f2d28b6,d4367f12d04656459dc33fe25b33ea8e19efe9de243a2c77e0b6353ab33fcadb,True
42,dp_fisher_wiener_adaptive_beta_lr5p00,dp_fisher_wiener_adaptive_beta,5.0,6f5bfa6c60eeb2ad400161beec4006ab7b7da4908d9989b6db2c608560d2f56e,850,17,fc2,0.012216147904180392,16,0.012216147904180392,True,False,none,0.01548419068955791,0.08878279850468035,7.267659101794166,50,17,0,1193.6812744140625,0.00012455112300813198,0.14867434324204964,0.001816227766601761,0.02690958063076224,0.09709616942356654,0.0,0.9093800783157349,8.208235868778502e-08,2.9378505587374093e-05,0.0018277965136803687,0.008647148497402668,0.03735501021146784,0.25441212063977353,6.719124439769075e-06,0.13035563379526138,0.7605606079101567,0.25680307640916217,50a45de6ee101d20a9f21fe94d177e7338a7a559f2f1c8da382637dd31c95853,50a45de6ee101d20a9f21fe94d177e7338a7a559f2f1c8da382637dd31c95853,2a9c42f06e566d1fa4f97d14817055a730e6fbb7047bf52d3123dccb073c4d72,2a9c42f06e566d1fa4f97d14817055a730e6fbb7047bf52d3123dccb073c4d72,713e80445f3dfa436270508499812636162aa78ca94515d97f9115fb44931c33,93c132a1e2b9d8d34d6d224d2e0d328216eafee562d2984079b5a232a254f966,True
42,dp_fisher_wiener_adaptive_beta_lr5p00,dp_fisher_wiener_adaptive_beta,5.0,6f5bfa6c60eeb2ad400161beec4006ab7b7da4908d9989b6db2c608560d2f56e,900,18,conv1,0.16616157191967212,17,0.16616157191967212,True,False,none,0.07220931517271274,0.0041782065113934825,0.025145444058589927,50,14,4,3.141268730163574,0.00016010661784093827,0.0005029379121159888,8.356895405519061e-05,0.02789844326034654,0.03373402545494849,0.004089231137186289,0.1009514257311821,0.0057495924644172195,0.005955353728495538,0.01002703420817852,0.023397583048790693,0.08884187638759605,0.1276411222293973,0.033623704314231874,0.057431336492300034,0.3696574330329893,0.2378695883684826,748a9df0df8441980be7559fa74ca2f0d1f17b46d7c9941aac7d33784df1e3c6,748a9df0df8441980be7559fa74ca2f0d1f17b46d7c9941aac7d33784df1e3c6,623eecb5aceff2e83b4e5df6d83367ee5a2fe1a236e1d5c153b25607e2c19aec,623eecb5aceff2e83b4e5df6d83367ee5a2fe1a236e1d5c153b25607e2c19aec,181d672e2b29ac136c3af8f7c14f6f1fd171c196ee7181676ccca837f2434d6b,4403c2cd8f67f0bab88a51a84c213d9d0a48ca0031bb16e6237d3fea57859add,True
42,dp_fisher_wiener_adaptive_beta_lr5p00,dp_fisher_wiener_adaptive_beta,5.0,6f5bfa6c60eeb2ad400161beec4006ab7b7da4908d9989b6db2c608560d2f56e,900,18,conv2,0.025506650788418128,17,-0.0028214025621430858,False,True,negative,0.025506650788418128,-0.0015783104258634828,0.5594063204736821,50,17,1,35.18433380126953,0.00032016978366300464,0.011264960541479407,0.0002873314146768248,0.003013968107594251,0.020407556986818485,9.609862900106236e-06,0.2348404824733734,3.233040879422333e-05,5.448023057397222e-05,0.00010484880476724356,0.00024317987481481396,0.0015725489356555045,0.03616707655184718,0.00126596475020051,0.004094245145097375,0.058158349618315695,0.1630036003167744,f4a5b5542cff3ec50ff09b96abd434b8ac3eb129fe9508b0802394d8231fc6e8,f4a5b5542cff3ec50ff09b96abd434b8ac3eb129fe9508b0802394d8231fc6e8,7b9022df002414241a104e8fa9c3cb107f22b2881a4c26344de3bacedc41f3a5,7b9022df002414241a104e8fa9c3cb107f22b2881a4c26344de3bacedc41f3a5,5fc2c83a099a5d74bd72cf1f8e6c7f8622e818868db75ab7c0ec7154705390f5,fb5ed110deb1b662d07375197bb7671231cbf0dcf6ed5b5582c697f62b24023f,True
42,dp_fisher_wiener_adaptive_beta_lr5p00,dp_fisher_wiener_adaptive_beta,5.0,6f5bfa6c60eeb2ad400161beec4006ab7b7da4908d9989b6db2c608560d2f56e,900,18,fc1,0.0046093739967673865,17,0.0046093739967673865,True,False,none,0.003977971565592367,0.4046445273882626,87.78730640474066,50,18,0,1362.2579345703125,0.001308791572228074,1.7829117039664482,0.008218106846795178,0.0014085672523345835,0.01926890632729502,0.0,0.7754769325256348,2.652515185275206e-08,7.024472203909227e-08,4.467673306862707e-06,2.9687213100260124e-05,0.00020916350476909396,0.030901840045474496,5.754577614425216e-06,0.0009683239622972906,0.04341677799820893,0.15036272663643682,6a2ce6fbd38fb970aae10a3cbd6dc52a3ae96a36ca2edd5d5b727952eccc087d,6a2ce6fbd38fb970aae10a3cbd6dc52a3ae96a36ca2edd5d5b727952eccc087d,8161d921e7a1e7b3dfe514c6b5094ef0b55f253d9f207daf3142ffad2f2e1a0d,8161d921e7a1e7b3dfe514c6b5094ef0b55f253d9f207daf3142ffad2f2e1a0d,2c6b33f56498fa9ce714e048e99bde5778c5707172a96dd739442dfd8901be55,97ac9a0be632b5ccba75cc728189f929979f894c9c2838b3fcedc1ac758ce35a,True
42,dp_fisher_wiener_adaptive_beta_lr5p00,dp_fisher_wiener_adaptive_beta,5.0,6f5bfa6c60eeb2ad400161beec4006ab7b7da4908d9989b6db2c608560d2f56e,900,18,fc2,0.011579471234333017,17,0.011579471234333017,True,False,none,0.012216147904180392,0.08607851404273337,7.433717162102482,50,18,0,1216.830810546875,0.00012454170791897923,0.15154618739394365,0.0017548247176010115,0.02614697499533214,0.09569724716883983,0.0,0.899860680103302,7.733664233455784e-08,1.5824082311155507e-05,0.001811924681533128,0.008392001735046506,0.03523149862885477,0.2564697772570475,6.678727459075162e-06,0.1355174332857132,0.7592501640319825,0.25211797236332,929338cdf560af2f67b9ede3265c401d0104be50b8c4c7c2d19c189db521238d,929338cdf560af2f67b9ede3265c401d0104be50b8c4c7c2d19c189db521238d,37ba3426a18c84caf02d3235fd0af0f10e98a29e5112f33a667defd5372710b3,37ba3426a18c84caf02d3235fd0af0f10e98a29e5112f33a667defd5372710b3,31ad525fa3fa2d27fa54bbb5a55f9d6bb0a20f0a3f11b091670ee4b671ca88c8,e094628494440bc42226f1bb542265107bfbe7e519d9eff5cedf4541bc0e3bb6,True
42,dp_fisher_wiener_adaptive_beta_lr5p00,dp_fisher_wiener_adaptive_beta,5.0,6f5bfa6c60eeb2ad400161beec4006ab7b7da4908d9989b6db2c608560d2f56e,950,19,conv1,0.07218404366873854,18,0.07218404366873854,True,False,none,0.16616157191967212,0.001815204610542236,0.02514689560579944,50,15,4,3.1411828994750977,0.00016012790729291737,0.0005029910441172458,3.630792749354367e-05,0.012618138429388637,0.015521619030726626,0.0017839603824540973,0.04640316963195801,0.0025217748363502326,0.0026064589619636536,0.004404228646308184,0.01032978598959744,0.040662813186645476,0.1277615304919891,0.033828953839838506,0.05771833471953869,0.3697983503341673,0.10874259962400112,0a8d5529a79a535570851774a0675b7e96d9c2751b0df1654a0c9ecc33f54bd1,0a8d5529a79a535570851774a0675b7e96d9c2751b0df1654a0c9ecc33f54bd1,387e8bedf53771074362a9cd5bd1eb1502767bbf8a511bb458d1c0a834223b9a,387e8bedf53771074362a9cd5bd1eb1502767bbf8a511bb458d1c0a834223b9a,4d951f48c37838941512b2d95189ac3a7e89a5339be9370c8282facb830c4e0c,1414c894ab10e4241b2564a38ebd368764c54bec09ab115cef56675dbfde59b4,True
42,dp_fisher_wiener_adaptive_beta_lr5p00,dp_fisher_wiener_adaptive_beta,5.0,6f5bfa6c60eeb2ad400161beec4006ab7b7da4908d9989b6db2c608560d2f56e,950,19,conv2,0.02034443846413863,18,0.02034443846413863,True,False,none,0.025506650788418128,0.011458964826853879,0.5632480270739704,50,18,1,36.19464874267578,0.00032019722857512534,0.01158942621665493,0.00023578036849941118,0.0025385675209516367,0.017416133996553177,8.949919902079273e-06,0.20134234428405762,2.448079794703517e-05,4.301970147935208e-05,8.464789789286442e-05,0.0001975402446987573,0.0013031005975790322,0.03672642003865772,0.001201899629086256,0.004143848549574614,0.06027005426585674,0.13774830833637014,d3f76354514acf309d0bc9e5ea17668d81abf3ca5e0a276969384c8277cf0bef,d3f76354514acf309d0bc9e5ea17668d81abf3ca5e0a276969384c8277cf0bef,896736d1f82934e1f505f36f5be59595f2a69c9fe8e960f23f97d34ea25e77d0,896736d1f82934e1f505f36f5be59595f2a69c9fe8e960f23f97d34ea25e77d0,96171996b56ed808deda4b20ca0e553a1277ae26e0acc9d62b86993dae774d21,fae5e505211b0dad50e11f69fce91fc20ed8b4810911811c4731c82caeb820ee,True
42,dp_fisher_wiener_adaptive_beta_lr5p00,dp_fisher_wiener_adaptive_beta,5.0,6f5bfa6c60eeb2ad400161beec4006ab7b7da4908d9989b6db2c608560d2f56e,950,19,fc1,0.003631016094383423,18,0.003631016094383423,True,False,none,0.0046093739967673865,0.3236890545983373,89.14558519832241,50,19,0,1449.55615234375,0.0013123129028826952,1.902271242173697,0.006907177496215439,0.0012347252277115266,0.017734935889834675,0.0,0.745937705039978,2.0904296960111424e-08,3.0766685199523636e-08,3.633572305261623e-06,2.397533216935699e-05,0.00017287243972532434,0.03157826958053944,5.7571146498958115e-06,0.0009997072047553957,0.04545374698936935,0.13656240737346806,0b6e4e28c8f66954ceeb250a80fb5705d21c2f9f169d9fd0f5a244f2f325a55c,0b6e4e28c8f66954ceeb250a80fb5705d21c2f9f169d9fd0f5a244f2f325a55c,2fa6486a6a5fa069708dd90ba976875e5db137b41fe8b87d51aafcd0b9e0a217,2fa6486a6a5fa069708dd90ba976875e5db137b41fe8b87d51aafcd0b9e0a217,c0d40c6f8069e074f0ea547cfc2a548eb1114da62fe2365f9c6c4f80f84ea70d,ac5230c930f3fdc45993b4ef36cbf31cdd05702d2030c28d590ee145440e9397,True
42,dp_fisher_wiener_adaptive_beta_lr5p00,dp_fisher_wiener_adaptive_beta,5.0,6f5bfa6c60eeb2ad400161beec4006ab7b7da4908d9989b6db2c608560d2f56e,950,19,fc2,0.012431533343310465,18,0.012431533343310465,True,False,none,0.011579471234333017,0.09419757408196933,7.577309369697183,50,19,0,1399.523193359375,0.00012453024100977927,0.1742829605678189,0.0021666044354697036,0.029707598517832917,0.10215440690840151,0.0,0.9153392314910889,8.443381958045392e-08,6.953130650799721e-05,0.002102125552482903,0.00978119159117341,0.04224724881351018,0.2677807842227439,6.7918616423412456e-06,0.14489860087633133,0.7801175355911265,0.26250724363300804,9ced79edece371231e6c38eba9c25b10a2265af89d91f3c3080e55128b027148,9ced79edece371231e6c38eba9c25b10a2265af89d91f3c3080e55128b027148,93a897d9402c809b6153378f2b6cc47c318b87068cc0367705aa015f4ccb484c,93a897d9402c809b6153378f2b6cc47c318b87068cc0367705aa015f4ccb484c,3847338d2de867ac17865c61f9bea8f3469e551d8fbcd5240bb8d61bc40e7300,21e9bcd1faa60c74cea98faef941b1e64b8c11475ac42b97e104ab62bc7e913e,True
42,dp_fisher_wiener_adaptive_beta_lr5p00,dp_fisher_wiener_adaptive_beta,5.0,6f5bfa6c60eeb2ad400161beec4006ab7b7da4908d9989b6db2c608560d2f56e,1000,20,conv1,0.06936028762540787,19,0.06936028762540787,True,False,none,0.07218404366873854,0.0017443801746488195,0.02514955220586229,50,16,4,3.1417291164398193,0.0001601589610800147,0.000503176071283834,3.490043703046946e-05,0.012142367564956659,0.014996551596737535,0.0017063748091459274,0.044942498207092285,0.0024034701520577076,0.0024879855336621404,0.004210997372865677,0.00989249860867858,0.0392095401883125,0.12764934938168154,0.03356019761413336,0.05743924900889397,0.37025576829910256,0.10479842885165257,9b6d103ff60d3ebdb3a9e98f855a93738240335fd6984eaef186cb82cedfa75a,9b6d103ff60d3ebdb3a9e98f855a93738240335fd6984eaef186cb82cedfa75a,15d1b7b0deecdd4bb34990a9f503e7eb3efc1bf23529db1b479d66f9f7ca66b4,15d1b7b0deecdd4bb34990a9f503e7eb3efc1bf23529db1b479d66f9f7ca66b4,88b294895ac50d821661893183f933c841de62ebe1173236b39e157127de4499,bd24a8efc24a3b94d9a356202e664a1c9326fb080ac56f3b5d4e3ba3d00db3e5,True
42,dp_fisher_wiener_adaptive_beta_lr5p00,dp_fisher_wiener_adaptive_beta,5.0,6f5bfa6c60eeb2ad400161beec4006ab7b7da4908d9989b6db2c608560d2f56e,1000,20,conv2,0.04103060398695843,19,0.04103060398695843,True,False,none,0.02034443846413863,0.023776057876582116,0.5794713108327465,50,19,1,36.259376525878906,0.0003202251100447029,0.01161116283815189,0.0004764130242402985,0.004590644774031779,0.029692847042980097,1.902296207845211e-05,0.3377282917499542,4.9574208969715985e-05,8.598942076787353e-05,0.00017198761634062976,0.00039876644586911425,0.0026348595740273597,0.03675176188587949,0.0012068268260918558,0.004174909321591258,0.060491726547479634,0.23502983970506458,98de05f1a0c3a59f50213ce0682082957511c1e35de14235fd9a998ed1fb00ca,98de05f1a0c3a59f50213ce0682082957511c1e35de14235fd9a998ed1fb00ca,73d59fab5872bf4bba8fa5c5eb1563f9c8516859972536d460c049ae48cfd1df,73d59fab5872bf4bba8fa5c5eb1563f9c8516859972536d460c049ae48cfd1df,48f348c6e0b8167702acb2cb21b567002939659006b7ef39539102d70cbc5eac,041960137b380c5ccabffa3029a58369cbbbe5da20b11a6d599f06e9ec22123e,True
42,dp_fisher_wiener_adaptive_beta_lr5p00,dp_fisher_wiener_adaptive_beta,5.0,6f5bfa6c60eeb2ad400161beec4006ab7b7da4908d9989b6db2c608560d2f56e,1000,20,fc1,0.0031794370416789305,19,0.0031794370416789305,True,False,none,0.003631016094383423,0.30240758253438216,95.11356210868485,50,20,0,1579.51953125,0.0013132041785866022,2.074231648596651,0.006594888936570948,0.0011853126217854992,0.017393213852082604,0.0,0.7585143446922302,1.8279072477866976e-08,1.92444047364404e-08,3.3754371315808385e-06,2.1371813090809155e-05,0.00015992584085324776,0.03226487811718024,5.749120646214578e-06,0.0010605239076539874,0.04789841584861278,0.13246959150010232,0a337bf6afb54e4a4fef74c64b35e8716bfa13b55f7f4e6ad3580bb6d3881537,0a337bf6afb54e4a4fef74c64b35e8716bfa13b55f7f4e6ad3580bb6d3881537,f0e989be4fe3a7e789b567ee112d00d1050dc792bb795c63da9a4971e54954b5,f0e989be4fe3a7e789b567ee112d00d1050dc792bb795c63da9a4971e54954b5,cf87575561ea60183f96834d9a74e2f1ac574ca217e03463a4bc6c7b969f9df5,3fb9718ffa9f235b43d87f9c685b611d7f2f324bb75b06cc6524943e8f1e9068,True
42,dp_fisher_wiener_adaptive_beta_lr5p00,dp_fisher_wiener_adaptive_beta,5.0,6f5bfa6c60eeb2ad400161beec4006ab7b7da4908d9989b6db2c608560d2f56e,1000,20,fc2,0.01027779966355463,19,0.01027779966355463,True,False,none,0.012431533343310465,0.08956226767436169,8.714148028390944,50,20,0,1426.701904296875,0.00012490015069488436,0.17819528284335817,0.0018314554180544889,0.02747751771002383,0.09757019586049422,1.9073020496307436e-08,0.9083586931228638,6.88328519515835e-08,8.05599211162189e-06,0.0019330273498781025,0.008297119289636612,0.03774038888514053,0.2740436030540731,6.697192384308437e-06,0.15856225043535233,0.7923553049564367,0.2463404193714888,589bdd2071e1624474f2b5163f076bb09d3ce17ef2ab8e25e2f778256a050776,589bdd2071e1624474f2b5163f076bb09d3ce17ef2ab8e25e2f778256a050776,f1e156e97416b8446a249b14465210b5252c5ce1b4e261391571e14caafab261,f1e156e97416b8446a249b14465210b5252c5ce1b4e261391571e14caafab261,60ab45f76659208e69dfdb13b60e745034db76501e7875b5c33a9ecba504db27,fbea2b6bb62eced78416619eff56352dfc55ffc574219b52425c09b2729d88b1,True
42,dp_fisher_wiener_adaptive_beta_lr5p00,dp_fisher_wiener_adaptive_beta,5.0,6f5bfa6c60eeb2ad400161beec4006ab7b7da4908d9989b6db2c608560d2f56e,1050,21,conv1,0.06936028762540787,20,-0.06252118106004013,False,True,negative,0.06936028762540787,-0.0015729581128908123,0.0251588035641917,50,16,5,3.141167163848877,0.00016013786080293357,0.0005030197900431771,3.488959731866704e-05,0.012139634992490756,0.014962899884041373,0.0017040736274793744,0.04476311430335045,0.002408916724380106,0.002497977518942207,0.004224565695039928,0.009916691342368722,0.039157222956418956,0.12770562060177326,0.03363362513482571,0.057613637298345566,0.3699361890554426,0.10470805399668555,00344c210c2eb655b9537eb6fe2842639dd3b610c05eb1b7c52b5181834d285e,00344c210c2eb655b9537eb6fe2842639dd3b610c05eb1b7c52b5181834d285e,a2c137d8823684f145875a61fe6ee0f3f1584bbaf09950268e46506e6e85846f,a2c137d8823684f145875a61fe6ee0f3f1584bbaf09950268e46506e6e85846f,d254d70c6f10892391b9f24944e560444b9239052205864d4d990aaa9ae1f6e5,f995b5d921a0f3fd49b992f5b301a2d577963624268becaab81ad9e7e05f6085,True
42,dp_fisher_wiener_adaptive_beta_lr5p00,dp_fisher_wiener_adaptive_beta,5.0,6f5bfa6c60eeb2ad400161beec4006ab7b7da4908d9989b6db2c608560d2f56e,1050,21,conv2,0.009220544058480277,20,0.009220544058480277,True,False,none,0.04103060398695843,0.005353061925968419,0.5805581419075945,50,20,1,35.96473693847656,0.0003202025836799294,0.011516001689069189,0.00010618380095159573,0.001229146452650333,0.008712053018316,4.562024514598306e-06,0.10154326260089874,1.1188640473847045e-05,1.9481961771816714e-05,3.881214252032805e-05,9.011919428303372e-05,0.0005994893610477448,0.03670597991481843,0.0012119897874072194,0.004191829357296228,0.061081971228122714,0.06892572405982203,e1e6b81cff13b1cdee16c72f5060ec67c378d14216b79caaafd697e245c488c6,e1e6b81cff13b1cdee16c72f5060ec67c378d14216b79caaafd697e245c488c6,9a724a8c881842873d100b9f814a2cc0b2ce8b085fe9f76d16aad23abe456359,9a724a8c881842873d100b9f814a2cc0b2ce8b085fe9f76d16aad23abe456359,a4f918722ffbb6d0e1e21d2f01b5b8d59a20948a304584c432539c78ee47bba0,448f38d77eab945fc494b85f79d7330a739fd26c5882e340cfb9d068a31ef2fc,True
42,dp_fisher_wiener_adaptive_beta_lr5p00,dp_fisher_wiener_adaptive_beta,5.0,6f5bfa6c60eeb2ad400161beec4006ab7b7da4908d9989b6db2c608560d2f56e,1050,21,fc1,0.0016658291328635081,20,0.0016658291328635081,True,False,none,0.0031794370416789305,0.17276577542699023,103.71158242983256,50,21,0,1519.7763671875,0.001312291482463479,1.994389581909445,0.0033223122678242255,0.0007041904597170811,0.011957194962259145,0.0,0.5971245765686035,9.591217864368674e-09,8.545248952884776e-08,1.5675725535402307e-06,1.1154610319863423e-05,8.294469953398212e-05,0.03235753550022664,5.75759095227113e-06,0.000940133206313476,0.04743395261466498,0.0909420066275301,07ddb233d2573b419fb2dd33ef936e942dfbab18a681c0a6310c6db348cef29b,07ddb233d2573b419fb2dd33ef936e942dfbab18a681c0a6310c6db348cef29b,882361aaa3e069a102fa2a74b3b2b7eb465f99a2cb4b94d0eb71743a3e8c4a9e,882361aaa3e069a102fa2a74b3b2b7eb465f99a2cb4b94d0eb71743a3e8c4a9e,011407fb77054a9607c2c25ddf29fbbb03a5bea76d9124233a9b84a6b6b0261f,532bb35e5895eb420bb27abc2c41d4f029fac14e9b1c11ec1864706f665dcf00,True
42,dp_fisher_wiener_adaptive_beta_lr5p00,dp_fisher_wiener_adaptive_beta,5.0,6f5bfa6c60eeb2ad400161beec4006ab7b7da4908d9989b6db2c608560d2f56e,1050,21,fc2,0.011918095583896634,20,0.011918095583896634,True,False,none,0.01027779966355463,0.10618742067633194,8.909764142167909,50,21,0,1404.4990234375,0.000124552461784333,0.17493381094283222,0.0020848778796719774,0.02861481162336219,0.10163239016039795,1.649686787175142e-08,0.9121611714363098,7.999495963417757e-08,5.6104836403392255e-06,0.0018716951017268002,0.008309954311698675,0.03926102966070177,0.25905666635675084,6.712014692311641e-06,0.13595035672187805,0.7742080032825471,0.2655354219372959,43632e54cf83d9576d0ab2cce1d370e0bed85e32ee313fd0b59f35f6c5d9cb06,43632e54cf83d9576d0ab2cce1d370e0bed85e32ee313fd0b59f35f6c5d9cb06,65196fece700a7094be2ec3f2e1a614ad274e7e193c9aee9edb5e1947109f87a,65196fece700a7094be2ec3f2e1a614ad274e7e193c9aee9edb5e1947109f87a,1e954562b07ed6ac34316ab5aa39908b90395cb1c769714db47bd82d0f3fc46d,f57ea10a040a020bb4eb4a13141c9b85293983ff850e12edda9ea113db3ddb31,True
42,dp_fisher_wiener_adaptive_beta_lr5p00,dp_fisher_wiener_adaptive_beta,5.0,6f5bfa6c60eeb2ad400161beec4006ab7b7da4908d9989b6db2c608560d2f56e,1100,22,conv1,0.06936028762540787,21,-0.1327305182645634,False,True,negative,0.06936028762540787,-0.003338303871488138,0.025150989502158855,50,16,6,3.141772985458374,0.0001601361873326823,0.0005031115473561228,3.489596163228469e-05,0.012143046408891679,0.014925398590144995,0.0017178729176521301,0.04461553320288658,0.002420747932046652,0.0025041247718036175,0.004240566166117787,0.009980879258364439,0.03914144597947594,0.12784002951811999,0.0337937206029892,0.057819364592432976,0.3698460787534712,0.1046039112048055,06f811e087e054e48e7a8fb7ea1f2ed9e215f713ec7fb23c1a843471f8463490,06f811e087e054e48e7a8fb7ea1f2ed9e215f713ec7fb23c1a843471f8463490,ecb14355ac32eafad6acc0bb27165be4ae4fc7a3035f4bd4d56a2b491ac4a40a,ecb14355ac32eafad6acc0bb27165be4ae4fc7a3035f4bd4d56a2b491ac4a40a,c9e802d8b4b6660d35920f15e08b88cf5f3ce5c19e1012a08e2f0d2ea7b8b7ce,ca7db509df17d65910d4e3cf250124f1c57b080b82a919dd8de1a876a11cd09a,True
42,dp_fisher_wiener_adaptive_beta_lr5p00,dp_fisher_wiener_adaptive_beta,5.0,6f5bfa6c60eeb2ad400161beec4006ab7b7da4908d9989b6db2c608560d2f56e,1100,22,conv2,0.04000934753294667,21,0.04000934753294667,True,False,none,0.009220544058480277,0.0230373856883985,0.5758000844534594,50,21,1,36.54904556274414,0.00032020267099142075,0.011703102011377808,0.0004682334755867419,0.004537905321802586,0.029249807305368542,2.065658372885082e-05,0.33197394013404846,4.779891278303694e-05,8.582238478993531e-05,0.00017075116193154827,0.000395916351408232,0.002698529837653041,0.03715077633849056,0.0011933250003494321,0.004250367870554328,0.0633459135890007,0.2303908382680631,4a87c2b9bed0d8cc83c08da116424d080105a1dbbd4d8a14503dec2f1cee5869,4a87c2b9bed0d8cc83c08da116424d080105a1dbbd4d8a14503dec2f1cee5869,a012f80eda56e5d91464894311d263388ea76ae5e759dec6a7a7f74b3946ceaa,a012f80eda56e5d91464894311d263388ea76ae5e759dec6a7a7f74b3946ceaa,47960669528dcf4b1ea5b5b6effe4027042e1cb9be06027dcd7c9b6fafb8e0b9,6409cafd2a52378841b8d70f61b1a2b64a657d0bab954fbb160f7a9a85a8e7a2,True
42,dp_fisher_wiener_adaptive_beta_lr5p00,dp_fisher_wiener_adaptive_beta,5.0,6f5bfa6c60eeb2ad400161beec4006ab7b7da4908d9989b6db2c608560d2f56e,1100,22,fc1,0.0013385955092473532,21,0.0013385955092473532,True,False,none,0.0016658291328635081,0.13348404690168447,99.71947909547225,50,22,0,1578.38623046875,0.0013116301270201802,2.07025893195663,0.0027712393092963667,0.0006061310749845174,0.010733237588020222,2.7952440362355446e-10,0.5562483668327332,7.71932509024964e-09,7.766819010157633e-08,1.4041082181392994e-06,9.3537591965287e-06,6.811584607930852e-05,0.03282659063665448,5.7667016335472e-06,0.0010478436015546322,0.04842519089579581,0.08107207823360255,52daa929ac636810097d9baedc23b3abefde6dafdaafa229c16444c9807aedc1,52daa929ac636810097d9baedc23b3abefde6dafdaafa229c16444c9807aedc1,6ad34472f9e9f6b1aecb0e44200b255b6bc0c5e8b16a1762065ab12fc2871306,6ad34472f9e9f6b1aecb0e44200b255b6bc0c5e8b16a1762065ab12fc2871306,4c529fbd7235ffaa58940cf3cd6c3355e3fc29a72d9db70fcbaca7e1e0ce9168,ab685ecd47266290f2aaf789bff5f5480ab4ecc9f6ec64d2855383ae700a7e9e,True
42,dp_fisher_wiener_adaptive_beta_lr5p00,dp_fisher_wiener_adaptive_beta,5.0,6f5bfa6c60eeb2ad400161beec4006ab7b7da4908d9989b6db2c608560d2f56e,1100,22,fc2,0.007958094232301182,21,0.007958094232301182,True,False,none,0.011918095583896634,0.06960698759493093,8.746690547141611,50,22,0,1381.2716064453125,0.00012473753304220736,0.172296412649235,0.0013711510877500617,0.022974851438911866,0.08904182450067812,1.4410840520895363e-08,0.8738049268722534,5.303232519793255e-08,3.335145493110758e-07,0.001190612674690783,0.005989569704979658,0.0286515997722746,0.2595046685807132,6.66390328660782e-06,0.13027482479810715,0.7875190436840064,0.22858071169714694,15565e12751df7f0ccb9faf7807f25e213de21765fad854eef637adee0644ee6,15565e12751df7f0ccb9faf7807f25e213de21765fad854eef637adee0644ee6,0a950190e375b539623bf5a1b023c947a4751696e5d407eb30531ee728ac181f,0a950190e375b539623bf5a1b023c947a4751696e5d407eb30531ee728ac181f,04df2027dfb9db40336fb2d45b330a2435e9a1516865d10682bef41febe4477c,a99f0e09eef11260c039ff152daf89842953c56dcc3f5635ac3507596b685fe3,True
42,dp_fisher_wiener_adaptive_beta_lr5p00,dp_fisher_wiener_adaptive_beta,5.0,6f5bfa6c60eeb2ad400161beec4006ab7b7da4908d9989b6db2c608560d2f56e,1150,23,conv1,0.00458130280929615,22,0.00458130280929615,True,False,none,0.06936028762540787,0.0001152453172645969,0.025155577367806138,50,17,6,3.1408779621124268,0.000160150186275132,0.0005030121906997621,2.304451162363031e-06,0.0008256052407432436,0.0010305324774394034,0.00011308686225675046,0.0030817738734185696,0.0001597899572516326,0.00016521122961421497,0.0002807569835567847,0.0006632165313931182,0.002686059987172482,0.12776276206132026,0.033698311634361745,0.0577312670648098,0.37005651593208294,0.00717763082085382,da94664b96571fda7d6040280e21304beb707864ee8eb4b2ed154339321b5a47,da94664b96571fda7d6040280e21304beb707864ee8eb4b2ed154339321b5a47,e527d332fdfb423b21b2d934d18ba2ee6237f00591fbab6c3a304a7688c13a2a,e527d332fdfb423b21b2d934d18ba2ee6237f00591fbab6c3a304a7688c13a2a,0a2c628927115a04fd26c3136ff38a5e67e38a396e0d9b86cdb6270b7923172e,73376f8d4f92e22012d200f69b09bb11e18fb58a007b1e13018b91bb70803878,True
42,dp_fisher_wiener_adaptive_beta_lr5p00,dp_fisher_wiener_adaptive_beta,5.0,6f5bfa6c60eeb2ad400161beec4006ab7b7da4908d9989b6db2c608560d2f56e,1150,23,conv2,0.002771691225972923,22,0.002771691225972923,True,False,none,0.04000934753294667,0.001621869258080097,0.5851551005688904,50,22,1,36.83116912841797,0.0003202127991244197,0.01179381176163563,3.268880458050174e-05,0.00039603451987177656,0.002869023302356504,1.382894197377027e-06,0.033637937158346176,3.227230808988679e-06,5.888857003810699e-06,1.1806251222878927e-05,2.730311553023057e-05,0.00018653632723726333,0.03722344598648086,0.001163004117552191,0.004241566872224212,0.06306781247258186,0.02251221254422721,041ef04e2fb4786bbda6a3ae5271eb619f1d4124f2cea6abec1afaa0d605439e,041ef04e2fb4786bbda6a3ae5271eb619f1d4124f2cea6abec1afaa0d605439e,fa3fb19443fba67c8c811e61145070c853d8773b7f4649dc2558fd63c80a4caa,fa3fb19443fba67c8c811e61145070c853d8773b7f4649dc2558fd63c80a4caa,b3beeea9cd9e6493ac6c3fc7fbd44f8b503e3fbea74e9cc6127b6cabc12a3f97,30838bfafdf4646196b0dc4baa9e10e5d4c7565baba5df5e1a9e7ae0b02d5e65,True
42,dp_fisher_wiener_adaptive_beta_lr5p00,dp_fisher_wiener_adaptive_beta,5.0,6f5bfa6c60eeb2ad400161beec4006ab7b7da4908d9989b6db2c608560d2f56e,1150,23,fc1,0.0009024664850182512,22,0.0009024664850182512,True,False,none,0.0013385955092473532,0.09341696507002695,103.5129465978315,50,23,0,1743.6845703125,0.0013111908920109272,2.286303327133737,0.002063312127323917,0.00047116986373161614,0.008953821142149675,3.4161803941223923e-10,0.4856237769126892,5.229683797125517e-09,4.8719089207338584e-08,9.536338438920211e-07,6.60032480936934e-06,4.664237167162352e-05,0.0332419084268155,5.794845492346212e-06,0.001055582833942026,0.049145509302616096,0.06715870821705056,49f934bcd17a7e2c685ceb6c13762c5475cfa750f2e390f2394a18fa033676d4,49f934bcd17a7e2c685ceb6c13762c5475cfa750f2e390f2394a18fa033676d4,73860831c107a97b60068cf100375588f90287efb600e1c566b1f614d0acd155,73860831c107a97b60068cf100375588f90287efb600e1c566b1f614d0acd155,670f167b3bf18a63fc2ad0ead944a1fd30f8273e2e0cf36810fe55cc9cdf46b2,1439000bb2c563ef150a494f01d32046e6c9efc3646e4cad93d751ffddebbeab,True
42,dp_fisher_wiener_adaptive_beta_lr5p00,dp_fisher_wiener_adaptive_beta,5.0,6f5bfa6c60eeb2ad400161beec4006ab7b7da4908d9989b6db2c608560d2f56e,1150,23,fc2,0.007017631783606339,22,0.007017631783606339,True,False,none,0.007958094232301182,0.060455639080431244,8.61482063246175,50,23,0,1430.1151123046875,0.00012427387991920114,0.17772595373718758,0.0012472153017178374,0.02177342075753925,0.08601044026698869,0.0,0.8623735904693604,4.668324145029601e-08,2.1189675081245696e-07,0.0011539889383129776,0.005617746151983738,0.025405411422252718,0.2636621582091194,6.652233832937782e-06,0.14135918021202087,0.7878886640071873,0.21775555233714577,77d4987177448f2477b8723582b39ff59a9eb70ff628e16cfbc4d47bfdb740ce,77d4987177448f2477b8723582b39ff59a9eb70ff628e16cfbc4d47bfdb740ce,1accc5320983926fac78c5d1d72c7999ae0756d69d73cbcfaf4ec91139e06aed,1accc5320983926fac78c5d1d72c7999ae0756d69d73cbcfaf4ec91139e06aed,4293e5267b988a6cbda16cd235745143161980c03ae6baf23d8001fcc50274da,aa2045945d0ea1d7ddcd32fd5cd833c1fc7755badd26642862d66453437972a7,True
