seed,run_id,method,config_fingerprint,step,epoch,train_loss,learning_rate,test_loss,test_accuracy,clip_rate,clean_clipped_norm,actual_noise_norm,noisy_gradient_norm,filtered_gradient_norm,relmse_noisy,relmse_filtered,cosine_noisy,cosine_filtered,signal_retention,noise_retention,snr_in,snr_out,snr_gain_db,mse_reduction,signal_amplitude_retention,effective_signal_lr,optimizer_update_norm,clean_reference_update_norm,update_to_clean_reference_ratio,lr_compensation_to_dp_sgd_0p5,refresh_time,diagnostic_spectrum_time,beta_observation_time,oracle_diagnostic_time,reconstruction_diagnostic_time,wiener_filter_time,beta_controller_time,active_state_bytes,diagnostics_finite,beta_diagnostics_finite,oracle_diagnostics_finite,oracle_diagnostic_error
42,dp_fisher_wiener_adaptive_beta_lr5p00,dp_fisher_wiener_adaptive_beta,6f5bfa6c60eeb2ad400161beec4006ab7b7da4908d9989b6db2c608560d2f56e,0,1,2.3067173957824707,5.0,,,1.0,0.10232851681315358,1.8980261676600805,1.9007811897798015,0.0829792908915913,344.041658491307,1.0187803671310862,0.053821285786439764,0.3938755586422454,0.23941664405616905,0.001025906065992739,0.0029066247508787923,0.6783216966270388,23.6804674097828,0.9970387877689046,0.4893022011560637,2.4465110057803185,0.4148964544579565,0.05116425840657679,8.10910716525729,1.0218633777196158,0.1528206206858158,0.004705724306404591,0.0005686907097697258,0.00048043951392173767,0.01584937982261181,0.001373065635561943,4.871748387813568e-06,10905008,True,True,True,
42,dp_fisher_wiener_adaptive_beta_lr5p00,dp_fisher_wiener_adaptive_beta,6f5bfa6c60eeb2ad400161beec4006ab7b7da4908d9989b6db2c608560d2f56e,1,1,2.3200607299804688,5.0,,,1.0,0.11773591254673449,1.9019209135714357,1.9055150077619407,0.08842434912340101,260.9558272992033,0.7939991818644152,0.061391418440398825,0.5126636235247192,0.3542336528642112,0.0010089915445542022,0.0038320661786985723,1.3453500255282669,25.45402290584306,0.9969573425890436,0.5951753127140029,2.9758765635700146,0.44212174561700507,0.058867956273367245,7.510397397803281,0.8400886080424892,0.0,0.0,0.0007552504539489746,0.0006773443892598152,0.014409579336643219,0.0015696315094828606,2.272985875606537e-05,10905008,True,True,True,
42,dp_fisher_wiener_adaptive_beta_lr5p00,dp_fisher_wiener_adaptive_beta,6f5bfa6c60eeb2ad400161beec4006ab7b7da4908d9989b6db2c608560d2f56e,2,1,2.3064522743225098,5.0,,,1.0,0.09060111619896025,1.9008806980889126,1.9030260116214446,0.07288594769897987,440.19248621360583,1.1849902398043157,0.047469805985154705,0.2872590118214084,0.16737271758646294,0.0010214806253559523,0.0022717334602404904,0.37223045976359936,22.144545337677588,0.9973080180218502,0.40911210882405197,2.04556054412026,0.36442973849489935,0.04530055809948012,8.044707477699639,1.222158888026984,0.0,0.0,0.0006819777190685272,0.0006286026909947395,0.014342661015689373,0.001431756652891636,5.776993930339813e-06,10905008,True,True,True,
42,dp_fisher_wiener_adaptive_beta_lr5p00,dp_fisher_wiener_adaptive_beta,6f5bfa6c60eeb2ad400161beec4006ab7b7da4908d9989b6db2c608560d2f56e,3,1,2.290226459503174,5.0,,,1.0,0.10855540284307609,1.8961725151137372,1.8993703471506953,0.06937332602717919,305.1074468608812,1.0659238362295071,0.05800994757551074,0.2679507666629362,0.1307395541121341,0.0009369154265565792,0.003277533898970448,0.45735539014746174,21.447066094649045,0.9965063984927407,0.36157925011279907,1.8078962505639953,0.3468666301358959,0.054277701421538045,6.390591735556887,1.3828227140872604,0.0,0.0,0.0006887055933475494,0.0006092693656682968,0.014533178880810738,0.0014594672247767448,6.300397217273712e-06,10905008,True,True,True,
42,dp_fisher_wiener_adaptive_beta_lr5p00,dp_fisher_wiener_adaptive_beta,6f5bfa6c60eeb2ad400161beec4006ab7b7da4908d9989b6db2c608560d2f56e,4,1,2.2883143424987793,5.0,,,1.0,0.10136084868237794,1.9031808491537288,1.9056728547642292,0.07481878293416722,352.54912527656325,1.2053947970570928,0.051163913905750764,0.2299419698017678,0.12896149259291953,0.0011846039248260244,0.0028364841328649554,0.3087928545353011,20.368868835684527,0.9965809167839768,0.35911208917679105,1.7955604458839551,0.3740939146708361,0.05068042434118897,7.3814282245348375,1.3923229405748507,0.0,0.0,0.0007821330800652504,0.0006837900727987289,0.014515973627567291,0.0015969723463058472,7.205642759799957e-06,10905008,True,True,True,
42,dp_fisher_wiener_adaptive_beta_lr5p00,dp_fisher_wiener_adaptive_beta,6f5bfa6c60eeb2ad400161beec4006ab7b7da4908d9989b6db2c608560d2f56e,5,1,2.2686562538146973,5.0,,,1.0,0.10683002389195737,1.8970184431819475,1.8999347797919421,0.06892736608041075,315.3235848521649,1.129883677333952,0.05539202607095393,0.22195008645683412,0.10764614626300038,0.001036018834253108,0.003171345398667011,0.3295143865023084,20.166308357452564,0.996416748598544,0.3280947214799415,1.6404736073997075,0.34463683040205373,0.05341501194597868,6.452059408769775,1.5239501499540102,0.0,0.0,0.0006702113896608353,0.0005952836945652962,0.014576493762433529,0.0013724137097597122,6.592832505702972e-06,10905008,True,True,True,
42,dp_fisher_wiener_adaptive_beta_lr5p00,dp_fisher_wiener_adaptive_beta,6f5bfa6c60eeb2ad400161beec4006ab7b7da4908d9989b6db2c608560d2f56e,6,1,2.2718796730041504,5.0,,,1.0,0.11781180666779534,1.9022060923787754,1.9056704567017708,0.06959725261610013,260.69788300306453,1.0545920437151737,0.06029004419654767,0.24916893795688444,0.12353233269207663,0.0009991081810254044,0.003835857769186106,0.4742754258295907,20.921681270561855,0.9959547349155018,0.35147166698338095,1.7573583349169049,0.3479862630805006,0.05890590333389767,5.9074938737819656,1.4225897759839046,0.0,0.0,0.000565812923014164,0.0006042588502168655,0.015524712391197681,0.0015984028577804565,5.104579031467438e-06,10905008,True,True,True,
42,dp_fisher_wiener_adaptive_beta_lr5p00,dp_fisher_wiener_adaptive_beta,6f5bfa6c60eeb2ad400161beec4006ab7b7da4908d9989b6db2c608560d2f56e,7,1,2.2697811126708984,5.0,,,1.0,0.12279627060962409,1.89730135660919,1.9008200665276849,0.07857307941888628,238.7274065110287,1.0700004864866768,0.06092920407840421,0.26523329019791936,0.14073514333539913,0.0011533531956301874,0.00418887807876054,0.5111377494418496,20.86440236319428,0.9955178984175956,0.3751468290355113,1.8757341451775564,0.39286539709443136,0.06139813530481204,6.398653560692781,1.3328114788658854,0.0,0.0,0.0006988337263464928,0.0006068767979741096,0.014905482530593872,0.0015058303251862526,6.752088665962219e-06,10905008,True,True,True,
42,dp_fisher_wiener_adaptive_beta_lr5p00,dp_fisher_wiener_adaptive_beta,6f5bfa6c60eeb2ad400161beec4006ab7b7da4908d9989b6db2c608560d2f56e,8,1,2.253635883331299,5.0,,,1.0,0.11417116926563681,1.903927889160553,1.9069947612186158,0.07208660068229983,278.09174253052964,1.1151348879985967,0.05677529425475467,0.22451964338669783,0.11703098382455486,0.0010672250946995475,0.0035959356103974402,0.39432719889007434,20.4004482707783,0.9959900467455417,0.3420979155513153,1.7104895777565765,0.36043300341149914,0.057085584632818404,6.313905791164884,1.4615698525749643,0.0,0.0,0.0006812112405896187,0.0006032111123204231,0.014574567787349224,0.0014806101098656654,6.487593054771423e-06,10905008,True,True,True,
42,dp_fisher_wiener_adaptive_beta_lr5p00,dp_fisher_wiener_adaptive_beta,6f5bfa6c60eeb2ad400161beec4006ab7b7da4908d9989b6db2c608560d2f56e,9,1,2.2504658699035645,5.0,,,1.0,0.09944665848457715,1.8975386377497672,1.9000602237592428,0.07066815007619184,364.0833894743708,1.2282682364554072,0.051508684901251024,0.19469334215736675,0.09405819773836674,0.0010807722263551634,0.00274662351760214,0.23903506362524712,19.396624770176977,0.9966264095754868,0.3066890896956831,1.5334454484784155,0.35334075038095925,0.049723329242288575,7.106136209265424,1.6303155762551003,0.0,0.0,0.0006838589906692505,0.000603577122092247,0.01461902353912592,0.0014389250427484512,6.53974711894989e-06,10905008,True,True,True,
42,dp_fisher_wiener_adaptive_beta_lr5p00,dp_fisher_wiener_adaptive_beta,6f5bfa6c60eeb2ad400161beec4006ab7b7da4908d9989b6db2c608560d2f56e,10,1,2.233449935913086,5.0,,,1.0,0.10324538135522618,1.904728253538374,1.9075299814720252,0.06953856385357418,340.34923770315,1.2015800613537009,0.05417924881902591,0.18711846017500425,0.08350431684017734,0.0010745101902163807,0.00293815848289957,0.22833558869588058,18.90498388621458,0.9964695673495194,0.2889711349601848,1.444855674800924,0.3476928192678709,0.05162269067761309,6.735271151062212,1.7302766245741503,0.0,0.0,0.0006868503987789154,0.0006047645583748817,0.014684466645121574,0.0014264695346355438,6.75395131111145e-06,10905008,True,True,True,
42,dp_fisher_wiener_adaptive_beta_lr5p00,dp_fisher_wiener_adaptive_beta,6f5bfa6c60eeb2ad400161beec4006ab7b7da4908d9989b6db2c608560d2f56e,11,1,2.2544875144958496,5.0,,,1.0,0.135149649332184,1.8974387060013298,1.9027894117465292,0.07556727748275281,197.10864147761953,1.010008997243448,0.07504886402543648,0.27061851443102086,0.13111597746566447,0.0010608532977608883,0.0050733442859151245,0.6270390979920312,20.920002860165834,0.9948758766248316,0.36209940274138047,1.8104970137069023,0.3778363874137641,0.067574824666092,5.591377991362589,1.3808363013394154,0.0,0.0,0.0007549002766609192,0.0006722342222929001,0.014066444709897041,0.0015673832967877388,7.247552275657654e-06,10905008,True,True,True,
42,dp_fisher_wiener_adaptive_beta_lr5p00,dp_fisher_wiener_adaptive_beta,6f5bfa6c60eeb2ad400161beec4006ab7b7da4908d9989b6db2c608560d2f56e,12,1,2.1999757289886475,5.0,,,1.0,0.11126321338387668,1.8986339674274826,1.9020334545378303,0.06441673829677966,291.1919035170999,1.1327797380419815,0.05977474466716606,0.17480776335064105,0.06240216586725444,0.0009151185363235851,0.003434161416717481,0.23417634086422048,18.337223109471342,0.9961098515296627,0.249804255102379,1.249021275511895,0.32208369148389826,0.05563160669193834,5.7895809707898,2.0015671862478084,0.0,0.0,0.0006388453766703606,0.0005863364785909653,0.014615259133279324,0.0013771932572126389,6.378628313541412e-06,10905008,True,True,True,
42,dp_fisher_wiener_adaptive_beta_lr5p00,dp_fisher_wiener_adaptive_beta,6f5bfa6c60eeb2ad400161beec4006ab7b7da4908d9989b6db2c608560d2f56e,13,1,2.2107701301574707,5.0,,,1.0,0.10064314008849351,1.8924709282719452,1.8948278393065359,0.06467539618941809,353.5819417927711,1.2292936786948647,0.04996126283764345,0.14290544457065363,0.07466803963780828,0.0010028047383538576,0.0028281987333139296,0.2105854180858647,18.719183717448338,0.9965233131747011,0.2732545326939853,1.3662726634699265,0.32337698094709044,0.050321570044246755,6.426210085582094,1.829795813700608,0.0,0.0,0.0007770825177431107,0.0006652409210801125,0.014319813810288906,0.001565929502248764,7.088296115398407e-06,10905008,True,True,True,
42,dp_fisher_wiener_adaptive_beta_lr5p00,dp_fisher_wiener_adaptive_beta,6f5bfa6c60eeb2ad400161beec4006ab7b7da4908d9989b6db2c608560d2f56e,14,1,2.178218364715576,5.0,,,1.0,0.09657952071493937,1.8976143426411638,1.8999031329270935,0.06364867472553316,386.05200884504836,1.243150842118282,0.04910118984415513,0.14503766814984156,0.06594530393313276,0.0009556492237043001,0.002590324559854547,0.17874732288444395,18.388853626077868,0.9967798358417119,0.25679817743343264,1.2839908871671633,0.3182433736276658,0.04828976035746969,6.590286869623037,1.9470543171112,0.0,0.0,0.0006858920678496361,0.0006319470703601837,0.014298138208687305,0.0014326637610793114,6.9374218583106995e-06,10905008,True,True,True,
42,dp_fisher_wiener_adaptive_beta_lr5p00,dp_fisher_wiener_adaptive_beta,6f5bfa6c60eeb2ad400161beec4006ab7b7da4908d9989b6db2c608560d2f56e,15,1,2.208397388458252,5.0,,,1.0,0.11986449422775827,1.8955749546029201,1.8991589412541068,0.07254840587949443,250.09258148102444,1.1020559844652076,0.061429363371602756,0.21831829358483637,0.09246071226697565,0.0010250171686136359,0.00399851924438628,0.36068267790534203,19.552260947823893,0.9955934079374181,0.3040735310200078,1.520367655100039,0.36274202939747213,0.059932247113879136,6.0525351018819995,1.6443391120598922,0.0,0.0,0.0007294677197933197,0.0006381794810295105,0.014280728064477444,0.0015031984075903893,6.780959665775299e-06,10905008,True,True,True,
42,dp_fisher_wiener_adaptive_beta_lr5p00,dp_fisher_wiener_adaptive_beta,6f5bfa6c60eeb2ad400161beec4006ab7b7da4908d9989b6db2c608560d2f56e,16,1,2.1401097774505615,5.0,,,1.0,0.09787438001335834,1.8989570778080105,1.9017318197803308,0.06591913602956763,376.4369524813422,1.2813626600152597,0.054062312105944026,0.127875169036408,0.07016732284929372,0.001073646255119908,0.002656487343507798,0.1736126812340719,18.152736930069974,0.9965960763108707,0.26489115283318493,1.3244557641659247,0.32959568014783813,0.04893719000667917,6.735075718407991,1.887567760003624,0.0,0.0,0.0006784610450267792,0.0005866484716534615,0.014561737887561321,0.0013749608770012856,6.331130862236023e-06,10905008,True,True,True,
42,dp_fisher_wiener_adaptive_beta_lr5p00,dp_fisher_wiener_adaptive_beta,6f5bfa6c60eeb2ad400161beec4006ab7b7da4908d9989b6db2c608560d2f56e,17,1,2.1427531242370605,5.0,,,1.0,0.11682954895344558,1.8969231101369388,1.9010246718052617,0.07015280125615324,263.6295298106783,1.121188970926245,0.06579740210620148,0.19932416469824563,0.09202643374075016,0.001027300635835227,0.00379320177312683,0.3397981266577198,19.522150352183377,0.9957471040071607,0.3033585893637267,1.5167929468186336,0.3507640062807662,0.05841477447672279,6.004713865916481,1.6482144153131335,0.0,0.0,0.0005582747980952263,0.00048564281314611435,0.015744865871965885,0.0015486441552639008,5.918554961681366e-06,10905008,True,True,True,
42,dp_fisher_wiener_adaptive_beta_lr5p00,dp_fisher_wiener_adaptive_beta,6f5bfa6c60eeb2ad400161beec4006ab7b7da4908d9989b6db2c608560d2f56e,18,1,2.102529525756836,5.0,,,1.0,0.09267671967833696,1.8957245045607811,1.897916082440812,0.06522167174184595,418.4168262493924,1.362452148715661,0.04804929154045757,0.09436417194476832,0.06100935043902223,0.0011301323512327578,0.0023899612471302845,0.1290202719034445,17.322670936492962,0.996743792163121,0.24700070938971458,1.235003546948573,0.3261083587092298,0.04633835983916848,7.037546426633388,2.0242856841721943,0.0,0.0,0.0007569668814539909,0.0006624944508075714,0.014164639636874199,0.0015775281935930252,6.984919309616089e-06,10905008,True,True,True,
42,dp_fisher_wiener_adaptive_beta_lr5p00,dp_fisher_wiener_adaptive_beta,6f5bfa6c60eeb2ad400161beec4006ab7b7da4908d9989b6db2c608560d2f56e,19,1,2.099179983139038,5.0,,,1.0,0.12089169234845598,1.8980744237412739,1.9020740381935886,0.07148458070634035,246.50944265811427,1.1280231572003894,0.06482840797237391,0.18740180386077435,0.07835573147010932,0.0010668065719298527,0.004056639734154954,0.2979555825611914,18.659850865807034,0.9954240164391409,0.27992093789159345,1.3996046894579672,0.35742290353170175,0.06044584617422799,5.913109438414668,1.7862186507529194,0.0,0.0,0.0006870999932289124,0.0006099343299865723,0.014190328307449818,0.0014347713440656662,7.034279406070709e-06,10905008,True,True,True,
42,dp_fisher_wiener_adaptive_beta_lr5p00,dp_fisher_wiener_adaptive_beta,6f5bfa6c60eeb2ad400161beec4006ab7b7da4908d9989b6db2c608560d2f56e,20,1,2.174814224243164,5.0,,,1.0,0.14437637714364918,1.897537908434726,1.9030477573203954,0.08378644676714812,172.73830035973722,1.012781987956151,0.07604078100406382,0.27915412169715276,0.12058856664638345,0.0010673431430241352,0.005789104083282004,0.6540537295659179,20.530020684866372,0.9941368996577673,0.3472586451715543,1.7362932258577715,0.41893223383574063,0.07218818857182459,5.803334896166776,1.4398489625839204,0.0,0.0,0.0007133865728974342,0.0006030770018696785,0.014247993007302284,0.0014537898823618889,6.400048732757568e-06,10905008,True,True,True,
42,dp_fisher_wiener_adaptive_beta_lr5p00,dp_fisher_wiener_adaptive_beta,6f5bfa6c60eeb2ad400161beec4006ab7b7da4908d9989b6db2c608560d2f56e,21,1,2.1171016693115234,5.0,,,1.0,0.15986504267390297,1.8966188086112394,1.9035281610676609,0.0820083102651993,140.75151894638128,0.9977013111234901,0.08513324157362524,0.258732821138868,0.11178001308257164,0.0010933829342905774,0.00710471906410857,0.7263380146668261,20.095918648898735,0.9929116124742975,0.3343351807431752,1.671675903715876,0.41004155132599646,0.07993252133695149,5.129846331161721,1.4955051959745371,0.0,0.0,0.0006842510774731636,0.0006257323548197746,0.014293860644102097,0.0014471523463726044,6.540678441524506e-06,10905008,True,True,True,
42,dp_fisher_wiener_adaptive_beta_lr5p00,dp_fisher_wiener_adaptive_beta,6f5bfa6c60eeb2ad400161beec4006ab7b7da4908d9989b6db2c608560d2f56e,22,1,2.121699333190918,5.0,,,1.0,0.15279577077801812,1.8988214555618694,1.9053643518436125,0.08404711318640297,154.43495058532082,1.013793854606996,0.08284387249203956,0.2624924289585768,0.1015172433296445,0.0010868002664867205,0.006475218181938802,0.6048455451467746,19.703900797153334,0.9934354635996298,0.318617707181576,1.5930885359078801,0.42023556593201483,0.07639788538900906,5.500617769545898,1.569278758614277,0.0,0.0,0.0006876224651932716,0.0006129136309027672,0.014417118392884731,0.001468735747039318,6.385147571563721e-06,10905008,True,True,True,
42,dp_fisher_wiener_adaptive_beta_lr5p00,dp_fisher_wiener_adaptive_beta,6f5bfa6c60eeb2ad400161beec4006ab7b7da4908d9989b6db2c608560d2f56e,23,1,2.1734728813171387,5.0,,,1.0,0.16311765230047157,1.8950948816487003,1.9022534834643066,0.08018910947284057,134.97706890456206,0.9718661888330767,0.08667839574936623,0.27441581262653447,0.10744017089737333,0.0009651991778363207,0.007408665842856654,0.8246881497171377,20.46549746993524,0.9927997681626946,0.327780674990722,1.63890337495361,0.40094554736420285,0.08155882615023578,4.916028911705072,1.5254102457767755,0.0,0.0,0.0006767483428120613,0.0006036190316081047,0.014589815400540829,0.0014545498415827751,6.836839020252228e-06,10905008,True,True,True,
42,dp_fisher_wiener_adaptive_beta_lr5p00,dp_fisher_wiener_adaptive_beta,6f5bfa6c60eeb2ad400161beec4006ab7b7da4908d9989b6db2c608560d2f56e,24,1,2.0329647064208984,5.0,,,1.0,0.12975117082298152,1.8981250151686981,1.9022479428237742,0.0718057341270176,214.00654446045397,1.1225366604226972,0.06584590845919307,0.16599518961753343,0.0698918874065989,0.0011209682983982518,0.004672754295722543,0.29134420439947845,17.948334377523032,0.9947546619975922,0.26437073855969556,1.3218536927984779,0.35902867063508803,0.06487558541149076,5.5341106882091085,1.8912834405279975,0.0,0.0,0.0006861453875899315,0.000608956441283226,0.014741125516593456,0.0014317827299237251,6.5676867961883545e-06,10905008,True,True,True,
42,dp_fisher_wiener_adaptive_beta_lr5p00,dp_fisher_wiener_adaptive_beta,6f5bfa6c60eeb2ad400161beec4006ab7b7da4908d9989b6db2c608560d2f56e,25,1,2.029369831085205,5.0,,,1.0,0.11331560638009174,1.9017815317871767,1.904946069517071,0.06915359316944117,281.6707803525898,1.1784081269668008,0.05764603458860211,0.1589666490569437,0.06679748584394454,0.0010468041018533822,0.0035502440070995806,0.22654417702676363,18.04894700662271,0.9958163636089928,0.2584520958397214,1.292260479198607,0.3457679658472058,0.05665780319004587,6.102742188596726,1.9345944879013075,0.0,0.0,0.0006303992122411728,0.0006067128852009773,0.014829818159341812,0.0014473339542746544,6.845220923423767e-06,10905008,True,True,True,
42,dp_fisher_wiener_adaptive_beta_lr5p00,dp_fisher_wiener_adaptive_beta,6f5bfa6c60eeb2ad400161beec4006ab7b7da4908d9989b6db2c608560d2f56e,26,1,1.934460163116455,5.0,,,1.0,0.10649528918447818,1.8959612878927998,1.8992603848245762,0.06446265508240402,316.95538645743295,1.1764577441194155,0.05898789020886306,0.15689678100598642,0.05495379871881665,0.0009164172831143378,0.003155018159143504,0.1891935431916199,17.779044473263617,0.996288254453511,0.2344222658341495,1.1721113291707475,0.3223132754120201,0.05324764459223909,6.05309920981828,2.132903195943043,0.0,0.0,0.0007509654387831688,0.0006698556244373322,0.014090401120483875,0.0015685465186834335,6.983056664466858e-06,10905008,True,True,True,
42,dp_fisher_wiener_adaptive_beta_lr5p00,dp_fisher_wiener_adaptive_beta,6f5bfa6c60eeb2ad400161beec4006ab7b7da4908d9989b6db2c608560d2f56e,27,1,1.9802477359771729,5.0,,,1.0,0.12859451702806735,1.900310964377393,1.9041253221372971,0.06814369633489488,218.37576777958054,1.1223224113607988,0.06339953692731823,0.14953788074891358,0.06767165490383202,0.0010707743291718849,0.004579262663193517,0.2894039146753664,18.00708846234276,0.9948605908852793,0.2601377613954422,1.300688806977211,0.3407184816744744,0.06429725851403367,5.299113672083068,1.9220585174407454,0.0,0.0,0.0006853882223367691,0.0006064428016543388,0.014203425496816635,0.0014324700459837914,6.693415343761444e-06,10905008,True,True,True,
42,dp_fisher_wiener_adaptive_beta_lr5p00,dp_fisher_wiener_adaptive_beta,6f5bfa6c60eeb2ad400161beec4006ab7b7da4908d9989b6db2c608560d2f56e,28,1,1.952919602394104,5.0,,,1.0,0.17259001700846452,1.896242515857785,1.9031395199365722,0.07491182272404572,120.71365959108662,0.9978874788161587,0.08523286863973091,0.2194559956957651,0.080105885424014,0.0010424144151329837,0.00828406663631619,0.6366014159294016,18.856240165297148,0.9917334336296638,0.28302983133234205,1.4151491566617103,0.3745591136202286,0.08629500850423226,4.340449350526667,1.7665982332834682,0.0,0.0,0.0007223961874842644,0.0006123343482613564,0.014152816496789455,0.0014376835897564888,6.9374218583106995e-06,10905008,True,True,True,
42,dp_fisher_wiener_adaptive_beta_lr5p00,dp_fisher_wiener_adaptive_beta,6f5bfa6c60eeb2ad400161beec4006ab7b7da4908d9989b6db2c608560d2f56e,29,1,2.0867228507995605,5.0,,,1.0,0.1930493985989921,1.8999011477941918,1.9100295685615387,0.08441993527231115,96.85568215072823,0.9749895176242479,0.10286203922249672,0.2472452052031403,0.08624954611528136,0.0010153831669932449,0.010324639481829012,0.8770043643027243,19.29126858744995,0.9899335847316971,0.2936827303660897,1.4684136518304487,0.42209967636155576,0.09652469929949604,4.372970642959429,1.7025175412085802,0.0,0.0,0.0006882138550281525,0.0006287600845098495,0.014366375282406807,0.0014497358351945877,6.3693150877952576e-06,10905008,True,True,True,
42,dp_fisher_wiener_adaptive_beta_lr5p00,dp_fisher_wiener_adaptive_beta,6f5bfa6c60eeb2ad400161beec4006ab7b7da4908d9989b6db2c608560d2f56e,30,1,1.9878207445144653,5.0,,,1.0,0.18844068342614342,1.8953658788166758,1.9044676981066877,0.08520811173453711,101.16651152975113,0.9898964030112595,0.09765861434046048,0.2372595828415389,0.08084774218543689,0.0011095732711788296,0.009884693905625871,0.7202365134814219,18.625119094890675,0.990215177057678,0.28433737388081237,1.4216868694040619,0.4260405586726856,0.09422034171307171,4.521747118744071,1.758474424849369,0.0,0.0,0.0006847558543086052,0.0006015757098793983,0.014507773332297802,0.0014646248891949654,6.739981472492218e-06,10905008,True,True,True,
42,dp_fisher_wiener_adaptive_beta_lr5p00,dp_fisher_wiener_adaptive_beta,6f5bfa6c60eeb2ad400161beec4006ab7b7da4908d9989b6db2c608560d2f56e,31,1,2.0558595657348633,5.0,,,1.0,0.146351858676093,1.899308939650199,1.9051528705945768,0.06991224517315635,168.42041765728723,1.0372310835734357,0.0782789283740568,0.1998807443838352,0.07941418120705951,0.0009266394403300315,0.005937522385129693,0.5088532367310841,19.32987281289887,0.9938414172224429,0.2818052185589534,1.409026092794767,0.34956122586578176,0.0731759293380465,4.776997422829542,1.77427516266391,0.0,0.0,0.0006824983283877373,0.0006000706925988197,0.014565657824277878,0.0014649918302893639,6.423331797122955e-06,10905008,True,True,True,
42,dp_fisher_wiener_adaptive_beta_lr5p00,dp_fisher_wiener_adaptive_beta,6f5bfa6c60eeb2ad400161beec4006ab7b7da4908d9989b6db2c608560d2f56e,32,1,1.8921035528182983,5.0,,,1.0,0.1492882977976292,1.8944906046555148,1.9001247558979224,0.0735277938627796,161.03985811381193,1.0906602164697854,0.07696793519342493,0.1542243874860931,0.061646588607463915,0.0012004817237226664,0.006209642827976915,0.3188747393478411,17.105534958114998,0.9932273896087348,0.24828731060500034,1.2414365530250018,0.36763896931389806,0.0746441488988146,4.925221530857473,2.013796028398064,0.0,0.0,0.0006864489987492561,0.0006099138408899307,0.014706441201269627,0.0014494247734546661,6.649643182754517e-06,10905008,True,True,True,
42,dp_fisher_wiener_adaptive_beta_lr5p00,dp_fisher_wiener_adaptive_beta,6f5bfa6c60eeb2ad400161beec4006ab7b7da4908d9989b6db2c608560d2f56e,33,1,1.9096300601959229,5.0,,,1.0,0.13957400235141518,1.9010329313857344,1.9057190850950287,0.06949229492329678,185.51123461671162,1.0612239632759484,0.07015318237746627,0.18746066039139944,0.07166882585158733,0.0009363623173784234,0.005390509108596633,0.4125875756541576,18.838863615191915,0.9942794625594064,0.267710339455889,1.3385516972794451,0.3474614746164839,0.06978700117570759,4.9788853046812696,1.867690284261576,0.0,0.0,0.0005705291405320168,0.0004898598417639732,0.015085331164300442,0.001204601489007473,7.2503462433815e-06,10905008,True,True,True,
42,dp_fisher_wiener_adaptive_beta_lr5p00,dp_fisher_wiener_adaptive_beta,6f5bfa6c60eeb2ad400161beec4006ab7b7da4908d9989b6db2c608560d2f56e,34,1,1.8193714618682861,5.0,,,1.0,0.10045107705346376,1.9023218692194774,1.9049145933076181,0.06666565756513365,358.6400660228439,1.2818630927536943,0.052159543210455794,0.11947737343453599,0.05694845349304933,0.0010964390931685391,0.002788310885033475,0.14482335929607443,17.154974227748944,0.996425767184998,0.2386387510297716,1.193193755148858,0.33332828782566826,0.05022553852673188,6.6366294438360685,2.095217134016624,0.0,0.0,0.0007599247619509697,0.0006668306887149811,0.015140600502490997,0.0015824474394321442,7.512979209423065e-06,10905008,True,True,True,
42,dp_fisher_wiener_adaptive_beta_lr5p00,dp_fisher_wiener_adaptive_beta,6f5bfa6c60eeb2ad400161beec4006ab7b7da4908d9989b6db2c608560d2f56e,35,1,1.8138182163238525,5.0,,,1.0,0.10839532215561898,1.8958824710594981,1.8990514448724678,0.06747671232601743,305.9156826141146,1.218452421033318,0.05775027740604414,0.13579071094971848,0.05871317616747644,0.0010597042443521874,0.003268874584556762,0.1811128060884021,17.4355090075882,0.9960170318480536,0.24230801919762465,1.2115400959881233,0.33738356163008715,0.05419766107780949,6.225057593158744,2.0634892796929685,0.0,0.0,0.0006875786930322647,0.0006049768999218941,0.014699061401188374,0.0014373362064361572,6.753019988536835e-06,10905008,True,True,True,
42,dp_fisher_wiener_adaptive_beta_lr5p00,dp_fisher_wiener_adaptive_beta,6f5bfa6c60eeb2ad400161beec4006ab7b7da4908d9989b6db2c608560d2f56e,36,1,1.7862870693206787,5.0,,,1.0,0.10873461670830882,1.9029488292520453,1.9061109295783727,0.06892429006537346,306.2799478387803,1.2433404027317303,0.057579412780276076,0.12499181657331775,0.06194034989864473,0.0011502038803836907,0.0032649868428263045,0.17582485233854456,17.31198825721232,0.9959405099435832,0.24887818284985272,1.2443909142492635,0.3446214503268673,0.05436730835415441,6.3387624061803445,2.009014989874139,0.0,0.0,0.0006916485726833344,0.000606202520430088,0.014734787866473198,0.0014452440664172173,6.538815796375275e-06,10905008,True,True,True,
42,dp_fisher_wiener_adaptive_beta_lr5p00,dp_fisher_wiener_adaptive_beta,6f5bfa6c60eeb2ad400161beec4006ab7b7da4908d9989b6db2c608560d2f56e,37,1,1.8563804626464844,5.0,,,1.0,0.15450651638463492,1.8959673159149588,1.9021836622909776,0.07420782245583726,150.580276855974,1.0574030036363244,0.08078074624371542,0.18038585486561273,0.07085344322798377,0.001103757105922782,0.006640975968680848,0.4263039496203879,18.074874475673223,0.9929778120633461,0.26618310094366204,1.3309155047183103,0.3710391122791863,0.07725325819231746,4.802892731730528,1.8784062482762465,0.0,0.0,0.0006879186257719994,0.0006063664332032204,0.014700754545629025,0.0014493484050035477,6.216578185558319e-06,10905008,True,True,True,
42,dp_fisher_wiener_adaptive_beta_lr5p00,dp_fisher_wiener_adaptive_beta,6f5bfa6c60eeb2ad400161beec4006ab7b7da4908d9989b6db2c608560d2f56e,38,1,1.9019052982330322,5.0,,,1.0,0.16063332918991635,1.8988076211580855,1.905219801335201,0.0728906039979402,139.73030645349306,1.0120618440303084,0.08200705876766937,0.2135943575921687,0.08181785726111321,0.0009636481484960604,0.007156643575342056,0.607629707257779,19.289296100370173,0.992757034105791,0.2860382094425729,1.4301910472128645,0.36445301998970103,0.08031666459495818,4.537701133670354,1.7480182139744362,0.0,0.0,0.0007536085322499275,0.0006636353209614754,0.014076387509703636,0.0015972768887877464,7.184222340583801e-06,10905008,True,True,True,
42,dp_fisher_wiener_adaptive_beta_lr5p00,dp_fisher_wiener_adaptive_beta,6f5bfa6c60eeb2ad400161beec4006ab7b7da4908d9989b6db2c608560d2f56e,39,1,1.8019459247589111,5.0,,,1.0,0.16287250614007354,1.907399448205146,1.9146361353240446,0.07404500192766984,137.14745323339682,1.0202277835496656,0.0868811784818106,0.20506276025196266,0.07326074924459532,0.0009794644163042725,0.007291422307786012,0.5453746479253926,18.73882692949487,0.9925610883797225,0.2706672297205469,1.3533361486027347,0.3702250096383492,0.08143625307003677,4.546194055802178,1.8472867975719955,0.0,0.0,0.0006084442138671875,0.0005844281986355782,0.01464757602661848,0.0013835430145263672,6.531365215778351e-06,10905008,True,True,True,
42,dp_fisher_wiener_adaptive_beta_lr5p00,dp_fisher_wiener_adaptive_beta,6f5bfa6c60eeb2ad400161beec4006ab7b7da4908d9989b6db2c608560d2f56e,40,1,1.7939141988754272,5.0,,,1.0,0.19397855388485766,1.9017360904966907,1.9117740814677486,0.08270138912492066,96.11541871881371,0.98857431270024,0.10234469155529688,0.2265711192731783,0.07582440910857785,0.0011022896919599446,0.010404157972808232,0.7156822168779091,18.375132883109774,0.9897147166825331,0.27536232332797067,1.3768116166398534,0.4135069456246033,0.09698927694242883,4.263429511550957,1.8157894440869407,0.0,0.0,0.0007583536207675934,0.0006652921438217163,0.014185107313096523,0.0015794457867741585,7.163733243942261e-06,10905008,True,True,True,
42,dp_fisher_wiener_adaptive_beta_lr5p00,dp_fisher_wiener_adaptive_beta,6f5bfa6c60eeb2ad400161beec4006ab7b7da4908d9989b6db2c608560d2f56e,41,1,2.072948932647705,5.0,,,1.0,0.2239909205870979,1.8946937651825573,1.908123712434183,0.08720535263739329,71.55124956288556,0.9601378251029647,0.11844057699553799,0.2458566012540057,0.07581954881225052,0.001167378474587417,0.01397599631157946,0.9077208098156906,18.125695145214273,0.9865811172974855,0.27535349791177616,1.3767674895588808,0.4360267631869664,0.11199546029354895,3.893253905472709,1.8158476423582068,0.0,0.0,0.000607682392001152,0.0005731834098696709,0.014622285962104797,0.0013821600005030632,5.902722477912903e-06,10905008,True,True,True,
42,dp_fisher_wiener_adaptive_beta_lr5p00,dp_fisher_wiener_adaptive_beta,6f5bfa6c60eeb2ad400161beec4006ab7b7da4908d9989b6db2c608560d2f56e,42,1,2.038331985473633,5.0,,,1.0,0.2011522871097546,1.9035523864777484,1.9146316645361239,0.08208183632007375,89.55291289579081,0.978798329750225,0.1074499778119228,0.23000782478735804,0.07742656992413854,0.0010598953846123228,0.011166582611764625,0.8157316295097838,18.63627018868055,0.9890701675903167,0.27825630257756706,1.3912815128878353,0.41040918160036877,0.1005761435548773,4.080581806881041,1.7969044918895325,0.0,0.0,0.0007758717983961105,0.0006750049069523811,0.014390766620635986,0.0015770243480801582,7.407739758491516e-06,10905008,True,True,True,
42,dp_fisher_wiener_adaptive_beta_lr5p00,dp_fisher_wiener_adaptive_beta,6f5bfa6c60eeb2ad400161beec4006ab7b7da4908d9989b6db2c608560d2f56e,43,1,1.8470137119293213,5.0,,,1.0,0.22422966690715365,1.8965784244594452,1.910479337882839,0.09087958004146304,71.54107600789585,0.963287302216863,0.12045268613555096,0.2479395506117259,0.07697588163961552,0.0011549037221975011,0.013977983779129418,0.9316513610829997,18.23808890590169,0.9865351857147036,0.2774452768378217,1.3872263841891086,0.4543979002073152,0.11211483345357683,4.052968605545081,1.8021571882460579,0.0,0.0,0.0006901733577251434,0.000590805895626545,0.014601204544305801,0.0013869069516658783,6.2230974435806274e-06,10905008,True,True,True,
42,dp_fisher_wiener_adaptive_beta_lr5p00,dp_fisher_wiener_adaptive_beta,6f5bfa6c60eeb2ad400161beec4006ab7b7da4908d9989b6db2c608560d2f56e,44,1,1.958364725112915,5.0,,,1.0,0.2167055794108557,1.8999354065629979,1.9123460169430977,0.08564912996253071,76.86656721048672,0.9633389723632108,0.11374323844614878,0.24399538924878172,0.07518366879070677,0.0010356442309082145,0.013009557162089597,0.9444423165373567,18.60912924064992,0.9874673865723053,0.2741964055028927,1.3709820275144635,0.42824564981265356,0.10835278970542785,3.952326940293339,1.8235104106530735,0.0,0.0,0.000553840771317482,0.00048359762877225876,0.015562659129500389,0.0013380944728851318,5.139969289302826e-06,10905008,True,True,True,
42,dp_fisher_wiener_adaptive_beta_lr5p00,dp_fisher_wiener_adaptive_beta,6f5bfa6c60eeb2ad400161beec4006ab7b7da4908d9989b6db2c608560d2f56e,45,1,1.910435438156128,5.0,,,1.0,0.23793202622649912,1.899692086190799,1.9149248291109893,0.08666798587093717,63.747127656124746,0.9509081832279237,0.1258924523479664,0.24951418026025288,0.07095659161875964,0.0010396710344469909,0.015686981308027294,1.070622042211522,18.340968014044414,0.9850831211037898,0.26637678505973383,1.3318839252986692,0.43333992935468585,0.11896601311324956,3.6425523392006576,1.8770404481231358,0.0,0.0,0.0007810946553945541,0.0006697103381156921,0.014215522445738316,0.001577160321176052,7.105059921741486e-06,10905008,True,True,True,
42,dp_fisher_wiener_adaptive_beta_lr5p00,dp_fisher_wiener_adaptive_beta,6f5bfa6c60eeb2ad400161beec4006ab7b7da4908d9989b6db2c608560d2f56e,46,1,1.9642258882522583,5.0,,,1.0,0.14720110404165962,1.899089926684079,1.9048707035446717,0.07332900044224655,166.44429947311298,1.0762491841046125,0.0778497812504009,0.17254606730300825,0.06604364312459299,0.0010845792337568737,0.00600801591354656,0.36584810629608994,17.845697369861867,0.9935338777746596,0.25698957785208526,1.2849478892604262,0.36664500221123275,0.07360055202082981,4.9815523408368785,1.9456041921117828,0.0,0.0,0.0006941519677639008,0.0006060842424631119,0.01426655799150467,0.0014468925073742867,6.252899765968323e-06,10905008,True,True,True,
42,dp_fisher_wiener_adaptive_beta_lr5p00,dp_fisher_wiener_adaptive_beta,6f5bfa6c60eeb2ad400161beec4006ab7b7da4908d9989b6db2c608560d2f56e,47,1,1.758798360824585,5.0,,,1.0,0.1539052013765718,1.8951746279064872,1.90143162637405,0.07446164091351848,151.63235221815307,1.060606807109058,0.08105886975068706,0.1792732045130495,0.06178521793221848,0.0010916566083991228,0.006594898683091103,0.37325588390519737,17.527985345858216,0.9930054055642237,0.24856632501652046,1.2428316250826024,0.3723082045675924,0.0769526006882859,4.838149734157442,2.0115355527936334,0.0,0.0,0.0006406102329492569,0.000545877031981945,0.015254989266395569,0.0012908652424812317,6.070360541343689e-06,10905008,True,True,True,
42,dp_fisher_wiener_adaptive_beta_lr5p00,dp_fisher_wiener_adaptive_beta,6f5bfa6c60eeb2ad400161beec4006ab7b7da4908d9989b6db2c608560d2f56e,48,1,1.7955074310302734,5.0,,,1.0,0.24500598710182273,1.9035180193451973,1.919998534122955,0.09133386770191276,60.3615787788061,0.9435974377742041,0.1307807631869671,0.2620419214885781,0.07541408677707367,0.0010568379052878266,0.01656682976513167,1.1821797183579756,18.534440946213927,0.9843675818813199,0.2746162536651348,1.3730812683256741,0.4566693385095638,0.12250299355091136,3.727821870051261,1.8207225294387561,0.0,0.0,0.0005543222650885582,0.0005474882200360298,0.015471434220671654,0.0015153372660279274,5.383975803852081e-06,10905008,True,True,True,
42,dp_fisher_wiener_adaptive_beta_lr5p00,dp_fisher_wiener_adaptive_beta,6f5bfa6c60eeb2ad400161beec4006ab7b7da4908d9989b6db2c608560d2f56e,49,1,2.095553159713745,5.0,,,1.0,0.22278915232456803,1.9015851527772198,1.914709355911928,0.08505891290385563,72.85233459068279,0.9644350402058414,0.11688505665836153,0.23747201074923932,0.0723114423426808,0.0010651844171526712,0.013726396080482891,0.931834415266963,18.31782219623289,0.9867617826439715,0.2689078696183524,1.344539348091762,0.42529456451927816,0.11139457616228401,3.8179108819075207,1.859372880041651,0.0,0.0,0.0005530379712581635,0.0006169658154249191,0.01484206598252058,0.001447569578886032,5.791895091533661e-06,10905008,True,True,True,
42,dp_fisher_wiener_adaptive_beta_lr5p00,dp_fisher_wiener_adaptive_beta,6f5bfa6c60eeb2ad400161beec4006ab7b7da4908d9989b6db2c608560d2f56e,50,1,1.8394389152526855,5.0,,,1.0,0.17149228682740816,1.898905835858894,1.9062069360615728,0.22405645435349061,122.60768010444205,0.950948089879802,0.08747499449434289,0.6720273031467059,0.8588555742870033,0.007371590492554415,0.008156095924120584,0.9502574045452397,20.663589374336546,0.9922439761598174,0.926744611145381,4.633723055726905,1.120282271767453,0.08574614341370408,13.065103888688043,0.53952296456464,0.14294123742729425,0.004605402238667011,0.0007248306646943092,0.0006444379687309265,0.014097902923822403,0.0015210704877972603,6.660819053649902e-06,10905008,True,True,True,
42,dp_fisher_wiener_adaptive_beta_lr5p00,dp_fisher_wiener_adaptive_beta,6f5bfa6c60eeb2ad400161beec4006ab7b7da4908d9989b6db2c608560d2f56e,51,1,15.153395652770996,5.0,,,0.89453125,0.6391037159497552,1.8989874009569132,2.0026463720338468,0.5371568636642042,8.828795986679161,0.28294918639030825,0.3175614124655965,0.8468121699080056,0.6444412723181863,0.007773462998296828,0.11326572745661684,9.390037558004037,19.18568810726799,0.9679515545701654,0.8027709961864505,4.013854980932253,2.685784318321021,0.3195518579748776,8.40484651015162,0.6228426318023675,0.0,0.0,0.000659954734146595,0.0006107492372393608,0.014045484364032745,0.0013818815350532532,6.259419023990631e-06,10905008,True,True,True,
42,dp_fisher_wiener_adaptive_beta_lr5p00,dp_fisher_wiener_adaptive_beta,6f5bfa6c60eeb2ad400161beec4006ab7b7da4908d9989b6db2c608560d2f56e,52,1,7.626190662384033,5.0,,,1.0,0.534223705302808,1.895909796983271,1.9676750256791153,0.3660484841729034,12.594734911397918,0.532188849884668,0.2676357721932934,0.6839683178273779,0.37763306707183014,0.007679028074773791,0.07939825705194026,3.904583631904979,16.917637604585018,0.9577451328965326,0.6145185652784056,3.0725928263920284,1.8302424208645172,0.267111852651404,6.851970074297806,0.8136450682700904,0.0,0.0,0.0006859954446554184,0.0006026914343237877,0.014421360567212105,0.0014664800837635994,6.137415766716003e-06,10905008,True,True,True,
42,dp_fisher_wiener_adaptive_beta_lr5p00,dp_fisher_wiener_adaptive_beta,6f5bfa6c60eeb2ad400161beec4006ab7b7da4908d9989b6db2c608560d2f56e,53,1,7.213435173034668,5.0,,,0.984375,0.5256782277944305,1.8981874925203426,1.9699927475581263,0.3656662155743728,13.038818342047406,0.5133586661358307,0.2675273948895604,0.6975996694593729,0.3920547280915031,0.0076968245100019475,0.076694066422516,3.9065813852793907,17.070351110747964,0.9606284363606619,0.6261427377934707,3.1307136889673535,1.828331077871864,0.26283911389721526,6.956084468386571,0.798539965122335,0.0,0.0,0.0006675068289041519,0.0006112447008490562,0.014601009897887707,0.0014419527724385262,6.266869604587555e-06,10905008,True,True,True,
42,dp_fisher_wiener_adaptive_beta_lr5p00,dp_fisher_wiener_adaptive_beta,6f5bfa6c60eeb2ad400161beec4006ab7b7da4908d9989b6db2c608560d2f56e,54,1,3.0888805389404297,5.0,,,1.0,0.3048360353488527,1.8979723871833267,1.923068352753769,0.2669693815095358,38.76565891859097,0.6308670031088417,0.16104665810691587,0.648635343481708,0.4699723956088106,0.007727089893911913,0.02579602740892372,1.5689504023771292,17.840563851662324,0.9837261374962436,0.6855453271730547,3.4277266358652736,1.334846907547679,0.15241801767442634,8.757802574169617,0.7293463760610739,0.0,0.0,0.0007528681308031082,0.0006758309900760651,0.014106214046478271,0.0015769079327583313,7.156282663345337e-06,10905008,True,True,True,
42,dp_fisher_wiener_adaptive_beta_lr5p00,dp_fisher_wiener_adaptive_beta,6f5bfa6c60eeb2ad400161beec4006ab7b7da4908d9989b6db2c608560d2f56e,55,1,2.3060078620910645,5.0,,,1.0,0.14657871929463961,1.8971199088621407,1.9027788970583686,0.19188382634000462,167.5126918885555,1.7641126671821679,0.07706676383833792,0.36269172436827884,0.3876146491902738,0.0077274221245218055,0.00596969691477747,0.2994455250574809,17.00365544970895,0.9894687820529126,0.6225870615345888,3.112935307672944,0.9594191317000231,0.07328935964731981,13.090837964798867,0.8031005314610423,0.0,0.0,0.0006864191964268684,0.0006056493148207664,0.013987435959279537,0.001446976326406002,6.988644599914551e-06,10905008,True,True,True,
42,dp_fisher_wiener_adaptive_beta_lr5p00,dp_fisher_wiener_adaptive_beta,6f5bfa6c60eeb2ad400161beec4006ab7b7da4908d9989b6db2c608560d2f56e,56,1,2.261841297149658,5.0,,,1.0,0.15258879962823677,1.897317447654005,1.9031543013402688,0.18271789277223877,154.6089703218155,1.695190920570899,0.07828191211796837,0.30844738678356975,0.3176835696474198,0.007389965929005865,0.006467930016449195,0.2780466264128908,16.33352317853637,0.9890356237607564,0.5636342516627425,2.8181712583137126,0.9135894638611939,0.07629439981411838,11.974528485381155,0.8871000982003735,0.0,0.0,0.0007046004757285118,0.0006119897589087486,0.014129889197647572,0.001431935466825962,6.398186087608337e-06,10905008,True,True,True,
42,dp_fisher_wiener_adaptive_beta_lr5p00,dp_fisher_wiener_adaptive_beta,6f5bfa6c60eeb2ad400161beec4006ab7b7da4908d9989b6db2c608560d2f56e,57,1,2.1980910301208496,5.0,,,1.0,0.12993138928576375,1.9023602122958618,1.9069053015234139,0.18107944451931657,214.36671063954438,2.2942711276933396,0.06900765149707844,0.2324827871167079,0.21857347601176821,0.007820883528692476,0.0046649034122745875,0.1303719906278737,14.463416406315464,0.9892974467871063,0.46751842317898895,2.3375921158949446,0.9053972225965828,0.06496569464288188,13.936543395089338,1.069476570782123,0.0,0.0,0.0007538031786680222,0.0006514238193631172,0.014285632409155369,0.0015134494751691818,8.077360689640045e-06,10905008,True,True,True,
42,dp_fisher_wiener_adaptive_beta_lr5p00,dp_fisher_wiener_adaptive_beta,6f5bfa6c60eeb2ad400161beec4006ab7b7da4908d9989b6db2c608560d2f56e,58,1,2.1213226318359375,5.0,,,1.0,0.1609046926321526,1.8956015977838145,1.9021277594995845,0.18293803895598712,138.78953222553952,1.6410717006864293,0.08278557097656805,0.28653706557795555,0.27764120178575896,0.00758427226400751,0.007205154336395127,0.2637626445065735,15.635700004141409,0.9881758251190071,0.5269166934020585,2.6345834670102923,0.9146901947799356,0.0804523463160763,11.369341438160012,0.9489166053380873,0.0,0.0,0.000748293474316597,0.0006349077448248863,0.014141300693154335,0.0014995168894529343,7.063150405883789e-06,10905008,True,True,True,
42,dp_fisher_wiener_adaptive_beta_lr5p00,dp_fisher_wiener_adaptive_beta,6f5bfa6c60eeb2ad400161beec4006ab7b7da4908d9989b6db2c608560d2f56e,59,1,2.0308215618133545,5.0,,,1.0,0.1566955000789549,1.8981022897225133,1.9045856033619388,0.1849013256061422,146.73245256968895,1.7173221662266163,0.08244119268567111,0.28605300208313883,0.255376426370972,0.007711269530825759,0.006815124960063324,0.22569853778596297,15.200549220625913,0.9882962348400023,0.5053478271161083,2.5267391355805415,0.924506628030711,0.07834775003947746,11.800040557043124,0.9894175321825042,0.0,0.0,0.0005539450794458389,0.0005693668499588966,0.014565736055374146,0.0013748910278081894,5.570240318775177e-06,10905008,True,True,True,
42,dp_fisher_wiener_adaptive_beta_lr5p00,dp_fisher_wiener_adaptive_beta,6f5bfa6c60eeb2ad400161beec4006ab7b7da4908d9989b6db2c608560d2f56e,60,1,2.033154249191284,5.0,,,1.0,0.15216311542192493,1.9007669307362103,1.9069995934911295,0.18107526955499123,156.04108163984694,1.7017444546620142,0.08078941743849646,0.3001551001561277,0.298619197553632,0.007330403994843668,0.0064085687528403525,0.26106632864941753,16.0998981379983,0.9890942536620626,0.54646060933395,2.73230304666975,0.9053763477749561,0.07608155771096246,11.900076378596568,0.9149790331795494,0.0,0.0,0.0007644649595022202,0.000704299658536911,0.014515661634504795,0.001611972227692604,8.041970431804657e-06,10905008,True,True,True,
42,dp_fisher_wiener_adaptive_beta_lr5p00,dp_fisher_wiener_adaptive_beta,6f5bfa6c60eeb2ad400161beec4006ab7b7da4908d9989b6db2c608560d2f56e,61,1,1.9606252908706665,5.0,,,1.0,0.18085130353055912,1.899256084820122,1.907430990281184,0.19146160131337275,110.28685850770158,1.3676530985689719,0.09251253106201804,0.35569494781380434,0.3245350567223894,0.007515558994707697,0.00906726343918225,0.39154038396950036,16.353003284855895,0.9875991290614821,0.5696797843722291,2.8483989218611456,0.9573080065668638,0.09042565176527956,10.586686276159654,0.8776860505066159,0.0,0.0,0.0005641505122184753,0.0005469769239425659,0.014604263007640839,0.0013770349323749542,5.73229044675827e-06,10905008,True,True,True,
42,dp_fisher_wiener_adaptive_beta_lr5p00,dp_fisher_wiener_adaptive_beta,6f5bfa6c60eeb2ad400161beec4006ab7b7da4908d9989b6db2c608560d2f56e,62,1,1.7660489082336426,5.0,,,1.0,0.17913378851867354,1.9011891075347067,1.9090133118649497,0.19480419265785576,112.64077061632294,1.3645611695590227,0.09050638366958108,0.3761217843334894,0.3328884649056863,0.00743253211138871,0.00887778017228558,0.3976182771919704,16.511619521993598,0.9878857259046405,0.5769648731991284,2.884824365995642,0.9740209632892788,0.08956689425933677,10.874787736394785,0.8666038839188881,0.0,0.0,0.0007565179839730263,0.0006872005760669708,0.01451377384364605,0.001590527594089508,8.210539817810059e-06,10905008,True,True,True,
42,dp_fisher_wiener_adaptive_beta_lr5p00,dp_fisher_wiener_adaptive_beta,6f5bfa6c60eeb2ad400161beec4006ab7b7da4908d9989b6db2c608560d2f56e,63,1,2.0022270679473877,5.0,,,0.921875,0.17509270598174312,1.8968224173966817,1.9051596672758033,0.1996674442608528,117.35922640274644,1.4048599400441788,0.093464254957604,0.39266113745139286,0.360556979860904,0.00770664233094082,0.008520846895627642,0.3986497219677012,16.701087036057782,0.9880294035406925,0.6004639704935709,3.0023198524678545,0.998337221304264,0.08754635299087156,11.40352724227081,0.8326894277906067,0.0,0.0,0.0006888285279273987,0.0006120102480053902,0.014307092875242233,0.00146588496863842,6.528571248054504e-06,10905008,True,True,True,
42,dp_fisher_wiener_adaptive_beta_lr5p00,dp_fisher_wiener_adaptive_beta,6f5bfa6c60eeb2ad400161beec4006ab7b7da4908d9989b6db2c608560d2f56e,64,1,1.7947790622711182,5.0,,,0.97265625,0.1851018569526913,1.9028578213094087,1.912317217017248,0.195659663638149,105.67959202798814,1.279203481380032,0.09937460600716327,0.39645008801147963,0.33361510272890815,0.007253710480497464,0.009462564917034294,0.4352054821232405,16.62685485372699,0.9878954540149919,0.5775942370980758,2.887971185490379,0.978298318190745,0.09255092847634565,10.570378215386677,0.8656596064933282,0.0,0.0,0.0006824340671300888,0.0006067268550395966,0.014374081045389175,0.00145803764462471,6.812624633312225e-06,10905008,True,True,True,
42,dp_fisher_wiener_adaptive_beta_lr5p00,dp_fisher_wiener_adaptive_beta,6f5bfa6c60eeb2ad400161beec4006ab7b7da4908d9989b6db2c608560d2f56e,65,1,2.310023307800293,5.0,,,0.88671875,0.2559820906497207,1.8947081946194313,1.9115638052041923,0.2249290689517731,54.78548409137851,0.8998892726867398,0.13251272468043607,0.49631117828357446,0.38147816582756716,0.00723994238995276,0.01825301020095994,0.9617652292089387,17.217345753970047,0.9835743119256638,0.617639187412495,3.088195937062475,1.1246453447588654,0.12799104532486036,8.7869064737737,0.8095341263786452,0.0,0.0,0.0006864359602332115,0.0006025983020663261,0.014593515545129776,0.0014378614723682404,6.5267086029052734e-06,10905008,True,True,True,
42,dp_fisher_wiener_adaptive_beta_lr5p00,dp_fisher_wiener_adaptive_beta,6f5bfa6c60eeb2ad400161beec4006ab7b7da4908d9989b6db2c608560d2f56e,66,1,2.1541054248809814,5.0,,,0.98046875,0.282788007962411,1.9000712946723983,1.920825646736165,0.22874893820332182,45.14584815720617,0.8696771870600214,0.1466064694174935,0.48500801068504495,0.32105488610200095,0.0074261650276879485,0.022150431120599036,0.9576280777282838,16.358146876658605,0.9807362753706298,0.5666170541926893,2.8330852709634464,1.1437446910166091,0.1413940039812055,8.089060772057561,0.8824301991960213,0.0,0.0,0.0007546693086624146,0.000671612098813057,0.014054805040359497,0.0015833117067813873,7.127411663532257e-06,10905008,True,True,True,
42,dp_fisher_wiener_adaptive_beta_lr5p00,dp_fisher_wiener_adaptive_beta,6f5bfa6c60eeb2ad400161beec4006ab7b7da4908d9989b6db2c608560d2f56e,67,1,1.7982251644134521,5.0,,,0.9765625,0.19779841496212247,1.8966718944244056,1.9062289962745127,0.19590548348951065,91.9472623908093,1.3187849452740437,0.10007838408881765,0.33428240023864075,0.26615552982106616,0.007670053574427091,0.010875799604819106,0.3773968692563744,15.403370962890717,0.9856571592129806,0.5159026359896469,2.5795131799482345,0.9795274174475532,0.09889920748106124,9.90429996747167,0.9691751216581588,0.0,0.0,0.000613940879702568,0.0005348622798919678,0.015189304947853088,0.001283661462366581,6.075948476791382e-06,10905008,True,True,True,
42,dp_fisher_wiener_adaptive_beta_lr5p00,dp_fisher_wiener_adaptive_beta,6f5bfa6c60eeb2ad400161beec4006ab7b7da4908d9989b6db2c608560d2f56e,68,1,2.0032291412353516,5.0,,,0.9375,0.17717497880616379,1.9018543227326687,1.9102420409895902,0.18515464259595052,115.22579601259339,1.4845976756954624,0.09361250941270374,0.2906627471409914,0.26437228009315533,0.007419684213221465,0.00867861220814282,0.30922940000736737,15.518304947903804,0.9871157524871185,0.5141714500953504,2.570857250476752,0.9257732129797526,0.08858748940308189,10.450383222363847,0.9724382789170912,0.0,0.0,0.0005507515743374825,0.0005805818364024162,0.015219144523143768,0.0015760008245706558,5.684792995452881e-06,10905008,True,True,True,
42,dp_fisher_wiener_adaptive_beta_lr5p00,dp_fisher_wiener_adaptive_beta,6f5bfa6c60eeb2ad400161beec4006ab7b7da4908d9989b6db2c608560d2f56e,69,1,1.5825111865997314,5.0,,,0.953125,0.17739254367074064,1.893337859431103,1.9012641552444907,0.18835167315845597,113.9162069639794,1.4662422242635422,0.09124030770347634,0.3113323877803775,0.28736136917356425,0.007746867181711237,0.008778382168958149,0.3256242633338554,15.693022740494458,0.9871287654027424,0.5360609752384184,2.6803048761920922,0.9417583657922799,0.08869627183537032,10.617789748025322,0.9327297137731156,0.0,0.0,0.0007590549066662788,0.0006611468270421028,0.014242120087146759,0.0015827175229787827,7.187947630882263e-06,10905008,True,True,True,
42,dp_fisher_wiener_adaptive_beta_lr5p00,dp_fisher_wiener_adaptive_beta,6f5bfa6c60eeb2ad400161beec4006ab7b7da4908d9989b6db2c608560d2f56e,70,1,1.554426908493042,5.0,,,0.953125,0.14648426293518407,1.8958040722408154,1.9019307270243662,0.18831903455503696,167.4962017943685,1.8552629690875373,0.08026665558558228,0.31016229385566113,0.3071004101700204,0.007789526645620763,0.005970284634757253,0.23537718575190328,15.957693291868026,0.9889235520017063,0.5541664101784052,2.770832050892026,0.9415951727751848,0.07324213146759204,12.855922593937112,0.902256056692665,0.0,0.0,0.0007014023140072823,0.0006195548921823502,0.01415188703685999,0.0014540301635861397,6.8731606006622314e-06,10905008,True,True,True,
42,dp_fisher_wiener_adaptive_beta_lr5p00,dp_fisher_wiener_adaptive_beta,6f5bfa6c60eeb2ad400161beec4006ab7b7da4908d9989b6db2c608560d2f56e,71,1,1.6864173412322998,5.0,,,0.82421875,0.1894489501109196,1.9000056839327468,1.909078303256296,0.19500642086876396,100.58318755794087,1.322357319027092,0.09739363598431955,0.3580822193841324,0.32415827968119415,0.007582162745143032,0.009942019379688196,0.42504863150204986,16.309640168455974,0.9868530979069938,0.5693489963820031,2.8467449819100157,0.9750321043438198,0.0947244750554598,10.293349250683725,0.8781959802799902,0.0,0.0,0.000714227557182312,0.0006158547475934029,0.014048482291400433,0.0014470666646957397,6.669200956821442e-06,10905008,True,True,True,
42,dp_fisher_wiener_adaptive_beta_lr5p00,dp_fisher_wiener_adaptive_beta,6f5bfa6c60eeb2ad400161beec4006ab7b7da4908d9989b6db2c608560d2f56e,72,1,2.100552558898926,5.0,,,0.97265625,0.3328196276589189,1.8938830565691518,1.9235751138974322,0.25495248647649793,32.38086578842793,0.7856333028941195,0.1750358071953388,0.5229381056688894,0.32270987705621124,0.0076435267283045845,0.030882435526108355,1.3038571494292184,16.25518469284009,0.9757377301759897,0.568075590970261,2.840377954851305,1.2747624323824898,0.16640981382945946,7.660380136481822,0.8801645554689835,0.0,0.0,0.0006832554936408997,0.0006002103909850121,0.014337477274239063,0.001468811184167862,6.8694353103637695e-06,10905008,True,True,True,
42,dp_fisher_wiener_adaptive_beta_lr5p00,dp_fisher_wiener_adaptive_beta,6f5bfa6c60eeb2ad400161beec4006ab7b7da4908d9989b6db2c608560d2f56e,73,1,2.725895881652832,5.0,,,0.89453125,0.2623615752548603,1.8994837206350133,1.917352612809295,0.2144997419106792,52.416822680353036,0.9825047280059906,0.13620818216296746,0.4194860199662266,0.27100347685038617,0.00748895044344206,0.019077844647001404,0.6903720713708416,15.585539059339645,0.981255927433885,0.5205799428045477,2.6028997140227386,1.072498709553396,0.13118078762743016,8.175730066442737,0.9604672767555417,0.0,0.0,0.0006867777556180954,0.0006070705130696297,0.014769219793379307,0.0014585265889763832,7.1767717599868774e-06,10905008,True,True,True,
42,dp_fisher_wiener_adaptive_beta_lr5p00,dp_fisher_wiener_adaptive_beta,6f5bfa6c60eeb2ad400161beec4006ab7b7da4908d9989b6db2c608560d2f56e,74,1,1.8853955268859863,5.0,,,0.95703125,0.22360440847404123,1.9023578992200363,1.9155749776087205,0.19634569257266754,72.38085832787857,1.235833602792188,0.11727011040137347,0.30475978995920133,0.22210328655070352,0.007698771638721635,0.013815807425905562,0.39857478304240257,14.601335472276723,0.9829259609330185,0.4712783535774835,2.3563917678874176,0.9817284628633377,0.11180220423702061,8.780940139366956,1.0609441240053337,0.0,0.0,0.000687282532453537,0.0006093122065067291,0.014725704677402973,0.001450229436159134,6.346963346004486e-06,10905008,True,True,True,
42,dp_fisher_wiener_adaptive_beta_lr5p00,dp_fisher_wiener_adaptive_beta,6f5bfa6c60eeb2ad400161beec4006ab7b7da4908d9989b6db2c608560d2f56e,75,1,1.4736570119857788,5.0,,,0.98828125,0.1914781260196953,1.8987961529613269,1.9090242400696908,0.188213520407037,98.33731574335702,1.3714560419538575,0.10342416613430187,0.30252573675480626,0.21089177412806379,0.007590713899247337,0.01016907968672107,0.28252616088916743,14.437770175002937,0.9860535542221558,0.45922954404966565,2.296147720248328,0.941067602035185,0.09573906300984765,9.82950503629389,1.0887801241830302,0.0,0.0,0.0006908532232046127,0.0006165215745568275,0.014843044802546501,0.0014473022893071175,6.813555955886841e-06,10905008,True,True,True,
42,dp_fisher_wiener_adaptive_beta_lr5p00,dp_fisher_wiener_adaptive_beta,6f5bfa6c60eeb2ad400161beec4006ab7b7da4908d9989b6db2c608560d2f56e,76,1,1.4746835231781006,5.0,,,0.8515625,0.19301983731922592,1.903447551441565,1.913571384295318,0.19693846350082506,97.24738649433037,1.3758233229241084,0.10274540693925388,0.32597818988754906,0.26300398994875857,0.007700325986914467,0.010283052697063321,0.3512168046849586,15.334532259780545,0.9858523362681428,0.5128391462717706,2.5641957313588533,0.9846923175041253,0.09650991865961296,10.203016759001704,0.974964574436091,0.0,0.0,0.0007500015199184418,0.000665547326207161,0.014264684170484543,0.00156382005661726,7.51204788684845e-06,10905008,True,True,True,
42,dp_fisher_wiener_adaptive_beta_lr5p00,dp_fisher_wiener_adaptive_beta,6f5bfa6c60eeb2ad400161beec4006ab7b7da4908d9989b6db2c608560d2f56e,77,1,2.2243895530700684,5.0,,,0.90625,0.38032576871061263,1.8994639207508366,1.9377187304943013,0.2724802005447559,24.9431095484199,0.7513120363974222,0.19772895147706132,0.531777856751287,0.322769846291591,0.007607185114598162,0.0400912323321836,1.7010550817654055,16.276689708090878,0.9698789745946167,0.5681283713137296,2.840641856568648,1.3624010027237796,0.19016288435530632,7.164389661712652,0.8800827862951627,0.0,0.0,0.0006888518109917641,0.0005868496373295784,0.014589406549930573,0.0013921866193413734,6.469897925853729e-06,10905008,True,True,True,
42,dp_fisher_wiener_adaptive_beta_lr5p00,dp_fisher_wiener_adaptive_beta,6f5bfa6c60eeb2ad400161beec4006ab7b7da4908d9989b6db2c608560d2f56e,78,1,2.8919684886932373,5.0,,,0.8125,0.3483205098843362,1.8929716996839134,1.9252075503787653,0.2242488843851818,29.534535678467662,0.9003501302312445,0.1822348214751053,0.399292098851934,0.18459810451847733,0.007433986983977835,0.033858666710664925,0.8407662953404942,13.950054409230306,0.9695153450173453,0.42964881533466065,2.1482440766733033,1.121244421925909,0.1741602549421681,6.438004022742117,1.1637411349764293,0.0,0.0,0.0007573990151286125,0.0006682015955448151,0.014337576925754547,0.001565791666507721,7.037073373794556e-06,10905008,True,True,True,
42,dp_fisher_wiener_adaptive_beta_lr5p00,dp_fisher_wiener_adaptive_beta,6f5bfa6c60eeb2ad400161beec4006ab7b7da4908d9989b6db2c608560d2f56e,79,1,1.9329421520233154,5.0,,,0.87109375,0.15092632687844898,1.9014579647901158,1.907488238935071,0.1773814716020705,158.72431175287963,1.827143469422296,0.07945346349948275,0.2357520322777044,0.20577157970519794,0.007179074762676393,0.006300232074798589,0.18058158598481042,14.573169155119054,0.9884885721081815,0.45362052390208046,2.2681026195104024,0.8869073580103525,0.07546316343922449,11.752851558003993,1.1022428961058846,0.0,0.0,0.0006938278675079346,0.0006055571138858795,0.01424134150147438,0.0014265384525060654,6.577931344509125e-06,10905008,True,True,True,
42,dp_fisher_wiener_adaptive_beta_lr5p00,dp_fisher_wiener_adaptive_beta,6f5bfa6c60eeb2ad400161beec4006ab7b7da4908d9989b6db2c608560d2f56e,80,1,1.572298526763916,5.0,,,0.91015625,0.16964870866253007,1.893857187894572,1.9009626502943913,0.17822780414156947,124.62160399975485,1.6048470095865839,0.08642689897792023,0.23741870342242868,0.20063710845631005,0.00733636144911731,0.008024290876298967,0.21945081768312227,14.369305400887491,0.9871222407826713,0.44792533803783646,2.239626690189182,0.8911390207078473,0.08482435433126503,10.505697658683864,1.1162574597569395,0.0,0.0,0.000715622678399086,0.0006077857688069344,0.014241812750697136,0.0014506876468658447,6.723217666149139e-06,10905008,True,True,True,
42,dp_fisher_wiener_adaptive_beta_lr5p00,dp_fisher_wiener_adaptive_beta,6f5bfa6c60eeb2ad400161beec4006ab7b7da4908d9989b6db2c608560d2f56e,81,1,1.5498689413070679,5.0,,,0.859375,0.21437917309947171,1.8996381253564194,1.9120339805942501,0.19462019196656694,78.51932753827798,1.23770993920149,0.11369517630629324,0.3229939880321886,0.24736859543795237,0.007606909051003744,0.012735717833172561,0.4141520045943047,15.121363392883982,0.9842368754546736,0.49736163446525744,2.4868081723262874,0.9731009598328346,0.10718958654973586,9.078316197928784,1.0053047226623621,0.0,0.0,0.0006877025589346886,0.0006475523114204407,0.014325668103992939,0.0014367345720529556,6.74370676279068e-06,10905008,True,True,True,
42,dp_fisher_wiener_adaptive_beta_lr5p00,dp_fisher_wiener_adaptive_beta,6f5bfa6c60eeb2ad400161beec4006ab7b7da4908d9989b6db2c608560d2f56e,82,1,1.3520221710205078,5.0,,,0.90234375,0.14867771819265654,1.8983959837543476,1.904275952982719,0.18472397507038793,163.03537186767142,1.9222602181615438,0.07852522488625073,0.2500756684244048,0.2242022920276618,0.007878534175447328,0.006133638292714416,0.1745471597996723,14.541946247906756,0.9882095511167894,0.4735000443797886,2.367500221898943,0.9236198753519397,0.07433885909632827,12.424455884407491,1.055966110106423,0.0,0.0,0.0006875293329358101,0.0006068525835871696,0.01459463406354189,0.0014743655920028687,6.9355592131614685e-06,10905008,True,True,True,
42,dp_fisher_wiener_adaptive_beta_lr5p00,dp_fisher_wiener_adaptive_beta,6f5bfa6c60eeb2ad400161beec4006ab7b7da4908d9989b6db2c608560d2f56e,83,1,1.5549479722976685,5.0,,,0.796875,0.16103903798148603,1.8992199810861774,1.9067444579900767,0.18700217483408943,139.08753374325292,1.7427441289374395,0.088861152814221,0.2608000599900377,0.23044103818560055,0.007787283376049134,0.007189716957718882,0.2127578720324978,14.711738443084542,0.9874701629827303,0.48004274620662746,2.400213731033137,0.9350108741704471,0.08051951899074301,11.612226276045304,1.0415739097195746,0.0,0.0,0.0006864527240395546,0.0006104800850152969,0.014560920186340809,0.0014937520027160645,6.834976375102997e-06,10905008,True,True,True,
42,dp_fisher_wiener_adaptive_beta_lr5p00,dp_fisher_wiener_adaptive_beta,6f5bfa6c60eeb2ad400161beec4006ab7b7da4908d9989b6db2c608560d2f56e,84,1,1.2556852102279663,5.0,,,0.93359375,0.22174128434418414,1.8973441263530988,1.9108628372067158,0.2019462328413899,73.21483652384542,1.1679666796280148,0.11877173125050881,0.3631490291575017,0.2634759684464126,0.007647518099052352,0.01365843382923751,0.47056692562885216,15.372204959809384,0.9840474043912221,0.5132991023237938,2.566495511618969,1.0097311642069495,0.11087064217209207,9.107290662487097,0.9740909300940512,0.0,0.0,0.0006861966103315353,0.0006060972809791565,0.014648091048002243,0.0014759618788957596,6.572343409061432e-06,10905008,True,True,True,
42,dp_fisher_wiener_adaptive_beta_lr5p00,dp_fisher_wiener_adaptive_beta,6f5bfa6c60eeb2ad400161beec4006ab7b7da4908d9989b6db2c608560d2f56e,85,1,1.5658061504364014,5.0,,,0.83984375,0.18935306409554875,1.900484625000883,1.9099339191594886,0.1885500397477789,100.73584795598565,1.435752802939244,0.09935017696955892,0.2790752328702933,0.24413507004846557,0.007808198234040227,0.009926952721028974,0.31038111805773955,14.95079339697146,0.9857473498057397,0.4941002631536089,2.470501315768044,0.9427501987388944,0.09467653204777438,9.957591161590278,1.0119403636980964,0.0,0.0,0.0006811283528804779,0.0006060237064957619,0.014758128672838211,0.0014493586495518684,6.821006536483765e-06,10905008,True,True,True,
42,dp_fisher_wiener_adaptive_beta_lr5p00,dp_fisher_wiener_adaptive_beta,6f5bfa6c60eeb2ad400161beec4006ab7b7da4908d9989b6db2c608560d2f56e,86,1,1.5667815208435059,5.0,,,0.8671875,0.16497258252930036,1.9023015749640126,1.909021537262635,0.18091671422394418,132.96434204555197,1.6621506259611747,0.08387079416394676,0.24642582793105694,0.24924973893978836,0.007619112470991967,0.007520813359271861,0.2460340063952639,15.147303275132957,0.9874992753666898,0.4992491752019109,2.4962458760095547,0.9045835711197209,0.08248629126465018,10.966471606857382,1.0015039079369215,0.0,0.0,0.0006259521469473839,0.0006133196875452995,0.014882293529808521,0.0014492524787783623,6.632879376411438e-06,10905008,True,True,True,
42,dp_fisher_wiener_adaptive_beta_lr5p00,dp_fisher_wiener_adaptive_beta,6f5bfa6c60eeb2ad400161beec4006ab7b7da4908d9989b6db2c608560d2f56e,87,1,1.2127848863601685,5.0,,,0.77734375,0.15278650232326013,1.898984549811328,1.905561463204088,0.18288313258172778,154.48022198404607,1.7959194707005388,0.08306177207197185,0.2660239640026979,0.24507041735265306,0.007514999791211355,0.006473320578605587,0.21110038854839297,15.133619174599918,0.9883744375322977,0.4950458739881114,2.475229369940557,0.9144156629086388,0.07639325116163007,11.969848762713102,1.010007407941749,0.0,0.0,0.000748535618185997,0.0006627067923545837,0.014209295623004436,0.001592845655977726,6.948597729206085e-06,10905008,True,True,True,
42,dp_fisher_wiener_adaptive_beta_lr5p00,dp_fisher_wiener_adaptive_beta,6f5bfa6c60eeb2ad400161beec4006ab7b7da4908d9989b6db2c608560d2f56e,88,1,1.2718040943145752,5.0,,,0.8671875,0.2340153276726104,1.8981857475694235,1.912888350066736,0.19708202167181546,65.79438144814696,1.1451802444230987,0.1237541278290554,0.33489428755664613,0.22643055700225986,0.007362644300848029,0.015198866194517983,0.467425506046007,14.879012152176907,0.9825945586960901,0.4758471992165761,2.3792359960828806,0.9854101083590773,0.1170076638363052,8.421756969092668,1.0507574717727408,0.0,0.0,0.0006136102601885796,0.0005394164472818375,0.015155710279941559,0.0012819347903132439,5.884096026420593e-06,10905008,True,True,True,
42,dp_fisher_wiener_adaptive_beta_lr5p00,dp_fisher_wiener_adaptive_beta,6f5bfa6c60eeb2ad400161beec4006ab7b7da4908d9989b6db2c608560d2f56e,89,1,2.0214028358459473,5.0,,,0.75390625,0.20213594863325296,1.8901305885106274,1.9001731651081155,0.19151249609198617,87.43725339623207,1.308295342784679,0.10273982443196594,0.31102356332887365,0.27401299211148356,0.007614023967859872,0.01143677278429172,0.41158582425178464,15.561569154216542,0.9850373234294584,0.5234625030615694,2.617312515307847,0.9575624804599309,0.10106797431662648,9.474440216349818,0.9551782545544338,0.0,0.0,0.0005552340298891068,0.0006780568510293961,0.015415501780807972,0.001582583412528038,5.301088094711304e-06,10905008,True,True,True,
42,dp_fisher_wiener_adaptive_beta_lr5p00,dp_fisher_wiener_adaptive_beta,6f5bfa6c60eeb2ad400161beec4006ab7b7da4908d9989b6db2c608560d2f56e,90,1,1.9869163036346436,5.0,,,0.82421875,0.19121559453840736,1.9020023571744193,1.9113788439584365,0.19382214906762768,98.94081543122009,1.4125799356631878,0.09893625533580762,0.3033000038929829,0.25649652600281586,0.007791848458184434,0.010107052338451123,0.3327097320786881,15.174409898819103,0.9857229806576158,0.5064548607751888,2.5322743038759437,0.9691107453381385,0.09560779726920368,10.136314955560254,0.9872548152340841,0.0,0.0,0.0006282711401581764,0.0006047636270523071,0.014862818643450737,0.0014279857277870178,6.625428795814514e-06,10905008,True,True,True,
42,dp_fisher_wiener_adaptive_beta_lr5p00,dp_fisher_wiener_adaptive_beta,6f5bfa6c60eeb2ad400161beec4006ab7b7da4908d9989b6db2c608560d2f56e,91,1,1.6009161472320557,5.0,,,0.859375,0.2797614115915272,1.8969888694573454,1.9166156632281033,0.21932419017148638,45.978409518022396,0.9866018485496793,0.14277944364320566,0.4005294306143998,0.26148581316977165,0.007619095734060277,0.021749338667205746,0.7464328715205114,15.3554470077836,0.9785420622659277,0.5113568354581483,2.556784177290741,1.0966209508574318,0.1398807057957636,7.83968700051272,0.977790781951803,0.0,0.0,0.0006103860214352608,0.0005719913169741631,0.01491689682006836,0.0014463728293776512,5.316920578479767e-06,10905008,True,True,True,
42,dp_fisher_wiener_adaptive_beta_lr5p00,dp_fisher_wiener_adaptive_beta,6f5bfa6c60eeb2ad400161beec4006ab7b7da4908d9989b6db2c608560d2f56e,92,1,2.930994987487793,5.0,,,0.83984375,0.32961104805851343,1.891831911632414,1.9196080008706615,0.2368710615481186,32.942880701638785,0.8815849773835973,0.16951335529657807,0.44170754966352327,0.26692271472168255,0.007782271881963102,0.030355572393545104,1.0411602052581326,15.352791338686597,0.9732389833977241,0.516645637474742,2.58322818737371,1.184355307740593,0.16480552402925672,7.186381128360459,0.9677813257902065,0.0,0.0,0.0007516518235206604,0.0006693918257951736,0.014351827092468739,0.0015806527808308601,6.860122084617615e-06,10905008,True,True,True,
42,dp_fisher_wiener_adaptive_beta_lr5p00,dp_fisher_wiener_adaptive_beta,6f5bfa6c60eeb2ad400161beec4006ab7b7da4908d9989b6db2c608560d2f56e,93,1,2.03000545501709,5.0,,,0.859375,0.21352121025611104,1.897599416691857,1.9099939536636314,0.18511031279018883,78.981800807881,1.3386843326907765,0.11375570570862077,0.23813759524431247,0.17180756276316397,0.00760094158342706,0.012661144589628118,0.28618564816327496,13.541748821983715,0.9830507241035604,0.41449675844711253,2.0724837922355626,0.9255515639509442,0.10676060512805552,8.669410995114806,1.2062820512083472,0.0,0.0,0.0006916085258126259,0.0006149169057607651,0.014227797277271748,0.0014413921162486076,6.463378667831421e-06,10905008,True,True,True,
42,dp_fisher_wiener_adaptive_beta_lr5p00,dp_fisher_wiener_adaptive_beta,6f5bfa6c60eeb2ad400161beec4006ab7b7da4908d9989b6db2c608560d2f56e,94,1,1.1487796306610107,5.0,,,0.90234375,0.21150359385843004,1.8966509578771027,1.9085156166182544,0.18658003834851292,80.41541856731168,1.268902446948468,0.1113328519473235,0.2886687084589626,0.198585866625111,0.007152654954660624,0.012435426163209211,0.34525639739179614,14.43481061331893,0.9842206573123041,0.44562974162987706,2.2281487081493854,0.9329001917425646,0.10575179692921502,8.821601323315383,1.1220076967263077,0.0,0.0,0.0007201302796602249,0.0006087245419621468,0.014337860979139805,0.0014394409954547882,6.6999346017837524e-06,10905008,True,True,True,
42,dp_fisher_wiener_adaptive_beta_lr5p00,dp_fisher_wiener_adaptive_beta,6f5bfa6c60eeb2ad400161beec4006ab7b7da4908d9989b6db2c608560d2f56e,95,1,1.659314513206482,5.0,,,0.76953125,0.20221947643652177,1.894876077233138,1.905325467887205,0.190603951022033,87.804275237843,1.4018773387709076,0.10459872746138517,0.25809590524525877,0.19105868493080672,0.00775733146077206,0.011388967077815757,0.2805038154662343,13.91454435417726,0.9840340651412117,0.4371026022924214,2.185513011462107,0.953019755110165,0.10110973821826089,9.425598086739182,1.1438961867913024,0.0,0.0,0.0006899088621139526,0.0006372034549713135,0.0142845269292593,0.0014463691040873528,6.680376827716827e-06,10905008,True,True,True,
42,dp_fisher_wiener_adaptive_beta_lr5p00,dp_fisher_wiener_adaptive_beta,6f5bfa6c60eeb2ad400161beec4006ab7b7da4908d9989b6db2c608560d2f56e,96,1,1.3871710300445557,5.0,,,0.82421875,0.18608483270905377,1.9027427109213797,1.9117045671114543,0.1883522194697584,104.55340499935629,1.4863103608611976,0.09671704462701022,0.2658642721942429,0.21182543925929603,0.007570725652936507,0.009564490032409771,0.2676100542099437,14.46840607065674,0.9857841993680652,0.46024497744059745,2.301224887202987,0.941761097348792,0.09304241635452688,10.121846940756603,1.0863779606664958,0.0,0.0,0.0006843460723757744,0.0006014164537191391,0.014581277035176754,0.0015126168727874756,6.581656634807587e-06,10905008,True,True,True,
42,dp_fisher_wiener_adaptive_beta_lr5p00,dp_fisher_wiener_adaptive_beta,6f5bfa6c60eeb2ad400161beec4006ab7b7da4908d9989b6db2c608560d2f56e,97,1,1.2661722898483276,5.0,,,0.796875,0.1713630432138663,1.8965473952572323,1.9037995924770208,0.18179267815345382,122.487865993318,1.5863052517081755,0.08724559039456728,0.25409724594428007,0.22476205158273346,0.007508662698372846,0.008164073982807574,0.24438093590770024,14.761603920057738,0.9870492865652972,0.47409076302194864,2.370453815109743,0.9089633907672691,0.08568152160693315,10.60862801814562,1.054650372877645,0.0,0.0,0.0007465267553925514,0.0006350846961140633,0.014363360591232777,0.001539614051580429,8.087605237960815e-06,10905008,True,True,True,
42,dp_fisher_wiener_adaptive_beta_lr5p00,dp_fisher_wiener_adaptive_beta,6f5bfa6c60eeb2ad400161beec4006ab7b7da4908d9989b6db2c608560d2f56e,98,1,1.2515661716461182,5.0,,,0.7890625,0.17842271224634215,1.893475570798839,1.901852067475328,0.18720375208351725,112.62093765050679,1.5066793787284876,0.09375171337526396,0.28315094902014265,0.23653706603068617,0.0074845506746462915,0.008879343582377009,0.28061723015066925,14.997334723845064,0.9866216761273672,0.48635076439817193,2.43175382199086,0.9360187604175862,0.08921135612317108,10.49214809732031,1.0280645916485607,0.0,0.0,0.0007083481177687645,0.0006036004051566124,0.014276365749537945,0.0014406973496079445,6.7818909883499146e-06,10905008,True,True,True,
42,dp_fisher_wiener_adaptive_beta_lr5p00,dp_fisher_wiener_adaptive_beta,6f5bfa6c60eeb2ad400161beec4006ab7b7da4908d9989b6db2c608560d2f56e,99,1,1.4694024324417114,5.0,1.271541739177704,0.6072,0.79296875,0.17894867781959142,1.8933930172929814,1.9028355882149641,0.18719629040591257,111.95011768015526,1.4992368277483015,0.0996575791508038,0.284424063345617,0.24063719108694082,0.007534256901919826,0.008932549788161208,0.2852973714909008,15.043223248276087,0.9866079923914752,0.4905478479077661,2.4527392395388308,0.9359814520295628,0.08947433890979571,10.460892624897953,1.0192685629577807,0.0,0.0,0.0007053930312395096,0.0006038127467036247,0.014280164614319801,0.0014352593570947647,6.574206054210663e-06,10905008,True,True,True,
42,dp_fisher_wiener_adaptive_beta_lr5p00,dp_fisher_wiener_adaptive_beta,6f5bfa6c60eeb2ad400161beec4006ab7b7da4908d9989b6db2c608560d2f56e,100,1,1.5321801900863647,5.0,,,0.78125,0.16658431702998666,1.8980099714331267,1.9050371581609917,0.12915257655351398,129.816158724782,0.35319948274543184,0.0858282255661294,0.8047792427173701,0.5297455000487938,0.0007427049311620949,0.0077032012793087365,5.4944245568973535,28.53250968650633,0.9972792332925662,0.7278361766557044,3.639180883278522,0.6457628827675699,0.08329215851499333,7.752985326266623,0.6869677765905184,0.14476316794753075,0.004635283723473549,0.0007247477769851685,0.0006744172424077988,0.014271853491663933,0.0015191761776804924,7.1339309215545654e-06,10905008,True,True,True,
42,dp_fisher_wiener_adaptive_beta_lr5p00,dp_fisher_wiener_adaptive_beta,6f5bfa6c60eeb2ad400161beec4006ab7b7da4908d9989b6db2c608560d2f56e,101,1,3.0815885066986084,5.0,,,0.80859375,0.28518440768939524,1.9031998345589662,1.9232852731201264,0.20236341119685206,44.53661736804533,0.3218618220466734,0.14420180655981915,0.8326333921408826,0.49941392915819965,0.0009229244003727899,0.022453434029880332,12.150028435927236,27.332945228894125,0.9927730968118491,0.706692245010655,3.5334612250532746,1.0118170559842603,0.14259220384469762,7.095879218468152,0.70752156052279,0.0,0.0,0.0006917044520378113,0.0006036451086401939,0.01433540415018797,0.0014644796028733253,6.5481290221214294e-06,10905008,True,True,True,
42,dp_fisher_wiener_adaptive_beta_lr5p00,dp_fisher_wiener_adaptive_beta,6f5bfa6c60eeb2ad400161beec4006ab7b7da4908d9989b6db2c608560d2f56e,102,1,4.338622093200684,5.0,,,0.80078125,0.3108241150897856,1.897573263199235,1.9225540576178204,0.21425982875615177,37.27071233287649,0.31942973692256715,0.16068365628546297,0.8383115832526384,0.43584272866554125,0.0006859474980201002,0.026830718743931052,17.047913577281488,28.030389283314335,0.991429470570094,0.6601838597432849,3.3009192987164244,1.0712991437807589,0.1554120575448928,6.893282031636489,0.7573647744034058,0.0,0.0,0.0006813379004597664,0.0006062276661396027,0.014377026818692684,0.0014660125598311424,6.293877959251404e-06,10905008,True,True,True,
42,dp_fisher_wiener_adaptive_beta_lr5p00,dp_fisher_wiener_adaptive_beta,6f5bfa6c60eeb2ad400161beec4006ab7b7da4908d9989b6db2c608560d2f56e,103,1,2.708599090576172,5.0,,,0.921875,0.3456305300654917,1.8956897336229797,1.9271307434915963,0.1802142555318772,30.082250365186717,0.5784931808157161,0.1798999514830135,0.6649047809821548,0.24311392597110046,0.0008468683244059596,0.03324219391341216,9.542971480558439,24.57993947353416,0.9807696175055763,0.49306584344395676,2.465329217219784,0.901071277659386,0.17281526503274586,5.214072249250855,1.0140633480238574,0.0,0.0,0.0006887726485729218,0.0006058597937226295,0.014535722322762012,0.001451500691473484,6.945803761482239e-06,10905008,True,True,True,
42,dp_fisher_wiener_adaptive_beta_lr5p00,dp_fisher_wiener_adaptive_beta,6f5bfa6c60eeb2ad400161beec4006ab7b7da4908d9989b6db2c608560d2f56e,104,1,2.030290126800537,5.0,,,0.91796875,0.22773013477773071,1.9009760317208568,1.9148197941641403,0.11122138179649363,69.68066326637869,0.6799015719896877,0.12003561932408188,0.5719026070069416,0.18776588542319855,0.0008553996769081957,0.014351183715883868,3.150179722073185,23.41447607490325,0.9902426076314697,0.4333196111684752,2.166598055842376,0.5561069089824682,0.11386506738886536,4.883911472852339,1.153882693309363,0.0,0.0,0.0006231497973203659,0.0006027445197105408,0.014651928097009659,0.0014473861083388329,6.514601409435272e-06,10905008,True,True,True,
42,dp_fisher_wiener_adaptive_beta_lr5p00,dp_fisher_wiener_adaptive_beta,6f5bfa6c60eeb2ad400161beec4006ab7b7da4908d9989b6db2c608560d2f56e,105,1,1.4158419370651245,5.0,,,0.96875,0.22284640889844576,1.8983688179184306,1.911658483702236,0.13155142893873023,72.56879361341818,0.4920438354909393,0.1177148417103243,0.7253972198545701,0.2973045438396425,0.0007442594279577571,0.013780027890592945,5.504619425389219,26.01477201780815,0.993219622223404,0.5452564019244914,2.726282009622457,0.6577571446936512,0.11142320444922288,5.903233064774197,0.9169997788826042,0.0,0.0,0.0005886349827051163,0.0006437702104449272,0.014796788804233074,0.0014515258371829987,5.4854899644851685e-06,10905008,True,True,True,
42,dp_fisher_wiener_adaptive_beta_lr5p00,dp_fisher_wiener_adaptive_beta,6f5bfa6c60eeb2ad400161beec4006ab7b7da4908d9989b6db2c608560d2f56e,106,1,1.4782686233520508,5.0,,,0.82421875,0.19040694142979112,1.8994961345585,1.9092279192094261,0.1102565868233532,99.5202078688369,0.6298949401552438,0.1008450959931103,0.6091041408072574,0.25135137284304404,0.0008762199386395917,0.010048210523134102,2.882417299014821,24.576681300007778,0.9936706830336886,0.5013495515536481,2.506747757768241,0.551282934116766,0.09520347071489556,5.790576015467906,0.9973081624378375,0.0,0.0,0.0007565654814243317,0.0006685536354780197,0.014196321368217468,0.0015645064413547516,7.16187059879303e-06,10905008,True,True,True,
42,dp_fisher_wiener_adaptive_beta_lr5p00,dp_fisher_wiener_adaptive_beta,6f5bfa6c60eeb2ad400161beec4006ab7b7da4908d9989b6db2c608560d2f56e,107,1,1.4700779914855957,5.0,,,0.80859375,0.17613355278727166,1.8999734029378734,1.9082684777144892,0.10025973498116446,116.36191293698818,0.6378191466618912,0.09314310749033966,0.6027475170442018,0.22324353031566516,0.0007043142025371593,0.008593877281039585,2.723965377547396,25.01012435458464,0.9945186605259136,0.47248653982485594,2.36243269912428,0.5012986749058223,0.08806677639363583,5.69225643799489,1.0582312041826307,0.0,0.0,0.0006941761821508408,0.0006055459380149841,0.01412544772028923,0.0014338642358779907,6.7157670855522156e-06,10905008,True,True,True,
42,dp_fisher_wiener_adaptive_beta_lr5p00,dp_fisher_wiener_adaptive_beta,6f5bfa6c60eeb2ad400161beec4006ab7b7da4908d9989b6db2c608560d2f56e,108,1,1.8219468593597412,5.0,,,0.75390625,0.16019019509470905,1.8999604035185276,1.9065790974305525,0.09174912615824427,140.67510224163595,0.6873205447789982,0.08325585220900694,0.5593383237291017,0.22209863690579384,0.0008305099981391472,0.007108578447969172,1.901007316834548,24.272010278599183,0.9951141279883472,0.47127342053821986,2.3563671026910993,0.4587456307912213,0.08009509754735453,5.727511980546252,1.0609552294035847,0.0,0.0,0.0007166881114244461,0.0006093494594097137,0.014173746109008789,0.001423523761332035,6.727874279022217e-06,10905008,True,True,True,
42,dp_fisher_wiener_adaptive_beta_lr5p00,dp_fisher_wiener_adaptive_beta,6f5bfa6c60eeb2ad400161beec4006ab7b7da4908d9989b6db2c608560d2f56e,109,1,0.9337915182113647,5.0,,,0.80859375,0.12784993709799233,1.9011656265572003,1.9055783986318306,0.08067273433576734,221.12552128088757,0.7015526174543667,0.06802151123794659,0.5519870607014097,0.2540828601622585,0.000754096335233231,0.0045223183382269196,1.5237357932979103,25.275485391124764,0.9968273557326609,0.504066325161936,2.5203316258096797,0.4033636716788367,0.06392496854899617,6.309954949189581,0.9919329561211583,0.0,0.0,0.0006836913526058197,0.0006394339725375175,0.014209388755261898,0.0014498606324195862,6.493180990219116e-06,10905008,True,True,True,
42,dp_fisher_wiener_adaptive_beta_lr5p00,dp_fisher_wiener_adaptive_beta,6f5bfa6c60eeb2ad400161beec4006ab7b7da4908d9989b6db2c608560d2f56e,110,1,1.2420058250427246,5.0,,,0.77734375,0.15514901252948674,1.8963331093457616,1.9025324860285606,0.09704431204770238,149.39333551633885,0.6642912877872909,0.08066680385806425,0.5811016496383373,0.25624595827423247,0.0008504283838370174,0.006693739024581927,2.0169171242416293,24.790192771343097,0.9955534074830636,0.5062074261350108,2.531037130675054,0.4852215602385119,0.07757450626474337,6.254910067700734,0.9877373862659555,0.0,0.0,0.0006851311773061752,0.0006054872646927834,0.014337203465402126,0.001462174579501152,6.974674761295319e-06,10905008,True,True,True,
42,dp_fisher_wiener_adaptive_beta_lr5p00,dp_fisher_wiener_adaptive_beta,6f5bfa6c60eeb2ad400161beec4006ab7b7da4908d9989b6db2c608560d2f56e,111,1,1.358338475227356,5.0,,,0.65234375,0.15580209564643555,1.8970272041473233,1.9032408722478091,0.08965354808390909,148.25198871774646,0.672391597270284,0.0807474328409252,0.5723790046084862,0.23555912446310553,0.0007015281881129901,0.006745272077681219,2.264927356082506,25.26054805119731,0.9954645357334785,0.48534433597509463,2.426721679875473,0.4482677404195454,0.07790104782321777,5.75432234789772,1.0301964253779348,0.0,0.0,0.000685286708176136,0.0006090998649597168,0.014474967494606972,0.001469469629228115,6.605871021747589e-06,10905008,True,True,True,
42,dp_fisher_wiener_adaptive_beta_lr5p00,dp_fisher_wiener_adaptive_beta,6f5bfa6c60eeb2ad400161beec4006ab7b7da4908d9989b6db2c608560d2f56e,112,1,1.1758184432983398,5.0,,,0.6875,0.1644394929726291,1.8973545371576002,1.9043333537588512,0.09184653047257188,133.13269462221555,0.6813900293206452,0.08553734326674971,0.5644867568874876,0.22970737891683668,0.0008756333008462242,0.0075113029357694126,1.9704615019494245,24.188526764489705,0.9948818730721706,0.47927797666577243,2.396389883328862,0.4592326523628594,0.08221974648631455,5.585430167115791,1.0432359180727284,0.0,0.0,0.0006901184096932411,0.000606730580329895,0.014567887410521507,0.001447375863790512,6.172806024551392e-06,10905008,True,True,True,
42,dp_fisher_wiener_adaptive_beta_lr5p00,dp_fisher_wiener_adaptive_beta,6f5bfa6c60eeb2ad400161beec4006ab7b7da4908d9989b6db2c608560d2f56e,113,1,1.3814623355865479,5.0,,,0.671875,0.1659819212008763,1.8971620265378057,1.9044509577066924,0.09762890010614932,130.6433391821113,0.6690302163910568,0.08740733837459641,0.5754409788875555,0.22946617050585985,0.0007642219140127416,0.0076544277436867,2.2983274739665527,24.77499180793105,0.9948789565501057,0.47902627329391845,2.395131366469592,0.4881445005307466,0.08299096060043815,5.881899630913388,1.043784084244099,0.0,0.0,0.0006925379857420921,0.0006081936880946159,0.014598250389099121,0.0014501065015792847,6.644986569881439e-06,10905008,True,True,True,
42,dp_fisher_wiener_adaptive_beta_lr5p00,dp_fisher_wiener_adaptive_beta,6f5bfa6c60eeb2ad400161beec4006ab7b7da4908d9989b6db2c608560d2f56e,114,1,1.5521697998046875,5.0,,,0.69140625,0.179334291198748,1.8969330808293468,1.9050046156938725,0.10118771007513543,111.88641003012677,0.6602341134541897,0.09198222156561829,0.5832027476926013,0.22990608589762157,0.0007528479289104796,0.008937635944341821,2.729391710515336,24.84843207544268,0.9940990678557277,0.4794852301141523,2.3974261505707615,0.5059385503756771,0.089667145599374,5.642407227174709,1.0427849881422226,0.0,0.0,0.0006362469866871834,0.0006071757525205612,0.014651714824140072,0.0014365892857313156,6.3907355070114136e-06,10905008,True,True,True,
42,dp_fisher_wiener_adaptive_beta_lr5p00,dp_fisher_wiener_adaptive_beta,6f5bfa6c60eeb2ad400161beec4006ab7b7da4908d9989b6db2c608560d2f56e,115,1,1.4698278903961182,5.0,,,0.63671875,0.1563035532959922,1.8986585257972506,1.90447051911636,0.08620501676781413,147.5557117810875,0.7095955038352207,0.0781632346668713,0.5390365565941077,0.2136087911525947,0.0006866610560046419,0.006777101258149755,2.1082430612414695,24.928767049879813,0.9951909994179841,0.46217831099327317,2.310891554966366,0.4310250838390706,0.0781517766479961,5.515230776837463,1.0818335436908797,0.0,0.0,0.0005551464855670929,0.0005695875734090805,0.01486147940158844,0.0014397110790014267,4.882924258708954e-06,10905008,True,True,True,
42,dp_fisher_wiener_adaptive_beta_lr5p00,dp_fisher_wiener_adaptive_beta,6f5bfa6c60eeb2ad400161beec4006ab7b7da4908d9989b6db2c608560d2f56e,116,1,1.042249083518982,5.0,,,0.7421875,0.13399840325400147,1.9026010538918032,1.9071110372128912,0.08761268664190197,201.60264206702,0.7632720886593507,0.06874845023210356,0.5079475491129295,0.23587420498203457,0.000890010086210977,0.004960252453495102,1.314586903909536,24.232855207819888,0.9962139777493323,0.4856688223285849,2.4283441116429243,0.43806343320950986,0.06699920162700074,6.5383381079936855,1.0295081277848421,0.0,0.0,0.000779641792178154,0.0006895102560520172,0.014319051057100296,0.0015788804739713669,7.399357855319977e-06,10905008,True,True,True,
42,dp_fisher_wiener_adaptive_beta_lr5p00,dp_fisher_wiener_adaptive_beta,6f5bfa6c60eeb2ad400161beec4006ab7b7da4908d9989b6db2c608560d2f56e,117,1,1.2839322090148926,5.0,,,0.671875,0.1239651743331966,1.899246765343555,1.9035444430440027,0.08143386319802313,234.72719006345145,0.733582444597806,0.06719096258778079,0.5312357109541813,0.2442412279460661,0.0007095584233300896,0.004260264861792661,1.466450522844158,25.368308144835222,0.9968747444878486,0.4942076769396304,2.471038384698152,0.4071693159901157,0.0619825871665983,6.56909197560836,1.0117204230723948,0.0,0.0,0.0006858669221401215,0.0006365831941366196,0.014122776687145233,0.001426834613084793,6.652437150478363e-06,10905008,True,True,True,
42,dp_fisher_wiener_adaptive_beta_lr5p00,dp_fisher_wiener_adaptive_beta,6f5bfa6c60eeb2ad400161beec4006ab7b7da4908d9989b6db2c608560d2f56e,118,1,1.1931288242340088,5.0,,,0.66015625,0.13858454410893759,1.8961562020155334,1.9010688013775803,0.08648127028288985,187.2055098379449,0.7208419278564346,0.0718517045670199,0.5356889640220801,0.24232380275203466,0.0008022713367879809,0.005341723119225003,1.6134524564970092,24.800747992995987,0.9961494620084621,0.4922639563811621,2.4613197819058104,0.4324063514144493,0.06929227205446879,6.2403257764200015,1.0157152347181644,0.0,0.0,0.0006717639043927193,0.0005796356126666069,0.014780905097723007,0.001425882801413536,6.6515058279037476e-06,10905008,True,True,True,
42,dp_fisher_wiener_adaptive_beta_lr5p00,dp_fisher_wiener_adaptive_beta,6f5bfa6c60eeb2ad400161beec4006ab7b7da4908d9989b6db2c608560d2f56e,119,1,1.6001102924346924,5.0,,,0.65625,0.18716942602596123,1.9000848151956404,1.9089139856475401,0.1015531458051505,103.05668236165504,0.663924216716114,0.0960880927516633,0.5809920649778244,0.23384259550053,0.0007333210595346922,0.009703397946208819,3.094235097466684,25.03629465310032,0.9935576791188947,0.48357274065080424,2.4178637032540213,0.5077657290257525,0.09358471301298062,5.425733676715954,1.0339706066269443,0.0,0.0,0.0006918450817465782,0.0006083492189645767,0.014651726931333542,0.001448843628168106,6.8517401814460754e-06,10905008,True,True,True,
42,dp_fisher_wiener_adaptive_beta_lr5p00,dp_fisher_wiener_adaptive_beta,6f5bfa6c60eeb2ad400161beec4006ab7b7da4908d9989b6db2c608560d2f56e,120,1,1.7186341285705566,5.0,,,0.625,0.13654285438832028,1.9000130295670694,1.9053000620754592,0.08422599155218849,193.6311405220507,0.7593699692417024,0.07449933476659687,0.5034718130246826,0.21991711367870065,0.0008772791404697765,0.005164458553773826,1.2946310543224913,23.991212237078138,0.9960782652666603,0.4689532105431209,2.3447660527156042,0.4211299577609424,0.06827142719416014,6.168465711974993,1.0662044501622154,0.0,0.0,0.0007517095655202866,0.0006613051518797874,0.01409340463578701,0.0015806742012500763,7.293187081813812e-06,10905008,True,True,True,
42,dp_fisher_wiener_adaptive_beta_lr5p00,dp_fisher_wiener_adaptive_beta,6f5bfa6c60eeb2ad400161beec4006ab7b7da4908d9989b6db2c608560d2f56e,121,1,1.4399361610412598,5.0,,,0.6484375,0.11884851068218977,1.8967158835493725,1.9004582798094112,0.07766835572430422,254.69303841991714,0.7903563400984368,0.06272617186773,0.48715248699188995,0.2194372055596842,0.0007524991107613151,0.003926294986831194,1.1449517847061659,24.64804272780269,0.9968968278638416,0.46844125091593314,2.342206254579666,0.3883417786215211,0.059424255341094884,6.53507185552274,1.0673697054247322,0.0,0.0,0.0006188098341226578,0.0005389070138335228,0.015107996761798859,0.001291004940867424,6.045214831829071e-06,10905008,True,True,True,
42,dp_fisher_wiener_adaptive_beta_lr5p00,dp_fisher_wiener_adaptive_beta,6f5bfa6c60eeb2ad400161beec4006ab7b7da4908d9989b6db2c608560d2f56e,122,1,1.4448039531707764,5.0,,,0.671875,0.18247005834783933,1.8926301589802663,1.9013192997992636,0.10486628411145826,107.58414944178755,0.6640020674197816,0.09549584816904745,0.5796745973048028,0.23299555039584932,0.0007772776842454015,0.009295049551056537,2.7862696038865793,24.767714278025657,0.9938280678811438,0.4826961263526457,2.4134806317632282,0.5243314205572913,0.09123502917391967,5.747040641068036,1.0358483789316277,0.0,0.0,0.0005506165325641632,0.0005358587950468063,0.015230457298457623,0.0015660636126995087,5.472451448440552e-06,10905008,True,True,True,
42,dp_fisher_wiener_adaptive_beta_lr5p00,dp_fisher_wiener_adaptive_beta,6f5bfa6c60eeb2ad400161beec4006ab7b7da4908d9989b6db2c608560d2f56e,123,1,1.186094880104065,5.0,,,0.7265625,0.11358991461492059,1.902457297299503,1.9060047568816985,0.07115701469708517,280.51125323736284,0.8619302447559556,0.060999256277454825,0.42342118166030707,0.17444386060393477,0.0007590253015862344,0.0035649193691207853,0.8193116830405791,23.613994361559335,0.9969272881754003,0.4176647706042907,2.0883238530214534,0.3557850734854259,0.05679495730746029,6.264377866385462,1.1971323300152583,0.0,0.0,0.0007772818207740784,0.0006717359647154808,0.014319358393549919,0.0015617692843079567,6.8247318267822266e-06,10905008,True,True,True,
42,dp_fisher_wiener_adaptive_beta_lr5p00,dp_fisher_wiener_adaptive_beta,6f5bfa6c60eeb2ad400161beec4006ab7b7da4908d9989b6db2c608560d2f56e,124,1,1.3903782367706299,5.0,,,0.67578125,0.14417178244608134,1.8974757750596516,1.9029428084875217,0.07960249169789277,173.21757102102208,0.7272708283700525,0.07574707275359317,0.5230444659257932,0.21715031118327965,0.0007377467594164652,0.005773086379500436,1.6992653473346355,24.688531453193846,0.9958014026863269,0.46599389607942254,2.3299694803971125,0.39801245848946387,0.07208589122304067,5.521364191121029,1.072975427801974,0.0,0.0,0.0006934246048331261,0.0006079254671931267,0.01428013201802969,0.0014456389471888542,6.540678441524506e-06,10905008,True,True,True,
42,dp_fisher_wiener_adaptive_beta_lr5p00,dp_fisher_wiener_adaptive_beta,6f5bfa6c60eeb2ad400161beec4006ab7b7da4908d9989b6db2c608560d2f56e,125,1,1.4999415874481201,5.0,,,0.671875,0.19484365499546363,1.8997072343644648,1.909582228300537,0.11201191601251602,95.06065834569823,0.6474189195754181,0.10156793630395977,0.5940962080967048,0.25193730916436363,0.0007935121606175884,0.01051959893162927,3.3399355158018285,25.0173889962093,0.9931894126251385,0.5019335704696027,2.509667852348014,0.56005958006258,0.09742182749773182,5.748810040233238,0.9961477562283992,0.0,0.0,0.0007108589634299278,0.0006126081570982933,0.014277012087404728,0.0014646798372268677,7.309950888156891e-06,10905008,True,True,True,
42,dp_fisher_wiener_adaptive_beta_lr5p00,dp_fisher_wiener_adaptive_beta,6f5bfa6c60eeb2ad400161beec4006ab7b7da4908d9989b6db2c608560d2f56e,126,1,1.4710521697998047,5.0,,,0.5546875,0.10690508312692926,1.8915511805333352,1.8947012975176696,0.07071102376094612,313.0685791552819,0.8344212650999406,0.05765358204583244,0.4558845497118364,0.21023297527710927,0.0007426251167515382,0.0031941883232434573,0.9042566692793055,24.51931202686783,0.9973347013381185,0.45851169590001656,2.292558479500083,0.3535551188047306,0.05345254156346463,6.614374330139895,1.0904847236610948,0.0,0.0,0.0007249470800161362,0.0006345668807625771,0.014261454343795776,0.0015339171513915062,7.458031177520752e-06,10905008,True,True,True,
42,dp_fisher_wiener_adaptive_beta_lr5p00,dp_fisher_wiener_adaptive_beta,6f5bfa6c60eeb2ad400161beec4006ab7b7da4908d9989b6db2c608560d2f56e,127,1,1.0620619058609009,5.0,,,0.609375,0.08975010119223675,1.894347154929926,1.8963527746171733,0.06642212553694632,445.5015775293479,0.9619195797009581,0.04599876777735334,0.3957665617838605,0.19582139599797624,0.0007269960211487251,0.002244660962642046,0.6046149227038055,24.30328108023636,0.9978408166699761,0.4425171137910671,2.2125855689553355,0.3321106276847316,0.04487505059611838,7.400785587215759,1.1298998036829448,0.0,0.0,0.0006144903600215912,0.0005415249615907669,0.015130219981074333,0.0012936023995280266,6.301328539848328e-06,10905008,True,True,True,
42,dp_fisher_wiener_adaptive_beta_lr5p00,dp_fisher_wiener_adaptive_beta,6f5bfa6c60eeb2ad400161beec4006ab7b7da4908d9989b6db2c608560d2f56e,128,1,1.0007731914520264,5.0,,,0.58984375,0.10015087623158632,1.8951746959463243,1.8975282156434239,0.06707951556862972,358.08736021288576,0.8762470956319055,0.0498749932879917,0.42727491755038904,0.2085752515103168,0.0007261603663419096,0.00279261462707177,0.8021235047319757,24.582302341362894,0.9975529795435653,0.45670039578515453,2.2835019789257727,0.3353975778431486,0.05007543811579316,6.697846098937487,1.0948096489807293,0.0,0.0,0.0006208037957549095,0.0006691254675388336,0.015208359807729721,0.0015915175899863243,7.452443242073059e-06,10905008,True,True,True,
42,dp_fisher_wiener_adaptive_beta_lr5p00,dp_fisher_wiener_adaptive_beta,6f5bfa6c60eeb2ad400161beec4006ab7b7da4908d9989b6db2c608560d2f56e,129,1,0.9572929739952087,5.0,,,0.5859375,0.0955402164672278,1.8988924947492223,1.9014834163275502,0.06876980638253935,395.0283948175435,0.9288646151961495,0.05222272107899587,0.40931311157257766,0.22546771961857057,0.0008154187705731564,0.002531463593527374,0.6999634349811051,24.417036676341993,0.9976486130430575,0.47483441284154054,2.374172064207703,0.3438490319126968,0.0477701082336139,7.197995663395758,1.0529986590626585,0.0,0.0,0.0006649000570178032,0.0006110724061727524,0.014856798574328423,0.0014518257230520248,6.6747888922691345e-06,10905008,True,True,True,
42,dp_fisher_wiener_adaptive_beta_lr5p00,dp_fisher_wiener_adaptive_beta,6f5bfa6c60eeb2ad400161beec4006ab7b7da4908d9989b6db2c608560d2f56e,130,1,1.2328734397888184,5.0,,,0.53515625,0.10620113597711572,1.8991838469757008,1.902675068284837,0.07455058725601205,319.79796164509156,0.8555823470884946,0.06075188632186261,0.4538528885858297,0.2073595791074626,0.0008194177833352502,0.003126974277030725,0.7913033900287865,24.03218717472693,0.9973246160085355,0.4553675209185023,2.2768376045925116,0.37275293628006023,0.05310056798855786,7.019754220959774,1.0980141908021315,0.0,0.0,0.0007554143667221069,0.0006661023944616318,0.014174249954521656,0.001579958014190197,7.092952728271484e-06,10905008,True,True,True,
42,dp_fisher_wiener_adaptive_beta_lr5p00,dp_fisher_wiener_adaptive_beta,6f5bfa6c60eeb2ad400161beec4006ab7b7da4908d9989b6db2c608560d2f56e,131,1,1.5209853649139404,5.0,,,0.59765625,0.14498368340862694,1.8923387891692394,1.8979273504894973,0.08448076483554078,170.3568201583959,0.7203365740640644,0.07668465592040732,0.5313213025488244,0.22370052883233088,0.0007432051951811466,0.005870032083378633,1.7668462080160225,24.785582737440897,0.9957716011992117,0.47296990267069944,2.364849513353497,0.4224038241777039,0.07249184170431347,5.8269153361397175,1.0571497196240474,0.0,0.0,0.0006272001191973686,0.0005855467170476913,0.014625129289925098,0.001382431946694851,6.470829248428345e-06,10905008,True,True,True,
42,dp_fisher_wiener_adaptive_beta_lr5p00,dp_fisher_wiener_adaptive_beta,6f5bfa6c60eeb2ad400161beec4006ab7b7da4908d9989b6db2c608560d2f56e,132,1,1.5499267578125,5.0,,,0.61328125,0.17531977138963012,1.8960669609666667,1.904439065328811,0.09562280400123473,116.96220578130048,0.675071623510645,0.09367761564289115,0.570579904668314,0.2172403855046582,0.0008088204311394101,0.008549770357759997,2.296375482628744,24.29088451434008,0.994228292643756,0.46609053359262537,2.330452667963127,0.47811402000617365,0.08765988569481506,5.454193970378393,1.072752960985772,0.0,0.0,0.0007839808240532875,0.000665644183754921,0.014372908510267735,0.0015741391107439995,6.768852472305298e-06,10905008,True,True,True,
42,dp_fisher_wiener_adaptive_beta_lr5p00,dp_fisher_wiener_adaptive_beta,6f5bfa6c60eeb2ad400161beec4006ab7b7da4908d9989b6db2c608560d2f56e,133,1,1.818678379058838,5.0,,,0.625,0.14552099625642706,1.900140284278384,1.905577674320865,0.08789353198147702,170.4982839280779,0.7159380657106567,0.07549458618402856,0.5371497334053893,0.2297613439307772,0.0007573917612050637,0.005865161671505944,1.7792475395338678,24.819563860333638,0.9958009074976235,0.47933427160049513,2.3966713580024757,0.4394676599073851,0.07276049812821353,6.039920990190935,1.0431133962724155,0.0,0.0,0.0006369464099407196,0.0005429908633232117,0.015194041654467583,0.0012857848778367043,5.799345672130585e-06,10905008,True,True,True,
42,dp_fisher_wiener_adaptive_beta_lr5p00,dp_fisher_wiener_adaptive_beta,6f5bfa6c60eeb2ad400161beec4006ab7b7da4908d9989b6db2c608560d2f56e,134,1,1.1798157691955566,5.0,,,0.6484375,0.15288629897283662,1.9004720956389154,1.905967699426006,0.08965285962827663,154.52041275542962,0.746995367186961,0.0760011334091906,0.5089272946739848,0.2253569999013975,0.0008769146283150448,0.006471636867419657,1.6631364347259248,24.099137373684243,0.9951657172417143,0.4747178108112202,2.373589054056101,0.44826429814138313,0.07644314948641831,5.864021840376454,1.053257300678319,0.0,0.0,0.0005499832332134247,0.0004800194874405861,0.015571553260087967,0.0014929194003343582,5.311332643032074e-06,10905008,True,True,True,
42,dp_fisher_wiener_adaptive_beta_lr5p00,dp_fisher_wiener_adaptive_beta,6f5bfa6c60eeb2ad400161beec4006ab7b7da4908d9989b6db2c608560d2f56e,135,1,1.721734881401062,5.0,,,0.640625,0.12485789800864738,1.895005120985203,1.8989262526047883,0.07572975480483148,230.35027616705267,0.7966298454292642,0.06424825097941998,0.47091498403816456,0.21129103774994878,0.0008033583998626612,0.004341214677816858,1.141781494123831,24.199717369209225,0.9965416588220136,0.45966404878992745,2.2983202439496373,0.37864877402415736,0.06242894900432369,6.0652754860868745,1.0877509374839511,0.0,0.0,0.0007918011397123337,0.0006683096289634705,0.014463306404650211,0.0015811678022146225,7.099471986293793e-06,10905008,True,True,True,
42,dp_fisher_wiener_adaptive_beta_lr5p00,dp_fisher_wiener_adaptive_beta,6f5bfa6c60eeb2ad400161beec4006ab7b7da4908d9989b6db2c608560d2f56e,136,1,0.9127626419067383,5.0,,,0.5546875,0.08918790430425691,1.896150794068648,1.8979424320122322,0.06314333842869839,451.99520339158903,0.9404671582701567,0.04357481520207793,0.3960345794931403,0.23106018696725028,0.0007073797910829428,0.002212412858301175,0.7226677026897779,25.14072471683609,0.9979192983659716,0.48068720283283,2.40343601416415,0.31571669214349196,0.044593952152128455,7.079809635606453,1.0401774731099849,0.0,0.0,0.0005608126521110535,0.0005369400605559349,0.01464331429451704,0.0013528037816286087,5.088746547698975e-06,10905008,True,True,True,
42,dp_fisher_wiener_adaptive_beta_lr5p00,dp_fisher_wiener_adaptive_beta,6f5bfa6c60eeb2ad400161beec4006ab7b7da4908d9989b6db2c608560d2f56e,137,1,1.234057903289795,5.0,,,0.55078125,0.12217877331448228,1.9005669491069974,1.9047598183895391,0.0792578710778204,241.97741016749964,0.7853547177813963,0.06635168597491858,0.4897936449388921,0.21488978887100715,0.0007703499286003483,0.004132617169679275,1.1527971871574518,24.455277323017548,0.9967544296087906,0.46356206582399206,2.3178103291199603,0.396289355389102,0.06108938665724114,6.487040991360836,1.0786042190707734,0.0,0.0,0.0007550939917564392,0.0007038721814751625,0.014611219055950642,0.0015914039686322212,7.721595466136932e-06,10905008,True,True,True,
42,dp_fisher_wiener_adaptive_beta_lr5p00,dp_fisher_wiener_adaptive_beta,6f5bfa6c60eeb2ad400161beec4006ab7b7da4908d9989b6db2c608560d2f56e,138,1,1.710933804512024,5.0,,,0.63671875,0.18775708750753195,1.900650327172938,1.9096974653663712,0.10379463367019419,102.47354716115964,0.686210971831789,0.09723005338996353,0.5602176823028711,0.22737770838101953,0.000822881017859119,0.0097586160299366,2.696491596010608,24.41410840792382,0.993303530610174,0.4768413870261468,2.384206935130734,0.518973168350971,0.09387854375376598,5.528133986682382,1.0485667008001023,0.0,0.0,0.0006919996812939644,0.0006431927904486656,0.014295189641416073,0.001442648470401764,6.2426552176475525e-06,10905008,True,True,True,
42,dp_fisher_wiener_adaptive_beta_lr5p00,dp_fisher_wiener_adaptive_beta,6f5bfa6c60eeb2ad400161beec4006ab7b7da4908d9989b6db2c608560d2f56e,139,1,1.6983988285064697,5.0,,,0.59375,0.17117043883880365,1.89320566771188,1.9007760947303836,0.09481581687048198,122.33143316243779,0.7430783118076731,0.08916580640515609,0.5088727857337466,0.19623447898035426,0.0008134898782346723,0.008174513893234134,1.9719009629746194,23.82423162749309,0.9939256960161599,0.4429836102841213,2.2149180514206064,0.47407908435240986,0.08558521941940182,5.53926352661075,1.1287099305506603,0.0,0.0,0.000741301104426384,0.0006516771391034126,0.014425826258957386,0.0016031414270401,7.098540663719177e-06,10905008,True,True,True,
42,dp_fisher_wiener_adaptive_beta_lr5p00,dp_fisher_wiener_adaptive_beta,6f5bfa6c60eeb2ad400161beec4006ab7b7da4908d9989b6db2c608560d2f56e,140,1,1.681025743484497,5.0,,,0.5234375,0.12367006792347865,1.9009445199566837,1.9043142795686534,0.07326785236921574,236.27060057275744,0.8833225391921672,0.05969489603744045,0.3946940080806253,0.16590364154778459,0.0008772435761272452,0.0042324351718334005,0.8004349379751254,22.767357219342674,0.9962613946168054,0.40731270732421865,2.0365635366210935,0.3663392618460787,0.061835033961739325,5.924461237731803,1.227558067813424,0.0,0.0,0.0007156357169151306,0.0006055021658539772,0.014359609223902225,0.0014505600556731224,6.39352947473526e-06,10905008,True,True,True,
42,dp_fisher_wiener_adaptive_beta_lr5p00,dp_fisher_wiener_adaptive_beta,6f5bfa6c60eeb2ad400161beec4006ab7b7da4908d9989b6db2c608560d2f56e,141,1,1.0321242809295654,5.0,,,0.52734375,0.12052573363859156,1.8999080666330588,1.9036741581431735,0.07766124636393065,248.48810603153194,0.8164394441081672,0.06287237261302929,0.4646146810517881,0.20995151386274322,0.000780743581403661,0.004024337486012259,1.0821936514959052,24.296105877246134,0.9967143721397903,0.45820466372871327,2.2910233186435662,0.3883062318196533,0.06026286681929578,6.443540646308525,1.0912154318336251,0.0,0.0,0.0006916644051671028,0.0006347447633743286,0.014327192679047585,0.0014454284682869911,6.341375410556793e-06,10905008,True,True,True,
42,dp_fisher_wiener_adaptive_beta_lr5p00,dp_fisher_wiener_adaptive_beta,6f5bfa6c60eeb2ad400161beec4006ab7b7da4908d9989b6db2c608560d2f56e,142,1,1.109665036201477,5.0,,,0.5859375,0.08230672946823754,1.899085809228926,1.9008232934122595,0.06327845826852237,532.3760224312366,1.0793585480910155,0.04275050423696567,0.33279523909249387,0.17819159397857282,0.0008085403906735591,0.0018783715977390234,0.4139682233326502,23.431854924482046,0.9979725635591897,0.4221274617678561,2.1106373088392805,0.3163922913426118,0.04115336473411877,7.6881269217973385,1.1844763614876697,0.0,0.0,0.0006857914850115776,0.0006027901545166969,0.014488240703940392,0.0014463318511843681,6.361864507198334e-06,10905008,True,True,True,
42,dp_fisher_wiener_adaptive_beta_lr5p00,dp_fisher_wiener_adaptive_beta,6f5bfa6c60eeb2ad400161beec4006ab7b7da4908d9989b6db2c608560d2f56e,143,1,1.1178367137908936,5.0,,,0.51171875,0.10385356185298586,1.8983625812624962,1.901454533173155,0.07052982868402417,334.1300514681446,0.8819237517833067,0.05705700008550169,0.42649613005794706,0.17942950187083032,0.0007288187470634892,0.0029928466341565935,0.736815542618118,23.912743159204947,0.9973605374676479,0.4235911966399093,2.1179559831995465,0.3526491434201209,0.05192678092649293,6.791276815571073,1.180383360100528,0.0,0.0,0.0007189046591520309,0.0006629228591918945,0.014395800419151783,0.0015107933431863785,6.745569407939911e-06,10905008,True,True,True,
42,dp_fisher_wiener_adaptive_beta_lr5p00,dp_fisher_wiener_adaptive_beta,6f5bfa6c60eeb2ad400161beec4006ab7b7da4908d9989b6db2c608560d2f56e,144,1,1.479653000831604,5.0,,,0.6640625,0.20878520324358785,1.8976867429827688,1.9084009654550993,0.10223249459768671,82.61323219551699,0.7050417099084274,0.10587451779130282,0.5460175328479804,0.18614919178683179,0.0006704715895156798,0.01210459842086952,3.36071094928147,24.43480774920802,0.9914657532313995,0.43145010347296453,2.1572505173648224,0.5111624729884335,0.10439260162179392,4.8965392665989675,1.1588825590122314,0.0,0.0,0.0007510548457503319,0.0006383750587701797,0.014306360855698586,0.00150999054312706,6.752088665962219e-06,10905008,True,True,True,
42,dp_fisher_wiener_adaptive_beta_lr5p00,dp_fisher_wiener_adaptive_beta,6f5bfa6c60eeb2ad400161beec4006ab7b7da4908d9989b6db2c608560d2f56e,145,1,2.190965175628662,5.0,,,0.5390625,0.11571135131435824,1.8947268035408154,1.8980823881325786,0.07196211486256847,268.1274431501204,0.8865543370444269,0.059455099919819045,0.4021626687622218,0.1730316428312643,0.0008036336386637885,0.003729569745552488,0.8030196210106969,23.330674236863672,0.9966935337665238,0.4159707235266255,2.0798536176331277,0.35981057431284236,0.05785567565717912,6.219105908271863,1.202007669577722,0.0,0.0,0.0007278658449649811,0.0006362423300743103,0.01432601734995842,0.001506837084889412,6.8303197622299194e-06,10905008,True,True,True,
42,dp_fisher_wiener_adaptive_beta_lr5p00,dp_fisher_wiener_adaptive_beta,6f5bfa6c60eeb2ad400161beec4006ab7b7da4908d9989b6db2c608560d2f56e,146,1,1.181200385093689,5.0,,,0.59375,0.09920988449044993,1.8986123743064096,1.9011833304302512,0.0705413453578857,366.237428638794,0.9859023710525766,0.05198840672595368,0.3654292177682439,0.18450641714246555,0.0008796571012130555,0.0027304691484288063,0.5727107516010671,23.216980623134283,0.9973080239922046,0.4295421017111891,2.147710508555946,0.3527067267894285,0.049604942245224964,7.110314231164541,1.1640302499032344,0.0,0.0,0.0005967980250716209,0.000586632639169693,0.014712238684296608,0.0013854876160621643,5.5264681577682495e-06,10905008,True,True,True,
42,dp_fisher_wiener_adaptive_beta_lr5p00,dp_fisher_wiener_adaptive_beta,6f5bfa6c60eeb2ad400161beec4006ab7b7da4908d9989b6db2c608560d2f56e,147,1,1.3583920001983643,5.0,,,0.56640625,0.08943181678406924,1.8971943202576638,1.8989747389684237,0.06325706370535396,450.02798862064117,1.0271690760111962,0.04344617541364199,0.33445524363888396,0.16976176862940484,0.0007702690025083154,0.002222084015129243,0.48973139401192584,23.43197469744848,0.9977175440150751,0.4120215633063455,2.0601078165317275,0.3162853185267698,0.04471590839203462,7.073216890658928,1.2135287191923678,0.0,0.0,0.000776621513068676,0.0006769755855202675,0.014494531787931919,0.0015886202454566956,7.554888725280762e-06,10905008,True,True,True,
42,dp_fisher_wiener_adaptive_beta_lr5p00,dp_fisher_wiener_adaptive_beta,6f5bfa6c60eeb2ad400161beec4006ab7b7da4908d9989b6db2c608560d2f56e,148,1,0.945987343788147,5.0,,,0.5625,0.06937858681862763,1.9003878935813343,1.9016883336072603,0.05815377601514111,750.297693332813,1.2749793712795585,0.036979017090772864,0.2550767735934567,0.1586696446534584,0.0007563115133210737,0.0013328043104464066,0.2796143950910121,23.217931370219922,0.9983007019978754,0.39833358464163976,1.9916679232081989,0.29076888007570556,0.034689293409313815,8.382092902164857,1.2552293335962847,0.0,0.0,0.0006814654916524887,0.0006311638280749321,0.014419198036193848,0.0014407048001885414,6.7157670855522156e-06,10905008,True,True,True,
42,dp_fisher_wiener_adaptive_beta_lr5p00,dp_fisher_wiener_adaptive_beta,6f5bfa6c60eeb2ad400161beec4006ab7b7da4908d9989b6db2c608560d2f56e,149,1,0.9228401780128479,5.0,,,0.609375,0.06941529634581176,1.8951108083534,1.8964744740240227,0.06188510152875253,745.347592139741,1.2986116547427438,0.037939110157256234,0.2782864325627059,0.13735767426428724,0.0007989298517513266,0.0013416559070398163,0.23066697861392685,22.3534427963955,0.9982577100021021,0.37061796268433517,1.8530898134216758,0.30942550764376264,0.03470764817290588,8.915196618720968,1.3490981289120996,0.0,0.0,0.0007678903639316559,0.0006430195644497871,0.014386800117790699,0.001550314947962761,7.248483598232269e-06,10905008,True,True,True,
42,dp_fisher_wiener_adaptive_beta_lr5p00,dp_fisher_wiener_adaptive_beta,6f5bfa6c60eeb2ad400161beec4006ab7b7da4908d9989b6db2c608560d2f56e,150,1,1.0437531471252441,5.0,,,0.57421875,0.11645472690882222,1.8997203721319393,1.9034533531677933,0.13187790505006555,266.1124034656439,0.790378632166978,0.06261416100483058,0.658772660217609,0.6111590890993862,0.0024644483813968904,0.0037578105601345614,0.9319002565390541,23.944345486400664,0.9970299068293192,0.7817666461927025,3.9088332309635128,0.6593895252503278,0.05822736345441111,11.32439262435899,0.6395770431425036,0.14542528614401817,0.00466332770884037,0.0006216969341039658,0.0006165243685245514,0.015010835602879524,0.0015354529023170471,5.837529897689819e-06,10905008,True,True,True,
42,dp_fisher_wiener_adaptive_beta_lr5p00,dp_fisher_wiener_adaptive_beta,6f5bfa6c60eeb2ad400161beec4006ab7b7da4908d9989b6db2c608560d2f56e,151,1,4.963454246520996,5.0,,,0.69921875,0.2600752167364005,1.8988433838361545,1.9165276020519735,0.21552670608680108,53.306522670339845,0.30614748993995305,0.13553347496957435,0.8329890924561449,0.5677126156802358,0.0022026080814959363,0.01875943036406961,4.835161265839242,24.111913167886957,0.9942568474812519,0.7534670634342524,3.767335317171262,1.0776335304340054,0.13003760836820025,8.28709128035029,0.6635990134995018,0.0,0.0,0.0007543452084064484,0.0006722686812281609,0.013992344960570335,0.0015940675511956215,6.860122084617615e-06,10905008,True,True,True,
42,dp_fisher_wiener_adaptive_beta_lr5p00,dp_fisher_wiener_adaptive_beta,6f5bfa6c60eeb2ad400161beec4006ab7b7da4908d9989b6db2c608560d2f56e,152,1,12.14352035522461,5.0,,,0.84765625,0.4460978888858285,1.8952986977136164,1.9485141058134356,0.3439520645220687,18.0507392378057,0.24898557190788992,0.23213321474473372,0.8725360615373915,0.5473891890162149,0.002351933424701354,0.05539939316724955,12.8936595636098,23.66871191581395,0.986206350408833,0.7398575464345923,3.699287732172962,1.7197603226103437,0.22304894444291426,7.710237440925339,0.6758057715418965,0.0,0.0,0.0006901221349835396,0.0005894973874092102,0.014467236585915089,0.0013819076120853424,6.508082151412964e-06,10905008,True,True,True,
42,dp_fisher_wiener_adaptive_beta_lr5p00,dp_fisher_wiener_adaptive_beta,6f5bfa6c60eeb2ad400161beec4006ab7b7da4908d9989b6db2c608560d2f56e,153,1,7.70508337020874,5.0,,,0.765625,0.3092855723290555,1.8975413703733284,1.9218154756373635,0.22233369530436203,37.64117603031236,0.3872856151102526,0.1584558109811421,0.7856006704077427,0.4477174415628062,0.0024345306691327335,0.026566651349680743,4.885686314305,22.645887633364996,0.9897111180905117,0.6691169117297859,3.3455845586489295,1.1116684765218101,0.15464278616452776,7.188621623331939,0.7472535684483957,0.0,0.0,0.0007856003940105438,0.0006668642163276672,0.014226648025214672,0.001577066257596016,7.426366209983826e-06,10905008,True,True,True,
42,dp_fisher_wiener_adaptive_beta_lr5p00,dp_fisher_wiener_adaptive_beta,6f5bfa6c60eeb2ad400161beec4006ab7b7da4908d9989b6db2c608560d2f56e,154,1,3.838083267211914,5.0,,,0.76953125,0.2736103987641129,1.8955323679887306,1.9144460520211364,0.19877539170274694,47.99513433036842,0.43725876988403045,0.1402442868726571,0.7505464079141345,0.44115460662185196,0.0022548208386096165,0.020835445382921328,4.0764448125066135,22.91478778674317,0.9908895187817562,0.6641947053551782,3.320973526775891,0.9938769585137347,0.13680519938205646,7.26490632662919,0.7527913064767238,0.0,0.0,0.0007116338238120079,0.0006081070750951767,0.014129573479294777,0.0014582788571715355,6.246380507946014e-06,10905008,True,True,True,
42,dp_fisher_wiener_adaptive_beta_lr5p00,dp_fisher_wiener_adaptive_beta,6f5bfa6c60eeb2ad400161beec4006ab7b7da4908d9989b6db2c608560d2f56e,155,1,2.1774275302886963,5.0,,,0.88671875,0.2933054956505764,1.900764763233583,1.923055021977694,0.21129985430481782,41.99681390663574,0.4558678764491817,0.15181658640986984,0.7378595065462117,0.4141973892197904,0.0023769995655568057,0.02381133012164271,4.14917651316057,22.411782546932848,0.9891451795018901,0.6435816880705901,3.2179084403529505,1.056499271524089,0.1466527478252882,7.204087800492658,0.7769021544074471,0.0,0.0,0.0006848173215985298,0.000610758550465107,0.014293978922069073,0.0014716032892465591,6.491318345069885e-06,10905008,True,True,True,
42,dp_fisher_wiener_adaptive_beta_lr5p00,dp_fisher_wiener_adaptive_beta,6f5bfa6c60eeb2ad400161beec4006ab7b7da4908d9989b6db2c608560d2f56e,156,1,2.1387743949890137,5.0,,,0.89453125,0.3352243240839792,1.8983406052024827,1.9273189719746655,0.1788779354105479,32.06839520286617,0.6935673301960285,0.17276131651493976,0.5539368052222294,0.21584892401391975,0.0020396581651080247,0.03118335026323509,3.3000101270676208,20.245924997272645,0.978372247011168,0.46459544123239066,2.322977206161953,0.8943896770527394,0.1676121620419896,5.3360667039384895,1.0762051359622011,0.0,0.0,0.0006974916905164719,0.0006126323714852333,0.014468323439359665,0.0014878613874316216,6.825663149356842e-06,10905008,True,True,True,
42,dp_fisher_wiener_adaptive_beta_lr5p00,dp_fisher_wiener_adaptive_beta,6f5bfa6c60eeb2ad400161beec4006ab7b7da4908d9989b6db2c608560d2f56e,157,1,1.2958424091339111,5.0,,,0.9140625,0.16339419762954052,1.8985954053104468,1.9057196602790913,0.11543422315389684,135.01797525689864,0.991680100827752,0.08638956193074582,0.3591267430934893,0.18214580396207267,0.002309107882322433,0.007406421241761082,0.5842293302008765,18.969749471081823,0.9926551994359225,0.4267854308221787,2.1339271541108933,0.5771711157694842,0.08169709881477026,7.064768812305376,1.1715488952741568,0.0,0.0,0.00067878607660532,0.0006000082939863205,0.014595774002373219,0.0014528697356581688,6.420537829399109e-06,10905008,True,True,True,
42,dp_fisher_wiener_adaptive_beta_lr5p00,dp_fisher_wiener_adaptive_beta,6f5bfa6c60eeb2ad400161beec4006ab7b7da4908d9989b6db2c608560d2f56e,158,1,1.0882503986358643,5.0,,,0.83984375,0.14953645508275365,1.894629085687069,1.9005215338561083,0.10280270717917221,160.5292727626246,1.1380929049554516,0.0786845742682439,0.24330321762189117,0.12990017340059912,0.00225969577547599,0.0062293934479707375,0.35810098765969045,17.595597570063713,0.9929103715143714,0.3604166663746269,1.8020833318731344,0.5140135358958611,0.07476822754137682,6.874758875413097,1.3872832381144637,0.0,0.0,0.0007544411346316338,0.0006674407050013542,0.013957163318991661,0.0016081640496850014,7.223337888717651e-06,10905008,True,True,True,
42,dp_fisher_wiener_adaptive_beta_lr5p00,dp_fisher_wiener_adaptive_beta,6f5bfa6c60eeb2ad400161beec4006ab7b7da4908d9989b6db2c608560d2f56e,159,1,0.9581800699234009,5.0,,,0.79296875,0.11513447883829744,1.8986175223248625,1.9018982516670635,0.09844050293660817,271.9344128913052,1.4236868986078868,0.05873849021572487,0.17973347505041884,0.11847097932281027,0.0023259492999261303,0.003677357305726489,0.18730422082891018,17.070117344418545,0.9947645945819422,0.344196134962045,1.720980674810225,0.4922025146830408,0.05756723941914872,8.550045471014341,1.4526601237218515,0.0,0.0,0.0006470326334238052,0.0005816305056214333,0.014441191218793392,0.001377791166305542,6.2445178627967834e-06,10905008,True,True,True,
42,dp_fisher_wiener_adaptive_beta_lr5p00,dp_fisher_wiener_adaptive_beta,6f5bfa6c60eeb2ad400161beec4006ab7b7da4908d9989b6db2c608560d2f56e,160,1,1.0213501453399658,5.0,,,0.77734375,0.10033266984922709,1.8992849865947254,1.9020124838820132,0.0965205523854807,358.34020066070485,1.6281611173678594,0.053540444011885194,0.15451731637479546,0.1044798363053865,0.00228449965315247,0.0027906441924645704,0.127627967903832,16.60241386881093,0.9954563816329695,0.32323340839923476,1.6161670419961738,0.4826027619274035,0.050166334924613545,9.620052225122786,1.5468698067895537,0.0,0.0,0.0007885396480560303,0.0006685405969619751,0.014311546459794044,0.0015870407223701477,7.050111889839172e-06,10905008,True,True,True,
42,dp_fisher_wiener_adaptive_beta_lr5p00,dp_fisher_wiener_adaptive_beta,6f5bfa6c60eeb2ad400161beec4006ab7b7da4908d9989b6db2c608560d2f56e,161,1,1.0095469951629639,5.0,,,0.69140625,0.08740924833191366,1.8963528260981806,1.8982037878596167,0.0994666314583991,470.6775836625185,1.934695381503293,0.04418968732139106,0.15827524114882985,0.11336684126310288,0.0024127652605406683,0.002124596612584487,0.09982687121281891,16.71970974698835,0.9958895527455373,0.3366999276256276,1.6834996381281382,0.49733315729199545,0.04370462416595683,11.379417321886216,1.4850018042013324,0.0,0.0,0.0007192734628915787,0.0006032893434166908,0.014085267670452595,0.001451963558793068,6.736256182193756e-06,10905008,True,True,True,
42,dp_fisher_wiener_adaptive_beta_lr5p00,dp_fisher_wiener_adaptive_beta,6f5bfa6c60eeb2ad400161beec4006ab7b7da4908d9989b6db2c608560d2f56e,162,1,1.0526812076568604,5.0,,,0.71484375,0.0953379368812411,1.8985934891895253,1.9008741305686463,0.09473368155988544,396.58152214228414,1.7195633492183917,0.04898469952168459,0.1347544528119219,0.12174870986754142,0.0022866993908458024,0.0025215496538714853,0.13425263436519255,17.262552915837468,0.9956640356314912,0.34892507772807246,1.7446253886403622,0.4736684077994272,0.04766896844062055,9.936619635046677,1.4329723826506724,0.0,0.0,0.0006859414279460907,0.0006277430802583694,0.014265280216932297,0.0014387397095561028,6.842426955699921e-06,10905008,True,True,True,
42,dp_fisher_wiener_adaptive_beta_lr5p00,dp_fisher_wiener_adaptive_beta,6f5bfa6c60eeb2ad400161beec4006ab7b7da4908d9989b6db2c608560d2f56e,163,1,0.9532032608985901,5.0,,,0.67578125,0.07637140074669464,1.9004275266466186,1.9018614691239675,0.09300294661235116,619.2144923333627,2.1692234996183157,0.03884689701556836,0.12881924923956922,0.11284352814366481,0.002197916169967119,0.0016149492820492785,0.08291334185440409,17.104655319045282,0.9964968140660864,0.3359219078054672,1.679609539027336,0.4650147330617558,0.03818570037334732,12.177719106970915,1.4884411774895676,0.0,0.0,0.0007188590243458748,0.0006629601120948792,0.014354124665260315,0.0015105018392205238,6.924383342266083e-06,10905008,True,True,True,
42,dp_fisher_wiener_adaptive_beta_lr5p00,dp_fisher_wiener_adaptive_beta,6f5bfa6c60eeb2ad400161beec4006ab7b7da4908d9989b6db2c608560d2f56e,164,1,0.9627647995948792,5.0,,,0.6796875,0.07340444149397263,1.896312425015613,1.89763784080792,0.0915907105317656,667.3829448218215,2.2114680408818574,0.03739104131128651,0.1384178131516937,0.11147015410648393,0.002129407272375399,0.0014983901035725636,0.07843768448284164,17.188998683354,0.9966863581725607,0.3338714634503583,1.6693573172517915,0.457953552658828,0.036702220746986314,12.477543410883492,1.4975823175521108,0.0,0.0,0.0007453402504324913,0.0006396211683750153,0.014243070036172867,0.001516185700893402,7.119029760360718e-06,10905008,True,True,True,
42,dp_fisher_wiener_adaptive_beta_lr5p00,dp_fisher_wiener_adaptive_beta,6f5bfa6c60eeb2ad400161beec4006ab7b7da4908d9989b6db2c608560d2f56e,165,1,1.0259963274002075,5.0,,,0.625,0.08729646021453938,1.9023783401095242,1.904495228735214,0.09482384967038426,474.89819330826674,1.8516094847164566,0.04715447374488652,0.151110804950493,0.11309190535820364,0.0022189041250210324,0.002105714475143054,0.10732291650213346,17.07292983340568,0.9961010391052088,0.3362913994710594,1.681456997355297,0.4741192483519213,0.04364823010726969,10.862278886815474,1.4868057904095828,0.0,0.0,0.0005666539072990417,0.0004917038604617119,0.015816298313438892,0.0012167459353804588,5.496665835380554e-06,10905008,True,True,True,
42,dp_fisher_wiener_adaptive_beta_lr5p00,dp_fisher_wiener_adaptive_beta,6f5bfa6c60eeb2ad400161beec4006ab7b7da4908d9989b6db2c608560d2f56e,166,1,1.0861263275146484,5.0,,,0.6171875,0.09642331947613803,1.900124601381031,1.9024596370765081,0.0984391704903957,388.3291613484762,1.6730873478071444,0.049543394239344195,0.18080124427610164,0.14796428702195638,0.0023195510934427383,0.0025751349613293488,0.16426799548026463,18.047529623290725,0.9956915742768406,0.38466126269999734,1.9233063134999866,0.4921958524519785,0.04821165973806901,10.209062602611885,1.2998449505653942,0.0,0.0,0.0006784433498978615,0.0006092386320233345,0.014592413790524006,0.0014390526339411736,6.754882633686066e-06,10905008,True,True,True,
42,dp_fisher_wiener_adaptive_beta_lr5p00,dp_fisher_wiener_adaptive_beta,6f5bfa6c60eeb2ad400161beec4006ab7b7da4908d9989b6db2c608560d2f56e,167,1,1.2362582683563232,5.0,,,0.671875,0.11295425606596765,1.89094256179913,1.8938180873675377,0.0976957575107225,280.253777511184,1.4349521986771983,0.05525994116215647,0.18101482571899727,0.12323580982216537,0.0022512573982123533,0.00356819454425172,0.19532610735356415,17.38311770145642,0.9948798113930167,0.351049583139142,1.75524791569571,0.4884787875536125,0.056477128032983825,8.649143548157788,1.4243002242802716,0.0,0.0,0.0006846487522125244,0.0006058728322386742,0.014539573341608047,0.001471049152314663,6.28642737865448e-06,10905008,True,True,True,
42,dp_fisher_wiener_adaptive_beta_lr5p00,dp_fisher_wiener_adaptive_beta,6f5bfa6c60eeb2ad400161beec4006ab7b7da4908d9989b6db2c608560d2f56e,168,1,0.9710992574691772,5.0,,,0.67578125,0.10534240766079675,1.9003084079032213,1.9032206149707172,0.10276197340711385,325.41809574133947,1.5938945617008262,0.055298779091520665,0.18334829685972165,0.11973790986764106,0.002464486129648085,0.003072969859378886,0.1493013020497873,16.865052944801523,0.995102010052424,0.34603166020993087,1.7301583010496544,0.5138098670355693,0.052671203830398375,9.75504316704599,1.444954486809717,0.0,0.0,0.0006848694756627083,0.0006010914221405983,0.014330900274217129,0.001480957493185997,6.508082151412964e-06,10905008,True,True,True,
42,dp_fisher_wiener_adaptive_beta_lr5p00,dp_fisher_wiener_adaptive_beta,6f5bfa6c60eeb2ad400161beec4006ab7b7da4908d9989b6db2c608560d2f56e,169,1,0.8592360019683838,5.0,,,0.6640625,0.12057798886665556,1.8988193550679464,1.9025677543396189,0.0986830273303159,247.9883208301389,1.3122545429522288,0.06274452936419582,0.21844081889493927,0.1389104637417973,0.0021868863977807856,0.004032447966031022,0.2561400617388962,18.029087377212544,0.9947084018369934,0.3727069408285782,1.863534704142891,0.49341513665157954,0.06028899443332778,8.184165970607651,1.3415365941055204,0.0,0.0,0.0006832517683506012,0.000626646913588047,0.01433450635522604,0.001457967795431614,6.687827408313751e-06,10905008,True,True,True,
42,dp_fisher_wiener_adaptive_beta_lr5p00,dp_fisher_wiener_adaptive_beta,6f5bfa6c60eeb2ad400161beec4006ab7b7da4908d9989b6db2c608560d2f56e,170,1,0.9179637432098389,5.0,,,0.58984375,0.09575578937447042,1.8985871996473318,1.9010046666912517,0.09459324278589434,393.1253191969684,1.6210013778916332,0.050415693123365586,0.1796128994961243,0.13702165888874218,0.0021322210974240256,0.0025437181251346196,0.16346544814937503,18.079569847429518,0.9958766294137391,0.3701643673947321,1.8508218369736604,0.4729662139294717,0.04787789468723521,9.878592553186998,1.3507512987209394,0.0,0.0,0.0006906026974320412,0.0006357589736580849,0.014143945649266243,0.0014526564627885818,6.883405148983002e-06,10905008,True,True,True,
42,dp_fisher_wiener_adaptive_beta_lr5p00,dp_fisher_wiener_adaptive_beta,6f5bfa6c60eeb2ad400161beec4006ab7b7da4908d9989b6db2c608560d2f56e,171,1,0.9923737049102783,5.0,,,0.57421875,0.08319997779771533,1.8954061653960346,1.8970672809209048,0.09744565811467515,518.9890048143753,1.9838117968327342,0.04188517366065254,0.16561740975842665,0.1455906304612021,0.002325168388930778,0.0019268230937048954,0.12064820352028016,17.966790164681196,0.9961775456157462,0.3815634029374438,1.9078170146872189,0.48722829057337574,0.041599988898857666,11.712221648574594,1.310398209444272,0.0,0.0,0.000639723613858223,0.0005438625812530518,0.015158523805439472,0.0012837210670113564,6.1783939599990845e-06,10905008,True,True,True,
42,dp_fisher_wiener_adaptive_beta_lr5p00,dp_fisher_wiener_adaptive_beta,6f5bfa6c60eeb2ad400161beec4006ab7b7da4908d9989b6db2c608560d2f56e,172,1,0.8467938899993896,5.0,,,0.5625,0.07394996583283596,1.888039202913484,1.8892670719853724,0.09124574700825523,651.8475835613079,2.263317766620511,0.03616972882001212,0.10501555055595985,0.11848068765735738,0.0022328491042450022,0.0015341009540197283,0.08140332261275937,17.247881914175515,0.9965278420543427,0.3442102375835986,1.7210511879179928,0.45622873504127615,0.03697498291641798,12.338849109416582,1.4526006068518287,0.0,0.0,0.000756056047976017,0.0006511742249131203,0.014641356654465199,0.0015743281692266464,1.846160739660263e-05,10905008,True,True,True,
42,dp_fisher_wiener_adaptive_beta_lr5p00,dp_fisher_wiener_adaptive_beta,6f5bfa6c60eeb2ad400161beec4006ab7b7da4908d9989b6db2c608560d2f56e,173,1,1.2558720111846924,5.0,,,0.5859375,0.07631860604849271,1.9002110600136992,1.9017524784126238,0.09283912676932081,619.9302436175745,2.181645373028793,0.04025430199075516,0.12254682540146243,0.12507269722690606,0.002237142053261078,0.0016130847141649053,0.0901833014008499,17.47468953731743,0.9964808211964344,0.35365618505393914,1.7682809252696958,0.46419563384660406,0.038159303024246354,12.164677995808526,1.4138025040402642,0.0,0.0,0.0006860103458166122,0.0006148079410195351,0.014288119040429592,0.0014461586251854897,6.399117410182953e-06,10905008,True,True,True,
42,dp_fisher_wiener_adaptive_beta_lr5p00,dp_fisher_wiener_adaptive_beta,6f5bfa6c60eeb2ad400161beec4006ab7b7da4908d9989b6db2c608560d2f56e,174,1,1.1335302591323853,5.0,,,0.578125,0.09898891887749096,1.890213642715929,1.8929504721004329,0.09557044038895579,364.6268323581768,1.5992671117281831,0.05377457637868809,0.17238181497581734,0.12473599391629862,0.002200187614618244,0.002742529926912664,0.1554831933409442,17.535320761496152,0.9956139620845107,0.35317983226155286,1.7658991613077644,0.47785220194477895,0.04949445943874548,9.654660488342456,1.415709376146658,0.0,0.0,0.0006799371913075447,0.0006349356845021248,0.014365623705089092,0.0014415634796023369,6.90016895532608e-06,10905008,True,True,True,
42,dp_fisher_wiener_adaptive_beta_lr5p00,dp_fisher_wiener_adaptive_beta,6f5bfa6c60eeb2ad400161beec4006ab7b7da4908d9989b6db2c608560d2f56e,175,1,0.7837120294570923,5.0,,,0.50390625,0.06901116620906086,1.9004531403528022,1.9015374952146362,0.09435827418923722,758.3603146415012,2.5279659560557706,0.03385441416740474,0.12488786952711535,0.14479336845368054,0.0023316441072536564,0.0013186344017256228,0.08188621762995466,17.930864091262496,0.9966665371232537,0.3805172380506309,1.9025861902531547,0.47179137094618606,0.03450558310453043,13.67289952768742,1.3140009176986536,0.0,0.0,0.0007145022973418236,0.0006131250411272049,0.014325674623250961,0.0014486294239759445,6.745569407939911e-06,10905008,True,True,True,
42,dp_fisher_wiener_adaptive_beta_lr5p00,dp_fisher_wiener_adaptive_beta,6f5bfa6c60eeb2ad400161beec4006ab7b7da4908d9989b6db2c608560d2f56e,176,1,0.7414931058883667,5.0,,,0.4921875,0.05968770449152694,1.890421818676214,1.8914126051959264,0.09300652712631759,1003.1079872763493,3.031840815976136,0.03237376508714016,0.1271343138499327,0.12947595118324545,0.0022537621276925517,0.0009969016420996108,0.05727081255879495,17.592810331326906,0.9969775529111203,0.35982766872941474,1.7991383436470736,0.4650326356315879,0.02984385224576347,15.582191996746003,1.3895540656007843,0.0,0.0,0.0005716551095247269,0.0004897210747003555,0.016275392845273018,0.0012157205492258072,6.543472409248352e-06,10905008,True,True,True,
42,dp_fisher_wiener_adaptive_beta_lr5p00,dp_fisher_wiener_adaptive_beta,6f5bfa6c60eeb2ad400161beec4006ab7b7da4908d9989b6db2c608560d2f56e,177,1,1.2550959587097168,5.0,,,0.58984375,0.09200789685861287,1.8988686407571078,1.90133170071648,0.09858223079765951,425.93137998634813,1.7683118376605436,0.05094839935074529,0.17719000015110495,0.14548976910227704,0.002359726711083517,0.002347796022715319,0.14475417837155244,17.8997074586701,0.9958483645001297,0.3814312114946508,1.907156057473254,0.49291115398829755,0.046003948429306434,10.71454018202442,1.3108523501247384,0.0,0.0,0.0007538078352808952,0.0006940532475709915,0.014567620120942593,0.0015858225524425507,7.216818630695343e-06,10905008,True,True,True,
42,dp_fisher_wiener_adaptive_beta_lr5p00,dp_fisher_wiener_adaptive_beta,6f5bfa6c60eeb2ad400161beec4006ab7b7da4908d9989b6db2c608560d2f56e,178,1,0.874477744102478,5.0,,,0.515625,0.06405974034232377,1.9043881784357408,1.9054709240816228,0.0920482995980909,883.7727484624429,2.7850157287711355,0.03370674618537759,0.09732820439404821,0.12109627273824342,0.0022271129838169817,0.0011315125992465867,0.06152447555970489,17.353885259170937,0.9968487196130277,0.34798889743531103,1.739944487176555,0.4602414979904545,0.032029870171161885,14.369134046333542,1.4368274496214641,0.0,0.0,0.0007145479321479797,0.0006119552999734879,0.014193201437592506,0.0014477809891104698,7.115304470062256e-06,10905008,True,True,True,
42,dp_fisher_wiener_adaptive_beta_lr5p00,dp_fisher_wiener_adaptive_beta,6f5bfa6c60eeb2ad400161beec4006ab7b7da4908d9989b6db2c608560d2f56e,179,1,1.1459784507751465,5.0,,,0.6484375,0.05299610445186266,1.9018779237895405,1.9024862553457387,0.09128774839003784,1287.8858741318604,3.7430472302857805,0.025405079947620608,0.06504543461702825,0.13063876017382153,0.002301593400444334,0.0007764663156335602,0.04407233562429094,17.540434460382958,0.9970936499068228,0.36143984309124183,1.807199215456209,0.4564387419501892,0.02649805222593133,17.225369549475303,1.3833560675611425,0.0,0.0,0.0006514163687825203,0.0005892105400562286,0.01459965854883194,0.0013945205137133598,6.7818909883499146e-06,10905008,True,True,True,
42,dp_fisher_wiener_adaptive_beta_lr5p00,dp_fisher_wiener_adaptive_beta,6f5bfa6c60eeb2ad400161beec4006ab7b7da4908d9989b6db2c608560d2f56e,180,1,0.9813616871833801,5.0,,,0.5390625,0.05606068451432058,1.8973015396301733,1.8981466424889215,0.09331596108707654,1145.396694760804,3.446307651830624,0.029838647231370377,0.09745197254322539,0.11816367998515083,0.0023187412774754025,0.0008730599662594339,0.04449137102252092,17.072317141412576,0.9969911667568158,0.3437494436143146,1.7187472180715728,0.4665798054353827,0.02803034225716029,16.645526520445905,1.454547808838182,0.0,0.0,0.0006864350289106369,0.0006151264533400536,0.014807963743805885,0.0014483137056231499,7.055699825286865e-06,10905008,True,True,True,
42,dp_fisher_wiener_adaptive_beta_lr5p00,dp_fisher_wiener_adaptive_beta,6f5bfa6c60eeb2ad400161beec4006ab7b7da4908d9989b6db2c608560d2f56e,181,1,1.1626074314117432,5.0,,,0.55859375,0.1389890928756556,1.8934028116179566,1.8983805290341278,0.10462162785267205,185.57719001756303,1.1604503007191493,0.07237405297552336,0.2697877786843948,0.1632391555648688,0.0021607601013415977,0.005388593284839133,0.40709258602354187,18.78217787430316,0.9937468053018316,0.4040286568609568,2.020143284304784,0.5231081392633603,0.0694945464378278,7.527326474802211,1.2375359804510933,0.0,0.0,0.0006911279633641243,0.0006124796345829964,0.014747013337910175,0.0014335690066218376,7.062219083309174e-06,10905008,True,True,True,
42,dp_fisher_wiener_adaptive_beta_lr5p00,dp_fisher_wiener_adaptive_beta,6f5bfa6c60eeb2ad400161beec4006ab7b7da4908d9989b6db2c608560d2f56e,182,1,1.2965400218963623,5.0,,,0.53125,0.12517067871792328,1.897139208912384,1.901412911028139,0.10369731965901938,229.7170261725823,1.3392721995082644,0.06701980172531857,0.20945980310038212,0.13672172457944032,0.0024090604740278467,0.004353181897734539,0.24705670233362986,17.539898256089693,0.9941699045045894,0.3697590087873997,1.8487950439369985,0.5184865982950969,0.06258533935896164,8.28447370578282,1.352232097436557,0.0,0.0,0.0007257796823978424,0.0006407657638192177,0.014558047987520695,0.0015472900122404099,6.988644599914551e-06,10905008,True,True,True,
42,dp_fisher_wiener_adaptive_beta_lr5p00,dp_fisher_wiener_adaptive_beta,6f5bfa6c60eeb2ad400161beec4006ab7b7da4908d9989b6db2c608560d2f56e,183,1,1.2588458061218262,5.0,,,0.5234375,0.12230313494146323,1.8996405882567373,1.9037069262934883,0.10186574200413438,241.2502110787658,1.359697582631511,0.06533488311541577,0.20051581969157445,0.1295124563318266,0.0022988807032124138,0.004145074093246613,0.2335217859346928,17.507951053252057,0.9943639527752073,0.3598783910320632,1.7993919551603161,0.5093287100206719,0.06115156747073162,8.328955921794122,1.3893582178265975,0.0,0.0,0.0005597556009888649,0.0004883324727416039,0.015654807910323143,0.001356571912765503,6.048940122127533e-06,10905008,True,True,True,
42,dp_fisher_wiener_adaptive_beta_lr5p00,dp_fisher_wiener_adaptive_beta,6f5bfa6c60eeb2ad400161beec4006ab7b7da4908d9989b6db2c608560d2f56e,184,1,1.082639217376709,5.0,,,0.6015625,0.11454388352346268,1.8968303528612742,1.9002669148453903,0.09617049310349636,274.22887005270326,1.4306288769421465,0.06011390750152243,0.1633472909512657,0.12824499786125274,0.0022323330421719057,0.0036465890689456482,0.209492400323127,17.5928144694247,0.9947830843752271,0.35811310763675314,1.7905655381837657,0.4808524655174818,0.05727194176173134,8.395951852122948,1.3962069227183151,0.0,0.0,0.0007548360154032707,0.000668724998831749,0.01419211644679308,0.0015891771763563156,7.146038115024567e-06,10905008,True,True,True,
42,dp_fisher_wiener_adaptive_beta_lr5p00,dp_fisher_wiener_adaptive_beta,6f5bfa6c60eeb2ad400161beec4006ab7b7da4908d9989b6db2c608560d2f56e,185,1,1.0115807056427002,5.0,,,0.58203125,0.09255739544488072,1.8970281299836913,1.8990996356044336,0.09874263649697837,420.0735059334203,1.783699542029866,0.046737319103213396,0.166108710618061,0.12676414801856897,0.0024046499901806398,0.002380535753286685,0.12549293569781153,17.219445703027965,0.9957538394665811,0.356039531539082,1.7801976576954102,0.4937131824848918,0.04627869772244036,10.668260058554413,1.4043384391536626,0.0,0.0,0.0005619581788778305,0.0004895813763141632,0.01577144768089056,0.0011778566986322403,5.494803190231323e-06,10905008,True,True,True,
42,dp_fisher_wiener_adaptive_beta_lr5p00,dp_fisher_wiener_adaptive_beta,6f5bfa6c60eeb2ad400161beec4006ab7b7da4908d9989b6db2c608560d2f56e,186,1,0.9047867655754089,5.0,,,0.56640625,0.07416578347524856,1.8925235290909281,1.8938465074312825,0.09358183179654471,651.1415326008878,2.2881147289180745,0.03741261922273898,0.12046578940429183,0.10500512503035069,0.002262749254372977,0.0015357644225573667,0.07126867234872074,16.665740656768225,0.9964859948039593,0.3240449429174149,1.6202247145870747,0.46790915898272356,0.03708289173762428,12.617925330115646,1.5429958434064668,0.0,0.0,0.0007521724328398705,0.0006648115813732147,0.014738555066287518,0.0016080429777503014,7.010065019130707e-06,10905008,True,True,True,
42,dp_fisher_wiener_adaptive_beta_lr5p00,dp_fisher_wiener_adaptive_beta,6f5bfa6c60eeb2ad400161beec4006ab7b7da4908d9989b6db2c608560d2f56e,187,1,0.9054691195487976,5.0,,,0.49609375,0.04956118039282481,1.8979835336635074,1.8986871899046278,0.09534794600280252,1466.565950478981,4.336063027100384,0.027246532631883407,0.09489081049309078,0.10970953440922236,0.002418752316470131,0.0006818650052975847,0.030927967189373556,16.566529731926,0.9970433903598519,0.33122429622420874,1.6561214811210436,0.4767397300140126,0.024780590196412405,19.238433234079867,1.5095510978459017,0.0,0.0,0.0007126228883862495,0.0006045913323760033,0.014191532507538795,0.0014513283967971802,6.51925802230835e-06,10905008,True,True,True,
42,dp_fisher_wiener_adaptive_beta_lr5p00,dp_fisher_wiener_adaptive_beta,6f5bfa6c60eeb2ad400161beec4006ab7b7da4908d9989b6db2c608560d2f56e,188,1,1.0988781452178955,5.0,,,0.49609375,0.06623887181235441,1.8960079701793302,1.8972115508081493,0.09581296267406406,819.3217112227037,2.6991867490130823,0.035621445207018994,0.1358843948130677,0.12954745724190228,0.0023518106657609045,0.0012205217878084418,0.06723138747442596,17.410265371533818,0.9967055837627149,0.359927016549053,1.7996350827452652,0.47906481337032025,0.033119435906177205,14.464763672695998,1.38917051793601,0.0,0.0,0.0007142927497625351,0.0006057154387235641,0.014250085689127445,0.0014529433101415634,6.680376827716827e-06,10905008,True,True,True,
42,dp_fisher_wiener_adaptive_beta_lr5p00,dp_fisher_wiener_adaptive_beta,6f5bfa6c60eeb2ad400161beec4006ab7b7da4908d9989b6db2c608560d2f56e,189,1,1.1503691673278809,5.0,,,0.52734375,0.08710657033181599,1.8960478410248143,1.8980487860543978,0.09133898748775018,473.80185143755284,1.8304971030336712,0.04590546788901097,0.12828749077914162,0.1304412600706558,0.0021497834092068856,0.002110586940160421,0.12806295684709243,17.83020278337041,0.9961365767198265,0.36116652678599076,1.8058326339299537,0.4566949374387509,0.04355328516590799,10.485889541709016,1.3844029358094159,0.0,0.0,0.0006894171237945557,0.0006137145683169365,0.014222881756722927,0.0014489348977804184,6.658025085926056e-06,10905008,True,True,True,
42,dp_fisher_wiener_adaptive_beta_lr5p00,dp_fisher_wiener_adaptive_beta,6f5bfa6c60eeb2ad400161beec4006ab7b7da4908d9989b6db2c608560d2f56e,190,1,0.8384454250335693,5.0,,,0.55859375,0.08663722073848325,1.894896064923064,1.8966494884344816,0.09485739236681796,478.3676074035897,1.826554680684166,0.04306887536724565,0.16997671862307265,0.13428070116564803,0.0021989563485865725,0.0020904425475088946,0.12765423525040565,17.857969918301457,0.9961816923796376,0.36644331234946564,1.8322165617473283,0.4742869618340898,0.043318610369241624,10.948803707699462,1.3644675264855184,0.0,0.0,0.0005660196766257286,0.0004907548427581787,0.01592672150582075,0.0011803451925516129,5.895271897315979e-06,10905008,True,True,True,
42,dp_fisher_wiener_adaptive_beta_lr5p00,dp_fisher_wiener_adaptive_beta,6f5bfa6c60eeb2ad400161beec4006ab7b7da4908d9989b6db2c608560d2f56e,191,1,1.0701555013656616,5.0,,,0.50390625,0.10847167563893353,1.8953706813839428,1.8987167134008374,0.10410365285230207,305.32025660799184,1.4798270768056556,0.059384347891688866,0.22988567971043405,0.16074561368536608,0.0023502038996009006,0.0032752494414370163,0.22401544883328553,18.35033588346783,0.995153197192857,0.4009309338095105,2.0046546690475524,0.5205182642615104,0.05423583781946677,9.597312131224871,1.2470975867287704,0.0,0.0,0.0007499400526285172,0.0006714118644595146,0.014935466460883617,0.0016035232692956924,7.146038115024567e-06,10905008,True,True,True,
42,dp_fisher_wiener_adaptive_beta_lr5p00,dp_fisher_wiener_adaptive_beta,6f5bfa6c60eeb2ad400161beec4006ab7b7da4908d9989b6db2c608560d2f56e,192,1,1.604129672050476,5.0,,,0.55859375,0.1623073501011428,1.8938124184845366,1.9007773514892732,0.10879870725000985,136.1436987879997,1.088461037265588,0.0855283723761654,0.2691789284433752,0.1392683649681317,0.002201940238937129,0.007345180194633479,0.46456811948083715,18.01046948880059,0.9920050575461431,0.3731867695512954,1.865933847756477,0.5439935362500493,0.0811536750505714,6.703252020371883,1.33981169964798,0.0,0.0,0.0006841681897640228,0.0006322804838418961,0.0142890065908432,0.0014475947245955467,6.334856152534485e-06,10905008,True,True,True,
42,dp_fisher_wiener_adaptive_beta_lr5p00,dp_fisher_wiener_adaptive_beta,6f5bfa6c60eeb2ad400161beec4006ab7b7da4908d9989b6db2c608560d2f56e,193,1,1.8791403770446777,5.0,,,0.515625,0.13114623053288055,1.8961713137719316,1.900727309350241,0.10020737512540862,209.04679776142157,1.2712809981922122,0.06919713810281797,0.20452516424658818,0.12784690646888067,0.002260517856144815,0.004783617881977069,0.2705445330758406,17.524822817458734,0.9939186774836765,0.3575568576728471,1.7877842883642356,0.5010368756270431,0.06557311526644027,7.640888702383007,1.3983789969876215,0.0,0.0,0.0007090447470545769,0.0006029307842254639,0.014282668940722942,0.0014458494260907173,6.443820893764496e-06,10905008,True,True,True,
42,dp_fisher_wiener_adaptive_beta_lr5p00,dp_fisher_wiener_adaptive_beta,6f5bfa6c60eeb2ad400161beec4006ab7b7da4908d9989b6db2c608560d2f56e,194,1,1.1911838054656982,5.0,,,0.50390625,0.07246306616671326,1.9000534975561119,1.9014695241898187,0.09434868563718,687.5404353030136,2.3135255114189026,0.03858857115625722,0.1465956391453062,0.11772907052135172,0.0022042453440723453,0.0014544599102284917,0.07768291937798077,17.276237828593924,0.9966350698917095,0.3431167010236484,1.715583505118242,0.47174342818590004,0.03623153308335663,13.020244743371915,1.4572301450405984,0.0,0.0,0.0006993580609560013,0.0006186217069625854,0.014166826382279396,0.001442793756723404,6.429851055145264e-06,10905008,True,True,True,
42,dp_fisher_wiener_adaptive_beta_lr5p00,dp_fisher_wiener_adaptive_beta,6f5bfa6c60eeb2ad400161beec4006ab7b7da4908d9989b6db2c608560d2f56e,195,1,0.8285244703292847,5.0,,,0.5,0.07965694872337462,1.8958900046210103,1.897679408749803,0.09641839270315,566.4726422316319,2.149931568534158,0.04344127770798052,0.1301968694481141,0.12206348539801203,0.0023703630839840974,0.001765310317374905,0.09090587497436985,17.11770891582868,0.9962047036198185,0.34937585119468695,1.7468792559734347,0.48209196351575,0.03982847436168731,12.104203618891074,1.4311235258213306,0.0,0.0,0.0006216326728463173,0.0005788961425423622,0.014582707546651363,0.0013825856149196625,6.7818909883499146e-06,10905008,True,True,True,
42,dp_fisher_wiener_adaptive_beta_lr5p00,dp_fisher_wiener_adaptive_beta,6f5bfa6c60eeb2ad400161beec4006ab7b7da4908d9989b6db2c608560d2f56e,196,1,1.5674817562103271,5.0,,,0.55859375,0.0627504664270975,1.9011539762037895,1.9020708894453149,0.09087958913264926,917.9111972741019,2.825648261260968,0.031103834371159295,0.0938486898947426,0.11825590703722895,0.002190633717064927,0.0010894300044660507,0.05881016636627155,17.322530753795927,0.9969216540013331,0.34388356610519927,1.7194178305259964,0.4543979456632463,0.03137523321354875,14.482695397226282,1.4539805017771288,0.0,0.0,0.0007539317011833191,0.0006636101752519608,0.01415577344596386,0.001596955582499504,7.3071569204330444e-06,10905008,True,True,True,
42,dp_fisher_wiener_adaptive_beta_lr5p00,dp_fisher_wiener_adaptive_beta,6f5bfa6c60eeb2ad400161beec4006ab7b7da4908d9989b6db2c608560d2f56e,197,1,1.0451960563659668,5.0,,,0.53125,0.08260945592259987,1.901954660202138,1.9039638210567518,0.09576686874342134,530.0792399258502,2.06289190840763,0.04600243641049529,0.12120565985371508,0.12180893026680764,0.0023561449343144736,0.0018865104017147948,0.0975295749553096,17.134771271632353,0.9961083329566055,0.3490113612288397,1.7450568061441984,0.4788343437171067,0.041304727961299935,11.592724788168395,1.4326181194735592,0.0,0.0,0.0005670832470059395,0.00048799067735671997,0.015984022989869118,0.0011847484856843948,5.531124770641327e-06,10905008,True,True,True,
42,dp_fisher_wiener_adaptive_beta_lr5p00,dp_fisher_wiener_adaptive_beta,6f5bfa6c60eeb2ad400161beec4006ab7b7da4908d9989b6db2c608560d2f56e,198,1,1.0821980237960815,5.0,,,0.48828125,0.10319554459776983,1.8966451061374516,1.8995755278409452,0.09843659752247005,337.7926961339108,1.5771645583487142,0.05553767224589143,0.1744082135993911,0.12286544571375183,0.0023172067609294688,0.002960395566129678,0.15696929891839217,17.244649733347828,0.9953309690339691,0.35052167652479327,1.7526083826239662,0.49218298761235024,0.05159777229888492,9.538841807971776,1.4264453056249358,0.0,0.0,0.0007590558379888535,0.0006979955360293388,0.014520995318889618,0.0015769032761454582,7.390044629573822e-06,10905008,True,True,True,
42,dp_fisher_wiener_adaptive_beta_lr5p00,dp_fisher_wiener_adaptive_beta,6f5bfa6c60eeb2ad400161beec4006ab7b7da4908d9989b6db2c608560d2f56e,199,1,1.0228767395019531,5.0,1.0582139246940612,0.7762,0.51171875,0.09306837617819189,1.901773241580293,1.904054271952154,0.09564573967916702,417.55452240122173,1.751251838819899,0.04893403584045152,0.14834267592331302,0.12264826019067863,0.002276457795264039,0.0023948968248112715,0.12902937603701536,17.31401788733207,0.9958059325312811,0.3502117362263558,1.751058681131779,0.4782286983958351,0.04653418808909594,10.2769322518301,1.4277077215807592,0.0,0.0,0.0006099380552768707,0.0005891518667340279,0.014677249826490879,0.0013950979337096214,6.645917892456055e-06,10905008,True,True,True,
42,dp_fisher_wiener_adaptive_beta_lr5p00,dp_fisher_wiener_adaptive_beta,6f5bfa6c60eeb2ad400161beec4006ab7b7da4908d9989b6db2c608560d2f56e,200,1,0.9704773426055908,5.0,,,0.5,0.06030482304741768,1.9031958840925531,1.9042892085250553,0.06827683115560856,996.0081327609886,1.190706049774011,0.03395870761981584,0.4818780012648771,0.3879482960388588,0.0008543470425687568,0.001004007865832072,0.45590740218317627,26.57139527826827,0.9988045217598043,0.6228549558595956,3.114274779297978,0.3413841557780428,0.03015241152370884,11.321951993733254,0.8027551122382136,0.148039348423481,0.004646142013370991,0.0006982069462537766,0.000599544495344162,0.014568941667675972,0.001502329483628273,6.5583735704422e-06,10905008,True,True,True,
42,dp_fisher_wiener_adaptive_beta_lr5p00,dp_fisher_wiener_adaptive_beta,6f5bfa6c60eeb2ad400161beec4006ab7b7da4908d9989b6db2c608560d2f56e,201,1,2.9952034950256348,5.0,,,0.58203125,0.20959064791009385,1.8986364385258274,1.9103996464008266,0.16379220422886984,82.06157020955993,0.32015486498350315,0.1108070703933877,0.8257124780892164,0.49856741319023495,0.0008215528617949363,0.012185972038108298,7.395176667099856,27.830883762419724,0.9960986017673579,0.7060930626979952,3.530465313489976,0.8189610211443492,0.10479532395504693,7.814862249844625,0.7081219550419916,0.0,0.0,0.0006629088893532753,0.0005756784230470657,0.014514049515128136,0.0013965414837002754,6.407499313354492e-06,10905008,True,True,True,
42,dp_fisher_wiener_adaptive_beta_lr5p00,dp_fisher_wiener_adaptive_beta,6f5bfa6c60eeb2ad400161beec4006ab7b7da4908d9989b6db2c608560d2f56e,202,1,7.120962142944336,5.0,,,0.75,0.2803493047373505,1.901812148227841,1.9222611611844866,0.18403828324722718,46.018903627228084,0.3487701862140897,0.14547497193297582,0.8242462080936195,0.4072897235236992,0.0007539657792053299,0.021730200443005086,11.738579616626,27.325518175305756,0.9924211539449272,0.6381925442401369,3.190962721200685,0.9201914162361359,0.14017465236867524,6.564606372693998,0.7834626156508,0.0,0.0,0.0006629126146435738,0.0006157513707876205,0.01475769467651844,0.00144927017390728,6.387010216712952e-06,10905008,True,True,True,
42,dp_fisher_wiener_adaptive_beta_lr5p00,dp_fisher_wiener_adaptive_beta,6f5bfa6c60eeb2ad400161beec4006ab7b7da4908d9989b6db2c608560d2f56e,203,1,12.530403137207031,5.0,,,0.82421875,0.47931732608984373,1.8990694208304928,1.9575808681516063,0.28795847954027803,15.697678337444179,0.3865833890727363,0.24267404412826438,0.810911057721776,0.35535202060067383,0.0009139676712617279,0.0637036878001276,24.76809069348163,25.897279549305935,0.9753732124736879,0.5961141003202942,2.980570501601471,1.4397923977013902,0.23965866304492187,6.007679336112738,0.8387655982814523,0.0,0.0,0.0006897971034049988,0.0006089638918638229,0.014609838835895061,0.0014443378895521164,6.051734089851379e-06,10905008,True,True,True,
42,dp_fisher_wiener_adaptive_beta_lr5p00,dp_fisher_wiener_adaptive_beta,6f5bfa6c60eeb2ad400161beec4006ab7b7da4908d9989b6db2c608560d2f56e,204,1,4.613042831420898,5.0,,,0.78125,0.2740907821863265,1.898245475804799,1.9187677294683356,0.1657077966567679,47.96405435414787,0.5073883501403745,0.14589716824467466,0.7096911630712387,0.30692639363904567,0.0008825219459784305,0.02084894643398578,7.2509153652097345,25.413087223928077,0.9894214874665541,0.5540093804612388,2.770046902306194,0.8285389832838396,0.13704539109316324,6.045726723597398,0.9025117942638878,0.0,0.0,0.0006892858073115349,0.0006075622513890266,0.014692893251776695,0.0014477111399173737,6.255693733692169e-06,10905008,True,True,True,
42,dp_fisher_wiener_adaptive_beta_lr5p00,dp_fisher_wiener_adaptive_beta,6f5bfa6c60eeb2ad400161beec4006ab7b7da4908d9989b6db2c608560d2f56e,205,1,4.1243085861206055,5.0,,,0.69140625,0.26377861674077496,1.8955687510512844,1.9134777651166268,0.16027599775464893,51.64162602197812,0.4663089101276358,0.1365028756271068,0.7429761613072547,0.3428527518951856,0.0007875244122751437,0.01936422372834969,8.430313127878525,26.388436142367876,0.9909702899376358,0.5855362942595324,2.927681471297662,0.8013799887732447,0.13188930837038748,6.076155820884559,0.8539180318983383,0.0,0.0,0.000695396214723587,0.0006107548251748085,0.01461118459701538,0.0014378679916262627,6.78282231092453e-06,10905008,True,True,True,
42,dp_fisher_wiener_adaptive_beta_lr5p00,dp_fisher_wiener_adaptive_beta,6f5bfa6c60eeb2ad400161beec4006ab7b7da4908d9989b6db2c608560d2f56e,206,1,3.170154094696045,5.0,,,0.8671875,0.2909032655204585,1.89867399174755,1.9202098257933033,0.15861096762370774,42.59941253047773,0.5412829712049984,0.14936355120955033,0.6932771213948337,0.26867278611175094,0.0008838287512522216,0.02347450212540974,7.135952386454172,24.828555535836195,0.98729365174185,0.5183365567965962,2.591682783982981,0.7930548381185387,0.14545163276022924,5.452361194325011,0.9646242261767457,0.0,0.0,0.000693056732416153,0.0006076144054532051,0.014619995839893818,0.0014435453340411186,6.7194923758506775e-06,10905008,True,True,True,
42,dp_fisher_wiener_adaptive_beta_lr5p00,dp_fisher_wiener_adaptive_beta,6f5bfa6c60eeb2ad400161beec4006ab7b7da4908d9989b6db2c608560d2f56e,207,1,2.08540678024292,5.0,,,0.87109375,0.1521673366377876,1.8977636176564288,1.9035659934615137,0.09365534004983989,155.539734856479,0.6707728949195632,0.0780424510616624,0.5751953038812194,0.26106808257765524,0.000804021787346126,0.006429225309399324,2.0875871150428056,25.114859618928893,0.9956874499269378,0.5109482190767037,2.554741095383519,0.46827670024919943,0.0760836683188938,6.154759761061072,0.9785727424640681,0.0,0.0,0.0006885211914777756,0.0006057601422071457,0.014537730254232883,0.0014864644035696983,6.220303475856781e-06,10905008,True,True,True,
42,dp_fisher_wiener_adaptive_beta_lr5p00,dp_fisher_wiener_adaptive_beta,6f5bfa6c60eeb2ad400161beec4006ab7b7da4908d9989b6db2c608560d2f56e,208,1,1.3303005695343018,5.0,,,0.8984375,0.13574215897389308,1.8985193774902636,1.9032455467666547,0.08684602803901773,195.6142836893023,0.7087753336703772,0.0704347307720645,0.5474884738316984,0.23705228637430384,0.0007980522453849894,0.005112101126182427,1.5184911348730958,24.728128243859434,0.9963766688183366,0.4868801560695443,2.4344007803477217,0.43423014019508865,0.06787107948694654,6.397867007142638,1.0269467624956043,0.0,0.0,0.0006847195327281952,0.000606585294008255,0.014527897350490093,0.0014744102954864502,6.452202796936035e-06,10905008,True,True,True,
42,dp_fisher_wiener_adaptive_beta_lr5p00,dp_fisher_wiener_adaptive_beta,6f5bfa6c60eeb2ad400161beec4006ab7b7da4908d9989b6db2c608560d2f56e,209,1,1.6880038976669312,5.0,,,0.796875,0.15285714372800854,1.89610906165074,1.9025086896105878,0.09199903341491592,153.87042282746236,0.6803621498508595,0.08196883125608267,0.5664718623651271,0.23971956894489255,0.0008045688027099793,0.006498974796983831,1.9363557612441435,24.741402991738028,0.9955783435351083,0.48961165115312827,2.448058255765641,0.45999516707457955,0.07642857186400427,6.018628319878443,1.0212175278537265,0.0,0.0,0.0006906082853674889,0.0006073731929063797,0.014519214630126953,0.0014881128445267677,6.511807441711426e-06,10905008,True,True,True,
42,dp_fisher_wiener_adaptive_beta_lr5p00,dp_fisher_wiener_adaptive_beta,6f5bfa6c60eeb2ad400161beec4006ab7b7da4908d9989b6db2c608560d2f56e,210,1,1.3020647764205933,5.0,,,0.8203125,0.21873391680977583,1.8950788582455738,1.9082682689078259,0.13708460610567774,75.0623770763389,0.5348518413211163,0.11740264829060813,0.6844573996067483,0.2963745072775596,0.0009363419570014749,0.013322253290244383,4.216810134489323,25.004063604865948,0.9928745682970176,0.5444028905852353,2.7220144529261763,0.6854230305283887,0.10936695840488792,6.267185633750678,0.9184374452192559,0.0,0.0,0.0007152045145630836,0.0006685405969619751,0.014534207060933113,0.0015234993770718575,6.6999346017837524e-06,10905008,True,True,True,
42,dp_fisher_wiener_adaptive_beta_lr5p00,dp_fisher_wiener_adaptive_beta,6f5bfa6c60eeb2ad400161beec4006ab7b7da4908d9989b6db2c608560d2f56e,211,1,2.59871768951416,5.0,,,0.78125,0.24658920953236543,1.9022098774133445,1.9180606041829071,0.1371684657399951,59.507092057374855,0.6296945625925743,0.12829515582756013,0.6109825362436517,0.248014612473114,0.0008588675094598799,0.016804719662979153,4.852687973121206,24.605510951902076,0.9894181594021555,0.4980106549795034,2.4900532748975173,0.6858423286999755,0.12329460476618272,5.562630497863649,1.0039945832475703,0.0,0.0,0.0007151952013373375,0.0006325896829366684,0.014186566695570946,0.0015191072598099709,6.7818909883499146e-06,10905008,True,True,True,
42,dp_fisher_wiener_adaptive_beta_lr5p00,dp_fisher_wiener_adaptive_beta,6f5bfa6c60eeb2ad400161beec4006ab7b7da4908d9989b6db2c608560d2f56e,212,1,1.8874355554580688,5.0,,,0.8984375,0.1749121564619504,1.900907924151402,1.9093337883654118,0.09769143254249646,118.10877737490223,0.7447460701627108,0.0938701842525944,0.5077689492936756,0.21024808533737552,0.0009211894669547954,0.00846677124421351,1.9324172783840499,23.583830858187568,0.9936944053886992,0.4585281728938534,2.292640864469267,0.4884571627124823,0.0874560782309752,5.585171123462238,1.090445537606381,0.0,0.0,0.0006602304056286812,0.0005826279520988464,0.01452499721199274,0.0013851774856448174,6.289221346378326e-06,10905008,True,True,True,
42,dp_fisher_wiener_adaptive_beta_lr5p00,dp_fisher_wiener_adaptive_beta,6f5bfa6c60eeb2ad400161beec4006ab7b7da4908d9989b6db2c608560d2f56e,213,1,1.0699808597564697,5.0,,,0.8515625,0.12187081902263192,1.9031560117316186,1.9066627415495212,0.07458256973848415,243.8649150743105,0.8429986706727152,0.06070689082141344,0.4342634088568813,0.1972136378132606,0.0008190923358743537,0.004100630874382546,0.9873127807806359,23.816040816414645,0.9965431736237432,0.444087421363475,2.220437106817375,0.37291284869242075,0.06093540951131596,6.119805408332399,1.1259044412105426,0.0,0.0,0.0007054125890135765,0.0006087571382522583,0.01466086320579052,0.0014411583542823792,6.543472409248352e-06,10905008,True,True,True,
42,dp_fisher_wiener_adaptive_beta_lr5p00,dp_fisher_wiener_adaptive_beta,6f5bfa6c60eeb2ad400161beec4006ab7b7da4908d9989b6db2c608560d2f56e,214,1,1.159310221672058,5.0,,,0.7734375,0.10613723683629397,1.8913701100350149,1.8941366724333453,0.07111141893750983,317.5539276955454,0.9038044122793569,0.054064174408983326,0.4067857911957289,0.1881181660818191,0.0007618753511843019,0.0031490714259711505,0.777551787741557,23.92546812856083,0.9971538553503718,0.43372591124098075,2.1686295562049036,0.35555709468754915,0.05306861841814699,6.699950088756509,1.1528017742086065,0.0,0.0,0.0007013622671365738,0.0006069410592317581,0.014701730571687222,0.0014460030943155289,6.881542503833771e-06,10905008,True,True,True,
42,dp_fisher_wiener_adaptive_beta_lr5p00,dp_fisher_wiener_adaptive_beta,6f5bfa6c60eeb2ad400161beec4006ab7b7da4908d9989b6db2c608560d2f56e,215,1,0.9032511711120605,5.0,,,0.7109375,0.13126303344569729,1.9006709189100124,1.905558133328578,0.07817799483046839,209.66647168080746,0.7886111806804021,0.07162662587347872,0.4752552225250887,0.199648134066041,0.0007775123454752397,0.004769479792954532,1.224697905296009,24.095579618076645,0.9962387349090285,0.4468200242447075,2.2341001212235376,0.39088997415234195,0.06563151672284864,5.955827225463213,1.119018783556237,0.0,0.0,0.0006766291335225105,0.000605480745434761,0.014667469076812267,0.001436430960893631,6.204470992088318e-06,10905008,True,True,True,
42,dp_fisher_wiener_adaptive_beta_lr5p00,dp_fisher_wiener_adaptive_beta,6f5bfa6c60eeb2ad400161beec4006ab7b7da4908d9989b6db2c608560d2f56e,216,1,1.2861332893371582,5.0,,,0.734375,0.16735591170709285,1.8962359022542312,1.9040012816276863,0.10171532438428268,128.38154973415007,0.7434634845288723,0.09025424455836306,0.5149336640256327,0.2176976934758463,0.0008673277136981084,0.007789281263817096,1.9550955627305684,23.996706038906247,0.9942089538094203,0.46658085416768474,2.3329042708384238,0.5085766219214134,0.08367795585354643,6.0777849641242305,1.0716256261540322,0.0,0.0,0.0006698351353406906,0.0006093671545386314,0.014751248992979527,0.001445847563445568,6.441026926040649e-06,10905008,True,True,True,
42,dp_fisher_wiener_adaptive_beta_lr5p00,dp_fisher_wiener_adaptive_beta,6f5bfa6c60eeb2ad400161beec4006ab7b7da4908d9989b6db2c608560d2f56e,217,1,1.7282066345214844,5.0,,,0.77734375,0.18596228488464042,1.899316478953344,1.907882693612493,0.10174568910658607,104.31455874634972,0.710150235758548,0.09469609710050803,0.5384470003339968,0.2365335840439259,0.0008138554138187625,0.009586389589226911,2.7861252113995323,24.63345555464921,0.9931922231729403,0.4863471846777011,2.4317359233885054,0.5087284455329304,0.09298114244232021,5.471307752999947,1.0280721586376993,0.0,0.0,0.0006927866488695145,0.0006107259541749954,0.014675615355372429,0.0014517847448587418,6.540678441524506e-06,10905008,True,True,True,
42,dp_fisher_wiener_adaptive_beta_lr5p00,dp_fisher_wiener_adaptive_beta,6f5bfa6c60eeb2ad400161beec4006ab7b7da4908d9989b6db2c608560d2f56e,218,1,1.2524566650390625,5.0,,,0.76171875,0.1132768205007162,1.8943201521213586,1.8972650259815076,0.07498008933963055,279.6563323329868,0.9139955249606085,0.0558296297548601,0.3959255457012147,0.1796069997285113,0.000840095035938285,0.00357581747418145,0.7644871359514904,23.29994839457815,0.9967317188302675,0.42380066036818687,2.119003301840934,0.3749004466981527,0.0566384102503581,6.6191908465362195,1.1797999549232259,0.0,0.0,0.0007010716944932938,0.0006066570058465004,0.01476669404655695,0.001444048248231411,6.606802344322205e-06,10905008,True,True,True,
42,dp_fisher_wiener_adaptive_beta_lr5p00,dp_fisher_wiener_adaptive_beta,6f5bfa6c60eeb2ad400161beec4006ab7b7da4908d9989b6db2c608560d2f56e,219,1,1.0992332696914673,5.0,,,0.71484375,0.13035430949628152,1.8983314372821902,1.9028348765235528,0.07205751911445857,212.07686403904256,0.8346293412078244,0.06875945938395579,0.425971363483172,0.1715409777735092,0.0006925402198098205,0.004715271533611398,1.1679643520038638,23.939228805041427,0.9960644960260543,0.41417505691858025,2.0708752845929013,0.36028759557229284,0.06517715474814076,5.527820245590616,1.2072190047337503,0.0,0.0,0.0006790421903133392,0.0006051277741789818,0.014770204201340675,0.001452854834496975,6.465241312980652e-06,10905008,True,True,True,
42,dp_fisher_wiener_adaptive_beta_lr5p00,dp_fisher_wiener_adaptive_beta,6f5bfa6c60eeb2ad400161beec4006ab7b7da4908d9989b6db2c608560d2f56e,220,1,1.3063417673110962,5.0,,,0.74609375,0.14528648764373572,1.9000499692543653,1.905478159890348,0.07868020179785712,171.03287488207215,0.8288521684811371,0.07543212881008649,0.428792084295541,0.1699527026345775,0.0008547131109676793,0.005846829158674038,1.162594096584446,22.985077091309286,0.9951538429728647,0.41225320209135735,2.061266010456787,0.3934010089892856,0.07264324382186786,5.415520952623597,1.2128468559183798,0.0,0.0,0.000706864520907402,0.0006079580634832382,0.014705275185406208,0.0014323415234684944,6.590038537979126e-06,10905008,True,True,True,
42,dp_fisher_wiener_adaptive_beta_lr5p00,dp_fisher_wiener_adaptive_beta,6f5bfa6c60eeb2ad400161beec4006ab7b7da4908d9989b6db2c608560d2f56e,221,1,1.128495454788208,5.0,,,0.640625,0.10832742824532805,1.8928101195468217,1.8958830904762969,0.06708729782227392,305.30733092875573,0.9673544716133683,0.056913563251577974,0.33600730973630816,0.15647405420552266,0.0008328935359057633,0.003275388104414227,0.6153406570850686,22.73852843401277,0.9968315386706557,0.39556801463910435,1.9778400731955217,0.3354364891113696,0.054163714122664026,6.193011216799441,1.2640051305839528,0.0,0.0,0.0007477421313524246,0.0006654048338532448,0.01403811015188694,0.0016029523685574532,7.034279406070709e-06,10905008,True,True,True,
42,dp_fisher_wiener_adaptive_beta_lr5p00,dp_fisher_wiener_adaptive_beta,6f5bfa6c60eeb2ad400161beec4006ab7b7da4908d9989b6db2c608560d2f56e,222,1,0.8383767604827881,5.0,,,0.68359375,0.09578756664958926,1.8969737447588657,1.8995216104982011,0.0674307469814652,392.19708235610614,1.0279854464226315,0.05179489172406384,0.33210356877233344,0.16560640387742417,0.0008519722920500576,0.0025497384985203836,0.49561825826521877,22.88651655540258,0.9973789059310518,0.4069476672465689,2.0347383362328446,0.33715373490732603,0.04789378332479463,7.039613734706604,1.228659211592979,0.0,0.0,0.0005834875628352165,0.00048570428043603897,0.015891042537987232,0.0011818595230579376,5.280598998069763e-06,10905008,True,True,True,
42,dp_fisher_wiener_adaptive_beta_lr5p00,dp_fisher_wiener_adaptive_beta,6f5bfa6c60eeb2ad400161beec4006ab7b7da4908d9989b6db2c608560d2f56e,223,1,0.986108660697937,5.0,,,0.6875,0.14145218555359376,1.8984558206722324,1.9038069738577998,0.07646298084011775,180.12818206971656,0.8337092168106809,0.0749267777970231,0.424092808699672,0.17346361726298024,0.0007173650691780065,0.005551602133877673,1.3424141051730059,23.834681726790173,0.9953715781326891,0.4164896364412688,2.082448182206344,0.3823149042005888,0.07072609277679688,5.405570832277183,1.2005100637583497,0.0,0.0,0.0006499746814370155,0.000676741823554039,0.015202317386865616,0.0015809573233127594,6.7604705691337585e-06,10905008,True,True,True,
42,dp_fisher_wiener_adaptive_beta_lr5p00,dp_fisher_wiener_adaptive_beta,6f5bfa6c60eeb2ad400161beec4006ab7b7da4908d9989b6db2c608560d2f56e,224,1,1.3657290935516357,5.0,,,0.63671875,0.1453053250688416,1.901276664559088,1.9062705724086157,0.07301485644439742,171.20938806315377,0.8250435131674022,0.07243581760519105,0.4253349263930983,0.17196210636529588,0.0007334447312923504,0.005840801204099229,1.3694235362722196,23.700653627735733,0.9951810848546293,0.41468313971669485,2.0734156985834744,0.3650742822219871,0.0726526625344208,5.024926402993148,1.20573988211912,0.0,0.0,0.0006913961842656136,0.0006092814728617668,0.01466388814151287,0.001450621522963047,6.12158328294754e-06,10905008,True,True,True,
42,dp_fisher_wiener_adaptive_beta_lr5p00,dp_fisher_wiener_adaptive_beta,6f5bfa6c60eeb2ad400161beec4006ab7b7da4908d9989b6db2c608560d2f56e,225,1,1.1555982828140259,5.0,,,0.671875,0.13289858312738712,1.9004873779805933,1.9050653303648832,0.0786145952187627,204.49810010086048,0.8591176792898879,0.06928589449830813,0.41485045276731847,0.17614866130311696,0.0008467165049788955,0.004890020980390012,1.0173070256005432,23.181413212444735,0.9957988965234106,0.41970068060835564,2.098503403041778,0.3930729760938135,0.06644929156369356,5.915382494501484,1.191325206511601,0.0,0.0,0.0006898008286952972,0.0006038174033164978,0.014665081165730953,0.0014451369643211365,6.683170795440674e-06,10905008,True,True,True,
42,dp_fisher_wiener_adaptive_beta_lr5p00,dp_fisher_wiener_adaptive_beta,6f5bfa6c60eeb2ad400161beec4006ab7b7da4908d9989b6db2c608560d2f56e,226,1,1.4179519414901733,5.0,,,0.609375,0.15123842023480344,1.9013810432917333,1.9073561076896541,0.08037445578410304,158.0571165526732,0.8086796198950535,0.07909179021968687,0.4457221932597476,0.17303788607384535,0.0008266686712048848,0.006326826793798618,1.3243283213335768,23.208097214862104,0.9948836241130254,0.4159782278843994,2.079891139421997,0.40187227892051525,0.07561921011740172,5.314420479812982,1.201985985039939,0.0,0.0,0.0006887810304760933,0.0006124759092926979,0.014700567349791527,0.001438072882592678,6.509944796562195e-06,10905008,True,True,True,
42,dp_fisher_wiener_adaptive_beta_lr5p00,dp_fisher_wiener_adaptive_beta,6f5bfa6c60eeb2ad400161beec4006ab7b7da4908d9989b6db2c608560d2f56e,227,1,1.2076035737991333,5.0,,,0.66015625,0.15007458689702807,1.8983238490410723,1.9038815386082306,0.07777259099814506,160.00232544269892,0.8445641994911911,0.07639159272783622,0.4090821794032297,0.15384982405929373,0.0007731323047062614,0.006249909163435558,1.2437035925487812,22.98843183432,0.994721550470256,0.3922369488705695,1.9611847443528474,0.38886295499072526,0.07503729344851404,5.182262540590656,1.274739673145162,0.0,0.0,0.0006839241832494736,0.000607149675488472,0.014825670048594475,0.001431426964700222,6.7427754402160645e-06,10905008,True,True,True,
42,dp_fisher_wiener_adaptive_beta_lr5p00,dp_fisher_wiener_adaptive_beta,6f5bfa6c60eeb2ad400161beec4006ab7b7da4908d9989b6db2c608560d2f56e,228,1,0.9655972719192505,5.0,,,0.609375,0.11929374128202522,1.8991100235481004,1.9029876268621218,0.0766699078183279,253.434032416761,0.9124040882615827,0.0638153541292937,0.3894962181625803,0.15899132675354072,0.0008328043098166017,0.00394579997955838,0.7532957818475416,22.808304692321414,0.9963998359669355,0.39873716500163453,1.9936858250081726,0.3833495390916395,0.05964687064101261,6.4269849359309905,1.253958857827302,0.0,0.0,0.0006854552775621414,0.0006028749048709869,0.014745023101568222,0.001439996063709259,6.320886313915253e-06,10905008,True,True,True,
42,dp_fisher_wiener_adaptive_beta_lr5p00,dp_fisher_wiener_adaptive_beta,6f5bfa6c60eeb2ad400161beec4006ab7b7da4908d9989b6db2c608560d2f56e,229,1,1.188263177871704,5.0,,,0.6640625,0.15464628881771098,1.896915270627574,1.902635656459404,0.07853198947232348,150.4585460748212,0.859794243503835,0.07757453676816153,0.39195598466068166,0.15617095896085217,0.0008415759329827502,0.006646348951561851,1.2333607086121152,22.685069696568,0.9942855074308904,0.39518471498889246,1.9759235749444624,0.3926599473616174,0.07732314440885549,5.0781683848797226,1.265231121129744,0.0,0.0,0.0006742766126990318,0.0006160959601402283,0.014768972061574459,0.001434902660548687,6.270594894886017e-06,10905008,True,True,True,
42,dp_fisher_wiener_adaptive_beta_lr5p00,dp_fisher_wiener_adaptive_beta,6f5bfa6c60eeb2ad400161beec4006ab7b7da4908d9989b6db2c608560d2f56e,230,1,1.0665994882583618,5.0,,,0.57421875,0.11263679232544768,1.8969264198497167,1.9007394744905437,0.07180613362711868,283.62233120053565,0.9187039453129777,0.06344843010263913,0.3825122453996244,0.16404547044174125,0.000759612515969556,0.003525815459198979,0.7614330245609375,23.34372131174641,0.9967608194269331,0.4050252713618513,2.0251263568092566,0.3590306681355934,0.05631839616272384,6.375015849028288,1.2344908709463303,0.0,0.0,0.0006913682445883751,0.0006096391007304192,0.014837701804935932,0.0014549149200320244,6.434507668018341e-06,10905008,True,True,True,
42,dp_fisher_wiener_adaptive_beta_lr5p00,dp_fisher_wiener_adaptive_beta,6f5bfa6c60eeb2ad400161beec4006ab7b7da4908d9989b6db2c608560d2f56e,231,1,1.098886489868164,5.0,,,0.6328125,0.1379748859533605,1.8956066692220959,1.9004350156984955,0.07453608689784087,188.75408893943026,0.8588625657555061,0.07125080135203064,0.4007382688731436,0.15096004362243537,0.0007425645535161515,0.005297898475026334,1.0770390006531483,23.08127798190645,0.9954498333223877,0.38853576878124796,1.94267884390624,0.37268043448920435,0.06898744297668025,5.402148831777675,1.2868828050686407,0.0,0.0,0.0006868783384561539,0.0006043482571840286,0.014867695979773998,0.0014565801247954369,6.778165698051453e-06,10905008,True,True,True,
42,dp_fisher_wiener_adaptive_beta_lr5p00,dp_fisher_wiener_adaptive_beta,6f5bfa6c60eeb2ad400161beec4006ab7b7da4908d9989b6db2c608560d2f56e,232,1,1.1566405296325684,5.0,,,0.66015625,0.12386913291224518,1.8988477260543313,1.902985155790916,0.07465218064402968,234.9925438256109,0.9467679355036874,0.0659113157745053,0.3454984237311107,0.16218665300280097,0.000985295106081315,0.004255454167416705,0.7004783277730854,22.164487856237187,0.9959710724430217,0.4027240407559511,2.0136202037797553,0.3732609032201484,0.06193456645612259,6.0266976031641,1.2415449523703905,0.0,0.0,0.000680193305015564,0.0006118742749094963,0.014739830046892166,0.0014479458332061768,6.554648280143738e-06,10905008,True,True,True,
42,dp_fisher_wiener_adaptive_beta_lr5p00,dp_fisher_wiener_adaptive_beta,6f5bfa6c60eeb2ad400161beec4006ab7b7da4908d9989b6db2c608560d2f56e,233,1,1.0740152597427368,5.0,,,0.57421875,0.05420100700195956,1.8970484231692635,1.897537055253587,0.055611906416278355,1225.0170190131366,1.7537917822068267,0.023295960248654355,0.14568156459163092,0.1170690685534903,0.0008001275943046557,0.0008163151892084871,0.11943752412275675,21.652829140761014,0.9985683531289882,0.34215357451514417,1.7107678725757207,0.2780595320813918,0.02710050350097978,10.260308708326347,1.4613320954108813,0.0,0.0,0.0006225481629371643,0.0006046341732144356,0.01480652205646038,0.0014355788007378578,6.49038702249527e-06,10905008,True,True,True,
42,dp_fisher_wiener_adaptive_beta_lr5p00,dp_fisher_wiener_adaptive_beta,6f5bfa6c60eeb2ad400161beec4006ab7b7da4908d9989b6db2c608560d2f56e,234,2,0.9400975704193115,5.0,,,0.6171875,0.07766763301647425,1.8939710791068745,1.8955170886689996,0.06025143622369957,594.6570146809594,1.2307493246494894,0.040384526088064615,0.23915525372903007,0.13785682862227572,0.0007917246528970259,0.0016816416440836198,0.29281112194882253,22.408541147417715,0.9979303206818986,0.371290760216674,1.85645380108337,0.30125718111849786,0.038833816508237126,7.757599128760367,1.346653495246875,0.0,0.0,0.0006980989128351212,0.0006177006289362907,0.014158885926008224,0.0014499211683869362,6.75395131111145e-06,10905008,True,True,True,
42,dp_fisher_wiener_adaptive_beta_lr5p00,dp_fisher_wiener_adaptive_beta,6f5bfa6c60eeb2ad400161beec4006ab7b7da4908d9989b6db2c608560d2f56e,235,2,1.0468695163726807,5.0,,,0.60546875,0.07169583504650266,1.8970937782409785,1.898397163190267,0.05979866962249613,700.1478259439281,1.3394705690266542,0.037056381898377504,0.21352554475102778,0.13331215742937078,0.0008291133818249866,0.0014282698063898102,0.2296498083714188,22.06255831750015,0.9980868746293393,0.36511937421803675,1.8255968710901838,0.29899334811248063,0.03584791752325133,8.340605780243994,1.3694151428405106,0.0,0.0,0.0006843963637948036,0.0006054788827896118,0.014237326569855213,0.0014469549059867859,6.944872438907623e-06,10905008,True,True,True,
42,dp_fisher_wiener_adaptive_beta_lr5p00,dp_fisher_wiener_adaptive_beta,6f5bfa6c60eeb2ad400161beec4006ab7b7da4908d9989b6db2c608560d2f56e,236,2,1.0028162002563477,5.0,,,0.6171875,0.08962680409067952,1.8973957767988876,1.899794927937538,0.06868099672155331,448.1671682094067,1.1892392650264358,0.050339877549435114,0.25967386268001297,0.1445290539167199,0.0010276251387396518,0.0022313102583364245,0.3138198438591468,21.48120439704006,0.9973464382279997,0.3801697698617289,1.9008488493086446,0.34340498360776656,0.04481340204533976,7.662997405389243,1.3152018904094853,0.0,0.0,0.0007209042087197304,0.0006087068468332291,0.014235018752515316,0.0014492077752947807,6.668269634246826e-06,10905008,True,True,True,
42,dp_fisher_wiener_adaptive_beta_lr5p00,dp_fisher_wiener_adaptive_beta,6f5bfa6c60eeb2ad400161beec4006ab7b7da4908d9989b6db2c608560d2f56e,237,2,1.0548067092895508,5.0,,,0.5390625,0.05916972040673981,1.8954072995585778,1.8961484353534888,0.05840030188653231,1026.1386913176104,1.6291573299604851,0.02812575212313897,0.17477499750239547,0.1354361511534039,0.0008501458895795106,0.0009745271357325455,0.15525124107573196,22.022411435994584,0.9984123419731225,0.3680165093489746,1.8400825467448731,0.29200150943266157,0.029584860203369905,9.86996414434741,1.3586347006093478,0.0,0.0,0.0007157055661082268,0.0006081368774175644,0.014203808270394802,0.0014530029147863388,6.64684921503067e-06,10905008,True,True,True,
42,dp_fisher_wiener_adaptive_beta_lr5p00,dp_fisher_wiener_adaptive_beta,6f5bfa6c60eeb2ad400161beec4006ab7b7da4908d9989b6db2c608560d2f56e,238,2,0.9043378829956055,5.0,,,0.5625,0.07653417346339426,1.8945676795432305,1.8961970274129656,0.0668005071973688,612.7868760728786,1.2910386545307395,0.04146097373178553,0.26968636617653713,0.14306364116018885,0.000933896946331054,0.00163188873468966,0.2499889792341681,21.852303185597016,0.9978931685632627,0.37823754594195014,1.8911877297097508,0.334002535986844,0.03826708673169713,8.728193455642838,1.3219205902827411,0.0,0.0,0.0007186448201537132,0.0006089638918638229,0.01427367888391018,0.001446354202926159,6.297603249549866e-06,10905008,True,True,True,
42,dp_fisher_wiener_adaptive_beta_lr5p00,dp_fisher_wiener_adaptive_beta,6f5bfa6c60eeb2ad400161beec4006ab7b7da4908d9989b6db2c608560d2f56e,239,2,1.1399643421173096,5.0,,,0.6171875,0.12256184463641241,1.8966672919480294,1.9006343307733058,0.0703206027967752,239.4813690155668,0.9023946616191867,0.06457622292421242,0.37193625488261395,0.14865071616164113,0.0007304821085241345,0.004175690175999237,0.849739271767554,23.08557422269304,0.9962318794763517,0.3855524817215435,1.9277624086077174,0.351603013983876,0.061280922318206206,5.737560739579131,1.2968403102118191,0.0,0.0,0.0007157409563660622,0.0006136344745755196,0.014285128563642502,0.001436801627278328,6.319954991340637e-06,10905008,True,True,True,
42,dp_fisher_wiener_adaptive_beta_lr5p00,dp_fisher_wiener_adaptive_beta,6f5bfa6c60eeb2ad400161beec4006ab7b7da4908d9989b6db2c608560d2f56e,240,2,1.2329087257385254,5.0,,,0.55078125,0.11421919134857625,1.8996634767098148,1.9032677872763841,0.07265858910344455,276.61465402094586,0.9435206339140682,0.06153228068741823,0.3624592047416226,0.15264542541403367,0.0008278424284534914,0.0036151374679063426,0.6665932762195459,22.6573611232474,0.9965890432043331,0.39069863758917006,1.9534931879458504,0.3632929455172228,0.057109595674288124,6.361329321657642,1.2797587498231398,0.0,0.0,0.0006832480430603027,0.0006349915638566017,0.014398063533008099,0.0014394670724868774,6.427988409996033e-06,10905008,True,True,True,
42,dp_fisher_wiener_adaptive_beta_lr5p00,dp_fisher_wiener_adaptive_beta,6f5bfa6c60eeb2ad400161beec4006ab7b7da4908d9989b6db2c608560d2f56e,241,2,1.2351875305175781,5.0,,,0.65625,0.14430104714397474,1.8953093585312233,1.9011945066964857,0.08399566465078931,172.51277007807928,0.8352860029111716,0.07867079945848585,0.43252904415525484,0.1517095259721315,0.0006925910225383219,0.00579667232460007,1.2697398344070403,23.405359932760188,0.9951581207435665,0.389499070566454,1.94749535283227,0.4199783232539466,0.07215052357198737,5.820863140779527,1.2837001106871944,0.0,0.0,0.0006889216601848602,0.0006290087476372719,0.014422266744077206,0.0014579612761735916,6.269663572311401e-06,10905008,True,True,True,
42,dp_fisher_wiener_adaptive_beta_lr5p00,dp_fisher_wiener_adaptive_beta,6f5bfa6c60eeb2ad400161beec4006ab7b7da4908d9989b6db2c608560d2f56e,242,2,1.7339372634887695,5.0,,,0.56640625,0.15353166596890128,1.8999349608990372,1.9059726165615551,0.08314500647236828,153.13749676044085,0.8464114005147095,0.07953932455412456,0.4125795300476347,0.17327980793528855,0.0008988330899938724,0.006530079315072258,1.2588887768082635,22.850689053957048,0.9944728664212231,0.4162689130061102,2.081344565030551,0.4157250323618414,0.07676583298445064,5.415495620826955,1.201146625117931,0.0,0.0,0.0007027555257081985,0.0006056837737560272,0.014482032507658005,0.0014729788526892662,7.499009370803833e-06,10905008,True,True,True,
42,dp_fisher_wiener_adaptive_beta_lr5p00,dp_fisher_wiener_adaptive_beta,6f5bfa6c60eeb2ad400161beec4006ab7b7da4908d9989b6db2c608560d2f56e,243,2,1.1112957000732422,5.0,,,0.62109375,0.10756714114025955,1.8912219978995004,1.8939466551252055,0.06686947216313327,309.11904911833227,1.0046289012692824,0.053709224862741906,0.3071036113407323,0.13681804739575823,0.0008560490870289162,0.0032349995989101603,0.5170338185614999,22.03644719411461,0.9967500259070594,0.369889236658433,1.849446183292165,0.33434736081566635,0.05378357057012977,6.216533362609047,1.351756013545113,0.0,0.0,0.0006949519738554955,0.0006160754710435867,0.014501792378723621,0.0015157461166381836,7.084570825099945e-06,10905008,True,True,True,
42,dp_fisher_wiener_adaptive_beta_lr5p00,dp_fisher_wiener_adaptive_beta,6f5bfa6c60eeb2ad400161beec4006ab7b7da4908d9989b6db2c608560d2f56e,244,2,1.1367003917694092,5.0,,,0.5625,0.11762572858051155,1.8992088529433857,1.9027176295633905,0.07340314405140999,260.6998606627469,0.923594062316245,0.06071243275841471,0.3732387288005617,0.15438470082581252,0.0008293041774816731,0.0038358286705073904,0.7140845031776943,22.698904072321522,0.9964572514156009,0.39291818591891686,1.9645909295945843,0.36701572025705,0.05881286429025578,6.240398672635596,1.272529544106946,0.0,0.0,0.00069412961602211,0.0005842782557010651,0.014692327938973904,0.001416921615600586,6.891787052154541e-06,10905008,True,True,True,
42,dp_fisher_wiener_adaptive_beta_lr5p00,dp_fisher_wiener_adaptive_beta,6f5bfa6c60eeb2ad400161beec4006ab7b7da4908d9989b6db2c608560d2f56e,245,2,1.4305713176727295,5.0,,,0.5703125,0.1290476487814073,1.8934264456770362,1.8973869189338133,0.07094293251482371,215.27653018519527,0.897513650346637,0.06466465415958805,0.3680841853178281,0.14631557488055869,0.0007762127938077157,0.004645188210156519,0.8756147651985033,22.753097611317084,0.9958308801727049,0.3825121891921337,1.9125609459606685,0.35471466257411854,0.06452382439070364,5.497421548058876,1.3071478873776379,0.0,0.0,0.0006166454404592514,0.0006062109023332596,0.015218936838209629,0.0015913546085357666,5.955807864665985e-06,10905008,True,True,True,
42,dp_fisher_wiener_adaptive_beta_lr5p00,dp_fisher_wiener_adaptive_beta,6f5bfa6c60eeb2ad400161beec4006ab7b7da4908d9989b6db2c608560d2f56e,246,2,1.0474592447280884,5.0,,,0.55078125,0.1570524440096892,1.8902053141520505,1.896643156647265,0.08533965697013533,144.853355924831,0.8585709762298003,0.082324842903281,0.40182906008881986,0.1545233679335773,0.0008499029679514575,0.006903533532755081,1.2551518138439766,22.596248192629645,0.994072826475107,0.39309460430483817,1.965473021524191,0.4266982848506767,0.0785262220048446,5.43383183287384,1.2719584408515223,0.0,0.0,0.0006857104599475861,0.0006046993657946587,0.01470202300697565,0.0014400556683540344,6.763264536857605e-06,10905008,True,True,True,
42,dp_fisher_wiener_adaptive_beta_lr5p00,dp_fisher_wiener_adaptive_beta,6f5bfa6c60eeb2ad400161beec4006ab7b7da4908d9989b6db2c608560d2f56e,247,2,2.1086487770080566,5.0,,,0.6328125,0.2304377060631352,1.896761854784398,1.9107718213625287,0.10242030826629744,67.75143958636629,0.815738718974516,0.12087395138868953,0.4295166810584952,0.14485968543351785,0.0009447480233602526,0.014759833976754665,2.2631483247036503,21.856315456937573,0.9879598319392989,0.3806043686474419,1.9030218432372095,0.5121015413314872,0.1152188530315676,4.444598499750186,1.313700107477857,0.0,0.0,0.0006336076185107231,0.0006052153185009956,0.014783830381929874,0.0014525000005960464,6.096437573432922e-06,10905008,True,True,True,
42,dp_fisher_wiener_adaptive_beta_lr5p00,dp_fisher_wiener_adaptive_beta,6f5bfa6c60eeb2ad400161beec4006ab7b7da4908d9989b6db2c608560d2f56e,248,2,1.5518358945846558,5.0,,,0.5078125,0.13092040187811418,1.8995803405293814,1.9040230745317932,0.07147559278883898,210.52354426292953,0.9380098882850877,0.06827496982325817,0.3297464886928942,0.12644140250815322,0.000799523886444715,0.004750062533112442,0.7512027829284347,21.990578610547956,0.9955443943737081,0.3555859987515724,1.7779299937578619,0.3573779639441949,0.06546020093905709,5.459469399909898,1.4061296050858159,0.0,0.0,0.0007566064596176147,0.0006689019501209259,0.01422895211726427,0.001579759642481804,7.41519033908844e-06,10905008,True,True,True,
42,dp_fisher_wiener_adaptive_beta_lr5p00,dp_fisher_wiener_adaptive_beta,6f5bfa6c60eeb2ad400161beec4006ab7b7da4908d9989b6db2c608560d2f56e,249,2,0.947462797164917,5.0,,,0.59375,0.14531634381242506,1.9000494818867395,1.905863638171638,0.08269328919488983,170.96251480941052,0.8890754326467843,0.07807279985443388,0.3819920090452656,0.1464705780284787,0.0009179929916010416,0.0058492354365936305,0.9332760740475544,22.029110296679075,0.9947995884733114,0.38271474759731783,1.9135737379865891,0.41346644597444915,0.07265817190621253,5.6905704495629585,1.3064560567307433,0.0,0.0,0.0006867283955216408,0.0006113266572356224,0.014139343053102493,0.0014419164508581161,6.468966603279114e-06,10905008,True,True,True,
42,dp_fisher_wiener_adaptive_beta_lr5p00,dp_fisher_wiener_adaptive_beta,6f5bfa6c60eeb2ad400161beec4006ab7b7da4908d9989b6db2c608560d2f56e,250,2,1.6437431573867798,5.0,,,0.5546875,0.13738225365466322,1.8984151748268925,1.9032163094094778,0.09816499878290631,190.95064103019493,0.49346185029481,0.0709953174178032,0.7117205170374895,0.3462813670687502,0.0007121745744287846,0.005236955448547616,2.5463701689227998,26.868426584220426,0.9974157622743113,0.5884567673744182,2.942283836872091,0.49082499391453155,0.06869112682733161,7.145391502182943,0.8496800915894891,0.14396689273416996,0.004650779999792576,0.000587129034101963,0.0005041807889938354,0.0152298454195261,0.0015197722241282463,5.9176236391067505e-06,10905008,True,True,True,
42,dp_fisher_wiener_adaptive_beta_lr5p00,dp_fisher_wiener_adaptive_beta,6f5bfa6c60eeb2ad400161beec4006ab7b7da4908d9989b6db2c608560d2f56e,251,2,4.988389015197754,5.0,,,0.75,0.3090268738136761,1.8982292453622678,1.9226840021415232,0.18661799814779229,37.73156538146191,0.38746308625150905,0.1589948721393841,0.8091046096969864,0.33828509773213056,0.0006116564168871352,0.026503008552106508,14.657857886783447,27.427753300123868,0.9897310625113431,0.5816228139715038,2.908114069857519,0.9330899907389614,0.15451343690683805,6.038892211656113,0.8596636651595263,0.0,0.0,0.0007532201707363129,0.0007100338116288185,0.014282762072980404,0.0015686703845858574,7.175840437412262e-06,10905008,True,True,True,
42,dp_fisher_wiener_adaptive_beta_lr5p00,dp_fisher_wiener_adaptive_beta,6f5bfa6c60eeb2ad400161beec4006ab7b7da4908d9989b6db2c608560d2f56e,252,2,3.8776230812072754,5.0,,,0.6953125,0.21710953491542012,1.8993544939150735,1.9112373775967684,0.12630625434285708,76.5339737827159,0.4678610865652282,0.11136022068882928,0.748231808280802,0.29326039964153944,0.0007036140719393589,0.01306609275009765,5.4458370476550435,26.199189053268363,0.9938868836486475,0.5415352247467744,2.7076761237338722,0.6315312717142854,0.10855476745771006,5.817628156722779,0.9233009731414612,0.0,0.0,0.0007072323933243752,0.0006219921633601189,0.014151876792311668,0.0014393990859389305,6.600283086299896e-06,10905008,True,True,True,
42,dp_fisher_wiener_adaptive_beta_lr5p00,dp_fisher_wiener_adaptive_beta,6f5bfa6c60eeb2ad400161beec4006ab7b7da4908d9989b6db2c608560d2f56e,253,2,4.3409423828125,5.0,,,0.72265625,0.2692033587907406,1.899776543286004,1.918471925490601,0.15719202700302476,49.80169151479923,0.4321636444288177,0.13926956339350144,0.7781893507890756,0.3186764502956141,0.0006521278611293957,0.020079639256605587,9.812352055928201,26.890172156112335,0.9913223099199296,0.5645143490608667,2.8225717453043337,0.7859601350151237,0.1346016793953703,5.839155488548222,0.8857170784603096,0.0,0.0,0.0006840433925390244,0.0006294921040534973,0.014251591637730598,0.00144864059984684,6.584450602531433e-06,10905008,True,True,True,
42,dp_fisher_wiener_adaptive_beta_lr5p00,dp_fisher_wiener_adaptive_beta,6f5bfa6c60eeb2ad400161beec4006ab7b7da4908d9989b6db2c608560d2f56e,254,2,4.113960266113281,5.0,,,0.77734375,0.3240577979295512,1.8956583271978749,1.9231521973527015,0.19510939466265032,34.21961924373306,0.41372485681166427,0.168487753784563,0.7879141431637139,0.3332441194941192,0.000609395142098205,0.029223001952990404,15.980425306501012,27.378635064348916,0.9879097177012769,0.5772730025682122,2.886365012841061,0.9755469733132516,0.1620288989647756,6.020820850725589,0.8661413192279894,0.0,0.0,0.0006830384954810143,0.0006064688786864281,0.014342330396175385,0.0014739781618118286,6.573274731636047e-06,10905008,True,True,True,
42,dp_fisher_wiener_adaptive_beta_lr5p00,dp_fisher_wiener_adaptive_beta,6f5bfa6c60eeb2ad400161beec4006ab7b7da4908d9989b6db2c608560d2f56e,255,2,5.66526460647583,5.0,,,0.92578125,0.3237019356509994,1.89795977994947,1.9267810658486708,0.16147574032841927,34.3782224299044,0.5244346224376171,0.17237128495919357,0.7260908794638592,0.22227491275183844,0.0006748041020772922,0.02908818226507006,9.581407630120363,25.177127342926756,0.9847451501162758,0.47146040422482827,2.3573020211241413,0.8073787016420964,0.1618509678254997,4.988408240521531,1.0605344489555508,0.0,0.0,0.0006875442340970039,0.0006055543199181557,0.014438199810683727,0.001479567028582096,6.494112312793732e-06,10905008,True,True,True,
42,dp_fisher_wiener_adaptive_beta_lr5p00,dp_fisher_wiener_adaptive_beta,6f5bfa6c60eeb2ad400161beec4006ab7b7da4908d9989b6db2c608560d2f56e,256,2,1.936094880104065,5.0,,,0.87109375,0.2009146566931859,1.9022980718735816,1.9130343121830917,0.11612905126288894,89.6466151366132,0.5141721491641885,0.10579890890793112,0.7092658777566383,0.27539738563517674,0.0006085424435134022,0.011154910851358333,5.0481824511735685,26.556689389247357,0.99426445551368,0.5247831796420087,2.6239158982100435,0.5806452563144447,0.10045732834659295,5.780018898226627,0.9527744397984177,0.0,0.0,0.0006892085075378418,0.0006026970222592354,0.014410474337637424,0.0014713378623127937,6.341375410556793e-06,10905008,True,True,True,
42,dp_fisher_wiener_adaptive_beta_lr5p00,dp_fisher_wiener_adaptive_beta,6f5bfa6c60eeb2ad400161beec4006ab7b7da4908d9989b6db2c608560d2f56e,257,2,1.5814158916473389,5.0,,,0.8828125,0.18398319680744657,1.8988910383617725,1.9079714355535384,0.0999978488614236,106.52309306793155,0.5714676358282442,0.09745139599887127,0.6659803540913187,0.23768340934400978,0.0007102265394606284,0.009387635780839218,3.141652913954519,25.24601971370624,0.9946352699741486,0.48752785494165335,2.4376392747082667,0.499989244307118,0.09199159840372328,5.435162047161974,1.025582425559692,0.0,0.0,0.0005533434450626373,0.000485776923596859,0.015006680972874165,0.0011649969965219498,5.60469925403595e-06,10905008,True,True,True,
42,dp_fisher_wiener_adaptive_beta_lr5p00,dp_fisher_wiener_adaptive_beta,6f5bfa6c60eeb2ad400161beec4006ab7b7da4908d9989b6db2c608560d2f56e,258,2,1.2681877613067627,5.0,,,0.9140625,0.17480521379832012,1.8956081849583442,1.9039841339255672,0.10580881873976672,117.59487280103703,0.5698545643324402,0.09371561695107344,0.6579662927229041,0.26274110279668556,0.0007011008003656365,0.008503772113082954,3.1868319946919748,25.737475553279793,0.9951540866471582,0.5125827765314452,2.5629138826572264,0.5290440936988337,0.08740260689916006,6.052955540595721,0.9754522057538374,0.0,0.0,0.0006134724244475365,0.0006653666496276855,0.015107744373381138,0.0015869485214352608,6.833113729953766e-06,10905008,True,True,True,
42,dp_fisher_wiener_adaptive_beta_lr5p00,dp_fisher_wiener_adaptive_beta,6f5bfa6c60eeb2ad400161beec4006ab7b7da4908d9989b6db2c608560d2f56e,259,2,1.317694067955017,5.0,,,0.796875,0.1981932618064332,1.8955737106158057,1.9056498224585907,0.10992844846438038,91.47524543130004,0.5238897506428278,0.10270691326080743,0.7065230506094495,0.2615207118789058,0.0006568102517563752,0.010931919288757594,4.352738566145985,26.00066166737564,0.9942728795296195,0.511390957955756,2.55695478977878,0.5496422423219018,0.0990966309032166,5.546528043452528,0.9777255389843651,0.0,0.0,0.0006091156974434853,0.0006066635251045227,0.014645139686763287,0.0014387881383299828,6.3283368945121765e-06,10905008,True,True,True,
42,dp_fisher_wiener_adaptive_beta_lr5p00,dp_fisher_wiener_adaptive_beta,6f5bfa6c60eeb2ad400161beec4006ab7b7da4908d9989b6db2c608560d2f56e,260,2,1.6603806018829346,5.0,,,0.765625,0.19894010146216945,1.8966971254391156,1.90679118779766,0.10960148931072745,90.89736668107855,0.5769958719244437,0.1027711038235501,0.659365641829096,0.2437389085126769,0.0006239420191511162,0.011001418814288023,4.2976330018720414,25.917806277426205,0.9936522267586835,0.4936992085396501,2.4684960426982503,0.5480074465536373,0.09947005073108472,5.509270805839389,1.0127624094800045,0.0,0.0,0.0007540639489889145,0.0006637424230575562,0.014070654287934303,0.0015809005126357079,7.407739758491516e-06,10905008,True,True,True,
42,dp_fisher_wiener_adaptive_beta_lr5p00,dp_fisher_wiener_adaptive_beta,6f5bfa6c60eeb2ad400161beec4006ab7b7da4908d9989b6db2c608560d2f56e,261,2,1.796907901763916,5.0,,,0.7890625,0.2050862995440414,1.9023559918920985,1.9130395050870548,0.11945857601783451,86.04195770351438,0.5039569413440294,0.10554952319015193,0.717042756344611,0.28611983675941494,0.0007181797135848948,0.011622236716437513,4.630251186415493,26.00314834947951,0.9941428931326686,0.5349017075682363,2.6745085378411817,0.5972928800891726,0.1025431497720207,5.824795526676142,0.9347511756359113,0.0,0.0,0.0006596855819225311,0.0005856268107891083,0.014286842197179794,0.0014159493148326874,6.321817636489868e-06,10905008,True,True,True,
42,dp_fisher_wiener_adaptive_beta_lr5p00,dp_fisher_wiener_adaptive_beta,6f5bfa6c60eeb2ad400161beec4006ab7b7da4908d9989b6db2c608560d2f56e,262,2,1.5519354343414307,5.0,,,0.75390625,0.16884645445153704,1.899399691956136,1.9065673322259302,0.08960068021525036,126.5461204716042,0.675803140322963,0.08665106910844902,0.5707954247384311,0.21195636057510409,0.0006167225912150324,0.007902257265871989,2.7158623886446205,25.361565961664407,0.9946596297238964,0.46038718550270713,2.3019359275135356,0.4480034010762518,0.08442322722576852,5.306636760910284,1.0860423915860142,0.0,0.0,0.0007151812314987183,0.0006100432947278023,0.014582599513232708,0.0014523472636938095,6.712973117828369e-06,10905008,True,True,True,
42,dp_fisher_wiener_adaptive_beta_lr5p00,dp_fisher_wiener_adaptive_beta,6f5bfa6c60eeb2ad400161beec4006ab7b7da4908d9989b6db2c608560d2f56e,263,2,1.2318589687347412,5.0,,,0.77734375,0.1796235484405029,1.9000882652274156,1.9087205521540371,0.10387110362104826,111.89766097255841,0.5986059534586257,0.09500237652454667,0.6361994519183296,0.2435560970076859,0.0007055036345321095,0.008936737294392308,3.0851674578000736,25.38099750208964,0.9946504158509152,0.49351402919034215,2.4675701459517105,0.5193555181052413,0.08981177422025145,5.7827108150186195,1.013142424379071,0.0,0.0,0.0007541291415691376,0.0006651096045970917,0.014070345088839531,0.0015834001824259758,7.530674338340759e-06,10905008,True,True,True,
42,dp_fisher_wiener_adaptive_beta_lr5p00,dp_fisher_wiener_adaptive_beta,6f5bfa6c60eeb2ad400161beec4006ab7b7da4908d9989b6db2c608560d2f56e,264,2,1.9992353916168213,5.0,,,0.671875,0.1943444319407373,1.8968234829238588,1.9071145962794058,0.09964461987106889,95.25979233736109,0.6580791823586327,0.10376256937506768,0.5897978859546571,0.19251634352695202,0.0006071286292030348,0.010497608439369269,3.328719968791872,25.01186891727457,0.9930917424213159,0.43876684415182515,2.193834220759126,0.4982230993553444,0.09717221597036865,5.127217634947664,1.1395573905895382,0.0,0.0,0.0006878646090626717,0.0006113341078162193,0.013911894522607327,0.0014357464388012886,6.332993507385254e-06,10905008,True,True,True,
42,dp_fisher_wiener_adaptive_beta_lr5p00,dp_fisher_wiener_adaptive_beta,6f5bfa6c60eeb2ad400161beec4006ab7b7da4908d9989b6db2c608560d2f56e,265,2,1.4404840469360352,5.0,,,0.7890625,0.18983264302429265,1.8950416067379543,1.903900081233865,0.0965700178280387,99.6542236904338,0.6203254505268748,0.09640971811030641,0.6275285482892264,0.21913274099495736,0.0005346219498911788,0.010034697606780572,4.113057443662109,26.126604852791537,0.9937752216860002,0.46811616186044824,2.3405808093022413,0.4828500891401935,0.09491632151214632,5.087113379897646,1.0681109535115532,0.0,0.0,0.0005910489708185196,0.0005494887009263039,0.014516969211399555,0.0013903724029660225,5.9800222516059875e-06,10905008,True,True,True,
42,dp_fisher_wiener_adaptive_beta_lr5p00,dp_fisher_wiener_adaptive_beta,6f5bfa6c60eeb2ad400161beec4006ab7b7da4908d9989b6db2c608560d2f56e,266,2,1.388352870941162,5.0,,,0.69140625,0.16065583359643207,1.893503687282214,1.9002058098460386,0.08594668057099558,138.91185490311798,0.6907739835996252,0.08391697100967176,0.556497325689699,0.20808844143004024,0.0006924987314318064,0.007198809638374003,2.1631650850222774,24.778289749896697,0.9950272495887323,0.4561671200668021,2.2808356003340107,0.4297334028549779,0.08032791679821603,5.349739168875993,1.0960895207126784,0.0,0.0,0.0007826061919331551,0.0006757704541087151,0.014307514764368534,0.0015823328867554665,6.8712979555130005e-06,10905008,True,True,True,
42,dp_fisher_wiener_adaptive_beta_lr5p00,dp_fisher_wiener_adaptive_beta,6f5bfa6c60eeb2ad400161beec4006ab7b7da4908d9989b6db2c608560d2f56e,267,2,1.026897668838501,5.0,,,0.6796875,0.1269063889998706,1.8985020847505043,1.9028856537396832,0.07790274553094838,223.79747538178592,0.7200883762181426,0.06784773961754055,0.5349230365016782,0.22049093686435214,0.0006943875350075761,0.004468325651268796,1.4188407179861706,25.01788826344823,0.9967824106371642,0.4695646248008384,2.347823124004192,0.3895137276547419,0.0634531944999353,6.1385991787852445,1.0648161586086382,0.0,0.0,0.0007136035710573196,0.0006085624918341637,0.014104977250099182,0.0014370009303092957,6.8033114075660706e-06,10905008,True,True,True,
42,dp_fisher_wiener_adaptive_beta_lr5p00,dp_fisher_wiener_adaptive_beta,6f5bfa6c60eeb2ad400161beec4006ab7b7da4908d9989b6db2c608560d2f56e,268,2,1.329146385192871,5.0,,,0.69921875,0.14524665061258726,1.898837173524342,1.9045118367054714,0.08027353198440776,170.9083171459718,0.7060290615365831,0.0771431970040231,0.542290224460106,0.21862583506372496,0.0005793923162052254,0.005851090319368293,2.2078296014204755,25.767287496886738,0.9958689601926548,0.467574416605234,2.33787208302617,0.4013676599220388,0.07262332530629363,5.526704515714719,1.0693484977837722,0.0,0.0,0.0006643626838922501,0.0006153397262096405,0.014564745128154755,0.0013825250789523125,6.457790732383728e-06,10905008,True,True,True,
42,dp_fisher_wiener_adaptive_beta_lr5p00,dp_fisher_wiener_adaptive_beta,6f5bfa6c60eeb2ad400161beec4006ab7b7da4908d9989b6db2c608560d2f56e,269,2,1.3011420965194702,5.0,,,0.6171875,0.16013281049766714,1.898699349530913,1.9052631735412953,0.08815812395345803,140.58913249687316,0.7100690694991997,0.08294307216296826,0.5385848567517698,0.2058258401806949,0.0007220958916801042,0.007112925317915066,2.0274645598533354,24.549050225555632,0.9949493317378938,0.45368032818350734,2.2684016409175367,0.4407906197672901,0.08006640524883357,5.505312976046296,1.1020975981058074,0.0,0.0,0.0005598524585366249,0.0004920559003949165,0.015536794438958168,0.0014203181490302086,5.525536835193634e-06,10905008,True,True,True,
42,dp_fisher_wiener_adaptive_beta_lr5p00,dp_fisher_wiener_adaptive_beta,6f5bfa6c60eeb2ad400161beec4006ab7b7da4908d9989b6db2c608560d2f56e,270,2,1.5258641242980957,5.0,,,0.71875,0.14825513333012885,1.8993940489137604,1.9051722801432078,0.08288859202207982,164.138577926453,0.7298942678248516,0.07782440096200713,0.5211036531319765,0.2024444260160472,0.0006824768592992082,0.0060924129634064746,1.8072041977382316,24.722178930701972,0.9955531827005855,0.4499382468917787,2.2496912344588935,0.4144429601103991,0.07412756666506443,5.590942462436595,1.111263608846196,0.0,0.0,0.0007831817492842674,0.0006689783185720444,0.014178437180817127,0.0015889909118413925,7.027760148048401e-06,10905008,True,True,True,
42,dp_fisher_wiener_adaptive_beta_lr5p00,dp_fisher_wiener_adaptive_beta,6f5bfa6c60eeb2ad400161beec4006ab7b7da4908d9989b6db2c608560d2f56e,271,2,1.2864253520965576,5.0,,,0.69140625,0.16352680809978434,1.8990483257800783,1.9053417899870106,0.08276830624223319,134.86340283627922,0.7060185303632459,0.08133498776797228,0.5434847888992204,0.2085008098564408,0.0007611704102429729,0.007414910041802088,2.0311020074066017,24.37625848825465,0.9947649361093155,0.45661888907100723,2.283094445355036,0.41384153121116596,0.08176340404989217,5.061451831843714,1.0950050730843763,0.0,0.0,0.0006967140361666679,0.0006079478189349174,0.014041249640285969,0.0014392537996172905,6.809830665588379e-06,10905008,True,True,True,
42,dp_fisher_wiener_adaptive_beta_lr5p00,dp_fisher_wiener_adaptive_beta,6f5bfa6c60eeb2ad400161beec4006ab7b7da4908d9989b6db2c608560d2f56e,272,2,1.1024061441421509,5.0,,,0.62890625,0.11951105296628921,1.9026948255373524,1.9055842816407096,0.0731204126348372,253.46741082648592,0.815737994474646,0.05551709519678903,0.4564976085211838,0.1944806378559823,0.000717049569390699,0.003945280368269006,1.0700524413560015,24.333271906523915,0.9967816849045227,0.44099958940568446,2.2049979470284224,0.36560206317418603,0.059755526483144604,6.1182970795378075,1.1337879036864729,0.0,0.0,0.0007086098194122314,0.000610089860856533,0.014013643376529217,0.001443769782781601,6.266869604587555e-06,10905008,True,True,True,
42,dp_fisher_wiener_adaptive_beta_lr5p00,dp_fisher_wiener_adaptive_beta,6f5bfa6c60eeb2ad400161beec4006ab7b7da4908d9989b6db2c608560d2f56e,273,2,1.2255165576934814,5.0,,,0.66796875,0.12219055245933655,1.8999140229541809,1.903755128414913,0.07617799203353454,241.76456066466906,0.7469068447648965,0.06349564165465231,0.5147004714292428,0.2069480906352132,0.0006734272561917699,0.0041362555255555445,1.2710952448507788,24.875707335944263,0.996910602436059,0.4549154763637012,2.274577381818506,0.3808899601676727,0.061095276229668274,6.23436022663362,1.0991052755460775,0.0,0.0,0.0006778612732887268,0.0006279824301600456,0.01434551365673542,0.0014302395284175873,6.3357874751091e-06,10905008,True,True,True,
42,dp_fisher_wiener_adaptive_beta_lr5p00,dp_fisher_wiener_adaptive_beta,6f5bfa6c60eeb2ad400161beec4006ab7b7da4908d9989b6db2c608560d2f56e,274,2,1.4136159420013428,5.0,,,0.65234375,0.16374524102349564,1.8977868996349005,1.904278259784222,0.0854530129298439,134.32520595444254,0.7286218441352913,0.08256952051201051,0.5209405068579628,0.19773792976466767,0.0007086289171304147,0.007444619145431158,2.077368763249551,24.45671112064825,0.9945756878691687,0.44467733219118294,2.2233866609559145,0.42726506464921954,0.08187262051174782,5.21865627328605,1.1244108116217344,0.0,0.0,0.0006858203560113907,0.0006083734333515167,0.014483225531876087,0.0014668665826320648,6.563030183315277e-06,10905008,True,True,True,
42,dp_fisher_wiener_adaptive_beta_lr5p00,dp_fisher_wiener_adaptive_beta,6f5bfa6c60eeb2ad400161beec4006ab7b7da4908d9989b6db2c608560d2f56e,275,2,1.46173894405365,5.0,,,0.734375,0.2316677112507271,1.897260766837392,1.9108901158598866,0.11686289706288541,67.0691860824016,0.6583365208504723,0.11923939866101499,0.5908758889049909,0.204058909352385,0.0007126854582776188,0.014909976673229401,4.26908328483702,24.568576634399655,0.9901842178308016,0.451728800667375,2.258644003336875,0.5843144853144271,0.11583385562536355,5.0444188545290745,1.1068588039111151,0.0,0.0,0.0006878525018692017,0.0006034616380929947,0.014484391547739506,0.0014597531408071518,6.243586540222168e-06,10905008,True,True,True,
42,dp_fisher_wiener_adaptive_beta_lr5p00,dp_fisher_wiener_adaptive_beta,6f5bfa6c60eeb2ad400161beec4006ab7b7da4908d9989b6db2c608560d2f56e,276,2,1.9608221054077148,5.0,,,0.68359375,0.17722552789689422,1.8972473450261247,1.9058038711268228,0.09699014372728323,114.60283210541789,0.6980424224146511,0.09466832122157776,0.5495112396597223,0.19714717552906638,0.000686519457987582,0.008725787850059674,2.505776650972738,24.581377082954695,0.9939090299114741,0.44401258487690004,2.2200629243845,0.48495071863641614,0.08861276394844711,5.472695997983729,1.126094207752008,0.0,0.0,0.0006999727338552475,0.0006083641201257706,0.014539922587573528,0.0014699790626764297,6.4997002482414246e-06,10905008,True,True,True,
42,dp_fisher_wiener_adaptive_beta_lr5p00,dp_fisher_wiener_adaptive_beta,6f5bfa6c60eeb2ad400161beec4006ab7b7da4908d9989b6db2c608560d2f56e,277,2,1.415687084197998,5.0,,,0.6796875,0.12025447968948538,1.896849668078837,1.9001048863752457,0.06433815014688209,248.80740325853205,0.8942173704712466,0.058690395481109825,0.3663675222284506,0.1479022555794321,0.0007901299930115623,0.004019173010264032,0.7523379176486182,22.722762492633485,0.9964059856790441,0.3845806229900723,1.9229031149503615,0.32169075073441045,0.06012723984474269,5.350166606012729,1.3001175049102958,0.0,0.0,0.0007181372493505478,0.0006537502631545067,0.014551177620887756,0.0015103919431567192,6.7856162786483765e-06,10905008,True,True,True,
42,dp_fisher_wiener_adaptive_beta_lr5p00,dp_fisher_wiener_adaptive_beta,6f5bfa6c60eeb2ad400161beec4006ab7b7da4908d9989b6db2c608560d2f56e,278,2,0.9753077030181885,5.0,,,0.67578125,0.10591176438464588,1.8980985325219308,1.9011960018388028,0.07114728203751684,321.1804489005843,0.9141303200870107,0.057075912812439164,0.3997939388708595,0.16397504804107899,0.0007411809221114675,0.003113514547145137,0.6888179148548889,23.448535344357545,0.9971538419501689,0.40493832621904163,2.0246916310952083,0.35573641018758423,0.05295588219232294,6.7175995461451885,1.2347559310261542,0.0,0.0,0.0006811711937189102,0.000578075647354126,0.015261726453900337,0.0013874266296625137,6.1551108956336975e-06,10905008,True,True,True,
42,dp_fisher_wiener_adaptive_beta_lr5p00,dp_fisher_wiener_adaptive_beta,6f5bfa6c60eeb2ad400161beec4006ab7b7da4908d9989b6db2c608560d2f56e,279,2,0.726393461227417,5.0,,,0.5703125,0.12020360353305913,1.8974094251284275,1.9015638362483271,0.06858597108033514,249.165054502136,0.8217007354029706,0.06613021141341897,0.44153425301367677,0.16483748413451052,0.0006894754533447646,0.004013403893770907,0.959511172203119,23.78537168076621,0.9967021830687911,0.4060018277477461,2.0300091387387305,0.3429298554016757,0.060101801766529565,5.70581655318936,1.2315215494779117,0.0,0.0,0.0005576033145189285,0.0004837615415453911,0.015042959712445736,0.0013381429016590118,5.5301934480667114e-06,10905008,True,True,True,
42,dp_fisher_wiener_adaptive_beta_lr5p00,dp_fisher_wiener_adaptive_beta,6f5bfa6c60eeb2ad400161beec4006ab7b7da4908d9989b6db2c608560d2f56e,280,2,1.083315134048462,5.0,,,0.59375,0.09242535673005342,1.8988529774673697,1.9010625858802896,0.06714167683348883,422.08547650499776,0.9260682949776105,0.04820192421240025,0.41410724554296885,0.1763179586082315,0.0007150614875082604,0.0023691883647904183,0.5841881617492021,23.91953160675129,0.9978059697702809,0.4199023203177514,2.0995116015887567,0.33570838416744414,0.04621267836502671,7.264421713636067,1.1907531247277838,0.0,0.0,0.0006895707920193672,0.0006036534905433655,0.014720868319272995,0.0014386363327503204,7.144175469875336e-06,10905008,True,True,True,
42,dp_fisher_wiener_adaptive_beta_lr5p00,dp_fisher_wiener_adaptive_beta,6f5bfa6c60eeb2ad400161beec4006ab7b7da4908d9989b6db2c608560d2f56e,281,2,1.011399507522583,5.0,,,0.64453125,0.09543158294684555,1.8987312295695027,1.9010847460001714,0.06321481503256829,395.8610131041179,0.9211346797011597,0.04974579838501592,0.3907339981346371,0.18070506558787405,0.000716447211836752,0.0025261391417368572,0.637152509805649,24.017861298422822,0.9976730856305401,0.4250941843731505,2.1254709218657526,0.3160740751628415,0.047715791473422774,6.624097922220729,1.176209928009555,0.0,0.0,0.0007356693968176842,0.0006394768133759499,0.014887122437357903,0.0015728147700428963,8.176080882549286e-06,10905008,True,True,True,
42,dp_fisher_wiener_adaptive_beta_lr5p00,dp_fisher_wiener_adaptive_beta,6f5bfa6c60eeb2ad400161beec4006ab7b7da4908d9989b6db2c608560d2f56e,282,2,0.9168645143508911,5.0,,,0.5859375,0.08248980636388659,1.8956460284535763,1.8974605133055753,0.05958920962780514,528.0972698578881,0.9979672746420367,0.043722853069732046,0.36259831220106553,0.17565120702887402,0.0006492334232002418,0.0018935905503201392,0.5123141443473224,24.322502684913054,0.9981102585989314,0.41910763179507243,2.095538158975362,0.2979460481390257,0.04124490318194329,7.223827070643735,1.1930109644085123,0.0,0.0,0.0006888983771204948,0.0006175106391310692,0.014525284990668297,0.0014731129631400108,7.022172212600708e-06,10905008,True,True,True,
42,dp_fisher_wiener_adaptive_beta_lr5p00,dp_fisher_wiener_adaptive_beta,6f5bfa6c60eeb2ad400161beec4006ab7b7da4908d9989b6db2c608560d2f56e,283,2,0.923824667930603,5.0,,,0.52734375,0.08641452626001407,1.89835305453359,1.9002761417039042,0.06117164266175742,482.5923841507052,0.9751773653648266,0.04498031133618398,0.37147598349862687,0.17766036276736305,0.0006718834107508996,0.0020721421073100184,0.547918749736731,24.22296626034298,0.9979792939188613,0.42149776128392785,2.107488806419639,0.3058582133087871,0.043207263130007036,7.078861079013649,1.1862459209172538,0.0,0.0,0.0006855549290776253,0.0006082681939005852,0.014585615135729313,0.0014813253656029701,6.818212568759918e-06,10905008,True,True,True,
42,dp_fisher_wiener_adaptive_beta_lr5p00,dp_fisher_wiener_adaptive_beta,6f5bfa6c60eeb2ad400161beec4006ab7b7da4908d9989b6db2c608560d2f56e,284,2,1.0357619524002075,5.0,,,0.515625,0.10267733534903563,1.9015728071135998,1.9046891841975804,0.06843144702959984,342.98627181362286,0.8931411411007827,0.05728016817259639,0.4134031018094554,0.16912425605034084,0.0007178175229163598,0.0029155685870957126,0.6869341474275498,23.721918430914847,0.9973959857449167,0.41124719579632496,2.0562359789816247,0.34215723514799923,0.051338667674517814,6.664708116513235,1.2158137614302789,0.0,0.0,0.0006795944646000862,0.0006032194942235947,0.0146400798112154,0.0014808755367994308,6.445683538913727e-06,10905008,True,True,True,
42,dp_fisher_wiener_adaptive_beta_lr5p00,dp_fisher_wiener_adaptive_beta,6f5bfa6c60eeb2ad400161beec4006ab7b7da4908d9989b6db2c608560d2f56e,285,2,1.1174278259277344,5.0,,,0.5234375,0.11294996857186355,1.9016205153571126,1.904956335796151,0.06728450474469462,283.4493590460299,0.8256534603277255,0.0591540930522549,0.4441880047742702,0.17385092889273956,0.0005804991382941606,0.0035279670530457877,1.0565740904167953,24.763754357847326,0.9970871217945022,0.4169543486914839,2.0847717434574196,0.3364225237234731,0.05647498428593178,5.957018456423382,1.1991720474146312,0.0,0.0,0.0006867749616503716,0.0006093550473451614,0.014709949493408203,0.0014334926381707191,6.640329957008362e-06,10905008,True,True,True,
42,dp_fisher_wiener_adaptive_beta_lr5p00,dp_fisher_wiener_adaptive_beta,6f5bfa6c60eeb2ad400161beec4006ab7b7da4908d9989b6db2c608560d2f56e,286,2,0.8582172989845276,5.0,,,0.58984375,0.15286112979065353,1.896412508744222,1.9026814175839937,0.08436017944132689,153.91164938016956,0.7202345046522243,0.0811128457151095,0.5294056573624589,0.19412925661487024,0.000623124252077785,0.00649723399095591,2.0241600290833075,24.93516336863994,0.995320467894714,0.440601017491869,2.2030050874593448,0.42180089720663444,0.07643056489532676,5.518746299713743,1.1348135391178311,0.0,0.0,0.0006886916235089302,0.0006071990355849266,0.014757653698325157,0.001449725590646267,6.289221346378326e-06,10905008,True,True,True,
42,dp_fisher_wiener_adaptive_beta_lr5p00,dp_fisher_wiener_adaptive_beta,6f5bfa6c60eeb2ad400161beec4006ab7b7da4908d9989b6db2c608560d2f56e,287,2,1.6291052103042603,5.0,,,0.6015625,0.15889889182737751,1.8968007180329365,1.9033136390386505,0.08436257784791874,142.49567203678984,0.7414836534066412,0.08266040140958886,0.5089207290433311,0.18733751999143985,0.0006419919504852608,0.007017757000380574,2.047828155544662,24.650951836591585,0.9947964479004316,0.43282504547615985,2.1641252273807994,0.4218128892395937,0.07944944591368876,5.309198627924077,1.155201172447829,0.0,0.0,0.0007555792108178139,0.0006702542304992676,0.014179280959069729,0.0016071256250143051,7.008202373981476e-06,10905008,True,True,True,
42,dp_fisher_wiener_adaptive_beta_lr5p00,dp_fisher_wiener_adaptive_beta,6f5bfa6c60eeb2ad400161beec4006ab7b7da4908d9989b6db2c608560d2f56e,288,2,1.3436390161514282,5.0,,,0.6015625,0.1325066344398088,1.890933685410094,1.8956811827456554,0.07617286602628079,203.64668746476997,0.7764522187327968,0.07073312032611866,0.481866840799869,0.18181655084165735,0.0006798071148058492,0.004910465337747083,1.313319397481184,24.272477089021898,0.9961872582932786,0.4263995202174333,2.131997601087167,0.38086433013140397,0.0662533172199044,5.748607709128151,1.1726091993346126,0.0,0.0,0.0005567222833633423,0.00048700999468564987,0.015729621052742004,0.001175745390355587,5.553476512432098e-06,10905008,True,True,True,
42,dp_fisher_wiener_adaptive_beta_lr5p00,dp_fisher_wiener_adaptive_beta,6f5bfa6c60eeb2ad400161beec4006ab7b7da4908d9989b6db2c608560d2f56e,289,2,1.068209171295166,5.0,,,0.58203125,0.1422559208185524,1.899296045663338,1.9043023381938047,0.0772108665755,178.25619243447616,0.7823704648061437,0.07249708784350503,0.4718641716476908,0.18082598866414798,0.0006953232651440192,0.005609903287471431,1.4589132260702662,24.150740871577796,0.9956109773572466,0.4252363915096496,2.126181957548248,0.3860543328775,0.0711279604092762,5.4276030220841935,1.175816581040379,0.0,0.0,0.000808490440249443,0.0007252851501107216,0.014768064022064209,0.001653526909649372,7.5409188866615295e-06,10905008,True,True,True,
42,dp_fisher_wiener_adaptive_beta_lr5p00,dp_fisher_wiener_adaptive_beta,6f5bfa6c60eeb2ad400161beec4006ab7b7da4908d9989b6db2c608560d2f56e,290,2,1.0316981077194214,5.0,,,0.63671875,0.15826117177960497,1.8964168312568979,1.9031077186342258,0.08884292175023938,143.58823209979118,0.7253268492689936,0.08378285273045963,0.5253303153540463,0.17815007766518307,0.0006374913043932414,0.006964359023968028,1.9462243515578415,24.463117505690025,0.9949485634117655,0.4220782838114075,2.1103914190570374,0.4442146087511969,0.07913058588980248,5.613690379649127,1.184614369362402,0.0,0.0,0.0007231216877698898,0.0006348732858896255,0.014218108728528023,0.0015178443863987923,7.208436727523804e-06,10905008,True,True,True,
42,dp_fisher_wiener_adaptive_beta_lr5p00,dp_fisher_wiener_adaptive_beta,6f5bfa6c60eeb2ad400161beec4006ab7b7da4908d9989b6db2c608560d2f56e,291,2,1.612104892730713,5.0,,,0.609375,0.1715224565255874,1.8982773024294308,1.9055266433281526,0.08524358412105011,122.48342835414235,0.7686992841440567,0.08719085498744275,0.48119632714143695,0.16477399000540893,0.0006975424875928105,0.008164369771512133,1.9285933209382164,23.73317992266166,0.993724054800938,0.4059236258280724,2.029618129140362,0.42621792060525054,0.0857612282627937,4.969820619805527,1.2317588043287275,0.0,0.0,0.0006278529763221741,0.0005875583738088608,0.014631056226789951,0.0013870233669877052,6.297603249549866e-06,10905008,True,True,True,
42,dp_fisher_wiener_adaptive_beta_lr5p00,dp_fisher_wiener_adaptive_beta,6f5bfa6c60eeb2ad400161beec4006ab7b7da4908d9989b6db2c608560d2f56e,292,2,0.8563789129257202,5.0,,,0.59375,0.10313070567947002,1.892099642825375,1.8953026938929858,0.06615262758417337,336.5983854787851,0.8885341102229255,0.058238848839848645,0.40760888338954876,0.16315994794491306,0.0007020033934184539,0.0029708995736366277,0.6904978297560389,23.662743463352065,0.9973602543905289,0.40393062268774954,2.0196531134387476,0.33076313792086687,0.05156535283973501,6.414445353306578,1.2378363310802438,0.0,0.0,0.000756455585360527,0.0006652288138866425,0.014258182607591152,0.0015756376087665558,7.2605907917022705e-06,10905008,True,True,True,
42,dp_fisher_wiener_adaptive_beta_lr5p00,dp_fisher_wiener_adaptive_beta,6f5bfa6c60eeb2ad400161beec4006ab7b7da4908d9989b6db2c608560d2f56e,293,2,1.090544581413269,5.0,,,0.5859375,0.13052390886251855,1.9022372756198054,1.9068544192764851,0.06916816075530584,212.39741788748535,0.8481061178180284,0.06955603174620822,0.4082793853821262,0.146834229684201,0.0006721464767524359,0.0047081551644416065,1.0285233360159982,23.393633824499194,0.9960069848011661,0.3831895479840245,1.9159477399201226,0.3458408037765292,0.06526195443125928,5.299271325615994,1.3048372603825318,0.0,0.0,0.0006886105984449387,0.000608561560511589,0.014107108116149902,0.0014411089941859245,6.377696990966797e-06,10905008,True,True,True,
42,dp_fisher_wiener_adaptive_beta_lr5p00,dp_fisher_wiener_adaptive_beta,6f5bfa6c60eeb2ad400161beec4006ab7b7da4908d9989b6db2c608560d2f56e,294,2,1.2367613315582275,5.0,,,0.53515625,0.13583808695643113,1.8977020256421921,1.9023981518951165,0.07220436753513235,195.1699401732188,0.8066192982943498,0.07023063106271278,0.44767721779609015,0.1648364260268303,0.0006890290720270699,0.0051237398497842425,1.225752292207936,23.788156430027144,0.9958670925575003,0.4060005246632451,2.0300026233162254,0.36102183767566176,0.06791904347821556,5.315472939281615,1.2315255021246359,0.0,0.0,0.0006104111671447754,0.0005641244351863861,0.014647653326392174,0.0013877004384994507,5.53671270608902e-06,10905008,True,True,True,
42,dp_fisher_wiener_adaptive_beta_lr5p00,dp_fisher_wiener_adaptive_beta,6f5bfa6c60eeb2ad400161beec4006ab7b7da4908d9989b6db2c608560d2f56e,295,2,1.7547036409378052,5.0,,,0.55859375,0.17915895328835532,1.9030621077336334,1.9115218695038259,0.09091607355942773,112.83111790911997,0.7588351766419235,0.09397772899642572,0.4913495524039918,0.17482806566520365,0.0007214621246420476,0.00886280326296174,2.147675806347954,23.8439761585554,0.9932745931201983,0.41812446193113795,2.0906223096556897,0.4545803677971386,0.08957947664417766,5.074603969810199,1.1958161875761064,0.0,0.0,0.0007586758583784103,0.0006686802953481674,0.014283948577940464,0.0015731006860733032,7.322058081626892e-06,10905008,True,True,True,
42,dp_fisher_wiener_adaptive_beta_lr5p00,dp_fisher_wiener_adaptive_beta,6f5bfa6c60eeb2ad400161beec4006ab7b7da4908d9989b6db2c608560d2f56e,296,2,1.2246322631835938,5.0,,,0.60546875,0.13404268236421157,1.8998421037365036,1.9047666828766785,0.07116651564677501,200.8855952341925,0.8217371817342713,0.07187751187969459,0.4333418418944871,0.16190731414122503,0.0006242088765187784,0.004977957721549255,1.2911827989160212,24.13936527908468,0.995909427050874,0.40237707954259155,2.0118853977129576,0.35583257823387504,0.06702134118210579,5.309242876261188,1.2426155102252352,0.0,0.0,0.0006930595263838768,0.0006083883345127106,0.014175374992191792,0.0014562373980879784,6.502494215965271e-06,10905008,True,True,True,
42,dp_fisher_wiener_adaptive_beta_lr5p00,dp_fisher_wiener_adaptive_beta,6f5bfa6c60eeb2ad400161beec4006ab7b7da4908d9989b6db2c608560d2f56e,297,2,1.2037540674209595,5.0,,,0.53125,0.1189628316359246,1.9025820534500546,1.9065183179359795,0.06648627370766201,255.7785998209395,0.9087193106047816,0.0642530042478753,0.3611049141962667,0.13274672727456882,0.0007223601497254171,0.003909631222585172,0.7184653661807373,22.642700432404798,0.9964472426104425,0.3643442428179274,1.8217212140896368,0.33243136853831007,0.0594814158179623,5.588827433934972,1.3723285323009513,0.0,0.0,0.0007037585601210594,0.0006112139672040939,0.014158187434077263,0.0014473116025328636,6.7930668592453e-06,10905008,True,True,True,
42,dp_fisher_wiener_adaptive_beta_lr5p00,dp_fisher_wiener_adaptive_beta,6f5bfa6c60eeb2ad400161beec4006ab7b7da4908d9989b6db2c608560d2f56e,298,2,0.9139978885650635,5.0,,,0.52734375,0.08122298112384865,1.9004706955874155,1.9022784174487057,0.05550812631199935,547.4752668957624,1.0756031289972203,0.04359457841330617,0.28638847273669976,0.13803990473984848,0.0006275369686199707,0.0018265665324357747,0.4017915798967009,23.423653350708683,0.9980353393220927,0.3715372185122891,1.8576860925614456,0.27754063155999675,0.04061149056192433,6.834041984496217,1.345760195979171,0.0,0.0,0.0007169563323259354,0.0006076162680983543,0.014230011031031609,0.0014472147449851036,6.656162440776825e-06,10905008,True,True,True,
42,dp_fisher_wiener_adaptive_beta_lr5p00,dp_fisher_wiener_adaptive_beta,6f5bfa6c60eeb2ad400161beec4006ab7b7da4908d9989b6db2c608560d2f56e,299,2,1.0679701566696167,5.0,0.860959934425354,0.7908,0.52734375,0.04711201410265729,1.898105649121283,1.898547692967241,0.05318624269588851,1623.220132830076,2.0307799357124856,0.02178911631216961,0.10793686455969423,0.09543071185907975,0.0007518853135650901,0.0006160593867238969,0.07819142729169035,21.035365608502445,0.9987489189576702,0.3089186168865188,1.544593084432594,0.26593121347944254,0.023556007051328647,11.28931626182179,1.6185492640026173,0.0,0.0,0.0007046414539217949,0.0006143404170870781,0.014267615042626858,0.001448366791009903,6.3730403780937195e-06,10905008,True,True,True,
42,dp_fisher_wiener_adaptive_beta_lr5p00,dp_fisher_wiener_adaptive_beta,6f5bfa6c60eeb2ad400161beec4006ab7b7da4908d9989b6db2c608560d2f56e,300,2,0.7582236528396606,5.0,,,0.48046875,0.05937586782368839,1.9006137292265144,1.9016490638552466,0.07292134049654793,1024.6316898483567,1.3134333606987691,0.03304389180484636,0.4864596311020164,0.40672571582505285,0.0009633990629830938,0.0009759604447370476,0.4120288525837091,26.254954121504817,0.9987181409927963,0.6377505122107334,3.188752561053667,0.36460670248273963,0.029687933911844194,12.281309421973488,0.7840056423725769,0.14460587035864592,0.00465068593621254,0.0007273135706782341,0.0006365347653627396,0.014553490094840527,0.0015683826059103012,7.339753210544586e-06,10905008,True,True,True,
42,dp_fisher_wiener_adaptive_beta_lr5p00,dp_fisher_wiener_adaptive_beta,6f5bfa6c60eeb2ad400161beec4006ab7b7da4908d9989b6db2c608560d2f56e,301,2,2.038280487060547,5.0,,,0.5234375,0.164187425722247,1.8976744228193223,1.9049512450595818,0.12167456891789195,133.58682284288432,0.4226111753744435,0.08733048132390667,0.7600992650462675,0.4265690052548932,0.0010058342608471112,0.0074857682717610445,3.1746748433497705,26.27462871487986,0.996836430671973,0.6531225040181154,3.2656125200905772,0.6083728445894597,0.0820937128611235,7.410711775349017,0.7655531648705312,0.0,0.0,0.0006628269329667091,0.0005780765786767006,0.014419319108128548,0.0013809585943818092,5.823560059070587e-06,10905008,True,True,True,
42,dp_fisher_wiener_adaptive_beta_lr5p00,dp_fisher_wiener_adaptive_beta,6f5bfa6c60eeb2ad400161beec4006ab7b7da4908d9989b6db2c608560d2f56e,302,2,3.7373406887054443,5.0,,,0.7265625,0.25336549554530546,1.8951022620251456,1.9107779963912,0.15543538994065662,55.946169810804946,0.44056387919956824,0.12791529828280632,0.7626923260758108,0.33111484803631475,0.00102279625099316,0.017874324611780887,5.786542794144589,25.101895284547133,0.9921252182108389,0.5754257971592122,2.8771289857960607,0.7771769497032831,0.12668274777265273,6.134828643690969,0.8689217662252083,0.0,0.0,0.0006621303036808968,0.0006114756688475609,0.014651392586529255,0.001441633328795433,6.54999166727066e-06,10905008,True,True,True,
42,dp_fisher_wiener_adaptive_beta_lr5p00,dp_fisher_wiener_adaptive_beta,6f5bfa6c60eeb2ad400161beec4006ab7b7da4908d9989b6db2c608560d2f56e,303,2,4.894210338592529,5.0,,,0.58203125,0.24644234984905306,1.8903379742598998,1.9061324906370107,0.16516334784400835,58.836690375293934,0.3913243658100981,0.12846917713827496,0.7892016636990613,0.3865425140301673,0.0009812224123435928,0.016996197332050548,6.695477764543339,25.95429807313002,0.9933489738577426,0.6217254329928665,3.1086271649643327,0.8258167392200417,0.12322117492452653,6.7019060621614415,0.8042135217024854,0.0,0.0,0.0007540974766016006,0.0006662085652351379,0.014065511524677277,0.0015830965712666512,7.445923984050751e-06,10905008,True,True,True,
42,dp_fisher_wiener_adaptive_beta_lr5p00,dp_fisher_wiener_adaptive_beta,6f5bfa6c60eeb2ad400161beec4006ab7b7da4908d9989b6db2c608560d2f56e,304,2,5.167751312255859,5.0,,,0.74609375,0.23474095979588247,1.8938788331617114,1.9085845138862687,0.1477924642145001,65.09185202297573,0.45372113164800226,0.12390116122119624,0.7486304627548446,0.34550941362761983,0.0010995384568414622,0.015362905938343857,4.827506112311647,24.972494607721742,0.9930295249321263,0.5878004879443534,2.939002439721767,0.7389623210725005,0.11737047989794124,6.295981082370665,0.8506287596795667,0.0,0.0,0.0006903111934661865,0.0005879485979676247,0.014470679685473442,0.001393178477883339,6.3711777329444885e-06,10905008,True,True,True,
42,dp_fisher_wiener_adaptive_beta_lr5p00,dp_fisher_wiener_adaptive_beta,6f5bfa6c60eeb2ad400161beec4006ab7b7da4908d9989b6db2c608560d2f56e,305,2,1.802544116973877,5.0,,,0.65625,0.16649258564875244,1.8956470089374953,1.9033445804095066,0.11738818099082998,129.63585724255117,0.5164902865950721,0.08987707742769442,0.6954155840884526,0.3528797651232106,0.0009407706446890719,0.007713915125293053,2.8934624738279906,25.74142998087502,0.9960158377660236,0.5940368381870021,2.9701841909350106,0.5869409049541499,0.08324629282437622,7.050655170739698,0.8416986419986278,0.0,0.0,0.0008004317060112953,0.000670701265335083,0.014168394729495049,0.0015816614031791687,7.400289177894592e-06,10905008,True,True,True,
42,dp_fisher_wiener_adaptive_beta_lr5p00,dp_fisher_wiener_adaptive_beta,6f5bfa6c60eeb2ad400161beec4006ab7b7da4908d9989b6db2c608560d2f56e,306,2,1.550843596458435,5.0,,,0.71484375,0.12640038178381166,1.891499059192535,1.8955864814817185,0.09243736838412507,223.93165395155458,0.6614601769536335,0.06564294563576753,0.597115510837325,0.32243882030784093,0.0010275839781857545,0.0044656482560231124,1.4012464050116211,24.966299991186407,0.9970461515141734,0.5678369663097331,2.839184831548666,0.46218684192062537,0.06320019089190583,7.31306085299349,0.8805344309450766,0.0,0.0,0.0006877286359667778,0.0006070425733923912,0.014021781273186207,0.0014545992016792297,6.648711860179901e-06,10905008,True,True,True,
42,dp_fisher_wiener_adaptive_beta_lr5p00,dp_fisher_wiener_adaptive_beta,6f5bfa6c60eeb2ad400161beec4006ab7b7da4908d9989b6db2c608560d2f56e,307,2,1.1329506635665894,5.0,,,0.69140625,0.13667233568852852,1.8991953365021572,1.9039659161578217,0.09794579800447437,193.0981164284545,0.6361456162057697,0.07075299017190696,0.6121823392354746,0.33858050169379084,0.00109993005361394,0.0051787144196028525,1.5941120257682655,24.882968754768488,0.9967055835242117,0.5818767066087032,2.909383533043516,0.4897289900223718,0.06833616784426426,7.16646843778657,0.8592885646054528,0.0,0.0,0.000711372122168541,0.0006058244034647942,0.014080697670578957,0.0014517223462462425,6.357207894325256e-06,10905008,True,True,True,
42,dp_fisher_wiener_adaptive_beta_lr5p00,dp_fisher_wiener_adaptive_beta,6f5bfa6c60eeb2ad400161beec4006ab7b7da4908d9989b6db2c608560d2f56e,308,2,1.3088178634643555,5.0,,,0.65625,0.09832943417519562,1.8995556296636533,1.902218137736124,0.07992853071804235,373.19597670770105,0.8197109354053538,0.05290447023655597,0.5173297064718158,0.2952789699565023,0.0009626793141696024,0.002679557289760194,0.8218904308714465,24.867508770709147,0.9978035375873112,0.5433957765353926,2.716978882676963,0.3996426535902117,0.04916471708759781,8.128647478435225,0.9201396506741413,0.0,0.0,0.0006906744092702866,0.0006043808534741402,0.014367515221238136,0.0014741765335202217,6.643123924732208e-06,10905008,True,True,True,
42,dp_fisher_wiener_adaptive_beta_lr5p00,dp_fisher_wiener_adaptive_beta,6f5bfa6c60eeb2ad400161beec4006ab7b7da4908d9989b6db2c608560d2f56e,309,2,1.2134952545166016,5.0,,,0.6328125,0.11955769189230091,1.8967284078318967,1.9008889257915063,0.09240933039897299,251.6837945972309,0.6594224775261589,0.06620900408403216,0.6067801777613646,0.3300167233565131,0.001042927840932752,0.0039732395227513985,1.2572638649463566,25.002816867039442,0.9973799565499192,0.5744708202829044,2.872354101414522,0.46204665199486494,0.059778845946150454,7.729266844718836,0.8703662263522788,0.0,0.0,0.0007231412455439568,0.0006377995014190674,0.014559170231223106,0.001541496254503727,6.671994924545288e-06,10905008,True,True,True,
42,dp_fisher_wiener_adaptive_beta_lr5p00,dp_fisher_wiener_adaptive_beta,6f5bfa6c60eeb2ad400161beec4006ab7b7da4908d9989b6db2c608560d2f56e,310,2,1.621048927307129,5.0,,,0.71484375,0.23307931927073733,1.900220354065362,1.9143454885923799,0.1454772447046173,66.46613867433301,0.497319227402372,0.121255711080767,0.7147667889981332,0.3287033091524244,0.0011114742986995162,0.015045254921172096,4.4494281912557625,24.7090465145031,0.9925177054463932,0.573326529259221,2.866632646296105,0.7273862235230865,0.11653965963536866,6.241533790236764,0.8721033730031014,0.0,0.0,0.0007239188998937607,0.0006537530571222305,0.014286358840763569,0.0015105195343494415,6.831251084804535e-06,10905008,True,True,True,
42,dp_fisher_wiener_adaptive_beta_lr5p00,dp_fisher_wiener_adaptive_beta,6f5bfa6c60eeb2ad400161beec4006ab7b7da4908d9989b6db2c608560d2f56e,311,2,4.181246757507324,5.0,,,0.7265625,0.2872193175376664,1.8954533039427104,1.9175185284901193,0.18020707397525257,43.55107580675167,0.4370335330549873,0.1512750896787016,0.7623461073341602,0.3233063283374221,0.0010961114418729663,0.02296154529970465,6.772680786290112,24.697594941682894,0.9899650347331463,0.5686003238984498,2.843001619492249,0.9010353698762629,0.1436096587688332,6.274197554639239,0.8793522954243322,0.0,0.0,0.0006850650534033775,0.000613863579928875,0.014303462579846382,0.0014581922441720963,6.647780537605286e-06,10905008,True,True,True,
42,dp_fisher_wiener_adaptive_beta_lr5p00,dp_fisher_wiener_adaptive_beta,6f5bfa6c60eeb2ad400161beec4006ab7b7da4908d9989b6db2c608560d2f56e,312,2,3.2879905700683594,5.0,,,0.76953125,0.29790474503477,1.8960395528810865,1.919925699162833,0.17288962842810002,40.50792005413902,0.539071544883434,0.15726407576852822,0.6872871025517433,0.29018976060878393,0.0009654522329206116,0.024686530403238406,7.42012717120411,24.779512927562845,0.9866921939175645,0.538692640202912,2.69346320101456,0.8644481421405001,0.148952372517385,5.803520464461232,0.9281730669472937,0.0,0.0,0.0006844140589237213,0.0006054118275642395,0.014477626420557499,0.0014620525762438774,6.441958248615265e-06,10905008,True,True,True,
42,dp_fisher_wiener_adaptive_beta_lr5p00,dp_fisher_wiener_adaptive_beta,6f5bfa6c60eeb2ad400161beec4006ab7b7da4908d9989b6db2c608560d2f56e,313,2,2.2726831436157227,5.0,,,0.7265625,0.2079445074399966,1.8983717197226904,1.9087854698616016,0.11855537006861093,83.34270728524638,0.5714234700142912,0.10441322959524636,0.6609236268745126,0.2695494002522675,0.0008646906717754595,0.011998650302467675,3.740330614719087,24.93777595833226,0.9931436896085173,0.5191814714069325,2.5959073570346627,0.5927768503430546,0.1039722537199983,5.701298463085417,0.9630543991565886,0.0,0.0,0.0006860624998807907,0.0006038397550582886,0.01447827648371458,0.001441793516278267,6.606802344322205e-06,10905008,True,True,True,
42,dp_fisher_wiener_adaptive_beta_lr5p00,dp_fisher_wiener_adaptive_beta,6f5bfa6c60eeb2ad400161beec4006ab7b7da4908d9989b6db2c608560d2f56e,314,2,1.5507733821868896,5.0,,,0.83203125,0.25094277160152023,1.8927809903241162,1.9093425818347056,0.13280489190783057,56.89201952682046,0.6089231850218692,0.13142569734286622,0.6340934038629514,0.2310762927834669,0.0010379590365579812,0.017577157715633795,3.9131259505579994,23.475751770361477,0.9892968611399946,0.4807039554481187,2.403519777240594,0.6640244595391529,0.12547138580076012,5.292238188779437,1.040141222746655,0.0,0.0,0.0006906492635607719,0.0006100870668888092,0.014609288424253464,0.00143425352871418,6.534159183502197e-06,10905008,True,True,True,
42,dp_fisher_wiener_adaptive_beta_lr5p00,dp_fisher_wiener_adaptive_beta,6f5bfa6c60eeb2ad400161beec4006ab7b7da4908d9989b6db2c608560d2f56e,315,2,1.1809697151184082,5.0,,,0.80859375,0.22455180229443508,1.8975092023642703,1.911582819274218,0.12758693451036843,71.40599764549356,0.5899551721236639,0.12117806306223138,0.6449299466443326,0.2381811662911894,0.0010213576231564464,0.01400442585991935,3.265839905717593,23.677295826683356,0.9917380165311543,0.48803807873073735,2.440190393653687,0.6379346725518421,0.11227590114721754,5.681848607117323,1.0245102212092714,0.0,0.0,0.0006106393411755562,0.0005647670477628708,0.014672227203845978,0.0014463504776358604,5.360692739486694e-06,10905008,True,True,True,
42,dp_fisher_wiener_adaptive_beta_lr5p00,dp_fisher_wiener_adaptive_beta,6f5bfa6c60eeb2ad400161beec4006ab7b7da4908d9989b6db2c608560d2f56e,316,2,1.7229533195495605,5.0,,,0.69921875,0.18897294956024682,1.897581959946708,1.9071340777157355,0.10417965147158277,100.83279423395808,0.689347350912533,0.09996465140228135,0.5573956215914939,0.20661960463939635,0.0009495356157348808,0.009917408394450138,2.1580349035995696,23.376602668925692,0.9931634607951766,0.45455429229014693,2.2727714614507346,0.5208982573579138,0.09448647478012341,5.512939905574499,1.0999786130712514,0.0,0.0,0.000761665403842926,0.0006650602445006371,0.014211134053766727,0.0015826215967535973,7.118098437786102e-06,10905008,True,True,True,
42,dp_fisher_wiener_adaptive_beta_lr5p00,dp_fisher_wiener_adaptive_beta,6f5bfa6c60eeb2ad400161beec4006ab7b7da4908d9989b6db2c608560d2f56e,317,2,1.2874705791473389,5.0,,,0.72265625,0.1718506924368752,1.8990293340428894,1.9068422572502923,0.09844324793732663,122.11268309295038,0.7031524132570381,0.09043188973354323,0.5455217397851017,0.20881061850857682,0.0009524921595386115,0.008189157543976628,1.7952725744328892,23.40891170160701,0.9942417741102157,0.45695800519148017,2.2847900259574008,0.49221623968663314,0.0859253462184376,5.728417298774717,1.0941924516441937,0.0,0.0,0.0007034400478005409,0.0006084498018026352,0.014080156572163105,0.0014418410137295723,6.5676867961883545e-06,10905008,True,True,True,
42,dp_fisher_wiener_adaptive_beta_lr5p00,dp_fisher_wiener_adaptive_beta,6f5bfa6c60eeb2ad400161beec4006ab7b7da4908d9989b6db2c608560d2f56e,318,2,1.3129847049713135,5.0,,,0.65625,0.17534663635983658,1.8968084871675919,1.9054857780494332,0.09929294530408292,117.01784335180363,0.7195873372289111,0.09538482685018643,0.5307310423366042,0.19280256539822657,0.0009636157098695758,0.008545705264459436,1.709845409147871,23.012089363860632,0.9938506187038045,0.43909288925946705,2.1954644462973354,0.4964647265204146,0.08767331817991829,5.662666097522791,1.1387112208583348,0.0,0.0,0.0007019927725195885,0.0006142007187008858,0.014171555638313293,0.0014413390308618546,7.175840437412262e-06,10905008,True,True,True,
42,dp_fisher_wiener_adaptive_beta_lr5p00,dp_fisher_wiener_adaptive_beta,6f5bfa6c60eeb2ad400161beec4006ab7b7da4908d9989b6db2c608560d2f56e,319,2,1.0683674812316895,5.0,,,0.70703125,0.14366639823569688,1.8964323056235428,1.9020242179809774,0.08921429465396015,174.24658761568463,0.7632307488073262,0.07663239138318631,0.5011320573479308,0.21436843505332617,0.0009829121923531773,0.005738993306180869,1.2516469152689451,23.386461150933275,0.9956198238413111,0.4629993899059978,2.314996949529989,0.44607147326980073,0.07183319911784844,6.209823295378685,1.079915029910589,0.0,0.0,0.0006912965327501297,0.0006081638857722282,0.014288992621004581,0.001476525329053402,6.54999166727066e-06,10905008,True,True,True,
42,dp_fisher_wiener_adaptive_beta_lr5p00,dp_fisher_wiener_adaptive_beta,6f5bfa6c60eeb2ad400161beec4006ab7b7da4908d9989b6db2c608560d2f56e,320,2,1.05171799659729,5.0,,,0.58203125,0.07279732254226276,1.8954900260656817,1.8970804299343018,0.0662034809145509,677.9726808330402,1.2905514713394717,0.04102452552643026,0.29496581647082515,0.16785848790411234,0.0009579949725011595,0.0014749856861227806,0.258444849956942,22.43580076330406,0.9980964550522103,0.40970536718977985,2.0485268359488993,0.3310174045727545,0.03639866127113138,9.094219210369637,1.220389187059818,0.0,0.0,0.0006861146539449692,0.0006041815504431725,0.014499920420348644,0.0014681331813335419,6.631016731262207e-06,10905008,True,True,True,
42,dp_fisher_wiener_adaptive_beta_lr5p00,dp_fisher_wiener_adaptive_beta,6f5bfa6c60eeb2ad400161beec4006ab7b7da4908d9989b6db2c608560d2f56e,321,2,0.7817067503929138,5.0,,,0.6328125,0.06353790340180923,1.8936100639347972,1.894621759437071,0.0658054015295449,888.209360886712,1.570209140380729,0.03268642226498029,0.2425631222074416,0.18535862128838002,0.0010495365018189354,0.0011258606853160184,0.198838233856121,22.470152425826434,0.9982321632606835,0.43053295029344735,2.1526647514672366,0.32902700764772447,0.031768951700904616,10.356873299914351,1.1613512964757824,0.0,0.0,0.0006856527179479599,0.000607173889875412,0.01452859491109848,0.0014419229701161385,6.767921149730682e-06,10905008,True,True,True,
42,dp_fisher_wiener_adaptive_beta_lr5p00,dp_fisher_wiener_adaptive_beta,6f5bfa6c60eeb2ad400161beec4006ab7b7da4908d9989b6db2c608560d2f56e,322,2,0.7834629416465759,5.0,,,0.66015625,0.07684634009844775,1.8963348702595693,1.8978769990754893,0.06874910268511124,608.9528746356317,1.238546968024476,0.04030488325694115,0.3139939400460404,0.16698971692300935,0.0009893128068386614,0.0016421631976509452,0.27718671545631024,22.273560970580686,0.9979661037502037,0.40864375306984607,2.04321876534923,0.3437455134255562,0.038423170049223875,8.94630799531215,1.2235596316905293,0.0,0.0,0.0006010625511407852,0.0006124190986156464,0.014672819525003433,0.001437741331756115,6.5658241510391235e-06,10905008,True,True,True,
42,dp_fisher_wiener_adaptive_beta_lr5p00,dp_fisher_wiener_adaptive_beta,6f5bfa6c60eeb2ad400161beec4006ab7b7da4908d9989b6db2c608560d2f56e,323,2,1.1452981233596802,5.0,,,0.578125,0.08726263992733824,1.8966760564990055,1.8987918026219017,0.0696869350653954,472.4214721053442,1.0988315447261627,0.04721068320098781,0.33741531942581665,0.17897729413075275,0.0009772810967271148,0.002116753913432221,0.38765805352987165,22.627784392254316,0.9976740440271926,0.42305708140953363,2.115285407047668,0.34843467532697703,0.04363131996366912,7.98588435117538,1.1818736098989941,0.0,0.0,0.000750257633626461,0.0006643896922469139,0.014163737185299397,0.0015820097178220749,6.9336965680122375e-06,10905008,True,True,True,
42,dp_fisher_wiener_adaptive_beta_lr5p00,dp_fisher_wiener_adaptive_beta,6f5bfa6c60eeb2ad400161beec4006ab7b7da4908d9989b6db2c608560d2f56e,324,2,0.8312573432922363,5.0,,,0.57421875,0.10589360629692077,1.8954881580474738,1.8984169348629363,0.0753788491721454,320.4075000227886,0.9588761487891386,0.05552637218384923,0.38480362374034405,0.20654551814536384,0.0010724660496834145,0.003121025568500797,0.6010762235983216,22.84632222483115,0.9970073230223366,0.4544727914247055,2.2723639571235275,0.37689424586072706,0.052946803148460383,7.118356981757986,1.1001758728646291,0.0,0.0,0.0006175404414534569,0.0005822349339723587,0.014668731950223446,0.0013979235664010048,6.511807441711426e-06,10905008,True,True,True,
42,dp_fisher_wiener_adaptive_beta_lr5p00,dp_fisher_wiener_adaptive_beta,6f5bfa6c60eeb2ad400161beec4006ab7b7da4908d9989b6db2c608560d2f56e,325,2,0.9780423641204834,5.0,,,0.5703125,0.09058153889679521,1.8988504215126303,1.9008862122750991,0.07202415781953064,439.442565287625,1.0633869511025589,0.04628877533660423,0.35770586792895676,0.20150652731995497,0.000993159402301584,0.0022756102363987512,0.4617086795288123,23.072701599241142,0.9975801457685233,0.4488947842423155,2.2444739212115774,0.3601207890976532,0.045290769448397605,7.9513064908294036,1.1138467577493256,0.0,0.0,0.0007501943036913872,0.0006715664640069008,0.01424763910472393,0.00157846137881279,7.16187059879303e-06,10905008,True,True,True,
42,dp_fisher_wiener_adaptive_beta_lr5p00,dp_fisher_wiener_adaptive_beta,6f5bfa6c60eeb2ad400161beec4006ab7b7da4908d9989b6db2c608560d2f56e,326,2,1.1139506101608276,5.0,,,0.51953125,0.09037579454778849,1.8993117534375141,1.9016368527696244,0.07733070190448421,441.66018962329883,1.1053074520718331,0.049473918298518584,0.3662926109871888,0.20952185905617027,0.0011808723315192545,0.0022641841473876358,0.40173358210751614,22.4902639165809,0.9974973803887232,0.4577355776604767,2.2886778883023835,0.38665350952242106,0.045187897273894245,8.556572286828674,1.0923337061856713,0.0,0.0,0.0006376206874847412,0.0005813222378492355,0.014579657465219498,0.0013902289792895317,6.549060344696045e-06,10905008,True,True,True,
42,dp_fisher_wiener_adaptive_beta_lr5p00,dp_fisher_wiener_adaptive_beta,6f5bfa6c60eeb2ad400161beec4006ab7b7da4908d9989b6db2c608560d2f56e,327,2,1.332010269165039,5.0,,,0.54296875,0.08917583519022183,1.892995382780164,1.8950482719474815,0.07493213069138621,450.6140599283527,1.111532498146892,0.04653686469531061,0.3537702235927266,0.20501798975449792,0.001082480788186319,0.0022191939595337324,0.4203073988603113,22.77371773342887,0.9975332937939768,0.4527891228314765,2.2639456141573824,0.37466065345693106,0.04458791759511092,8.402739433823884,1.1042668093972536,0.0,0.0,0.0007736673578619957,0.0006700307130813599,0.01424515713006258,0.0015790201723575592,7.049180567264557e-06,10905008,True,True,True,
42,dp_fisher_wiener_adaptive_beta_lr5p00,dp_fisher_wiener_adaptive_beta,6f5bfa6c60eeb2ad400161beec4006ab7b7da4908d9989b6db2c608560d2f56e,328,2,1.4027750492095947,5.0,,,0.5859375,0.1265873558332214,1.8953902408059629,1.899528786189413,0.08457916250475193,224.19019953621378,0.8478536912920239,0.06597830831739346,0.44793093416997937,0.2036624841577158,0.0010850454609318853,0.004460498282289031,0.8372332711254732,22.734631020420114,0.9962181500661235,0.45128980063559576,2.2564490031779787,0.4228958125237597,0.0632936779166107,6.681485836140579,1.1079355201351615,0.0,0.0,0.0005680099129676819,0.0005533527582883835,0.014691570773720741,0.0013847462832927704,5.736015737056732e-06,10905008,True,True,True,
42,dp_fisher_wiener_adaptive_beta_lr5p00,dp_fisher_wiener_adaptive_beta,6f5bfa6c60eeb2ad400161beec4006ab7b7da4908d9989b6db2c608560d2f56e,329,2,1.4618968963623047,5.0,,,0.48046875,0.12895107379976575,1.8922531817503065,1.8962774898593144,0.07980963330068688,215.33199418599295,0.8425310460673159,0.06517601680062036,0.4366709405927452,0.19661166451012665,0.0010006476505643844,0.004643991728771307,0.9124719805718589,22.933280997250588,0.996087292790595,0.4434091389564796,2.217045694782398,0.39904816650343444,0.06447553689988288,6.189140652165243,1.1276267358304204,0.0,0.0,0.0007776953279972076,0.0006670942530035973,0.014445050619542599,0.0015920568257570267,6.92903995513916e-06,10905008,True,True,True,
42,dp_fisher_wiener_adaptive_beta_lr5p00,dp_fisher_wiener_adaptive_beta,6f5bfa6c60eeb2ad400161beec4006ab7b7da4908d9989b6db2c608560d2f56e,330,2,1.1065950393676758,5.0,,,0.5390625,0.1147364912842748,1.9011890753910248,1.9045248948637357,0.07907996916622609,274.56646397222465,0.8853556234487252,0.059170360240394945,0.42778390015556517,0.21454507281673754,0.0009816687694997781,0.003642105395744624,0.7959871918646962,23.395535701803716,0.9967754415064396,0.4631901044028656,2.315950522014328,0.3953998458311304,0.0573682456421374,6.892311964544616,1.0794703842896416,0.0,0.0,0.000716235488653183,0.0006088735535740852,0.014248030260205269,0.0014600353315472603,6.6962093114852905e-06,10905008,True,True,True,
42,dp_fisher_wiener_adaptive_beta_lr5p00,dp_fisher_wiener_adaptive_beta,6f5bfa6c60eeb2ad400161beec4006ab7b7da4908d9989b6db2c608560d2f56e,331,2,1.1086746454238892,5.0,,,0.51171875,0.07789625747456091,1.8962781596027423,1.8980840532890755,0.07181373054673432,592.6126272782693,1.2179189714715537,0.04369199612586089,0.3427693064459566,0.1964541354710075,0.0010005700739539494,0.0016874429497523255,0.33131627103609784,22.930136656542558,0.997944831217882,0.44323146940510383,2.2161573470255194,0.3590686527336716,0.03894812873728046,9.219150299787273,1.1280787455592034,0.0,0.0,0.0007151411846280098,0.0006096921861171722,0.014191477559506893,0.0014440426602959633,6.708316504955292e-06,10905008,True,True,True,
42,dp_fisher_wiener_adaptive_beta_lr5p00,dp_fisher_wiener_adaptive_beta,6f5bfa6c60eeb2ad400161beec4006ab7b7da4908d9989b6db2c608560d2f56e,332,2,1.0893617868423462,5.0,,,0.5703125,0.07055101816227795,1.9028066809935682,1.9042219585964453,0.06483946239414974,727.4158565263352,1.3720237225505947,0.03857778152281653,0.25712459594332954,0.1780595228895157,0.0009692711912203246,0.0013747294492234012,0.25254404755611054,22.641199002158068,0.9981138385831977,0.4219709976876559,2.1098549884382796,0.3241973119707487,0.035275509081138974,9.190436095928643,1.1849155575590447,0.0,0.0,0.0006877174600958824,0.0006347522139549255,0.014407934620976448,0.001438988372683525,6.454065442085266e-06,10905008,True,True,True,
42,dp_fisher_wiener_adaptive_beta_lr5p00,dp_fisher_wiener_adaptive_beta,6f5bfa6c60eeb2ad400161beec4006ab7b7da4908d9989b6db2c608560d2f56e,333,2,1.0533313751220703,5.0,,,0.6171875,0.0823348549717692,1.8999452072043104,1.9017400394105206,0.06835193245627483,532.4939810076525,1.1835572193618504,0.0434361340437459,0.3045310507199403,0.17537318786437694,0.0010084894630635285,0.0018779554990647645,0.3265706331686212,22.402918312374727,0.9977773322111138,0.41877582053453966,2.093879102672698,0.3417596622813741,0.0411674274858846,8.301700716913977,1.1939562302345659,0.0,0.0,0.0007309494540095329,0.0006542615592479706,0.014448096975684166,0.0015081102028489113,6.484799087047577e-06,10905008,True,True,True,
42,dp_fisher_wiener_adaptive_beta_lr5p00,dp_fisher_wiener_adaptive_beta,6f5bfa6c60eeb2ad400161beec4006ab7b7da4908d9989b6db2c608560d2f56e,334,2,1.0125290155410767,5.0,,,0.48828125,0.10242348395344875,1.90012146671146,1.9024927870804105,0.07081454649313022,344.16257319546,0.9942173698481744,0.0500559190246936,0.3498767614918773,0.1864296841731049,0.0009629131007170483,0.002905603565837096,0.5625541438824567,22.869279681622995,0.9971111984646766,0.43177503884905727,2.158875194245286,0.35407273246565113,0.05121174197672437,6.913897453823433,1.1580104337009516,0.0,0.0,0.0006774812936782837,0.0005816016346216202,0.015356423333287239,0.0013943687081336975,6.157904863357544e-06,10905008,True,True,True,
42,dp_fisher_wiener_adaptive_beta_lr5p00,dp_fisher_wiener_adaptive_beta,6f5bfa6c60eeb2ad400161beec4006ab7b7da4908d9989b6db2c608560d2f56e,335,2,1.0357780456542969,5.0,,,0.484375,0.12212023932223035,1.8973512840251385,1.9015805646538475,0.08377049356136965,241.3905129481993,0.8946699759703929,0.06670378333905747,0.4197584728087101,0.17151769338102288,0.0009924538553642574,0.0041426648782475605,0.715942933140784,22.375986041723483,0.9962936821126763,0.41414694660352486,2.0707347330176242,0.41885246780684826,0.06106011966111517,6.859673222467099,1.2073009449891166,0.0,0.0,0.0008101044222712517,0.0007140021771192551,0.01538144052028656,0.0016722846776247025,7.528811693191528e-06,10905008,True,True,True,
42,dp_fisher_wiener_adaptive_beta_lr5p00,dp_fisher_wiener_adaptive_beta,6f5bfa6c60eeb2ad400161beec4006ab7b7da4908d9989b6db2c608560d2f56e,336,2,1.1429191827774048,5.0,,,0.45703125,0.08270772502134599,1.9012450284013174,1.9032346092438956,0.07351670578085392,528.4258229278139,1.2181229136885539,0.045771189113219014,0.3217404926654362,0.17092189600626032,0.0010673771138279557,0.0018924131949360518,0.3030370869665483,22.04479814806401,0.9976948081247449,0.41342701412251753,2.0671350706125877,0.3675835289042696,0.041353862510672995,8.888735092169721,1.2094033116341485,0.0,0.0,0.0007019536569714546,0.0006010234355926514,0.01460942905396223,0.0015057958662509918,7.243826985359192e-06,10905008,True,True,True,
42,dp_fisher_wiener_adaptive_beta_lr5p00,dp_fisher_wiener_adaptive_beta,6f5bfa6c60eeb2ad400161beec4006ab7b7da4908d9989b6db2c608560d2f56e,337,2,0.8526155948638916,5.0,,,0.4921875,0.06392448191402776,1.8965411121671436,1.8977179797869788,0.06377450814124594,880.2176832993722,1.4314864790186317,0.03524703252673925,0.2825763586982113,0.17381746130830272,0.0009004199077576483,0.0011360826063010285,0.2193098939170358,22.856483137039714,0.9983737131096339,0.41691421336805334,2.0845710668402666,0.3188725407062297,0.03196224095701388,9.976538914311606,1.1992874888086364,0.0,0.0,0.0006873765960335732,0.0006021345034241676,0.014467521570622921,0.0014672474935650826,7.530674338340759e-06,10905008,True,True,True,
42,dp_fisher_wiener_adaptive_beta_lr5p00,dp_fisher_wiener_adaptive_beta,6f5bfa6c60eeb2ad400161beec4006ab7b7da4908d9989b6db2c608560d2f56e,338,2,1.0777416229248047,5.0,,,0.53515625,0.08761601609588766,1.897743668906241,1.8999761044808336,0.07312265073529722,469.1460872841731,1.0542441034025742,0.04852193304969538,0.3847926222752487,0.19801335701268227,0.0009557029528431255,0.002131532217732707,0.4416349752720461,23.16371558505111,0.99775284472795,0.44498691779948124,2.224934588997406,0.3656132536764861,0.04380800804794383,8.345808676532616,1.1236285382757814,0.0,0.0,0.0006882641464471817,0.0005990900099277496,0.01463517639786005,0.0014661028981208801,7.210299372673035e-06,10905008,True,True,True,
42,dp_fisher_wiener_adaptive_beta_lr5p00,dp_fisher_wiener_adaptive_beta,6f5bfa6c60eeb2ad400161beec4006ab7b7da4908d9989b6db2c608560d2f56e,339,2,1.208677053451538,5.0,,,0.47265625,0.08186692837530196,1.8918431978110053,1.8935985893160232,0.06909461065380024,534.014787556475,1.1924256677035616,0.04304883049788723,0.30799539742589144,0.18356890092682293,0.001000790292043111,0.0018726073194082857,0.3434810171318244,22.634560234836872,0.9977670549664749,0.4284494146650488,2.142247073325244,0.3454730532690012,0.04093346418765098,8.439868457671007,1.1669989102207565,0.0,0.0,0.0006917808204889297,0.0006121853366494179,0.014677945524454117,0.001452726311981678,7.385388016700745e-06,10905008,True,True,True,
42,dp_fisher_wiener_adaptive_beta_lr5p00,dp_fisher_wiener_adaptive_beta,6f5bfa6c60eeb2ad400161beec4006ab7b7da4908d9989b6db2c608560d2f56e,340,2,1.1208512783050537,5.0,,,0.51171875,0.05825647427557177,1.8935116101619616,1.8942675189855274,0.06109258091148463,1056.4466007777517,1.640810495455985,0.028349989515862737,0.21881051251863792,0.17113898585245263,0.0009269055441322936,0.0009465693760279711,0.1747696128013259,22.66313473801675,0.9984468590326785,0.41368947998765043,2.068447399938252,0.30546290455742314,0.029128237137785885,10.486831149513065,1.2086360040233983,0.0,0.0,0.0005586687475442886,0.0004889378324151039,0.015115942806005478,0.0011774376034736633,5.5655837059021e-06,10905008,True,True,True,
42,dp_fisher_wiener_adaptive_beta_lr5p00,dp_fisher_wiener_adaptive_beta,6f5bfa6c60eeb2ad400161beec4006ab7b7da4908d9989b6db2c608560d2f56e,341,2,1.0446292161941528,5.0,,,0.4921875,0.0601317582406183,1.9006555185592346,1.9016333434601613,0.06959790712160878,999.0771271323225,1.7753428958658306,0.03206774665647636,0.24376823693862282,0.16583711777966845,0.0011378450967976697,0.0010009237250716446,0.14588128573551443,21.635985983836314,0.998223017174899,0.40723103734817223,2.036155186740861,0.3479895356080439,0.03006587912030915,11.574234506963306,1.2278042539554392,0.0,0.0,0.0006286539137363434,0.0006667496636509895,0.015286953188478947,0.001573018729686737,7.119961082935333e-06,10905008,True,True,True,
42,dp_fisher_wiener_adaptive_beta_lr5p00,dp_fisher_wiener_adaptive_beta,6f5bfa6c60eeb2ad400161beec4006ab7b7da4908d9989b6db2c608560d2f56e,342,2,1.0472685098648071,5.0,,,0.40234375,0.08435431077709077,1.8972714792713334,1.8992629007203128,0.0682904954138344,505.8763702121612,1.112888694619351,0.045802562103183495,0.3350620517556815,0.18625722722285645,0.0009365629085880213,0.0019767675636634175,0.39312601624342114,22.985761790259083,0.9978000777261996,0.4315752856951571,2.1578764284757854,0.34145247706917203,0.042177155388545384,8.095673449656331,1.1585464148936837,0.0,0.0,0.0006557460874319077,0.0006040697917342186,0.01490304060280323,0.001449541188776493,6.77257776260376e-06,10905008,True,True,True,
42,dp_fisher_wiener_adaptive_beta_lr5p00,dp_fisher_wiener_adaptive_beta,6f5bfa6c60eeb2ad400161beec4006ab7b7da4908d9989b6db2c608560d2f56e,343,2,0.9751183986663818,5.0,,,0.4375,0.09776205577535954,1.9049461757785622,1.9075183781889173,0.07576925512987373,379.6861604189165,0.9898003241200501,0.05191856247154996,0.39409884661113237,0.19689051543718475,0.0009647955627909721,0.002633754147877738,0.5374829980732017,23.09789498240475,0.9973931092905053,0.44372346730501505,2.2186173365250754,0.3788462756493687,0.04888102788767977,7.750374572976292,1.126827938661116,0.0,0.0,0.000759834423661232,0.0006721895188093185,0.014062670059502125,0.001607811078429222,6.931833922863007e-06,10905008,True,True,True,
42,dp_fisher_wiener_adaptive_beta_lr5p00,dp_fisher_wiener_adaptive_beta,6f5bfa6c60eeb2ad400161beec4006ab7b7da4908d9989b6db2c608560d2f56e,344,2,1.6681941747665405,5.0,,,0.55859375,0.1323600470326598,1.897248135900484,1.9021037514068782,0.08628789414241111,205.46338742293906,0.8180604910262197,0.07143114639576478,0.46550070653315634,0.20984757677607097,0.0009764485792014951,0.004867047178017062,1.0459721872549839,23.322545805280495,0.9960184609954763,0.45809123193537654,2.2904561596768827,0.4314394707120556,0.0661800235163299,6.519179773320552,1.0914856367943844,0.0,0.0,0.0006455788388848305,0.0005775624886155128,0.014717156998813152,0.0013923514634370804,6.462447345256805e-06,10905008,True,True,True,
42,dp_fisher_wiener_adaptive_beta_lr5p00,dp_fisher_wiener_adaptive_beta,6f5bfa6c60eeb2ad400161beec4006ab7b7da4908d9989b6db2c608560d2f56e,345,2,1.0717356204986572,5.0,,,0.4921875,0.1329415737658616,1.900937811910929,1.905563582378559,0.08272900850833532,204.46274517814973,0.8638157391498008,0.06963576313218552,0.42056880418652925,0.1876654028501962,0.0010302709367488265,0.004890866544278444,0.890878707129562,22.60432766399489,0.995775192500732,0.4332036505504036,2.166018252752018,0.4136450425416766,0.0664707868829308,6.222959918677818,1.1541915663997167,0.0,0.0,0.0007500099018216133,0.0006598755717277527,0.014216862618923187,0.001577397808432579,7.056631147861481e-06,10905008,True,True,True,
42,dp_fisher_wiener_adaptive_beta_lr5p00,dp_fisher_wiener_adaptive_beta,6f5bfa6c60eeb2ad400161beec4006ab7b7da4908d9989b6db2c608560d2f56e,346,2,1.185351014137268,5.0,,,0.5,0.11863828156659564,1.900475425441417,1.9043190744147884,0.07995769075358387,256.61073552410716,0.9114992767487345,0.0635151448911172,0.4026380478213743,0.1899997330909001,0.0010362089988959129,0.003896953094679591,0.7145470156122659,22.63305631093835,0.9964479300724235,0.43588958818822465,2.1794479409411234,0.3997884537679194,0.05931914078329782,6.73961976660569,1.1470794750503293,0.0,0.0,0.0006846040487289429,0.0006041908636689186,0.014199105091392994,0.0014313114807009697,6.723217666149139e-06,10905008,True,True,True,
42,dp_fisher_wiener_adaptive_beta_lr5p00,dp_fisher_wiener_adaptive_beta,6f5bfa6c60eeb2ad400161beec4006ab7b7da4908d9989b6db2c608560d2f56e,347,2,1.2093803882598877,5.0,,,0.484375,0.11224585414422997,1.895103349291393,1.8982609822693235,0.07500990601435564,285.05271387271625,0.9292713304144093,0.0576734453485345,0.3870518660016509,0.1795454935504774,0.0009404599428472341,0.0035081230637463005,0.6697443007224015,22.808342066247977,0.9967400018130362,0.42372808916860516,2.1186404458430257,0.3750495300717782,0.056122927072114984,6.682643789821882,1.1800020172839323,0.0,0.0,0.000718533992767334,0.0006072474643588066,0.014251071028411388,0.0014339545741677284,6.827525794506073e-06,10905008,True,True,True,
42,dp_fisher_wiener_adaptive_beta_lr5p00,dp_fisher_wiener_adaptive_beta,6f5bfa6c60eeb2ad400161beec4006ab7b7da4908d9989b6db2c608560d2f56e,348,2,0.9877257347106934,5.0,,,0.4296875,0.10609143910281582,1.898034132622425,1.9007598772168397,0.07887668069175598,320.0717579525886,1.0153556566619217,0.05358162520861573,0.36141223672247175,0.1678514120305498,0.0010672618182674782,0.0031242993955718,0.49136777507362045,21.96654026199241,0.9968277249353189,0.4096967317791903,2.0484836588959516,0.39438340345877987,0.05304571955140791,7.434782802204021,1.2204149098954957,0.0,0.0,0.0006846040487289429,0.0006399936974048615,0.014356167055666447,0.0014482242986559868,6.943941116333008e-06,10905008,True,True,True,
42,dp_fisher_wiener_adaptive_beta_lr5p00,dp_fisher_wiener_adaptive_beta,6f5bfa6c60eeb2ad400161beec4006ab7b7da4908d9989b6db2c608560d2f56e,349,2,1.1360080242156982,5.0,,,0.53515625,0.10785268265780534,1.8952205364505412,1.8981002711759767,0.0719971752185097,308.7860013040208,0.9681162144250463,0.05509106829344484,0.3576566997453298,0.17326509656636002,0.000981865817910327,0.0032384887776346614,0.5714804003150695,22.4665894371525,0.9968647665038688,0.4162512421199005,2.0812562105995025,0.3599858760925485,0.05392634132890267,6.675510839689266,1.2011976167383416,0.0,0.0,0.0006815791130065918,0.0006279582157731056,0.01434016041457653,0.001446019858121872,6.606802344322205e-06,10905008,True,True,True,
42,dp_fisher_wiener_adaptive_beta_lr5p00,dp_fisher_wiener_adaptive_beta,6f5bfa6c60eeb2ad400161beec4006ab7b7da4908d9989b6db2c608560d2f56e,350,2,0.8886795043945312,5.0,,,0.50390625,0.08335728827066603,1.8956700296543059,1.8975708011120254,0.06977779824078047,517.1759631943557,0.7939454584618135,0.04475549236305334,0.5416239305578726,0.28249950877741187,0.0007426761215451196,0.001933577874886661,0.7354953038962232,25.802182359179792,0.9984648446274306,0.5315068285331919,2.657534142665959,0.3488889912039023,0.041678644135333016,8.370929487597252,0.9407216862649113,0.1451878398656845,0.00460666511207819,0.0005600787699222565,0.0004880093038082123,0.015277178026735783,0.0011840742081403732,5.600042641162872e-06,10905008,True,True,True,
42,dp_fisher_wiener_adaptive_beta_lr5p00,dp_fisher_wiener_adaptive_beta,6f5bfa6c60eeb2ad400161beec4006ab7b7da4908d9989b6db2c608560d2f56e,351,2,2.152866840362549,5.0,,,0.50390625,0.1993191653376416,1.899526456374739,1.9101354878202468,0.12297180366939657,90.82231628488204,0.4368540399787247,0.10525262838744123,0.7648679186001498,0.3199822511651242,0.0007021761521306912,0.01101050976103555,5.0174983696314515,26.58679813738747,0.9951900143285454,0.5656697368298256,2.8283486841491277,0.6148590183469829,0.0996595826688208,6.169592545696824,0.8839079898480315,0.0,0.0,0.0005582403391599655,0.0006411084905266762,0.015008197166025639,0.001497168093919754,5.342997610569e-06,10905008,True,True,True,
42,dp_fisher_wiener_adaptive_beta_lr5p00,dp_fisher_wiener_adaptive_beta,6f5bfa6c60eeb2ad400161beec4006ab7b7da4908d9989b6db2c608560d2f56e,352,2,4.545442581176758,5.0,,,0.60546875,0.21248463758902714,1.8970008587336655,1.909117552154827,0.13770540839235082,79.70397516104043,0.3823450576955113,0.11249285987995881,0.8005685842989646,0.35178230171330327,0.0006451276148447893,0.012546425670201413,6.841453376316578,27.366283535835475,0.9952029361531481,0.5931123853986724,2.965561926993362,0.6885270419617541,0.10624231879451357,6.480723027958134,0.8430105529883211,0.0,0.0,0.0006107594817876816,0.0006365180015563965,0.014937063679099083,0.0015021385625004768,5.005858838558197e-06,10905008,True,True,True,
42,dp_fisher_wiener_adaptive_beta_lr5p00,dp_fisher_wiener_adaptive_beta,6f5bfa6c60eeb2ad400161beec4006ab7b7da4908d9989b6db2c608560d2f56e,353,2,2.744856357574463,5.0,,,0.578125,0.18312812168918363,1.89443143371858,1.9033837281542436,0.11672494432251776,107.01575024968159,0.462846531454022,0.09687639198658765,0.7400637437860816,0.3214543901062344,0.0007148147411818678,0.009344418906906444,4.20221395346294,26.52925860987753,0.995674968120356,0.5669694789900374,2.8348473949501867,0.5836247216125888,0.09156406084459182,6.37394973773366,0.8818816859238803,0.0,0.0,0.0007951613515615463,0.0007036160677671432,0.013913227245211601,0.001679401844739914,7.549300789833069e-06,10905008,True,True,True,
42,dp_fisher_wiener_adaptive_beta_lr5p00,dp_fisher_wiener_adaptive_beta,6f5bfa6c60eeb2ad400161beec4006ab7b7da4908d9989b6db2c608560d2f56e,354,2,2.246124744415283,5.0,,,0.67578125,0.17980542910826,1.8971257719819272,1.905944118873574,0.10799448754836467,111.3234471914608,0.4832850694446723,0.09610002164965344,0.7304615855013278,0.3032631371973011,0.000693150269677112,0.008982833582658743,3.9301179143443656,26.409922266013965,0.9956587306480605,0.5506933240900066,2.753466620450033,0.5399724377418234,0.08990271455413,6.006186135911417,0.9079463616620326,0.0,0.0,0.0005565211176872253,0.00048821698874235153,0.01604661624878645,0.0011657606810331345,5.487352609634399e-06,10905008,True,True,True,
42,dp_fisher_wiener_adaptive_beta_lr5p00,dp_fisher_wiener_adaptive_beta,6f5bfa6c60eeb2ad400161beec4006ab7b7da4908d9989b6db2c608560d2f56e,355,2,1.408235788345337,5.0,,,0.6015625,0.15384290119595215,1.8954264302053732,1.902132430623907,0.09650046362310404,151.79551565159065,0.5558637923824631,0.08395267315637836,0.6676583938118538,0.2715524871026111,0.0007969673805325501,0.0065878098945473754,2.2446792736722956,25.324132382676503,0.9963380750083675,0.5211069823967158,2.605534911983579,0.4825023181155202,0.07692145059797607,6.272662753475724,0.9594958749149773,0.0,0.0,0.0007644742727279663,0.0006937012076377869,0.015393506735563278,0.001689830794930458,7.526949048042297e-06,10905008,True,True,True,
42,dp_fisher_wiener_adaptive_beta_lr5p00,dp_fisher_wiener_adaptive_beta,6f5bfa6c60eeb2ad400161beec4006ab7b7da4908d9989b6db2c608560d2f56e,356,2,1.7948641777038574,5.0,,,0.63671875,0.16716658888669514,1.8989843298533897,1.9061764279509954,0.09893006790132211,129.04577818272227,0.544977208017523,0.08679103956053917,0.6803388806882323,0.26201351773029385,0.000685758981919225,0.007749188032699439,2.960795365115391,25.821521930780804,0.9957768691413855,0.5118725600481958,2.559362800240979,0.4946503395066105,0.08358329444334757,5.91805267781069,0.9768056329332154,0.0,0.0,0.0006783269345760345,0.0005845325067639351,0.015195474959909916,0.0013778572902083397,6.318092346191406e-06,10905008,True,True,True,
42,dp_fisher_wiener_adaptive_beta_lr5p00,dp_fisher_wiener_adaptive_beta,6f5bfa6c60eeb2ad400161beec4006ab7b7da4908d9989b6db2c608560d2f56e,357,2,1.5591530799865723,5.0,,,0.67578125,0.1618028096379642,1.899144660594174,1.9057537759828829,0.10141673817370443,137.76661138345028,0.5142904529467266,0.08322703224750796,0.7008526987001711,0.3038636034158512,0.0006769209942157678,0.007258652803604159,3.2583424282532043,26.521406998286206,0.9962669441617088,0.5512382456033428,2.756191228016714,0.5070836908685221,0.0809014048189821,6.267921947670256,0.9070488196112583,0.0,0.0,0.0005565620958805084,0.0005364371463656425,0.01516443770378828,0.0015637064352631569,5.189329385757446e-06,10905008,True,True,True,
42,dp_fisher_wiener_adaptive_beta_lr5p00,dp_fisher_wiener_adaptive_beta,6f5bfa6c60eeb2ad400161beec4006ab7b7da4908d9989b6db2c608560d2f56e,358,2,1.5409352779388428,5.0,,,0.63671875,0.15347711907879102,1.8913094824844485,1.8975496945819001,0.09372055957832678,151.858086444381,0.54386054132376,0.08103292300327586,0.6788120012801037,0.27264285320670834,0.000691035808958406,0.006585095488632563,2.5980986784396385,25.960935650055944,0.9964186264027316,0.5221521360740645,2.6107606803703227,0.46860279789163395,0.07673855953939551,6.106484154748297,0.9575753223158702,0.0,0.0,0.0007566828280687332,0.0006649410352110863,0.01419043354690075,0.0015918547287583351,7.209368050098419e-06,10905008,True,True,True,
42,dp_fisher_wiener_adaptive_beta_lr5p00,dp_fisher_wiener_adaptive_beta,6f5bfa6c60eeb2ad400161beec4006ab7b7da4908d9989b6db2c608560d2f56e,359,2,1.2432334423065186,5.0,,,0.62109375,0.12524479010704542,1.8962174662035431,1.9006070873756284,0.0855767081213938,229.22234258912056,0.576918800383064,0.06795648742860629,0.6512355663154863,0.30281752722738364,0.0007261484035747666,0.004362576477671135,1.819276355058394,26.201556215873545,0.9974831476117622,0.5502885854053159,2.7514429270265794,0.427883540606969,0.06262239505352271,6.832755921175301,0.9086141585706627,0.0,0.0,0.0007030172273516655,0.0006051361560821533,0.014042274095118046,0.0014559440314769745,6.604008376598358e-06,10905008,True,True,True,
42,dp_fisher_wiener_adaptive_beta_lr5p00,dp_fisher_wiener_adaptive_beta,6f5bfa6c60eeb2ad400161beec4006ab7b7da4908d9989b6db2c608560d2f56e,360,2,1.6727604866027832,5.0,,,0.578125,0.1621056133807855,1.897991888291866,1.9046266676323436,0.10006580992027295,137.08583961036575,0.5232589826809066,0.08341320234294333,0.6948017217660892,0.30314731342783335,0.0007725309870917757,0.007294699458411845,2.862498177186841,25.937378150666603,0.9961829829822832,0.5505881522770294,2.752940761385147,0.5003290496013647,0.08105280669039275,6.1728775353376655,0.9081197950433122,0.0,0.0,0.000699847936630249,0.0006113657727837563,0.01422555185854435,0.0014673471450805664,7.472001016139984e-06,10905008,True,True,True,
42,dp_fisher_wiener_adaptive_beta_lr5p00,dp_fisher_wiener_adaptive_beta,6f5bfa6c60eeb2ad400161beec4006ab7b7da4908d9989b6db2c608560d2f56e,361,2,2.044729709625244,5.0,,,0.6953125,0.24265350081773193,1.8982539551299775,1.9140971707346315,0.14078339817301566,61.19775690262781,0.46547582882007826,0.12840719464189732,0.7507429017474754,0.28291010710695036,0.0007097833098911206,0.016340468190261387,6.513091445986124,26.005226799660864,0.9923939070257007,0.5318929470362908,2.6594647351814538,0.7039169908650783,0.12132675040886597,5.801828438387299,0.9400387855959769,0.0,0.0,0.0006907973438501358,0.0006027547642588615,0.014059215784072876,0.0014412961900234222,7.58003443479538e-06,10905008,True,True,True,
42,dp_fisher_wiener_adaptive_beta_lr5p00,dp_fisher_wiener_adaptive_beta,6f5bfa6c60eeb2ad400161beec4006ab7b7da4908d9989b6db2c608560d2f56e,362,2,4.490126609802246,5.0,,,0.68359375,0.27330933942137753,1.8961797054261582,1.9162061602640807,0.15805432013011653,48.13378825632883,0.4628577792539183,0.14420627637033515,0.753565376653254,0.2956438656265145,0.0006410123027312608,0.020775426913439553,9.581918309487865,26.639025070971883,0.9903839320356645,0.5437314278451398,2.7186571392256993,0.7902716006505827,0.13665466971068876,5.782982771960018,0.9195716384845156,0.0,0.0,0.0006299875676631927,0.00054167490452528,0.015171805396676064,0.0012965137138962746,6.2445178627967834e-06,10905008,True,True,True,
42,dp_fisher_wiener_adaptive_beta_lr5p00,dp_fisher_wiener_adaptive_beta,6f5bfa6c60eeb2ad400161beec4006ab7b7da4908d9989b6db2c608560d2f56e,363,2,2.116767406463623,5.0,,,0.625,0.13936930466655664,1.8901491488644173,1.89561982604912,0.08346852356836715,183.9322500057544,0.6451581113625728,0.0759573378066381,0.595694698588107,0.21640513309540324,0.0006650139874928166,0.005436784467742614,1.7692079986978257,25.12436777632167,0.9964924144007252,0.465193651177016,2.32596825588508,0.41734261784183574,0.06968465233327832,5.989017722867252,1.0748212034576212,0.0,0.0,0.0005588177591562271,0.0005369354039430618,0.015387789346277714,0.0015160003677010536,5.6549906730651855e-06,10905008,True,True,True,
42,dp_fisher_wiener_adaptive_beta_lr5p00,dp_fisher_wiener_adaptive_beta,6f5bfa6c60eeb2ad400161beec4006ab7b7da4908d9989b6db2c608560d2f56e,364,2,1.2591791152954102,5.0,,,0.578125,0.1255160877709595,1.898432199612497,1.902850358557729,0.0792217259044742,228.76595566290038,0.6028652374966115,0.06814014833808812,0.6301870551887322,0.2658550043091386,0.0006326168389903759,0.004371279795713155,1.837014977888547,26.235040916059212,0.997364707367626,0.5156112918751282,2.578056459375641,0.39610862952237097,0.06275804388547974,6.311679029366727,0.9697227502149455,0.0,0.0,0.0007679201662540436,0.0006757164373993874,0.014191622845828533,0.0015745731070637703,7.081776857376099e-06,10905008,True,True,True,
42,dp_fisher_wiener_adaptive_beta_lr5p00,dp_fisher_wiener_adaptive_beta,6f5bfa6c60eeb2ad400161beec4006ab7b7da4908d9989b6db2c608560d2f56e,365,2,0.8343128561973572,5.0,,,0.51171875,0.07078964750517108,1.8953323223225538,1.89652107754909,0.06129390569059489,716.8548672069702,1.0781246773150706,0.0354505474283154,0.3878159357355126,0.23381317569386356,0.0007353404791102868,0.0013949825069841475,0.4435568273510549,25.023805064942074,0.9984960349344975,0.4835423204786356,2.417711602393178,0.3064695284529744,0.03539482375258554,8.658597386628566,1.034035654839973,0.0,0.0,0.000608162023127079,0.0005365023389458656,0.014515869319438934,0.001387912780046463,5.298294126987457e-06,10905008,True,True,True,
42,dp_fisher_wiener_adaptive_beta_lr5p00,dp_fisher_wiener_adaptive_beta,6f5bfa6c60eeb2ad400161beec4006ab7b7da4908d9989b6db2c608560d2f56e,366,2,1.070695161819458,5.0,,,0.609375,0.08081357209706215,1.9008362836430834,1.9024845638758863,0.06402483631923765,553.2492311393075,0.9051448892441091,0.04162620251781216,0.4559908709882934,0.22813441795367925,0.0006931851463239106,0.0018075036413287024,0.5948681867304415,25.173415625620184,0.9983639473165107,0.4776341884263304,2.388170942131652,0.3201241815961883,0.040406786048531075,7.92253512080314,1.0468262367195946,0.0,0.0,0.0007506050169467926,0.0006894767284393311,0.014398162253201008,0.001580050215125084,7.28946179151535e-06,10905008,True,True,True,
42,dp_fisher_wiener_adaptive_beta_lr5p00,dp_fisher_wiener_adaptive_beta,6f5bfa6c60eeb2ad400161beec4006ab7b7da4908d9989b6db2c608560d2f56e,367,2,1.5615431070327759,5.0,,,0.5390625,0.11418886230625386,1.9003047275434928,1.9037587681132149,0.07596848165560668,276.9484925291366,0.6682790351155515,0.060211419576972375,0.581950291037695,0.2641470643849084,0.0007037122227279563,0.003610779718607151,1.355350712555669,25.744506939099345,0.9975869916134493,0.5139523950570796,2.569761975285398,0.3798424082780334,0.05709443115312693,6.652880160109581,0.9728527482462596,0.0,0.0,0.0007158983498811722,0.0006067976355552673,0.014170205220580101,0.0014374153688549995,7.138587534427643e-06,10905008,True,True,True,
42,dp_fisher_wiener_adaptive_beta_lr5p00,dp_fisher_wiener_adaptive_beta,6f5bfa6c60eeb2ad400161beec4006ab7b7da4908d9989b6db2c608560d2f56e,368,2,1.064760446548462,5.0,,,0.58203125,0.12951834883871044,1.9026376532937475,1.9071221143968844,0.08193052835784509,215.79907361545978,0.6232004015147186,0.06853992002874817,0.6141175827869266,0.24882602749516833,0.0006165219524464778,0.004633940188835323,1.870241479341811,26.059472607513353,0.9971121266135505,0.4988246460382329,2.4941232301911644,0.40965264178922545,0.06475917441935522,6.325785426635437,1.0023562467694804,0.0,0.0,0.000689065083861351,0.0006299372762441635,0.014192360453307629,0.0014493027701973915,6.780028343200684e-06,10905008,True,True,True,
42,dp_fisher_wiener_adaptive_beta_lr5p00,dp_fisher_wiener_adaptive_beta,6f5bfa6c60eeb2ad400161beec4006ab7b7da4908d9989b6db2c608560d2f56e,369,2,1.3166532516479492,5.0,,,0.46484375,0.11459986076048419,1.895235982704233,1.8987674483607542,0.07728105930960488,273.50067754263523,0.7355167848858686,0.06096439706284324,0.5332785060812246,0.23460894281907552,0.0008102684929611621,0.0036562980717577604,1.0586617059269146,24.61715610459727,0.9973107313974715,0.48436447311820413,2.4218223655910207,0.3864052965480244,0.057299930380242094,6.743556126108652,1.0322804989806673,0.0,0.0,0.0006834547966718674,0.0006067287176847458,0.01437968760728836,0.0014670994132757187,6.463378667831421e-06,10905008,True,True,True,
42,dp_fisher_wiener_adaptive_beta_lr5p00,dp_fisher_wiener_adaptive_beta,6f5bfa6c60eeb2ad400161beec4006ab7b7da4908d9989b6db2c608560d2f56e,370,2,0.9056065082550049,5.0,,,0.48828125,0.09403663569338098,1.898983468758349,1.901071115566432,0.07129865164707459,407.80092053040954,0.9036321610485196,0.04692070685246936,0.4426507376648457,0.20255494954044367,0.0008428035807115302,0.002452176906775932,0.5893432121985605,23.808164875298967,0.9977841340822062,0.45006105090358983,2.250305254517949,0.356493258235373,0.04701831784669049,7.582007918492211,1.110960388585141,0.0,0.0,0.0006957929581403732,0.0006078816950321198,0.014567776583135128,0.0014370279386639595,6.465241312980652e-06,10905008,True,True,True,
42,dp_fisher_wiener_adaptive_beta_lr5p00,dp_fisher_wiener_adaptive_beta,6f5bfa6c60eeb2ad400161beec4006ab7b7da4908d9989b6db2c608560d2f56e,371,2,1.0187699794769287,5.0,,,0.48046875,0.09850179077493004,1.894431963882822,1.896635897170725,0.06486994593657282,369.8876007413449,0.7773125913549933,0.04832905203246064,0.4983529635945377,0.24412341830383869,0.0006505724287771568,0.0027035239837518545,1.014481227564184,25.743137882129076,0.9978985167661829,0.49408847214222545,2.4704423607111274,0.3243497296828641,0.04925089538746502,6.5856615828923495,1.0119645128151482,0.0,0.0,0.0006016837432980537,0.000604935921728611,0.01471069548279047,0.0014441292732954025,6.757676601409912e-06,10905008,True,True,True,
42,dp_fisher_wiener_adaptive_beta_lr5p00,dp_fisher_wiener_adaptive_beta,6f5bfa6c60eeb2ad400161beec4006ab7b7da4908d9989b6db2c608560d2f56e,372,2,0.8507994413375854,5.0,,,0.48828125,0.07654186014102739,1.8961233635386536,1.89766233287918,0.06166829220539465,613.6703694494211,1.0165046789296939,0.040265499186653564,0.3925976090591296,0.20081797681059557,0.0007236981514932947,0.0016295393253648927,0.4521785632696875,24.43245123669682,0.9983435656509839,0.4481271882073164,2.240635941036582,0.30834146102697324,0.038270930070513694,8.056806052290899,1.1157546633112785,0.0,0.0,0.0007546544075012207,0.0006649121642112732,0.014198062941432,0.0015770280733704567,7.3444098234176636e-06,10905008,True,True,True,
42,dp_fisher_wiener_adaptive_beta_lr5p00,dp_fisher_wiener_adaptive_beta,6f5bfa6c60eeb2ad400161beec4006ab7b7da4908d9989b6db2c608560d2f56e,373,2,0.7970514297485352,5.0,,,0.53125,0.08252233260999169,1.8957102767793474,1.8974733732131603,0.06457947205241102,527.7168214889666,0.9163121716961589,0.043100476680336154,0.44475471157089436,0.23146160746982297,0.0007295254927568918,0.0018949557018693314,0.6012257242421728,25.01438491973247,0.9982636290252971,0.4811045702025943,2.4055228510129716,0.32289736026205507,0.04126116630499584,7.825696391309555,1.039275099358149,0.0,0.0,0.0006490889936685562,0.0005810670554637909,0.01450524665415287,0.0013915244489908218,6.3087791204452515e-06,10905008,True,True,True,
42,dp_fisher_wiener_adaptive_beta_lr5p00,dp_fisher_wiener_adaptive_beta,6f5bfa6c60eeb2ad400161beec4006ab7b7da4908d9989b6db2c608560d2f56e,374,2,1.3722001314163208,5.0,,,0.5546875,0.14702474710542152,1.894465916099969,1.900089491122637,0.09055590853697534,166.03234820352142,0.6378935993230574,0.07688147206006743,0.6019157749923983,0.2372970590997553,0.0007297985520981825,0.006022922706168476,1.9583785700455831,25.120893582789556,0.9961580161563399,0.48713145977215977,2.4356572988607987,0.45277954268487675,0.07351237355271076,6.159228995021632,1.0264169762980053,0.0,0.0,0.0007490096613764763,0.0006644576787948608,0.01432964950799942,0.001580946147441864,7.375143468379974e-06,10905008,True,True,True,
42,dp_fisher_wiener_adaptive_beta_lr5p00,dp_fisher_wiener_adaptive_beta,6f5bfa6c60eeb2ad400161beec4006ab7b7da4908d9989b6db2c608560d2f56e,375,2,1.8242243528366089,5.0,,,0.51171875,0.1679298487462095,1.895342648101371,1.9025498971344657,0.09137417175276741,127.38540622656983,0.6176555745685657,0.08696975853400626,0.6234018484285638,0.23280615001999966,0.0006907779641275105,0.007850192809258263,2.645673804135821,25.27655973546951,0.9951512846497517,0.4824998963937709,2.4124994819688546,0.45687085876383704,0.08396492437310475,5.441210864768414,1.0362696525657094,0.0,0.0,0.0006895773112773895,0.0006067715585231781,0.014149120077490807,0.0014451462775468826,6.6785141825675964e-06,10905008,True,True,True,
42,dp_fisher_wiener_adaptive_beta_lr5p00,dp_fisher_wiener_adaptive_beta,6f5bfa6c60eeb2ad400161beec4006ab7b7da4908d9989b6db2c608560d2f56e,376,2,1.4202439785003662,5.0,,,0.609375,0.14557300902326062,1.8972918487042025,1.9029626920980647,0.087083464237121,169.8660404682513,0.6218734217033994,0.07714632250294912,0.6151533138701641,0.24195151357000985,0.0006371720448641425,0.005886991874278943,2.235450543198342,25.794716296022884,0.9963390362194293,0.4918856712387644,2.459428356193822,0.435417321185605,0.07278650451163031,5.982116109313218,1.016496371483609,0.0,0.0,0.0006963573396205902,0.000609339214861393,0.014217349700629711,0.0014549428597092628,6.666406989097595e-06,10905008,True,True,True,
42,dp_fisher_wiener_adaptive_beta_lr5p00,dp_fisher_wiener_adaptive_beta,6f5bfa6c60eeb2ad400161beec4006ab7b7da4908d9989b6db2c608560d2f56e,377,2,1.5093605518341064,5.0,,,0.49609375,0.12195345660991314,1.9055885801491528,1.9098083928428429,0.07647442741448253,244.15749149916817,0.6633548314103063,0.06649179375948996,0.5819627374529313,0.24018910036741417,0.0006066611987133115,0.004095717046371661,1.6215749324887427,25.976070763219077,0.9972830863090172,0.49009091030890806,2.4504545515445404,0.38237213707241263,0.06097672830495657,6.270788015287142,1.020218880786477,0.0,0.0,0.0007100822404026985,0.0006127720698714256,0.014268260449171066,0.001450907438993454,6.666406989097595e-06,10905008,True,True,True,
42,dp_fisher_wiener_adaptive_beta_lr5p00,dp_fisher_wiener_adaptive_beta,6f5bfa6c60eeb2ad400161beec4006ab7b7da4908d9989b6db2c608560d2f56e,378,2,1.3308773040771484,5.0,,,0.54296875,0.11659425424135578,1.8972775461762086,1.9010241265208059,0.07602043967417539,264.79357069614,0.6988659286883656,0.06276799465425169,0.5569322692463887,0.23085872620465822,0.0006444426967103936,0.0037765267385351164,1.3528652841823574,25.541619884639218,0.997360714133463,0.48047760218834157,2.4023880109417077,0.38010219837087694,0.05829712712067789,6.520084558841584,1.0406312338425407,0.0,0.0,0.000680314376950264,0.0006250906735658646,0.014388961717486382,0.0014347992837429047,6.398186087608337e-06,10905008,True,True,True,
42,dp_fisher_wiener_adaptive_beta_lr5p00,dp_fisher_wiener_adaptive_beta,6f5bfa6c60eeb2ad400161beec4006ab7b7da4908d9989b6db2c608560d2f56e,379,2,1.130001425743103,5.0,,,0.48828125,0.09745469260048019,1.8969710840224812,1.8995294971113104,0.06650050659535836,378.89241376004173,0.8456884363045291,0.05188697837894459,0.4542564955096,0.20062530522571886,0.0007220674471236434,0.002639271633788227,0.7333174747921342,24.4380794399529,0.9977679984988037,0.4479121623998603,2.2395608119993016,0.3325025329767918,0.048727346300240094,6.823735709332682,1.116290295222043,0.0,0.0,0.0006885938346385956,0.0006104838103055954,0.014510384760797024,0.001450616866350174,7.3462724685668945e-06,10905008,True,True,True,
42,dp_fisher_wiener_adaptive_beta_lr5p00,dp_fisher_wiener_adaptive_beta,6f5bfa6c60eeb2ad400161beec4006ab7b7da4908d9989b6db2c608560d2f56e,380,2,0.8219095468521118,5.0,,,0.5546875,0.08359106143301243,1.898646382609422,1.9005284777406608,0.06659182206226337,515.903521686385,0.9594899103288688,0.04449588935017768,0.4237446912420622,0.19214839483778515,0.0007350289927698996,0.0019383469153065867,0.5067150438843524,24.1733229059449,0.99814017569178,0.43834734496490924,2.1917367248245463,0.33295911031131686,0.04179553071650621,7.966380725292614,1.140647949034311,0.0,0.0,0.0006882855668663979,0.0006042439490556717,0.014581982977688313,0.0014736289158463478,6.311573088169098e-06,10905008,True,True,True,
42,dp_fisher_wiener_adaptive_beta_lr5p00,dp_fisher_wiener_adaptive_beta,6f5bfa6c60eeb2ad400161beec4006ab7b7da4908d9989b6db2c608560d2f56e,381,2,1.176382303237915,5.0,,,0.49609375,0.09275696859216961,1.8986029586574447,1.9008281880089886,0.06496264879034332,418.9625581815251,0.9125579175409034,0.04837493994401695,0.41260377123479675,0.18477983393449277,0.0007191170437236026,0.002386848133217247,0.6133096210321127,24.098549901186747,0.9978218628378117,0.4298602493072519,2.1493012465362598,0.32481324395171657,0.04637848429608481,7.0035329716916435,1.1631687293826767,0.0,0.0,0.0006932234391570091,0.0006071161478757858,0.01476346980780363,0.00144271831959486,7.208436727523804e-06,10905008,True,True,True,
42,dp_fisher_wiener_adaptive_beta_lr5p00,dp_fisher_wiener_adaptive_beta,6f5bfa6c60eeb2ad400161beec4006ab7b7da4908d9989b6db2c608560d2f56e,382,2,0.9345675706863403,5.0,,,0.5078125,0.08019609788261374,1.8984164574221953,1.9001140571590227,0.06315357832656543,560.3721017607176,0.9210058230291174,0.042261622410400934,0.443900415214104,0.224256876457922,0.0006546324510721467,0.0017845285243540585,0.6113244035777278,25.347482383593267,0.9983564388374528,0.47355768018048444,2.3677884009024224,0.31576789163282715,0.04009804894130687,7.8748941647299215,1.0558375904881998,0.0,0.0,0.0006883479654788971,0.000621456652879715,0.014786122366786003,0.001447984017431736,6.771646440029144e-06,10905008,True,True,True,
42,dp_fisher_wiener_adaptive_beta_lr5p00,dp_fisher_wiener_adaptive_beta,6f5bfa6c60eeb2ad400161beec4006ab7b7da4908d9989b6db2c608560d2f56e,383,2,0.9004558324813843,5.0,,,0.453125,0.08129355321274112,1.8972367580738443,1.8989070862568884,0.06214023747352719,544.6667299982287,0.9728556891669423,0.041943187670725766,0.39995205262045036,0.20000724508309445,0.0006878576798765574,0.0018359850983585087,0.533846364133716,24.635471370258877,0.9982138514515659,0.44722169567575143,2.2361084783787573,0.31070118736763597,0.04064677660637056,7.64393177763808,1.1180137386746916,0.0,0.0,0.0006679315119981766,0.0006044665351510048,0.014869863167405128,0.0014380645006895065,6.712041795253754e-06,10905008,True,True,True,
42,dp_fisher_wiener_adaptive_beta_lr5p00,dp_fisher_wiener_adaptive_beta,6f5bfa6c60eeb2ad400161beec4006ab7b7da4908d9989b6db2c608560d2f56e,384,2,0.9001481533050537,5.0,,,0.49609375,0.09466026629290618,1.8964727208293524,1.8990176166148012,0.06718289722642729,401.38187415512647,0.8592602826312217,0.05178998840740146,0.45401391231124266,0.21077200879682564,0.000731575477446989,0.0024913930206565352,0.7177877440038295,24.595537949580258,0.9978592449286863,0.45909912741893294,2.295495637094665,0.3359144861321364,0.04733013314645309,7.097264761238318,1.0890894147630463,0.0,0.0,0.0007615350186824799,0.0006795348599553108,0.014235869981348515,0.00162469781935215,6.942078471183777e-06,10905008,True,True,True,
42,dp_fisher_wiener_adaptive_beta_lr5p00,dp_fisher_wiener_adaptive_beta,6f5bfa6c60eeb2ad400161beec4006ab7b7da4908d9989b6db2c608560d2f56e,385,2,1.231410026550293,5.0,,,0.5078125,0.10474250933947367,1.8961832346789351,1.89931833792396,0.07212222934462538,327.7288366737297,0.832214148461676,0.05748053465574115,0.46612046402955676,0.19253372753383333,0.0006987262252825358,0.0030513030530301545,0.8407853164770149,24.40199774828401,0.9974606624277925,0.4387866537781583,2.1939332688907913,0.3606111467231269,0.052371254669736834,6.885669419041499,1.139505943705504,0.0,0.0,0.000569317489862442,0.0004955241456627846,0.0158613882958889,0.001179782673716545,5.593523383140564e-06,10905008,True,True,True,
42,dp_fisher_wiener_adaptive_beta_lr5p00,dp_fisher_wiener_adaptive_beta,6f5bfa6c60eeb2ad400161beec4006ab7b7da4908d9989b6db2c608560d2f56e,386,2,1.2794469594955444,5.0,,,0.484375,0.10713227005238161,1.8994797088720035,1.9022409690963604,0.06691773964977252,314.36102948515526,0.8228877298405135,0.05391509188162735,0.4540880065707868,0.2060538578537643,0.0007176469476478562,0.003181055875629191,0.9133583542354533,24.580699077542626,0.9973823481517796,0.4539315563537793,2.2696577817688963,0.3345886982488626,0.05356613502619081,6.246272912522462,1.1014876427961202,0.0,0.0,0.0005992148071527481,0.0004962338134646416,0.015635759569704533,0.0014673983678221703,5.645677447319031e-06,10905008,True,True,True,
42,dp_fisher_wiener_adaptive_beta_lr5p00,dp_fisher_wiener_adaptive_beta,6f5bfa6c60eeb2ad400161beec4006ab7b7da4908d9989b6db2c608560d2f56e,387,2,0.9618453979492188,5.0,,,0.52734375,0.11331960578932462,1.9005901294016028,1.9038761294194677,0.06569079196396412,281.29811943005177,0.7503497515301619,0.05873284186923954,0.5051764455370126,0.210373009973742,0.0005658779613056628,0.0035549473346924093,1.3216011612542393,25.70267240265304,0.997332546150503,0.4586643761768969,2.2933218808844846,0.32845395981982056,0.05665980289466231,5.796948507298213,1.090121722917654,0.0,0.0,0.0006979005411267281,0.0006115809082984924,0.014949198812246323,0.0014670835807919502,7.663853466510773e-06,10905008,True,True,True,
42,dp_fisher_wiener_adaptive_beta_lr5p00,dp_fisher_wiener_adaptive_beta,6f5bfa6c60eeb2ad400161beec4006ab7b7da4908d9989b6db2c608560d2f56e,388,2,0.7903110980987549,5.0,,,0.48828125,0.11849470020550883,1.900288328338874,1.9040836642804029,0.0749603185827686,257.1823431113277,0.7879192966829216,0.06311360068508905,0.4839273606623803,0.20187571247320463,0.0007205088933520797,0.0038882918159573194,1.0894406545801738,24.474447264249264,0.9969363398468547,0.4493058117509773,2.2465290587548865,0.37480159291384296,0.05924735010275441,6.326048207345773,1.1128278044086521,0.0,0.0,0.0007505146786570549,0.0006719920784235001,0.014150451868772507,0.0016056541353464127,7.778406143188477e-06,10905008,True,True,True,
42,dp_fisher_wiener_adaptive_beta_lr5p00,dp_fisher_wiener_adaptive_beta,6f5bfa6c60eeb2ad400161beec4006ab7b7da4908d9989b6db2c608560d2f56e,389,2,1.58205246925354,5.0,,,0.49609375,0.11952814381924799,1.9038817572380602,1.9078766669218024,0.072942094235934,253.7111737115266,0.7709744157377845,0.06471225727019068,0.4927740549953563,0.1857848866808337,0.0006141380399206152,0.003941489786597831,1.1923528351601609,24.807443830573177,0.9969612122144286,0.43102770987586597,2.15513854937933,0.36471047117967,0.059764071909623996,6.102503720380488,1.160018227465788,0.0,0.0,0.0005637258291244507,0.0004885364323854446,0.01596087869256735,0.0011729532852768898,5.881302058696747e-06,10905008,True,True,True,
42,dp_fisher_wiener_adaptive_beta_lr5p00,dp_fisher_wiener_adaptive_beta,6f5bfa6c60eeb2ad400161beec4006ab7b7da4908d9989b6db2c608560d2f56e,390,2,0.9686390161514282,5.0,,,0.51953125,0.10310935729271865,1.8981988827760254,1.9010422884834732,0.06896697716170148,338.91225042732356,0.8532272094413267,0.054675143260558175,0.44415269948102076,0.19672737303798227,0.0007054940222350903,0.002950616269092648,0.8227808726840634,24.453714541865885,0.9974824539143531,0.44353959579498903,2.217697978974945,0.3448348858085074,0.05155467864635933,6.688721467303146,1.127295070697545,0.0,0.0,0.0007300255820155144,0.0006792573258280754,0.015222332440316677,0.0015774965286254883,7.127411663532257e-06,10905008,True,True,True,
42,dp_fisher_wiener_adaptive_beta_lr5p00,dp_fisher_wiener_adaptive_beta,6f5bfa6c60eeb2ad400161beec4006ab7b7da4908d9989b6db2c608560d2f56e,391,2,1.1639339923858643,5.0,,,0.48046875,0.09311662994496474,1.9007040039129954,1.9031453670629828,0.06591560653284458,416.6529678540624,0.8735213339965358,0.05066539755457887,0.44327706253619936,0.17755979802632435,0.0006181127190236069,0.0024000789074773952,0.6894495337200124,24.582769617760075,0.9979034798708016,0.4213784498836223,2.1068922494181113,0.32957803266422286,0.04655831497248237,7.0788221792806825,1.1865818010790659,0.0,0.0,0.0006889747455716133,0.0006106877699494362,0.014734462834894657,0.0014331787824630737,6.852671504020691e-06,10905008,True,True,True,
42,dp_fisher_wiener_adaptive_beta_lr5p00,dp_fisher_wiener_adaptive_beta,6f5bfa6c60eeb2ad400161beec4006ab7b7da4908d9989b6db2c608560d2f56e,392,2,1.162699818611145,5.0,,,0.5234375,0.1233698073189893,1.8928477783875468,1.8968657478466813,0.07154860571386876,235.4038744173542,0.8287746707465308,0.06505338851283766,0.43759633729484787,0.1706078478999514,0.0007604388183100741,0.004248018442385914,0.9530619250697657,23.50934726151067,0.9964793499138551,0.4130470286782746,2.065235143391373,0.3577430285693438,0.06168490365949465,5.799523178933908,1.2105159104975507,0.0,0.0,0.0006692288443446159,0.0006073536351323128,0.014796155504882336,0.0014463113620877266,6.438232958316803e-06,10905008,True,True,True,
42,dp_fisher_wiener_adaptive_beta_lr5p00,dp_fisher_wiener_adaptive_beta,6f5bfa6c60eeb2ad400161beec4006ab7b7da4908d9989b6db2c608560d2f56e,393,2,0.9102649092674255,5.0,,,0.49609375,0.07568761966098296,1.893483824755874,1.89493330173586,0.05972281753110685,625.8546807757567,1.1586757805891152,0.03911450704387655,0.2939888225299637,0.1719666702995558,0.0007930392954134929,0.0015978150048916195,0.3464783241969612,23.361495746652444,0.998148650451647,0.4146886425977396,2.073443212988698,0.29861408765553427,0.03784380983049148,7.890698346313021,1.20572388205917,0.0,0.0,0.0007359543815255165,0.0006333533674478531,0.01501466240733862,0.001515970565378666,6.853602826595306e-06,10905008,True,True,True,
42,dp_fisher_wiener_adaptive_beta_lr5p00,dp_fisher_wiener_adaptive_beta,6f5bfa6c60eeb2ad400161beec4006ab7b7da4908d9989b6db2c608560d2f56e,394,2,1.019704818725586,5.0,,,0.5078125,0.09009658217208877,1.8934412447617566,1.8956054281221932,0.06137184450665469,441.6589479733604,0.9774400723207255,0.04777158507314712,0.35714867916953197,0.15983771410338585,0.0007475648990956272,0.002264190512759284,0.4841091873112059,23.300303581531075,0.997786889461188,0.3997970911642378,1.998985455821189,0.30685922253327347,0.045048291086044384,6.811783868567754,1.2506344119280948,0.0,0.0,0.0007173605263233185,0.0006345855072140694,0.014777600765228271,0.0015403050929307938,7.084570825099945e-06,10905008,True,True,True,
42,dp_fisher_wiener_adaptive_beta_lr5p00,dp_fisher_wiener_adaptive_beta,6f5bfa6c60eeb2ad400161beec4006ab7b7da4908d9989b6db2c608560d2f56e,395,2,1.2312912940979004,5.0,,,0.46484375,0.11418568381028298,1.890945826065948,1.8943377543261937,0.07309800476568763,274.24256334566786,0.8150771725905949,0.059817459079030105,0.46451700658033235,0.20245222217853426,0.0007257309867345469,0.003646406989941156,1.0172132806051557,24.45546881161357,0.9970278969002963,0.4499469104000318,2.249734552000159,0.36549002382843815,0.05709284190514149,6.40167859272604,1.1112422120075378,0.0,0.0,0.0006908876821398735,0.0006106030195951462,0.01462765783071518,0.001462327316403389,6.712041795253754e-06,10905008,True,True,True,
42,dp_fisher_wiener_adaptive_beta_lr5p00,dp_fisher_wiener_adaptive_beta,6f5bfa6c60eeb2ad400161beec4006ab7b7da4908d9989b6db2c608560d2f56e,396,2,1.351945161819458,5.0,,,0.515625,0.08836385011718435,1.9007783053569254,1.902528770022808,0.05803307057374474,462.71509997445713,0.9687337885617161,0.043023361088142004,0.3521793269572476,0.17339889745093212,0.0006481372265381621,0.002161157048747392,0.5781834988257792,24.27379364983612,0.997906414144222,0.4164119324070002,2.082059662035001,0.2901653528687237,0.04418192505859218,6.567512675768458,1.2007340834558513,0.0,0.0,0.0006857654079794884,0.0006056902930140495,0.01469483319669962,0.0014614975079894066,6.313435733318329e-06,10905008,True,True,True,
42,dp_fisher_wiener_adaptive_beta_lr5p00,dp_fisher_wiener_adaptive_beta,6f5bfa6c60eeb2ad400161beec4006ab7b7da4908d9989b6db2c608560d2f56e,397,2,0.6752526760101318,5.0,,,0.3984375,0.0525778400161765,1.8969932502758293,1.897730663825718,0.05520519947728787,1301.745514476404,1.5291620855762904,0.02787527210591035,0.2729964849995769,0.1802565030431255,0.0006865169162846265,0.0007681993051001292,0.2017035809124014,24.19239697921919,0.9988252987480499,0.42456625283119886,2.1228312641559945,0.27602599738643935,0.02628892000808825,10.49970851944528,1.1776724990848833,0.0,0.0,0.0006896229460835457,0.0006057405844330788,0.014719047583639622,0.0014330875128507614,6.3944607973098755e-06,10905008,True,True,True,
42,dp_fisher_wiener_adaptive_beta_lr5p00,dp_fisher_wiener_adaptive_beta,6f5bfa6c60eeb2ad400161beec4006ab7b7da4908d9989b6db2c608560d2f56e,398,2,1.148738980293274,5.0,,,0.5,0.0833484280913141,1.8923335280166957,1.89412025134263,0.06444672136073282,515.46661286342,1.0413349258362687,0.04342857024515591,0.35988123449182524,0.19825902845083548,0.0008163207049506462,0.0019399898556004766,0.47116347970479355,23.85372161346634,0.9979798208073044,0.4452628756710304,2.226314378355152,0.3222336068036641,0.04167421404565705,7.732205973768388,1.1229321538323973,0.0,0.0,0.0006925659254193306,0.0006056679412722588,0.014711695723235607,0.0014274315908551216,6.710179150104523e-06,10905008,True,True,True,
42,dp_fisher_wiener_adaptive_beta_lr5p00,dp_fisher_wiener_adaptive_beta,6f5bfa6c60eeb2ad400161beec4006ab7b7da4908d9989b6db2c608560d2f56e,399,2,1.147826910018921,5.0,1.3974153102874756,0.7346,0.51953125,0.11158502433290106,1.898164875479683,1.9015245812218078,0.07108670764537918,289.37168989735795,0.8161608817389214,0.059423268130723274,0.4628179930077453,0.19801736348100551,0.000647604022872167,0.0034557630716194644,1.056665906712367,24.85393735589333,0.9971795413641598,0.4449914195588557,2.2249570977942783,0.3554335382268959,0.05579251216645053,6.3706315492683006,1.1236171710783855,0.0,0.0,0.0007561352103948593,0.0006702765822410583,0.0141871003434062,0.0015950659289956093,7.636845111846924e-06,10905008,True,True,True,
42,dp_fisher_wiener_adaptive_beta_lr5p00,dp_fisher_wiener_adaptive_beta,6f5bfa6c60eeb2ad400161beec4006ab7b7da4908d9989b6db2c608560d2f56e,400,2,1.184110164642334,5.0,,,0.5,0.15185735384134436,1.9005045941185024,1.906242547762739,0.0989581428020534,156.62684206872916,0.4331492513012881,0.07755987945392626,0.7607596429916668,0.3586118331723321,0.0005626170356781022,0.006384601686073394,4.069542101459767,28.044117375018015,0.9972345145597005,0.5988420769888603,2.994210384944301,0.494790714010267,0.07592867692067218,6.516519634876448,0.8349446694081687,0.14443201385438442,0.00468465406447649,0.0006945542991161346,0.0006065415218472481,0.014578710310161114,0.0015859194099903107,6.728805601596832e-06,10905008,True,True,True,
42,dp_fisher_wiener_adaptive_beta_lr5p00,dp_fisher_wiener_adaptive_beta,6f5bfa6c60eeb2ad400161beec4006ab7b7da4908d9989b6db2c608560d2f56e,401,2,3.1546661853790283,5.0,,,0.62109375,0.2352338836328794,1.8922292374859042,1.906166110287153,0.12730746716835498,64.70647475699758,0.47460869375446346,0.1207336916739901,0.7559966505714191,0.2829901316397914,0.0006083439641892716,0.015454403964009884,7.189097069598253,26.676220874941144,0.992665205521755,0.5319681678820561,2.659840839410281,0.6365373358417749,0.1176169418164397,5.411952785082463,0.9399058631453983,0.0,0.0,0.0006879782304167747,0.0006061643362045288,0.014535962603986263,0.0014406125992536545,6.509944796562195e-06,10905008,True,True,True,
42,dp_fisher_wiener_adaptive_beta_lr5p00,dp_fisher_wiener_adaptive_beta,6f5bfa6c60eeb2ad400161beec4006ab7b7da4908d9989b6db2c608560d2f56e,402,2,2.6774022579193115,5.0,,,0.62109375,0.17894436376137784,1.8954512233776737,1.903603805921265,0.10109741027219471,112.19904959396692,0.5137139832765419,0.09246322829492895,0.7128506099972038,0.25669170430163396,0.000575897840485441,0.008912731467756244,3.972621650184328,26.490663832268886,0.9954214052156818,0.5066475148479799,2.5332375742398994,0.5054870513609735,0.08947218188068892,5.649656024141564,0.9868794089497087,0.0,0.0,0.0006811581552028656,0.0006004506722092628,0.014717284590005875,0.0014416789636015892,6.6338106989860535e-06,10905008,True,True,True,
42,dp_fisher_wiener_adaptive_beta_lr5p00,dp_fisher_wiener_adaptive_beta,6f5bfa6c60eeb2ad400161beec4006ab7b7da4908d9989b6db2c608560d2f56e,403,2,3.0650134086608887,5.0,,,0.5546875,0.16680272305551763,1.89434961423372,1.9011636389083535,0.10084186898746222,128.97751206337168,0.4712008447149359,0.08464617910073918,0.7396226782949137,0.326027933641378,0.0005553383630430247,0.007753289577119777,4.551799671686263,27.686971353976517,0.9963466434018103,0.5709885582403363,2.854942791201682,0.5042093449373111,0.08340136152775882,6.045576903003525,0.8756742894113615,0.0,0.0,0.000685165636241436,0.0006101913750171661,0.014590604230761528,0.0014387927949428558,6.411224603652954e-06,10905008,True,True,True,
42,dp_fisher_wiener_adaptive_beta_lr5p00,dp_fisher_wiener_adaptive_beta,6f5bfa6c60eeb2ad400161beec4006ab7b7da4908d9989b6db2c608560d2f56e,404,2,1.815525770187378,5.0,,,0.4765625,0.08316751571875723,1.900141388188459,1.9019304065475509,0.06532017866060247,521.9926374442343,0.7884494090438458,0.04336488067303968,0.5273786007904885,0.2593080435216627,0.0006408062656120256,0.001915735832503922,0.7752198084605038,26.070892385854005,0.9984895392147598,0.5092229801586557,2.546114900793279,0.32660089330301234,0.041583757859378616,7.854049516150167,0.981888130506671,0.0,0.0,0.0005964906886219978,0.0006115948781371117,0.014633423648774624,0.0014352453872561455,6.561167538166046e-06,10905008,True,True,True,
42,dp_fisher_wiener_adaptive_beta_lr5p00,dp_fisher_wiener_adaptive_beta,6f5bfa6c60eeb2ad400161beec4006ab7b7da4908d9989b6db2c608560d2f56e,405,2,1.4858386516571045,5.0,,,0.43359375,0.1087099161485413,1.8968878223533243,1.9004154270898757,0.07724984301000337,304.4703281940307,0.5274270084991206,0.06102120726447529,0.6878170511995748,0.3085330548836313,0.00048584480704409006,0.003284392294798038,2.085735142095328,28.0280413380088,0.9982677227970705,0.5554575185229121,2.777287592614561,0.38624921505001686,0.05435495807427065,7.1060530396351265,0.9001588480226419,0.0,0.0,0.0007537342607975006,0.000668737106025219,0.014027566649019718,0.0015743710100650787,7.005408406257629e-06,10905008,True,True,True,
42,dp_fisher_wiener_adaptive_beta_lr5p00,dp_fisher_wiener_adaptive_beta,6f5bfa6c60eeb2ad400161beec4006ab7b7da4908d9989b6db2c608560d2f56e,406,2,1.575134038925171,5.0,,,0.515625,0.1273300252744458,1.8937985571555995,1.8982250819137978,0.0812872943500446,221.21058898035224,0.5434038269655996,0.06826288544946235,0.676809876187456,0.2808778238435832,0.0005741618952481854,0.004520579256840464,2.211450244511001,26.894830846209107,0.9975434999315801,0.5299790786847941,2.6498953934239706,0.406436471750223,0.0636650126372229,6.38398478077437,0.9434334676754899,0.0,0.0,0.0006104707717895508,0.0005818521603941917,0.014519822783768177,0.001383271999657154,6.151385605335236e-06,10905008,True,True,True,
42,dp_fisher_wiener_adaptive_beta_lr5p00,dp_fisher_wiener_adaptive_beta,6f5bfa6c60eeb2ad400161beec4006ab7b7da4908d9989b6db2c608560d2f56e,407,2,1.4040597677230835,5.0,,,0.52734375,0.11427475360481582,1.899916378399117,1.9035199457489071,0.07388213993269409,276.4193148305273,0.6101907381431702,0.06152108434568262,0.624727649580445,0.24993115412699884,0.0005514900844535703,0.00361769220264599,1.6395108680774837,26.56282685940966,0.9977925177243236,0.4999311493865919,2.4996557469329597,0.36941069966347045,0.05713737680240791,6.465307305487593,1.000137720189055,0.0,0.0,0.0007796576246619225,0.0006644930690526962,0.014152943156659603,0.0015855655074119568,7.40494579076767e-06,10905008,True,True,True,
42,dp_fisher_wiener_adaptive_beta_lr5p00,dp_fisher_wiener_adaptive_beta,6f5bfa6c60eeb2ad400161beec4006ab7b7da4908d9989b6db2c608560d2f56e,408,2,1.3682483434677124,5.0,,,0.546875,0.16239500105344976,1.9036807839103156,1.9102766018228252,0.09686038672741776,137.4177835439285,0.519903149698728,0.0830513979226734,0.7006870618774199,0.2825819385258458,0.0006015989284098247,0.007277078513219754,3.418175889442966,26.718373458390282,0.9962166239602287,0.5315843663294151,2.6579218316470756,0.4843019336370888,0.08119750052672488,5.964493124658731,0.9405844710060881,0.0,0.0,0.0005497084930539131,0.0005435887724161148,0.014560993760824203,0.00137342419475317,5.545094609260559e-06,10905008,True,True,True,
42,dp_fisher_wiener_adaptive_beta_lr5p00,dp_fisher_wiener_adaptive_beta,6f5bfa6c60eeb2ad400161beec4006ab7b7da4908d9989b6db2c608560d2f56e,409,2,1.8304637670516968,5.0,,,0.5625,0.13560147457433314,1.8991603196849396,1.9033403341936508,0.07632318652403615,196.15276346679136,0.5907943612955191,0.0664138542017877,0.6449372713949514,0.24510883291661312,0.0005569819545865566,0.005098067354603641,2.2434862181319346,26.435178369163378,0.9969880905532316,0.4950846724719047,2.4754233623595234,0.38161593262018073,0.06780073728716657,5.628492371671968,1.009928256317336,0.0,0.0,0.0007521891966462135,0.0007008565589785576,0.01433458924293518,0.0015765782445669174,7.241964340209961e-06,10905008,True,True,True,
42,dp_fisher_wiener_adaptive_beta_lr5p00,dp_fisher_wiener_adaptive_beta,6f5bfa6c60eeb2ad400161beec4006ab7b7da4908d9989b6db2c608560d2f56e,410,2,1.2037975788116455,5.0,,,0.53515625,0.14107800770361298,1.897330133032829,1.9024580007930671,0.08459556636060077,180.8702639529983,0.5332562927139478,0.07337658600327338,0.689007076920066,0.2650173946264025,0.0004937324068163618,0.005528824794601631,2.967669777052716,27.29782746153188,0.9970517193868177,0.5147984019268149,2.5739920096340745,0.42297783180300386,0.07053900385180649,5.996368089995009,0.9712539862742426,0.0,0.0,0.0006782924756407738,0.0006251093000173569,0.014191146939992905,0.0014380654320120811,7.082708179950714e-06,10905008,True,True,True,
42,dp_fisher_wiener_adaptive_beta_lr5p00,dp_fisher_wiener_adaptive_beta,6f5bfa6c60eeb2ad400161beec4006ab7b7da4908d9989b6db2c608560d2f56e,411,2,2.082622528076172,5.0,,,0.6015625,0.21295910421784817,1.8910568387363378,1.902295007572626,0.12170474616194475,78.8527315209442,0.4558843133380332,0.10858986761523773,0.7617938813126821,0.3121769370269444,0.0005957392983933814,0.012681868854626282,6.645502460086832,27.193445653158395,0.9942185349252383,0.5587279633479466,2.793639816739733,0.6085237308097238,0.10647955210892408,5.714935109620998,0.8948898798675864,0.0,0.0,0.0006814068183302879,0.0006058989092707634,0.01434329804033041,0.0014515798538923264,6.679445505142212e-06,10905008,True,True,True,
42,dp_fisher_wiener_adaptive_beta_lr5p00,dp_fisher_wiener_adaptive_beta,6f5bfa6c60eeb2ad400161beec4006ab7b7da4908d9989b6db2c608560d2f56e,412,2,3.0398480892181396,5.0,,,0.609375,0.16743647335895742,1.90078405904936,1.9083628368734171,0.09213808490285538,128.87403491182695,0.5495679748845002,0.08904286290309812,0.6844136378542386,0.2353126284364697,0.0005648790630049484,0.007759514945335835,3.2323942874362084,26.196897565710007,0.9957356190852537,0.48509033018239983,2.425451650911999,0.4606904245142769,0.08371823667947871,5.502868225385114,1.0307358627638759,0.0,0.0,0.000687754712998867,0.0006016474217176437,0.014528617262840271,0.0015254896134138107,6.5052881836891174e-06,10905008,True,True,True,
42,dp_fisher_wiener_adaptive_beta_lr5p00,dp_fisher_wiener_adaptive_beta,6f5bfa6c60eeb2ad400161beec4006ab7b7da4908d9989b6db2c608560d2f56e,413,2,1.7469838857650757,5.0,,,0.6171875,0.2244084921155105,1.8958838461129446,1.909488860545802,0.12270942259351074,71.37479554762855,0.4924811793652305,0.11917153705011858,0.7374764101257502,0.2617353549745491,0.0006037058538117777,0.014010548013585025,6.074242502292906,26.3703700349049,0.9931000687905794,0.5116007769487347,2.5580038847436737,0.6135471129675537,0.11220424605775525,5.468127406214846,0.9773245517356309,0.0,0.0,0.0007298961281776428,0.0006033545359969139,0.014230793341994286,0.0014800876379013062,7.048249244689941e-06,10905008,True,True,True,
42,dp_fisher_wiener_adaptive_beta_lr5p00,dp_fisher_wiener_adaptive_beta,6f5bfa6c60eeb2ad400161beec4006ab7b7da4908d9989b6db2c608560d2f56e,414,2,2.0139999389648438,5.0,,,0.5546875,0.12499122921667444,1.8959354732855929,1.9003253057611809,0.0751306362769079,230.0848516497923,0.6210802521737835,0.06796735655131893,0.6157389209490105,0.2166999227221592,0.000523497559181609,0.004346222677266009,1.7991031693232522,26.169440950300316,0.9973006469234275,0.4655103894889557,2.3275519474447783,0.3756531813845395,0.06249561460833722,6.0108726625502245,1.0740898834671198,0.0,0.0,0.0006821984425187111,0.0006084097549319267,0.014285552315413952,0.0014544380828738213,6.400048732757568e-06,10905008,True,True,True,
42,dp_fisher_wiener_adaptive_beta_lr5p00,dp_fisher_wiener_adaptive_beta,6f5bfa6c60eeb2ad400161beec4006ab7b7da4908d9989b6db2c608560d2f56e,415,2,1.8104125261306763,5.0,,,0.5234375,0.10734190008213261,1.8986093162637516,1.9019963308564505,0.06858524980338651,312.8474777892566,0.6516853087577892,0.05974364294760482,0.592042448175184,0.2281365666422032,0.000525576082696021,0.003196445779200317,1.3874797374005863,26.375593073529004,0.9979169232452735,0.4776364377245555,2.3881821886227774,0.3429262490169326,0.053670950041066305,6.389420137861419,1.0468213069776189,0.0,0.0,0.0007195295765995979,0.000659773126244545,0.014425989240407944,0.001498769037425518,6.872229278087616e-06,10905008,True,True,True,
42,dp_fisher_wiener_adaptive_beta_lr5p00,dp_fisher_wiener_adaptive_beta,6f5bfa6c60eeb2ad400161beec4006ab7b7da4908d9989b6db2c608560d2f56e,416,2,0.9781944751739502,5.0,,,0.53125,0.08786359828329654,1.9033037356583533,1.9053395052899047,0.06137636911821912,469.24346167894987,0.7905128311015256,0.04621448404392937,0.4992168634191825,0.20669312234736886,0.0005529192525682794,0.0021310898958340247,0.7966472904750477,25.726643132102485,0.9983153460928942,0.45463515300443813,2.2731757650221907,0.3068818455910956,0.04393179914164827,6.985414929050328,1.0997829725543007,0.0,0.0,0.0007575498893857002,0.0006399257108569145,0.014264813624322414,0.001501179300248623,7.1534886956214905e-06,10905008,True,True,True,
42,dp_fisher_wiener_adaptive_beta_lr5p00,dp_fisher_wiener_adaptive_beta,6f5bfa6c60eeb2ad400161beec4006ab7b7da4908d9989b6db2c608560d2f56e,417,2,0.817875862121582,5.0,,,0.59765625,0.10713987798917177,1.8969636552978917,1.8999188467774086,0.07434508192446691,313.48424951341195,0.6547074324028671,0.05575701175979717,0.5957566636008792,0.2682599381713477,0.0006180750534162891,0.0031899529289423603,1.3845188710456222,26.375146047968364,0.9979115141082242,0.5179381605668264,2.589690802834132,0.3717254096223346,0.05356993899458588,6.9390672566000955,0.9653662117729259,0.0,0.0,0.0006821909919381142,0.0005834922194480896,0.015189893543720245,0.0013918066397309303,6.239861249923706e-06,10905008,True,True,True,
42,dp_fisher_wiener_adaptive_beta_lr5p00,dp_fisher_wiener_adaptive_beta,6f5bfa6c60eeb2ad400161beec4006ab7b7da4908d9989b6db2c608560d2f56e,418,2,1.1428320407867432,5.0,,,0.52734375,0.10015811319965226,1.8988932948267727,1.9015606563068015,0.06717336174656618,359.4420253063541,0.6321604277734354,0.0529485946321513,0.6095682015504033,0.2513465038225803,0.0005039258542058004,0.002782089821154701,1.3876417407766388,26.979062076534102,0.9982412729083794,0.5013446956162798,2.506723478081399,0.3358668087328309,0.05007905659982613,6.706731946050484,0.9973178221909297,0.0,0.0,0.0006074588745832443,0.0005489988252520561,0.015231217257678509,0.0015652012079954147,5.641952157020569e-06,10905008,True,True,True,
42,dp_fisher_wiener_adaptive_beta_lr5p00,dp_fisher_wiener_adaptive_beta,6f5bfa6c60eeb2ad400161beec4006ab7b7da4908d9989b6db2c608560d2f56e,419,2,1.0614393949508667,5.0,,,0.625,0.11623952675215402,1.8919043205663688,1.895827255893803,0.07526518353598498,264.9053148361046,0.6514494975264901,0.06437048027701904,0.5929010323860979,0.22901897891610534,0.0006017178654713614,0.003774933698647777,1.4367721326100977,25.804785675216074,0.9975408213386381,0.4785592741929732,2.392796370964866,0.3763259176799249,0.05811976337607701,6.475007739421587,1.0448026544718811,0.0,0.0,0.0006353855133056641,0.0006091510877013206,0.014674569480121136,0.0014410242438316345,6.450340151786804e-06,10905008,True,True,True,
42,dp_fisher_wiener_adaptive_beta_lr5p00,dp_fisher_wiener_adaptive_beta,6f5bfa6c60eeb2ad400161beec4006ab7b7da4908d9989b6db2c608560d2f56e,420,2,1.511510968208313,5.0,,,0.578125,0.1571783013405556,1.8981904144343242,1.9043143464023329,0.09203400908745302,145.84594875307747,0.5400872307203776,0.0801680423121684,0.685495509703066,0.25574906430640515,0.0005218534111485422,0.00685654972598712,3.360246648710311,26.90265526560478,0.9962968650460452,0.505716387223516,2.52858193611758,0.4601700454372651,0.0785891506702778,5.8553889628106734,0.9886964564152474,0.0,0.0,0.0007545212283730507,0.0006680656224489212,0.014125218614935875,0.0015968447551131248,7.277354598045349e-06,10905008,True,True,True,
42,dp_fisher_wiener_adaptive_beta_lr5p00,dp_fisher_wiener_adaptive_beta,6f5bfa6c60eeb2ad400161beec4006ab7b7da4908d9989b6db2c608560d2f56e,421,2,1.2528246641159058,5.0,,,0.61328125,0.13862878500634085,1.8977408664189674,1.9023709320105817,0.07689318724402866,187.398877810515,0.598054233200583,0.06979416876076519,0.6396637873543747,0.2338126928561949,0.0004885576352446604,0.005336211249668313,2.5537906508522243,26.79952278570608,0.9968086562727172,0.483541821207013,2.417709106035065,0.3844659362201433,0.06931439250317042,5.546697047038408,1.0340367225132052,0.0,0.0,0.0005646096542477608,0.0005456069484353065,0.014509381726384163,0.0013457369059324265,5.085021257400513e-06,10905008,True,True,True,
42,dp_fisher_wiener_adaptive_beta_lr5p00,dp_fisher_wiener_adaptive_beta,6f5bfa6c60eeb2ad400161beec4006ab7b7da4908d9989b6db2c608560d2f56e,422,2,1.0208609104156494,5.0,,,0.46875,0.06689821295324404,1.8990497491024956,1.9001278708733198,0.05237227208003707,805.8304065282506,0.9822530302537532,0.03371488920307719,0.4027671483945686,0.19197964892598096,0.0005050378768078184,0.0012409559029728915,0.4717235863844863,25.799312421147242,0.9987810673036213,0.4381548230089234,2.1907741150446167,0.2618613604001854,0.03344910647662202,7.828650387877319,1.1411491412218826,0.0,0.0,0.0007160799577832222,0.0006273463368415833,0.0146712027490139,0.001546318642795086,6.910413503646851e-06,10905008,True,True,True,
42,dp_fisher_wiener_adaptive_beta_lr5p00,dp_fisher_wiener_adaptive_beta,6f5bfa6c60eeb2ad400161beec4006ab7b7da4908d9989b6db2c608560d2f56e,423,2,0.5344365239143372,5.0,,,0.4921875,0.07495739618667609,1.8962693904816397,1.8976270119971184,0.055686627427388204,639.9869015786214,1.0403932656193764,0.03785572731224252,0.34426936137887243,0.16772422624502578,0.0006841975747336843,0.0015625319789437805,0.38303916408003197,23.894142662506724,0.9983743522515026,0.4095414829355212,2.047707414677606,0.278433137136941,0.03747869809333804,7.429103765453482,1.2208775443573316,0.0,0.0,0.0007187128067016602,0.0006322385743260384,0.014684193767607212,0.0015257131308317184,6.954185664653778e-06,10905008,True,True,True,
42,dp_fisher_wiener_adaptive_beta_lr5p00,dp_fisher_wiener_adaptive_beta,6f5bfa6c60eeb2ad400161beec4006ab7b7da4908d9989b6db2c608560d2f56e,424,2,0.8575851917266846,5.0,,,0.48828125,0.08308646693627081,1.8932720977276027,1.8952875884356426,0.06127743167268376,519.2368241745426,0.8043572515667858,0.046164075605773486,0.5013936300723008,0.21913381416119787,0.0005488579494327759,0.0019259034669673427,0.7689249517212972,26.01249438851507,0.9984508855803028,0.46811730811966124,2.340586540598306,0.3063871583634188,0.041543233468135404,7.3751398910980175,1.0681083380730727,0.0,0.0,0.0007151495665311813,0.00063368771225214,0.014730127528309822,0.0015442874282598495,6.86105340719223e-06,10905008,True,True,True,
42,dp_fisher_wiener_adaptive_beta_lr5p00,dp_fisher_wiener_adaptive_beta,6f5bfa6c60eeb2ad400161beec4006ab7b7da4908d9989b6db2c608560d2f56e,425,2,0.9539660215377808,5.0,,,0.45703125,0.08594467813244093,1.8971822571750745,1.8991922167191568,0.06184318721945165,487.28173158660366,0.7019019203216162,0.0460009316514076,0.5669212003704386,0.2684124067287358,0.0004916019496984206,0.0020522008830667843,1.120492256420006,27.371889891641523,0.9985595562590946,0.5180853276524396,2.590426638262198,0.3092159360972583,0.042972339066220465,7.195697111426962,0.9650919902801468,0.0,0.0,0.0006885426118969917,0.0006060302257537842,0.014491895213723183,0.0014814594760537148,6.424263119697571e-06,10905008,True,True,True,
42,dp_fisher_wiener_adaptive_beta_lr5p00,dp_fisher_wiener_adaptive_beta,6f5bfa6c60eeb2ad400161beec4006ab7b7da4908d9989b6db2c608560d2f56e,426,2,0.9399720430374146,5.0,,,0.5078125,0.07830939189746075,1.9021651372660662,1.9038371731464987,0.05828255649777013,590.0227158556143,0.8161951414299807,0.041908488660158255,0.49561165447213423,0.2544704483176448,0.0005774225887962791,0.0016948499997775787,0.7469213146606248,26.441435850446595,0.9986166716645034,0.5044506401201656,2.522253200600828,0.29141278248885066,0.039154695948730375,7.442601083226069,0.9911772534968009,0.0,0.0,0.0006799520924687386,0.0006065536290407181,0.014539327472448349,0.0014550695195794106,6.574206054210663e-06,10905008,True,True,True,
42,dp_fisher_wiener_adaptive_beta_lr5p00,dp_fisher_wiener_adaptive_beta,6f5bfa6c60eeb2ad400161beec4006ab7b7da4908d9989b6db2c608560d2f56e,427,2,0.9297429323196411,5.0,,,0.50390625,0.07456518536023936,1.8954903860828247,1.896770114590892,0.05781122532726788,646.2059736164279,0.9283451721449127,0.036812588373609074,0.43386597712940983,0.21882380436317073,0.000577262893157642,0.0015474942056376594,0.5866106642554552,25.787209221244332,0.9985633912250157,0.46778606687584307,2.3389303343792154,0.2890561266363394,0.03728259268011968,7.753112266323706,1.068864669993769,0.0,0.0,0.0007174024358391762,0.0006322544068098068,0.014645924791693687,0.0015241904184222221,6.920658051967621e-06,10905008,True,True,True,
42,dp_fisher_wiener_adaptive_beta_lr5p00,dp_fisher_wiener_adaptive_beta,6f5bfa6c60eeb2ad400161beec4006ab7b7da4908d9989b6db2c608560d2f56e,428,2,0.7410130500793457,5.0,,,0.421875,0.08588945657987472,1.9016195891638883,1.9037412446074151,0.06455822020415086,490.19353034648464,0.8208663286422969,0.04724646916656398,0.4949829498714625,0.20370774290070218,0.0006120365662055508,0.0020400106038880902,0.6789887703221672,25.222301665303743,0.998325423984968,0.4513399416190663,2.2566997080953315,0.3227911010207543,0.04294472828993736,7.51643132619081,1.1078124355785361,0.0,0.0,0.0007402775809168816,0.0006526708602905273,0.01450711116194725,0.0015057232230901718,7.135793566703796e-06,10905008,True,True,True,
42,dp_fisher_wiener_adaptive_beta_lr5p00,dp_fisher_wiener_adaptive_beta,6f5bfa6c60eeb2ad400161beec4006ab7b7da4908d9989b6db2c608560d2f56e,429,2,0.842425525188446,5.0,,,0.4765625,0.10729401050595466,1.898971255142421,1.9015665274228226,0.0672744426209441,313.2462090234239,0.7492270380218443,0.05238391631085751,0.5134802914763019,0.2296732088224288,0.0007142669318815375,0.003192377021993198,1.026511856372486,25.072497935747947,0.9976081848193553,0.4792423278701797,2.3962116393508985,0.33637221310472054,0.05364700525297733,6.270102338653513,1.0433135199493482,0.0,0.0,0.0006435364484786987,0.0005874140188097954,0.014769649133086205,0.001411740668118,7.520429790019989e-06,10905008,True,True,True,
42,dp_fisher_wiener_adaptive_beta_lr5p00,dp_fisher_wiener_adaptive_beta,6f5bfa6c60eeb2ad400161beec4006ab7b7da4908d9989b6db2c608560d2f56e,430,2,1.265268325805664,5.0,,,0.46484375,0.07857717770963016,1.8996382259188889,1.9015299752238064,0.05852464455310621,584.4521334352565,0.781191046936019,0.04472463906692291,0.51929247728991,0.2450699806355966,0.0005292089272213934,0.001711004105605749,0.7923444244944682,26.6566295436522,0.9986633789112135,0.49504543290045266,2.475227164502263,0.29262322276553104,0.03928858885481508,7.448046144885147,1.010008307862793,0.0,0.0,0.0007527852430939674,0.000664418563246727,0.01424084510654211,0.0015778476372361183,7.158145308494568e-06,10905008,True,True,True,
42,dp_fisher_wiener_adaptive_beta_lr5p00,dp_fisher_wiener_adaptive_beta,6f5bfa6c60eeb2ad400161beec4006ab7b7da4908d9989b6db2c608560d2f56e,431,2,1.1322866678237915,5.0,,,0.46484375,0.07804883671395108,1.893900808752649,1.8956639161565771,0.0591255001119504,588.8186944632718,0.8532244043474879,0.04316544047143584,0.4756482980835238,0.23219814091340052,0.0005847167359179756,0.001698315643233942,0.6744218365849827,25.989132133540835,0.9985509556466698,0.4818694230944733,2.4093471154723662,0.295627500559752,0.03902441835697554,7.575449244314842,1.037625497770865,0.0,0.0,0.0006382353603839874,0.0005364688113331795,0.015203027054667473,0.0012847194448113441,6.291083991527557e-06,10905008,True,True,True,
42,dp_fisher_wiener_adaptive_beta_lr5p00,dp_fisher_wiener_adaptive_beta,6f5bfa6c60eeb2ad400161beec4006ab7b7da4908d9989b6db2c608560d2f56e,432,2,1.197864055633545,5.0,,,0.4921875,0.1069007881942454,1.8957454884003373,1.898873635603719,0.07631234088432166,314.48377751377967,0.6679029558441772,0.05738652349022415,0.5895367993427633,0.2569918742306863,0.0005926065789301151,0.0031798142588401043,1.378969547128424,26.371529228146294,0.9978761926572994,0.5069436598190042,2.5347182990950214,0.3815617044216083,0.0534503940971227,7.13861349125225,0.9863028964156103,0.0,0.0,0.000566801056265831,0.0005984865128993988,0.01535751111805439,0.0015848223119974136,5.4389238357543945e-06,10905008,True,True,True,
42,dp_fisher_wiener_adaptive_beta_lr5p00,dp_fisher_wiener_adaptive_beta,6f5bfa6c60eeb2ad400161beec4006ab7b7da4908d9989b6db2c608560d2f56e,433,2,1.3966785669326782,5.0,,,0.58984375,0.17096358740414305,1.901476601599421,1.9096365788847416,0.10496752908009582,123.70143187844414,0.4977708280634229,0.09239073695960785,0.7159854073920612,0.29684526910087355,0.0005425007970483663,0.008083980797798408,4.423387886697442,27.381297510031498,0.9959760301840934,0.5448350843153124,2.724175421576562,0.5248376454004791,0.08548179370207153,6.139759388104892,0.9177088891539102,0.0,0.0,0.0005945460870862007,0.0005780374631285667,0.014875735156238079,0.0014440743252635002,6.087124347686768e-06,10905008,True,True,True,
42,dp_fisher_wiener_adaptive_beta_lr5p00,dp_fisher_wiener_adaptive_beta,6f5bfa6c60eeb2ad400161beec4006ab7b7da4908d9989b6db2c608560d2f56e,434,2,2.2442989349365234,5.0,,,0.4765625,0.10929896696577317,1.897631263185262,1.9011623679013339,0.07196401870910013,301.4335156600744,0.6782058226294877,0.06102214243614748,0.5735777552337353,0.22151544992185884,0.0005695563254850396,0.0033174811292175973,1.2902557513048387,25.898673423278037,0.9977500649815129,0.47065427855471453,2.3532713927735727,0.35982009354550065,0.054649483482886584,6.584144453105283,1.062350907622338,0.0,0.0,0.0007727295160293579,0.000666419044137001,0.01442501787096262,0.0015832288190722466,7.062219083309174e-06,10905008,True,True,True,
42,dp_fisher_wiener_adaptive_beta_lr5p00,dp_fisher_wiener_adaptive_beta,6f5bfa6c60eeb2ad400161beec4006ab7b7da4908d9989b6db2c608560d2f56e,435,2,1.162000060081482,5.0,,,0.5390625,0.12992769721330164,1.9029896312659702,1.9073898373951355,0.08204136440639653,214.5207770437044,0.5870329803276818,0.06788654185400779,0.64272418965444,0.26959251247627436,0.0005512151896859112,0.00466155313122307,2.279907817578538,26.893866490760068,0.9972635145722601,0.5192229891638798,2.596114945819399,0.41020682203198267,0.06496384860665082,6.314386090476672,0.962977392053079,0.0,0.0,0.0005523506551980972,0.0005187541246414185,0.014691732823848724,0.0013737808912992477,5.666166543960571e-06,10905008,True,True,True,
42,dp_fisher_wiener_adaptive_beta_lr5p00,dp_fisher_wiener_adaptive_beta,6f5bfa6c60eeb2ad400161beec4006ab7b7da4908d9989b6db2c608560d2f56e,436,2,2.2344717979431152,5.0,,,0.484375,0.1265963104877345,1.8996643525994161,1.90393202493392,0.07786245716213357,225.17058118108534,0.644235540036099,0.06691910931350079,0.5967407429084097,0.220015489125497,0.0005653509515259819,0.004441077491970911,1.7283173108400625,25.901351285614098,0.9971389000434394,0.46905808715498876,2.3452904357749436,0.38931228581066785,0.06329815524386725,6.150452320523772,1.0659660577043228,0.0,0.0,0.0007965397089719772,0.0006775418296456337,0.01454861555248499,0.0015783114358782768,7.109716534614563e-06,10905008,True,True,True,
42,dp_fisher_wiener_adaptive_beta_lr5p00,dp_fisher_wiener_adaptive_beta,6f5bfa6c60eeb2ad400161beec4006ab7b7da4908d9989b6db2c608560d2f56e,437,2,1.2117679119110107,5.0,,,0.51953125,0.09723688050431163,1.9004628747023333,1.9028736359806342,0.06601034734858645,381.9941790019409,0.7367705424727674,0.05032696863264849,0.5333063608570663,0.22201057209815392,0.0005737271057003626,0.002617840938065389,1.013004890876454,25.876682870464506,0.9980712519117502,0.47117997845637916,2.355899892281896,0.33005173674293226,0.048618440252155816,6.788612201961963,1.0611656327948744,0.0,0.0,0.0007094591856002808,0.0006019352003931999,0.01421416737139225,0.0014394065365195274,6.614252924919128e-06,10905008,True,True,True,
42,dp_fisher_wiener_adaptive_beta_lr5p00,dp_fisher_wiener_adaptive_beta,6f5bfa6c60eeb2ad400161beec4006ab7b7da4908d9989b6db2c608560d2f56e,438,2,0.9858482480049133,5.0,,,0.5078125,0.14280882650726093,1.8994562416847773,1.9047811967755899,0.08688605287605788,176.90841240715332,0.5252466745463593,0.07472211433513277,0.6943643043685522,0.2832853155010305,0.00043268857995927405,0.005652642439915167,3.7008385943751283,28.16048629571119,0.9970309683558893,0.5322455406116903,2.6612277030584512,0.4344302643802894,0.07140441325363046,6.084081425486922,0.9394160436260846,0.0,0.0,0.0007037241011857986,0.0006111059337854385,0.014232408255338669,0.0014376863837242126,6.683170795440674e-06,10905008,True,True,True,
42,dp_fisher_wiener_adaptive_beta_lr5p00,dp_fisher_wiener_adaptive_beta,6f5bfa6c60eeb2ad400161beec4006ab7b7da4908d9989b6db2c608560d2f56e,439,2,1.4332247972488403,5.0,,,0.453125,0.08940984707659466,1.897191226083538,1.8994019826952055,0.060885653470580864,450.247708099735,0.7820313442102929,0.04824802312730922,0.5005284554140527,0.2222372467221658,0.0005868147376904685,0.002220999645051205,0.8411323271425696,25.783158351496823,0.9982631086618727,0.4714204564103745,2.3571022820518723,0.3044282673529043,0.04470492353829733,6.80972571366329,1.0606243178460764,0.0,0.0,0.0006835833191871643,0.0006321370601654053,0.01438388042151928,0.0014321757480502129,1.2872740626335144e-05,10905008,True,True,True,
42,dp_fisher_wiener_adaptive_beta_lr5p00,dp_fisher_wiener_adaptive_beta,6f5bfa6c60eeb2ad400161beec4006ab7b7da4908d9989b6db2c608560d2f56e,440,2,0.9582512974739075,5.0,,,0.4453125,0.07342251427517596,1.895522865765047,1.8968449861490726,0.0536693367547299,666.4990743440366,0.9426250848456393,0.037354592395306266,0.40472880244491816,0.1898054135340805,0.0005464596273747698,0.0015003771772652726,0.5211358648100277,25.40750512921179,0.9985857068357175,0.43566663119187876,2.1783331559593937,0.2683466837736495,0.03671125713758798,7.309656620055777,1.1476665050774557,0.0,0.0,0.0006834352388978004,0.0006062658503651619,0.014572921209037304,0.0014653289690613747,6.557442247867584e-06,10905008,True,True,True,
42,dp_fisher_wiener_adaptive_beta_lr5p00,dp_fisher_wiener_adaptive_beta,6f5bfa6c60eeb2ad400161beec4006ab7b7da4908d9989b6db2c608560d2f56e,441,2,0.9224783778190613,5.0,,,0.49609375,0.06591243685596723,1.9013462806315529,1.9024246158602958,0.05477746172203714,832.1233375121903,1.105809913664703,0.03367875278272068,0.3518727672254224,0.20672998246508084,0.000645923565817365,0.0012017449273316347,0.38462245512158055,25.05222337757974,0.9986710985453545,0.454675689327108,2.2733784466355402,0.2738873086101857,0.032956218427983616,8.310641258807571,1.0996849221010023,0.0,0.0,0.0006862431764602661,0.0006059268489480019,0.01465271133929491,0.001430765725672245,6.707385182380676e-06,10905008,True,True,True,
42,dp_fisher_wiener_adaptive_beta_lr5p00,dp_fisher_wiener_adaptive_beta,6f5bfa6c60eeb2ad400161beec4006ab7b7da4908d9989b6db2c608560d2f56e,442,2,0.9807095527648926,5.0,,,0.453125,0.04792233232651345,1.9017010585637868,1.902312357513844,0.04941640177039082,1574.7390720693797,1.4508369856863559,0.025349796091585206,0.2969853198836088,0.20934070721751416,0.0005637377339088878,0.0006350258384394934,0.23581312748258204,25.69776580919509,0.9990786810263244,0.4575376566114686,2.287688283057343,0.24708200885195408,0.023961166163256727,10.31176893303843,1.0928062264905483,0.0,0.0,0.0007406575605273247,0.0006580157205462456,0.014636857435107231,0.0015473421663045883,7.871538400650024e-06,10905008,True,True,True,
42,dp_fisher_wiener_adaptive_beta_lr5p00,dp_fisher_wiener_adaptive_beta,6f5bfa6c60eeb2ad400161beec4006ab7b7da4908d9989b6db2c608560d2f56e,443,2,1.2902274131774902,5.0,,,0.5234375,0.09337856798084802,1.9042675578151989,1.9065199869265608,0.0636835793894702,415.87375926716237,0.7694769256743413,0.04859650009734244,0.5100035552272411,0.2212864615249804,0.0005679887641697484,0.0024045758540938073,0.9368144505486797,25.906150992531845,0.998149734364029,0.47041094962275315,2.352054748113766,0.318417896947351,0.04668928399042401,6.81993531975857,1.0629004286569286,0.0,0.0,0.0005604540929198265,0.0004927609115839005,0.015655595809221268,0.001354653388261795,6.1336904764175415e-06,10905008,True,True,True,
42,dp_fisher_wiener_adaptive_beta_lr5p00,dp_fisher_wiener_adaptive_beta,6f5bfa6c60eeb2ad400161beec4006ab7b7da4908d9989b6db2c608560d2f56e,444,2,1.1246116161346436,5.0,,,0.50390625,0.12755373504586737,1.8937209674456763,1.8977943059047753,0.06932207018735842,220.41726795645226,0.6590916829020375,0.06550580777429416,0.585375151967515,0.20223173729201524,0.0004592642131066143,0.004536849627116455,1.9977497815853686,26.437867068520728,0.9970098001440065,0.44970183154176196,2.24850915770881,0.3466103509367921,0.06377686752293368,5.434734636452925,1.1118478176632804,0.0,0.0,0.0007583098486065865,0.0006864592432975769,0.014493427239358425,0.001569095067679882,2.3531727492809296e-05,10905008,True,True,True,
42,dp_fisher_wiener_adaptive_beta_lr5p00,dp_fisher_wiener_adaptive_beta,6f5bfa6c60eeb2ad400161beec4006ab7b7da4908d9989b6db2c608560d2f56e,445,2,1.6804912090301514,5.0,,,0.49609375,0.1200651241374641,1.8943569049480027,1.8979211498475204,0.07150410816222628,248.9372354053495,0.6937568397000744,0.06128874899390809,0.5548841444989008,0.200214555779284,0.0006113777441514697,0.0040170768278278346,1.3155160782312565,25.15186022465048,0.9972131254749005,0.4474534118534398,2.237267059267199,0.35752054081113144,0.06003256206873205,5.95544365399308,1.1174347691925837,0.0,0.0,0.0006866399198770523,0.0006309254094958305,0.014354277402162552,0.0014445353299379349,6.352551281452179e-06,10905008,True,True,True,
42,dp_fisher_wiener_adaptive_beta_lr5p00,dp_fisher_wiener_adaptive_beta,6f5bfa6c60eeb2ad400161beec4006ab7b7da4908d9989b6db2c608560d2f56e,446,2,0.8926997184753418,5.0,,,0.42578125,0.0832648788303846,1.895479501608694,1.8975631007812268,0.0538866754492761,518.2203645632269,0.8617210925437913,0.04694995732455418,0.4304191054800824,0.16493033921775108,0.0005304499582431868,0.0019296810164886465,0.599986746279521,24.926561322569714,0.9983371531659705,0.40611616468413453,2.0305808234206726,0.2694333772463805,0.0416324394151923,6.471717272026788,1.231174829959439,0.0,0.0,0.0006829984486103058,0.0006244508549571037,0.014384881593286991,0.0014385441318154335,6.599351763725281e-06,10905008,True,True,True,
42,dp_fisher_wiener_adaptive_beta_lr5p00,dp_fisher_wiener_adaptive_beta,6f5bfa6c60eeb2ad400161beec4006ab7b7da4908d9989b6db2c608560d2f56e,447,2,1.020505428314209,5.0,,,0.48046875,0.08509716462059702,1.8990657268127147,1.9011497906147725,0.05977653891941497,498.0234723791137,0.8174658621601618,0.046857426125117146,0.48115191511845196,0.1934894531190185,0.0005632741162096343,0.0020079374875335066,0.6897436169032816,25.35937501927037,0.998358579650363,0.43987436060654694,2.1993718030327347,0.29888269459707484,0.04254858231029851,7.024504187010443,1.1366882109459815,0.0,0.0,0.000698065385222435,0.0006137974560260773,0.014458653517067432,0.0014629941433668137,6.915070116519928e-06,10905008,True,True,True,
42,dp_fisher_wiener_adaptive_beta_lr5p00,dp_fisher_wiener_adaptive_beta,6f5bfa6c60eeb2ad400161beec4006ab7b7da4908d9989b6db2c608560d2f56e,448,2,0.9430813789367676,5.0,,,0.52734375,0.11691898094632275,1.9038650536088897,1.9072556959552693,0.06830910650736703,265.1565023112548,0.6758679272238081,0.059625256094842864,0.5695164155805632,0.20627389940998278,0.0005088806219803366,0.0037713576367541545,1.5287134385480998,26.078283648776335,0.9974510603310408,0.45417386473682386,2.2708693236841193,0.3415455325368352,0.058459490473161374,5.842430882763091,1.1008999830684438,0.0,0.0,0.0006818091496825218,0.0006060367450118065,0.0145359355956316,0.0014639785513281822,6.898306310176849e-06,10905008,True,True,True,
42,dp_fisher_wiener_adaptive_beta_lr5p00,dp_fisher_wiener_adaptive_beta,6f5bfa6c60eeb2ad400161beec4006ab7b7da4908d9989b6db2c608560d2f56e,449,2,1.407516360282898,5.0,,,0.4609375,0.10078380449510643,1.8934615350588933,1.895885507545391,0.06245647494998973,352.96486510344266,0.7460617752796153,0.05061544769430782,0.5147392928720712,0.21244349896576034,0.0005817663148251183,0.0028331431787359416,1.0345783769093868,25.624948740486616,0.9978863001702428,0.460915934814322,2.30457967407161,0.31228237474994863,0.050391902247553216,6.197074546018244,1.084796515443403,0.0,0.0,0.0006866557523608208,0.0006087422370910645,0.014615328051149845,0.0014682197943329811,6.604008376598358e-06,10905008,True,True,True,
42,dp_fisher_wiener_adaptive_beta_lr5p00,dp_fisher_wiener_adaptive_beta,6f5bfa6c60eeb2ad400161beec4006ab7b7da4908d9989b6db2c608560d2f56e,450,2,1.3661363124847412,5.0,,,0.51171875,0.1044480307099031,1.9048486075291073,1.907587282159994,0.06393770360471268,332.5986003833691,0.6127353562223851,0.05357862963434401,0.6223901799248567,0.23063443757482932,0.0004691817877617324,0.0030066272039491818,1.4779596990418313,26.915830091095785,0.9981577332089914,0.48024414371736934,2.401220718586847,0.3196885180235634,0.05222401535495155,6.121484834986575,1.041137110238696,0.14373129326850176,0.004622656852006912,0.0006933929398655891,0.0005875257775187492,0.01408807560801506,0.0013923244550824165,6.300397217273712e-06,10905008,True,True,True,
42,dp_fisher_wiener_adaptive_beta_lr5p00,dp_fisher_wiener_adaptive_beta,6f5bfa6c60eeb2ad400161beec4006ab7b7da4908d9989b6db2c608560d2f56e,451,2,1.3397026062011719,5.0,,,0.59375,0.14347872299867465,1.902036929235574,1.9071163962849838,0.07977899068556538,175.73686884740155,0.5652445593194391,0.07297175295116251,0.668960297791442,0.22348668377867273,0.0005365561970189267,0.005690325578860074,2.3701375544865217,26.196364358067864,0.9967835744256368,0.472743782379708,2.3637189118985398,0.3988949534278269,0.07173936149933732,5.560335986903803,1.0576553698539015,0.0,0.0,0.0006573395803570747,0.0005804654210805893,0.014285965822637081,0.0014197519049048424,5.866400897502899e-06,10905008,True,True,True,
42,dp_fisher_wiener_adaptive_beta_lr5p00,dp_fisher_wiener_adaptive_beta,6f5bfa6c60eeb2ad400161beec4006ab7b7da4908d9989b6db2c608560d2f56e,452,2,1.537054419517517,5.0,,,0.5,0.11778240706270679,1.892042819203077,1.8958228927776628,0.07275326516688962,258.0483404803982,0.5636898574119733,0.06312537015303835,0.6620237419566115,0.2417823617449046,0.00046465203403369234,0.0038752429024188906,2.0164882797399444,27.1629677250746,0.9978155648807413,0.49171369895997874,2.4585684947998936,0.3637663258344481,0.058891203531353395,6.176921238069175,1.0168518816061678,0.0,0.0,0.0006773704662919044,0.0006069084629416466,0.01458506565541029,0.001441306434571743,6.818212568759918e-06,10905008,True,True,True,
42,dp_fisher_wiener_adaptive_beta_lr5p00,dp_fisher_wiener_adaptive_beta,6f5bfa6c60eeb2ad400161beec4006ab7b7da4908d9989b6db2c608560d2f56e,453,2,1.2764801979064941,5.0,,,0.4453125,0.08764283515460082,1.9007822149218807,1.9028084467516448,0.058265463834499855,470.3616262660973,0.639956873208746,0.04613674884468665,0.6031910947430713,0.26383328988343296,0.00043377598445471654,0.002126023774107387,1.2931002787380441,27.840640884391725,0.9986394364729777,0.5136470479652667,2.5682352398263335,0.29132731917249927,0.04382141757730041,6.648057850980143,0.9734310787528113,0.0,0.0,0.0007509198039770126,0.0006682146340608597,0.014043038710951805,0.001622641459107399,6.948597729206085e-06,10905008,True,True,True,
42,dp_fisher_wiener_adaptive_beta_lr5p00,dp_fisher_wiener_adaptive_beta,6f5bfa6c60eeb2ad400161beec4006ab7b7da4908d9989b6db2c608560d2f56e,454,2,0.9715448021888733,5.0,,,0.45703125,0.07520691544198385,1.9000059838872527,1.9014321289124547,0.05374491066975021,638.2552324235012,0.7817053956709923,0.03873222622325721,0.5100468166784081,0.22585999136125937,0.00046842831213336853,0.0015667713306882732,0.7554431487199943,26.831961704823883,0.9987752463968018,0.47524729495417367,2.3762364747708684,0.268724553348751,0.037603457720991926,7.146272434186038,1.0520838420493506,0.0,0.0,0.0005614114925265312,0.0004880400374531746,0.01577453687787056,0.0011705057695508003,5.691312253475189e-06,10905008,True,True,True,
42,dp_fisher_wiener_adaptive_beta_lr5p00,dp_fisher_wiener_adaptive_beta,6f5bfa6c60eeb2ad400161beec4006ab7b7da4908d9989b6db2c608560d2f56e,455,2,1.014176368713379,5.0,,,0.4609375,0.09129661999533717,1.8962295051014633,1.8983271597484377,0.05383582096893163,431.3923119961387,0.68312202300651,0.04701016102188683,0.5635264012272395,0.1893112791385134,0.00036721852868473693,0.002318075617186005,1.1950319106210703,27.12251903265901,0.9984164714947158,0.43509916012159044,2.175495800607952,0.2691791048446581,0.045648309997668585,5.896803295730098,1.1491633306281805,0.0,0.0,0.0006697019562125206,0.0006709089502692223,0.015020079910755157,0.0015913322567939758,7.74674117565155e-06,10905008,True,True,True,
42,dp_fisher_wiener_adaptive_beta_lr5p00,dp_fisher_wiener_adaptive_beta,6f5bfa6c60eeb2ad400161beec4006ab7b7da4908d9989b6db2c608560d2f56e,456,2,1.186180591583252,5.0,,,0.48046875,0.10407613884095686,1.8977529154311954,1.9008536409919645,0.06214149968706679,332.4887773398737,0.6133912729047709,0.057144715805668475,0.622289634317623,0.22389734751901785,0.0004467159484799001,0.003007620311001327,1.5074416123099872,27.00017490446615,0.9981551519488503,0.4731779237443542,2.365889618721771,0.31070749843533396,0.05203806942047843,5.970772972355718,1.0566849696670981,0.0,0.0,0.0006082421168684959,0.0006134398281574249,0.01465562917292118,0.0014523239806294441,7.623806595802307e-06,10905008,True,True,True,
42,dp_fisher_wiener_adaptive_beta_lr5p00,dp_fisher_wiener_adaptive_beta,6f5bfa6c60eeb2ad400161beec4006ab7b7da4908d9989b6db2c608560d2f56e,457,2,0.9088472127914429,5.0,,,0.4375,0.08575593475132193,1.8967531590960054,1.8990907835985158,0.06175124240114125,489.20767481984376,0.683962171789004,0.049820419415600795,0.5794865789993608,0.20824579043498095,0.00046235278548175735,0.002044121650855139,0.9206816571592935,26.536027523334972,0.9986018981160901,0.4563395560708944,2.281697780354472,0.30875621200570624,0.042877967375660964,7.200812699292418,1.0956753438249547,0.0,0.0,0.000759403221309185,0.0006731823086738586,0.014193171635270119,0.0015831664204597473,7.6070427894592285e-06,10905008,True,True,True,
42,dp_fisher_wiener_adaptive_beta_lr5p00,dp_fisher_wiener_adaptive_beta,6f5bfa6c60eeb2ad400161beec4006ab7b7da4908d9989b6db2c608560d2f56e,458,2,1.0668377876281738,5.0,,,0.484375,0.07621696150391441,1.9000204448177225,1.901578479714874,0.054852864573078496,621.4601508566511,0.7136626740908119,0.040474173409815836,0.5587768360636922,0.2737741479847295,0.0004638019199237664,0.0016091136309369604,0.9498315858751089,27.710598935271932,0.9988516356630318,0.5232343146093626,2.616171573046813,0.2742643228653925,0.038108480751957205,7.196936677778992,0.9555948186852681,0.0,0.0,0.000688476487994194,0.0006043761968612671,0.013978703878819942,0.0014391355216503143,6.875954568386078e-06,10905008,True,True,True,
42,dp_fisher_wiener_adaptive_beta_lr5p00,dp_fisher_wiener_adaptive_beta,6f5bfa6c60eeb2ad400161beec4006ab7b7da4908d9989b6db2c608560d2f56e,459,2,0.9112191200256348,5.0,,,0.44140625,0.07423966155750372,1.8976431040821748,1.899169371603204,0.05197999563957081,653.3668659035438,0.8136358479490811,0.040095690813995645,0.48316831016916967,0.18617737770989037,0.00044270272283187135,0.001530533689423292,0.6436616130202758,26.238147154347295,0.9987547029235655,0.4314827664112327,2.1574138320561635,0.25989997819785404,0.03711983077875186,7.001647710625458,1.15879483242746,0.0,0.0,0.0007100943475961685,0.0006029224023222923,0.01407650951296091,0.0014560827985405922,6.566755473613739e-06,10905008,True,True,True,
42,dp_fisher_wiener_adaptive_beta_lr5p00,dp_fisher_wiener_adaptive_beta,6f5bfa6c60eeb2ad400161beec4006ab7b7da4908d9989b6db2c608560d2f56e,460,2,1.5587230920791626,5.0,,,0.4453125,0.10602671301171901,1.8996057421826997,1.9023665152324978,0.06652250358234896,320.99358391047673,0.6298431630575451,0.05388663012135156,0.6086930755897634,0.22615193396439767,0.00047012473559319783,0.003115327065819678,1.498617679891159,26.821872034854653,0.9980378325467308,0.4755543438602971,2.3777717193014856,0.3326125179117448,0.053013356505859505,6.274126745185572,1.0514045480905814,0.0,0.0,0.0007158564403653145,0.0006067678332328796,0.014108395203948021,0.0014399178326129913,6.557442247867584e-06,10905008,True,True,True,
42,dp_fisher_wiener_adaptive_beta_lr5p00,dp_fisher_wiener_adaptive_beta,6f5bfa6c60eeb2ad400161beec4006ab7b7da4908d9989b6db2c608560d2f56e,461,2,1.2478399276733398,5.0,,,0.546875,0.11383516430185155,1.8995194590066076,1.9023931901286448,0.06263818232410852,278.441917794619,0.6766336886041515,0.05514453962844261,0.5689606977694243,0.20248938783712772,0.00048195365638589797,0.003591413275138269,1.5089066460127163,26.233969876577447,0.9975699287881538,0.4499882085534328,2.249941042767164,0.3131909116205426,0.05691758215092577,5.502533659714601,1.1111402265544421,0.0,0.0,0.0006908979266881943,0.0006280727684497833,0.014266320504248142,0.0014518918469548225,6.406567990779877e-06,10905008,True,True,True,
42,dp_fisher_wiener_adaptive_beta_lr5p00,dp_fisher_wiener_adaptive_beta,6f5bfa6c60eeb2ad400161beec4006ab7b7da4908d9989b6db2c608560d2f56e,462,2,1.016222357749939,5.0,,,0.4765625,0.1231694645046643,1.8936727029132663,1.8974333799051006,0.07981523802271293,236.3761916292598,0.5269335532637107,0.06295914711920263,0.6890196741292184,0.2795945832459708,0.00047107566114283893,0.0042305445106004475,2.510928554137226,27.73438086658407,0.9977707841486421,0.5287670406199414,2.643835203099707,0.39907619011356465,0.06158473225233215,6.480115696077772,0.9455960027554674,0.0,0.0,0.0006859349086880684,0.0006076646968722343,0.014400304295122623,0.0014528529718518257,6.623566150665283e-06,10905008,True,True,True,
42,dp_fisher_wiener_adaptive_beta_lr5p00,dp_fisher_wiener_adaptive_beta,6f5bfa6c60eeb2ad400161beec4006ab7b7da4908d9989b6db2c608560d2f56e,463,2,1.7666085958480835,5.0,,,0.515625,0.13571791035987332,1.8950860790181059,1.9000099798965715,0.07772309335161844,194.97707650881858,0.5411251871689212,0.07194844731748247,0.6869778278930717,0.24944878690998148,0.0004699613737554141,0.0051288080519568255,2.7222980815271303,27.249192313233813,0.9972246727827807,0.49944848273869197,2.49724241369346,0.38861546675809217,0.06785895517993666,5.726811821990213,1.0011042525492975,0.0,0.0,0.0006913859397172928,0.000606774352490902,0.014525556936860085,0.0014525679871439934,7.081776857376099e-06,10905008,True,True,True,
42,dp_fisher_wiener_adaptive_beta_lr5p00,dp_fisher_wiener_adaptive_beta,6f5bfa6c60eeb2ad400161beec4006ab7b7da4908d9989b6db2c608560d2f56e,464,2,1.6800322532653809,5.0,,,0.44921875,0.10016024266307527,1.8997202292954425,1.902249529087527,0.05924238825786427,359.7398577374827,0.6861047457254276,0.05156253291002947,0.5610871091824424,0.19244404922186162,0.0004595005611858117,0.002779786499581552,1.1642061291545411,26.220184398331398,0.9980927752903435,0.4386844529064845,2.1934222645324226,0.2962119412893214,0.050080121331537636,5.9147608553589714,1.1397714158460195,0.0,0.0,0.0006823316216468811,0.0006063152104616165,0.014591403305530548,0.0014383019879460335,6.481073796749115e-06,10905008,True,True,True,
42,dp_fisher_wiener_adaptive_beta_lr5p00,dp_fisher_wiener_adaptive_beta,6f5bfa6c60eeb2ad400161beec4006ab7b7da4908d9989b6db2c608560d2f56e,465,2,0.9277829527854919,5.0,,,0.4765625,0.07000917068750356,1.9017610736179928,1.902987966211275,0.050548095830928036,737.9076982458387,0.7882438651142468,0.03591363033190187,0.507651776142049,0.23614418397838105,0.00042232192551270084,0.0013551830427747332,0.757759837462027,27.47533624144092,0.998931785280208,0.4859466884117856,2.4297334420589283,0.25274047915464015,0.03500458534375178,7.220210628563649,1.028919451294371,0.0,0.0,0.0006112176924943924,0.0006027435883879662,0.01474963128566742,0.001450234092772007,5.124136805534363e-06,10905008,True,True,True,
42,dp_fisher_wiener_adaptive_beta_lr5p00,dp_fisher_wiener_adaptive_beta,6f5bfa6c60eeb2ad400161beec4006ab7b7da4908d9989b6db2c608560d2f56e,466,2,0.6510319709777832,5.0,,,0.47265625,0.0780566697682828,1.8936516767057154,1.8951172946084813,0.054391731001180305,588.5456531339058,0.7635979468169146,0.03936322362533679,0.5180401387431436,0.22118485870215815,0.00044293917773404303,0.0016991035351476365,0.848459549434333,26.98411298291772,0.998702568028919,0.47030294353975516,2.351514717698776,0.27195865500590155,0.0390283348841414,6.968236175236874,1.063144526027555,0.0,0.0,0.0008137477561831474,0.0007159458473324776,0.014221467077732086,0.0017222622409462929,9.478069841861725e-06,10905008,True,True,True,
42,dp_fisher_wiener_adaptive_beta_lr5p00,dp_fisher_wiener_adaptive_beta,6f5bfa6c60eeb2ad400161beec4006ab7b7da4908d9989b6db2c608560d2f56e,467,2,0.8536045551300049,5.0,,,0.48828125,0.09729750247713849,1.8968578754164913,1.8992642203875723,0.05315382349734315,380.07228243033296,0.708787974219218,0.05033068445344759,0.5396812581309354,0.17116261821727416,0.00039730849200232015,0.002631078471441519,1.1334826430967642,26.342810730084363,0.9981351232200182,0.41371804192864753,2.068590209643238,0.2657691174867157,0.048648751238569245,5.463020338958837,1.2085525631609382,0.0,0.0,0.0005580531433224678,0.00048694293946027756,0.0159522732719779,0.001186056062579155,5.7620927691459656e-06,10905008,True,True,True,
42,dp_fisher_wiener_adaptive_beta_lr5p00,dp_fisher_wiener_adaptive_beta,6f5bfa6c60eeb2ad400161beec4006ab7b7da4908d9989b6db2c608560d2f56e,468,3,0.8370145559310913,5.0,,,0.4140625,0.07221366743942918,1.8990771713391363,1.9002639337978788,0.0507222456583433,691.5863661669187,0.864730750121973,0.03542986769666155,0.4474875649931227,0.18789255151054374,0.00048352419304600083,0.0014459510029823305,0.5618817571348165,25.89491354743304,0.9987496417043117,0.43346574433344065,2.1673287216672033,0.2536112282917165,0.03610683371971459,7.023912156169458,1.153493687875425,0.0,0.0,0.0006929934024810791,0.0006081480532884598,0.014607569202780724,0.001443963497877121,6.753019988536835e-06,10905008,True,True,True,
42,dp_fisher_wiener_adaptive_beta_lr5p00,dp_fisher_wiener_adaptive_beta,6f5bfa6c60eeb2ad400161beec4006ab7b7da4908d9989b6db2c608560d2f56e,469,3,0.8509130477905273,5.0,,,0.44140625,0.05662684620809133,1.9033672753035045,1.9040186055869202,0.04524216759281057,1129.7970777588057,1.0719186433948642,0.026370529223134726,0.35446823641412,0.1890944584686653,0.00045972060374168815,0.0008851146983594445,0.3640695743423335,26.141848327642414,0.9990512290529898,0.4348499263753707,2.1742496318768536,0.22621083796405286,0.028313423104045665,7.989526279630257,1.1498219722986471,0.0,0.0,0.0007538171485066414,0.0006682248786091805,0.013963394798338413,0.001596991904079914,7.095746695995331e-06,10905008,True,True,True,
42,dp_fisher_wiener_adaptive_beta_lr5p00,dp_fisher_wiener_adaptive_beta,6f5bfa6c60eeb2ad400161beec4006ab7b7da4908d9989b6db2c608560d2f56e,470,3,0.9664655923843384,5.0,,,0.484375,0.0666205581449322,1.8958167141116344,1.8969885331754528,0.0516008545738286,809.7969967635777,0.8335922050358776,0.03514357600041671,0.49469670631061524,0.25257592584913136,0.0004644528427319826,0.001234877387506986,0.6715435252985387,27.354503277449567,0.9989706158353672,0.5025693244211502,2.512846622105751,0.25800427286914296,0.0333102790724661,7.745485178917666,0.9948876218716605,0.0,0.0,0.0005839476361870766,0.0005840696394443512,0.014446137472987175,0.0013813069090247154,6.463378667831421e-06,10905008,True,True,True,
42,dp_fisher_wiener_adaptive_beta_lr5p00,dp_fisher_wiener_adaptive_beta,6f5bfa6c60eeb2ad400161beec4006ab7b7da4908d9989b6db2c608560d2f56e,471,3,0.9823702573776245,5.0,,,0.4765625,0.10462802760987226,1.898758101756389,1.9018777874838928,0.06535527838343184,329.33903090532465,0.6060627459236361,0.05729897381247071,0.6276514144509286,0.22964461787748233,0.00043685605548683605,0.003036384716258682,1.5961536958396008,27.20717910975992,0.9981597603410156,0.4792124976223829,2.3960624881119146,0.32677639191715924,0.05231401380493613,6.246440831884315,1.043378464626259,0.0,0.0,0.0007547382265329361,0.0006646802648901939,0.01422365102916956,0.0015695998445153236,7.109716534614563e-06,10905008,True,True,True,
42,dp_fisher_wiener_adaptive_beta_lr5p00,dp_fisher_wiener_adaptive_beta,6f5bfa6c60eeb2ad400161beec4006ab7b7da4908d9989b6db2c608560d2f56e,472,3,1.3645130395889282,5.0,,,0.4765625,0.13176292443598867,1.8930101075312136,1.89770624222625,0.0783422086373645,206.40462051855428,0.5075304346015987,0.07031305561477748,0.7114243742210031,0.27729970325267944,0.00044465659413037937,0.004844852782024952,3.0213793199674335,27.949246673259466,0.9975410897618164,0.526592540065542,2.63296270032771,0.39171104318682254,0.06588146221799433,5.9456944335077,0.9495007277103058,0.0,0.0,0.0006831865757703781,0.0005988394841551781,0.014230066910386086,0.0014399569481611252,6.379559636116028e-06,10905008,True,True,True,
42,dp_fisher_wiener_adaptive_beta_lr5p00,dp_fisher_wiener_adaptive_beta,6f5bfa6c60eeb2ad400161beec4006ab7b7da4908d9989b6db2c608560d2f56e,473,3,1.935025930404663,5.0,,,0.51171875,0.1447019379288671,1.903391303539895,1.9084961756766918,0.08035255533353536,173.02444564543438,0.5415417858082792,0.0731412881211542,0.690453006405889,0.24420761604347144,0.0004979599326623194,0.0057795301480184375,2.834375189662346,26.905648042219525,0.9968701429223599,0.4941736699212853,2.4708683496064268,0.4017627766676768,0.07235096896443355,5.552970228493045,1.011790045549434,0.0,0.0,0.0006964383646845818,0.0006095143035054207,0.014120589941740036,0.0014515034854412079,7.146038115024567e-06,10905008,True,True,True,
42,dp_fisher_wiener_adaptive_beta_lr5p00,dp_fisher_wiener_adaptive_beta,6f5bfa6c60eeb2ad400161beec4006ab7b7da4908d9989b6db2c608560d2f56e,474,3,1.2313657999038696,5.0,,,0.4375,0.10330442747267655,1.902389731906967,1.9052761267789993,0.06308459703738906,339.1260223963223,0.6517025880089339,0.05502959861706542,0.5905113538028249,0.198218306834622,0.0004815420811940746,0.0029487563143631625,1.2138035416779678,26.145095163312476,0.9980782878783417,0.44521714571051957,2.2260857285525977,0.3154229851869453,0.05165221373633828,6.10666924734211,1.1230474945005313,0.0,0.0,0.000610576942563057,0.000548352487385273,0.014647623524069786,0.0013913540169596672,5.5497512221336365e-06,10905008,True,True,True,
42,dp_fisher_wiener_adaptive_beta_lr5p00,dp_fisher_wiener_adaptive_beta,6f5bfa6c60eeb2ad400161beec4006ab7b7da4908d9989b6db2c608560d2f56e,475,3,1.2905853986740112,5.0,,,0.4921875,0.11822000273258641,1.8999020280847545,1.9037876692311175,0.06876164896601256,258.2738774075514,0.6005526854793598,0.0638829719028541,0.6342000687377496,0.20014567134019648,0.0004455196531705243,0.003871858857604054,1.739397542731096,26.524793346767503,0.9976747447651024,0.4473764313642332,2.2368821568211663,0.3438082448300628,0.059110001366293206,5.8164140902946935,1.1176270472590129,0.0,0.0,0.0007744096219539642,0.0006609968841075897,0.01437530480325222,0.0015757279470562935,7.035210728645325e-06,10905008,True,True,True,
42,dp_fisher_wiener_adaptive_beta_lr5p00,dp_fisher_wiener_adaptive_beta,6f5bfa6c60eeb2ad400161beec4006ab7b7da4908d9989b6db2c608560d2f56e,476,3,1.239802598953247,5.0,,,0.4375,0.1102249193844905,1.8992007977576084,1.9026733770727127,0.069506383077046,296.88085241247563,0.6147040243639326,0.06044153713441664,0.6207993004366292,0.2165252174212989,0.0005063690561002888,0.00336835465066656,1.4403204815972908,26.310413246806725,0.9979294588405799,0.4653227024563694,2.326613512281847,0.34753191538523,0.05511245969224525,6.305868352085628,1.0745231155916093,0.0,0.0,0.0007016761228442192,0.0006102519109845161,0.014262747950851917,0.001440863125026226,6.523914635181427e-06,10905008,True,True,True,
42,dp_fisher_wiener_adaptive_beta_lr5p00,dp_fisher_wiener_adaptive_beta,6f5bfa6c60eeb2ad400161beec4006ab7b7da4908d9989b6db2c608560d2f56e,477,3,1.4022929668426514,5.0,,,0.50390625,0.1698755072844378,1.897965688148615,1.9053346518054692,0.0897591930520077,124.82891063092896,0.5202356349236503,0.0878736434428187,0.7181847884409001,0.24141810866522068,0.00046409966035102954,0.008010964726926799,4.1671910520379445,27.161585923377828,0.9958324106787918,0.4913431679236221,2.4567158396181106,0.4487959652600385,0.0849377536422189,5.283821928529053,1.0176187085534198,0.0,0.0,0.000714828260242939,0.0006058970466256142,0.014332545921206474,0.001436568796634674,6.816349923610687e-06,10905008,True,True,True,
42,dp_fisher_wiener_adaptive_beta_lr5p00,dp_fisher_wiener_adaptive_beta,6f5bfa6c60eeb2ad400161beec4006ab7b7da4908d9989b6db2c608560d2f56e,478,3,2.1839218139648438,5.0,,,0.4296875,0.10955893327058881,1.8989714321945745,1.9019791182626402,0.06234149574421542,300.4285989884456,0.634460667835345,0.05623226907991064,0.605710617067409,0.21432641063831698,0.0004336426693104821,0.003328577915962225,1.6451382840063438,26.939436813648953,0.9978881482323206,0.46295400488419686,2.314770024420984,0.3117074787210771,0.054779466635294406,5.6902247842361025,1.0800208978081738,0.0,0.0,0.0007097972556948662,0.0006087468937039375,0.014324798248708248,0.0014436542987823486,6.5052881836891174e-06,10905008,True,True,True,
42,dp_fisher_wiener_adaptive_beta_lr5p00,dp_fisher_wiener_adaptive_beta,6f5bfa6c60eeb2ad400161beec4006ab7b7da4908d9989b6db2c608560d2f56e,479,3,1.034372091293335,5.0,,,0.484375,0.07122487573965185,1.8954572507281116,1.8968355678679267,0.049491463928637854,708.2141301010824,0.811688721063313,0.038119252288161716,0.48293366419758516,0.22041127428779564,0.00044155443285491736,0.0014120023271208529,0.7048309538440679,26.982495558158938,0.9988538936367349,0.46947979113886856,2.347398955694343,0.24745731964318926,0.03561243786982592,6.948620606675986,1.0650085678576926,0.0,0.0,0.0006894571706652641,0.0006471900269389153,0.014396531507372856,0.0014526592567563057,6.98678195476532e-06,10905008,True,True,True,
42,dp_fisher_wiener_adaptive_beta_lr5p00,dp_fisher_wiener_adaptive_beta,6f5bfa6c60eeb2ad400161beec4006ab7b7da4908d9989b6db2c608560d2f56e,480,3,1.0021004676818848,5.0,,,0.40625,0.05998369464017515,1.8936656486303245,1.8945281974468815,0.046731854486493356,996.644277794803,0.9793914857942697,0.03020722173801643,0.4027642345605606,0.1940695047547746,0.00044080667202611024,0.0010033670207131619,0.4417422718058946,26.437091376498177,0.9990173108825137,0.44053320505357435,2.2026660252678716,0.23365927243246679,0.029991847320087577,7.790759599798928,1.134988223959324,0.0,0.0,0.0007235314697027206,0.0006719985976815224,0.014527247287333012,0.0015162983909249306,7.4552372097969055e-06,10905008,True,True,True,
42,dp_fisher_wiener_adaptive_beta_lr5p00,dp_fisher_wiener_adaptive_beta,6f5bfa6c60eeb2ad400161beec4006ab7b7da4908d9989b6db2c608560d2f56e,481,3,0.8009099960327148,5.0,,,0.39453125,0.08417576643583927,1.8975064269477822,1.8994155780127688,0.056750222422537355,508.1504941149225,0.7866868434377221,0.04482746560668996,0.4952938361887916,0.17943560298385866,0.00047738496409335747,0.0019679209435786394,0.7396862229429996,25.75039881862112,0.9984518624845427,0.42359839823098794,2.11799199115494,0.2837511121126868,0.04208788321791963,6.741871779028626,1.1803632924177632,0.0,0.0,0.000761665403842926,0.0006394451484084129,0.01431463286280632,0.001506946049630642,7.078982889652252e-06,10905008,True,True,True,
42,dp_fisher_wiener_adaptive_beta_lr5p00,dp_fisher_wiener_adaptive_beta,6f5bfa6c60eeb2ad400161beec4006ab7b7da4908d9989b6db2c608560d2f56e,482,3,0.9748930931091309,5.0,,,0.41015625,0.07012354193161753,1.8996464621986435,1.9006977149807598,0.053993315338667386,733.8678767683405,0.868403044832771,0.03343408260022065,0.47044251616911065,0.2179923388481572,0.0004924410529629632,0.0013626431016437975,0.6032107901008635,26.460869792254954,0.9988166765812715,0.4668964969328397,2.3344824846641985,0.2699665766933369,0.035061770965808765,7.6997416060044666,1.0709011596436355,0.0,0.0,0.0007418813183903694,0.0006374437361955643,0.014275090768933296,0.0015077758580446243,6.7856162786483765e-06,10905008,True,True,True,
42,dp_fisher_wiener_adaptive_beta_lr5p00,dp_fisher_wiener_adaptive_beta,6f5bfa6c60eeb2ad400161beec4006ab7b7da4908d9989b6db2c608560d2f56e,483,3,1.0436985492706299,5.0,,,0.43359375,0.07898338876872656,1.894952678702084,1.8969520540387976,0.0584619295480141,575.6058669476207,0.7204006461365448,0.04611902992347162,0.5589625553241357,0.2199778375445824,0.0004615348459561557,0.0017372998735094927,0.8280360031755084,26.7817443212661,0.9987484480483902,0.469017950130464,2.34508975065232,0.2923096477400705,0.03949169438436328,7.401800613761678,1.0660572795984713,0.0,0.0,0.000555703416466713,0.0005362574011087418,0.014698429964482784,0.0013694558292627335,5.054287612438202e-06,10905008,True,True,True,
42,dp_fisher_wiener_adaptive_beta_lr5p00,dp_fisher_wiener_adaptive_beta,6f5bfa6c60eeb2ad400161beec4006ab7b7da4908d9989b6db2c608560d2f56e,484,3,0.9888143539428711,5.0,,,0.4765625,0.10081065921804161,1.8978392728198274,1.9004082559882456,0.058193494953431256,354.4099853749227,0.7365672898633586,0.05198944688765451,0.5168046101827455,0.17723992178650572,0.0005096640539639732,0.0028215909290576157,0.9812317574035084,25.412775449997618,0.9979217084160765,0.4209987194594607,2.1049935972973035,0.2909674747671563,0.050405329609020805,5.772553756087544,1.187652068492714,0.0,0.0,0.0007521500810980797,0.0006926087662577629,0.014591705985367298,0.0015816101804375648,6.883405148983002e-06,10905008,True,True,True,
42,dp_fisher_wiener_adaptive_beta_lr5p00,dp_fisher_wiener_adaptive_beta,6f5bfa6c60eeb2ad400161beec4006ab7b7da4908d9989b6db2c608560d2f56e,485,3,0.9722130298614502,5.0,,,0.41796875,0.06460988954325242,1.8955190002763074,1.8967565435419265,0.047267888764602334,860.7128501203637,0.9942299415493768,0.036179512640733553,0.3697380435694528,0.15651599217135945,0.0004561978688738322,0.0011618276636863576,0.39860907262790224,25.35405465929734,0.998844876149566,0.39562102089166024,1.9781051044583011,0.23633944382301167,0.03230494477162621,7.3158906627593225,1.2638357761471422,0.0,0.0,0.0006924392655491829,0.0006385184824466705,0.014315533451735973,0.0014455709606409073,6.616115570068359e-06,10905008,True,True,True,
42,dp_fisher_wiener_adaptive_beta_lr5p00,dp_fisher_wiener_adaptive_beta,6f5bfa6c60eeb2ad400161beec4006ab7b7da4908d9989b6db2c608560d2f56e,486,3,0.9169479608535767,5.0,,,0.4375,0.0750662573115912,1.901336259479521,1.9027368146015196,0.05042050058719534,641.5467875110149,0.7931109728875548,0.03837658346292656,0.4898486141004703,0.1903436559415059,0.00039259022974520177,0.0015587327678810796,0.7557368243995,26.855989188029312,0.9987637519377748,0.43628391666609245,2.181419583330462,0.2521025029359767,0.0375331286557956,6.716799583674782,1.1460427049881976,0.0,0.0,0.0006807763129472733,0.0006306124851107597,0.014520302414894104,0.0014574136584997177,5.9390440583229065e-06,10905008,True,True,True,
42,dp_fisher_wiener_adaptive_beta_lr5p00,dp_fisher_wiener_adaptive_beta,6f5bfa6c60eeb2ad400161beec4006ab7b7da4908d9989b6db2c608560d2f56e,487,3,0.8807501196861267,5.0,,,0.453125,0.07523403719479478,1.896335414911144,1.8976240090385499,0.05378671164909355,635.3332381372165,0.911800289499282,0.03694521260702511,0.41914718635593284,0.18571913772466625,0.0005343608406960363,0.0015739771505659406,0.5470417306780868,25.410220337450635,0.9985648471781952,0.4309514331391256,2.154757165695628,0.2689335582454678,0.03761701859739739,7.149252340187461,1.1602235462050847,0.0,0.0,0.000690896064043045,0.0006081713363528252,0.014507302083075047,0.0014826254919171333,6.8712979555130005e-06,10905008,True,True,True,
42,dp_fisher_wiener_adaptive_beta_lr5p00,dp_fisher_wiener_adaptive_beta,6f5bfa6c60eeb2ad400161beec4006ab7b7da4908d9989b6db2c608560d2f56e,488,3,1.0486335754394531,5.0,,,0.4609375,0.08340788951543256,1.898345888529528,1.9001012432825313,0.05632819555707245,518.0079528035071,0.7770637420082261,0.04298398219797547,0.5027233329624569,0.19314162954077002,0.0004903534063234519,0.0019304722918709778,0.7603792678293666,25.95366694283293,0.9984998999768199,0.43947881580432296,2.1973940790216147,0.28164097778536223,0.04170394475771628,6.753341426448591,1.1377112662046633,0.0,0.0,0.0006819786503911018,0.0006050346419215202,0.01454034075140953,0.0014742175117135048,6.459653377532959e-06,10905008,True,True,True,
42,dp_fisher_wiener_adaptive_beta_lr5p00,dp_fisher_wiener_adaptive_beta,6f5bfa6c60eeb2ad400161beec4006ab7b7da4908d9989b6db2c608560d2f56e,489,3,1.125969409942627,5.0,,,0.51171875,0.1318185677415675,1.8989356097515024,1.9029141607512192,0.06529131965717239,207.5235080172331,0.6259429120471404,0.06478644407168337,0.6252534390767852,0.19220771546340376,0.00038219435666247937,0.004818731186151358,2.4233673154980777,27.014865462999854,0.9969837493687944,0.43841500369330855,2.192075018466543,0.32645659828586193,0.06590928387078375,4.953120093383694,1.1404719176733116,0.0,0.0,0.0006894748657941818,0.0006049098446965218,0.014667262323200703,0.0014738654717803001,6.573274731636047e-06,10905008,True,True,True,
42,dp_fisher_wiener_adaptive_beta_lr5p00,dp_fisher_wiener_adaptive_beta,6f5bfa6c60eeb2ad400161beec4006ab7b7da4908d9989b6db2c608560d2f56e,490,3,1.444413423538208,5.0,,,0.42578125,0.09360032883174217,1.8965495066502556,1.8988203393141792,0.058077534118168954,410.557148751955,0.6938605863572149,0.04889340859943416,0.5569360736213025,0.20774563466545068,0.00044700645228810704,0.0024357144990057077,1.131994966991412,26.672181143996735,0.9983099537093282,0.4557912182846996,2.278956091423498,0.29038767059084475,0.046800164415871086,6.204842957478207,1.0969934916266628,0.0,0.0,0.0006940234452486038,0.0006128707900643349,0.014787687920033932,0.0014495495706796646,6.951391696929932e-06,10905008,True,True,True,
42,dp_fisher_wiener_adaptive_beta_lr5p00,dp_fisher_wiener_adaptive_beta,6f5bfa6c60eeb2ad400161beec4006ab7b7da4908d9989b6db2c608560d2f56e,491,3,0.782437801361084,5.0,,,0.44140625,0.07346054124669525,1.9002593566387662,1.9014720339724072,0.052048688161265975,669.140800380638,0.8709515769998596,0.03581936528259184,0.44533115649998045,0.1944695367502563,0.00047100615339921395,0.001494453781992624,0.6170317149029372,26.158249982444342,0.9986984031215789,0.4409870029266807,2.2049350146334037,0.2602434408063299,0.036730270623347626,7.0852579189498455,1.1338202638185169,0.0,0.0,0.000629054382443428,0.0006092684343457222,0.014788605272769928,0.0014469809830188751,6.975606083869934e-06,10905008,True,True,True,
42,dp_fisher_wiener_adaptive_beta_lr5p00,dp_fisher_wiener_adaptive_beta,6f5bfa6c60eeb2ad400161beec4006ab7b7da4908d9989b6db2c608560d2f56e,492,3,0.8147375583648682,5.0,,,0.37109375,0.06395259682791268,1.8943332163976005,1.8956073832167604,0.04809940667333447,877.3974766900062,0.894315002934168,0.036785546843043394,0.44631412382972246,0.20475817677988215,0.0004496690391356087,0.0011397343009552888,0.518981511020055,26.58348266970568,0.9989807185150478,0.4525021290335352,2.262510645167676,0.24049703336667233,0.03197629841395634,7.521102982144555,1.104967176766233,0.0,0.0,0.0007510809227824211,0.0006675468757748604,0.014161571860313416,0.00159456767141819,7.332302629947662e-06,10905008,True,True,True,
42,dp_fisher_wiener_adaptive_beta_lr5p00,dp_fisher_wiener_adaptive_beta,6f5bfa6c60eeb2ad400161beec4006ab7b7da4908d9989b6db2c608560d2f56e,493,3,1.029439926147461,5.0,,,0.46875,0.07615159183337787,1.902212198032822,1.9039437854539674,0.054727548937243846,623.9646018684253,0.7571964377323361,0.04272673204662596,0.5282595300798895,0.21077009303276073,0.0004456490292594081,0.001602655017340472,0.7579770733808066,26.74816021904443,0.9987864753297466,0.4590970409758276,2.295485204879138,0.2736377446862192,0.038075795916688936,7.18665856067095,1.0890943643116118,0.0,0.0,0.0005581220611929893,0.0004888810217380524,0.015899707563221455,0.001165083609521389,5.709007382392883e-06,10905008,True,True,True,
42,dp_fisher_wiener_adaptive_beta_lr5p00,dp_fisher_wiener_adaptive_beta,6f5bfa6c60eeb2ad400161beec4006ab7b7da4908d9989b6db2c608560d2f56e,494,3,1.2646223306655884,5.0,,,0.51171875,0.11703528221249088,1.8922738823675793,1.896265655032908,0.06873119234482507,261.4173313506242,0.581526864520287,0.06493094141460456,0.6499219392305353,0.20638267373705574,0.0004364674671224912,0.0038253010799252263,1.8087851300384408,26.7472135584596,0.9977754846569826,0.45429359860893453,2.2714679930446726,0.3436559617241253,0.05851764110624544,5.872689931132154,1.1006098292600197,0.0,0.0,0.0006670206785202026,0.0006794026121497154,0.015281716361641884,0.0015693306922912598,6.711110472679138e-06,10905008,True,True,True,
42,dp_fisher_wiener_adaptive_beta_lr5p00,dp_fisher_wiener_adaptive_beta,6f5bfa6c60eeb2ad400161beec4006ab7b7da4908d9989b6db2c608560d2f56e,495,3,1.1236133575439453,5.0,,,0.5390625,0.1292652040404886,1.897230738296227,1.901306928065043,0.06800725786099161,215.415541295627,0.6186428850171649,0.06549351612563782,0.6254866399050469,0.20525357414217008,0.0004950533239902297,0.0046421905955593016,1.9246940984661074,26.176387471586175,0.9971281418169917,0.45304919616104616,2.265245980805231,0.34003628930495805,0.0646326020202443,5.261064519624173,1.1036329039664834,0.0,0.0,0.0006334949284791946,0.0006065880879759789,0.01476559229195118,0.001441839151084423,6.512738764286041e-06,10905008,True,True,True,
42,dp_fisher_wiener_adaptive_beta_lr5p00,dp_fisher_wiener_adaptive_beta,6f5bfa6c60eeb2ad400161beec4006ab7b7da4908d9989b6db2c608560d2f56e,496,3,1.1225687265396118,5.0,,,0.4453125,0.08461274634161398,1.897875652398814,1.8998111311487282,0.05414416091491626,503.11113060323254,0.8243501607584555,0.04513162679802798,0.4571994493190804,0.16602153281592305,0.0005087483054134288,0.001987632431548552,0.6486307262648906,25.13661443183718,0.9983614948852954,0.4074574000014272,2.037287000007136,0.2707208045745813,0.04230637317080699,6.39905490066896,1.2271221482221737,0.0,0.0,0.0006151655688881874,0.000615355558693409,0.014843636192381382,0.0014445958659052849,6.584450602531433e-06,10905008,True,True,True,
42,dp_fisher_wiener_adaptive_beta_lr5p00,dp_fisher_wiener_adaptive_beta,6f5bfa6c60eeb2ad400161beec4006ab7b7da4908d9989b6db2c608560d2f56e,497,3,0.7985826730728149,5.0,,,0.44140625,0.08092612966396645,1.896552021997611,1.8983563550988258,0.05148414031767226,549.2271258217401,0.8680927040563524,0.043600243791303575,0.4217636753926366,0.15674554970277374,0.0005150772231783472,0.0018207403692067328,0.5540779849782979,24.83322873132037,0.9984194285692695,0.39591103761170104,1.9795551880585052,0.2574207015883613,0.040463064831983225,6.361868599200284,1.262909978501594,0.0,0.0,0.0005568871274590492,0.0005454085767269135,0.014958963729441166,0.001413813792169094,5.352310836315155e-06,10905008,True,True,True,
42,dp_fisher_wiener_adaptive_beta_lr5p00,dp_fisher_wiener_adaptive_beta,6f5bfa6c60eeb2ad400161beec4006ab7b7da4908d9989b6db2c608560d2f56e,498,3,0.975089430809021,5.0,,,0.39453125,0.0541036538093149,1.9022607908605578,1.903256577962571,0.048773992458228985,1236.1948260267,1.0849920668472948,0.03261380003431453,0.40360614188312033,0.16587930697917125,0.0004465801997140852,0.0008089339791788631,0.3004732585699228,25.698927480222352,0.9991223130496879,0.4072828341327084,2.0364141706635417,0.24386996229114494,0.02705182690465745,9.01491655782196,1.2276481061704976,0.0,0.0,0.0007792143151164055,0.0006656292825937271,0.014449313282966614,0.0015778960660099983,7.319264113903046e-06,10905008,True,True,True,
42,dp_fisher_wiener_adaptive_beta_lr5p00,dp_fisher_wiener_adaptive_beta,6f5bfa6c60eeb2ad400161beec4006ab7b7da4908d9989b6db2c608560d2f56e,499,3,0.8238095045089722,5.0,0.8947204224586487,0.8168,0.421875,0.0601375390975151,1.897125398698303,1.898149767981322,0.0466833556846268,995.1780125886186,1.0551773897615802,0.032870272606885194,0.35259844692709674,0.1592530814232552,0.0004709422229289273,0.0010048453513578461,0.3397969235210346,25.291202143650263,0.998939709904747,0.3990652596045604,1.995326298022802,0.23341677842313402,0.03006876954875755,7.76276455333092,1.2529279058122083,0.0,0.0,0.0006981417536735535,0.0006137927994132042,0.014292274601757526,0.001445246860384941,6.766989827156067e-06,10905008,True,True,True,
42,dp_fisher_wiener_adaptive_beta_lr5p00,dp_fisher_wiener_adaptive_beta,6f5bfa6c60eeb2ad400161beec4006ab7b7da4908d9989b6db2c608560d2f56e,500,3,0.6488337516784668,5.0,,,0.35546875,0.0664359631803259,1.8997892026516143,1.9009962782450172,0.05235446418646219,817.7195077836358,0.8462272428668995,0.03563722591734209,0.4915881098561812,0.2209564419386397,0.0004716199699979822,0.001222913224222299,0.5729412915392468,26.707144810142253,0.9989651375137665,0.4700600407805791,2.3503002039028957,0.26177232093231095,0.03321798159016295,7.880440303511723,1.063693904226871,0.15077794715762138,0.004706717096269131,0.0006194449961185455,0.000536428764462471,0.015078828670084476,0.0015655169263482094,5.858950316905975e-06,10905008,True,True,True,
42,dp_fisher_wiener_adaptive_beta_lr5p00,dp_fisher_wiener_adaptive_beta,6f5bfa6c60eeb2ad400161beec4006ab7b7da4908d9989b6db2c608560d2f56e,501,3,1.4062812328338623,5.0,,,0.4609375,0.10088828637007877,1.9003980222666241,1.9034236965957307,0.06406998130408362,354.81963816123664,0.5872887074233162,0.056468301152373605,0.6424688342659111,0.22153380990104937,0.0003752101949332533,0.0028183332948641857,1.6640169174877986,27.71165385859824,0.9983448246820085,0.470673782891133,2.353368914455665,0.32034990652041806,0.05044414318503938,6.350586733904049,1.0623068846700303,0.0,0.0,0.0006885919719934464,0.0006095487624406815,0.014615082181990147,0.0014573074877262115,6.464309990406036e-06,10905008,True,True,True,
42,dp_fisher_wiener_adaptive_beta_lr5p00,dp_fisher_wiener_adaptive_beta,6f5bfa6c60eeb2ad400161beec4006ab7b7da4908d9989b6db2c608560d2f56e,502,3,1.1897224187850952,5.0,,,0.453125,0.13069238321848592,1.90007916553164,1.904852063365338,0.07488417048970558,211.36975146067695,0.5535378674689179,0.07077946529431905,0.6760865440098881,0.22565428957384615,0.00045417020260349946,0.004731045918494236,2.3506183342074047,26.962249558850786,0.9973811869312259,0.4750308301298413,2.3751541506492067,0.3744208524485279,0.06534619160924296,5.729803730288664,1.0525632617619392,0.0,0.0,0.0006829453632235527,0.0006051771342754364,0.014366406947374344,0.001478816382586956,6.142072379589081e-06,10905008,True,True,True,
42,dp_fisher_wiener_adaptive_beta_lr5p00,dp_fisher_wiener_adaptive_beta,6f5bfa6c60eeb2ad400161beec4006ab7b7da4908d9989b6db2c608560d2f56e,503,3,1.3880926370620728,5.0,,,0.46484375,0.1500187268145745,1.895500410736993,1.9012988647682367,0.08364510370670203,159.64554911906643,0.5187874998599232,0.07804423897128253,0.7103130648024525,0.24524145768208938,0.0004787437846323893,0.006263876478068743,3.2087355422836072,27.09490739832369,0.996750379182367,0.49521859585650596,2.4760929792825297,0.41822551853351014,0.07500936340728726,5.575644153344506,1.0096551385236547,0.0,0.0,0.0006912397220730782,0.0006304364651441574,0.014185948297381401,0.0014374740421772003,6.522051990032196e-06,10905008,True,True,True,
42,dp_fisher_wiener_adaptive_beta_lr5p00,dp_fisher_wiener_adaptive_beta,6f5bfa6c60eeb2ad400161beec4006ab7b7da4908d9989b6db2c608560d2f56e,504,3,2.149250030517578,5.0,,,0.57421875,0.1788912175993395,1.8970942304521619,1.9050159386609744,0.09360336150625562,112.46043690043093,0.4964404373107754,0.09114287670742098,0.7428129278600183,0.24645376222272103,0.0004516781232322346,0.00889201596161185,4.851841772901894,27.369063956615346,0.9955856437073051,0.49644109642808687,2.4822054821404342,0.46801680753127806,0.08944560879966976,5.2324179331626794,1.0071688335162268,0.0,0.0,0.0006915749981999397,0.0006264327093958855,0.014220712706446648,0.0014372896403074265,2.3568980395793915e-05,10905008,True,True,True,
42,dp_fisher_wiener_adaptive_beta_lr5p00,dp_fisher_wiener_adaptive_beta,6f5bfa6c60eeb2ad400161beec4006ab7b7da4908d9989b6db2c608560d2f56e,505,3,1.1264432668685913,5.0,,,0.50390625,0.1151753698351434,1.8980438358157021,1.9018787915367126,0.0727928913274778,271.57716207730755,0.6131978103050989,0.06354246184517263,0.6220146730543762,0.20843572557095547,0.0005418196346329209,0.003682194748171338,1.4165247706707609,25.85117419038903,0.9977420862431342,0.4565476158857425,2.2827380794287127,0.36396445663738897,0.0575876849175717,6.320178648473721,1.0951760180126249,0.0,0.0,0.0006914883852005005,0.0006030276417732239,0.014059015549719334,0.0014552371576428413,6.738118827342987e-06,10905008,True,True,True,
42,dp_fisher_wiener_adaptive_beta_lr5p00,dp_fisher_wiener_adaptive_beta,6f5bfa6c60eeb2ad400161beec4006ab7b7da4908d9989b6db2c608560d2f56e,506,3,1.6183804273605347,5.0,,,0.52734375,0.13631609580264828,1.897399852845069,1.902171417653902,0.07702459095337792,193.741852028076,0.5252848450191264,0.07079148203123982,0.7025911956191379,0.24847480862662152,0.000403777525526438,0.005161507384584063,3.1762653385030912,27.891402222075172,0.9972887383932778,0.4984724752948968,2.492362376474484,0.3851229547668896,0.06815804790132414,5.650439920444922,1.0030644113362457,0.0,0.0,0.0005538882687687874,0.00048143044114112854,0.015823797322809696,0.0011717146262526512,5.299225449562073e-06,10905008,True,True,True,
42,dp_fisher_wiener_adaptive_beta_lr5p00,dp_fisher_wiener_adaptive_beta,6f5bfa6c60eeb2ad400161beec4006ab7b7da4908d9989b6db2c608560d2f56e,507,3,1.1561236381530762,5.0,,,0.5078125,0.09487153977995634,1.8920345370406233,1.8946142163551227,0.06076284048004663,397.7280498470358,0.691046190546017,0.05220994147995444,0.5614286428592196,0.1984537980704228,0.0004742693744232405,0.002514280801349596,1.0520784202262974,26.216343332773295,0.9982625158300713,0.44548153504990845,2.2274076752495424,0.30381420240023316,0.04743576988997817,6.4047490553751025,1.1223809757745882,0.0,0.0,0.0007608449086546898,0.0006691860035061836,0.014775211922824383,0.0016149869188666344,7.653608918190002e-06,10905008,True,True,True,
42,dp_fisher_wiener_adaptive_beta_lr5p00,dp_fisher_wiener_adaptive_beta,6f5bfa6c60eeb2ad400161beec4006ab7b7da4908d9989b6db2c608560d2f56e,508,3,1.0603909492492676,5.0,,,0.421875,0.08520119878187128,1.9016500605036275,1.903760200168014,0.055017619813811515,498.1610778870276,0.7277251351080567,0.04712990597435619,0.5336934992009784,0.1912037743984797,0.0004266580249877528,0.002007382841115393,0.8995944133457576,26.51416541975025,0.9985391770505345,0.43726853808441296,2.1863426904220646,0.27508809906905757,0.04260059939093564,6.457376257507122,1.143462098117687,0.0,0.0,0.0007233191281557083,0.0006094863638281822,0.014124765992164612,0.001455109566450119,7.071532309055328e-06,10905008,True,True,True,
42,dp_fisher_wiener_adaptive_beta_lr5p00,dp_fisher_wiener_adaptive_beta,6f5bfa6c60eeb2ad400161beec4006ab7b7da4908d9989b6db2c608560d2f56e,509,3,0.743829071521759,5.0,,,0.46875,0.08787350050378613,1.898835507911443,1.9007373600087134,0.055186913279073005,466.9375866054256,0.7329469371921352,0.0447478741388783,0.5266261918459867,0.2045717466246347,0.00044969616259252215,0.002141613844240053,0.974243769331876,26.57926471149529,0.9984303106920127,0.45229608291984436,2.2614804145992218,0.275934566395365,0.043936750251893066,6.280267994495014,1.1054705509963576,0.0,0.0,0.0006849458441138268,0.0006062164902687073,0.014087334275245667,0.0014482969418168068,6.666406989097595e-06,10905008,True,True,True,
42,dp_fisher_wiener_adaptive_beta_lr5p00,dp_fisher_wiener_adaptive_beta,6f5bfa6c60eeb2ad400161beec4006ab7b7da4908d9989b6db2c608560d2f56e,510,3,1.3128489255905151,5.0,,,0.40625,0.06777066466986224,1.8938351048631972,1.8948088394632654,0.05022650730159032,780.909731381175,0.8195671766425483,0.032247637971447266,0.4922913771787252,0.24356764759254954,0.00042648937875119295,0.0012805577387457032,0.7313252133265679,27.56711381133946,0.9989504969092999,0.49352573143915157,2.4676286571957577,0.2511325365079516,0.03388533233493112,7.411246081882373,1.0131184012249088,0.0,0.0,0.0006375126540660858,0.0005779517814517021,0.014494630508124828,0.0013778330758213997,6.6319480538368225e-06,10905008,True,True,True,
42,dp_fisher_wiener_adaptive_beta_lr5p00,dp_fisher_wiener_adaptive_beta,6f5bfa6c60eeb2ad400161beec4006ab7b7da4908d9989b6db2c608560d2f56e,511,3,0.9243888854980469,5.0,,,0.38671875,0.05401828499422644,1.8945586868047506,1.895223342227962,0.04655382782882732,1230.0833545987514,1.1427039270521946,0.026553275868684514,0.3481154884317836,0.18047747820625074,0.0004615755272515645,0.0008129530376282623,0.3178671862579468,25.921802388946425,0.9990710353710748,0.42482640949716244,2.124132047485812,0.2327691391441366,0.02700914249711322,8.618161023083099,1.1769513119267665,0.0,0.0,0.0006544496864080429,0.0006070937961339951,0.014620502479374409,0.0014510657638311386,6.39352947473526e-06,10905008,True,True,True,
42,dp_fisher_wiener_adaptive_beta_lr5p00,dp_fisher_wiener_adaptive_beta,6f5bfa6c60eeb2ad400161beec4006ab7b7da4908d9989b6db2c608560d2f56e,512,3,0.8843690156936646,5.0,,,0.43359375,0.09465809458405225,1.8979379928461615,1.899896376252336,0.05542659407975914,402.02079946559786,0.6885330793204644,0.0455897426192423,0.5587357752227619,0.2124176494781909,0.0004133976592886625,0.0024874334890568023,1.2781271562884724,27.108225851311833,0.9982873197599837,0.46088789252722934,2.3044394626361466,0.2771329703987957,0.047329047292026125,5.8554521218860645,1.0848625188594536,0.0,0.0,0.00068673025816679,0.0006169974803924561,0.014603080227971077,0.0014331350103020668,1.348741352558136e-05,10905008,True,True,True,
42,dp_fisher_wiener_adaptive_beta_lr5p00,dp_fisher_wiener_adaptive_beta,6f5bfa6c60eeb2ad400161beec4006ab7b7da4908d9989b6db2c608560d2f56e,513,3,1.1296659708023071,5.0,,,0.515625,0.17026442654906182,1.8996973028072954,1.9067566220679208,0.08461511033801745,124.48613179666556,0.5664407069285903,0.08603182311577082,0.6846903473621564,0.20664219985971718,0.000433484001931446,0.008033023321815626,3.829349185539427,26.782459421326237,0.9954497685906599,0.4545791458698003,2.2728957293490017,0.42307555169008726,0.08513221327453091,4.969629420073935,1.0999184730355165,0.0,0.0,0.0006815772503614426,0.0006012264639139175,0.01455023791640997,0.001437254250049591,6.790272891521454e-06,10905008,True,True,True,
42,dp_fisher_wiener_adaptive_beta_lr5p00,dp_fisher_wiener_adaptive_beta,6f5bfa6c60eeb2ad400161beec4006ab7b7da4908d9989b6db2c608560d2f56e,514,3,1.8632203340530396,5.0,,,0.46484375,0.10443302783209366,1.895203947503785,1.8982053967579309,0.060288833288547755,329.3336937490946,0.641095304130652,0.05622605758159273,0.5994977794687315,0.21219687477090546,0.00042003438826357863,0.0030364339236722275,1.5339738999638366,27.034541353532244,0.9980533564700522,0.46064832005653233,2.3032416002826617,0.30144416644273875,0.05221651391604683,5.772966133312243,1.0854267306077505,0.0,0.0,0.0006828662008047104,0.0006002997979521751,0.014438956044614315,0.001482517458498478,6.728805601596832e-06,10905008,True,True,True,
42,dp_fisher_wiener_adaptive_beta_lr5p00,dp_fisher_wiener_adaptive_beta,6f5bfa6c60eeb2ad400161beec4006ab7b7da4908d9989b6db2c608560d2f56e,515,3,1.1796660423278809,5.0,,,0.37109375,0.07801723731877061,1.901428348037398,1.9031261389685736,0.057543319875951696,593.9895356458447,0.7775432819913631,0.042249161609538684,0.51958935386081,0.21515224435027014,0.000502422423064888,0.0016835313415885862,0.7209382579450059,26.31676866656031,0.9986909815151108,0.463845065027397,2.3192253251369848,0.28771659937975846,0.039008618659385305,7.37571873243349,1.0779461455936576,0.0,0.0,0.0007022330537438393,0.0006060414016246796,0.014366713352501392,0.0014706579968333244,6.309710443019867e-06,10905008,True,True,True,
42,dp_fisher_wiener_adaptive_beta_lr5p00,dp_fisher_wiener_adaptive_beta,6f5bfa6c60eeb2ad400161beec4006ab7b7da4908d9989b6db2c608560d2f56e,516,3,0.7057685852050781,5.0,,,0.40234375,0.045039442284266026,1.8963817272962822,1.8969600376988014,0.04644063514601529,1772.8235638979413,1.4797134691636853,0.024709609719706895,0.28293532578481123,0.1856531564762541,0.0005307655725625023,0.0005640719245112244,0.19730317615800666,25.437995915778473,0.9991653351753123,0.4308748733405722,2.1543743667028608,0.23220317573007646,0.022519721142133013,10.311103510306241,1.1604296999784194,0.0,0.0,0.0006907414644956589,0.0006077364087104797,0.014383772388100624,0.0014684107154607773,6.724148988723755e-06,10905008,True,True,True,
42,dp_fisher_wiener_adaptive_beta_lr5p00,dp_fisher_wiener_adaptive_beta,6f5bfa6c60eeb2ad400161beec4006ab7b7da4908d9989b6db2c608560d2f56e,517,3,0.7359163761138916,5.0,,,0.4140625,0.07201874721755255,1.8971012814201935,1.898900667265509,0.0525840219879877,693.8888513739914,0.7993833545550505,0.04393640072091265,0.502453413231552,0.18508779059194536,0.0004196907261702085,0.0014411529999751246,0.6355628273687529,26.444483979508746,0.9988479662802306,0.430218305737849,2.1510915286892454,0.26292010993993853,0.03600937360877628,7.3014352537517535,1.1622006626178056,0.0,0.0,0.0006870850920677185,0.000608089379966259,0.014340857043862343,0.001475425437092781,6.428919732570648e-06,10905008,True,True,True,
42,dp_fisher_wiener_adaptive_beta_lr5p00,dp_fisher_wiener_adaptive_beta,6f5bfa6c60eeb2ad400161beec4006ab7b7da4908d9989b6db2c608560d2f56e,518,3,1.2322251796722412,5.0,,,0.46875,0.09223075639167883,1.9023369229013982,1.904606845590173,0.05657705100799508,425.42531970576664,0.692925383226579,0.04880922062620711,0.55700805786804,0.2085033829345196,0.00042987470797063395,0.002350588819146421,1.1401129476455198,26.857712115156605,0.9983712173414934,0.4566217065958643,2.2831085329793215,0.2828852550399754,0.04611537819583941,6.134293290027998,1.094998316497978,0.0,0.0,0.000660410150885582,0.0006034178659319878,0.014668494462966919,0.0013953642919659615,6.463378667831421e-06,10905008,True,True,True,
42,dp_fisher_wiener_adaptive_beta_lr5p00,dp_fisher_wiener_adaptive_beta,6f5bfa6c60eeb2ad400161beec4006ab7b7da4908d9989b6db2c608560d2f56e,519,3,1.1761138439178467,5.0,,,0.44140625,0.09538719007603763,1.897719652578833,1.9001235722656837,0.05636321244343672,395.8074817672698,0.7189637309925343,0.05028602138058656,0.5332524757682158,0.1878700554505841,0.00045631393382477507,0.002526480791683986,1.0401831962775578,26.14593832744339,0.9981835519435303,0.43343979449351916,2.1671989724675957,0.2818160622171836,0.047693595038018816,5.9088869687140555,1.153562747008737,0.0,0.0,0.0005554705858230591,0.0004898812621831894,0.015464520081877708,0.0014178305864334106,5.430541932582855e-06,10905008,True,True,True,
42,dp_fisher_wiener_adaptive_beta_lr5p00,dp_fisher_wiener_adaptive_beta,6f5bfa6c60eeb2ad400161beec4006ab7b7da4908d9989b6db2c608560d2f56e,520,3,1.0981812477111816,5.0,,,0.43359375,0.09103658715149338,1.8943670804425492,1.896655338543036,0.057483086018904755,433.00841834086293,0.7278824274431768,0.04911966845713121,0.5311919733018244,0.18761585481996154,0.00044283276763509545,0.002309423922312436,0.9784383062253056,26.270297867965688,0.998319010909229,0.43314645885654146,2.1657322942827073,0.28741543009452375,0.04551829357574669,6.314283939707084,1.1543439632838974,0.0,0.0,0.0007555782794952393,0.0006658509373664856,0.01401671301573515,0.0016246512532234192,7.406808435916901e-06,10905008,True,True,True,
42,dp_fisher_wiener_adaptive_beta_lr5p00,dp_fisher_wiener_adaptive_beta,6f5bfa6c60eeb2ad400161beec4006ab7b7da4908d9989b6db2c608560d2f56e,521,3,0.9686002135276794,5.0,,,0.421875,0.100851672263107,1.895798222359174,1.8986267334040727,0.05723253498861409,353.36051216215185,0.6706544510610126,0.054584467078099774,0.5739223783490621,0.1886079558826881,0.0003698634557184345,0.0028299709941628074,1.44311376486361,27.075185847513087,0.9981020673562045,0.43429017474804577,2.1714508737402287,0.28616267494307046,0.0504258361315535,5.674921764129795,1.1513039646566368,0.0,0.0,0.0005494654178619385,0.000482240691781044,0.01589213777333498,0.001165822148323059,5.692243576049805e-06,10905008,True,True,True,
42,dp_fisher_wiener_adaptive_beta_lr5p00,dp_fisher_wiener_adaptive_beta,6f5bfa6c60eeb2ad400161beec4006ab7b7da4908d9989b6db2c608560d2f56e,522,3,1.3039805889129639,5.0,,,0.44921875,0.09112887482741223,1.896818961957253,1.8991753796577535,0.05433534130240031,433.25117464727595,0.694239802622686,0.04983373330286646,0.5545274889676124,0.19319298670717863,0.0003992722442761454,0.0023081299218483085,1.1168182097450445,26.847222352458576,0.9983976043384356,0.43953724154749235,2.197686207737462,0.27167670651200154,0.04556443741370612,5.9624725317977205,1.1375600352736823,0.0,0.0,0.000758032314479351,0.0006990749388933182,0.014395386911928654,0.0015855832025408745,7.566995918750763e-06,10905008,True,True,True,
42,dp_fisher_wiener_adaptive_beta_lr5p00,dp_fisher_wiener_adaptive_beta,6f5bfa6c60eeb2ad400161beec4006ab7b7da4908d9989b6db2c608560d2f56e,523,3,0.9738608598709106,5.0,,,0.4609375,0.08825381309247123,1.900348530182961,1.9020911384495098,0.06099532027323975,463.65992579232824,0.6931656924734965,0.04293552591734369,0.5675461052696408,0.25958948445708013,0.0005084594871750523,0.002156753137900534,1.1011111977600179,27.08030740447034,0.9985050127174808,0.5094992487306337,2.5474962436531685,0.30497660136619875,0.04412690654623561,6.911352397651913,0.9813557159205211,0.0,0.0,0.0006086863577365875,0.0005570231005549431,0.014516490511596203,0.0013831695541739464,5.103647708892822e-06,10905008,True,True,True,
42,dp_fisher_wiener_adaptive_beta_lr5p00,dp_fisher_wiener_adaptive_beta,6f5bfa6c60eeb2ad400161beec4006ab7b7da4908d9989b6db2c608560d2f56e,524,3,1.513782024383545,5.0,,,0.4375,0.08517246351926344,1.900259825088363,1.9024534510578213,0.05830551859529355,497.76866681694986,0.6797362178466327,0.04812515999468526,0.5761991729858708,0.21796951258879935,0.0003972306175084243,0.002008965341785195,1.1023651672633343,27.393530371850133,0.9986344334966017,0.46687205162528134,2.3343602581264067,0.29152759297646774,0.04258623175963172,6.845583206682461,1.0709572317690088,0.0,0.0,0.0007580118253827095,0.0006665391847491264,0.014325513504445553,0.0015742750838398933,7.3229894042015076e-06,10905008,True,True,True,
42,dp_fisher_wiener_adaptive_beta_lr5p00,dp_fisher_wiener_adaptive_beta,6f5bfa6c60eeb2ad400161beec4006ab7b7da4908d9989b6db2c608560d2f56e,525,3,1.3745098114013672,5.0,,,0.49609375,0.09685511458641685,1.8920929706301635,1.8947050540357848,0.062147689534657005,381.6276437674703,0.6872653937166403,0.052509804856019894,0.56452138449526,0.21206096365896232,0.0005147524888451894,0.00262035525000498,1.0794995094617112,26.148622751423687,0.9981991205172359,0.4605007748733571,2.3025038743667854,0.310738447673285,0.048427557293208426,6.416562491175805,1.0857745030644517,0.0,0.0,0.0005870712921023369,0.0004960261285305023,0.015631902031600475,0.0011669117957353592,5.298294126987457e-06,10905008,True,True,True,
42,dp_fisher_wiener_adaptive_beta_lr5p00,dp_fisher_wiener_adaptive_beta,6f5bfa6c60eeb2ad400161beec4006ab7b7da4908d9989b6db2c608560d2f56e,526,3,1.3966419696807861,5.0,,,0.4453125,0.11436809227355818,1.89420439415526,1.89801540497054,0.06811579271079306,274.31144360938043,0.6022434340739189,0.06341720798074534,0.6317134738754947,0.20822895924362153,0.0004396843434092138,0.0036454913683705787,1.726458730048026,26.754001268739277,0.9978045267592578,0.45632111417687166,2.2816055708843583,0.3405789635539653,0.05718404613677909,5.955838849412216,1.0957196247664809,0.0,0.0,0.0005581853911280632,0.0005444614216685295,0.015418247319757938,0.0015628673136234283,5.428679287433624e-06,10905008,True,True,True,
42,dp_fisher_wiener_adaptive_beta_lr5p00,dp_fisher_wiener_adaptive_beta,6f5bfa6c60eeb2ad400161beec4006ab7b7da4908d9989b6db2c608560d2f56e,527,3,1.367701768875122,5.0,,,0.421875,0.08675332033073577,1.9003189505467961,1.9019605574488982,0.05239060634135202,479.82269671328095,0.7246263373918277,0.041720819990297774,0.529946467468755,0.1894941755127675,0.00037694767660746285,0.002084103162932296,1.0476929155263544,27.01314794324088,0.9984898039580969,0.4353092871887384,2.176546435943692,0.2619530317067601,0.043376660165367883,6.039031836523586,1.1486086208449415,0.0,0.0,0.0006717434152960777,0.0006059426814317703,0.014740180224180222,0.0014439821243286133,6.418675184249878e-06,10905008,True,True,True,
42,dp_fisher_wiener_adaptive_beta_lr5p00,dp_fisher_wiener_adaptive_beta,6f5bfa6c60eeb2ad400161beec4006ab7b7da4908d9989b6db2c608560d2f56e,528,3,1.191652536392212,5.0,,,0.43359375,0.07549700274347926,1.8980113285734443,1.8999210632514756,0.0560299783015732,632.0307083313298,0.7123278982508457,0.04515124791523992,0.5648845582993453,0.2090993388531188,0.0003943722205354231,0.0015822016029323164,0.8388960776230718,27.24446343360134,0.9988729536573764,0.4572738116852077,2.2863690584260383,0.280149891507866,0.03774850137173963,7.421483802537878,1.0934367707528199,0.0,0.0,0.0006881589069962502,0.000613383948802948,0.014691391959786415,0.0014395182952284813,6.277114152908325e-06,10905008,True,True,True,
42,dp_fisher_wiener_adaptive_beta_lr5p00,dp_fisher_wiener_adaptive_beta,6f5bfa6c60eeb2ad400161beec4006ab7b7da4908d9989b6db2c608560d2f56e,529,3,1.1106021404266357,5.0,,,0.40234375,0.10244880160957916,1.9001910910098159,1.902748344691159,0.05840081955887061,344.01770151345295,0.6728918257975349,0.051865780166109675,0.5719368310257518,0.18877014071080006,0.00042313818551009675,0.0029068271647217573,1.2967919024801398,26.494510797623324,0.9980440197616661,0.434476858659699,2.172384293298495,0.29200409779435305,0.05122440080478958,5.7004883063727245,1.1508092779470005,0.0,0.0,0.0006864527240395546,0.0006091753020882607,0.01483024749904871,0.0014679422602057457,6.747432053089142e-06,10905008,True,True,True,
42,dp_fisher_wiener_adaptive_beta_lr5p00,dp_fisher_wiener_adaptive_beta,6f5bfa6c60eeb2ad400161beec4006ab7b7da4908d9989b6db2c608560d2f56e,530,3,0.8583539724349976,5.0,,,0.4140625,0.07429136276235423,1.8914361150137837,1.8931819353338681,0.05149782748033359,648.1965340433384,0.7997310827794941,0.04310957216454497,0.4910487690562455,0.19773274941189592,0.0004697868358529578,0.0015427419729949915,0.6493383563490885,26.241777616546994,0.9987662212912638,0.44467150730836796,2.22335753654184,0.25748913740166796,0.03714568138117712,6.93187277283905,1.1244255406095511,0.0,0.0,0.0006878254935145378,0.0006090262904763222,0.014563207514584064,0.0014702696353197098,6.903894245624542e-06,10905008,True,True,True,
42,dp_fisher_wiener_adaptive_beta_lr5p00,dp_fisher_wiener_adaptive_beta,6f5bfa6c60eeb2ad400161beec4006ab7b7da4908d9989b6db2c608560d2f56e,531,3,1.0690274238586426,5.0,,,0.453125,0.08528490753311344,1.8930592609322259,1.8951385745822544,0.059345438548161135,492.70169123846495,0.686273345521078,0.046868386303423056,0.5733517942106093,0.21718244214839638,0.0004403425465155744,0.002029625669334756,1.001036721939555,26.930340622653397,0.9986071220015587,0.46602837054024554,2.3301418527012276,0.29672719274080567,0.04264245376655672,6.958492453512655,1.0728960544168156,0.0,0.0,0.000680173747241497,0.0006036972627043724,0.014478272758424282,0.0014613587409257889,6.773509085178375e-06,10905008,True,True,True,
42,dp_fisher_wiener_adaptive_beta_lr5p00,dp_fisher_wiener_adaptive_beta,6f5bfa6c60eeb2ad400161beec4006ab7b7da4908d9989b6db2c608560d2f56e,532,3,1.086861252784729,5.0,,,0.43359375,0.10291744359399554,1.9039259643001791,1.9068303366801402,0.06289396845306923,342.23319582162884,0.5830151731161931,0.05518544099441008,0.6467249733984353,0.25173041284113995,0.00038895843955780163,0.0029219842262949588,1.891081977767391,28.110324884653572,0.9982964388603031,0.5017274288307746,2.508637144153873,0.31446984226534613,0.05145872179699777,6.111108696010828,0.9965570372825805,0.0,0.0,0.0006840014830231667,0.0006285570561885834,0.014422889798879623,0.0014347536489367485,6.511807441711426e-06,10905008,True,True,True,
42,dp_fisher_wiener_adaptive_beta_lr5p00,dp_fisher_wiener_adaptive_beta,6f5bfa6c60eeb2ad400161beec4006ab7b7da4908d9989b6db2c608560d2f56e,533,3,1.1381183862686157,5.0,,,0.4375,0.09082847641168748,1.8946705664866421,1.896491732712835,0.0568896554098916,435.13433999426866,0.7051297225867745,0.04398742814538479,0.5485617440486776,0.2336153239402247,0.00047344633689209986,0.0022981408451736487,1.1339847326288344,26.932305657084502,0.9983795125831809,0.48333769141276856,2.416688457063843,0.28444827704945796,0.04541423820584374,6.263416238623436,1.0344734310653365,0.0,0.0,0.000685201957821846,0.0006147446110844612,0.014476199634373188,0.0014642365276813507,6.7409127950668335e-06,10905008,True,True,True,
42,dp_fisher_wiener_adaptive_beta_lr5p00,dp_fisher_wiener_adaptive_beta,6f5bfa6c60eeb2ad400161beec4006ab7b7da4908d9989b6db2c608560d2f56e,534,3,0.812498927116394,5.0,,,0.41015625,0.07506430488375326,1.8971316945403154,1.8986154278531544,0.051458833841813045,638.7457517873906,0.809457569347455,0.039526609859069806,0.48173954194296453,0.19716219349194858,0.0004394608353324559,0.0015655681419781923,0.7023853412549222,26.519034638079027,0.9987327390169216,0.44402949619585924,2.2201474809792963,0.2572941692090652,0.03753215244187663,6.855300121693342,1.1260513192986765,0.0,0.0,0.0006449427455663681,0.0005470514297485352,0.01534865703433752,0.0013185981661081314,6.400048732757568e-06,10905008,True,True,True,
42,dp_fisher_wiener_adaptive_beta_lr5p00,dp_fisher_wiener_adaptive_beta,6f5bfa6c60eeb2ad400161beec4006ab7b7da4908d9989b6db2c608560d2f56e,535,3,0.7917719483375549,5.0,,,0.3515625,0.07245625430797134,1.8943497425766436,1.895673755780731,0.052720583635700945,683.5472940950597,0.8354017904723616,0.037377846011659645,0.47691708844407377,0.20639770934345306,0.00045929652803322716,0.00146295656269568,0.6574203479757907,26.526117101276657,0.998777843467908,0.45431014664373615,2.271550733218681,0.26360291817850473,0.03622812715398567,7.276195014188803,1.1005697400612817,0.0,0.0,0.0007167523726820946,0.0006683953106403351,0.01511487364768982,0.0015758872032165527,7.359310984611511e-06,10905008,True,True,True,
42,dp_fisher_wiener_adaptive_beta_lr5p00,dp_fisher_wiener_adaptive_beta,6f5bfa6c60eeb2ad400161beec4006ab7b7da4908d9989b6db2c608560d2f56e,536,3,1.0422555208206177,5.0,,,0.41015625,0.05724815483155495,1.8931503953825273,1.893940056066472,0.05067522361955031,1093.57165746144,1.0628773231779813,0.028904276314921925,0.4070761607514189,0.22850274723934352,0.0005186494641915512,0.0009144348181224303,0.4028749328592015,26.44017491722217,0.9990280679679967,0.47801960968075724,2.3900980484037864,0.25337611809775157,0.028624077415777476,8.851852739513618,1.0459821937699927,0.0,0.0,0.0007034093141555786,0.0006105070933699608,0.014578266069293022,0.0014702072367072105,6.9588422775268555e-06,10905008,True,True,True,
42,dp_fisher_wiener_adaptive_beta_lr5p00,dp_fisher_wiener_adaptive_beta,6f5bfa6c60eeb2ad400161beec4006ab7b7da4908d9989b6db2c608560d2f56e,537,3,0.7331032156944275,5.0,,,0.33984375,0.05540723868568679,1.8962745442781848,1.8970750055406094,0.04881651818643542,1171.3034332064599,1.099553899316859,0.029047157388186796,0.3840273959112393,0.21388737164569194,0.00048689212937372945,0.0008537497383888568,0.37504464854926206,26.427523888478724,0.999061256145808,0.4624795905179946,2.312397952589973,0.2440825909321771,0.027703619342843395,8.810494683122329,1.0811287897891884,0.0,0.0,0.0006895139813423157,0.000609375536441803,0.014508876949548721,0.001461263746023178,6.823800504207611e-06,10905008,True,True,True,
42,dp_fisher_wiener_adaptive_beta_lr5p00,dp_fisher_wiener_adaptive_beta,6f5bfa6c60eeb2ad400161beec4006ab7b7da4908d9989b6db2c608560d2f56e,538,3,1.0124564170837402,5.0,,,0.40625,0.0921334874319199,1.8980923653749606,1.900228088230184,0.06270552935741397,424.4237359581386,0.6246506162591102,0.04741046231957998,0.6160483484978936,0.2712247594480019,0.0004346445754641942,0.0023561358971227477,1.4702642749161643,27.951950684519637,0.9985282382596987,0.5207924341309135,2.6039621706545675,0.31352764678706985,0.04606674371595995,6.805943322441551,0.9600753913282718,0.0,0.0,0.0006646765395998955,0.0005822628736495972,0.014523268677294254,0.001386839896440506,6.212852895259857e-06,10905008,True,True,True,
42,dp_fisher_wiener_adaptive_beta_lr5p00,dp_fisher_wiener_adaptive_beta,6f5bfa6c60eeb2ad400161beec4006ab7b7da4908d9989b6db2c608560d2f56e,539,3,1.6615846157073975,5.0,,,0.5078125,0.16539413280961318,1.8985295925458348,1.9063355399464024,0.09379601853424732,131.76332426820682,0.530230233642133,0.09047952899628267,0.697734603693042,0.23072265202386263,0.0005081753872863424,0.007589365292026535,3.4457365119802486,26.57076607933336,0.9959758890678662,0.48033597827339836,2.401679891366992,0.46898009267123664,0.08269706640480659,5.671060813329009,1.0409380571412628,0.0,0.0,0.0007178764790296555,0.0006344644352793694,0.014201294630765915,0.0015071462839841843,6.551854312419891e-06,10905008,True,True,True,
42,dp_fisher_wiener_adaptive_beta_lr5p00,dp_fisher_wiener_adaptive_beta,6f5bfa6c60eeb2ad400161beec4006ab7b7da4908d9989b6db2c608560d2f56e,540,3,1.9286401271820068,5.0,,,0.453125,0.1291180119066061,1.9010883604840847,1.9054346266511442,0.08037780016923571,216.78585664627496,0.5577625759066206,0.06750431339150965,0.6664597774211888,0.2508542183954284,0.0004735651361513384,0.0046128470528934,2.443490985904739,27.24041686105754,0.9974271265453606,0.5008534899503331,2.5042674497516653,0.4018890008461785,0.06455900595330305,6.225142331507528,0.9982959289124331,0.0,0.0,0.0006327331066131592,0.0005842922255396843,0.014610492624342442,0.001383238472044468,6.107613444328308e-06,10905008,True,True,True,
42,dp_fisher_wiener_adaptive_beta_lr5p00,dp_fisher_wiener_adaptive_beta,6f5bfa6c60eeb2ad400161beec4006ab7b7da4908d9989b6db2c608560d2f56e,541,3,1.4641385078430176,5.0,,,0.4609375,0.10136470305075211,1.896059864406685,1.8990971534663543,0.06295093878963305,349.8892387978849,0.6192464815346868,0.05662761351326786,0.6170650467484438,0.2258916690749272,0.0004177259451313616,0.0028580473161681054,1.5455326289925169,27.330087636462185,0.998230164255231,0.475280621396378,2.37640310698189,0.31475469394816524,0.050682351525376056,6.210341163518447,1.0520100704504727,0.0,0.0,0.0006429655477404594,0.0006161527708172798,0.014860586263239384,0.0014369813725352287,6.9998204708099365e-06,10905008,True,True,True,
42,dp_fisher_wiener_adaptive_beta_lr5p00,dp_fisher_wiener_adaptive_beta,6f5bfa6c60eeb2ad400161beec4006ab7b7da4908d9989b6db2c608560d2f56e,542,3,0.9537193775177002,5.0,,,0.43359375,0.10110328185386708,1.896462923349535,1.8990343837278403,0.06174621460515153,351.8505275507163,0.6870277964492709,0.05203643061225148,0.5615924879056079,0.20579063047415888,0.00046033424275454673,0.0028421159600442855,1.2705568708126607,26.503523154952898,0.9980473873345265,0.4536415219908324,2.268207609954162,0.30873107302575764,0.05055164092693354,6.107241374535891,1.102191875656837,0.0,0.0,0.0006862794980406761,0.0006054602563381195,0.014733151532709599,0.0014251414686441422,6.368383765220642e-06,10905008,True,True,True,
42,dp_fisher_wiener_adaptive_beta_lr5p00,dp_fisher_wiener_adaptive_beta,6f5bfa6c60eeb2ad400161beec4006ab7b7da4908d9989b6db2c608560d2f56e,543,3,1.286067008972168,5.0,,,0.4453125,0.09642398552029349,1.8986530860494653,1.9009995757533467,0.061437664929423395,387.72256958438095,0.6510516029884814,0.04968149624092264,0.5924111757544281,0.2307904426536283,0.0004421294539123114,0.0025791637586744494,1.3463168761185493,27.17668371907177,0.9983208313003646,0.4804065389372092,2.4020326946860457,0.307188324647117,0.048211992760146746,6.371616418533005,1.0407851672982973,0.0,0.0,0.0006925119087100029,0.0006121350452303886,0.014723704196512699,0.0014420542865991592,6.256625056266785e-06,10905008,True,True,True,
42,dp_fisher_wiener_adaptive_beta_lr5p00,dp_fisher_wiener_adaptive_beta,6f5bfa6c60eeb2ad400161beec4006ab7b7da4908d9989b6db2c608560d2f56e,544,3,1.1213818788528442,5.0,,,0.48828125,0.09276993085961933,1.8973868996836054,1.8996948744358573,0.054570467738391,418.30911646644387,0.7157838200686212,0.0492804269665546,0.5357013230834543,0.1835431597484772,0.00039954064411389095,0.0023905766346446486,1.0981961293640512,26.621772380862442,0.9982888639240884,0.42841937368480104,2.142096868424005,0.272852338691955,0.04638496542980967,5.882344336312084,1.1670807407666293,0.0,0.0,0.0006909770891070366,0.0006110267713665962,0.014703544788062572,0.0014658113941550255,6.790272891521454e-06,10905008,True,True,True,
42,dp_fisher_wiener_adaptive_beta_lr5p00,dp_fisher_wiener_adaptive_beta,6f5bfa6c60eeb2ad400161beec4006ab7b7da4908d9989b6db2c608560d2f56e,545,3,1.1071348190307617,5.0,,,0.421875,0.07520043743593634,1.8981396618684352,1.8996977492330003,0.053124306742350275,637.1117197025169,0.8671943273938021,0.040503367091696614,0.4472150110469847,0.1831505274273408,0.000508360361040962,0.0015695834323842222,0.5654847533502035,25.566364937588155,0.9986388661508244,0.4279608947407938,2.139804473703969,0.26562153371175135,0.03760021871796817,7.064361398987112,1.1683310464655197,0.0,0.0,0.0006873849779367447,0.0006085261702537537,0.014711991883814335,0.0014623124152421951,6.4568594098091125e-06,10905008,True,True,True,
42,dp_fisher_wiener_adaptive_beta_lr5p00,dp_fisher_wiener_adaptive_beta,6f5bfa6c60eeb2ad400161beec4006ab7b7da4908d9989b6db2c608560d2f56e,546,3,0.9444049000740051,5.0,,,0.4296875,0.07659053776433015,1.9013921014883606,1.9028694669637825,0.05101126399886013,616.301370111509,0.8090185451769433,0.03940666133226463,0.4763867784846403,0.17737880481678528,0.0004175514044412397,0.0016225827952456443,0.6892847053897503,26.281917750228732,0.9986873004273374,0.4211636318781398,2.105818159390699,0.2550563199943006,0.03829526888216508,6.660256669628073,1.1871870269736007,0.0,0.0,0.0006927885115146637,0.0006152736023068428,0.014596640132367611,0.0014867745339870453,6.447546184062958e-06,10905008,True,True,True,
42,dp_fisher_wiener_adaptive_beta_lr5p00,dp_fisher_wiener_adaptive_beta,6f5bfa6c60eeb2ad400161beec4006ab7b7da4908d9989b6db2c608560d2f56e,547,3,0.9671192765235901,5.0,,,0.38671875,0.09049299486601499,1.897890611278685,1.9004856220393775,0.05958402247599772,439.8579358503748,0.6680108033437063,0.05246465467312562,0.5813226070405424,0.20294749777668367,0.00043307687024408926,0.002273461311876328,1.0653842677811796,26.708187111115844,0.9984813032824972,0.4504969453577723,2.2524847267888615,0.2979201123799886,0.045246497433007495,6.584379549257007,1.109885439071743,0.0,0.0,0.0006979098543524742,0.0006397496908903122,0.014499467797577381,0.001493876799941063,7.848255336284637e-06,10905008,True,True,True,
42,dp_fisher_wiener_adaptive_beta_lr5p00,dp_fisher_wiener_adaptive_beta,6f5bfa6c60eeb2ad400161beec4006ab7b7da4908d9989b6db2c608560d2f56e,548,3,1.1018515825271606,5.0,,,0.46875,0.11320810854362967,1.9034804510152603,1.9070047930419955,0.0652360371951291,282.7103921934291,0.6036732270441507,0.06078494362514136,0.6320095173482291,0.20387234547453567,0.0003835212411609486,0.0035371886833134233,1.8802999036180448,27.25568896774318,0.9978646938927135,0.451522253576206,2.25761126788103,0.3261801859756455,0.056604054271814835,5.762488043763673,1.1073651321473676,0.0,0.0,0.0007210485637187958,0.0006053242832422256,0.01425126288086176,0.0014467118307948112,7.2373077273368835e-06,10905008,True,True,True,
42,dp_fisher_wiener_adaptive_beta_lr5p00,dp_fisher_wiener_adaptive_beta,6f5bfa6c60eeb2ad400161beec4006ab7b7da4908d9989b6db2c608560d2f56e,549,3,1.587045669555664,5.0,,,0.453125,0.12386931030190763,1.8958240841171814,1.8997472330013967,0.06659809308375925,234.244085097284,0.603022102216353,0.06424049943452546,0.638004102778868,0.20508850759441752,0.0004155282568699678,0.004269051231407776,2.107036840188547,26.933407622804566,0.9974256677517994,0.4528669866466505,2.2643349332332523,0.33299046541879623,0.06193465515095382,5.376480495480592,1.1040769469668166,0.0,0.0,0.000692468136548996,0.0006116209551692009,0.014288059435784817,0.001441250555217266,6.56861811876297e-06,10905008,True,True,True,
42,dp_fisher_wiener_adaptive_beta_lr5p00,dp_fisher_wiener_adaptive_beta,6f5bfa6c60eeb2ad400161beec4006ab7b7da4908d9989b6db2c608560d2f56e,550,3,0.8977407813072205,5.0,,,0.4375,0.12044069652322306,1.9000568045750441,1.9033958628602865,0.0638795437808044,248.87808301969625,0.5964615161116998,0.059337727007920664,0.6456135524012518,0.21467890658190159,0.0004056732414148959,0.0040180315912014064,2.12630891076928,27.23613012085903,0.9976033987851621,0.4633345514656786,2.316672757328393,0.319397718904022,0.06022034826161153,5.303817199979955,1.0791338535346813,0.14425114449113607,0.00463389977812767,0.0006177080795168877,0.0005372967571020126,0.014690801501274109,0.0013235248625278473,6.659887731075287e-06,10905008,True,True,True,
42,dp_fisher_wiener_adaptive_beta_lr5p00,dp_fisher_wiener_adaptive_beta,6f5bfa6c60eeb2ad400161beec4006ab7b7da4908d9989b6db2c608560d2f56e,551,3,1.2499363422393799,5.0,,,0.375,0.08269604179115313,1.898209228733792,1.9000635489808382,0.05179825014896584,526.8884949619026,0.6866003231647101,0.04417377197652918,0.5633562811484674,0.20817226512943507,0.00038519652276492025,0.0018979347801583728,1.0257033972960774,27.32740509311338,0.9986968773664071,0.4562589890943904,2.2812949454719518,0.2589912507448292,0.041348020895576564,6.263691589801643,1.0958688200123652,0.0,0.0,0.0005583791062235832,0.000492277555167675,0.015862620435655117,0.0014213193207979202,5.39049506187439e-06,10905008,True,True,True,
42,dp_fisher_wiener_adaptive_beta_lr5p00,dp_fisher_wiener_adaptive_beta,6f5bfa6c60eeb2ad400161beec4006ab7b7da4908d9989b6db2c608560d2f56e,552,3,0.6984198093414307,5.0,,,0.42578125,0.0777372406625442,1.9012242936809363,1.9028259421708156,0.05388425522451647,598.1477425698856,0.7564693807915274,0.04102147765627523,0.522246672254433,0.2045028678553609,0.000435909385022236,0.001671827758703625,0.7843225743745879,26.713031828995945,0.9987353134903741,0.45221993305841895,2.261099665292095,0.2694212761225823,0.0388686203312721,6.931588356350416,1.1056567025193538,0.0,0.0,0.0006233872845768929,0.0006105126813054085,0.014671380631625652,0.0014419201761484146,6.436370313167572e-06,10905008,True,True,True,
42,dp_fisher_wiener_adaptive_beta_lr5p00,dp_fisher_wiener_adaptive_beta,6f5bfa6c60eeb2ad400161beec4006ab7b7da4908d9989b6db2c608560d2f56e,553,3,1.0723167657852173,5.0,,,0.390625,0.07907267326726343,1.9018530165034535,1.9036431952888826,0.05750171067555503,578.4969269615509,0.658698186132864,0.043397793966857855,0.598268604340582,0.23192842671280595,0.0003720868358354453,0.001728617652460323,1.0774785175862625,27.947096761911936,0.998861362687625,0.4815894794457266,2.407947397228633,0.28750855337777514,0.039536336633631715,7.272007926144909,1.0382286601742718,0.0,0.0,0.0007568998262286186,0.0006576487794518471,0.014204075559973717,0.0015636812895536423,7.099471986293793e-06,10905008,True,True,True,
42,dp_fisher_wiener_adaptive_beta_lr5p00,dp_fisher_wiener_adaptive_beta,6f5bfa6c60eeb2ad400161beec4006ab7b7da4908d9989b6db2c608560d2f56e,554,3,1.225151777267456,5.0,,,0.4140625,0.09251738935334823,1.8950464212232043,1.8973957960807182,0.06036213556583366,419.55892797522233,0.6235653077557911,0.049758249351710526,0.6147022862177739,0.24156752409639665,0.00043611491307595586,0.0023834554175949946,1.3202149398223617,27.43437609942521,0.9985137598888315,0.49149519234311606,2.45747596171558,0.3018106778291683,0.046258694676674116,6.524409733827434,1.0173039488246498,0.0,0.0,0.0006922148168087006,0.0006064167246222496,0.014042103663086891,0.0014371052384376526,6.709247827529907e-06,10905008,True,True,True,
42,dp_fisher_wiener_adaptive_beta_lr5p00,dp_fisher_wiener_adaptive_beta,6f5bfa6c60eeb2ad400161beec4006ab7b7da4908d9989b6db2c608560d2f56e,555,3,1.006352424621582,5.0,,,0.375,0.08390269555806615,1.8985091737463884,1.9004138978503389,0.056533854040073474,512.0042577993288,0.7025606224661233,0.0447650555372644,0.5576182996067055,0.21706308231757815,0.0004211918218925324,0.0019531087576416266,1.0065433011286764,27.12106035217879,0.9986278226952924,0.46590029224886537,2.3295014612443268,0.28266927020036736,0.041951347779033074,6.738025955268713,1.0731909988411141,0.0,0.0,0.000635041855275631,0.0005341935902833939,0.01512056216597557,0.001285444013774395,6.1104074120521545e-06,10905008,True,True,True,
42,dp_fisher_wiener_adaptive_beta_lr5p00,dp_fisher_wiener_adaptive_beta,6f5bfa6c60eeb2ad400161beec4006ab7b7da4908d9989b6db2c608560d2f56e,556,3,1.1589012145996094,5.0,,,0.45703125,0.10496392258230221,1.8948507551994502,1.8976065544324838,0.06313261477561781,325.8891592054757,0.6182263389398845,0.05389258828960048,0.6181021773575984,0.22857595985101026,0.0004369706723058401,0.0030685279692855573,1.6051231123236946,27.185782619133114,0.9981029551874417,0.47809618263589,2.39048091317945,0.31566307387808906,0.052481961291151104,6.014696594909798,1.0458146669197437,0.0,0.0,0.0006149187684059143,0.0006719846278429031,0.015221906825900078,0.001578373834490776,7.661990821361542e-06,10905008,True,True,True,
42,dp_fisher_wiener_adaptive_beta_lr5p00,dp_fisher_wiener_adaptive_beta,6f5bfa6c60eeb2ad400161beec4006ab7b7da4908d9989b6db2c608560d2f56e,557,3,1.6132447719573975,5.0,,,0.43359375,0.09560579754674352,1.8985877957618147,1.9010683746299932,0.060648164654816726,394.3600492841517,0.7009176934658142,0.051074257846214055,0.5529150288472916,0.2052366119723932,0.0004793326165288015,0.0025357538161016407,1.0857377608419598,26.316178544992344,0.9982226452838264,0.453030475765586,2.26515237882793,0.30324082327408364,0.04780289877337176,6.343565579681082,1.1036785089434336,0.0,0.0,0.000685572624206543,0.0006157979369163513,0.014639525674283504,0.0014511486515402794,6.549060344696045e-06,10905008,True,True,True,
42,dp_fisher_wiener_adaptive_beta_lr5p00,dp_fisher_wiener_adaptive_beta,6f5bfa6c60eeb2ad400161beec4006ab7b7da4908d9989b6db2c608560d2f56e,558,3,0.9335756897926331,5.0,,,0.390625,0.07438198779865994,1.896577465597291,1.8981465627520953,0.050501639878504145,650.1380906855758,0.7205590401655286,0.04067972399795969,0.5452640279901578,0.23436769701345891,0.0003781995331656474,0.001538134765745643,0.9531717279683105,27.92176763545182,0.9988916830893487,0.4841153757251043,2.4205768786255217,0.2525081993925207,0.03719099389932997,6.789498556269571,1.0328116500122952,0.0,0.0,0.0007317932322621346,0.0006316928192973137,0.014641336165368557,0.00157235749065876,8.370727300643921e-06,10905008,True,True,True,
42,dp_fisher_wiener_adaptive_beta_lr5p00,dp_fisher_wiener_adaptive_beta,6f5bfa6c60eeb2ad400161beec4006ab7b7da4908d9989b6db2c608560d2f56e,559,3,1.1162446737289429,5.0,,,0.45703125,0.07354628519533211,1.898852879444762,1.9002825759089261,0.05065441353598431,666.5936187556218,0.8066104102828139,0.03878350582161582,0.4847643391255995,0.1779896141891408,0.0004044329198964995,0.0015001643755330558,0.6602174678461196,26.435481622578777,0.9987899517973359,0.42188815364873755,2.1094407682436875,0.25327206767992155,0.03677314259766606,6.887419724881196,1.185148233422816,0.0,0.0,0.0007114512845873833,0.0006014322862029076,0.014119138941168785,0.0014512231573462486,7.082708179950714e-06,10905008,True,True,True,
42,dp_fisher_wiener_adaptive_beta_lr5p00,dp_fisher_wiener_adaptive_beta,6f5bfa6c60eeb2ad400161beec4006ab7b7da4908d9989b6db2c608560d2f56e,560,3,1.088320255279541,5.0,,,0.43359375,0.09098220623166546,1.9013814446566777,1.9033793976163011,0.05524565919283237,436.74261990356035,0.711103980947989,0.045848471763383684,0.5414934817481171,0.20270545065463175,0.00042177714763100754,0.0022896780719494094,1.1004157711888802,26.817823809352078,0.9983718008077508,0.45022822063330475,2.251141103166524,0.2762282959641619,0.04549110311583273,6.072138880755151,1.1105478890140965,0.0,0.0,0.0007006675004959106,0.0006125969812273979,0.014125801622867584,0.0014539426192641258,6.463378667831421e-06,10905008,True,True,True,
42,dp_fisher_wiener_adaptive_beta_lr5p00,dp_fisher_wiener_adaptive_beta,6f5bfa6c60eeb2ad400161beec4006ab7b7da4908d9989b6db2c608560d2f56e,561,3,1.4055533409118652,5.0,,,0.4140625,0.09651595487034789,1.9039081850816308,1.9062658253046505,0.05707624578396917,389.12916172227943,0.6877374608672158,0.04972781054883508,0.5597009969407967,0.18761041434663,0.00039370435482674837,0.0025698408093250843,1.2245963064555019,26.780867235693172,0.9982326242067721,0.43314017863346504,2.165700893167325,0.28538122891984585,0.048257977435173946,5.913659131224291,1.1543607004464926,0.0,0.0,0.0005538603290915489,0.000547211617231369,0.014617484994232655,0.0013966336846351624,5.969777703285217e-06,10905008,True,True,True,
42,dp_fisher_wiener_adaptive_beta_lr5p00,dp_fisher_wiener_adaptive_beta,6f5bfa6c60eeb2ad400161beec4006ab7b7da4908d9989b6db2c608560d2f56e,562,3,1.2300264835357666,5.0,,,0.36328125,0.07171450894255287,1.9046809384873231,1.906066359252523,0.05432176391431826,705.3918100720981,0.8350120057894684,0.03812371057938715,0.4876431479277793,0.22639109417948772,0.0004942638129544224,0.0014176518433111295,0.6493369399992575,26.60900522845572,0.9988162436905754,0.47580573155384304,2.379028657769215,0.27160881957159133,0.03585725447127643,7.5747243777849675,1.050849047921501,0.0,0.0,0.000771605409681797,0.0006667627021670341,0.014160547405481339,0.001575993373990059,7.204711437225342e-06,10905008,True,True,True,
42,dp_fisher_wiener_adaptive_beta_lr5p00,dp_fisher_wiener_adaptive_beta,6f5bfa6c60eeb2ad400161beec4006ab7b7da4908d9989b6db2c608560d2f56e,563,3,0.9228979349136353,5.0,,,0.421875,0.09281878509288699,1.900760280336968,1.902754686523459,0.05263763329145498,419.35607308125356,0.7260411371230261,0.04586646907850671,0.5250937784749651,0.1926022636682725,0.00042278112825096476,0.002384608365239754,1.0863327101664562,26.585457933016006,0.9982686762307073,0.4388647441618801,2.1943237208094004,0.2631881664572749,0.046409392546443495,5.6710108021392935,1.1393031831566542,0.0,0.0,0.00060309749096632,0.0005512991920113564,0.01452577393501997,0.0013941042125225067,6.037764251232147e-06,10905008,True,True,True,
42,dp_fisher_wiener_adaptive_beta_lr5p00,dp_fisher_wiener_adaptive_beta,6f5bfa6c60eeb2ad400161beec4006ab7b7da4908d9989b6db2c608560d2f56e,564,3,1.1600242853164673,5.0,,,0.40625,0.09283922668909732,1.8976605319444868,1.8997631472804872,0.056979575922685044,417.8053737924158,0.6878604271355849,0.04706980785549418,0.5611633967423939,0.22110379751825388,0.0004426303978794338,0.0023934589227675787,1.1955863386079562,26.98554965344865,0.9983536343228626,0.4702167558884454,2.3510837794422272,0.2848978796134252,0.04641961334454866,6.137446201730267,1.0633393934552964,0.0,0.0,0.0007609529420733452,0.0006707059219479561,0.014221127144992352,0.0015829848125576973,7.563270628452301e-06,10905008,True,True,True,
42,dp_fisher_wiener_adaptive_beta_lr5p00,dp_fisher_wiener_adaptive_beta,6f5bfa6c60eeb2ad400161beec4006ab7b7da4908d9989b6db2c608560d2f56e,565,3,1.338548183441162,5.0,,,0.40625,0.1085739293366596,1.895350523632365,1.8983809835676406,0.06760900248323622,304.73895103640064,0.5537167142078542,0.056485664090301535,0.6696953278472869,0.2687194332619988,0.00040761805499290064,0.003281497151952338,2.163304700552236,28.190456621452434,0.9981829801791844,0.5183815518148759,2.5919077590743793,0.33804501241618107,0.0542869646683298,6.227001536653686,0.9645404977251104,0.0,0.0,0.0006447732448577881,0.0005804849788546562,0.014459045603871346,0.0013711340725421906,6.5676867961883545e-06,10905008,True,True,True,
42,dp_fisher_wiener_adaptive_beta_lr5p00,dp_fisher_wiener_adaptive_beta,6f5bfa6c60eeb2ad400161beec4006ab7b7da4908d9989b6db2c608560d2f56e,566,3,1.48732590675354,5.0,,,0.484375,0.12894444377150036,1.896691411951747,1.9010407983782664,0.07428530279119885,216.36553819422954,0.5628675029493972,0.0676062849691284,0.6674389237680741,0.24616934943516194,0.00044071629565726854,0.004621808113646481,2.581587082466561,27.470748685650875,0.9973985344078041,0.4961545620420737,2.4807728102103686,0.37142651395599424,0.06447222188575018,5.761031698402299,1.0077504839239844,0.0,0.0,0.0005514929071068764,0.0005672071129083633,0.01481627207249403,0.0014412282034754753,5.4407864809036255e-06,10905008,True,True,True,
42,dp_fisher_wiener_adaptive_beta_lr5p00,dp_fisher_wiener_adaptive_beta,6f5bfa6c60eeb2ad400161beec4006ab7b7da4908d9989b6db2c608560d2f56e,567,3,1.5537898540496826,5.0,,,0.46484375,0.15442943501611103,1.8998308941722477,1.9060552543448415,0.08813511869228789,151.34557448611005,0.4838441106661419,0.08074993926218116,0.7375587337234792,0.27915188821472925,0.0004740892821160107,0.006607395051710401,3.8905473577310423,27.699804323124514,0.9968030508172513,0.5283482641352475,2.6417413206762372,0.4406755934614395,0.07721471750805552,5.707145058320758,0.9463454958395828,0.0,0.0,0.0007727630436420441,0.0006713354960083961,0.014248293824493885,0.0015736091881990433,7.434748113155365e-06,10905008,True,True,True,
42,dp_fisher_wiener_adaptive_beta_lr5p00,dp_fisher_wiener_adaptive_beta,6f5bfa6c60eeb2ad400161beec4006ab7b7da4908d9989b6db2c608560d2f56e,568,3,2.0664074420928955,5.0,,,0.4765625,0.10084032157129137,1.9011613775417893,1.9039493529711728,0.06080595763571018,355.4426367708595,0.6272616941795849,0.05410906608458994,0.6105699994696254,0.21328895313603644,0.0004030683245116609,0.0028133934887109376,1.4887445009255666,27.235896921603945,0.9982352660337038,0.46183216987996456,2.309160849399823,0.3040297881785509,0.050420160785645686,6.0299250029182065,1.0826443730173085,0.0,0.0,0.0006051240488886833,0.0005636289715766907,0.014489568769931793,0.0013867653906345367,5.696900188922882e-06,10905008,True,True,True,
42,dp_fisher_wiener_adaptive_beta_lr5p00,dp_fisher_wiener_adaptive_beta,6f5bfa6c60eeb2ad400161beec4006ab7b7da4908d9989b6db2c608560d2f56e,569,3,1.6042838096618652,5.0,,,0.52734375,0.14216935567288205,1.900311284558438,1.905503520940351,0.07705253668869631,178.66418569679396,0.556668477501157,0.07377666096870647,0.6799832468055255,0.2286637731518743,0.000404401865944821,0.0055970926464653644,3.1648032073693297,27.52384214304163,0.9968842749579051,0.4781880102552492,2.390940051276246,0.3852626834434816,0.07108467783644103,5.419771111919702,1.0456138365578473,0.0,0.0,0.0007823668420314789,0.0006700716912746429,0.014235526323318481,0.0015756096690893173,7.554888725280762e-06,10905008,True,True,True,
42,dp_fisher_wiener_adaptive_beta_lr5p00,dp_fisher_wiener_adaptive_beta,6f5bfa6c60eeb2ad400161beec4006ab7b7da4908d9989b6db2c608560d2f56e,570,3,1.6229058504104614,5.0,,,0.4609375,0.1279435907806921,1.8936338400517085,1.8977020015375454,0.06658419047662839,219.05589334397695,0.5905813838190805,0.06547258014565416,0.6535644632627143,0.19515289964736743,0.00033596849954522275,0.004565044951191347,2.6516824040540374,27.640764483439895,0.9973039694353644,0.4417611341521201,2.2088056707606003,0.33292095238314195,0.06397179539034605,5.204183349029136,1.1318333853849025,0.0,0.0,0.0006852047517895699,0.0006055431440472603,0.014036349952220917,0.0014413567259907722,6.816349923610687e-06,10905008,True,True,True,
42,dp_fisher_wiener_adaptive_beta_lr5p00,dp_fisher_wiener_adaptive_beta,6f5bfa6c60eeb2ad400161beec4006ab7b7da4908d9989b6db2c608560d2f56e,571,3,1.363797903060913,5.0,,,0.453125,0.11792611421947997,1.8994371056713824,1.9031131574145466,0.0645609013555063,259.435772399087,0.6312499883158043,0.062124816300721204,0.6105115608468973,0.19171152148469287,0.00042461955612514593,0.0038545185603376473,1.7402769295588214,26.546482215397003,0.9975668352036489,0.4378487427008246,2.1892437135041227,0.3228045067775315,0.05896305710973999,5.47469080803026,1.1419468671182196,0.0,0.0,0.0006602508947253227,0.0006032409146428108,0.014171045273542404,0.0013710251078009605,6.645917892456055e-06,10905008,True,True,True,
42,dp_fisher_wiener_adaptive_beta_lr5p00,dp_fisher_wiener_adaptive_beta,6f5bfa6c60eeb2ad400161beec4006ab7b7da4908d9989b6db2c608560d2f56e,572,3,1.4862561225891113,5.0,,,0.5,0.11005997521493907,1.8984745675650718,1.9014690822961808,0.062449400863044666,297.5436908118252,0.6167432551043919,0.056127376730054385,0.6214294668655976,0.2225164857414742,0.0004291089255487981,0.003360850963395475,1.742785340802146,27.147946439916307,0.9979272178367437,0.47171653113016315,2.3585826556508156,0.31224700431522334,0.055029987607469535,5.674124561626581,1.0599586128580525,0.0,0.0,0.0006588594987988472,0.0005894796922802925,0.014303360134363174,0.0014166133478283882,1.3521872460842133e-05,10905008,True,True,True,
42,dp_fisher_wiener_adaptive_beta_lr5p00,dp_fisher_wiener_adaptive_beta,6f5bfa6c60eeb2ad400161beec4006ab7b7da4908d9989b6db2c608560d2f56e,573,3,1.2958662509918213,5.0,,,0.41015625,0.13013594560348976,1.8972527848294465,1.9018962989824202,0.0715568719423239,212.54742782411918,0.6031307760839016,0.06985062248611852,0.6358116789751423,0.19522077718064723,0.0004512441711727617,0.004704832282271437,2.0354412817151895,26.361144319817807,0.9971623708540814,0.44183795353120947,2.2091897676560475,0.3577843597116195,0.06506797280174488,5.498624658190156,1.1316366011629886,0.0,0.0,0.0006871428340673447,0.0006088670343160629,0.014582779258489609,0.0014419015496969223,6.9551169872283936e-06,10905008,True,True,True,
42,dp_fisher_wiener_adaptive_beta_lr5p00,dp_fisher_wiener_adaptive_beta,6f5bfa6c60eeb2ad400161beec4006ab7b7da4908d9989b6db2c608560d2f56e,574,3,1.3903205394744873,5.0,,,0.41015625,0.09269016053670806,1.900517101009064,1.9030433951582058,0.057998176391363274,420.41315295090425,0.6312962470064408,0.05159030528954116,0.6074836239827175,0.21066102560815753,0.00036057431282183767,0.002378612545455038,1.3896745835889794,27.66589409248713,0.998498390826797,0.4589782408874712,2.2948912044373557,0.2899908819568164,0.04634508026835403,6.257209616887311,1.089376261131945,0.0,0.0,0.0007256818935275078,0.0006312690675258636,0.014297441579401493,0.0015045879408717155,7.287599146366119e-06,10905008,True,True,True,
42,dp_fisher_wiener_adaptive_beta_lr5p00,dp_fisher_wiener_adaptive_beta,6f5bfa6c60eeb2ad400161beec4006ab7b7da4908d9989b6db2c608560d2f56e,575,3,0.8708226680755615,5.0,,,0.37109375,0.06334972463630578,1.8953421688959367,1.8963347426341617,0.04733765036452931,895.1293296156463,0.8445500197768678,0.03236726337852286,0.4776372504437176,0.2240911277584552,0.0003876989134661246,0.0011171570036476479,0.6457200781790754,27.619300777569435,0.9990565050302405,0.47338264412466075,2.366913220623304,0.23668825182264655,0.03167486231815289,7.472431906342585,1.0562279927340843,0.0,0.0,0.0006828270852565765,0.0005961963906884193,0.014284288510680199,0.0014495039358735085,6.447546184062958e-06,10905008,True,True,True,
42,dp_fisher_wiener_adaptive_beta_lr5p00,dp_fisher_wiener_adaptive_beta,6f5bfa6c60eeb2ad400161beec4006ab7b7da4908d9989b6db2c608560d2f56e,576,3,1.2692101001739502,5.0,,,0.44140625,0.08185555950351416,1.897092129543743,1.8989687557519421,0.05002051386106324,537.131326259794,0.7947500102228936,0.04446737549394092,0.4734809606453748,0.17442317091852588,0.00044011383217633306,0.001861742093528178,0.7378340226739949,25.980391589620766,0.9985203804519153,0.4176400015785436,2.088200007892718,0.25010256930531616,0.04092777975175708,6.110826700499632,1.1972033284861727,0.0,0.0,0.0005574077367782593,0.0005365163087844849,0.014702889136970043,0.0013785650953650475,5.383975803852081e-06,10905008,True,True,True,
42,dp_fisher_wiener_adaptive_beta_lr5p00,dp_fisher_wiener_adaptive_beta,6f5bfa6c60eeb2ad400161beec4006ab7b7da4908d9989b6db2c608560d2f56e,577,3,1.0401716232299805,5.0,,,0.40234375,0.0887280022319252,1.8982522554452477,1.9001839636378393,0.05232411961212487,457.7058283092808,0.7275849569263291,0.045107269922856234,0.5258291375671823,0.18525445000249702,0.0004157444421805368,0.002184809408188224,0.9735443796496135,26.48942196416518,0.9984103655406492,0.4304119538331818,2.152059769165909,0.2616205980606243,0.0443640011159626,5.897137126357919,1.1616777729937942,0.0,0.0,0.0007553519681096077,0.0006807772442698479,0.014552127569913864,0.0015823282301425934,7.394701242446899e-06,10905008,True,True,True,
42,dp_fisher_wiener_adaptive_beta_lr5p00,dp_fisher_wiener_adaptive_beta,6f5bfa6c60eeb2ad400161beec4006ab7b7da4908d9989b6db2c608560d2f56e,578,3,1.0897752046585083,5.0,,,0.44921875,0.11210834173447545,1.8947803084914034,1.8980012662961354,0.06561675859526189,285.65502481915723,0.5967351770203323,0.05823964423406138,0.6371443257273306,0.21397615539386866,0.0003734118248792461,0.0035007260962877755,2.0060208615882185,27.5817731298621,0.9979109935930658,0.4625755672253655,2.3128778361268276,0.32808379297630946,0.056054170867237726,5.85297735912482,1.0809044736150548,0.0,0.0,0.0006988579407334328,0.0006145443767309189,0.014295967295765877,0.0014459248632192612,6.440095603466034e-06,10905008,True,True,True,
42,dp_fisher_wiener_adaptive_beta_lr5p00,dp_fisher_wiener_adaptive_beta,6f5bfa6c60eeb2ad400161beec4006ab7b7da4908d9989b6db2c608560d2f56e,579,3,1.586653709411621,5.0,,,0.4765625,0.11515828156876323,1.8956623844066836,1.8992009608491376,0.06891542845888965,270.97650297291943,0.642833728535629,0.061016872055062885,0.597634438294447,0.19504158218949721,0.000510964281546939,0.0036903568721021246,1.4086562776205325,25.817366687221405,0.9976277141321006,0.4416351233648624,2.208175616824312,0.34457714229444825,0.057579140784381616,5.984409242555607,1.1321563289380556,0.0,0.0,0.0006369836628437042,0.0005328711122274399,0.015285314992070198,0.001268245279788971,5.5460259318351746e-06,10905008,True,True,True,
42,dp_fisher_wiener_adaptive_beta_lr5p00,dp_fisher_wiener_adaptive_beta,6f5bfa6c60eeb2ad400161beec4006ab7b7da4908d9989b6db2c608560d2f56e,580,3,1.1141407489776611,5.0,,,0.44140625,0.07154288177703998,1.8967198117133532,1.8982180843848913,0.05026251995329642,702.8675633873578,0.7978014862972885,0.03977878526949304,0.4951785725883606,0.18971824934650625,0.0003887953623225178,0.001422743133834499,0.6942478296762533,26.883880320714656,0.9988649334129858,0.4355665842859232,2.177832921429616,0.2513125997664821,0.03577144088851999,7.025509555029123,1.1479301168581661,0.0,0.0,0.0005613062530755997,0.0005814610049128532,0.015383594669401646,0.0015795035287737846,5.086883902549744e-06,10905008,True,True,True,
42,dp_fisher_wiener_adaptive_beta_lr5p00,dp_fisher_wiener_adaptive_beta,6f5bfa6c60eeb2ad400161beec4006ab7b7da4908d9989b6db2c608560d2f56e,581,3,0.7808141708374023,5.0,,,0.3984375,0.058902179806804594,1.8941193740660187,1.8951971886996701,0.0456576169908698,1034.074808458266,0.9557313620724024,0.03383303478233229,0.41612667890209487,0.17896301789117816,0.00040651714961916066,0.0009670480235394413,0.425728244999431,26.436844223593987,0.9990757618750068,0.4230402083622527,2.1152010418112637,0.228288084954349,0.029451089903402297,7.751430785596322,1.1819207491753694,0.0,0.0,0.0007613943889737129,0.000665910542011261,0.014229471795260906,0.0016279760748147964,7.1553513407707214e-06,10905008,True,True,True,
42,dp_fisher_wiener_adaptive_beta_lr5p00,dp_fisher_wiener_adaptive_beta,6f5bfa6c60eeb2ad400161beec4006ab7b7da4908d9989b6db2c608560d2f56e,582,3,1.391514778137207,5.0,,,0.39453125,0.06835913180364545,1.894494636054752,1.8957792415249233,0.04675777730833957,768.0574095901005,0.833899454139255,0.0368149392986101,0.4634191462749203,0.19528906482563677,0.0004032782200976113,0.0013019860069046246,0.6304918463527974,26.850731575520108,0.9989142745793129,0.4419152235730704,2.209576117865352,0.23378888654169785,0.03417956590182272,6.840019185919221,1.131438731519947,0.0,0.0,0.0005575856193900108,0.0004935190081596375,0.016121544875204563,0.0011706873774528503,5.686655640602112e-06,10905008,True,True,True,
42,dp_fisher_wiener_adaptive_beta_lr5p00,dp_fisher_wiener_adaptive_beta,6f5bfa6c60eeb2ad400161beec4006ab7b7da4908d9989b6db2c608560d2f56e,583,3,0.7783500552177429,5.0,,,0.42578125,0.07330123213529857,1.8993481709619844,1.900816755163802,0.047671665559941935,671.4081612865698,0.8474186288246192,0.03930868817162926,0.4424830324070491,0.1697299814611556,0.00041626735032699637,0.0014894069769682027,0.607294850939074,26.10386214683458,0.9987378487815809,0.4119829868588697,2.0599149342943486,0.23835832779970967,0.036650616067649286,6.503528545147702,1.213642349192609,0.0,0.0,0.0007466012611985207,0.000665225088596344,0.014867815189063549,0.0016154740005731583,7.529743015766144e-06,10905008,True,True,True,
42,dp_fisher_wiener_adaptive_beta_lr5p00,dp_fisher_wiener_adaptive_beta,6f5bfa6c60eeb2ad400161beec4006ab7b7da4908d9989b6db2c608560d2f56e,584,3,0.9298020601272583,5.0,,,0.3828125,0.06546326160319728,1.895073731986691,1.8962939736721693,0.04861145669024678,838.0249415532041,0.9436134666522307,0.035894943862793446,0.4092549100097009,0.17951831102114768,0.0004887222152777448,0.0011932819062794987,0.4383184263346561,25.650466723766048,0.9988740031234594,0.42369601251504324,2.118480062575216,0.2430572834512339,0.03273163080159864,7.425761487934693,1.1800913514168783,0.0,0.0,0.0006888685747981071,0.000635884702205658,0.014423192478716373,0.0014411155134439468,6.690621376037598e-06,10905008,True,True,True,
42,dp_fisher_wiener_adaptive_beta_lr5p00,dp_fisher_wiener_adaptive_beta,6f5bfa6c60eeb2ad400161beec4006ab7b7da4908d9989b6db2c608560d2f56e,585,3,1.0968680381774902,5.0,,,0.421875,0.05580199576138971,1.89933327789206,1.9000929835233564,0.04500783606263476,1158.5182813258675,1.0091173467098404,0.02829560476185999,0.3976296250280654,0.20326120425597866,0.00042416649639086766,0.0008631715319452079,0.41363305800246286,26.805181317086006,0.9991289586336483,0.4508449891658758,2.254224945829379,0.2250391803131738,0.027900997880694854,8.06563196296346,1.109028628495924,0.0,0.0,0.000684516504406929,0.0006034290418028831,0.014562303200364113,0.0014699753373861313,6.527639925479889e-06,10905008,True,True,True,
42,dp_fisher_wiener_adaptive_beta_lr5p00,dp_fisher_wiener_adaptive_beta,6f5bfa6c60eeb2ad400161beec4006ab7b7da4908d9989b6db2c608560d2f56e,586,3,0.7911403179168701,5.0,,,0.37109375,0.052625242509895025,1.8938792490487961,1.8945662574407234,0.042340025095673105,1295.1389084973327,1.0503925628022577,0.026940831343096484,0.3709617201370154,0.17429380220970533,0.00037817126778236476,0.0007721179504975807,0.35585827047393565,26.635934139043385,0.9991889730468984,0.4174850922005543,2.0874254610027716,0.21170012547836553,0.026312621254947512,8.045573393054271,1.1976475551817045,0.0,0.0,0.0006931712850928307,0.0006067641079425812,0.014692752622067928,0.0014679981395602226,6.600283086299896e-06,10905008,True,True,True,
42,dp_fisher_wiener_adaptive_beta_lr5p00,dp_fisher_wiener_adaptive_beta,6f5bfa6c60eeb2ad400161beec4006ab7b7da4908d9989b6db2c608560d2f56e,587,3,1.2050914764404297,5.0,,,0.4140625,0.05318000250742413,1.8995242415717586,1.900385125444898,0.045259326749393904,1275.8304807093832,1.0205518864032768,0.030176347413740923,0.4134552656418762,0.2032110465198822,0.0003840647315871177,0.0007838031891902389,0.41471515914556945,27.235428837008406,0.9992000881764201,0.4507893593685217,2.253946796842609,0.2262966337469695,0.026590001253712064,8.510591315104472,1.109165488509544,0.0,0.0,0.0007142862305045128,0.0006325384601950645,0.014540815725922585,0.0015879273414611816,7.22147524356842e-06,10905008,True,True,True,
42,dp_fisher_wiener_adaptive_beta_lr5p00,dp_fisher_wiener_adaptive_beta,6f5bfa6c60eeb2ad400161beec4006ab7b7da4908d9989b6db2c608560d2f56e,588,3,1.0488109588623047,5.0,,,0.41796875,0.05411235495529566,1.897707618555885,1.898367831663648,0.04436258823439832,1229.8884772372544,1.1418808417301922,0.026450998224507274,0.32338050559188103,0.17735388295485793,0.00044384161146361807,0.0008130818510508755,0.32489793583684046,26.016126844264665,0.9990715574112095,0.42113404392765247,2.105670219638262,0.2218129411719916,0.02705617747764783,8.19823647841761,1.187270436119643,0.0,0.0,0.0005547059699892998,0.0004880782216787338,0.01580384001135826,0.0011713821440935135,5.660578608512878e-06,10905008,True,True,True,
42,dp_fisher_wiener_adaptive_beta_lr5p00,dp_fisher_wiener_adaptive_beta,6f5bfa6c60eeb2ad400161beec4006ab7b7da4908d9989b6db2c608560d2f56e,589,3,1.2684638500213623,5.0,,,0.421875,0.059904683301879424,1.8936819445985902,1.894529747809273,0.04475476247225152,999.2922600273517,0.9180964380614025,0.029959278096138776,0.42836413499450254,0.21203714783214447,0.000383310069551926,0.0010007082409441335,0.5535657369364605,27.428617248392317,0.9990812533281945,0.46047491552976527,2.3023745776488265,0.2237738123612576,0.029952341650939712,7.470995588979803,1.0858354779731623,0.0,0.0,0.0007529649883508682,0.0006669806316494942,0.014770214445888996,0.0016081677749752998,7.006339728832245e-06,10905008,True,True,True,
42,dp_fisher_wiener_adaptive_beta_lr5p00,dp_fisher_wiener_adaptive_beta,6f5bfa6c60eeb2ad400161beec4006ab7b7da4908d9989b6db2c608560d2f56e,590,3,0.6949098110198975,5.0,,,0.375,0.0472478470719185,1.895521250321015,1.8960693314094692,0.04046406668866565,1609.5084722553595,1.256799001657303,0.024057871411029448,0.27828508039849853,0.15371958034050498,0.0003873689286006407,0.0006213076953552738,0.24655348200362506,25.986044069240247,0.9992191411084057,0.39207088688208536,1.960354434410427,0.20232033344332825,0.02362392353595925,8.564213862561878,1.2752795903183163,0.0,0.0,0.0006553297862410545,0.0006060926243662834,0.014749007299542427,0.0013785585761070251,6.327405571937561e-06,10905008,True,True,True,
42,dp_fisher_wiener_adaptive_beta_lr5p00,dp_fisher_wiener_adaptive_beta,6f5bfa6c60eeb2ad400161beec4006ab7b7da4908d9989b6db2c608560d2f56e,591,3,0.84754878282547,5.0,,,0.38671875,0.053578910655850916,1.8952969951756657,1.8960565263151208,0.042565884359971,1251.3153987786823,1.0559692182634686,0.02830213370781105,0.36200107082423727,0.14765086668303112,0.00036663725222341225,0.0007991590294720273,0.3218345177830511,26.049994104028706,0.9991561126640862,0.3842536488870745,1.9212682444353724,0.212829421799855,0.026789455327925458,7.944522170633909,1.3012238177747018,0.0,0.0,0.000550493597984314,0.00048131588846445084,0.01589655876159668,0.0011667795479297638,5.8962032198905945e-06,10905008,True,True,True,
42,dp_fisher_wiener_adaptive_beta_lr5p00,dp_fisher_wiener_adaptive_beta,6f5bfa6c60eeb2ad400161beec4006ab7b7da4908d9989b6db2c608560d2f56e,592,3,0.9224495887756348,5.0,,,0.39453125,0.07187176471320884,1.8970040703470619,1.8982808993837192,0.05008925808804135,696.6584487623445,0.8381256207987331,0.03669015350320953,0.46459735171932254,0.19071415606016928,0.0004401322149886226,0.0014354236305935738,0.6219849328336736,26.36799772517396,0.9987969346782667,0.4367083192019237,2.1835415960096185,0.2504462904402067,0.03593588235660442,6.969253960372273,1.1449289560423208,0.0,0.0,0.0007579885423183441,0.000669604167342186,0.01473742350935936,0.0016102483496069908,7.3285773396492004e-06,10905008,True,True,True,
42,dp_fisher_wiener_adaptive_beta_lr5p00,dp_fisher_wiener_adaptive_beta,6f5bfa6c60eeb2ad400161beec4006ab7b7da4908d9989b6db2c608560d2f56e,593,3,1.5201389789581299,5.0,,,0.43359375,0.0741394607581458,1.897617824453709,1.8990638153594035,0.0492381872083315,655.1166784707402,0.8002056027213886,0.039016238159109,0.4824829438419352,0.20286055528743757,0.00041764796234195064,0.0015264456434724352,0.7414273230616516,26.863872425732502,0.9987785296436215,0.4504004388179896,2.2520021940899477,0.2461909360416575,0.0370697303790729,6.641292869343318,1.110123252346439,0.0,0.0,0.0006873784586787224,0.0006062975153326988,0.014535932801663876,0.0014776550233364105,6.650574505329132e-06,10905008,True,True,True,
42,dp_fisher_wiener_adaptive_beta_lr5p00,dp_fisher_wiener_adaptive_beta,6f5bfa6c60eeb2ad400161beec4006ab7b7da4908d9989b6db2c608560d2f56e,594,3,1.212904930114746,5.0,,,0.43359375,0.08884111014963975,1.899012569996391,1.9011282969060266,0.057793960780559095,456.9069090284757,0.6926985310357439,0.04716684115876972,0.5614583934370906,0.22195896624177594,0.00045057978049724534,0.002188629631360425,1.0781353075572246,26.925009939251368,0.9984839394691832,0.47112521291242304,2.355626064562115,0.2889698039027955,0.04442055507481987,6.505317266062145,1.0612889870784377,0.0,0.0,0.0007242942228913307,0.0006692772731184959,0.014494534581899643,0.001509438268840313,6.6319480538368225e-06,10905008,True,True,True,
42,dp_fisher_wiener_adaptive_beta_lr5p00,dp_fisher_wiener_adaptive_beta,6f5bfa6c60eeb2ad400161beec4006ab7b7da4908d9989b6db2c608560d2f56e,595,3,1.6313868761062622,5.0,,,0.4375,0.09819395583246389,1.9035925843206218,1.905835986580935,0.06137130745984165,375.8187951233296,0.6141188804733999,0.04859458316141946,0.6212049008311843,0.2563706801230588,0.0003899063462912849,0.002660856808845468,1.7495628780355792,28.179080510801832,0.9983659175952824,0.5063306035813545,2.5316530179067724,0.30685653729920825,0.049096977916231944,6.250008662783875,0.9874970947093369,0.0,0.0,0.0007167728617787361,0.0006451588124036789,0.014303975738584995,0.0015079369768500328,6.856396794319153e-06,10905008,True,True,True,
42,dp_fisher_wiener_adaptive_beta_lr5p00,dp_fisher_wiener_adaptive_beta,6f5bfa6c60eeb2ad400161beec4006ab7b7da4908d9989b6db2c608560d2f56e,596,3,1.2920997142791748,5.0,,,0.37890625,0.07147763780273647,1.89442731476064,1.8959032309469632,0.04953177786269001,702.4501520786772,0.81432899873811,0.03949115534295127,0.4804522140215652,0.19887016435930197,0.00042998793439501406,0.0014235885590526377,0.658412173795302,26.65113362863435,0.9988407305538647,0.44594861179210094,2.2297430589605045,0.24765888931345004,0.035738818901368236,6.9296886948057175,1.1212054186906548,0.0,0.0,0.0007160725072026253,0.0006333598867058754,0.014177786186337471,0.0015020081773400307,6.693415343761444e-06,10905008,True,True,True,
42,dp_fisher_wiener_adaptive_beta_lr5p00,dp_fisher_wiener_adaptive_beta,6f5bfa6c60eeb2ad400161beec4006ab7b7da4908d9989b6db2c608560d2f56e,597,3,1.0290998220443726,5.0,,,0.4296875,0.06616173684040542,1.8992839525688967,1.9004166233750854,0.04749023620287573,824.0736021285887,0.9180287017782591,0.034521790631864134,0.4159947969050681,0.1787796798884311,0.00043530457812208885,0.0012134838407495,0.49837806311684363,26.135249201075155,0.9988859870047934,0.42282346184717695,2.1141173092358847,0.23745118101437865,0.03308086842020271,7.177900470780498,1.182526621901447,0.0,0.0,0.0006609773263335228,0.0007238704711198807,0.015467115677893162,0.0016938643530011177,2.2368505597114563e-05,10905008,True,True,True,
42,dp_fisher_wiener_adaptive_beta_lr5p00,dp_fisher_wiener_adaptive_beta,6f5bfa6c60eeb2ad400161beec4006ab7b7da4908d9989b6db2c608560d2f56e,598,3,0.977889895439148,5.0,,,0.40625,0.0560064017879807,1.9032407620376413,1.9043007248357677,0.045924774317700444,1154.8142052681349,1.0553516010759836,0.03362571727875302,0.3762444324216225,0.14091523888647717,0.00041440199977138797,0.0008659401617325365,0.2944584359555788,25.315361180582503,0.9990861286635883,0.37538678571105455,1.8769339285552729,0.22962387158850223,0.02800320089399035,8.199915161469308,1.3319595122443433,0.0,0.0,0.0007046330720186234,0.0006081406027078629,0.0146177364513278,0.0014736158773303032,7.1963295340538025e-06,10905008,True,True,True,
42,dp_fisher_wiener_adaptive_beta_lr5p00,dp_fisher_wiener_adaptive_beta,6f5bfa6c60eeb2ad400161beec4006ab7b7da4908d9989b6db2c608560d2f56e,599,3,1.0648552179336548,5.0,1.1255250925064086,0.8036,0.36328125,0.06591458211160786,1.8977686000797818,1.898943552045816,0.04729127756591292,828.9407831728215,0.8852644082662965,0.03517545047331094,0.43869076143106367,0.18712882155964633,0.0004204969814532539,0.0012063587895169028,0.536851650594812,26.48377799539329,0.9989320534997956,0.4325838896210148,2.162919448105074,0.2364563878295646,0.03295729105580393,7.174630567239808,1.15584517129589,0.0,0.0,0.0006790924817323685,0.0006046062335371971,0.014719311147928238,0.0014515426009893417,6.700865924358368e-06,10905008,True,True,True,
42,dp_fisher_wiener_adaptive_beta_lr5p00,dp_fisher_wiener_adaptive_beta,6f5bfa6c60eeb2ad400161beec4006ab7b7da4908d9989b6db2c608560d2f56e,600,3,1.3903950452804565,5.0,,,0.44921875,0.10154177789618431,1.8975352503271838,1.900021558446255,0.05637750484128695,349.2128198067743,0.6209157081875419,0.05119076489911585,0.6189926467914707,0.2245423573532876,0.00038829399874355835,0.002863583302743736,1.6559507665806177,27.62137598961875,0.9982219561454504,0.47385900577417284,2.369295028870864,0.28188752420643476,0.050770888948092154,5.552148682861998,1.0551661863681663,0.14605731051415205,0.004677444696426392,0.0005765939131379128,0.0004946161061525345,0.015620705671608448,0.0013736775144934654,5.2442774176597595e-06,10905008,True,True,True,
42,dp_fisher_wiener_adaptive_beta_lr5p00,dp_fisher_wiener_adaptive_beta,6f5bfa6c60eeb2ad400161beec4006ab7b7da4908d9989b6db2c608560d2f56e,601,3,1.5496954917907715,5.0,,,0.45703125,0.12348787177018511,1.8950011560492208,1.899047960971125,0.06764582824369215,235.4888487983113,0.5693315817507753,0.06524905244266126,0.6669905590170383,0.22232451608628592,0.0004017666578873362,0.004246485576863186,2.3498661021686504,27.430134629729373,0.9975823416494841,0.47151300733520163,2.357565036676008,0.33822914121846076,0.061743935885092555,5.47793295591713,1.0604161332149347,0.0,0.0,0.0007901713252067566,0.000670144334435463,0.01418699137866497,0.0015781885012984276,7.2857365012168884e-06,10905008,True,True,True,
42,dp_fisher_wiener_adaptive_beta_lr5p00,dp_fisher_wiener_adaptive_beta,6f5bfa6c60eeb2ad400161beec4006ab7b7da4908d9989b6db2c608560d2f56e,602,3,1.566683053970337,5.0,,,0.44921875,0.08478431668296917,1.899270571927516,1.90106551538501,0.05519027377866858,501.81383379070456,0.6953349461392434,0.04345986398697615,0.559490582826639,0.223685547847536,0.00039584175042425433,0.00199277088936868,1.1260915438938404,27.521163266901866,0.9986143567607803,0.4729540652616658,2.364770326308329,0.2759513688933429,0.04239215834148458,6.509490898386032,1.0571851194942445,0.0,0.0,0.000609520822763443,0.0005722539499402046,0.014468351379036903,0.0013874676078557968,5.315057933330536e-06,10905008,True,True,True,
42,dp_fisher_wiener_adaptive_beta_lr5p00,dp_fisher_wiener_adaptive_beta,6f5bfa6c60eeb2ad400161beec4006ab7b7da4908d9989b6db2c608560d2f56e,603,3,1.235478401184082,5.0,,,0.43359375,0.06680182778683565,1.8895534753911778,1.890715346009611,0.04520240155977426,800.0952337340618,0.7045126756668243,0.035053207674101416,0.5566732731629129,0.22475948100436635,0.0002891097451375664,0.0012498512147217872,0.9716583922506209,28.906552890625825,0.9991194639763336,0.47408805195276366,2.3704402597638183,0.2260120077988713,0.03340091389341782,6.766641431228739,1.054656403888372,0.0,0.0,0.0007674302905797958,0.0006817784160375595,0.014160617254674435,0.0015981122851371765,7.355585694313049e-06,10905008,True,True,True,
42,dp_fisher_wiener_adaptive_beta_lr5p00,dp_fisher_wiener_adaptive_beta,6f5bfa6c60eeb2ad400161beec4006ab7b7da4908d9989b6db2c608560d2f56e,604,3,1.0936040878295898,5.0,,,0.41015625,0.0649016832972783,1.9001527139291365,1.901213616280096,0.04854412327645433,857.1663051600916,0.8510855593177794,0.03341022666237426,0.473528532863801,0.19330864710384574,0.000393092256256646,0.0011666347519056416,0.573709051400425,26.917567923022077,0.9990070940094191,0.43966879250618385,2.1983439625309193,0.24272061638227166,0.03245084164863915,7.47964009694555,1.1372196719916854,0.0,0.0,0.0007132971659302711,0.0006068740040063858,0.014047970995306969,0.0014505749568343163,6.00423663854599e-06,10905008,True,True,True,
42,dp_fisher_wiener_adaptive_beta_lr5p00,dp_fisher_wiener_adaptive_beta,6f5bfa6c60eeb2ad400161beec4006ab7b7da4908d9989b6db2c608560d2f56e,605,3,1.2357255220413208,5.0,,,0.47265625,0.06475799878140065,1.8961948461505052,1.8974343759108174,0.048385866162028585,857.3913249343626,0.7840186035084675,0.03619932161873497,0.5181209614754729,0.20375696863211012,0.00033791249760446366,0.0011663285721229078,0.7032813992693047,27.803082158795025,0.9990855767014342,0.4513944712024175,2.2569723560120876,0.24192933081014292,0.032378999390700325,7.47179762670975,1.1076786090600539,0.0,0.0,0.0007110675796866417,0.0006097154691815376,0.014079038985073566,0.001444052904844284,6.924383342266083e-06,10905008,True,True,True,
42,dp_fisher_wiener_adaptive_beta_lr5p00,dp_fisher_wiener_adaptive_beta,6f5bfa6c60eeb2ad400161beec4006ab7b7da4908d9989b6db2c608560d2f56e,606,3,1.2777332067489624,5.0,,,0.3984375,0.10640550701943398,1.902105072032777,1.9054317703531785,0.0667848233033324,319.5514527651773,0.504872822459627,0.059158677368632756,0.7082550774500449,0.26780039089808505,0.0003323082604015904,0.003129386492403938,2.52190819542422,29.06270069186163,0.9984200578088734,0.5174943390010031,2.587471695005015,0.333924116516662,0.05320275350971699,6.276444253010277,0.966194144199256,0.0,0.0,0.0006861109286546707,0.0006419774144887924,0.014227079227566719,0.0014440510421991348,6.250105798244476e-06,10905008,True,True,True,
42,dp_fisher_wiener_adaptive_beta_lr5p00,dp_fisher_wiener_adaptive_beta,6f5bfa6c60eeb2ad400161beec4006ab7b7da4908d9989b6db2c608560d2f56e,607,3,1.347949504852295,5.0,,,0.40234375,0.08666372221451124,1.8970393856434815,1.8992376692382866,0.05369305404040184,479.1572007240982,0.6460145156059642,0.04816638950683355,0.5954547573802288,0.22728001836461645,0.0003796825126195041,0.0020869977501233117,1.2492882103482585,27.771406604317352,0.9986517691592038,0.47673894152315316,2.3836947076157657,0.26846527020200917,0.04333186110725562,6.195562879962729,1.0487920252570104,0.0,0.0,0.0007207766175270081,0.0006668809801340103,0.014280201867222786,0.0015017660334706306,6.8498775362968445e-06,10905008,True,True,True,
42,dp_fisher_wiener_adaptive_beta_lr5p00,dp_fisher_wiener_adaptive_beta,6f5bfa6c60eeb2ad400161beec4006ab7b7da4908d9989b6db2c608560d2f56e,608,3,0.9113397002220154,5.0,,,0.390625,0.0644600112273898,1.897273084717531,1.8984367365374581,0.044132779350424256,866.3211908934693,0.8351067023879707,0.035023902094924245,0.4627477702498309,0.1705263660117316,0.0003300292096065898,0.0011543062899427824,0.5964310159235616,27.132391572218566,0.9990360310804282,0.4129483817763809,2.0647419088819046,0.22066389675212128,0.0322300056136949,6.846536094040025,1.2108050837926478,0.0,0.0,0.0007199551910161972,0.0006331484764814377,0.01407727599143982,0.0015032077208161354,6.689690053462982e-06,10905008,True,True,True,
42,dp_fisher_wiener_adaptive_beta_lr5p00,dp_fisher_wiener_adaptive_beta,6f5bfa6c60eeb2ad400161beec4006ab7b7da4908d9989b6db2c608560d2f56e,609,3,0.9247512817382812,5.0,,,0.46875,0.08002181498419801,1.8955427848877566,1.8970692336478836,0.049842282211993216,561.1130740771481,0.7244878143422454,0.04015863877451377,0.5325968333268636,0.2034898705115011,0.0003636694986193124,0.0017821719828721467,0.9972074842124753,27.47835917116001,0.9987088381151453,0.45109851530624784,2.255492576531239,0.24921141105996608,0.040010907492099006,6.2285868198053125,1.1084053328338819,0.0,0.0,0.0007236013188958168,0.000636720098555088,0.014074779115617275,0.001505228690803051,6.9355592131614685e-06,10905008,True,True,True,
42,dp_fisher_wiener_adaptive_beta_lr5p00,dp_fisher_wiener_adaptive_beta,6f5bfa6c60eeb2ad400161beec4006ab7b7da4908d9989b6db2c608560d2f56e,610,3,1.1649115085601807,5.0,,,0.453125,0.09077806607587965,1.8976042344934918,1.8999039843416108,0.05209593268257125,436.9677936809343,0.7438073678953157,0.049208600536146875,0.5101512423057735,0.1604595394164189,0.0004144623949562313,0.00228849817844597,0.8859944060933342,25.878804086172728,0.9982977981932503,0.4005740124077184,2.0028700620385917,0.2604796634128562,0.04538903303793983,5.738823807711158,1.2482087816766159,0.0,0.0,0.0006918059661984444,0.000604584813117981,0.014079990796744823,0.001431906595826149,6.229616701602936e-06,10905008,True,True,True,
42,dp_fisher_wiener_adaptive_beta_lr5p00,dp_fisher_wiener_adaptive_beta,6f5bfa6c60eeb2ad400161beec4006ab7b7da4908d9989b6db2c608560d2f56e,611,3,0.9036895632743835,5.0,,,0.3671875,0.0873367665227426,1.904170835644527,1.906018396197321,0.052409553319805784,475.3544899985891,0.7147239445773576,0.04405497700749972,0.5377389554663343,0.19027831338552156,0.0003826620023641884,0.0021036931824743913,1.0460594151829679,26.965739530260308,0.9984964401102443,0.43620902487857993,2.1810451243928997,0.2620477665990289,0.0436683832613713,6.000857989739991,1.1462394665906563,0.0,0.0,0.0006860876455903053,0.0006228210404515266,0.014194336719810963,0.001446656882762909,2.3272819817066193e-05,10905008,True,True,True,
42,dp_fisher_wiener_adaptive_beta_lr5p00,dp_fisher_wiener_adaptive_beta,6f5bfa6c60eeb2ad400161beec4006ab7b7da4908d9989b6db2c608560d2f56e,612,3,1.373783826828003,5.0,,,0.37890625,0.08426948414336465,1.9011066571200028,1.9030918890380668,0.056141563804740426,508.9466902077864,0.7196799333086513,0.045685999085914204,0.5434900173092596,0.19376495723587947,0.0004239694457065578,0.0019648423284777377,0.897983553799284,26.59940677052934,0.99858594240388,0.44018741149183205,2.2009370574591602,0.2807078190237021,0.04213474207168232,6.662146371739546,1.1358798251506608,0.0,0.0,0.000687851570546627,0.0006024623289704323,0.014301726594567299,0.0014661503955721855,6.769783794879913e-06,10905008,True,True,True,
42,dp_fisher_wiener_adaptive_beta_lr5p00,dp_fisher_wiener_adaptive_beta,6f5bfa6c60eeb2ad400161beec4006ab7b7da4908d9989b6db2c608560d2f56e,613,3,1.0255303382873535,5.0,,,0.46484375,0.10552789199107246,1.8995345786199385,1.902768006268351,0.06305494364226401,324.01109495351034,0.594742416481107,0.058344567882004934,0.6378763864593989,0.2153788985909367,0.00040881959316113527,0.003086314066045815,1.6259664042024682,27.21671449630397,0.9981644381141754,0.4640893217807717,2.3204466089038585,0.31527471821132,0.05276394599553623,5.975192193396921,1.0773788073389772,0.0,0.0,0.0007251380011439323,0.0006650965660810471,0.014291815459728241,0.0015119127929210663,7.2624534368515015e-06,10905008,True,True,True,
42,dp_fisher_wiener_adaptive_beta_lr5p00,dp_fisher_wiener_adaptive_beta,6f5bfa6c60eeb2ad400161beec4006ab7b7da4908d9989b6db2c608560d2f56e,614,3,1.7686610221862793,5.0,,,0.44921875,0.12087311577604706,1.8985992160205731,1.9026278020507559,0.07025592873985675,246.7215927560545,0.5802723432664593,0.0650585464092179,0.6516826226318435,0.20609542050136517,0.0004174669152892355,0.004053151525006674,2.000963278312302,26.934462785046613,0.9976480682668094,0.4539773347881645,2.2698866739408223,0.3512796436992838,0.06043655788802353,5.812370127768032,1.1013765703351894,0.0,0.0,0.0006645508110523224,0.0005983458831906319,0.01454659178853035,0.0013887332752346992,6.663613021373749e-06,10905008,True,True,True,
42,dp_fisher_wiener_adaptive_beta_lr5p00,dp_fisher_wiener_adaptive_beta,6f5bfa6c60eeb2ad400161beec4006ab7b7da4908d9989b6db2c608560d2f56e,615,3,1.3143961429595947,5.0,,,0.5,0.11136888880069992,1.903184948689123,1.90615635524359,0.06230027219543376,292.03453720393986,0.6530224683796736,0.055872910940900244,0.5898334015794501,0.19095798356529756,0.00042702409218019715,0.0034242525199023183,1.5312680666573963,26.504854416034664,0.9977638861669178,0.4369873952018497,2.1849369760092485,0.3115013609771688,0.05568444440034996,5.594046314478754,1.1441977628848994,0.0,0.0,0.000558994710445404,0.00048792362213134766,0.01572839915752411,0.0011878060176968575,5.611218512058258e-06,10905008,True,True,True,
42,dp_fisher_wiener_adaptive_beta_lr5p00,dp_fisher_wiener_adaptive_beta,6f5bfa6c60eeb2ad400161beec4006ab7b7da4908d9989b6db2c608560d2f56e,616,3,1.1444833278656006,5.0,,,0.453125,0.12646144129952422,1.8998859498294614,1.9043151041335598,0.06548403249528666,225.70376703791987,0.5992832207925948,0.0681869401271339,0.645837162850585,0.17941817625574666,0.00033621030569708893,0.004430586219543188,2.364376359614489,27.27255415897735,0.9973448240201869,0.4235778278613585,2.1178891393067927,0.3274201624764333,0.06323072064976211,5.178181730441608,1.1804206148450123,0.0,0.0,0.0007503628730773926,0.0006593009456992149,0.014632812701165676,0.0016001518815755844,7.418915629386902e-06,10905008,True,True,True,
42,dp_fisher_wiener_adaptive_beta_lr5p00,dp_fisher_wiener_adaptive_beta,6f5bfa6c60eeb2ad400161beec4006ab7b7da4908d9989b6db2c608560d2f56e,617,3,1.343989610671997,5.0,,,0.421875,0.0995241287780102,1.8991930015883138,1.9017182074443284,0.054038245809571686,364.1509384102512,0.6573257789004597,0.051522851680882636,0.5870406928353088,0.1847900640429026,0.00036483909594428067,0.0027461140269592482,1.3908996930910777,27.04577244641579,0.9981949084580973,0.4298721484847589,2.1493607424237946,0.2701912290478584,0.0497620643890051,5.429662783486276,1.1631365320160172,0.0,0.0,0.000683855265378952,0.0006013838574290276,0.01428244635462761,0.0014710761606693268,6.583519279956818e-06,10905008,True,True,True,
42,dp_fisher_wiener_adaptive_beta_lr5p00,dp_fisher_wiener_adaptive_beta,6f5bfa6c60eeb2ad400161beec4006ab7b7da4908d9989b6db2c608560d2f56e,618,3,1.3825583457946777,5.0,,,0.44140625,0.07016458011755662,1.8966731776726806,1.897996736342889,0.04835845573295236,730.7168864439191,0.848085585598617,0.037340904277697394,0.4548156678698787,0.1631816857751916,0.0004181253903423888,0.0013685190781113068,0.5340915793124673,25.913648743007993,0.9988393786960014,0.4039575296676516,2.0197876483382577,0.2417922786647618,0.03508229005877831,6.892146386474798,1.2377538807362443,0.0,0.0,0.0007144631817936897,0.0006310753524303436,0.014409419149160385,0.001530298963189125,6.7623332142829895e-06,10905008,True,True,True,
42,dp_fisher_wiener_adaptive_beta_lr5p00,dp_fisher_wiener_adaptive_beta,6f5bfa6c60eeb2ad400161beec4006ab7b7da4908d9989b6db2c608560d2f56e,619,3,0.9230925440788269,5.0,,,0.41015625,0.08759720925469953,1.8934135033873178,1.895829196760087,0.05479063084024417,467.2081387463048,0.7246755266504091,0.05066232831632122,0.5328311043816337,0.16092798384211834,0.0003940597161686176,0.0021403736727548766,0.8740959948285453,26.11069529688034,0.9984489235812656,0.40115830272115566,2.0057915136057782,0.27395315420122085,0.04379860462734977,6.254837489135388,1.2463907554876226,0.0,0.0,0.0007193237543106079,0.0006513958796858788,0.014283888041973114,0.0015019532293081284,6.9355592131614685e-06,10905008,True,True,True,
42,dp_fisher_wiener_adaptive_beta_lr5p00,dp_fisher_wiener_adaptive_beta,6f5bfa6c60eeb2ad400161beec4006ab7b7da4908d9989b6db2c608560d2f56e,620,3,1.159888505935669,5.0,,,0.3984375,0.07662474745354633,1.8943061679491144,1.8958334172256213,0.05269646485856432,611.1702900447368,0.7501280869437066,0.040132236215968335,0.525527182083135,0.18527787064589957,0.00039197122993596216,0.0016362051888291298,0.7734052655131435,26.74569358667197,0.9987726365316472,0.4304391602141928,2.152195801070964,0.2634823242928216,0.038312373726773166,6.8772122073402,1.1616043478712093,0.0,0.0,0.0006910990923643112,0.0006079487502574921,0.014318848960101604,0.0014573242515325546,6.710179150104523e-06,10905008,True,True,True,
42,dp_fisher_wiener_adaptive_beta_lr5p00,dp_fisher_wiener_adaptive_beta,6f5bfa6c60eeb2ad400161beec4006ab7b7da4908d9989b6db2c608560d2f56e,621,3,1.2816381454467773,5.0,,,0.45703125,0.1090191199219991,1.895930431677193,1.8988331127178282,0.05658850463441189,302.4401546234835,0.6294482650865588,0.05531195262026676,0.6164732011142943,0.20478193162297775,0.00034000271003475343,0.0033064392562572,1.9914518243814354,27.798092560959418,0.9979187675463597,0.4525283765941952,2.262641882970976,0.2829425231720594,0.05450955996099955,5.190695418735873,1.1049030864362128,0.0,0.0,0.0007024584338068962,0.0006070462986826897,0.01450683269649744,0.00145062617957592,6.117857992649078e-06,10905008,True,True,True,
42,dp_fisher_wiener_adaptive_beta_lr5p00,dp_fisher_wiener_adaptive_beta,6f5bfa6c60eeb2ad400161beec4006ab7b7da4908d9989b6db2c608560d2f56e,622,3,1.5434218645095825,5.0,,,0.390625,0.10372649937105237,1.897025349713359,1.9001087670088035,0.06791796630715383,334.47743652983854,0.568308830939883,0.056997183457839704,0.6570359666559896,0.25108010703297307,0.00043143562857348594,0.0029897382923094987,1.7399207675591208,27.64896297820617,0.9983009053261235,0.5010789429151589,2.5053947145757944,0.33958983153576916,0.051863249685526185,6.5477931596714605,0.9978467606124503,0.0,0.0,0.0006896238774061203,0.0006097443401813507,0.014590304344892502,0.0014429343864321709,6.520189344882965e-06,10905008,True,True,True,
42,dp_fisher_wiener_adaptive_beta_lr5p00,dp_fisher_wiener_adaptive_beta,6f5bfa6c60eeb2ad400161beec4006ab7b7da4908d9989b6db2c608560d2f56e,623,3,1.7867724895477295,5.0,,,0.48828125,0.09993502221747287,1.8913454367793276,1.8939539345597942,0.061418528122661575,358.1840850090477,0.6138917615756105,0.052466606789520365,0.6214136089505812,0.22530832252213107,0.0003820044188463207,0.0027918605034456803,1.6466547906684266,27.70708847066878,0.9982860998372948,0.47466653823724614,2.3733326911862305,0.3070926406133079,0.049967511108736436,6.145846246751907,1.053371071522717,0.0,0.0,0.0006441324949264526,0.0006125727668404579,0.014819802716374397,0.0014400221407413483,6.3749030232429504e-06,10905008,True,True,True,
42,dp_fisher_wiener_adaptive_beta_lr5p00,dp_fisher_wiener_adaptive_beta,6f5bfa6c60eeb2ad400161beec4006ab7b7da4908d9989b6db2c608560d2f56e,624,3,1.4497952461242676,5.0,,,0.578125,0.13988240171364513,1.8903539457444685,1.895533750528809,0.07383789233512726,182.62494392601516,0.5823482086162047,0.0738770083943688,0.6595392573176577,0.18897257448710594,0.00037463784825957764,0.005475703255266888,2.7620213637309887,27.02787128981935,0.9968112340182185,0.4347097589048421,2.1735487945242102,0.3691894616756363,0.06994120085682257,5.278569100152136,1.1501927199851516,0.0,0.0,0.0007605599239468575,0.0006624162197113037,0.014224154874682426,0.0015815682709217072,7.419846951961517e-06,10905008,True,True,True,
42,dp_fisher_wiener_adaptive_beta_lr5p00,dp_fisher_wiener_adaptive_beta,6f5bfa6c60eeb2ad400161beec4006ab7b7da4908d9989b6db2c608560d2f56e,625,3,1.6430784463882446,5.0,,,0.38671875,0.11716731571171082,1.89793427964971,1.901392143353491,0.06016342636288792,262.391268429794,0.628235585082002,0.060296280144466176,0.6187441485946467,0.1917052886953374,0.0003841683408132225,0.0038111024269637302,1.9017925552825679,26.981125218698956,0.9976057298368146,0.43784162512869584,2.1892081256434794,0.3008171318144396,0.05858365785585541,5.134830135555256,1.141965430655187,0.0,0.0,0.0005563832819461823,0.0004903273656964302,0.015940186567604542,0.0011636652052402496,5.47897070646286e-06,10905008,True,True,True,
42,dp_fisher_wiener_adaptive_beta_lr5p00,dp_fisher_wiener_adaptive_beta,6f5bfa6c60eeb2ad400161beec4006ab7b7da4908d9989b6db2c608560d2f56e,626,3,0.7842326164245605,5.0,,,0.375,0.07069051024101505,1.8959296274074613,1.8971148254125965,0.05090909634608837,719.3200961962194,0.8170030567461963,0.035391833058659165,0.4871358075661615,0.1995583166537714,0.00043344966084115743,0.0013902016711164191,0.6400427321510265,26.631311638810526,0.998864200984977,0.44671950556671625,2.2335975278335813,0.25454548173044184,0.03534525512050753,7.201687492575244,1.1192705797893734,0.0,0.0,0.0007042624056339264,0.0006763264536857605,0.015157319605350494,0.0015745162963867188,7.208436727523804e-06,10905008,True,True,True,
42,dp_fisher_wiener_adaptive_beta_lr5p00,dp_fisher_wiener_adaptive_beta,6f5bfa6c60eeb2ad400161beec4006ab7b7da4908d9989b6db2c608560d2f56e,627,3,1.1314606666564941,5.0,,,0.41796875,0.07726867103163201,1.8999799485800237,1.901680682898349,0.05065724839912672,604.6320297596228,0.7508045942793211,0.042316705889773806,0.5178511564986599,0.19536284805163326,0.00038077830961210144,0.0016538984880271573,0.8485523221043894,27.101697758308006,0.9987582454165096,0.4419986968890669,2.2099934844453344,0.2532862419956336,0.03863433551581601,6.555988050716909,1.1312250545488804,0.0,0.0,0.0006878180429339409,0.000606984831392765,0.014690320007503033,0.0014480017125606537,6.629154086112976e-06,10905008,True,True,True,
42,dp_fisher_wiener_adaptive_beta_lr5p00,dp_fisher_wiener_adaptive_beta,6f5bfa6c60eeb2ad400161beec4006ab7b7da4908d9989b6db2c608560d2f56e,628,3,1.4336224794387817,5.0,,,0.41015625,0.06261341596095445,1.8979397291486904,1.8988092984352407,0.041709097226457145,918.8191490647257,0.8761857009633575,0.030372274027250592,0.4260029694130914,0.19041289958665258,0.0003510627914091674,0.0010883534597233393,0.5903118843732253,27.343115641232835,0.9990464002607532,0.4363632656247001,2.181816328123501,0.20854548613228574,0.03130670798047722,6.661367469734371,1.1458343068430643,0.0,0.0,0.000691843219101429,0.0006087850779294968,0.01474855374544859,0.0014280052855610847,6.550922989845276e-06,10905008,True,True,True,
42,dp_fisher_wiener_adaptive_beta_lr5p00,dp_fisher_wiener_adaptive_beta,6f5bfa6c60eeb2ad400161beec4006ab7b7da4908d9989b6db2c608560d2f56e,629,3,1.002057433128357,5.0,,,0.4140625,0.04588198487522126,1.9012802638811068,1.90176027078812,0.04089730813402688,1717.1486196559324,1.3180906998242061,0.022523483291023196,0.2672491327075832,0.13901136983061202,0.0004067543331146938,0.0005823607741798557,0.19902619922411044,25.337181339723664,0.9992323956792465,0.3728422854647955,1.8642114273239774,0.2044865406701344,0.02294099243761063,8.913587379331297,1.3410496059355101,0.0,0.0,0.000696888193488121,0.0006105005741119385,0.014784831553697586,0.0014484068378806114,6.603077054023743e-06,10905008,True,True,True,
42,dp_fisher_wiener_adaptive_beta_lr5p00,dp_fisher_wiener_adaptive_beta,6f5bfa6c60eeb2ad400161beec4006ab7b7da4908d9989b6db2c608560d2f56e,630,3,0.8142892122268677,5.0,,,0.36328125,0.040814627400011905,1.8928026006656975,1.8932393878541383,0.03955582194521442,2150.6957427898496,1.4045490870650603,0.02147954272705913,0.27586735945712015,0.14157315510263335,0.00037920673194664705,0.0004649658152492719,0.1735904769750566,25.721048712390232,0.9993469326882831,0.37626208299884983,1.8813104149942492,0.1977791097260721,0.020407313700005952,9.691579823968837,1.3288609790644241,0.0,0.0,0.0006689392030239105,0.0006086407229304314,0.014777322299778461,0.001434040255844593,6.4177438616752625e-06,10905008,True,True,True,
42,dp_fisher_wiener_adaptive_beta_lr5p00,dp_fisher_wiener_adaptive_beta,6f5bfa6c60eeb2ad400161beec4006ab7b7da4908d9989b6db2c608560d2f56e,631,3,0.8017858266830444,5.0,,,0.375,0.05568974742600747,1.8966899078319377,1.8977484390287551,0.04378791421164898,1159.9577480495977,1.0115387681971824,0.033674932551525975,0.3858040730047886,0.14829950009122514,0.0003860058082693776,0.0008621003664648338,0.33121018022384646,25.845458467798984,0.9991279520569626,0.3850967412108614,1.925483706054307,0.2189395710582449,0.027844873713003735,7.862832250811606,1.298375048374986,0.0,0.0,0.0007581086829304695,0.0006713448092341423,0.014134902507066727,0.0015948312357068062,7.3695555329322815e-06,10905008,True,True,True,
42,dp_fisher_wiener_adaptive_beta_lr5p00,dp_fisher_wiener_adaptive_beta,6f5bfa6c60eeb2ad400161beec4006ab7b7da4908d9989b6db2c608560d2f56e,632,3,1.1337132453918457,5.0,,,0.44140625,0.08426699991564285,1.9030375437627414,1.9050349372072193,0.05046720081320716,510.01112281792996,0.7861601782312856,0.045807642290047114,0.47797641932366164,0.15311795145571666,0.0003850260355130359,0.00196074155076004,0.7797517614968886,25.995360120799443,0.9984585430727719,0.3913028896592979,1.9565144482964894,0.2523360040660358,0.042133499957821424,5.988963753608241,1.2777825393368945,0.0,0.0,0.0006839679554104805,0.0005886293947696686,0.014163057319819927,0.001372150145471096,6.486661732196808e-06,10905008,True,True,True,
42,dp_fisher_wiener_adaptive_beta_lr5p00,dp_fisher_wiener_adaptive_beta,6f5bfa6c60eeb2ad400161beec4006ab7b7da4908d9989b6db2c608560d2f56e,633,3,0.6774572134017944,5.0,,,0.390625,0.07216209497241753,1.9019446773019553,1.9032695370080766,0.04900750931378864,694.6683216923692,0.7956681399070931,0.037310509099447754,0.4900017386316991,0.1959241591931766,0.00040405341444367824,0.0014395359174742006,0.6980261867333453,26.856492100456958,0.9988546071339939,0.4426332106758107,2.2131660533790534,0.2450375465689432,0.036081047486208766,6.7913091119600235,1.1296034457863484,0.0,0.0,0.0006598122417926788,0.0005864417180418968,0.014760581776499748,0.0014007491990923882,6.467103958129883e-06,10905008,True,True,True,
42,dp_fisher_wiener_adaptive_beta_lr5p00,dp_fisher_wiener_adaptive_beta,6f5bfa6c60eeb2ad400161beec4006ab7b7da4908d9989b6db2c608560d2f56e,634,3,0.9513155221939087,5.0,,,0.3828125,0.08663466431053138,1.9000770308636288,1.9018029467322448,0.05049356612037924,481.01544570970185,0.6835439579712619,0.04268971283432646,0.5628973987812573,0.20175784790845527,0.00032853708477088427,0.002078935320654962,1.2766945814685977,27.882460370762768,0.9985789563223639,0.44917462963579685,2.245873148178984,0.2524678306018962,0.04331733215526569,5.828332864340023,1.1131528074154602,0.0,0.0,0.0005607325583696365,0.0004857247695326805,0.01556472759693861,0.0014558546245098114,5.522742867469788e-06,10905008,True,True,True,
42,dp_fisher_wiener_adaptive_beta_lr5p00,dp_fisher_wiener_adaptive_beta,6f5bfa6c60eeb2ad400161beec4006ab7b7da4908d9989b6db2c608560d2f56e,635,3,1.2442668676376343,5.0,,,0.36328125,0.08936859870965336,1.898164050225882,1.9003199537121185,0.0519479823511804,451.12572313324677,0.680873733987116,0.04762413333223967,0.5651429890027313,0.18706577779205788,0.00035171208859570224,0.002216676967407487,1.1789881957204529,27.258070479491394,0.9984907228759691,0.43251101464824904,2.1625550732412453,0.259739911755902,0.04468429935482668,5.8127779891447,1.1560399228340628,0.0,0.0,0.0007626339793205261,0.0006705401465296745,0.014385043643414974,0.0015876572579145432,7.399357855319977e-06,10905008,True,True,True,
42,dp_fisher_wiener_adaptive_beta_lr5p00,dp_fisher_wiener_adaptive_beta,6f5bfa6c60eeb2ad400161beec4006ab7b7da4908d9989b6db2c608560d2f56e,636,3,0.8525220155715942,5.0,,,0.37109375,0.06394772378730479,1.897422596181006,1.8984159104959815,0.04183010094753559,880.3957867719764,0.840652256513434,0.03237155059844639,0.44886616466828205,0.17824635675467543,0.00031898087759651994,0.0011358527775578546,0.6347139703423593,27.472560126860103,0.9990451427992454,0.4221923219987254,2.1109616099936273,0.20915050473767793,0.031973861893652394,6.541296307177026,1.1842943936823305,0.0,0.0,0.0006349626928567886,0.0005433205515146255,0.015267292968928814,0.0012876708060503006,5.728565156459808e-06,10905008,True,True,True,
42,dp_fisher_wiener_adaptive_beta_lr5p00,dp_fisher_wiener_adaptive_beta,6f5bfa6c60eeb2ad400161beec4006ab7b7da4908d9989b6db2c608560d2f56e,637,3,1.1470534801483154,5.0,,,0.40234375,0.05450339649197951,1.8978662342452917,1.8986310714328885,0.040895398155397854,1212.5064680152905,0.9752903230598458,0.02838334935471762,0.3916296857245466,0.17364276110803947,0.0003437904292983574,0.0008247378682440824,0.4165612197439475,27.033628999478655,0.9991956411377698,0.4167046449321623,2.0835232246608113,0.20447699077698928,0.027251698245989754,7.503275169266781,1.1998906325610985,0.0,0.0,0.000561131164431572,0.000535896047949791,0.015514770522713661,0.0014924341812729836,5.412846803665161e-06,10905008,True,True,True,
42,dp_fisher_wiener_adaptive_beta_lr5p00,dp_fisher_wiener_adaptive_beta,6f5bfa6c60eeb2ad400161beec4006ab7b7da4908d9989b6db2c608560d2f56e,638,3,0.8518391847610474,5.0,,,0.35546875,0.07100760390643684,1.8947096913449357,1.895967737000439,0.046804298900834845,711.9928575586446,0.8608743554056253,0.036437130069842845,0.4351073920424503,0.15453455220260667,0.0003866518276456187,0.0014045084710965989,0.5613450448533527,26.017055301218246,0.9987908946750431,0.39310882997282914,1.9655441498641457,0.23402149450417423,0.03550380195321842,6.591448848378017,1.2719124117188796,0.0,0.0,0.0007544197142124176,0.0006752312183380127,0.014261381700634956,0.0015772227197885513,7.1283429861068726e-06,10905008,True,True,True,
42,dp_fisher_wiener_adaptive_beta_lr5p00,dp_fisher_wiener_adaptive_beta,6f5bfa6c60eeb2ad400161beec4006ab7b7da4908d9989b6db2c608560d2f56e,639,3,1.026902437210083,5.0,,,0.421875,0.0757800881838246,1.8944323057661907,1.8960053668994008,0.04901191701903732,624.9538812196198,0.804564373748286,0.04073377100238731,0.4744695747371767,0.1765322185330788,0.0004133804589136023,0.0016001180725112854,0.6833230430302389,26.30474035610567,0.9987126020048425,0.42015737353172655,2.1007868676586328,0.2450595850951866,0.0378900440919123,6.467651093101456,1.1900302874514577,0.0,0.0,0.000570378266274929,0.0004898654296994209,0.016210658475756645,0.0012173037976026535,6.560236215591431e-06,10905008,True,True,True,
42,dp_fisher_wiener_adaptive_beta_lr5p00,dp_fisher_wiener_adaptive_beta,6f5bfa6c60eeb2ad400161beec4006ab7b7da4908d9989b6db2c608560d2f56e,640,3,1.0017282962799072,5.0,,,0.34375,0.050879689834345605,1.8923918262031967,1.8929373479400615,0.03920967056904053,1383.353638078289,1.1582694191351617,0.02415960127428216,0.2826298434828711,0.162468966831416,0.00038266871043712034,0.0007228809554457827,0.30691226831399726,26.27947465132179,0.9991627090953085,0.4030743936687321,2.0153719683436604,0.19604835284520267,0.025439844917172803,7.706350155662966,1.2404657994962738,0.0,0.0,0.0007560579106211662,0.00067164096981287,0.014671741984784603,0.001607133075594902,8.252449333667755e-06,10905008,True,True,True,
42,dp_fisher_wiener_adaptive_beta_lr5p00,dp_fisher_wiener_adaptive_beta,6f5bfa6c60eeb2ad400161beec4006ab7b7da4908d9989b6db2c608560d2f56e,641,3,0.8493986129760742,5.0,,,0.41015625,0.062393177333127284,1.9007344971836064,1.901716567072713,0.04342579249473567,928.0443030513875,0.8744749577784635,0.03214039281132211,0.43817687347515083,0.15698311334136347,0.00033251347385576576,0.0010775347647249919,0.5087155117091571,26.740436891099492,0.9990577228318702,0.39621094550928737,1.9810547275464367,0.21712896247367833,0.031196588666563642,6.960022609761692,1.2619540314718989,0.0,0.0,0.000693141482770443,0.0006433557718992233,0.014310067519545555,0.0014390051364898682,7.449649274349213e-06,10905008,True,True,True,
42,dp_fisher_wiener_adaptive_beta_lr5p00,dp_fisher_wiener_adaptive_beta,6f5bfa6c60eeb2ad400161beec4006ab7b7da4908d9989b6db2c608560d2f56e,642,3,1.4591736793518066,5.0,,,0.4140625,0.09705116327800731,1.8963366544675777,1.8987310650902691,0.05701208106710008,381.7942545685865,0.6408214825372515,0.050212924417672,0.5994349938303499,0.21191487484694593,0.00042085894748509253,0.002619211755880182,1.3188502572036749,27.020248768792193,0.9983215528393397,0.4603421280384253,2.3017106401921263,0.2850604053355004,0.048525581639003654,5.874435621406371,1.0861486914731782,0.0,0.0,0.0006894795224070549,0.0006104800850152969,0.014490459114313126,0.0014692218974232674,7.567927241325378e-06,10905008,True,True,True,
42,dp_fisher_wiener_adaptive_beta_lr5p00,dp_fisher_wiener_adaptive_beta,6f5bfa6c60eeb2ad400161beec4006ab7b7da4908d9989b6db2c608560d2f56e,643,3,1.167676329612732,5.0,,,0.4140625,0.10236130105916803,1.8985400026729735,1.900752025560299,0.056717470076572865,344.0074989767935,0.6611620373183967,0.04852390529890546,0.5828057142553931,0.21946612191752046,0.00043940659814656113,0.002906913375082391,1.451887631020043,26.985009151011063,0.998078059230439,0.46847211434355457,2.342360571717773,0.2835873503828643,0.05118065052958402,5.540909453923432,1.0672993860041307,0.0,0.0,0.0006880452856421471,0.0006098253652453423,0.014511633664369583,0.0014842208474874496,6.556510925292969e-06,10905008,True,True,True,
42,dp_fisher_wiener_adaptive_beta_lr5p00,dp_fisher_wiener_adaptive_beta,6f5bfa6c60eeb2ad400161beec4006ab7b7da4908d9989b6db2c608560d2f56e,644,3,0.7431249618530273,5.0,,,0.32421875,0.062332436198128754,1.8971194015669588,1.898231480899211,0.04602178690476454,926.3201870177184,0.8109537715636731,0.034254430641594016,0.49718722192923365,0.21114529970410625,0.0003407580040933176,0.001079540329312953,0.6689200650026058,27.921353516088708,0.9991245426981632,0.45950549474854624,2.2975274737427314,0.23010893452382272,0.031166218099064377,7.383280633698299,1.0881262698991778,0.0,0.0,0.0006885016337037086,0.0006056036800146103,0.014564954675734043,0.001477348618209362,6.327405571937561e-06,10905008,True,True,True,
42,dp_fisher_wiener_adaptive_beta_lr5p00,dp_fisher_wiener_adaptive_beta,6f5bfa6c60eeb2ad400161beec4006ab7b7da4908d9989b6db2c608560d2f56e,645,3,1.0940485000610352,5.0,,,0.4765625,0.12537564165498583,1.8952178558226713,1.8996273231797378,0.07843495972580353,228.50301852750167,0.48298536238685674,0.06812929206203444,0.7260150770207904,0.2735206832475117,0.00034909438005250275,0.0043763098027335195,3.4289043733329203,28.940473149117892,0.9978863064238751,0.5229920489333578,2.614960244666789,0.3921747986290176,0.06268782082749291,6.255996674409298,0.9560374789995256,0.0,0.0,0.0006851246580481529,0.0006066188216209412,0.014774157665669918,0.0014394782483577728,6.745569407939911e-06,10905008,True,True,True,
42,dp_fisher_wiener_adaptive_beta_lr5p00,dp_fisher_wiener_adaptive_beta,6f5bfa6c60eeb2ad400161beec4006ab7b7da4908d9989b6db2c608560d2f56e,646,3,1.949135184288025,5.0,,,0.46875,0.12983373454513172,1.9021745267374919,1.9062933890798226,0.06461252796608487,214.64739600005169,0.5881982919421818,0.06574383284182173,0.6625693504201856,0.20696797716682055,0.0003546083514592909,0.004658803314530588,2.7191212315338555,27.66154195087458,0.997259699847736,0.4549373332304358,2.2746866661521787,0.3230626398304243,0.06491686727256586,4.976559304209914,1.0990524704764997,0.0,0.0,0.0006200475618243217,0.0006049256771802902,0.014873658306896687,0.0014361236244440079,6.224028766155243e-06,10905008,True,True,True,
42,dp_fisher_wiener_adaptive_beta_lr5p00,dp_fisher_wiener_adaptive_beta,6f5bfa6c60eeb2ad400161beec4006ab7b7da4908d9989b6db2c608560d2f56e,647,3,1.5233635902404785,5.0,,,0.46875,0.1280127237323844,1.8951680497989993,1.8995639353132259,0.06466222794723979,219.17407171295275,0.5784375061214332,0.06799500090645107,0.6698483265884639,0.1998310938258085,0.00033118608694907297,0.0045625834850044475,2.75297207128558,27.805909812842945,0.9973608305873022,0.4470247127685543,2.2351235638427718,0.32331113973619896,0.0640063618661922,5.051234444586028,1.1185063950989103,0.0,0.0,0.0007651709020137787,0.0006695669144392014,0.014209629036486149,0.0015785852447152138,7.596798241138458e-06,10905008,True,True,True,
42,dp_fisher_wiener_adaptive_beta_lr5p00,dp_fisher_wiener_adaptive_beta,6f5bfa6c60eeb2ad400161beec4006ab7b7da4908d9989b6db2c608560d2f56e,648,3,1.3115177154541016,5.0,,,0.4453125,0.11932040842162436,1.9009335772458182,1.9048298049810501,0.06598546149608636,253.80748248843437,0.5866690506479104,0.06394058499000095,0.6502150730541031,0.19170650879140236,0.00037858791601069416,0.003939994164573355,1.9951046864064574,27.044701100491476,0.9976885273637491,0.4378430184340072,2.189215092170036,0.3299273074804318,0.05966020421081218,5.530106908603393,1.1419617966895121,0.0,0.0,0.0006268583238124847,0.0005798200145363808,0.014662996865808964,0.0013806875795125961,5.899928510189056e-06,10905008,True,True,True,
42,dp_fisher_wiener_adaptive_beta_lr5p00,dp_fisher_wiener_adaptive_beta,6f5bfa6c60eeb2ad400161beec4006ab7b7da4908d9989b6db2c608560d2f56e,649,3,1.0014135837554932,5.0,,,0.4296875,0.11765764375536585,1.8972127846942657,1.901095884279267,0.061573054370834365,260.0110418077489,0.6111096807212243,0.06391436094606087,0.6332199126083351,0.18737719873603254,0.0003604520140361181,0.003845990512460164,1.9992978261304426,27.158692851026824,0.9976496779657038,0.4328708799815859,2.1643543999079293,0.30786527185417184,0.05882882187768292,5.23323877688819,1.1550788540456098,0.0,0.0,0.0007548108696937561,0.0006729569286108017,0.014269269071519375,0.0015770802274346352,7.225200533866882e-06,10905008,True,True,True,
42,dp_fisher_wiener_adaptive_beta_lr5p00,dp_fisher_wiener_adaptive_beta,6f5bfa6c60eeb2ad400161beec4006ab7b7da4908d9989b6db2c608560d2f56e,650,3,1.7775640487670898,5.0,,,0.484375,0.12524221051034184,1.894712025480692,1.8986733652149734,0.06838597110795411,228.8679473241875,0.5643348282443144,0.06457793973391343,0.6719539211894003,0.2073438286907825,0.0003544961516368728,0.00436933179865281,2.5556102065303747,27.67079588389018,0.9975342338897076,0.4553502264090603,2.2767511320453018,0.3419298555397705,0.06262110525517092,5.460297357272776,1.0980558941234189,0.144541229121387,0.004584365524351597,0.0006313500925898552,0.0006673047319054604,0.015208925120532513,0.0016329791396856308,7.124617695808411e-06,10905008,True,True,True,
42,dp_fisher_wiener_adaptive_beta_lr5p00,dp_fisher_wiener_adaptive_beta,6f5bfa6c60eeb2ad400161beec4006ab7b7da4908d9989b6db2c608560d2f56e,651,3,1.5286616086959839,5.0,,,0.421875,0.10126933989001458,1.8960519084659901,1.8991635542831797,0.0598522782245278,350.54557359253033,0.6199908547016402,0.05736282735072101,0.6169958277284984,0.18831633751515794,0.0003641867215973987,0.002852696126366154,1.4750930068144903,27.13563891544161,0.9982313544902377,0.43395430348731184,2.1697715174365593,0.299261391122639,0.05063466994500729,5.910207204702768,1.1521950490657298,0.0,0.0,0.0006925817579030991,0.0006062248721718788,0.014600725844502449,0.0014423411339521408,6.693415343761444e-06,10905008,True,True,True,
42,dp_fisher_wiener_adaptive_beta_lr5p00,dp_fisher_wiener_adaptive_beta,6f5bfa6c60eeb2ad400161beec4006ab7b7da4908d9989b6db2c608560d2f56e,652,3,1.0845404863357544,5.0,,,0.390625,0.08731525246272802,1.8970013670945498,1.8988264064088598,0.046391107646309354,472.0141950928621,0.7201998218402038,0.04388357899630071,0.5289665872133871,0.16415444679519367,0.00030600178563105313,0.002118580352592618,1.1365109676847331,27.29528690572301,0.9984741988073085,0.40515977934043956,2.025798896702198,0.23195553823154677,0.04365762623136401,5.313058868500617,1.234081035419451,0.0,0.0,0.0006884951144456863,0.0006142379716038704,0.014552664943039417,0.0014546960592269897,6.559304893016815e-06,10905008,True,True,True,
42,dp_fisher_wiener_adaptive_beta_lr5p00,dp_fisher_wiener_adaptive_beta,6f5bfa6c60eeb2ad400161beec4006ab7b7da4908d9989b6db2c608560d2f56e,653,3,0.8869950771331787,5.0,,,0.4609375,0.09041977854317619,1.8968820267757873,1.8987671566302353,0.04697018531804076,440.1024284832816,0.7121273984267106,0.04464842356443031,0.5368180552533832,0.17343573126996592,0.00034722626794686035,0.0022721983228397398,1.134938263095896,26.98526002849099,0.9983819053194487,0.4164561576804525,2.0822807884022625,0.2348509265902038,0.045209889271588095,5.194680419900959,1.2006065723308388,0.0,0.0,0.0006837481632828712,0.0006053932011127472,0.014599443413317204,0.001435568556189537,6.47176057100296e-06,10905008,True,True,True,
42,dp_fisher_wiener_adaptive_beta_lr5p00,dp_fisher_wiener_adaptive_beta,6f5bfa6c60eeb2ad400161beec4006ab7b7da4908d9989b6db2c608560d2f56e,654,3,0.9821188449859619,5.0,,,0.45703125,0.08887703879368625,1.8968456065497403,1.8992973245150813,0.05531241647013785,455.4962577344138,0.6617756663506096,0.050965047626906956,0.5829064601089975,0.18658740440920185,0.0003475916417735141,0.002195407718269764,1.1784961957258877,27.298129980327055,0.9985471325941468,0.43195764191550295,2.1597882095775147,0.27656208235068924,0.044438519396843124,6.223476526630464,1.1575209036275127,0.0,0.0,0.000582616776227951,0.000604717992246151,0.014734405092895031,0.0014423737302422523,6.4391642808914185e-06,10905008,True,True,True,
42,dp_fisher_wiener_adaptive_beta_lr5p00,dp_fisher_wiener_adaptive_beta,6f5bfa6c60eeb2ad400161beec4006ab7b7da4908d9989b6db2c608560d2f56e,655,3,1.0672199726104736,5.0,,,0.4296875,0.07419109370199842,1.9052022650026996,1.9069000632437039,0.045322091504523605,659.4450786136085,0.7411046171962076,0.04232726242942207,0.5173441204601608,0.17341830628899044,0.0003125877269007763,0.0015164265110908246,0.841287403022618,27.44123017369295,0.9988761693107877,0.4164352366082755,2.0821761830413776,0.22661045752261802,0.03709554685099921,6.108831834363569,1.2006668889768566,0.0,0.0,0.0007711611688137054,0.0006734859198331833,0.014090189710259438,0.0015778206288814545,7.02589750289917e-06,10905008,True,True,True,
42,dp_fisher_wiener_adaptive_beta_lr5p00,dp_fisher_wiener_adaptive_beta,6f5bfa6c60eeb2ad400161beec4006ab7b7da4908d9989b6db2c608560d2f56e,656,3,0.7567854523658752,5.0,,,0.41796875,0.05544123725266264,1.894975122765313,1.8958417303100894,0.03874371405407602,1168.2645495911534,0.9330001162463839,0.030249327825634758,0.39734995949124347,0.14308342153339998,0.0003054262015880396,0.0008559705077281894,0.400997649411894,26.70683024936222,0.9992013794165263,0.3782636931208175,1.8913184656040873,0.19371857027038009,0.02772061862633132,6.9882484541446,1.3218292135665743,0.0,0.0,0.0006930511444807053,0.0006085149943828583,0.01411958783864975,0.0014465637505054474,6.2836334109306335e-06,10905008,True,True,True,
42,dp_fisher_wiener_adaptive_beta_lr5p00,dp_fisher_wiener_adaptive_beta,6f5bfa6c60eeb2ad400161beec4006ab7b7da4908d9989b6db2c608560d2f56e,657,3,0.9436917304992676,5.0,,,0.42578125,0.07044717538746595,1.8973983255544735,1.8988176309363372,0.04314573269685515,725.420554150496,0.7834209361703689,0.03868983168835753,0.48303974961718626,0.15358175659365308,0.00031096557989738913,0.0013785107053787215,0.6808280695845108,26.936273093392224,0.9989200458524538,0.391895083655885,1.959475418279425,0.21572866348427575,0.035223587693732974,6.1245511205133125,1.2758516777867106,0.0,0.0,0.0006891628727316856,0.0006128204986453056,0.014155802316963673,0.0014564981684088707,6.7148357629776e-06,10905008,True,True,True,
42,dp_fisher_wiener_adaptive_beta_lr5p00,dp_fisher_wiener_adaptive_beta,6f5bfa6c60eeb2ad400161beec4006ab7b7da4908d9989b6db2c608560d2f56e,658,3,0.9734064936637878,5.0,,,0.390625,0.0807742701968049,1.9033474375196884,1.905329001872639,0.04704460816162909,555.2519057207905,0.6959555560434123,0.04571630146442437,0.5522282402688319,0.1602639500908146,0.00030744659931492924,0.0018009843632113651,0.9388065066528228,27.170661485555634,0.9987465949258837,0.4003298016521061,2.0016490082605305,0.23522304080814543,0.04038713509840245,5.824207144904063,1.2489702188928222,0.0,0.0,0.0007089590653777122,0.0006057405844330788,0.014196461997926235,0.0014301333576440811,6.476417183876038e-06,10905008,True,True,True,
42,dp_fisher_wiener_adaptive_beta_lr5p00,dp_fisher_wiener_adaptive_beta,6f5bfa6c60eeb2ad400161beec4006ab7b7da4908d9989b6db2c608560d2f56e,659,3,1.1350282430648804,5.0,,,0.4453125,0.1251727816471401,1.9006568313079426,1.90474803586869,0.06004449126412818,230.56193850949379,0.5957061091030328,0.06550745127552961,0.6612555438405884,0.1792693351101771,0.0002918719124919147,0.004337229320678717,2.6639501184348315,27.88313703414078,0.997416285996926,0.4234020962515149,2.1170104812575747,0.30022245632064093,0.06258639082357005,4.796928731074553,1.180910544433872,0.0,0.0,0.0006872108206152916,0.0006385529413819313,0.014232998713850975,0.0014497525990009308,6.566755473613739e-06,10905008,True,True,True,
42,dp_fisher_wiener_adaptive_beta_lr5p00,dp_fisher_wiener_adaptive_beta,6f5bfa6c60eeb2ad400161beec4006ab7b7da4908d9989b6db2c608560d2f56e,660,3,1.6597788333892822,5.0,,,0.4296875,0.11148673448989543,1.8955050004141822,1.8982220605547495,0.054636369364570773,289.0703039064249,0.6178349272742623,0.053719803699515865,0.6349434852407041,0.20799826485008163,0.0003183169753352504,0.003459366065643938,2.2604579532905062,28.151999120951015,0.9978626828182459,0.4560682677517497,2.2803413387587486,0.27318184682285385,0.05574336724494772,4.900705865462638,1.0963270969579213,0.0,0.0,0.0007008081302046776,0.0006177304312586784,0.014293861575424671,0.0014438163489103317,6.624497473239899e-06,10905008,True,True,True,
42,dp_fisher_wiener_adaptive_beta_lr5p00,dp_fisher_wiener_adaptive_beta,6f5bfa6c60eeb2ad400161beec4006ab7b7da4908d9989b6db2c608560d2f56e,661,3,1.3886064291000366,5.0,,,0.4609375,0.09893525782155597,1.899624305300626,1.902266709059381,0.055980473423155624,368.6661431470765,0.6023454244703343,0.05269443383304087,0.6343055796637654,0.21417649074438389,0.00028553733953023454,0.002712481247562287,2.0345840416673657,28.75108889190585,0.9983661493314023,0.4627920599409457,2.3139602997047284,0.2799023671157781,0.04946762891077799,5.658293580534538,1.0803988297956577,0.0,0.0,0.0007159002125263214,0.0006596846505999565,0.014375853352248669,0.0015048878267407417,6.6515058279037476e-06,10905008,True,True,True,
42,dp_fisher_wiener_adaptive_beta_lr5p00,dp_fisher_wiener_adaptive_beta,6f5bfa6c60eeb2ad400161beec4006ab7b7da4908d9989b6db2c608560d2f56e,662,3,1.402740478515625,5.0,,,0.47265625,0.1561266715866412,1.8988549509164403,1.9056220450727104,0.08402795001238732,147.92084533649174,0.4944417726435976,0.08423140727744834,0.7387736798819067,0.23082723409271919,0.00029933460084735527,0.006760372398385695,5.213156301867292,28.87130126237468,0.9966573894874742,0.4804448293953419,2.4022241469767094,0.4201397500619366,0.0780633357933206,5.382036852343982,1.0407022188754291,0.0,0.0,0.0007472215220332146,0.0006319815292954445,0.014219658449292183,0.0015052296221256256,6.579793989658356e-06,10905008,True,True,True,
42,dp_fisher_wiener_adaptive_beta_lr5p00,dp_fisher_wiener_adaptive_beta,6f5bfa6c60eeb2ad400161beec4006ab7b7da4908d9989b6db2c608560d2f56e,663,3,1.702080488204956,5.0,,,0.43359375,0.08472505944724229,1.895633164149856,1.8977592662108032,0.052550262265532034,500.5930683007507,0.6816653354999204,0.04740247184366374,0.5667425644085783,0.17894454366171042,0.0003215185085326832,0.001997630537024585,1.111802509361987,27.45512481408566,0.9986382845095846,0.4230183727235856,2.115091863617928,0.26275131132766016,0.042362529723621145,6.202446195628134,1.181981758332598,0.0,0.0,0.0007271142676472664,0.0006318045780062675,0.01417127251625061,0.0015164995566010475,7.118098437786102e-06,10905008,True,True,True,
42,dp_fisher_wiener_adaptive_beta_lr5p00,dp_fisher_wiener_adaptive_beta,6f5bfa6c60eeb2ad400161beec4006ab7b7da4908d9989b6db2c608560d2f56e,664,3,1.1368904113769531,5.0,,,0.42578125,0.1017637430014708,1.8981252610712243,1.900932651966339,0.057872154753423166,347.90734122586565,0.6329580660414925,0.054333761384341914,0.6070531842191391,0.19273105570100504,0.0003506450750621767,0.0028743285392588097,1.5798664028566203,27.400839563896543,0.9981806705664472,0.43901145281302745,2.195057264065137,0.28936077376711583,0.0508818715007354,5.686912946141275,1.1389224513279574,0.0,0.0,0.000684717670083046,0.0006024334579706192,0.014083847403526306,0.0014390181750059128,6.441026926040649e-06,10905008,True,True,True,
42,dp_fisher_wiener_adaptive_beta_lr5p00,dp_fisher_wiener_adaptive_beta,6f5bfa6c60eeb2ad400161beec4006ab7b7da4908d9989b6db2c608560d2f56e,665,3,1.0244523286819458,5.0,,,0.484375,0.081454544176968,1.8959465780584661,1.8978220898366065,0.0482687198447106,541.7782383851583,0.7507376535559102,0.04447388456781038,0.5066102616236222,0.15750269840041226,0.0003525406383149346,0.0018457736560804556,0.8246264393036387,26.500788116722582,0.99861430821623,0.3968660963100933,1.9843304815504665,0.241343599223553,0.040727272088484,5.925847395162742,1.2598707842457337,0.0,0.0,0.0005646934732794762,0.0005431855097413063,0.014615240506827831,0.0013813069090247154,5.76116144657135e-06,10905008,True,True,True,
42,dp_fisher_wiener_adaptive_beta_lr5p00,dp_fisher_wiener_adaptive_beta,6f5bfa6c60eeb2ad400161beec4006ab7b7da4908d9989b6db2c608560d2f56e,666,3,1.1880595684051514,5.0,,,0.4296875,0.101348702021481,1.8979509447501277,1.9005870531253632,0.05415689596397668,350.6982384605173,0.6400690521707251,0.052654717466979126,0.603966687037457,0.1765893870947883,0.0003200501252783046,0.0028514542995486114,1.5733053260344527,27.417465971994517,0.998174872349002,0.42022540034461064,2.1011270017230532,0.2707844798198834,0.0506743510107405,5.343620084194994,1.1898376432951923,0.0,0.0,0.0007605133578181267,0.0007434235885739326,0.014451135881245136,0.0015755360946059227,6.847083568572998e-06,10905008,True,True,True,
42,dp_fisher_wiener_adaptive_beta_lr5p00,dp_fisher_wiener_adaptive_beta,6f5bfa6c60eeb2ad400161beec4006ab7b7da4908d9989b6db2c608560d2f56e,667,3,0.9114185571670532,5.0,,,0.484375,0.09696025671040273,1.8963121413142203,1.8987803752022143,0.05182505210652105,382.50061518654036,0.6027356915459545,0.05097184128959715,0.638872778264723,0.19946267333633153,0.00023607453740812632,0.0026143748799088,2.2089218422977854,29.268124874742036,0.9984242229486302,0.44661244198558947,2.2330622099279474,0.25912526053260526,0.048480128355201366,5.344978846357759,1.1195388954591947,0.0,0.0,0.0007149437442421913,0.0006014108657836914,0.014184582978487015,0.001442527398467064,6.8927183747291565e-06,10905008,True,True,True,
42,dp_fisher_wiener_adaptive_beta_lr5p00,dp_fisher_wiener_adaptive_beta,6f5bfa6c60eeb2ad400161beec4006ab7b7da4908d9989b6db2c608560d2f56e,668,3,1.3702094554901123,5.0,,,0.41796875,0.09270229131456288,1.8970701337396487,1.8993930801572654,0.05345459552593544,418.779907105949,0.6005293497097447,0.04944594575694101,0.6346992147864269,0.22549981530838853,0.0003021473565059698,0.0023878891582789414,1.7821389204364286,28.729273910335827,0.9985660024764329,0.474868208357212,2.37434104178606,0.2672729776296772,0.04635114565728144,5.766264756433787,1.05292371904339,0.0,0.0,0.0006869770586490631,0.0006274338811635971,0.014372719451785088,0.0014507556334137917,6.467103958129883e-06,10905008,True,True,True,
42,dp_fisher_wiener_adaptive_beta_lr5p00,dp_fisher_wiener_adaptive_beta,6f5bfa6c60eeb2ad400161beec4006ab7b7da4908d9989b6db2c608560d2f56e,669,3,0.6395121216773987,5.0,,,0.3984375,0.0837695954329646,1.8944538174823093,1.896407184535385,0.04941397951019338,511.4406096891504,0.6899751904390146,0.04539271520586325,0.5577263182847992,0.1843926049369978,0.00030730744080000196,0.001955261238377237,1.1732085362548772,27.781704232323104,0.9986509182545004,0.4294096004248133,2.1470480021240665,0.2470698975509669,0.0418847977164823,5.898796485003492,1.1643894302879756,0.0,0.0,0.0006850957870483398,0.000609041191637516,0.014337857253849506,0.0014537414535880089,6.959773600101471e-06,10905008,True,True,True,
42,dp_fisher_wiener_adaptive_beta_lr5p00,dp_fisher_wiener_adaptive_beta,6f5bfa6c60eeb2ad400161beec4006ab7b7da4908d9989b6db2c608560d2f56e,670,3,1.1285793781280518,5.0,,,0.42578125,0.08501856108760181,1.8963990266050055,1.8982775380742036,0.04911627135166908,497.544519272037,0.7335846960836878,0.04447798412622246,0.5194339893218987,0.15882129231067418,0.00033928384723528763,0.00200987039576777,0.9408352800066805,26.70345540925129,0.9985255898363491,0.39852389176895553,1.9926194588447776,0.2455813567583454,0.042509280543800904,5.777123338973593,1.2546299238907883,0.0,0.0,0.0006847698241472244,0.000598524697124958,0.014414659701287746,0.0014670845121145248,7.095746695995331e-06,10905008,True,True,True,
42,dp_fisher_wiener_adaptive_beta_lr5p00,dp_fisher_wiener_adaptive_beta,6f5bfa6c60eeb2ad400161beec4006ab7b7da4908d9989b6db2c608560d2f56e,671,3,1.203631043434143,5.0,,,0.41796875,0.08653182643293669,1.8954091749212263,1.897198635670097,0.050015830176215026,479.79334087621925,0.7127706323180142,0.043475203195682224,0.5374686631903101,0.17668288371480775,0.0003339644962686552,0.0020842306773994138,1.102655792057055,27.234941789693448,0.998514421581975,0.4203366314215402,2.101683157107701,0.25007915088107513,0.043265913216468346,5.780050212371508,1.1895227839359517,0.0,0.0,0.0006901705637574196,0.0006052684038877487,0.0145192202180624,0.0014603044837713242,6.59748911857605e-06,10905008,True,True,True,
42,dp_fisher_wiener_adaptive_beta_lr5p00,dp_fisher_wiener_adaptive_beta,6f5bfa6c60eeb2ad400161beec4006ab7b7da4908d9989b6db2c608560d2f56e,672,3,0.8368009924888611,5.0,,,0.3515625,0.063129871347755,1.897001851927078,1.8980450973882588,0.04163759094568373,902.9541555954668,0.8222987780238759,0.03315107880857087,0.46449032002783336,0.16785912576684617,0.00027504671941492226,0.0011074759372355287,0.6758849656031061,27.85538486872963,0.9990893238898919,0.40970614562982355,2.048530728149118,0.20818795472841864,0.0315649356738775,6.595545033665798,1.2203868683252268,0.0,0.0,0.0006890818476676941,0.0006085066124796867,0.0145295774564147,0.0014413883909583092,6.628222763538361e-06,10905008,True,True,True,
42,dp_fisher_wiener_adaptive_beta_lr5p00,dp_fisher_wiener_adaptive_beta,6f5bfa6c60eeb2ad400161beec4006ab7b7da4908d9989b6db2c608560d2f56e,673,3,1.0919890403747559,5.0,,,0.375,0.06674772891519912,1.8958820214660606,1.897194841232393,0.04230901588510436,806.7697936544595,0.8292971606866106,0.03725273939176528,0.4515847187139889,0.15694259464538823,0.00033288061814993334,0.0012395109579469074,0.584389883658043,26.734523184104,0.998972077081704,0.3961598094776756,1.9807990473883779,0.2115450794255218,0.03337386445759956,6.338645010317715,1.2621169236171947,0.0,0.0,0.00064080860465765,0.0006022369489073753,0.014683674089610577,0.0014410698786377907,6.536953151226044e-06,10905008,True,True,True,
42,dp_fisher_wiener_adaptive_beta_lr5p00,dp_fisher_wiener_adaptive_beta,6f5bfa6c60eeb2ad400161beec4006ab7b7da4908d9989b6db2c608560d2f56e,674,3,1.2471976280212402,5.0,,,0.39453125,0.07852507699627244,1.9010232079647076,1.9024289522314908,0.045612931011576506,586.081611902994,0.7891103433129634,0.03853334773762742,0.471964300393889,0.15096046512746464,0.0003133748463379218,0.0017062470132624885,0.8219416636938156,26.827990906939494,0.9986535828333694,0.38853631120844373,1.9426815560422186,0.22806465505788254,0.03926253849813622,5.808708855208127,1.286881008479207,0.0,0.0,0.000760156661272049,0.0006716102361679077,0.014172142371535301,0.001610572449862957,7.0426613092422485e-06,10905008,True,True,True,
42,dp_fisher_wiener_adaptive_beta_lr5p00,dp_fisher_wiener_adaptive_beta,6f5bfa6c60eeb2ad400161beec4006ab7b7da4908d9989b6db2c608560d2f56e,675,3,0.9018526077270508,5.0,,,0.36328125,0.06672769690094534,1.8974526592216134,1.898504095482777,0.04177672248916458,808.592348406434,0.7925137200455864,0.03332651205050593,0.47874214650101704,0.15438613522953235,0.0002821409902459805,0.001236717119257836,0.6767254063398432,27.381421086293678,0.9990198847149528,0.39292001123578874,1.9646000561789436,0.2088836124458229,0.03336384845047267,6.260776922951251,1.2725236325484088,0.0,0.0,0.0005573481321334839,0.0004976727068424225,0.01588694006204605,0.0011731069535017014,5.295500159263611e-06,10905008,True,True,True,
42,dp_fisher_wiener_adaptive_beta_lr5p00,dp_fisher_wiener_adaptive_beta,6f5bfa6c60eeb2ad400161beec4006ab7b7da4908d9989b6db2c608560d2f56e,676,3,0.8216699957847595,5.0,,,0.4375,0.08174258201850132,1.8984302364203078,1.8998930061150068,0.04327205591970148,539.3771957931197,0.7348447020533856,0.03940035944915073,0.5151292003764658,0.17366117322342348,0.0002850564736886903,0.001853990134639688,1.1294818093224273,27.84771821754397,0.9986376051716969,0.4167267368713261,2.0836336843566308,0.2163602795985074,0.04087129100925066,5.293698198675533,1.199827022745571,0.0,0.0,0.0007652323693037033,0.0006690183654427528,0.015223133377730846,0.0016344664618372917,8.971430361270905e-06,10905008,True,True,True,
42,dp_fisher_wiener_adaptive_beta_lr5p00,dp_fisher_wiener_adaptive_beta,6f5bfa6c60eeb2ad400161beec4006ab7b7da4908d9989b6db2c608560d2f56e,677,3,1.430867075920105,5.0,,,0.421875,0.10081641941692093,1.9000795903246857,1.9027817558023672,0.0556779057384361,355.20661736710434,0.6047205267079453,0.053275650178224415,0.6340029250245545,0.2109863226354677,0.00029405687813258727,0.002815262866760843,2.0199560125275386,28.558229599725543,0.9982975527562236,0.45933247504990077,2.296662375249504,0.2783895286921805,0.050408209708460466,5.522702160952428,1.0885361413747041,0.0,0.0,0.0007426692172884941,0.0006432859227061272,0.014320471324026585,0.0015514474362134933,7.181428372859955e-06,10905008,True,True,True,
42,dp_fisher_wiener_adaptive_beta_lr5p00,dp_fisher_wiener_adaptive_beta,6f5bfa6c60eeb2ad400161beec4006ab7b7da4908d9989b6db2c608560d2f56e,678,3,1.1648937463760376,5.0,,,0.3984375,0.07450352324439788,1.8942770569031782,1.8955252516379293,0.047473869454505824,646.4476732148042,0.6999539341429986,0.036400457859567574,0.554041436576624,0.20133309298847138,0.0003066013315320584,0.0015469156147573943,1.015798931883389,28.173411282481634,0.9989172303294682,0.44870156338982303,2.243507816949115,0.23736934727252912,0.03725176162219894,6.372030125005009,1.1143264048859478,0.0,0.0,0.0005592843517661095,0.0004883278161287308,0.016132951714098454,0.0011730501428246498,5.261041224002838e-06,10905008,True,True,True,
42,dp_fisher_wiener_adaptive_beta_lr5p00,dp_fisher_wiener_adaptive_beta,6f5bfa6c60eeb2ad400161beec4006ab7b7da4908d9989b6db2c608560d2f56e,679,3,0.8599691390991211,5.0,,,0.453125,0.07609237712163541,1.9011724303778144,1.902979339528348,0.046604163274533185,624.253106498848,0.7115726555028703,0.043727942716699164,0.5416972213026531,0.1699663488275281,0.00027987539319331283,0.0016019143347728916,0.9728312563928766,27.833982277654332,0.9988601215627206,0.4122697525013545,2.0613487625067726,0.23302081637266592,0.038046188560817706,6.124682265979208,1.2127981666497458,0.0,0.0,0.000752665102481842,0.0006664572283625603,0.014944689348340034,0.0016523497179150581,7.3481351137161255e-06,10905008,True,True,True,
42,dp_fisher_wiener_adaptive_beta_lr5p00,dp_fisher_wiener_adaptive_beta,6f5bfa6c60eeb2ad400161beec4006ab7b7da4908d9989b6db2c608560d2f56e,680,3,1.142892599105835,5.0,,,0.41796875,0.07245312369208548,1.9019900442369568,1.903314203269354,0.045325740093491926,689.1317358109713,0.7443765156875182,0.03730313301536041,0.5171004209687028,0.18838915694348052,0.00029305300535199276,0.0014511013610952422,0.9328406699741185,28.08109722428249,0.9989198342247128,0.4340381975627036,2.170190987813518,0.22662870046745964,0.03622656184604274,6.255871076707211,1.151972344384771,0.0,0.0,0.0006902413442730904,0.0006152847781777382,0.01454065926373005,0.001471872441470623,6.8265944719314575e-06,10905008,True,True,True,
42,dp_fisher_wiener_adaptive_beta_lr5p00,dp_fisher_wiener_adaptive_beta,6f5bfa6c60eeb2ad400161beec4006ab7b7da4908d9989b6db2c608560d2f56e,681,3,0.6592881083488464,5.0,,,0.38671875,0.08119201229967045,1.9016683825863943,1.903365586356736,0.04787385601178024,548.5837781257605,0.6839405818454183,0.04222279933350926,0.5628303830952051,0.1844343198160501,0.0002987440263123123,0.0018228756294335444,1.1253809179506966,27.905425079475176,0.9987532613811843,0.42945817004226394,2.14729085021132,0.2393692800589012,0.040596006149835225,5.896375105706708,1.164257743541425,0.0,0.0,0.0006816936656832695,0.0006044190376996994,0.014603625051677227,0.0014745034277439117,6.8694353103637695e-06,10905008,True,True,True,
42,dp_fisher_wiener_adaptive_beta_lr5p00,dp_fisher_wiener_adaptive_beta,6f5bfa6c60eeb2ad400161beec4006ab7b7da4908d9989b6db2c608560d2f56e,682,3,0.9135639071464539,5.0,,,0.41015625,0.07203688035849355,1.898812945844886,1.9003248690419177,0.046230352104768294,694.7916238320191,0.7448829007520512,0.0399336663204267,0.5196435379713854,0.17077228377086523,0.0003120821478782404,0.0014392804482755111,0.7875785610895782,27.3814845945251,0.9989279046044862,0.4132460329765614,2.066230164882807,0.23115176052384145,0.036018440179246776,6.417594969884611,1.2099329699485566,0.0,0.0,0.0007270313799381256,0.0006399853155016899,0.01468803733587265,0.0015338072553277016,7.0678070187568665e-06,10905008,True,True,True,
42,dp_fisher_wiener_adaptive_beta_lr5p00,dp_fisher_wiener_adaptive_beta,6f5bfa6c60eeb2ad400161beec4006ab7b7da4908d9989b6db2c608560d2f56e,683,3,0.8058484792709351,5.0,,,0.3828125,0.06206298465705932,1.8997970146751284,1.900611367175773,0.04187730902347933,937.0204884124666,0.8834428314143842,0.029445687697201635,0.4237474912035743,0.16874674842609164,0.0003286578988540322,0.0010672125232121024,0.5479516655297703,27.10491338092131,0.9990571787465279,0.410787960420083,2.0539398021004147,0.20938654511739666,0.03103149232852966,6.747549969362699,1.2171729655549526,0.0,0.0,0.0007568355649709702,0.0006374400109052658,0.014328613877296448,0.0015042098239064217,7.0445239543914795e-06,10905008,True,True,True,
42,dp_fisher_wiener_adaptive_beta_lr5p00,dp_fisher_wiener_adaptive_beta,6f5bfa6c60eeb2ad400161beec4006ab7b7da4908d9989b6db2c608560d2f56e,684,3,0.9898234009742737,5.0,,,0.4296875,0.06280452772414775,1.898484815758924,1.8995346803099573,0.044740688618563146,913.7604306391994,0.8445587863735471,0.03324331960458456,0.46528992334880587,0.15383043492311033,0.00034470775784515597,0.0010943787520397144,0.488381115517805,26.49591209721178,0.99907573280911,0.39221223199067917,1.9610611599533958,0.22370344309281573,0.03140226386207388,7.123799865775602,1.274820006150669,0.0,0.0,0.0007119877263903618,0.0006299298256635666,0.014287425205111504,0.0015097204595804214,6.780028343200684e-06,10905008,True,True,True,
42,dp_fisher_wiener_adaptive_beta_lr5p00,dp_fisher_wiener_adaptive_beta,6f5bfa6c60eeb2ad400161beec4006ab7b7da4908d9989b6db2c608560d2f56e,685,3,1.0270321369171143,5.0,,,0.3984375,0.07373051803323481,1.9021309410360734,1.9034662374758087,0.04432606227917878,665.5585233581578,0.7995672498709083,0.03747158142284488,0.46729171325688607,0.1416754252255484,0.0003247008503354996,0.0015024974735056316,0.6555787214515745,26.398110982618178,0.9987986522269501,0.37639796123989355,1.8819898061994678,0.2216303113958939,0.036865259016617406,6.0119016467503945,1.3283812652747116,0.0,0.0,0.0006523178890347481,0.0005830153822898865,0.014668146148324013,0.001381993293762207,6.3711777329444885e-06,10905008,True,True,True,
42,dp_fisher_wiener_adaptive_beta_lr5p00,dp_fisher_wiener_adaptive_beta,6f5bfa6c60eeb2ad400161beec4006ab7b7da4908d9989b6db2c608560d2f56e,686,3,1.2161741256713867,5.0,,,0.390625,0.08018707981003308,1.8981289107373063,1.8997624557500659,0.045588491161293376,560.3283703674031,0.7460803285191392,0.04146741673592901,0.5075771048432076,0.15798945318103783,0.0003083528095376662,0.001784667799684153,0.9144028555949225,27.0958018555934,0.9986684944615071,0.3974788713643001,1.9873943568215005,0.22794245580646688,0.04009353990501654,5.685266413012867,1.2579284988974386,0.0,0.0,0.0007762890309095383,0.0006647044792771339,0.014466898515820503,0.0015777265653014183,7.323920726776123e-06,10905008,True,True,True,
42,dp_fisher_wiener_adaptive_beta_lr5p00,dp_fisher_wiener_adaptive_beta,6f5bfa6c60eeb2ad400161beec4006ab7b7da4908d9989b6db2c608560d2f56e,687,3,1.2457327842712402,5.0,,,0.46484375,0.06997071773493889,1.9027490784939798,1.90415101328241,0.04104331151619148,739.4867264046896,0.7932099118991787,0.038401851509018405,0.4695572721552266,0.14692112261734383,0.0002813854039717141,0.001352289316479514,0.7060773640772751,27.17782671498872,0.998927350710194,0.38330291235176367,1.9165145617588184,0.2052165575809574,0.034985358867469445,5.865783979878189,1.3044513461453613,0.0,0.0,0.0007117446511983871,0.0006361985579133034,0.014152094721794128,0.0014956723898649216,6.574206054210663e-06,10905008,True,True,True,
42,dp_fisher_wiener_adaptive_beta_lr5p00,dp_fisher_wiener_adaptive_beta,6f5bfa6c60eeb2ad400161beec4006ab7b7da4908d9989b6db2c608560d2f56e,688,3,0.9484909176826477,5.0,,,0.45703125,0.08255019362393397,1.8955748389888896,1.8972118466087617,0.04301319549776271,527.285317419241,0.7519890462274261,0.04157755675342873,0.49851672958467164,0.15009544124663896,0.00027113894335415974,0.0018965064393361123,1.0498564576060279,27.431756020382025,0.9985738479313102,0.3874215291470506,1.937107645735253,0.21506597748881356,0.041275096811966984,5.210550527921438,1.290583930891792,0.0,0.0,0.0006912089884281158,0.0006073461845517159,0.014835582114756107,0.0014586132019758224,6.093643605709076e-06,10905008,True,True,True,
42,dp_fisher_wiener_adaptive_beta_lr5p00,dp_fisher_wiener_adaptive_beta,6f5bfa6c60eeb2ad400161beec4006ab7b7da4908d9989b6db2c608560d2f56e,689,3,0.9578169584274292,5.0,,,0.38671875,0.05547595364201678,1.8965308394678995,1.8972752609349273,0.03791484913083213,1168.719432054991,0.9741804480230376,0.028036081995808444,0.3606125003044501,0.12790313877398035,0.00029057053229500606,0.0008556373516580145,0.3766338657804915,26.436296325444356,0.9991664548211457,0.35763548310253046,1.7881774155126524,0.18957424565416064,0.02773797682100839,6.834465500877665,1.3980715662244763,0.0,0.0,0.0007258709520101547,0.0006411708891391754,0.014870141632854939,0.0015288209542632103,6.940215826034546e-06,10905008,True,True,True,
42,dp_fisher_wiener_adaptive_beta_lr5p00,dp_fisher_wiener_adaptive_beta,6f5bfa6c60eeb2ad400161beec4006ab7b7da4908d9989b6db2c608560d2f56e,690,3,0.7836275100708008,5.0,,,0.4453125,0.06715859029708493,1.8992448450223784,1.9005151387039485,0.04478029215938935,799.758325222567,0.8229197734423924,0.03657703696758772,0.4661788830169456,0.1727355136711904,0.0003314371421296384,0.0012503777306722178,0.6516609395981056,27.16980459660588,0.9989710394409297,0.41561462158012485,2.0780731079006243,0.22390146079694673,0.033579295148542465,6.6678427822806015,1.2030375594050262,0.0,0.0,0.000695536844432354,0.000608077272772789,0.014769946224987507,0.0014561237767338753,6.534159183502197e-06,10905008,True,True,True,
42,dp_fisher_wiener_adaptive_beta_lr5p00,dp_fisher_wiener_adaptive_beta,6f5bfa6c60eeb2ad400161beec4006ab7b7da4908d9989b6db2c608560d2f56e,691,3,0.8564536571502686,5.0,,,0.41796875,0.08979422301180223,1.8949881805485578,1.8968509805812004,0.05293064868665542,445.3651366321499,0.732753652257887,0.044404311472714224,0.521418134173479,0.16818435931197445,0.0003769163784234719,0.0022453486310978353,1.001900003126854,26.495405950981926,0.9983547125897667,0.4101028643059866,2.050514321529933,0.26465324343327706,0.044897111505901116,5.894660804461715,1.21920631021421,0.0,0.0,0.000688028521835804,0.0006117550656199455,0.014790046960115433,0.0014377729967236519,6.563030183315277e-06,10905008,True,True,True,
42,dp_fisher_wiener_adaptive_beta_lr5p00,dp_fisher_wiener_adaptive_beta,6f5bfa6c60eeb2ad400161beec4006ab7b7da4908d9989b6db2c608560d2f56e,692,3,1.1905596256256104,5.0,,,0.48046875,0.06698699950114687,1.9025419439383642,1.903579170086483,0.04232654119867736,806.6542563910859,0.8351569040212756,0.03307478602323797,0.4463733318045785,0.14145786721545706,0.0002881773583076135,0.0012396884933711248,0.6085269543195514,26.90967249286441,0.9989646655956946,0.3761088502221891,1.8805442511109454,0.2116327059933868,0.03349349975057343,6.3186202565602265,1.3294023783361968,0.0,0.0,0.0006677620112895966,0.0006059464067220688,0.014880815520882607,0.0014339713379740715,6.507150828838348e-06,10905008,True,True,True,
42,dp_fisher_wiener_adaptive_beta_lr5p00,dp_fisher_wiener_adaptive_beta,6f5bfa6c60eeb2ad400161beec4006ab7b7da4908d9989b6db2c608560d2f56e,693,3,1.0027713775634766,5.0,,,0.43359375,0.0849441527284099,1.9023349286676647,1.904283409210972,0.044668099932136426,501.54162912501226,0.7931546835713786,0.04523007919756386,0.4596024319130114,0.13007198757598779,0.00033978220095884555,0.0019938524377442596,0.7632664353924364,25.829831508715074,0.9984185666004337,0.36065494253647457,1.8032747126823727,0.22334049966068215,0.04247207636420495,5.258525571960329,1.3863666930006,0.0,0.0,0.0006360495463013649,0.000609932467341423,0.014850405976176262,0.0014460347592830658,6.647780537605286e-06,10905008,True,True,True,
42,dp_fisher_wiener_adaptive_beta_lr5p00,dp_fisher_wiener_adaptive_beta,6f5bfa6c60eeb2ad400161beec4006ab7b7da4908d9989b6db2c608560d2f56e,694,3,0.8372253179550171,5.0,,,0.37109375,0.09660489680833352,1.892407380588609,1.8946152580638607,0.0480427109804827,383.73462178366236,0.7446398113224472,0.048335993997905696,0.5053964358026198,0.13644663082651226,0.0003357336112488495,0.0026059676222187148,1.0591001017575412,26.08967994069021,0.9980594927612707,0.3693868308785686,1.846934154392843,0.24021355490241347,0.04830244840416676,4.973113430761796,1.3535945469669852,0.0,0.0,0.000755874440073967,0.0006699394434690475,0.014341960661113262,0.0015852218493819237,7.187016308307648e-06,10905008,True,True,True,
42,dp_fisher_wiener_adaptive_beta_lr5p00,dp_fisher_wiener_adaptive_beta,6f5bfa6c60eeb2ad400161beec4006ab7b7da4908d9989b6db2c608560d2f56e,695,3,0.7151832580566406,5.0,,,0.40234375,0.06644143267789286,1.9008712751023418,1.9020668216409562,0.04083030691077959,818.5165000998807,0.8353353915326384,0.035453924346124835,0.44124127962847315,0.1314294376003512,0.00027439825339563984,0.0012217224694324044,0.58517244533667,26.803113061531093,0.9989794519824213,0.3625319814862562,1.812659907431281,0.20415153455389795,0.03322071633894643,6.145308019996391,1.3791886661937882,0.0,0.0,0.000599350780248642,0.0005851462483406067,0.014697845093905926,0.0013822345063090324,6.216578185558319e-06,10905008,True,True,True,
42,dp_fisher_wiener_adaptive_beta_lr5p00,dp_fisher_wiener_adaptive_beta,6f5bfa6c60eeb2ad400161beec4006ab7b7da4908d9989b6db2c608560d2f56e,696,3,1.1032752990722656,5.0,,,0.3984375,0.06002290093452574,1.8980546346357547,1.898961551282088,0.045185025317971604,999.961906436605,0.933528183519998,0.030910040393460868,0.4205481412579179,0.16024246186730096,0.0003673970645798133,0.0010000380947367158,0.43617269062391323,26.396419258629557,0.9990664362537105,0.400302962601204,2.00151481300602,0.22592512658985803,0.03001145046726287,7.527964262466222,1.2490539584061702,0.0,0.0,0.0006480012089014053,0.0006099939346313477,0.014943234622478485,0.0014430247247219086,6.475485861301422e-06,10905008,True,True,True,
42,dp_fisher_wiener_adaptive_beta_lr5p00,dp_fisher_wiener_adaptive_beta,6f5bfa6c60eeb2ad400161beec4006ab7b7da4908d9989b6db2c608560d2f56e,697,3,0.8726661801338196,5.0,,,0.38671875,0.06279755450294432,1.8976707240449497,1.898634613870554,0.04188421276029718,913.1797075225167,0.8982856743063685,0.031882822146612054,0.4097368349703238,0.1604626518621208,0.0003260472767168157,0.001095074706006304,0.5389359266460744,26.92093387423807,0.9990163100790498,0.40057789737093685,2.0028894868546843,0.20942106380148592,0.03139877725147216,6.669720356228118,1.2481966760531216,0.0,0.0,0.0007473928853869438,0.0006326967850327492,0.014420914463698864,0.0015089558437466621,6.75395131111145e-06,10905008,True,True,True,
42,dp_fisher_wiener_adaptive_beta_lr5p00,dp_fisher_wiener_adaptive_beta,6f5bfa6c60eeb2ad400161beec4006ab7b7da4908d9989b6db2c608560d2f56e,698,3,1.1590505838394165,5.0,,,0.38671875,0.05917386167219143,1.8978947297856001,1.898833851377339,0.03974776786747194,1028.689756421712,0.960557637977503,0.03144825532654728,0.36521538444634505,0.15189604207100385,0.0003465803918982783,0.0009721103894264732,0.4260475317865385,26.41742468537569,0.9990662319402125,0.38973842775764855,1.9486921387882428,0.1987388393373597,0.029586930836095714,6.717115757345926,1.2829117284519673,0.0,0.0,0.0006586359813809395,0.0005799522623419762,0.014336551539599895,0.0014027366414666176,6.108544766902924e-06,10905008,True,True,True,
42,dp_fisher_wiener_adaptive_beta_lr5p00,dp_fisher_wiener_adaptive_beta,6f5bfa6c60eeb2ad400161beec4006ab7b7da4908d9989b6db2c608560d2f56e,699,3,0.9208812713623047,5.0,1.0535259671211243,0.8128,0.421875,0.07478044918006588,1.893265879759211,1.8948198224253883,0.04273029421997112,640.9838351541206,0.7954805802724736,0.04050441052536613,0.4646653027363726,0.15199173145490583,0.00031834825225200074,0.0015601017451250605,0.744852731700493,26.78917491922208,0.9987589693582819,0.38986116946280486,1.9493058473140243,0.2136514710998556,0.03739022459003294,5.714099699499914,1.2825078237149765,0.0,0.0,0.0006857197731733322,0.0006063571199774742,0.01470794528722763,0.001474534161388874,6.604939699172974e-06,10905008,True,True,True,
42,dp_fisher_wiener_adaptive_beta_lr5p00,dp_fisher_wiener_adaptive_beta,6f5bfa6c60eeb2ad400161beec4006ab7b7da4908d9989b6db2c608560d2f56e,700,3,1.1048344373703003,5.0,,,0.3828125,0.06737025372270702,1.890845487700715,1.8921418924673523,0.05311917194422006,787.7269736331638,0.7884186237443217,0.03703903571905846,0.5284058818841589,0.21800581069850092,0.00039787738362817484,0.001269475380749225,0.6955736133699935,27.387188154015636,0.9989991219672119,0.46691092373010606,2.33455461865053,0.26559585972110034,0.03368512686135351,7.884662593268431,1.0708680705186284,0.14585303235799074,0.004751916043460369,0.0006992677226662636,0.0006116777658462524,0.014751232229173183,0.001479526050388813,6.691552698612213e-06,10905008,True,True,True,
42,dp_fisher_wiener_adaptive_beta_lr5p00,dp_fisher_wiener_adaptive_beta,6f5bfa6c60eeb2ad400161beec4006ab7b7da4908d9989b6db2c608560d2f56e,701,3,1.3549320697784424,5.0,,,0.4609375,0.10440453174075662,1.9005898506268522,1.9032782137044546,0.0644325938089878,331.38901768333193,0.5998030982865259,0.05315885495480445,0.6328050093277177,0.2368307440994929,0.0004195782673096334,0.0030176015092436186,1.7032836686380564,27.516250939399715,0.9981900332651955,0.4866525907662394,2.433262953831197,0.322162969044939,0.05220226587037831,6.171436501218541,1.0274269766276545,0.0,0.0,0.0007012141868472099,0.0006121285259723663,0.014746664091944695,0.0014545377343893051,6.289221346378326e-06,10905008,True,True,True,
42,dp_fisher_wiener_adaptive_beta_lr5p00,dp_fisher_wiener_adaptive_beta,6f5bfa6c60eeb2ad400161beec4006ab7b7da4908d9989b6db2c608560d2f56e,702,4,1.8046340942382812,5.0,,,0.51953125,0.18041434594001043,1.9048874883878302,1.9127634586655784,0.09481199127683737,111.47988759808261,0.4757283280379542,0.09072567642755894,0.7615706886952647,0.2562661580605599,0.0003869985460105319,0.008970227917472364,5.9399857375931635,28.209819243249143,0.9957326084705704,0.5062273778259725,2.5311368891298622,0.47405995638418685,0.09020717297000522,5.255235706550312,0.9876984570575695,0.0,0.0,0.0007482543587684631,0.0007462296634912491,0.015410064719617367,0.0017590010538697243,7.844530045986176e-06,10905008,True,True,True,
42,dp_fisher_wiener_adaptive_beta_lr5p00,dp_fisher_wiener_adaptive_beta,6f5bfa6c60eeb2ad400161beec4006ab7b7da4908d9989b6db2c608560d2f56e,703,4,2.4750547409057617,5.0,,,0.5,0.11853841936764592,1.8988144773726983,1.9025546257130885,0.06566306406192522,256.5941818687704,0.5780891739087137,0.06267362523585962,0.6577973596722382,0.2054660824641545,0.0003475447567896659,0.0038972044987363886,2.3040006350020032,27.717293991294408,0.9977470682706118,0.453283666663773,2.266418333318865,0.3283153203096261,0.05926920968382296,5.539390892092453,1.1030620266531161,0.0,0.0,0.0006893528625369072,0.0006087925285100937,0.014450176618993282,0.0014712652191519737,6.511807441711426e-06,10905008,True,True,True,
42,dp_fisher_wiener_adaptive_beta_lr5p00,dp_fisher_wiener_adaptive_beta,6f5bfa6c60eeb2ad400161beec4006ab7b7da4908d9989b6db2c608560d2f56e,704,4,1.5767219066619873,5.0,,,0.40625,0.13646590522450194,1.9005549809194973,1.9060646619350328,0.07543243494386791,193.9601694157233,0.544679297580591,0.07611351162697343,0.6882419413858826,0.20229997330390892,0.0003465022666972029,0.005155697703081927,3.010074124076705,27.662897450918575,0.9971917981963967,0.4497776932039971,2.2488884660199853,0.37716217471933955,0.06823295261225097,5.527566377745962,1.1116602880795,0.0,0.0,0.0006882846355438232,0.0006058122962713242,0.014515710063278675,0.0014562997967004776,6.209127604961395e-06,10905008,True,True,True,
42,dp_fisher_wiener_adaptive_beta_lr5p00,dp_fisher_wiener_adaptive_beta,6f5bfa6c60eeb2ad400161beec4006ab7b7da4908d9989b6db2c608560d2f56e,705,4,1.7034225463867188,5.0,,,0.390625,0.10197590700996505,1.8963675077457864,1.8992016252087505,0.056783159516970286,345.81980173865435,0.6783095488704758,0.05461833944325874,0.5672737795476456,0.18357172500405763,0.0004212726461237801,0.002891679408975219,1.2600641932231773,26.392425279215686,0.9980385462444313,0.4284527103474287,2.142263551737144,0.2839157975848514,0.050987953504982524,5.5682916858300455,1.1669899335994098,0.0,0.0,0.0007463926449418068,0.0006413683295249939,0.014615321531891823,0.001564783975481987,7.982365787029266e-06,10905008,True,True,True,
42,dp_fisher_wiener_adaptive_beta_lr5p00,dp_fisher_wiener_adaptive_beta,6f5bfa6c60eeb2ad400161beec4006ab7b7da4908d9989b6db2c608560d2f56e,706,4,0.9512470364570618,5.0,,,0.359375,0.08231320915735213,1.9019646737411713,1.9037978531943927,0.048996931832146144,533.9072578809551,0.7339134349657712,0.04387821758254562,0.5211332354196699,0.1750058330019048,0.00035163723845738185,0.0018729844651692324,0.932162952238035,26.969576628825585,0.9986253915373272,0.4183369849796989,2.0916849248984946,0.24498465916073073,0.041156604578676065,5.952499280800947,1.195208690484464,0.0,0.0,0.0006911223754286766,0.0006364453583955765,0.014215887524187565,0.0014522382989525795,7.099471986293793e-06,10905008,True,True,True,
42,dp_fisher_wiener_adaptive_beta_lr5p00,dp_fisher_wiener_adaptive_beta,6f5bfa6c60eeb2ad400161beec4006ab7b7da4908d9989b6db2c608560d2f56e,707,4,1.406618356704712,5.0,,,0.4375,0.0886364490399543,1.8975684484053033,1.8999258017839977,0.056517344912028936,458.3214709524778,0.6704109909319691,0.0499055488548589,0.5772635720587896,0.19811386247110405,0.0003757985593765264,0.0021818746518557173,1.1502428725635716,27.21959753795818,0.9985372472523739,0.4450998342744064,2.2254991713720322,0.28258672456014466,0.04431822451997715,6.376309692334084,1.1233434872290338,0.0,0.0,0.0006838012486696243,0.0006368579342961311,0.014248610474169254,0.0014435797929763794,6.835907697677612e-06,10905008,True,True,True,
42,dp_fisher_wiener_adaptive_beta_lr5p00,dp_fisher_wiener_adaptive_beta,6f5bfa6c60eeb2ad400161beec4006ab7b7da4908d9989b6db2c608560d2f56e,708,4,1.2196900844573975,5.0,,,0.41015625,0.070341879658721,1.8941049320769157,1.895198093342942,0.04909584476482714,725.0703253443223,0.791485014795485,0.03409412964526858,0.49835470276900284,0.19241101011476944,0.000365558977571947,0.0013791765637667453,0.7259259706186222,27.21272465008034,0.9989084024168009,0.4386467942602219,2.1932339713011095,0.2454792238241357,0.0351709398293605,6.979603758334357,1.1398692673500794,0.0,0.0,0.0006886254996061325,0.0006083725020289421,0.014355276711285114,0.0014710072427988052,6.747432053089142e-06,10905008,True,True,True,
42,dp_fisher_wiener_adaptive_beta_lr5p00,dp_fisher_wiener_adaptive_beta,6f5bfa6c60eeb2ad400161beec4006ab7b7da4908d9989b6db2c608560d2f56e,709,4,1.139454960823059,5.0,,,0.421875,0.08011588454491854,1.898346655243493,1.900065862305074,0.051484978053549964,561.4534809445137,0.7815919988979154,0.0425316921792204,0.4912482477313008,0.17490436108143886,0.0003809841414500267,0.0017810914595482762,0.817673571387742,26.61893739413256,0.9986079131656947,0.4182156872732524,2.0910784363662622,0.25742489026774984,0.04005794227245927,6.426313376518816,1.1955553443219267,0.0,0.0,0.0007027210667729378,0.0006108805537223816,0.014403507113456726,0.0014723408967256546,6.8284571170806885e-06,10905008,True,True,True,
42,dp_fisher_wiener_adaptive_beta_lr5p00,dp_fisher_wiener_adaptive_beta,6f5bfa6c60eeb2ad400161beec4006ab7b7da4908d9989b6db2c608560d2f56e,710,4,1.0938036441802979,5.0,,,0.34375,0.07898544523039815,1.903264657030941,1.9050875649144656,0.05558624675729597,580.6363553281255,0.7367197127865048,0.04379812873263466,0.5389309768175418,0.196019315453695,0.00040813274853854746,0.0017222483412605476,0.8271669988007228,26.814974238004623,0.9987311856964761,0.4427406864674795,2.2137034323373976,0.2779312337864798,0.03949272261519907,7.0375303441976005,1.1293292332996305,0.0,0.0,0.0006857449188828468,0.0006107492372393608,0.01458105631172657,0.0014850087463855743,6.909482181072235e-06,10905008,True,True,True,
42,dp_fisher_wiener_adaptive_beta_lr5p00,dp_fisher_wiener_adaptive_beta,6f5bfa6c60eeb2ad400161beec4006ab7b7da4908d9989b6db2c608560d2f56e,711,4,1.5636988878250122,5.0,,,0.42578125,0.09353000832083287,1.8993251339806343,1.9016010221265502,0.0568176268277249,412.3791362860016,0.6437707760624742,0.04891111615657481,0.596942432819703,0.2049031154959891,0.00036580032660810867,0.0024249529423134267,1.3583378043939511,27.483044724180104,0.9984388861622334,0.4526622532263863,2.2633112661319315,0.2840881341386245,0.046765004160416436,6.074801857347251,1.1045763070260566,0.0,0.0,0.0007177628576755524,0.0006641587242484093,0.014509747736155987,0.0015329904854297638,8.02893191576004e-06,10905008,True,True,True,
42,dp_fisher_wiener_adaptive_beta_lr5p00,dp_fisher_wiener_adaptive_beta,6f5bfa6c60eeb2ad400161beec4006ab7b7da4908d9989b6db2c608560d2f56e,712,4,1.2218822240829468,5.0,,,0.4765625,0.1177173086276896,1.8995129802501185,1.903163601911518,0.064467550674323,260.377757736077,0.6069725412057897,0.061908767529819886,0.6326563158617694,0.1953904535812078,0.00040464372976529306,0.0038405738209834907,1.8544991686131351,26.838305256041068,0.997668877148021,0.4420299238526819,2.21014961926341,0.32233775337161497,0.0588586543138448,5.476471678189861,1.1311451397700103,0.0,0.0,0.0006886608898639679,0.0005824733525514603,0.01451101340353489,0.0013897689059376717,7.135793566703796e-06,10905008,True,True,True,
42,dp_fisher_wiener_adaptive_beta_lr5p00,dp_fisher_wiener_adaptive_beta,6f5bfa6c60eeb2ad400161beec4006ab7b7da4908d9989b6db2c608560d2f56e,713,4,1.33331298828125,5.0,,,0.4453125,0.11917811760653883,1.8969910854006171,1.9007007252918477,0.06437555837721638,253.3597004306783,0.5650814959379032,0.06244757887360964,0.672662404085612,0.2112544681857389,0.00032040188178618183,0.003946957618869329,2.602395552151785,28.191108447867094,0.9977696472841688,0.45962426849083904,2.2981213424541953,0.3218777918860819,0.05958905880326942,5.401625706882622,1.087845081898407,0.0,0.0,0.0005646161735057831,0.0004887059330940247,0.015532175078988075,0.0013867644593119621,5.5050477385520935e-06,10905008,True,True,True,
42,dp_fisher_wiener_adaptive_beta_lr5p00,dp_fisher_wiener_adaptive_beta,6f5bfa6c60eeb2ad400161beec4006ab7b7da4908d9989b6db2c608560d2f56e,714,4,1.405643343925476,5.0,,,0.40625,0.11843007435035457,1.897924460215384,1.9013363527309828,0.05888480823277585,256.8229570073951,0.6099233545070373,0.059927397419234266,0.6408700209739346,0.19490463643347156,0.0003325894207110565,0.003893732910721178,2.2818121969463165,27.67913739195658,0.9976251213613692,0.44148005213539554,2.2074002606769776,0.29442404116387927,0.05921503717517729,4.972116124623976,1.1325540023392149,0.0,0.0,0.0007877582684159279,0.0006717965006828308,0.014211821369826794,0.0015828711912035942,6.881542503833771e-06,10905008,True,True,True,
42,dp_fisher_wiener_adaptive_beta_lr5p00,dp_fisher_wiener_adaptive_beta,6f5bfa6c60eeb2ad400161beec4006ab7b7da4908d9989b6db2c608560d2f56e,715,4,1.197702407836914,5.0,,,0.4296875,0.1259698784098627,1.8977843696157786,1.9021225556948527,0.06386207147750271,226.96574217725194,0.6069053790708412,0.06751198559100591,0.6411770639245236,0.1873589559434492,0.00034779286469901994,0.004405951269754802,2.373523188712789,27.313537894198852,0.9973260044742933,0.432849807604727,2.164249038023635,0.31931035738751357,0.06298493920493135,5.069630318186348,1.1551350866151675,0.0,0.0,0.0006941994652152061,0.000606101006269455,0.014135475270450115,0.0014421269297599792,6.250105798244476e-06,10905008,True,True,True,
42,dp_fisher_wiener_adaptive_beta_lr5p00,dp_fisher_wiener_adaptive_beta,6f5bfa6c60eeb2ad400161beec4006ab7b7da4908d9989b6db2c608560d2f56e,716,4,1.3099133968353271,5.0,,,0.44140625,0.10120080118906047,1.8945856482592103,1.8973204397125691,0.05473466307161163,350.47785704858495,0.6888218594196656,0.05367334279559928,0.5581000198878463,0.1645750146036406,0.0003669854801606988,0.002853247301621841,1.2795416750983417,26.51715020201017,0.9980346208881208,0.4056784620899175,2.0283923104495876,0.27367331535805817,0.050600400594530234,5.40852072586621,1.2325031933490813,0.0,0.0,0.0007022609934210777,0.0006044814363121986,0.014143388718366623,0.001465613953769207,7.034279406070709e-06,10905008,True,True,True,
42,dp_fisher_wiener_adaptive_beta_lr5p00,dp_fisher_wiener_adaptive_beta,6f5bfa6c60eeb2ad400161beec4006ab7b7da4908d9989b6db2c608560d2f56e,717,4,1.0562942028045654,5.0,,,0.37890625,0.08961809925276336,1.8936490942579673,1.8956181936166114,0.05461926518114082,446.485697840147,0.6982396068193527,0.04559893017546205,0.5522943865758628,0.1984390073078553,0.00039817927915708164,0.00223971339891213,1.1161969658972557,26.97548389327377,0.9984361433967608,0.44546493387005814,2.2273246693502906,0.2730963259057041,0.04480904962638168,6.0946690049597,1.1224228036425585,0.0,0.0,0.0006938120350241661,0.0005386518314480782,0.015171771869063377,0.0013006869703531265,6.172806024551392e-06,10905008,True,True,True,
42,dp_fisher_wiener_adaptive_beta_lr5p00,dp_fisher_wiener_adaptive_beta,6f5bfa6c60eeb2ad400161beec4006ab7b7da4908d9989b6db2c608560d2f56e,718,4,1.2080508470535278,5.0,,,0.38671875,0.08399289505283888,1.9023645189349776,1.9041176502427077,0.054700506468473,512.982291400629,0.7449142529965717,0.04291836248922889,0.5214685006962461,0.20562800727257477,0.00045003320658525576,0.0019493850306754469,0.890707959345973,26.598377061615217,0.9985478753058659,0.4534622445943816,2.267311222971908,0.273502532342365,0.04199644752641944,6.512515901822302,1.102627629883814,0.0,0.0,0.0005556568503379822,0.00054120272397995,0.015375109389424324,0.001544271595776081,5.616806447505951e-06,10905008,True,True,True,
42,dp_fisher_wiener_adaptive_beta_lr5p00,dp_fisher_wiener_adaptive_beta,6f5bfa6c60eeb2ad400161beec4006ab7b7da4908d9989b6db2c608560d2f56e,719,4,1.015730381011963,5.0,,,0.4453125,0.08349288606144051,1.8960154715532256,1.8975678031290637,0.04870180608472304,515.6853655957253,0.7221987143878955,0.040584750818986104,0.5297794407550508,0.21633612548716974,0.00037630585352472546,0.0019391669156658359,1.1148161874940226,27.595880729559717,0.9985995361463217,0.46511947442261514,2.3255973721130756,0.2435090304236152,0.041746443030720254,5.833048584249188,1.074992614789156,0.0,0.0,0.0007578004151582718,0.0006741313263773918,0.013962389901280403,0.0016165431588888168,7.5874850153923035e-06,10905008,True,True,True,
42,dp_fisher_wiener_adaptive_beta_lr5p00,dp_fisher_wiener_adaptive_beta,6f5bfa6c60eeb2ad400161beec4006ab7b7da4908d9989b6db2c608560d2f56e,720,4,0.7388099431991577,5.0,,,0.3515625,0.10028161986242969,1.8937785791359338,1.8965166964783493,0.05855593363470611,356.6282303707683,0.639264810461402,0.05372293861426197,0.6008510823891471,0.19649984669935455,0.0003473371587582554,0.002804040495786418,1.5863362536364027,27.526109680274523,0.9982074755837568,0.4432830322709798,2.2164151613548992,0.29277966817353057,0.05014080993121484,5.839149159523714,1.127947526972386,0.0,0.0,0.0005559492856264114,0.0004842188209295273,0.01578604895621538,0.0011770594865083694,5.3998082876205444e-06,10905008,True,True,True,
42,dp_fisher_wiener_adaptive_beta_lr5p00,dp_fisher_wiener_adaptive_beta,6f5bfa6c60eeb2ad400161beec4006ab7b7da4908d9989b6db2c608560d2f56e,721,4,1.6448993682861328,5.0,,,0.42578125,0.1261722490933196,1.8904167218074972,1.8948606984170646,0.07081652842096359,224.48504349068324,0.5430776066045282,0.0684734820113667,0.6876786097196885,0.24155185080526698,0.00039219164823718855,0.0044546397585655045,2.743624150306559,27.895120279994835,0.9975807849014809,0.49147924758352407,2.4573962379176204,0.35408264210481794,0.0630861245466598,5.61268653992715,1.0173369525923077,0.0,0.0,0.0006176959723234177,0.0006476948037743568,0.015135794878005981,0.0015908516943454742,5.5031850934028625e-06,10905008,True,True,True,
42,dp_fisher_wiener_adaptive_beta_lr5p00,dp_fisher_wiener_adaptive_beta,6f5bfa6c60eeb2ad400161beec4006ab7b7da4908d9989b6db2c608560d2f56e,722,4,1.1972211599349976,5.0,,,0.40234375,0.09612281615051246,1.8964245414086789,1.8986371315720723,0.05245362534178463,389.24062531190236,0.6872225702885568,0.04831858907954771,0.5594338371115924,0.19439767274402198,0.00040971955924273465,0.002569104905455802,1.2189508728703282,26.762043641429823,0.9982344531233407,0.44090551453119975,2.2045275726559987,0.2622681267089232,0.04806140807525623,5.456938055014902,1.1340298170924432,0.0,0.0,0.0006190622225403786,0.0006091594696044922,0.014686490409076214,0.0014401888474822044,6.316229701042175e-06,10905008,True,True,True,
42,dp_fisher_wiener_adaptive_beta_lr5p00,dp_fisher_wiener_adaptive_beta,6f5bfa6c60eeb2ad400161beec4006ab7b7da4908d9989b6db2c608560d2f56e,723,4,1.640575647354126,5.0,,,0.47265625,0.13103931927019588,1.900416980275881,1.9051181528305299,0.06811461259848324,210.32676773216863,0.6306368193887762,0.07022316954757234,0.615193031373494,0.1668434592617911,0.0003976231254309714,0.004754506574336237,1.9950004733230877,26.22837550710748,0.997001633096023,0.40846475889823236,2.042323794491162,0.3405730629924162,0.06551965963509794,5.1980285746902455,1.2240958102418555,0.0,0.0,0.0007541747763752937,0.0006656181067228317,0.014181637205183506,0.0015937546268105507,7.329508662223816e-06,10905008,True,True,True,
42,dp_fisher_wiener_adaptive_beta_lr5p00,dp_fisher_wiener_adaptive_beta,6f5bfa6c60eeb2ad400161beec4006ab7b7da4908d9989b6db2c608560d2f56e,724,4,1.1151928901672363,5.0,,,0.43359375,0.11966528275652995,1.8963669799654106,1.8998387086738269,0.0609441302117964,251.13568422620168,0.6376188130211454,0.060479025424670735,0.6104162970459702,0.18690173421410686,0.00039826241596390945,0.003981911224647683,1.8686827656191833,26.714440067650557,0.9974610584912073,0.43232133212936286,2.1616066606468145,0.304720651058982,0.059832641378264974,5.092883149306911,1.1565471394532743,0.0,0.0,0.0005589788779616356,0.0005764337256550789,0.014669026248157024,0.001397920772433281,5.739741027355194e-06,10905008,True,True,True,
42,dp_fisher_wiener_adaptive_beta_lr5p00,dp_fisher_wiener_adaptive_beta,6f5bfa6c60eeb2ad400161beec4006ab7b7da4908d9989b6db2c608560d2f56e,725,4,0.9740104675292969,5.0,,,0.42578125,0.11137458597330735,1.8950929602412823,1.8982777443135943,0.056959616538442163,289.5268407487239,0.6753963554354641,0.05790695495474361,0.5730647897953255,0.16926247138216285,0.0003440624408417117,0.0034539112067574753,1.6991611898529895,26.919234112488596,0.9976672409587702,0.4114152055796709,2.057076027898354,0.2847980826922108,0.055687292986653675,5.1142382294530435,1.2153172591039767,0.0,0.0,0.0007549859583377838,0.0006974805146455765,0.01459637563675642,0.0015708217397332191,7.1767717599868774e-06,10905008,True,True,True,
42,dp_fisher_wiener_adaptive_beta_lr5p00,dp_fisher_wiener_adaptive_beta,6f5bfa6c60eeb2ad400161beec4006ab7b7da4908d9989b6db2c608560d2f56e,726,4,1.1143321990966797,5.0,,,0.359375,0.06906265433466513,1.8940595255204866,1.8952577238536539,0.04704694997744471,752.1435151784839,0.8334359453812152,0.03556381342177494,0.4628646421461663,0.1650881430478729,0.0003422812561546591,0.0013295334994050461,0.6412568975287729,26.83332764759644,0.998891918990775,0.4063104023377606,2.0315520116888033,0.23523474988722357,0.034531327167332565,6.812212827514747,1.23058626390551,0.0,0.0,0.0007238052785396576,0.0006190389394760132,0.01429721899330616,0.0014328043907880783,6.814487278461456e-06,10905008,True,True,True,
42,dp_fisher_wiener_adaptive_beta_lr5p00,dp_fisher_wiener_adaptive_beta,6f5bfa6c60eeb2ad400161beec4006ab7b7da4908d9989b6db2c608560d2f56e,727,4,0.9263761043548584,5.0,,,0.41015625,0.06679018830673919,1.8973183245291796,1.8984632958898013,0.04321242044978949,806.9656833314032,0.8072773531773242,0.034728230810798455,0.4724322263213156,0.1777666164335465,0.00032115275492072414,0.0012392100685710019,0.6859358278071226,27.431385537705225,0.9989996137755891,0.42162378542196416,2.1081189271098206,0.21606210224894745,0.033395094153369595,6.4698755227398195,1.1858913497928265,0.0,0.0,0.000693335197865963,0.0006353072822093964,0.014396268874406815,0.0014476198703050613,6.41215592622757e-06,10905008,True,True,True,
42,dp_fisher_wiener_adaptive_beta_lr5p00,dp_fisher_wiener_adaptive_beta,6f5bfa6c60eeb2ad400161beec4006ab7b7da4908d9989b6db2c608560d2f56e,728,4,0.8060161471366882,5.0,,,0.390625,0.08651014420745026,1.899560644086021,1.9015537053047618,0.05613613836124629,482.13899049889324,0.7462205093379618,0.04577362088996309,0.5199952410091707,0.19306893022560043,0.0004367637271574415,0.0020740907073940537,0.9168400418070816,26.454658263632254,0.9984522709757084,0.4393960971897684,2.196980485948842,0.28068069180623145,0.04325507210372513,6.488965990547274,1.137925446303907,0.0,0.0,0.0006837751716375351,0.000601673498749733,0.014510750770568848,0.0014648037031292915,6.448477506637573e-06,10905008,True,True,True,
42,dp_fisher_wiener_adaptive_beta_lr5p00,dp_fisher_wiener_adaptive_beta,6f5bfa6c60eeb2ad400161beec4006ab7b7da4908d9989b6db2c608560d2f56e,729,4,1.4624462127685547,5.0,,,0.41015625,0.11526440857188547,1.893481540875586,1.8970611196210476,0.06187861337732974,269.8557639690928,0.6606411433086192,0.06140579956769828,0.5844907102562737,0.1687115365381839,0.00036829727798679294,0.003705683307320371,1.6975187209988696,26.60946271278413,0.9975518731429279,0.41074509922600894,2.0537254961300446,0.3093930668866487,0.057632204285942734,5.368405923643379,1.2172999773849087,0.0,0.0,0.0006065620109438896,0.000583588145673275,0.014697566628456116,0.0013910606503486633,6.84056431055069e-06,10905008,True,True,True,
42,dp_fisher_wiener_adaptive_beta_lr5p00,dp_fisher_wiener_adaptive_beta,6f5bfa6c60eeb2ad400161beec4006ab7b7da4908d9989b6db2c608560d2f56e,730,4,1.0242950916290283,5.0,,,0.41796875,0.09853045471213902,1.8987438214911465,1.9017924790223184,0.05861840555045129,371.35713557583574,0.6549436424310053,0.05682109953618813,0.5874624024920176,0.17479635292944098,0.000342433114954688,0.002692825595894615,1.3745635931470188,27.079566100745446,0.9982363509956117,0.41808653760847286,2.0904326880423643,0.29309202775225646,0.04926522735606951,5.949267738641585,1.1959246591839345,0.0,0.0,0.0006885044276714325,0.0006080213934183121,0.014534367248415947,0.0014811065047979355,6.4373016357421875e-06,10905008,True,True,True,
42,dp_fisher_wiener_adaptive_beta_lr5p00,dp_fisher_wiener_adaptive_beta,6f5bfa6c60eeb2ad400161beec4006ab7b7da4908d9989b6db2c608560d2f56e,731,4,1.5026006698608398,5.0,,,0.4375,0.08568275684206889,1.899445734067233,1.9012447426737198,0.047562634866957616,491.4359442003861,0.8008240877902869,0.043519555035424685,0.4569557151039185,0.15350785862121819,0.0004194154677265123,0.0020348531922926567,0.7447649884891727,25.634861701652994,0.9983704405482731,0.39180078945966684,1.9590039472983343,0.23781317433478807,0.04284137842103444,5.551015935856876,1.2761587353825263,0.0,0.0,0.0006881058216094971,0.0006065666675567627,0.014627298340201378,0.0014814697206020355,6.599351763725281e-06,10905008,True,True,True,
42,dp_fisher_wiener_adaptive_beta_lr5p00,dp_fisher_wiener_adaptive_beta,6f5bfa6c60eeb2ad400161beec4006ab7b7da4908d9989b6db2c608560d2f56e,732,4,0.9079107046127319,5.0,,,0.375,0.07172330885293389,1.8986535543182468,1.9003799516359698,0.049908924680281526,700.7624451750512,0.8221206349199943,0.04293008883538289,0.4757405939242714,0.16496691727962035,0.000398977919371003,0.001427017110706509,0.5900341901419984,26.164479971396098,0.9988268197866762,0.406161196176617,2.030805980883085,0.24954462340140762,0.035861654426466945,6.958536280196763,1.2310383283915352,0.0,0.0,0.0006903717294335365,0.000619218684732914,0.014748839661478996,0.0014481311663985252,6.64684921503067e-06,10905008,True,True,True,
42,dp_fisher_wiener_adaptive_beta_lr5p00,dp_fisher_wiener_adaptive_beta,6f5bfa6c60eeb2ad400161beec4006ab7b7da4908d9989b6db2c608560d2f56e,733,4,0.8531559705734253,5.0,,,0.42578125,0.09630093054200616,1.8970527769597507,1.8994030734076137,0.05119921719777616,388.0590885579695,0.728818844437224,0.04974096494892895,0.5208624691468428,0.16678401872639742,0.0003743583212541528,0.002576927146862865,1.1480718895373025,26.48866942589802,0.9981218869344219,0.4083919915061967,2.0419599575309837,0.2559960859888808,0.04815046527100308,5.316585925862877,1.2243139199540083,0.0,0.0,0.0006392775103449821,0.0006056055426597595,0.014880667440593243,0.0014521433040499687,6.226822733879089e-06,10905008,True,True,True,
42,dp_fisher_wiener_adaptive_beta_lr5p00,dp_fisher_wiener_adaptive_beta,6f5bfa6c60eeb2ad400161beec4006ab7b7da4908d9989b6db2c608560d2f56e,734,4,1.0003695487976074,5.0,,,0.44921875,0.09676819939197595,1.9030513347498044,1.9051923842089764,0.05038478111920702,386.7547773341134,0.7175813007831896,0.0475090287012335,0.5315418975484304,0.17413788810439118,0.00036302385807108546,0.002585617705321952,1.240287645963848,26.809581047232037,0.9981446090834889,0.4172983202750655,2.086491601375328,0.2519239055960351,0.048384099695987975,5.2067498863003125,1.1981835912237147,0.0,0.0,0.0007537389174103737,0.0006705736741423607,0.014177774079144001,0.0016025593504309654,7.581897079944611e-06,10905008,True,True,True,
42,dp_fisher_wiener_adaptive_beta_lr5p00,dp_fisher_wiener_adaptive_beta,6f5bfa6c60eeb2ad400161beec4006ab7b7da4908d9989b6db2c608560d2f56e,735,4,1.027228593826294,5.0,,,0.36328125,0.08211772220410532,1.8937967712090924,1.8953313443859197,0.047162537091217066,531.854642899748,0.768075906217256,0.0403430706855088,0.4890731493209402,0.17354934090737753,0.00033513181038263715,0.0018802129739796617,0.9736757659740204,27.142073155542747,0.9985558537159149,0.4165925358277288,2.082962679138644,0.23581268545608533,0.04105886110205266,5.7432836450145235,1.2002135348040945,0.0,0.0,0.0005730390548706055,0.000483204610645771,0.01585231814533472,0.0011620540171861649,5.5516138672828674e-06,10905008,True,True,True,
42,dp_fisher_wiener_adaptive_beta_lr5p00,dp_fisher_wiener_adaptive_beta,6f5bfa6c60eeb2ad400161beec4006ab7b7da4908d9989b6db2c608560d2f56e,736,4,1.0269302129745483,5.0,,,0.453125,0.08168482976812459,1.898121371139042,1.8997743044910882,0.04885378807611993,539.9644169635061,0.779277030021783,0.041725258198796314,0.4835656479676541,0.14690538361119562,0.0003590228971666419,0.0018519738864893336,0.7577927096298719,26.11915563902845,0.9985567992898424,0.3832823810341347,1.9164119051706736,0.24426894038059965,0.040842414884062296,5.980766344693751,1.3045212217938242,0.0,0.0,0.0006830580532550812,0.0006691198796033859,0.01518065296113491,0.0015843985602259636,7.022172212600708e-06,10905008,True,True,True,
42,dp_fisher_wiener_adaptive_beta_lr5p00,dp_fisher_wiener_adaptive_beta,6f5bfa6c60eeb2ad400161beec4006ab7b7da4908d9989b6db2c608560d2f56e,737,4,1.280245065689087,5.0,,,0.38671875,0.07870027144795033,1.8996638564049884,1.9011414126883495,0.04506568481007697,582.641022208013,0.8138912590352491,0.039465342812359354,0.44881724389500066,0.1473833175596551,0.0003380817510128025,0.0017163226784969697,0.748213499946301,26.394265985754064,0.9986030999740618,0.383905349740864,1.91952674870432,0.22532842405038486,0.039350135723975166,5.726242613881786,1.3024043565326648,0.0,0.0,0.0006900262087583542,0.0006118025630712509,0.014765273779630661,0.0014600632712244987,6.506219506263733e-06,10905008,True,True,True,
42,dp_fisher_wiener_adaptive_beta_lr5p00,dp_fisher_wiener_adaptive_beta,6f5bfa6c60eeb2ad400161beec4006ab7b7da4908d9989b6db2c608560d2f56e,738,4,0.7789403200149536,5.0,,,0.37109375,0.04480929260999066,1.9026945218305191,1.9031146792630618,0.04043793328488922,1803.0258760996824,1.2162554410185298,0.021148154335531858,0.3314062476135105,0.17657722240925872,0.00035265339753011335,0.0005546232102142044,0.27770560726565485,26.995866078264307,0.9993254365025258,0.42021092609457306,2.1010546304728654,0.20218966642444608,0.02240464630499533,9.024452502530313,1.1898786274926123,0.0,0.0,0.0006917649880051613,0.0006086863577365875,0.014771453104913235,0.00145003292709589,6.4820051193237305e-06,10905008,True,True,True,
42,dp_fisher_wiener_adaptive_beta_lr5p00,dp_fisher_wiener_adaptive_beta,6f5bfa6c60eeb2ad400161beec4006ab7b7da4908d9989b6db2c608560d2f56e,739,4,1.0685477256774902,5.0,,,0.421875,0.07414777452176156,1.8998441909106865,1.901052210869265,0.04928621283376119,656.5075564962183,0.8096639849420976,0.03578865543359873,0.47552509377813806,0.17214085391221493,0.00036385431998901054,0.0015232117131367632,0.7206372177865213,26.749564168326863,0.9987667103342069,0.4148986067850975,2.0744930339254877,0.24643106416880595,0.03707388726088078,6.647025234448112,1.2051137116924011,0.0,0.0,0.0006701294332742691,0.0006123576313257217,0.014807316474616528,0.0014452440664172173,6.216578185558319e-06,10905008,True,True,True,
42,dp_fisher_wiener_adaptive_beta_lr5p00,dp_fisher_wiener_adaptive_beta,6f5bfa6c60eeb2ad400161beec4006ab7b7da4908d9989b6db2c608560d2f56e,740,4,0.9602373242378235,5.0,,,0.359375,0.07646249396994224,1.8955533407842258,1.897171481146675,0.053945797795126725,614.5752993131612,0.7566196461193825,0.04130522072870042,0.5252428884795991,0.20919389098915442,0.0004389760753621946,0.001627139914256662,0.7754129411464525,26.78108145973066,0.9987688739736779,0.45737718678258804,2.28688593391294,0.26972898897563363,0.03823124698497112,7.0551972598385335,1.0931896352683181,0.0,0.0,0.0006518103182315826,0.0006139269098639488,0.014848259277641773,0.0014487681910395622,6.813555955886841e-06,10905008,True,True,True,
42,dp_fisher_wiener_adaptive_beta_lr5p00,dp_fisher_wiener_adaptive_beta,6f5bfa6c60eeb2ad400161beec4006ab7b7da4908d9989b6db2c608560d2f56e,741,4,0.9358522295951843,5.0,,,0.4296875,0.11018829246577219,1.8963002996661444,1.899615504656201,0.05693971551531118,296.1715383884613,0.7192288648790369,0.05906326083965759,0.5300452036591791,0.1490281071437562,0.0003810175014667357,0.0033764216688699855,1.3206262913594167,25.923232601588285,0.9975715800755457,0.3860415873241589,1.9302079366207945,0.28469857757655587,0.055094146232886096,5.167492320653292,1.2951972440701192,0.0,0.0,0.0007493570446968079,0.0006670169532299042,0.014126759953796864,0.001597568392753601,6.857328116893768e-06,10905008,True,True,True,
42,dp_fisher_wiener_adaptive_beta_lr5p00,dp_fisher_wiener_adaptive_beta,6f5bfa6c60eeb2ad400161beec4006ab7b7da4908d9989b6db2c608560d2f56e,742,4,1.138083815574646,5.0,,,0.41015625,0.07769331436418515,1.8964817882688183,1.898021228056431,0.04476828165926305,595.840549855732,0.8610970810147204,0.0402732038314038,0.4086388161322483,0.1406940115130137,0.00037957396430088997,0.0016783013510513532,0.6220841566628168,25.68979196359932,0.9985548196053072,0.37509200406435445,1.8754600203217722,0.22384140829631524,0.03884665718209258,5.7621794133096955,1.3330062880062945,0.0,0.0,0.0006118342280387878,0.0005875425413250923,0.014646683819591999,0.0013910280540585518,6.191432476043701e-06,10905008,True,True,True,
42,dp_fisher_wiener_adaptive_beta_lr5p00,dp_fisher_wiener_adaptive_beta,6f5bfa6c60eeb2ad400161beec4006ab7b7da4908d9989b6db2c608560d2f56e,743,4,1.2008708715438843,5.0,,,0.37890625,0.07416839560179558,1.8996885415616076,1.9014441153118633,0.051725215667499345,656.0350411877805,0.7765412192420654,0.04316235364727835,0.5089091182346106,0.17443132010928805,0.0003969930186846265,0.001524308820466955,0.6697528348281909,26.428415975180446,0.998816311369838,0.41764975770289636,2.088248788514482,0.25862607833749673,0.03708419780089779,6.974023807096119,1.197175362315158,0.0,0.0,0.0007542641833424568,0.0006760517135262489,0.014302622526884079,0.0015938803553581238,6.916932761669159e-06,10905008,True,True,True,
42,dp_fisher_wiener_adaptive_beta_lr5p00,dp_fisher_wiener_adaptive_beta,6f5bfa6c60eeb2ad400161beec4006ab7b7da4908d9989b6db2c608560d2f56e,744,4,0.9250553250312805,5.0,,,0.3828125,0.07212661250175001,1.8992957561062624,1.900754590110196,0.047214879816303006,693.4164246506856,0.7781111882449965,0.03919140630084783,0.4967869457271306,0.17277663923192807,0.0003354059634003337,0.0014421348619067635,0.7428824820982961,27.11914241545314,0.9988778587287765,0.4156640942298578,2.078320471149289,0.23607439908151504,0.036063306250875005,6.546110815040455,1.2028943729796937,0.0,0.0,0.000567220151424408,0.000490088015794754,0.015927748754620552,0.0012016091495752335,5.893409252166748e-06,10905008,True,True,True,
42,dp_fisher_wiener_adaptive_beta_lr5p00,dp_fisher_wiener_adaptive_beta,6f5bfa6c60eeb2ad400161beec4006ab7b7da4908d9989b6db2c608560d2f56e,745,4,1.4770119190216064,5.0,,,0.42578125,0.07748265111944597,1.9039630138232733,1.9052032902634994,0.04565993461628765,603.8208026614122,0.8476067593428899,0.036336423856065975,0.42394807838783616,0.16904967173827914,0.0003873571296286393,0.0016561204838017123,0.7227609938698683,26.399027773624866,0.9985962610834096,0.41115650516351937,2.055782525817597,0.22829967308143825,0.03874132555972298,5.892923635862752,1.2160819389199036,0.0,0.0,0.0008144397288560867,0.0007205493748188019,0.014678051695227623,0.0016833599656820297,8.341856300830841e-06,10905008,True,True,True,
42,dp_fisher_wiener_adaptive_beta_lr5p00,dp_fisher_wiener_adaptive_beta,6f5bfa6c60eeb2ad400161beec4006ab7b7da4908d9989b6db2c608560d2f56e,746,4,0.7725247144699097,5.0,,,0.4375,0.10298023251030254,1.9036477891138122,1.9064702060572993,0.0534128569223329,341.71611596838085,0.7100797547804594,0.054395167309641994,0.5388192637210223,0.16140596777142543,0.0003647734763927028,0.0029264057302991193,1.2948840287101608,26.458963355613207,0.9979220185364451,0.40175361575401586,2.0087680787700792,0.2670642846116645,0.05149011625515127,5.186709683914525,1.2445438706515426,0.0,0.0,0.0006137285381555557,0.0005395868793129921,0.015156454406678677,0.001299501396715641,6.387941539287567e-06,10905008,True,True,True,
42,dp_fisher_wiener_adaptive_beta_lr5p00,dp_fisher_wiener_adaptive_beta,6f5bfa6c60eeb2ad400161beec4006ab7b7da4908d9989b6db2c608560d2f56e,747,4,0.9458097219467163,5.0,,,0.390625,0.11968547526994439,1.904118456903688,1.907323749110149,0.05486540345076154,253.1075080387366,0.7416056135056903,0.0581336979558972,0.5110422723948915,0.12587198283444054,0.0003437403536796322,0.003950890306173257,1.4467501156369227,25.636985536855494,0.9970699975703922,0.354784417406459,1.773922087032295,0.2743270172538077,0.05984273763497219,4.584132145199628,1.4093065407260132,0.0,0.0,0.0006183143705129623,0.0006480906158685684,0.015290693379938602,0.001582445576786995,5.619600415229797e-06,10905008,True,True,True,
42,dp_fisher_wiener_adaptive_beta_lr5p00,dp_fisher_wiener_adaptive_beta,6f5bfa6c60eeb2ad400161beec4006ab7b7da4908d9989b6db2c608560d2f56e,748,4,1.0668909549713135,5.0,,,0.4609375,0.10609411426396663,1.895730847383402,1.8988295283130545,0.061754208218416165,319.2793062622216,0.6407049975541522,0.057119789603963515,0.5996705593173154,0.2080470176130597,0.0003908199199090228,0.003132053911096849,1.667301080642606,27.26184802686346,0.9979932774063729,0.4561217135952417,2.2806085679762083,0.3087710410920808,0.053047057131983315,5.82070067182096,1.0961986353550346,0.0,0.0,0.0006856871768832207,0.0006142063066363335,0.014799689874053001,0.001448085531592369,6.888061761856079e-06,10905008,True,True,True,
42,dp_fisher_wiener_adaptive_beta_lr5p00,dp_fisher_wiener_adaptive_beta,6f5bfa6c60eeb2ad400161beec4006ab7b7da4908d9989b6db2c608560d2f56e,749,4,1.3974497318267822,5.0,,,0.4375,0.1243051772099326,1.8947766303124245,1.8990441632415282,0.06596052177665762,232.34728663770156,0.6536096189135696,0.06702087468406935,0.591709967773742,0.1674048821778594,0.00040320816586150845,0.004303902207794236,1.7869038937004134,26.182388002315836,0.9971869281179403,0.40915141717689235,2.045757085884462,0.3298026088832881,0.0621525886049663,5.3063374556153065,1.2220414717092576,0.0,0.0,0.0006722286343574524,0.0006096838042140007,0.014778189361095428,0.0014494145289063454,6.919726729393005e-06,10905008,True,True,True,
42,dp_fisher_wiener_adaptive_beta_lr5p00,dp_fisher_wiener_adaptive_beta,6f5bfa6c60eeb2ad400161beec4006ab7b7da4908d9989b6db2c608560d2f56e,750,4,1.745118260383606,5.0,,,0.5,0.17563686786105084,1.8992538727200101,1.9075122778064695,0.08837600483940858,116.93234892584006,0.5185307506521916,0.09295618693452731,0.7300189065936328,0.1982309982077015,0.0002952065832738556,0.00855195340856035,5.742630264091944,28.270455291824167,0.9955655491793729,0.44523139849712023,2.2261569924856013,0.44188002419704286,0.08781843393052542,5.031745664487589,1.1230115434055827,0.14384433533996344,0.0045905159786343575,0.0007218765094876289,0.0006488850340247154,0.014458829537034035,0.001532246358692646,7.704831659793854e-06,10905008,True,True,True,
42,dp_fisher_wiener_adaptive_beta_lr5p00,dp_fisher_wiener_adaptive_beta,6f5bfa6c60eeb2ad400161beec4006ab7b7da4908d9989b6db2c608560d2f56e,751,4,2.1557459831237793,5.0,,,0.4375,0.12542865464624825,1.90110925791842,1.905227295294323,0.06050206316397173,229.73154081574032,0.643685365597846,0.06571320860874731,0.6105245007665037,0.15410915930073163,0.000324222380303929,0.004352906859830037,2.069020699694239,26.769854609682994,0.9971980975563388,0.39256739459706996,1.9628369729853499,0.30251031581985866,0.06271432732312412,4.8236237033430305,1.2736666541344446,0.0,0.0,0.0006594732403755188,0.0005808528512716293,0.014301690272986889,0.0014089792966842651,6.639398634433746e-06,10905008,True,True,True,
42,dp_fisher_wiener_adaptive_beta_lr5p00,dp_fisher_wiener_adaptive_beta,6f5bfa6c60eeb2ad400161beec4006ab7b7da4908d9989b6db2c608560d2f56e,752,4,1.4204864501953125,5.0,,,0.43359375,0.08273504166937554,1.8984821827754605,1.9002445246072321,0.0499526470961612,526.5432761609317,0.6627703270211931,0.04306073285149304,0.5811548501866027,0.20692977830361373,0.00032680839870856274,0.0018991791275822772,1.202529424293292,28.015297829151024,0.9987412804283566,0.4548953487381617,2.2744767436908084,0.249763235480806,0.04136752083468777,6.037665067550657,1.0991539073456245,0.0,0.0,0.0006539598107337952,0.0006090644747018814,0.01461782120168209,0.0014334460720419884,6.166286766529083e-06,10905008,True,True,True,
42,dp_fisher_wiener_adaptive_beta_lr5p00,dp_fisher_wiener_adaptive_beta,6f5bfa6c60eeb2ad400161beec4006ab7b7da4908d9989b6db2c608560d2f56e,753,4,0.8272336721420288,5.0,,,0.453125,0.09404397072496513,1.9019017654224353,1.90395790915661,0.052694786432444206,408.9914675987824,0.6425615912822817,0.04654880350856291,0.599119123280703,0.19897382189269802,0.0003150843082645084,0.002445038782245816,1.5440271001977792,28.003691663439074,0.9984289119891556,0.44606481803959613,2.2303240901979806,0.26347393216222104,0.04702198536248257,5.603207310911117,1.120913328686898,0.0,0.0,0.0007615275681018829,0.0006722426041960716,0.01402129977941513,0.0015902211889624596,7.315538823604584e-06,10905008,True,True,True,
42,dp_fisher_wiener_adaptive_beta_lr5p00,dp_fisher_wiener_adaptive_beta,6f5bfa6c60eeb2ad400161beec4006ab7b7da4908d9989b6db2c608560d2f56e,754,4,1.2640656232833862,5.0,,,0.3828125,0.10290962968188076,1.8946214686590253,1.8973483531440758,0.05384896357878264,338.9478453121262,0.6319379062314195,0.05359814324761744,0.6133301774385004,0.18877268130588595,0.0003125893642765127,0.0029503064077142254,1.7816897004906758,27.80964946797479,0.9981355895457918,0.43447978239025803,2.1723989119512903,0.2692448178939132,0.05145481484094038,5.232645744056862,1.1508015338438458,0.0,0.0,0.0006229924038052559,0.0005481773987412453,0.015162198804318905,0.001289302483201027,5.585141479969025e-06,10905008,True,True,True,
42,dp_fisher_wiener_adaptive_beta_lr5p00,dp_fisher_wiener_adaptive_beta,6f5bfa6c60eeb2ad400161beec4006ab7b7da4908d9989b6db2c608560d2f56e,755,4,0.9630061388015747,5.0,,,0.40625,0.07088668790482845,1.898714678160698,1.8999648906477318,0.04311902761004688,717.4473660992728,0.7324822423755555,0.03628570750274252,0.5240370303196475,0.17385411048823546,0.00028752126803286603,0.0013938304704325098,0.8428008059396445,27.81514987555554,0.9989790439313231,0.4169581639544134,2.084790819772067,0.2155951380502344,0.035443343952414226,6.082810310833166,1.19916107471508,0.0,0.0,0.0006216447800397873,0.000589580275118351,0.015209448523819447,0.0015935450792312622,5.4603442549705505e-06,10905008,True,True,True,
42,dp_fisher_wiener_adaptive_beta_lr5p00,dp_fisher_wiener_adaptive_beta,6f5bfa6c60eeb2ad400161beec4006ab7b7da4908d9989b6db2c608560d2f56e,756,4,0.762382984161377,5.0,,,0.37890625,0.04267388716441668,1.898271891350461,1.8985871173378412,0.035630750740480305,1978.75681953749,1.2002029195897548,0.01862457314997074,0.29758867800485606,0.13551341046636922,0.00028203099075688285,0.0005053678095140209,0.2428247874235139,26.81685441208443,0.9993934560792215,0.3681214615671969,1.8406073078359844,0.17815375370240152,0.02133694358220834,8.349544207568897,1.35824735094227,0.0,0.0,0.0007249722257256508,0.0006409352645277977,0.014833127148449421,0.0015122834593057632,6.888993084430695e-06,10905008,True,True,True,
42,dp_fisher_wiener_adaptive_beta_lr5p00,dp_fisher_wiener_adaptive_beta,6f5bfa6c60eeb2ad400161beec4006ab7b7da4908d9989b6db2c608560d2f56e,757,4,0.8669173121452332,5.0,,,0.40234375,0.07042511797080202,1.9011285799551134,1.9023885911450955,0.04537313643921928,728.7319570171846,0.7721949890876978,0.03639523398143413,0.49892923037024056,0.16911162791868772,0.0003089505334398147,0.0013722466678849333,0.7511327627993553,27.38284520177909,0.9989403579990533,0.41123184205346713,2.0561592102673356,0.2268656821960964,0.03521255898540101,6.442749085169053,1.215859155025684,0.0,0.0,0.0006619663909077644,0.0006208484992384911,0.014116469770669937,0.001385025680065155,6.3711777329444885e-06,10905008,True,True,True,
42,dp_fisher_wiener_adaptive_beta_lr5p00,dp_fisher_wiener_adaptive_beta,6f5bfa6c60eeb2ad400161beec4006ab7b7da4908d9989b6db2c608560d2f56e,758,4,1.1043288707733154,5.0,,,0.45703125,0.11456634205858778,1.8925310392994432,1.8959107674219604,0.05953955993860266,272.88013942563725,0.6190935686098671,0.05968795439060931,0.6263186247981348,0.17181057444403183,0.0003118467591097696,0.0036646126098746133,2.019001893426896,27.4110865443983,0.9977312619016071,0.4145003913677668,2.072501956838834,0.2976977996930133,0.05728317102929389,5.196950419095645,1.2062714786562583,0.0,0.0,0.000690218061208725,0.0006177173927426338,0.014518734067678452,0.001470469869673252,6.5909698605537415e-06,10905008,True,True,True,
42,dp_fisher_wiener_adaptive_beta_lr5p00,dp_fisher_wiener_adaptive_beta,6f5bfa6c60eeb2ad400161beec4006ab7b7da4908d9989b6db2c608560d2f56e,759,4,1.2429108619689941,5.0,,,0.48046875,0.15365169105530144,1.8996002306527524,1.905813110716477,0.07901620162082404,152.84447289084085,0.5430312182538747,0.08068024410896477,0.7014291177692837,0.1933989490288194,0.0003111929190133713,0.006542598374960869,4.06606825301032,27.934244029200652,0.9964471648337487,0.43977147364150326,2.1988573682075163,0.39508100810412017,0.07682584552765072,5.142553334564763,1.136954145430673,0.0,0.0,0.000690145418047905,0.000611097551882267,0.014603903517127037,0.0014618951827287674,6.545335054397583e-06,10905008,True,True,True,
42,dp_fisher_wiener_adaptive_beta_lr5p00,dp_fisher_wiener_adaptive_beta,6f5bfa6c60eeb2ad400161beec4006ab7b7da4908d9989b6db2c608560d2f56e,760,4,1.4304437637329102,5.0,,,0.38671875,0.08331619859620341,1.903566237982714,1.904959601850573,0.04221297883531794,522.0079219235789,0.7373640040830074,0.038585921285822444,0.5125136702151496,0.15544835520543163,0.0002751228410260337,0.0019156797394390176,1.0823865558737022,27.520594830149975,0.9985874467165831,0.394269394203293,1.971346971016465,0.2110648941765897,0.04165809929810171,5.066599238269639,1.2681684334364591,0.0,0.0,0.0006942609325051308,0.0006094081327319145,0.014687425456941128,0.0014374200254678726,6.875023245811462e-06,10905008,True,True,True,
42,dp_fisher_wiener_adaptive_beta_lr5p00,dp_fisher_wiener_adaptive_beta,6f5bfa6c60eeb2ad400161beec4006ab7b7da4908d9989b6db2c608560d2f56e,761,4,1.045332670211792,5.0,,,0.43359375,0.07511005243550933,1.895288066706785,1.897012877813919,0.044688125454464156,636.7285536336224,0.7156949445491142,0.0427502729334979,0.5364087235336819,0.14686678842842824,0.0002805194174242828,0.0015705279653562868,0.8222546600830263,27.189606692267844,0.9988759810747223,0.38323202949183177,1.9161601474591587,0.22344062727232078,0.03755502621775467,5.949686360776295,1.3046926183641243,0.0,0.0,0.0007516555488109589,0.0006644269451498985,0.014015338383615017,0.0015669101849198341,7.127411663532257e-06,10905008,True,True,True,
42,dp_fisher_wiener_adaptive_beta_lr5p00,dp_fisher_wiener_adaptive_beta,6f5bfa6c60eeb2ad400161beec4006ab7b7da4908d9989b6db2c608560d2f56e,762,4,1.2280815839767456,5.0,,,0.42578125,0.11142813283143004,1.895888505806519,1.8993460762821641,0.059854325978143816,289.49154272400006,0.5762748756278063,0.06033464611364223,0.6629932567726406,0.2034795027673094,0.0003052313375275779,0.00345433234598006,2.3027970629178807,28.23891547440628,0.9980093550567829,0.45108702349691837,2.2554351174845917,0.2992716298907191,0.05571406641571502,5.37156321802663,1.108433570362521,0.0,0.0,0.0006356025114655495,0.0005371160805225372,0.015205610543489456,0.0012934766709804535,5.8962032198905945e-06,10905008,True,True,True,
42,dp_fisher_wiener_adaptive_beta_lr5p00,dp_fisher_wiener_adaptive_beta,6f5bfa6c60eeb2ad400161beec4006ab7b7da4908d9989b6db2c608560d2f56e,763,4,1.1267509460449219,5.0,,,0.45703125,0.08283864097045551,1.8976996124071333,1.899754632547444,0.05095451987082879,524.7941763380018,0.7047740868972612,0.046596547136980256,0.5475326716760383,0.16813224550454167,0.00034166060083821716,0.0019055089498743443,0.9377068868101179,26.920561124601022,0.998657046669582,0.4100393219004022,2.050196609502011,0.2547725993541439,0.041419320485227756,6.151056955143863,1.219395246488652,0.0,0.0,0.0005531273782253265,0.00048633944243192673,0.015522642061114311,0.001430317759513855,5.41098415851593e-06,10905008,True,True,True,
42,dp_fisher_wiener_adaptive_beta_lr5p00,dp_fisher_wiener_adaptive_beta,6f5bfa6c60eeb2ad400161beec4006ab7b7da4908d9989b6db2c608560d2f56e,764,4,1.1266329288482666,5.0,,,0.42578125,0.09510648600096211,1.895205017522758,1.8977544802582766,0.05137149312537544,397.0929015661708,0.7075695927373385,0.05184603347519586,0.5407687061691516,0.1438958262084802,0.00034018963785067985,0.002518302381999463,1.065209404770727,26.263271157448273,0.9982181258089822,0.3793360333641931,1.8966801668209654,0.2568574656268772,0.047553243000481055,5.401471054642422,1.318092551251628,0.0,0.0,0.0007486902177333832,0.0006670011207461357,0.014049050398170948,0.0015717921778559685,6.916932761669159e-06,10905008,True,True,True,
42,dp_fisher_wiener_adaptive_beta_lr5p00,dp_fisher_wiener_adaptive_beta,6f5bfa6c60eeb2ad400161beec4006ab7b7da4908d9989b6db2c608560d2f56e,765,4,1.1333897113800049,5.0,,,0.44140625,0.11589741701620712,1.8948680798545812,1.8984713600211327,0.06195391755850678,267.30707009714297,0.579019251353174,0.06158462796258127,0.6610442150055512,0.19285429376814942,0.00029752483598951873,0.00374101590190585,2.4249100977278877,28.117060876261824,0.9978338797730169,0.43915178898434354,2.195758944921718,0.3097695877925339,0.05794870850810356,5.34558225303451,1.1385584951281782,0.0,0.0,0.0006877714768052101,0.0006037894636392593,0.013934475369751453,0.0014485595747828484,6.450340151786804e-06,10905008,True,True,True,
42,dp_fisher_wiener_adaptive_beta_lr5p00,dp_fisher_wiener_adaptive_beta,6f5bfa6c60eeb2ad400161beec4006ab7b7da4908d9989b6db2c608560d2f56e,766,4,1.18791663646698,5.0,,,0.41015625,0.09425510439519756,1.8964867650347024,1.8989356595289912,0.051740362509552405,404.8460207123311,0.6630561363733989,0.05078268255177037,0.5813741127388413,0.17223298862120145,0.0003105845078222754,0.002470074914229487,1.3697669186593384,27.439365480888558,0.9983622016706338,0.415009624733212,2.0750481236660603,0.25870181254776203,0.04712755219759878,5.489396339906953,1.204791335430399,0.0,0.0,0.0007079886272549629,0.0006107185035943985,0.014170589856803417,0.0014525186270475388,6.506219506263733e-06,10905008,True,True,True,
42,dp_fisher_wiener_adaptive_beta_lr5p00,dp_fisher_wiener_adaptive_beta,6f5bfa6c60eeb2ad400161beec4006ab7b7da4908d9989b6db2c608560d2f56e,767,4,0.8099492192268372,5.0,,,0.35546875,0.05517361093594842,1.9006379555025446,1.9015623139987126,0.0395578054512165,1186.6864387827907,0.8611633721427537,0.03125700446518008,0.45530666145305204,0.15237931735577187,0.000270565894360219,0.000842682588247105,0.4745882616104545,27.50652971235047,0.9992743126204208,0.39035793492097975,1.9517896746048988,0.19778902725608252,0.02758680546797421,7.169696668160002,1.2808757175640204,0.0,0.0,0.0006761522963643074,0.0005944520235061646,0.014672946184873581,0.0013787075877189636,6.3357874751091e-06,10905008,True,True,True,
42,dp_fisher_wiener_adaptive_beta_lr5p00,dp_fisher_wiener_adaptive_beta,6f5bfa6c60eeb2ad400161beec4006ab7b7da4908d9989b6db2c608560d2f56e,768,4,0.9020348787307739,5.0,,,0.40625,0.04766362946685643,1.8966850605205172,1.8973730625424368,0.04083464947131882,1583.4932894652611,1.1443292052096796,0.026992337962623788,0.34412973255594587,0.13721403943418498,0.00034596416627489444,0.0006315151483194742,0.25046739772598164,25.98367430381854,0.9992773387719276,0.37042413451904693,1.8521206725952346,0.2041732473565941,0.023831814733428214,8.567255562860632,1.3498040581179804,0.0,0.0,0.0005594994872808456,0.000487523153424263,0.01552181039005518,0.0014216266572475433,5.5655837059021e-06,10905008,True,True,True,
42,dp_fisher_wiener_adaptive_beta_lr5p00,dp_fisher_wiener_adaptive_beta,6f5bfa6c60eeb2ad400161beec4006ab7b7da4908d9989b6db2c608560d2f56e,769,4,1.0157393217086792,5.0,,,0.42578125,0.0405571511974734,1.898666342948871,1.899244769092412,0.03875626336454513,2191.605692568387,1.211829710411132,0.024937008119540242,0.3669617441633152,0.14015723934081042,0.0003087890043771646,0.0004562864582724533,0.20710533540688805,26.569537063797846,0.999447058513071,0.37437579961959405,1.8718789980979702,0.19378131682272565,0.0202785755987367,9.55596293584061,1.3355564128523214,0.0,0.0,0.0008229473605751991,0.0007162634283304214,0.013960421085357666,0.001681196503341198,7.667578756809235e-06,10905008,True,True,True,
42,dp_fisher_wiener_adaptive_beta_lr5p00,dp_fisher_wiener_adaptive_beta,6f5bfa6c60eeb2ad400161beec4006ab7b7da4908d9989b6db2c608560d2f56e,770,4,1.0500383377075195,5.0,,,0.46875,0.08624883415560347,1.8975411435574472,1.8993061744336406,0.05502130721699875,484.0340746636735,0.682820873900026,0.043160246868024756,0.5675660112316632,0.20036918445284835,0.0003710449023910791,0.0020659702533548565,1.1156514261393917,27.324044606351343,0.9985893123859632,0.44762616596089233,2.2381308298044615,0.27510653608499375,0.043124417077801735,6.379368226178883,1.117003513245395,0.0,0.0,0.0005548559129238129,0.00048806704580783844,0.015015955083072186,0.0011929823085665703,5.335547029972076e-06,10905008,True,True,True,
42,dp_fisher_wiener_adaptive_beta_lr5p00,dp_fisher_wiener_adaptive_beta,6f5bfa6c60eeb2ad400161beec4006ab7b7da4908d9989b6db2c608560d2f56e,771,4,1.0425398349761963,5.0,,,0.40625,0.07534897491934127,1.896245674069141,1.8977389892609444,0.04562142091268091,633.3364877163606,0.7446865371348717,0.03966315744711376,0.513573821807594,0.17902903623791494,0.00032731819544017956,0.0015789395040688647,0.8636122935997763,27.379533250067773,0.9988241850081624,0.4231182296213612,2.115591148106806,0.22810710456340455,0.037674487459670634,6.054683684855207,1.1817028078564633,0.0,0.0,0.0005588997155427933,0.0005164016038179398,0.015509935095906258,0.0011741770431399345,5.274079740047455e-06,10905008,True,True,True,
42,dp_fisher_wiener_adaptive_beta_lr5p00,dp_fisher_wiener_adaptive_beta,6f5bfa6c60eeb2ad400161beec4006ab7b7da4908d9989b6db2c608560d2f56e,772,4,1.0377792119979858,5.0,,,0.421875,0.049653046511364866,1.895685662635275,1.896329040745488,0.039220695436722,1457.6083593922792,1.152077468468371,0.02604716275812731,0.29868317109056214,0.13457427956840157,0.00035686514024309344,0.0006860553406890738,0.25871230549403385,25.76457936024006,0.9992096110995491,0.36684367183911126,1.8342183591955563,0.19610347718361,0.024826523255682433,7.898950455369372,1.3629783975609233,0.0,0.0,0.0005577933043241501,0.0004854127764701843,0.015510687604546547,0.0013935612514615059,5.3085386753082275e-06,10905008,True,True,True,
42,dp_fisher_wiener_adaptive_beta_lr5p00,dp_fisher_wiener_adaptive_beta,6f5bfa6c60eeb2ad400161beec4006ab7b7da4908d9989b6db2c608560d2f56e,773,4,0.7319998741149902,5.0,,,0.40234375,0.04829881598944954,1.8944337075359945,1.8951636447335611,0.03646764888216288,1538.4587487698316,1.0929075820874676,0.027852681933292146,0.31599639388130035,0.11700829030299359,0.00029631641540862474,0.0006500011783680637,0.25666997365630756,25.9646092140009,0.9992896087834913,0.3420647457762837,1.7103237288814186,0.18233824441081442,0.02414940799472477,7.550422952111051,1.4617115799637155,0.0,0.0,0.0007840050384402275,0.0006705336272716522,0.014240451157093048,0.0015843966975808144,7.207505404949188e-06,10905008,True,True,True,
42,dp_fisher_wiener_adaptive_beta_lr5p00,dp_fisher_wiener_adaptive_beta,6f5bfa6c60eeb2ad400161beec4006ab7b7da4908d9989b6db2c608560d2f56e,774,4,0.9476193785667419,5.0,,,0.40234375,0.04815720703194101,1.9101647658627734,1.9107392138913861,0.0372994524049179,1573.3272955281407,1.06711076226505,0.024528527778363816,0.3439443558626294,0.15345591508765904,0.00030072408357479735,0.0006355956592190459,0.3243368881698164,27.07815422355161,0.999321749031306,0.391734495657019,1.958672478285095,0.1864972620245895,0.024078603515970506,7.745352087929309,1.276374701595072,0.0,0.0,0.00070940051227808,0.0006119171157479286,0.01421110425144434,0.0014448408037424088,6.592832505702972e-06,10905008,True,True,True,
42,dp_fisher_wiener_adaptive_beta_lr5p00,dp_fisher_wiener_adaptive_beta,6f5bfa6c60eeb2ad400161beec4006ab7b7da4908d9989b6db2c608560d2f56e,775,4,0.8670645356178284,5.0,,,0.41015625,0.05050026921547227,1.8983473290586315,1.8990938195405505,0.036725837842039005,1413.0709372618455,0.9759121544678694,0.028074891553927502,0.38018134723745867,0.14300482607956894,0.00026771042132219984,0.0007076785554342668,0.3780258092870501,27.27685415691863,0.9993093678960246,0.37815978908335685,1.8907989454167842,0.18362918921019503,0.025250134607736136,7.272404367565721,1.3221924023457292,0.0,0.0,0.0007165232673287392,0.0006021568551659584,0.014328114688396454,0.0014299899339675903,6.823800504207611e-06,10905008,True,True,True,
42,dp_fisher_wiener_adaptive_beta_lr5p00,dp_fisher_wiener_adaptive_beta,6f5bfa6c60eeb2ad400161beec4006ab7b7da4908d9989b6db2c608560d2f56e,776,4,1.2319958209991455,5.0,,,0.44140625,0.05903499094919546,1.8988323535965212,1.8995981076531718,0.04118982309961864,1034.5565715640712,0.9281847109646247,0.02850738583906185,0.40032375020716915,0.15417861157444573,0.00031492850902903617,0.0009665976972153022,0.47321435356456465,26.898121525942695,0.9991028187955338,0.39265584367795386,1.9632792183897694,0.2059491154980932,0.02951749547459773,6.97718800934017,1.2733797498473336,0.0,0.0,0.0007087113335728645,0.000606238842010498,0.014307699166238308,0.0014388663694262505,6.600283086299896e-06,10905008,True,True,True,
42,dp_fisher_wiener_adaptive_beta_lr5p00,dp_fisher_wiener_adaptive_beta,6f5bfa6c60eeb2ad400161beec4006ab7b7da4908d9989b6db2c608560d2f56e,777,4,0.9320968389511108,5.0,,,0.39453125,0.0663254210035454,1.9002944137918742,1.901397670239315,0.04254258735226267,820.8839275898068,0.7962237513621723,0.03407039317678682,0.47955826738943846,0.15452991880893657,0.0002678488019127215,0.0012181990244449015,0.7028151511019434,27.611228675982026,0.9990300410026303,0.3931029366577367,1.9655146832886836,0.21271293676131336,0.0331627105017727,6.414220476445334,1.2719314799575347,0.0,0.0,0.0006872722879052162,0.0006304048001766205,0.014370795339345932,0.0014368342235684395,6.703659892082214e-06,10905008,True,True,True,
42,dp_fisher_wiener_adaptive_beta_lr5p00,dp_fisher_wiener_adaptive_beta,6f5bfa6c60eeb2ad400161beec4006ab7b7da4908d9989b6db2c608560d2f56e,778,4,1.0654048919677734,5.0,,,0.41796875,0.0873702474736677,1.900192202876984,1.9018495529636659,0.045085009902033804,473.00739621787415,0.7087505181634856,0.041930818264844925,0.5402174365047944,0.17361717378958552,0.00029408100513216115,0.002114131846276898,1.2481241204497817,27.711257076916993,0.998501607958289,0.4166739418173226,2.083369709086613,0.225425049510169,0.04368512373683385,5.160224584986991,1.1999790479290617,0.0,0.0,0.0006927791982889175,0.0006071394309401512,0.014531157910823822,0.0014753788709640503,6.619840860366821e-06,10905008,True,True,True,
42,dp_fisher_wiener_adaptive_beta_lr5p00,dp_fisher_wiener_adaptive_beta,6f5bfa6c60eeb2ad400161beec4006ab7b7da4908d9989b6db2c608560d2f56e,779,4,0.8132502436637878,5.0,,,0.4296875,0.10809930473507053,1.8984815716028403,1.9012942043574936,0.05367348598085064,308.43735503864883,0.6413012906817215,0.0544275480304565,0.6094727096112245,0.1901997619535167,0.0003284326288026641,0.0032421494464859512,1.8775724407141716,27.627636721395753,0.9979208053752076,0.4361189768326032,2.180594884163016,0.26836742990425316,0.05404965236753526,4.965201775478614,1.1464761373838819,0.0,0.0,0.0006923750042915344,0.0006202692165970802,0.014538445509970188,0.0014784373342990875,6.536021828651428e-06,10905008,True,True,True,
42,dp_fisher_wiener_adaptive_beta_lr5p00,dp_fisher_wiener_adaptive_beta,6f5bfa6c60eeb2ad400161beec4006ab7b7da4908d9989b6db2c608560d2f56e,780,4,1.2078030109405518,5.0,,,0.421875,0.08387898676441087,1.8938696075006471,1.8955725059292763,0.049380329034390845,509.79291782769343,0.6235277727795078,0.04241770324099077,0.614098395782182,0.19606114855071935,0.00025081321242980114,0.0019615808005312104,1.5333713109790075,28.930411311343395,0.9987768998921439,0.4427879272865503,2.2139396364327517,0.24690164517195423,0.041939493382205435,5.887091742286648,1.1292087457373148,0.0,0.0,0.0006894208490848541,0.0006089312955737114,0.014628641307353973,0.0014705918729305267,6.444752216339111e-06,10905008,True,True,True,
42,dp_fisher_wiener_adaptive_beta_lr5p00,dp_fisher_wiener_adaptive_beta,6f5bfa6c60eeb2ad400161beec4006ab7b7da4908d9989b6db2c608560d2f56e,781,4,1.0241186618804932,5.0,,,0.4375,0.0969149696696902,1.8969154560126735,1.8992702487396576,0.05690174125093789,383.1018259434508,0.6179542677299892,0.04979618908248138,0.6189151746261692,0.2165560909650043,0.0003417598205420002,0.0026102720795720324,1.6539987544798707,28.018493999840093,0.9983869712283203,0.4653558756102735,2.3267793780513673,0.28450870625468944,0.0484574848348451,5.871305686180227,1.074446517610247,0.0,0.0,0.000693177804350853,0.0006117112934589386,0.014663156121969223,0.001473909243941307,6.8927183747291565e-06,10905008,True,True,True,
42,dp_fisher_wiener_adaptive_beta_lr5p00,dp_fisher_wiener_adaptive_beta,6f5bfa6c60eeb2ad400161beec4006ab7b7da4908d9989b6db2c608560d2f56e,782,4,1.049001932144165,5.0,,,0.421875,0.0784952122304963,1.9001441746987588,1.9016955484376517,0.04747960024888318,585.9853696289146,0.6662908180241066,0.040394084028975874,0.5782870989369124,0.20602938652282315,0.0002734355483768653,0.0017065272473793878,1.2858414483781635,28.770741937746966,0.9988629565641787,0.45390460068479493,2.269523003423975,0.2373980012444159,0.03924760611524815,6.048725635425069,1.1015530559605708,0.0,0.0,0.0006899628788232803,0.0006181616336107254,0.014759158715605736,0.0014769481495022774,6.467103958129883e-06,10905008,True,True,True,
42,dp_fisher_wiener_adaptive_beta_lr5p00,dp_fisher_wiener_adaptive_beta,6f5bfa6c60eeb2ad400161beec4006ab7b7da4908d9989b6db2c608560d2f56e,783,4,1.157658338546753,5.0,,,0.37109375,0.06329411408690337,1.8982496408727814,1.8995526063017392,0.04552438701530721,899.4561624370854,0.8920789249504433,0.037239094732648186,0.4346489369363124,0.15758161440401255,0.00037463673372229047,0.0011117829211827245,0.4676438045998011,26.238951864703473,0.9990082018866455,0.39696550782657747,1.9848275391328873,0.22762193507653605,0.031647057043451686,7.192515081475558,1.259555276568703,0.0,0.0,0.0007174964994192123,0.0006096884608268738,0.014265392906963825,0.0014537181705236435,6.768852472305298e-06,10905008,True,True,True,
42,dp_fisher_wiener_adaptive_beta_lr5p00,dp_fisher_wiener_adaptive_beta,6f5bfa6c60eeb2ad400161beec4006ab7b7da4908d9989b6db2c608560d2f56e,784,4,1.1372894048690796,5.0,,,0.40625,0.10085396943485875,1.895125190904003,1.8979975933416462,0.060876273835501336,353.0935766070461,0.6040736199906142,0.05502777455432057,0.6297704734526162,0.21725540286493938,0.00033758251310297234,0.002832110426676769,1.8226397025220908,28.085906432125114,0.998289196802176,0.46610664323193185,2.330533216159659,0.3043813691775067,0.050426984717429374,6.036081095807925,1.072715884356384,0.0,0.0,0.0006593372672796249,0.0005810260772705078,0.014552976936101913,0.001397484913468361,6.586313247680664e-06,10905008,True,True,True,
42,dp_fisher_wiener_adaptive_beta_lr5p00,dp_fisher_wiener_adaptive_beta,6f5bfa6c60eeb2ad400161beec4006ab7b7da4908d9989b6db2c608560d2f56e,785,4,1.4333109855651855,5.0,,,0.4453125,0.12344761329291677,1.9010919653997123,1.904616299790016,0.06274719460430898,237.15968079825944,0.618018619700257,0.060930292502670985,0.6298964076491415,0.18278856824455092,0.0003459041432254732,0.004216568333066515,2.2281909686123673,27.229932666653966,0.9973940822587554,0.4275377974455018,2.137688987227509,0.31373597302154493,0.061723806646458386,5.0829005866971055,1.16948724296725,0.0,0.0,0.000683419406414032,0.0006162179633975029,0.014844109304249287,0.0014449739828705788,6.304122507572174e-06,10905008,True,True,True,
42,dp_fisher_wiener_adaptive_beta_lr5p00,dp_fisher_wiener_adaptive_beta,6f5bfa6c60eeb2ad400161beec4006ab7b7da4908d9989b6db2c608560d2f56e,786,4,1.8704791069030762,5.0,,,0.53125,0.2078651576491861,1.8966523997154872,1.90690210716572,0.1053762306156431,83.25533864733111,0.4992648056561118,0.10368024912185166,0.7473477023782782,0.2346404936284337,0.0003124475664948837,0.012011241756070075,9.020149281075069,28.75625816710532,0.9940032097188283,0.4843970413085052,2.421985206542526,0.5268811530782155,0.10393257882459304,5.069451360024108,1.0322110941229414,0.0,0.0,0.0006072036921977997,0.0006065424531698227,0.014927597716450691,0.0014345822855830193,5.436129868030548e-06,10905008,True,True,True,
42,dp_fisher_wiener_adaptive_beta_lr5p00,dp_fisher_wiener_adaptive_beta,6f5bfa6c60eeb2ad400161beec4006ab7b7da4908d9989b6db2c608560d2f56e,787,4,2.397296190261841,5.0,,,0.421875,0.11310662357369969,1.8975005984758944,1.9008674679020272,0.060123652986332723,281.4412602129244,0.6624487901630711,0.05949217251535704,0.5832893809213616,0.17313227727233696,0.0003637627362253643,0.0035531392915345993,1.6911108129736683,26.775598331059783,0.9976462271748581,0.4160916693137907,2.0804583465689537,0.3006182649316636,0.056553311786849844,5.3156615488652905,1.2016582807903542,0.0,0.0,0.0007690256461501122,0.000666067935526371,0.014285056851804256,0.001575317233800888,7.565133273601532e-06,10905008,True,True,True,
42,dp_fisher_wiener_adaptive_beta_lr5p00,dp_fisher_wiener_adaptive_beta,6f5bfa6c60eeb2ad400161beec4006ab7b7da4908d9989b6db2c608560d2f56e,788,4,1.1613024473190308,5.0,,,0.45703125,0.0943686363659337,1.900632647425318,1.902718707833746,0.0497703168859418,405.6402211322915,0.6731486159413196,0.04689169188345991,0.5735702050936115,0.1837741912555952,0.00028874089663467883,0.002465238770199028,1.5690443097674303,28.037762188942427,0.9983405279336893,0.4286889213119406,2.143444606559703,0.248851584429709,0.04718431818296685,5.274031585228423,1.1663469129751611,0.0,0.0,0.0006461367011070251,0.0005883146077394485,0.014697507955133915,0.0013849204406142235,5.71180135011673e-06,10905008,True,True,True,
42,dp_fisher_wiener_adaptive_beta_lr5p00,dp_fisher_wiener_adaptive_beta,6f5bfa6c60eeb2ad400161beec4006ab7b7da4908d9989b6db2c608560d2f56e,789,4,0.7497364282608032,5.0,,,0.4296875,0.06457710802218752,1.9030598563994394,1.9041990124005415,0.038704871631934715,868.4557849924834,0.8119594570165627,0.034591470231405505,0.45654754242803475,0.15087625241483615,0.00026765714830051887,0.0011514690984165447,0.6490741730833874,27.510420409064345,0.9990650537758542,0.388427924349983,1.9421396217499152,0.19352435815967356,0.03228855401109376,5.993590115159338,1.2872400995253899,0.0,0.0,0.0007511135190725327,0.0006654644384980202,0.014238382689654827,0.0015848511829972267,7.136724889278412e-06,10905008,True,True,True,
42,dp_fisher_wiener_adaptive_beta_lr5p00,dp_fisher_wiener_adaptive_beta,6f5bfa6c60eeb2ad400161beec4006ab7b7da4908d9989b6db2c608560d2f56e,790,4,1.0306134223937988,5.0,,,0.41015625,0.0498625137108291,1.8988358936664054,1.8995924707284375,0.03678037932106824,1450.1954143783432,1.019170807306588,0.02829477112427166,0.3558231778975759,0.13863651361977536,0.00028512466985831936,0.0006895622408419936,0.33528668349580887,26.86842832066688,0.9992972182940303,0.372339245339214,1.86169622669607,0.18390189660534123,0.02493125685541455,7.376358827975623,1.342861399268132,0.0,0.0,0.0005572047084569931,0.0004859473556280136,0.015947622247040272,0.0011657429859042168,5.5516138672828674e-06,10905008,True,True,True,
42,dp_fisher_wiener_adaptive_beta_lr5p00,dp_fisher_wiener_adaptive_beta,6f5bfa6c60eeb2ad400161beec4006ab7b7da4908d9989b6db2c608560d2f56e,791,4,0.8459653854370117,5.0,,,0.3984375,0.054332418427612335,1.8976121394977206,1.8983713172553212,0.03783817280923511,1219.8230245063971,1.0363681145020867,0.028280309747711018,0.3220991379592197,0.13112141339408204,0.00031417435473016063,0.0008197910513007586,0.3421417428169706,26.20502889428903,0.9991503946935899,0.3621069087908736,1.8105345439543679,0.18919086404617558,0.027166209213806167,6.964198153309609,1.38080767823014,0.0,0.0,0.0006424039602279663,0.0006724158301949501,0.015313155949115753,0.0015822788700461388,7.141381502151489e-06,10905008,True,True,True,
42,dp_fisher_wiener_adaptive_beta_lr5p00,dp_fisher_wiener_adaptive_beta,6f5bfa6c60eeb2ad400161beec4006ab7b7da4908d9989b6db2c608560d2f56e,792,4,0.9964491128921509,5.0,,,0.37890625,0.057989309564635536,1.901566501177626,1.9024233590623885,0.04090315145118554,1075.2938454578293,0.9331939234846763,0.03001371327788522,0.400034611212309,0.15671168234339805,0.00033274272072758256,0.0009299783532905624,0.4379914664718842,26.729928088377633,0.9991321498514789,0.3958682638749892,1.9793413193749458,0.2045157572559277,0.028994654782317768,7.053567589761301,1.263046436469662,0.0,0.0,0.0006978325545787811,0.0006181215867400169,0.01479225605726242,0.0014460310339927673,6.586313247680664e-06,10905008,True,True,True,
42,dp_fisher_wiener_adaptive_beta_lr5p00,dp_fisher_wiener_adaptive_beta,6f5bfa6c60eeb2ad400161beec4006ab7b7da4908d9989b6db2c608560d2f56e,793,4,1.049389362335205,5.0,,,0.37890625,0.06693558536892996,1.8985037564420233,1.8997417643403247,0.04221091242622752,804.4680305217314,0.8511522870577188,0.03610650725906576,0.4333269316795217,0.14621556445449344,0.00031431715609433087,0.0012430574762902443,0.5782514473080272,26.67625518149098,0.9989419687858753,0.3823814384282969,1.9119071921414845,0.2110545621311376,0.03346779268446498,6.306199040810909,1.307594850978759,0.0,0.0,0.0006877528503537178,0.0006107445806264877,0.014789673499763012,0.0014550648629665375,7.022172212600708e-06,10905008,True,True,True,
42,dp_fisher_wiener_adaptive_beta_lr5p00,dp_fisher_wiener_adaptive_beta,6f5bfa6c60eeb2ad400161beec4006ab7b7da4908d9989b6db2c608560d2f56e,794,4,1.0238289833068848,5.0,,,0.40234375,0.04994625236173369,1.8936720015282187,1.8944956297188966,0.04090868037242647,1437.4862577805243,0.9767872983310079,0.029668644723096296,0.4236974590228399,0.14999422580777144,0.00030245426180879514,0.0006956588239965909,0.3449936729385542,26.954148314622465,0.9993204892964759,0.38729088009888823,1.936454400494441,0.20454340186213232,0.024973126180866844,8.190540518337375,1.2910192976169292,0.0,0.0,0.0006676008924841881,0.0006076376885175705,0.014820149168372154,0.0014294683933258057,6.389804184436798e-06,10905008,True,True,True,
42,dp_fisher_wiener_adaptive_beta_lr5p00,dp_fisher_wiener_adaptive_beta,6f5bfa6c60eeb2ad400161beec4006ab7b7da4908d9989b6db2c608560d2f56e,795,4,1.0531678199768066,5.0,,,0.46875,0.101368792450359,1.8967242940198408,1.8998803486089781,0.05643756564824125,350.1062531405142,0.6375908417075672,0.057786198863074484,0.6038430759353205,0.17292725384591132,0.0002953404529770443,0.002856275747525872,1.6724018530164404,27.675405076012524,0.9981788647418088,0.4158452282351107,2.0792261411755537,0.28218782824120625,0.0506843962251795,5.567548382779208,1.202370415841606,0.0,0.0,0.000662543810904026,0.0005867453292012215,0.014384142123162746,0.0014295252040028572,6.007961928844452e-06,10905008,True,True,True,
42,dp_fisher_wiener_adaptive_beta_lr5p00,dp_fisher_wiener_adaptive_beta,6f5bfa6c60eeb2ad400161beec4006ab7b7da4908d9989b6db2c608560d2f56e,796,4,1.0417821407318115,5.0,,,0.3828125,0.08953023687686988,1.901741343151107,1.9037192971849752,0.04585989228831591,451.19411751339453,0.7348650649544343,0.045595662548724165,0.5149195856643192,0.14531532547375442,0.0002942467163675882,0.0022163409518416,1.0945519137513955,26.93599793359056,0.9983712884622605,0.38120247306878063,1.9060123653439032,0.22929946144157956,0.04476511843843494,5.122279789157952,1.311638919793873,0.0,0.0,0.0007185544818639755,0.0006323177367448807,0.01469426229596138,0.0015371078625321388,6.598420441150665e-06,10905008,True,True,True,
42,dp_fisher_wiener_adaptive_beta_lr5p00,dp_fisher_wiener_adaptive_beta,6f5bfa6c60eeb2ad400161beec4006ab7b7da4908d9989b6db2c608560d2f56e,797,4,0.8753879070281982,5.0,,,0.35546875,0.05874904166160947,1.897792697378054,1.8986005213503037,0.03751510239912625,1043.5084470406525,0.8391704397105034,0.029219164334069816,0.4452130597009487,0.17586276100839682,0.0002558807454284561,0.0009583056107939981,0.6586281831711724,28.37136279181371,0.99919581825898,0.4193599420645668,2.0967997103228337,0.18757551199563124,0.029374520830804735,6.38565350800675,1.1922931826469616,0.0,0.0,0.0007052319124341011,0.0006206510588526726,0.014528687112033367,0.0014692489057779312,6.370246410369873e-06,10905008,True,True,True,
42,dp_fisher_wiener_adaptive_beta_lr5p00,dp_fisher_wiener_adaptive_beta,6f5bfa6c60eeb2ad400161beec4006ab7b7da4908d9989b6db2c608560d2f56e,798,4,0.7410567402839661,5.0,,,0.41796875,0.07006289127705775,1.8956721342751173,1.897020926081178,0.0474038782337735,732.0661762539368,0.7317724551820807,0.03771087169745993,0.536515230219731,0.2049834975124375,0.0003211844607899226,0.0013659967257511013,0.8717943127161012,28.0496437282954,0.9990004012220228,0.4527510325912438,2.263755162956219,0.2370193911688675,0.03503144563852888,6.765903799911098,1.1043597120855373,0.0,0.0,0.0006909091025590897,0.000607580877840519,0.014535294845700264,0.0014593927189707756,6.495974957942963e-06,10905008,True,True,True,
42,dp_fisher_wiener_adaptive_beta_lr5p00,dp_fisher_wiener_adaptive_beta,6f5bfa6c60eeb2ad400161beec4006ab7b7da4908d9989b6db2c608560d2f56e,799,4,1.387336254119873,5.0,1.4210565499782561,0.7726,0.4296875,0.1189987049376607,1.898952691223152,1.902518727279941,0.06644016847814009,254.65008207766994,0.5432284598608634,0.06121292137731953,0.6882173223435006,0.23705942227143692,0.00032502447393426356,0.00392695730458904,2.864160405872159,28.62941157174759,0.9978667650313381,0.4868874842008541,2.4344374210042705,0.33220084239070047,0.05949935246883035,5.583268197063922,1.0269313059456457,0.0,0.0,0.0006861649453639984,0.0006106626242399216,0.014631513506174088,0.001476014032959938,6.7390501499176025e-06,10905008,True,True,True,
42,dp_fisher_wiener_adaptive_beta_lr5p00,dp_fisher_wiener_adaptive_beta,6f5bfa6c60eeb2ad400161beec4006ab7b7da4908d9989b6db2c608560d2f56e,800,4,1.3987311124801636,5.0,,,0.4609375,0.09013986046669135,1.8946917427076457,1.8964089588990614,0.051014490614096374,441.81795571327797,0.6630986418792423,0.04280788401595399,0.5806173811504817,0.24154244662219598,0.0003497235831233787,0.0022633756436227933,1.563238273309958,28.392685412001256,0.9984991586844665,0.4914696802674566,2.457348401337283,0.2550724530704819,0.04506993023334568,5.659481870599905,1.0173567568336748,0.14640678465366364,0.004747246392071247,0.0006903959438204765,0.0006399368867278099,0.015022964216768742,0.0015489626675844193,7.559545338153839e-06,10905008,True,True,True,
42,dp_fisher_wiener_adaptive_beta_lr5p00,dp_fisher_wiener_adaptive_beta,6f5bfa6c60eeb2ad400161beec4006ab7b7da4908d9989b6db2c608560d2f56e,801,4,1.0542690753936768,5.0,,,0.44921875,0.06945240885003721,1.9001789289317657,1.9011431480563066,0.045517702849502996,748.5388908912713,0.8707641954942641,0.03214560240440628,0.4262860000915012,0.20126733296577126,0.0004163516757981804,0.001335935930599049,0.6458008392213973,26.843129741711103,0.9988367148239189,0.44862827927558385,2.2431413963779194,0.22758851424751497,0.03472620442501861,6.553797571870374,1.1145084318051761,0.0,0.0,0.0008093630895018578,0.0006420332938432693,0.014502174220979214,0.0015801256522536278,6.745569407939911e-06,10905008,True,True,True,
42,dp_fisher_wiener_adaptive_beta_lr5p00,dp_fisher_wiener_adaptive_beta,6f5bfa6c60eeb2ad400161beec4006ab7b7da4908d9989b6db2c608560d2f56e,802,4,0.6267463564872742,5.0,,,0.375,0.06309925886187844,1.8918423664855963,1.8929953766498644,0.04716920111607277,898.9206918195224,0.8785795812818392,0.03493390555641533,0.4549832084373371,0.18972363703509643,0.0003902654646045346,0.0011124451899359898,0.5408040589823423,26.867613196012698,0.9990226283705815,0.43557276893200797,2.17786384466004,0.23584600558036384,0.03154962943093922,7.4753970118458986,1.1479138175345878,0.0,0.0,0.0006955442950129509,0.0005841115489602089,0.01418736856430769,0.0013918625190854073,6.254762411117554e-06,10905008,True,True,True,
42,dp_fisher_wiener_adaptive_beta_lr5p00,dp_fisher_wiener_adaptive_beta,6f5bfa6c60eeb2ad400161beec4006ab7b7da4908d9989b6db2c608560d2f56e,803,4,1.044914722442627,5.0,,,0.41796875,0.09420761490376765,1.9017901114707598,1.9043803432442152,0.06337869018085579,407.52396431026574,0.6781548668074979,0.05221068513874284,0.5755769325299386,0.2064616029956577,0.0004646616327496599,0.002453843423857412,1.0903083251087575,26.47702480418694,0.99833591413954,0.4543804606226567,2.2719023031132837,0.31689345090427895,0.047103807451883827,6.727554905646547,1.1003994302786009,0.0,0.0,0.0006871242076158524,0.0005983533337712288,0.014482066035270691,0.0014750566333532333,6.628222763538361e-06,10905008,True,True,True,
42,dp_fisher_wiener_adaptive_beta_lr5p00,dp_fisher_wiener_adaptive_beta,6f5bfa6c60eeb2ad400161beec4006ab7b7da4908d9989b6db2c608560d2f56e,804,4,1.0958327054977417,5.0,,,0.4296875,0.10575943041177698,1.8953181841965983,1.8982825482837749,0.06288300170821441,321.16340400918915,0.584479161324329,0.05586403606873067,0.6467133635300006,0.242270271570766,0.0003733140448637239,0.003113679788627799,2.0206902415245587,28.122257963926405,0.9981801190483476,0.49220958094166145,2.461047904708307,0.31441500854107207,0.05287971520588849,5.945852909966394,1.0158274429409087,0.0,0.0,0.0006847884505987167,0.0006130598485469818,0.014427202753722668,0.0014658281579613686,6.599351763725281e-06,10905008,True,True,True,
42,dp_fisher_wiener_adaptive_beta_lr5p00,dp_fisher_wiener_adaptive_beta,6f5bfa6c60eeb2ad400161beec4006ab7b7da4908d9989b6db2c608560d2f56e,805,4,1.2020527124404907,5.0,,,0.4296875,0.0995010898302806,1.897774800147737,1.9002501979507027,0.057934096114153615,363.7756922280506,0.6407918370096446,0.0510429431404748,0.5995906994834405,0.23010980116495225,0.00038673100316007856,0.002748946730810749,1.6356578088667257,27.745261270651753,0.9982384973743442,0.47969761429983393,2.3984880714991696,0.28967048057076805,0.0497505449151403,5.822458448626798,1.0423232992908609,0.0,0.0,0.0006959689781069756,0.0006166677922010422,0.014543519355356693,0.0014715706929564476,6.209127604961395e-06,10905008,True,True,True,
42,dp_fisher_wiener_adaptive_beta_lr5p00,dp_fisher_wiener_adaptive_beta,6f5bfa6c60eeb2ad400161beec4006ab7b7da4908d9989b6db2c608560d2f56e,806,4,0.8224446177482605,5.0,,,0.46484375,0.0896803417952107,1.8961108554678947,1.8985976531689719,0.05843598115805222,447.0261607952136,0.6820713845653544,0.05132893559826244,0.5697603352962571,0.19982247800006606,0.00040211044418032925,0.002237005543694548,1.1116448161362553,26.962989865587865,0.9984742025313422,0.44701507580848554,2.235075379042428,0.2921799057902611,0.04484017089760535,6.516030156329058,1.11853050838289,0.0,0.0,0.0006895577535033226,0.000610964372754097,0.01465795561671257,0.0014424026012420654,6.695277988910675e-06,10905008,True,True,True,
42,dp_fisher_wiener_adaptive_beta_lr5p00,dp_fisher_wiener_adaptive_beta,6f5bfa6c60eeb2ad400161beec4006ab7b7da4908d9989b6db2c608560d2f56e,807,4,1.2783410549163818,5.0,,,0.4140625,0.10556070867050739,1.891426425280638,1.8943995639624356,0.0631701919800381,321.0512094292652,0.6265720771823495,0.05600435789495898,0.6112214541095543,0.21500041080811197,0.0004178904826444932,0.0031147678954011257,1.602516459473953,27.113768090423708,0.9980483734096625,0.46368136776035324,2.3184068388017662,0.3158509599001905,0.052780354335253694,5.984252358139992,1.0783267018340474,0.0,0.0,0.0006461599841713905,0.0006138263270258904,0.01462844293564558,0.0014529675245285034,6.532296538352966e-06,10905008,True,True,True,
42,dp_fisher_wiener_adaptive_beta_lr5p00,dp_fisher_wiener_adaptive_beta,6f5bfa6c60eeb2ad400161beec4006ab7b7da4908d9989b6db2c608560d2f56e,808,4,1.0438432693481445,5.0,,,0.39453125,0.11012757399904653,1.900957434425259,1.9039765898410816,0.06097169709358357,297.9563464246137,0.5887471570979289,0.056313748011438604,0.6482271391991785,0.23408080953592691,0.00038087197288511234,0.0033561963419036665,2.0626909095389765,27.885867947867272,0.9980240489448788,0.4838189842657344,2.419094921328672,0.30485848546791783,0.055063786999523266,5.536460568268231,1.033444358860348,0.0,0.0,0.000612286850810051,0.0006026430055499077,0.014686099253594875,0.0014360146597027779,5.425885319709778e-06,10905008,True,True,True,
42,dp_fisher_wiener_adaptive_beta_lr5p00,dp_fisher_wiener_adaptive_beta,6f5bfa6c60eeb2ad400161beec4006ab7b7da4908d9989b6db2c608560d2f56e,809,4,0.7659474611282349,5.0,,,0.4140625,0.06574998694489462,1.9021854725064828,1.9031940254808501,0.046810141614537386,836.9786483210999,0.9296797049680703,0.0326087375514669,0.4053570194394005,0.19338712811194103,0.0004417163658231535,0.0011947736083522697,0.5230819019836209,26.412840730477136,0.9988892432240265,0.43975803359568205,2.19879016797841,0.23405070807268694,0.03287499347244731,7.119414586704833,1.1369888934389953,0.0,0.0,0.0005913916975259781,0.0005681067705154419,0.0148024782538414,0.001455400139093399,5.560927093029022e-06,10905008,True,True,True,
42,dp_fisher_wiener_adaptive_beta_lr5p00,dp_fisher_wiener_adaptive_beta,6f5bfa6c60eeb2ad400161beec4006ab7b7da4908d9989b6db2c608560d2f56e,810,4,0.7729450464248657,5.0,,,0.3984375,0.08065476892097813,1.896294036832665,1.8981720347919087,0.058106575648585734,552.7786438796644,0.6934067263920702,0.04451826134293111,0.5730010839627736,0.23524086035722108,0.0004196602680308686,0.0018090423914128104,1.0140599927624034,27.4861490496504,0.9987455978372731,0.48501635060812237,2.4250817530406117,0.29053287824292867,0.040327384460489064,7.2043570919005475,1.0308930809694559,0.0,0.0,0.0007620304822921753,0.0006742943078279495,0.014271813444793224,0.0015867361798882484,6.934627890586853e-06,10905008,True,True,True,
42,dp_fisher_wiener_adaptive_beta_lr5p00,dp_fisher_wiener_adaptive_beta,6f5bfa6c60eeb2ad400161beec4006ab7b7da4908d9989b6db2c608560d2f56e,811,4,1.3254578113555908,5.0,,,0.41796875,0.1043512617332446,1.9050570011507166,1.9077000145302379,0.06206682324906534,333.28866230394965,0.6156075063203895,0.05266051758292368,0.6205280584914611,0.2309697583720243,0.00041610040945879714,0.003000402092873831,1.6654685510069072,27.443569764658058,0.9981529299494778,0.48059313184025454,2.4029656592012727,0.3103341162453267,0.0521756308666223,5.947874727814843,1.0403810767840016,0.0,0.0,0.0005660532042384148,0.0004898933693766594,0.016240938566625118,0.0012056557461619377,7.657334208488464e-06,10905008,True,True,True,
42,dp_fisher_wiener_adaptive_beta_lr5p00,dp_fisher_wiener_adaptive_beta,6f5bfa6c60eeb2ad400161beec4006ab7b7da4908d9989b6db2c608560d2f56e,812,4,1.071846842765808,5.0,,,0.421875,0.10683730778732888,1.8963140514091867,1.8995825778079305,0.07133390190956507,315.0464969226332,0.5386694923136448,0.05868843142431478,0.679312636888068,0.26922760711247534,0.00041326144112473326,0.0031741346426006583,2.0678548466903393,28.138947049958375,0.9982901905033853,0.5188714745603918,2.594357372801959,0.35666950954782534,0.05341865389366444,6.6768719079132435,0.9636297705952248,0.0,0.0,0.0007989993318915367,0.0007094377651810646,0.014693565666675568,0.0016901865601539612,8.656643331050873e-06,10905008,True,True,True,
42,dp_fisher_wiener_adaptive_beta_lr5p00,dp_fisher_wiener_adaptive_beta,6f5bfa6c60eeb2ad400161beec4006ab7b7da4908d9989b6db2c608560d2f56e,813,4,1.2600996494293213,5.0,,,0.453125,0.13260592800383306,1.8975197496083893,1.9022728156191104,0.0776888224187542,204.76075923286126,0.5156982372317255,0.07065336428427468,0.7062550209888996,0.25910765927982266,0.0003949925794438748,0.004883748251810386,3.203646455845697,28.168913138482377,0.9974814596353146,0.5090261872240196,2.545130936120098,0.388444112093771,0.06630296400191653,5.858623636745472,0.9822677350369217,0.0,0.0,0.0006915479898452759,0.00062557402998209,0.014233463443815708,0.001437976025044918,6.920658051967621e-06,10905008,True,True,True,
42,dp_fisher_wiener_adaptive_beta_lr5p00,dp_fisher_wiener_adaptive_beta,6f5bfa6c60eeb2ad400161beec4006ab7b7da4908d9989b6db2c608560d2f56e,814,4,1.1416815519332886,5.0,,,0.4296875,0.11727927880364412,1.899061137729014,1.9026839125901787,0.07144975307839124,262.20158921221247,0.5159003020818752,0.06168017802798156,0.7019199383370419,0.26430677475534714,0.00035955350616041,0.0038138594160757365,2.8035573667288385,28.663447666642373,0.9980324287750056,0.5141077462510628,2.570538731255314,0.3572487653919562,0.05863963940182206,6.0922742539027865,0.9725587751693866,0.0,0.0,0.0006895940750837326,0.0006090961396694183,0.01435588113963604,0.001466299407184124,7.026828825473785e-06,10905008,True,True,True,
42,dp_fisher_wiener_adaptive_beta_lr5p00,dp_fisher_wiener_adaptive_beta,6f5bfa6c60eeb2ad400161beec4006ab7b7da4908d9989b6db2c608560d2f56e,815,4,1.0354058742523193,5.0,,,0.43359375,0.08299899882129697,1.9004593674982495,1.9024549460149986,0.05581780880740249,524.2898738809866,0.6507415201369682,0.0458444514000993,0.595923079649087,0.23482831250476002,0.00037540927376470177,0.0019073418154201462,1.1930921554705445,27.962454599274093,0.9987588134874326,0.4845908712561144,2.422954356280572,0.27908904403701246,0.04149949941064848,6.725118326576128,1.0317982233196255,0.0,0.0,0.0006847726181149483,0.0006114719435572624,0.01441047340631485,0.0014790622517466545,6.6999346017837524e-06,10905008,True,True,True,
42,dp_fisher_wiener_adaptive_beta_lr5p00,dp_fisher_wiener_adaptive_beta,6f5bfa6c60eeb2ad400161beec4006ab7b7da4908d9989b6db2c608560d2f56e,816,4,0.9831527471542358,5.0,,,0.4296875,0.06822925749216538,1.895955708476431,1.8972129927126615,0.047376741600956784,772.173840883097,0.8334188750443777,0.03640268534330722,0.4671381491591332,0.17418816000059673,0.0003700513032595877,0.0012950451657896868,0.6095952978368606,26.727566929770244,0.9989206849145641,0.417358550889516,2.08679275444758,0.23688370800478392,0.03411462874608269,6.943757464311876,1.1980106767506078,0.0,0.0,0.0006886804476380348,0.0006077289581298828,0.0144523149356246,0.001463436521589756,6.831251084804535e-06,10905008,True,True,True,
42,dp_fisher_wiener_adaptive_beta_lr5p00,dp_fisher_wiener_adaptive_beta,6f5bfa6c60eeb2ad400161beec4006ab7b7da4908d9989b6db2c608560d2f56e,817,4,0.8268783092498779,5.0,,,0.44140625,0.07338635422658735,1.8984533992487347,1.8998731732675291,0.050994714520352646,669.220531389875,0.8014713314356913,0.03865282583310859,0.490291063921381,0.1868686472438777,0.0003893901365606794,0.0014942757326007082,0.7171041544084313,26.811514947607094,0.9988023808388381,0.43228306379486775,2.161415318974339,0.25497357260176323,0.036693177113293673,6.9488006396273425,1.1566495240630328,0.0,0.0,0.0006957482546567917,0.0006150165572762489,0.01455812156200409,0.0014384705573320389,6.73346221446991e-06,10905008,True,True,True,
42,dp_fisher_wiener_adaptive_beta_lr5p00,dp_fisher_wiener_adaptive_beta,6f5bfa6c60eeb2ad400161beec4006ab7b7da4908d9989b6db2c608560d2f56e,818,4,1.0382198095321655,5.0,,,0.4140625,0.08208054495722121,1.8984976333212218,1.9003970046617755,0.05610800150237492,534.9826008005472,0.7020446390597891,0.04472440248860334,0.5597260847342275,0.21533930830858233,0.00041700545746852207,0.0018692196687423006,0.9652546822269992,27.12981574519558,0.9986877243521396,0.46404666608928713,2.3202333304464355,0.2805400075118746,0.041040272478610605,6.835724778661031,1.0774778412107322,0.0,0.0,0.0006102947518229485,0.0006034160032868385,0.01474937703460455,0.0014329683035612106,7.140450179576874e-06,10905008,True,True,True,
42,dp_fisher_wiener_adaptive_beta_lr5p00,dp_fisher_wiener_adaptive_beta,6f5bfa6c60eeb2ad400161beec4006ab7b7da4908d9989b6db2c608560d2f56e,819,4,1.152606725692749,5.0,,,0.44140625,0.07895308732902012,1.9061367650944967,1.907688069212775,0.05227335638924181,582.8675558339389,0.7199697947550319,0.040333835412381086,0.5425178402050216,0.20108909609357156,0.0003471194452890265,0.0017156556233577825,0.9938931482314584,27.629095783115858,0.9987647797727827,0.4484295887801914,2.242147943900957,0.26136678194620905,0.03947654366451006,6.620812200804714,1.115002248979543,0.0,0.0,0.0007555196061730385,0.0006647054105997086,0.01408185251057148,0.0015767719596624374,6.965361535549164e-06,10905008,True,True,True,
42,dp_fisher_wiener_adaptive_beta_lr5p00,dp_fisher_wiener_adaptive_beta,6f5bfa6c60eeb2ad400161beec4006ab7b7da4908d9989b6db2c608560d2f56e,820,4,1.1047910451889038,5.0,,,0.41015625,0.08346226837912847,1.8967071236327735,1.898567281606169,0.0516193172003139,516.4403687699731,0.6779756246382083,0.04425682325199204,0.5695749141577728,0.21028122093546722,0.0003318060032584875,0.0019363319762122912,1.2271455242310556,28.01916250121494,0.9986872141187321,0.4585643040353961,2.2928215201769806,0.2580965860015695,0.041731134189564235,6.184748893307753,1.0903596193573655,0.0,0.0,0.0006873002275824547,0.0006064176559448242,0.014019847847521305,0.0014488250017166138,7.0212408900260925e-06,10905008,True,True,True,
42,dp_fisher_wiener_adaptive_beta_lr5p00,dp_fisher_wiener_adaptive_beta,6f5bfa6c60eeb2ad400161beec4006ab7b7da4908d9989b6db2c608560d2f56e,821,4,0.9571270942687988,5.0,,,0.4140625,0.08594519392214536,1.8975468109887847,1.8995319545099654,0.05489337103651424,487.4631662546754,0.7131445525034327,0.04570844372881043,0.5439122631209685,0.20643260643605216,0.0003988758670577548,0.0020514370502034834,1.0616924510856571,27.13940534334027,0.9985370288426456,0.45434855170458305,2.2717427585229153,0.2744668551825712,0.04297259696107268,6.3870204406034325,1.100476711377302,0.0,0.0,0.0006908439099788666,0.0006330301985144615,0.014204504899680614,0.0014455989003181458,6.270594894886017e-06,10905008,True,True,True,
42,dp_fisher_wiener_adaptive_beta_lr5p00,dp_fisher_wiener_adaptive_beta,6f5bfa6c60eeb2ad400161beec4006ab7b7da4908d9989b6db2c608560d2f56e,822,4,0.928701639175415,5.0,,,0.4453125,0.09775078560807743,1.89906420760231,1.9015264053436391,0.05668410761010499,377.4320571490543,0.698009644424868,0.05087545524311392,0.5503305864150677,0.1898843152934365,0.00040153274235189335,0.002649483479089194,1.2529373148166791,26.747681275620423,0.9981506349786579,0.4357571746895701,2.1787858734478505,0.283420538050525,0.048875392804038714,5.798839084139417,1.1474280380008628,0.0,0.0,0.000682673417031765,0.0006002439185976982,0.014393752440810204,0.00147174671292305,6.727874279022217e-06,10905008,True,True,True,
42,dp_fisher_wiener_adaptive_beta_lr5p00,dp_fisher_wiener_adaptive_beta,6f5bfa6c60eeb2ad400161beec4006ab7b7da4908d9989b6db2c608560d2f56e,823,4,1.1361021995544434,5.0,,,0.4609375,0.1591452864203611,1.8994490551804235,1.9061292749788252,0.08324904600027312,142.45173379233373,0.5464738743656397,0.08364772164498684,0.6950481921877942,0.20967299832027805,0.0003542414531502079,0.007019921578617222,4.155041684645073,27.72243124515398,0.9961637962570387,0.45790064241085976,2.289503212054299,0.4162452300013656,0.07957264321018055,5.231009216278994,1.09193993999745,0.0,0.0,0.0007226234301924706,0.0006488291546702385,0.01468521449714899,0.0015422524884343147,6.8247318267822266e-06,10905008,True,True,True,
42,dp_fisher_wiener_adaptive_beta_lr5p00,dp_fisher_wiener_adaptive_beta,6f5bfa6c60eeb2ad400161beec4006ab7b7da4908d9989b6db2c608560d2f56e,824,4,2.1630074977874756,5.0,,,0.44140625,0.10124011747212523,1.8958932470408516,1.898844266595175,0.054436817591444295,350.6892703540292,0.6688486833312602,0.055784418939330296,0.5767831519820731,0.17866022686601205,0.00031221148904356927,0.0028515272192178353,1.6317608972573896,27.575790000460053,0.9980927597737568,0.4226821818648286,2.113410909324143,0.2721840879572215,0.050620058736062616,5.377000634689817,1.1829218771249608,0.0,0.0,0.0006883535534143448,0.0006019575521349907,0.01470301765948534,0.0014742380008101463,7.321126759052277e-06,10905008,True,True,True,
42,dp_fisher_wiener_adaptive_beta_lr5p00,dp_fisher_wiener_adaptive_beta,6f5bfa6c60eeb2ad400161beec4006ab7b7da4908d9989b6db2c608560d2f56e,825,4,0.8400086164474487,5.0,,,0.40625,0.08681006140230847,1.897919470724852,1.9000364361424655,0.05153748939056381,477.9862851772099,0.7227506525235254,0.047216905521681236,0.5303407763726941,0.17404778114856195,0.0003433019015097601,0.002092110235958513,1.0606616002978455,27.049922816038027,0.9984879259616092,0.4171903416290482,2.0859517081452412,0.25768744695281903,0.043405030701154236,5.936810613522495,1.1984937092416796,0.0,0.0,0.0006986455991864204,0.0006117792800068855,0.014676560647785664,0.0014813560992479324,6.7856162786483765e-06,10905008,True,True,True,
42,dp_fisher_wiener_adaptive_beta_lr5p00,dp_fisher_wiener_adaptive_beta,6f5bfa6c60eeb2ad400161beec4006ab7b7da4908d9989b6db2c608560d2f56e,826,4,0.8807958960533142,5.0,,,0.37109375,0.10073602598159184,1.8960358539673994,1.8987080045215472,0.06316819312033436,354.26109694832917,0.5812012283797028,0.05303511861142053,0.6474681430134548,0.23936786178870134,0.00034411793784111413,0.0028227767838900834,1.9635188064474816,28.423585282214926,0.9983593986655998,0.48925234980396504,2.446261749019825,0.31584096560167185,0.05036801299079592,6.270665583991112,1.0219674983662714,0.0,0.0,0.0007010065019130707,0.0006021000444889069,0.014661955647170544,0.0014830436557531357,6.9979578256607056e-06,10905008,True,True,True,
42,dp_fisher_wiener_adaptive_beta_lr5p00,dp_fisher_wiener_adaptive_beta,6f5bfa6c60eeb2ad400161beec4006ab7b7da4908d9989b6db2c608560d2f56e,827,4,1.116658329963684,5.0,,,0.42578125,0.09568397385806995,1.9001940982153456,1.9024556340456653,0.0577106144355733,394.3823970083153,0.731597692963015,0.04876891466955728,0.52407385268426,0.1736048573186945,0.00041735393056800023,0.0025356101273186736,1.0547264608862843,26.190573638274376,0.9981449534803973,0.41665916204818354,2.0832958102409176,0.2885530721778665,0.04784198692903498,6.031377262818369,1.2000216136876374,0.0,0.0,0.0007216604426503181,0.0006384085863828659,0.014769664034247398,0.0015442892909049988,7.298775017261505e-06,10905008,True,True,True,
42,dp_fisher_wiener_adaptive_beta_lr5p00,dp_fisher_wiener_adaptive_beta,6f5bfa6c60eeb2ad400161beec4006ab7b7da4908d9989b6db2c608560d2f56e,828,4,1.3327003717422485,5.0,,,0.43359375,0.0848347306672265,1.902201058142747,1.9042985862315542,0.04894701124126973,502.7654982308044,0.7412803014654206,0.046985792785273074,0.5126903938516673,0.16211752040887126,0.00033002698106709874,0.0019889988540973944,0.9770460616720834,26.912805053605943,0.9985255943296154,0.4026382003845031,2.0131910019225154,0.24473505620634867,0.04241736533361325,5.769690179381343,1.241809643300806,0.0,0.0,0.0007145032286643982,0.0006656087934970856,0.014545063488185406,0.001507607288658619,7.274560630321503e-06,10905008,True,True,True,
42,dp_fisher_wiener_adaptive_beta_lr5p00,dp_fisher_wiener_adaptive_beta,6f5bfa6c60eeb2ad400161beec4006ab7b7da4908d9989b6db2c608560d2f56e,829,4,0.8518515825271606,5.0,,,0.35546875,0.06496723039315498,1.8991163009364471,1.9000095939805028,0.04572203614768729,854.5046242595595,0.9003084102861301,0.030843222869057652,0.42271212277627496,0.193497175428593,0.0004047081579003706,0.0011702686812599893,0.5595233992555461,26.795326704644552,0.9989463972637176,0.4398831383772206,2.199415691886103,0.22861018073843642,0.03248361519657749,7.037707451832065,1.136665528584298,0.0,0.0,0.0007353806868195534,0.0006389692425727844,0.014345352537930012,0.0014965906739234924,6.970018148422241e-06,10905008,True,True,True,
42,dp_fisher_wiener_adaptive_beta_lr5p00,dp_fisher_wiener_adaptive_beta,6f5bfa6c60eeb2ad400161beec4006ab7b7da4908d9989b6db2c608560d2f56e,830,4,0.32398420572280884,5.0,,,0.36328125,0.045941433968682846,1.8973643542162497,1.8979092092684435,0.040867287824166175,1705.6596704121814,1.2934833691862446,0.023961241817076522,0.27981456649236564,0.1449061398592886,0.0003916622924157951,0.0005862834285600899,0.21691153353593542,25.681750251052105,0.9992416521351687,0.38066539093971835,1.9033269546985918,0.20433643912083088,0.022970716984341423,8.895518553087678,1.3134895157250213,0.0,0.0,0.0007258392870426178,0.0006360020488500595,0.014228526502847672,0.001504329964518547,6.80144876241684e-06,10905008,True,True,True,
42,dp_fisher_wiener_adaptive_beta_lr5p00,dp_fisher_wiener_adaptive_beta,6f5bfa6c60eeb2ad400161beec4006ab7b7da4908d9989b6db2c608560d2f56e,831,4,0.9901931285858154,5.0,,,0.4140625,0.07431609829356073,1.8986223472167925,1.900207721253279,0.051136250461582454,652.6966378816336,0.8054662315410901,0.04087867904514681,0.48540313594900175,0.19261742947851457,0.0004243170050448908,0.001532105333136414,0.6954946120727229,26.57005145300024,0.9987659408907712,0.43888202227764417,2.194410111388221,0.2556812523079123,0.037158049146780364,6.880911624048094,1.139258330528181,0.0,0.0,0.0006116405129432678,0.0005886657163500786,0.0146615169942379,0.0013892725110054016,5.953945219516754e-06,10905008,True,True,True,
42,dp_fisher_wiener_adaptive_beta_lr5p00,dp_fisher_wiener_adaptive_beta,6f5bfa6c60eeb2ad400161beec4006ab7b7da4908d9989b6db2c608560d2f56e,832,4,0.8673309683799744,5.0,,,0.4140625,0.09118008777187378,1.9031780213543057,1.9054544153944815,0.05824311882923848,435.67116339590643,0.6406459383907046,0.04887707315870311,0.6006709662854163,0.22626804603835785,0.0003798848916102326,0.0022953091319718915,1.3671381081487417,27.74971204434579,0.9985295195270742,0.4756764089571374,2.378382044785687,0.2912155941461924,0.04559004388593689,6.387701553181344,1.0511347432493825,0.0,0.0,0.0007577370852231979,0.000670664943754673,0.014317783527076244,0.0015794774517416954,7.329508662223816e-06,10905008,True,True,True,
42,dp_fisher_wiener_adaptive_beta_lr5p00,dp_fisher_wiener_adaptive_beta,6f5bfa6c60eeb2ad400161beec4006ab7b7da4908d9989b6db2c608560d2f56e,833,4,0.9262802004814148,5.0,,,0.3515625,0.09225930864618201,1.8948265768991688,1.8976162511954389,0.06541855291980826,421.8116237329737,0.5885309805891689,0.05452435872236724,0.6446822077745432,0.2494925305861564,0.0004111912109743865,0.002370726513016349,1.4384513602014584,27.830137243956013,0.9986047540004218,0.499492272799246,2.49746136399623,0.3270927645990413,0.046129654323091004,7.0907265487185445,1.0010164865952933,0.0,0.0,0.0006176400929689407,0.0005851909518241882,0.014625896699726582,0.0013886438682675362,5.6782737374305725e-06,10905008,True,True,True,
42,dp_fisher_wiener_adaptive_beta_lr5p00,dp_fisher_wiener_adaptive_beta,6f5bfa6c60eeb2ad400161beec4006ab7b7da4908d9989b6db2c608560d2f56e,834,4,1.1206917762756348,5.0,,,0.390625,0.06868469509223073,1.8994420405294343,1.9007016637040777,0.05309811845381514,764.7722881655459,0.8145356314060164,0.03640138224067619,0.5064883602274819,0.22095940621174623,0.00041999124233581714,0.001307578759406206,0.687923454111078,27.210722590458122,0.9989349305093682,0.47006319384923795,2.3503159692461897,0.2654905922690757,0.034342347546115363,7.730706000946518,1.0636867692289473,0.0,0.0,0.0005573108792304993,0.0005434826016426086,0.01502520777285099,0.0014057690277695656,5.636364221572876e-06,10905008,True,True,True,
42,dp_fisher_wiener_adaptive_beta_lr5p00,dp_fisher_wiener_adaptive_beta,6f5bfa6c60eeb2ad400161beec4006ab7b7da4908d9989b6db2c608560d2f56e,835,4,1.34146249294281,5.0,,,0.44140625,0.1029324922887109,1.8945077429304809,1.8974183478343496,0.0692307035524998,338.75662105868884,0.6254545677338376,0.05537949859145161,0.6147296248354384,0.24405739536890328,0.0004616243817241347,0.00295197182207131,1.560685661878284,27.23203232723801,0.9981536757398897,0.4940216547570595,2.4701082737852973,0.34615351776249903,0.05146624614435545,6.725835740668984,1.0121013829745344,0.0,0.0,0.0007900260388851166,0.0006688470020890236,0.0144289406016469,0.0015877578407526016,7.497146725654602e-06,10905008,True,True,True,
42,dp_fisher_wiener_adaptive_beta_lr5p00,dp_fisher_wiener_adaptive_beta,6f5bfa6c60eeb2ad400161beec4006ab7b7da4908d9989b6db2c608560d2f56e,836,4,0.9870168566703796,5.0,,,0.48046875,0.11273836396339634,1.8984673584675642,1.901570587614385,0.06375226465436552,283.571651552535,0.5907140285869791,0.05714696365358385,0.6446313161801056,0.23418103259698525,0.00034556277822494005,0.0035264455894872203,2.389802145899955,28.31024759259149,0.9979168791190773,0.4839225481386306,2.419612740693153,0.3187613232718276,0.05636918198169817,5.654886447876208,1.0332231922694588,0.0,0.0,0.0006964616477489471,0.0006080204620957375,0.014317043125629425,0.001449020579457283,6.356276571750641e-06,10905008,True,True,True,
42,dp_fisher_wiener_adaptive_beta_lr5p00,dp_fisher_wiener_adaptive_beta,6f5bfa6c60eeb2ad400161beec4006ab7b7da4908d9989b6db2c608560d2f56e,837,4,0.9070718884468079,5.0,,,0.4453125,0.08726042372616104,1.8972005638964387,1.8996425123024283,0.05456558154146666,472.70680567758126,0.6721802295802285,0.050934208027867835,0.5747815112483594,0.20188008480430616,0.0003820930875141121,0.0021154762060913946,1.1177185078413783,27.22924297140556,0.9985780187179312,0.44931067737625174,2.2465533868812586,0.2728279077073333,0.04363021186308052,6.253187780918033,1.1128157534974144,0.0,0.0,0.0006876513361930847,0.0006043780595064163,0.014302746392786503,0.0014584055170416832,6.062909960746765e-06,10905008,True,True,True,
42,dp_fisher_wiener_adaptive_beta_lr5p00,dp_fisher_wiener_adaptive_beta,6f5bfa6c60eeb2ad400161beec4006ab7b7da4908d9989b6db2c608560d2f56e,838,4,0.8989474177360535,5.0,,,0.40625,0.07185758480075596,1.8976325238157374,1.8991573708161424,0.05302815151164596,697.3952710195256,0.8935573691865909,0.04013016606517092,0.44110023019838646,0.18261457948674328,0.0004884151668514057,0.0014339070558137721,0.536126540890163,25.72746305378513,0.9987187217833008,0.4273342713693149,2.1366713568465743,0.2651407575582298,0.03592879240037798,7.37961784510355,1.1700442335145997,0.0,0.0,0.000753854401409626,0.0006211381405591965,0.013938847929239273,0.0016065100207924843,7.315538823604584e-06,10905008,True,True,True,
42,dp_fisher_wiener_adaptive_beta_lr5p00,dp_fisher_wiener_adaptive_beta,6f5bfa6c60eeb2ad400161beec4006ab7b7da4908d9989b6db2c608560d2f56e,839,4,0.7776709794998169,5.0,,,0.390625,0.04922184899276696,1.902981471797088,1.9037100349737424,0.04285758866550954,1494.6973758873426,1.0588257433498731,0.0277266636659292,0.4015706466841504,0.19958757107776823,0.000364634403852504,0.0006690317489808371,0.3662035734867204,27.382758495167458,0.9992916119607683,0.44675224798289287,2.233761239914464,0.2142879433275477,0.02461092449638348,8.707025343575769,1.119188548589076,0.0,0.0,0.0005729347467422485,0.0004911106079816818,0.015689129009842873,0.0013179844245314598,5.494803190231323e-06,10905008,True,True,True,
42,dp_fisher_wiener_adaptive_beta_lr5p00,dp_fisher_wiener_adaptive_beta,6f5bfa6c60eeb2ad400161beec4006ab7b7da4908d9989b6db2c608560d2f56e,840,4,1.0128991603851318,5.0,,,0.40234375,0.06356735283887234,1.8986112672685158,1.8995011263296282,0.04674691397947328,892.0801071981392,0.8538202701821647,0.030728045651465582,0.4670849351954924,0.21517790115027005,0.00035836399817140696,0.001120975562265439,0.6730842658101506,27.784732932123795,0.999042888342322,0.4638727208516039,2.3193636042580197,0.2337345698973664,0.03178367641943617,7.353918621795447,1.0778818790658646,0.0,0.0,0.0007884539663791656,0.0006625987589359283,0.014496950432658195,0.0015846854075789452,7.828697562217712e-06,10905008,True,True,True,
42,dp_fisher_wiener_adaptive_beta_lr5p00,dp_fisher_wiener_adaptive_beta,6f5bfa6c60eeb2ad400161beec4006ab7b7da4908d9989b6db2c608560d2f56e,841,4,1.0429351329803467,5.0,,,0.3984375,0.08633090203537436,1.900660868520242,1.902797273172262,0.054470716532280423,484.7041178726309,0.6718708963993283,0.04741806438815095,0.5755030560729831,0.20324424530018492,0.00034066124883791384,0.002063114306217482,1.230888782569539,27.756955230557715,0.9986138535415214,0.45082618080606734,2.254130904030337,0.27235358266140214,0.04316545101768718,6.30952709247715,1.109074896903507,0.0,0.0,0.0007058717310428619,0.0006065098568797112,0.014299754053354263,0.0014378949999809265,6.508082151412964e-06,10905008,True,True,True,
42,dp_fisher_wiener_adaptive_beta_lr5p00,dp_fisher_wiener_adaptive_beta,6f5bfa6c60eeb2ad400161beec4006ab7b7da4908d9989b6db2c608560d2f56e,842,4,1.1615639925003052,5.0,,,0.3828125,0.09819154040743913,1.894613992907506,1.8972946894831217,0.05764172582458568,372.30025578222694,0.6204653740965258,0.053158124592485645,0.6167816271431901,0.21841641438299367,0.0003229937792388348,0.002686004063561383,1.816342647584748,28.300911147397958,0.9983334274837048,0.46735041926053056,2.3367520963026527,0.28820862912292844,0.049095770203719566,5.870335222793246,1.0698610280270202,0.0,0.0,0.0006919857114553452,0.0006044628098607063,0.014509526081383228,0.0014763548970222473,6.777234375476837e-06,10905008,True,True,True,
42,dp_fisher_wiener_adaptive_beta_lr5p00,dp_fisher_wiener_adaptive_beta,6f5bfa6c60eeb2ad400161beec4006ab7b7da4908d9989b6db2c608560d2f56e,843,4,1.2033275365829468,5.0,,,0.43359375,0.0663512419916928,1.897541956760587,1.8986226949740512,0.047569319163482865,817.8707217461932,0.8807914873763408,0.03375702229270875,0.44160389446778986,0.19004810999812677,0.00039157994419814775,0.0012226871230180852,0.5934149084484898,26.860431142379696,0.9989230675900764,0.4359450768137275,2.1797253840686377,0.23784659581741432,0.0331756209958464,7.1693185740222765,1.1469334707328172,0.0,0.0,0.0007202504202723503,0.000666632317006588,0.014495901763439178,0.0015079574659466743,6.83218240737915e-06,10905008,True,True,True,
42,dp_fisher_wiener_adaptive_beta_lr5p00,dp_fisher_wiener_adaptive_beta,6f5bfa6c60eeb2ad400161beec4006ab7b7da4908d9989b6db2c608560d2f56e,844,4,0.7100930213928223,5.0,,,0.3671875,0.07539324395245575,1.8986397024303916,1.8999726125481444,0.051330266966982424,634.1912649275316,0.8269023928457324,0.03751384906256625,0.4675386709679067,0.19116035360278275,0.0004484866099965595,0.0015768113739915094,0.6720910122288963,26.296483434376192,0.9986961309015506,0.43721888523116514,2.186094426155826,0.2566513348349121,0.037696621976227876,6.808337760077081,1.1435919556276666,0.0,0.0,0.0006820280104875565,0.000584741123020649,0.015268976800143719,0.001397530548274517,6.609596312046051e-06,10905008,True,True,True,
42,dp_fisher_wiener_adaptive_beta_lr5p00,dp_fisher_wiener_adaptive_beta,6f5bfa6c60eeb2ad400161beec4006ab7b7da4908d9989b6db2c608560d2f56e,845,4,1.091153860092163,5.0,,,0.453125,0.11459151706536462,1.9006138353904392,1.9041321038529972,0.06086651269896693,275.09508720320196,0.6403195610856036,0.060764553274479896,0.6041600265085781,0.18061948242242637,0.0003585893963342895,0.0036351067192447097,1.8309830140970378,27.021671499077065,0.9976723700608566,0.42499350868269314,2.1249675434134656,0.3043325634948347,0.05729575853268231,5.311607198915562,1.1764885575514317,0.0,0.0,0.0006068544462323189,0.0005974220111966133,0.015555942431092262,0.0016658371314406395,5.6996941566467285e-06,10905008,True,True,True,
42,dp_fisher_wiener_adaptive_beta_lr5p00,dp_fisher_wiener_adaptive_beta,6f5bfa6c60eeb2ad400161beec4006ab7b7da4908d9989b6db2c608560d2f56e,846,4,0.9808106422424316,5.0,,,0.38671875,0.07730246882814876,1.9017817848680139,1.903137969855187,0.04792688369370398,605.2497771192823,0.8317371812329128,0.0378468388546371,0.4456934685448711,0.17583129402363012,0.00041579231097116603,0.0016522104387909568,0.6986908887969902,26.26219717918245,0.9986257951466064,0.41932242251474,2.0966121125737,0.2396344184685199,0.03865123441407438,6.19991630526191,1.1923998650018093,0.0,0.0,0.0006917072460055351,0.0006117364391684532,0.014834332279860973,0.0014466792345046997,6.926245987415314e-06,10905008,True,True,True,
42,dp_fisher_wiener_adaptive_beta_lr5p00,dp_fisher_wiener_adaptive_beta,6f5bfa6c60eeb2ad400161beec4006ab7b7da4908d9989b6db2c608560d2f56e,847,4,0.7645130157470703,5.0,,,0.3515625,0.039137383873259976,1.8948910286577405,1.8952461291282878,0.04298051823826855,2344.1472829362106,1.5317662326932273,0.019397473968552216,0.30698901351478036,0.1868947037367457,0.00041993002827301224,0.0004265943554938648,0.18986073944951007,26.484200622084675,0.9993465571707704,0.4323132009744159,2.1615660048720793,0.21490259119134275,0.019568691936629988,10.981959952984479,1.1565688923490292,0.0,0.0,0.0006897058337926865,0.0006130905821919441,0.014740877784788609,0.0014531705528497696,7.026828825473785e-06,10905008,True,True,True,
42,dp_fisher_wiener_adaptive_beta_lr5p00,dp_fisher_wiener_adaptive_beta,6f5bfa6c60eeb2ad400161beec4006ab7b7da4908d9989b6db2c608560d2f56e,848,4,0.7744385004043579,5.0,,,0.33984375,0.04277756571661095,1.8939201451998287,1.8944013560432857,0.04035809291260996,1960.1585109080254,1.270895465838933,0.02253823508878067,0.3281524654491024,0.1634539211983419,0.00035437842526398687,0.0005101628230004769,0.23530809977185585,26.63928068695271,0.9993516363810548,0.4042943496987583,2.0214717484937914,0.20179046456304978,0.021388782858305474,9.434406150664069,1.2367227006049324,0.0,0.0,0.0006896471604704857,0.0006072632968425751,0.014739207923412323,0.0014531444758176804,6.4354389905929565e-06,10905008,True,True,True,
42,dp_fisher_wiener_adaptive_beta_lr5p00,dp_fisher_wiener_adaptive_beta,6f5bfa6c60eeb2ad400161beec4006ab7b7da4908d9989b6db2c608560d2f56e,849,4,0.7282847762107849,5.0,,,0.37109375,0.04749340173182346,1.894030180528317,1.8946581099052118,0.042751380137304944,1590.4031800801147,1.1278440792043491,0.02575271332005683,0.3790647182805739,0.20620412090285245,0.00039036069086364344,0.0006287713782778093,0.3321421759570412,27.22831261472072,0.9992908439235219,0.4540970390817941,2.2704851954089706,0.21375690068652473,0.02374670086591173,9.001540967081038,1.101086237007673,0.0,0.0,0.0007013473659753799,0.0006125029176473618,0.014873258769512177,0.0014555687084794044,6.887130439281464e-06,10905008,True,True,True,
42,dp_fisher_wiener_adaptive_beta_lr5p00,dp_fisher_wiener_adaptive_beta,6f5bfa6c60eeb2ad400161beec4006ab7b7da4908d9989b6db2c608560d2f56e,850,4,0.6542379856109619,5.0,,,0.3984375,0.08831726418742016,1.9006350481904914,1.9026455009602734,0.0507894926856893,463.1335597409822,0.7044929710217274,0.045961026592928216,0.5444668877052121,0.17169764338828566,0.000353795521785092,0.0021592043565808305,1.0478660032370317,26.86012002402444,0.9984788557075943,0.4143641434635551,2.0718207173177756,0.25394746342844654,0.04415863209371008,5.750800044797308,1.20666811519798,0.14517328143119812,0.00469442643225193,0.0005653500556945801,0.0004921471700072289,0.0160532109439373,0.0012683430686593056,5.193985998630524e-06,10905008,True,True,True,
42,dp_fisher_wiener_adaptive_beta_lr5p00,dp_fisher_wiener_adaptive_beta,6f5bfa6c60eeb2ad400161beec4006ab7b7da4908d9989b6db2c608560d2f56e,851,4,1.3669230937957764,5.0,,,0.421875,0.08798863498238911,1.8942065596574555,1.8961114821997205,0.04942846330047503,463.4485330650099,0.7267618351472761,0.044841157636570525,0.5240782849477932,0.16496868330523187,0.00036293699832796344,0.002157736897465336,0.9807735676067546,26.57570264551613,0.9984318391724305,0.4061633702160153,2.0308168510800764,0.24714231650237517,0.043994317491194555,5.617596330394783,1.2310317391074614,0.0,0.0,0.0005578380078077316,0.0005196025595068932,0.014857254922389984,0.0014354242011904716,5.321577191352844e-06,10905008,True,True,True,
42,dp_fisher_wiener_adaptive_beta_lr5p00,dp_fisher_wiener_adaptive_beta,6f5bfa6c60eeb2ad400161beec4006ab7b7da4908d9989b6db2c608560d2f56e,852,4,1.0838909149169922,5.0,,,0.40234375,0.08337582267435256,1.8988694780987874,1.901006849305094,0.056382087967519486,518.6924938860328,0.603159063670363,0.047550357443481114,0.631537247907772,0.22615023759694372,0.00032436159524219636,0.0019279245634805531,1.3441807050692387,28.433676201703506,0.9988371548252967,0.47555256028849613,2.3777628014424805,0.28191043983759745,0.04168791133717628,6.762402595580126,1.051408491409701,0.0,0.0,0.0007859021425247192,0.000671781599521637,0.014319723471999168,0.0015854369848966599,6.852671504020691e-06,10905008,True,True,True,
42,dp_fisher_wiener_adaptive_beta_lr5p00,dp_fisher_wiener_adaptive_beta,6f5bfa6c60eeb2ad400161beec4006ab7b7da4908d9989b6db2c608560d2f56e,853,4,1.3002641201019287,5.0,,,0.46484375,0.11311365320471378,1.8974232924944225,1.900772352496075,0.0640144309862517,281.38335100223617,0.5936572822121666,0.05933649180380366,0.6419693726262605,0.19608516958121305,0.0003222410247525723,0.003553870534129852,2.1625468276219504,27.842639176867454,0.9978902188772096,0.44281505121349823,2.214075256067491,0.3200721549312585,0.05655682660235689,5.659301876606013,1.1291395778636295,0.0,0.0,0.0006856778636574745,0.0005969153717160225,0.01420936081558466,0.0014437241479754448,6.31529837846756e-06,10905008,True,True,True,
42,dp_fisher_wiener_adaptive_beta_lr5p00,dp_fisher_wiener_adaptive_beta,6f5bfa6c60eeb2ad400161beec4006ab7b7da4908d9989b6db2c608560d2f56e,854,4,1.5531394481658936,5.0,,,0.46875,0.14057433094203228,1.9016057920406184,1.9064474397898472,0.0716717560207192,182.9906638503426,0.5688576564965393,0.07126630738623983,0.6777380848091389,0.21008600456349497,0.00036000533406384423,0.00546475967083742,3.1890347605753844,27.660881857064183,0.9968913296201733,0.4583513985617312,2.291756992808656,0.35835878010359595,0.07028716547101614,5.098495261503631,1.0908660943718462,0.0,0.0,0.0007052691653370857,0.0006190240383148193,0.014187408611178398,0.0014454396441578865,1.199822872877121e-05,10905008,True,True,True,
42,dp_fisher_wiener_adaptive_beta_lr5p00,dp_fisher_wiener_adaptive_beta,6f5bfa6c60eeb2ad400161beec4006ab7b7da4908d9989b6db2c608560d2f56e,855,4,1.0280998945236206,5.0,,,0.37890625,0.1015029160062696,1.8959554335538231,1.899144623411272,0.059186897873324575,348.8985874388177,0.6340111508934995,0.05811663036829466,0.6053800537624905,0.17930493646595985,0.00038186660205886215,0.0028661623632340433,1.3458025848436963,26.716805691493377,0.998182821101262,0.42344413618086607,2.1172206809043304,0.29593448936662287,0.0507514580031348,5.831053944154918,1.1807933025320105,0.0,0.0,0.0007153358310461044,0.0006261011585593224,0.014160003513097763,0.0014435527846217155,6.7623332142829895e-06,10905008,True,True,True,
42,dp_fisher_wiener_adaptive_beta_lr5p00,dp_fisher_wiener_adaptive_beta,6f5bfa6c60eeb2ad400161beec4006ab7b7da4908d9989b6db2c608560d2f56e,856,4,1.0542534589767456,5.0,,,0.421875,0.09346441066242073,1.8949042212175855,1.8969404208054892,0.05471666952458499,411.03800843356623,0.7085316138267607,0.04640970386739607,0.5416501402800069,0.1806334355738695,0.0003950916443841841,0.0024328650377033727,1.112290720481855,26.60100296594232,0.998276238208416,0.42500992408868465,2.1250496204434235,0.27358334762292497,0.046732205331210364,5.8542785575402005,1.1764431173482226,0.0,0.0,0.0006922613829374313,0.0006335573270916939,0.014393370598554611,0.001448613591492176,6.590038537979126e-06,10905008,True,True,True,
42,dp_fisher_wiener_adaptive_beta_lr5p00,dp_fisher_wiener_adaptive_beta,6f5bfa6c60eeb2ad400161beec4006ab7b7da4908d9989b6db2c608560d2f56e,857,4,0.779538094997406,5.0,,,0.375,0.06141856883610266,1.894052070003526,1.8950489754098188,0.04644447071710604,951.0085981669487,0.9148621768080392,0.03243207466770417,0.4343914521973668,0.1838276772246375,0.0003936344747733645,0.0010515152036081569,0.49105860829727793,26.693177718224415,0.9990380085116253,0.428751299968452,2.1437564998422602,0.23222235358553023,0.03070928441805133,7.561959126649818,1.1661772221696456,0.0,0.0,0.0006947573274374008,0.0006110174581408501,0.014383611269295216,0.0014730719849467278,6.749294698238373e-06,10905008,True,True,True,
42,dp_fisher_wiener_adaptive_beta_lr5p00,dp_fisher_wiener_adaptive_beta,6f5bfa6c60eeb2ad400161beec4006ab7b7da4908d9989b6db2c608560d2f56e,858,4,1.016605257987976,5.0,,,0.3984375,0.08676237479184941,1.9016170855196293,1.9037166305037505,0.052571948823322626,480.3781885076266,0.675931532989557,0.046973080232116285,0.5703791285487217,0.18656938743755652,0.0003392092267695719,0.002081693182143728,1.1449577160950677,27.40372728201818,0.9985929179359928,0.43193678639073624,2.159683931953681,0.2628597441166131,0.043381187395924704,6.0593026583511005,1.1575767930692877,0.0,0.0,0.0007205568253993988,0.0006605368107557297,0.01446372177451849,0.0015092510730028152,6.8675726652145386e-06,10905008,True,True,True,
42,dp_fisher_wiener_adaptive_beta_lr5p00,dp_fisher_wiener_adaptive_beta,6f5bfa6c60eeb2ad400161beec4006ab7b7da4908d9989b6db2c608560d2f56e,859,4,1.0786330699920654,5.0,,,0.43359375,0.10697367728341259,1.9027358899586038,1.9056268397716172,0.05522137221951683,316.3757368629015,0.629184894413701,0.0550722166130685,0.6172748912991999,0.18067508829962278,0.0002997667900163291,0.0031607986434992567,1.9050728518130653,27.8011475773965,0.9980112732390531,0.42505892332666395,2.1252946166333198,0.27610686109758414,0.053486838641706294,5.162145830715223,1.1763075012886306,0.0,0.0,0.0007186392322182655,0.0006372192874550819,0.01424118410795927,0.0015148259699344635,6.919726729393005e-06,10905008,True,True,True,
42,dp_fisher_wiener_adaptive_beta_lr5p00,dp_fisher_wiener_adaptive_beta,6f5bfa6c60eeb2ad400161beec4006ab7b7da4908d9989b6db2c608560d2f56e,860,4,0.9395288228988647,5.0,,,0.41015625,0.08369150390108235,1.895219740966549,1.897023118165084,0.05098582793155824,512.8098975742953,0.7001584182149475,0.043596311352187445,0.5506956412009882,0.19017085987613871,0.00036857681023825585,0.0019500403650303429,1.0061426614010462,27.126159624932058,0.9986346628223701,0.4360858400316831,2.1804292001584153,0.2549291396577912,0.041845751950541174,6.092115155512271,1.1465632545246751,0.0,0.0,0.0006141504272818565,0.0005899406969547272,0.014537997543811798,0.0013770470395684242,6.279908120632172e-06,10905008,True,True,True,
42,dp_fisher_wiener_adaptive_beta_lr5p00,dp_fisher_wiener_adaptive_beta,6f5bfa6c60eeb2ad400161beec4006ab7b7da4908d9989b6db2c608560d2f56e,861,4,1.0850533246994019,5.0,,,0.375,0.07397994888804475,1.899661238938715,1.9011365493026096,0.0496725648219049,659.3625379616599,0.7507590126509287,0.03939106127168019,0.5213202233693552,0.18573207705428577,0.00035414061616818453,0.0015166163411533642,0.7954024195693137,27.197111763777148,0.9988613866129374,0.43096644539254536,2.1548322269627267,0.2483628241095245,0.036989974444022376,6.714328080400875,1.1601831310635224,0.0,0.0,0.000643446110188961,0.0006418004631996155,0.015104769729077816,0.0015622563660144806,7.978640496730804e-06,10905008,True,True,True,
42,dp_fisher_wiener_adaptive_beta_lr5p00,dp_fisher_wiener_adaptive_beta,6f5bfa6c60eeb2ad400161beec4006ab7b7da4908d9989b6db2c608560d2f56e,862,4,0.793968677520752,5.0,,,0.41015625,0.08054840593769366,1.8968035890536894,1.898565707182288,0.05161532944336257,554.5373787039711,0.7152354388336465,0.04307932176514007,0.5425944006232881,0.2019883281163469,0.0003892337987901549,0.00180330494976322,0.9358040150028724,27.151157291765628,0.9987102123927064,0.4494311160971689,2.2471555804858445,0.25807664721681284,0.04027420296884683,6.407988940464794,1.1125175407098102,0.0,0.0,0.0007061026990413666,0.0006109969690442085,0.01481324341148138,0.001450815238058567,7.534399628639221e-06,10905008,True,True,True,
42,dp_fisher_wiener_adaptive_beta_lr5p00,dp_fisher_wiener_adaptive_beta,6f5bfa6c60eeb2ad400161beec4006ab7b7da4908d9989b6db2c608560d2f56e,863,4,0.9400999546051025,5.0,,,0.40625,0.09796614247467011,1.902788806388813,1.9049793839116984,0.05573829440256389,377.249923746568,0.6643718333460998,0.04806087721268955,0.5794289227554884,0.18962199107503383,0.0003589266543598606,0.002650762629622999,1.400405573830803,27.228829912012973,0.9982389079718086,0.4354560724975986,2.177280362487993,0.27869147201281946,0.04898307123733506,5.689546714145404,1.148221443166599,0.0,0.0,0.0006874660030007362,0.0006089415401220322,0.01457339245826006,0.0014468878507614136,7.084570825099945e-06,10905008,True,True,True,
42,dp_fisher_wiener_adaptive_beta_lr5p00,dp_fisher_wiener_adaptive_beta,6f5bfa6c60eeb2ad400161beec4006ab7b7da4908d9989b6db2c608560d2f56e,864,4,1.2858713865280151,5.0,,,0.4140625,0.0980825849702028,1.897081786429753,1.8995152484797306,0.0575382870669107,374.1005119691734,0.6573990344811457,0.0506122389523862,0.5853227119511493,0.20464031723957685,0.0004131304981342878,0.0026730784051377503,1.3240843147454902,26.949039433197015,0.9982427208371873,0.4523718793642868,2.2618593968214338,0.2876914353345535,0.0490412924851014,5.866310220434892,1.1052853256518491,0.0,0.0,0.0006806207820773125,0.000608726404607296,0.014645605348050594,0.0014429334551095963,6.658025085926056e-06,10905008,True,True,True,
42,dp_fisher_wiener_adaptive_beta_lr5p00,dp_fisher_wiener_adaptive_beta,6f5bfa6c60eeb2ad400161beec4006ab7b7da4908d9989b6db2c608560d2f56e,865,4,0.9316744804382324,5.0,,,0.375,0.09373420327268447,1.894815160084566,1.8971740601368696,0.05749350284246279,408.63683975332304,0.6528226738075804,0.04985383389295048,0.5896929740944026,0.18776972510005172,0.00035206571184735237,0.002447160663462363,1.3051617049887403,27.27001839376612,0.9984024380322599,0.4333240416824939,2.1666202084124695,0.2874675142123139,0.04686710163634224,6.133673817441035,1.1538708954561243,0.0,0.0,0.000689435750246048,0.0006073908880352974,0.014691930264234543,0.0014335215091705322,6.854534149169922e-06,10905008,True,True,True,
42,dp_fisher_wiener_adaptive_beta_lr5p00,dp_fisher_wiener_adaptive_beta,6f5bfa6c60eeb2ad400161beec4006ab7b7da4908d9989b6db2c608560d2f56e,866,4,0.9413174390792847,5.0,,,0.39453125,0.10331504735094459,1.8987922211948138,1.9017481222179538,0.060880246635325236,337.77517646844206,0.6512468960664243,0.0557515004136627,0.5905546201501736,0.2035190194512046,0.0004482537351851433,0.0029605491154246076,1.3441673886846979,26.570810840650925,0.9980719515777469,0.4511308229895233,2.2556541149476166,0.30440123317662615,0.05165752367547229,5.892679546218113,1.1083259545103246,0.0,0.0,0.0006184820085763931,0.0006051342934370041,0.014812551438808441,0.0014439001679420471,6.767921149730682e-06,10905008,True,True,True,
42,dp_fisher_wiener_adaptive_beta_lr5p00,dp_fisher_wiener_adaptive_beta,6f5bfa6c60eeb2ad400161beec4006ab7b7da4908d9989b6db2c608560d2f56e,867,4,1.0723543167114258,5.0,,,0.453125,0.07967773368005591,1.9046459985940107,1.906544315390768,0.05446622750096808,571.4188881728484,0.6595898064072017,0.04470892504685166,0.5907809581905339,0.2392325126823589,0.0003713622428679185,0.0017500296551970435,1.1273736075143008,28.090224551606035,0.9988456982783399,0.4891140078574308,2.445570039287154,0.2723311375048404,0.03983886684002796,6.83581535066105,1.022256553618722,0.0,0.0,0.0007477486506104469,0.0006782384589314461,0.014053050428628922,0.0016065062955021858,7.364898920059204e-06,10905008,True,True,True,
42,dp_fisher_wiener_adaptive_beta_lr5p00,dp_fisher_wiener_adaptive_beta,6f5bfa6c60eeb2ad400161beec4006ab7b7da4908d9989b6db2c608560d2f56e,868,4,1.1206974983215332,5.0,,,0.40625,0.09909318336999241,1.899489100418837,1.9020064591181023,0.05946192620658066,367.4396772541474,0.6398984745073366,0.05143678713652836,0.6000845990342268,0.220706377022276,0.00041929562626856725,0.0027215351574735166,1.4325457423782528,27.212945490716102,0.9982584938042373,0.46979397295226766,2.3489698647613384,0.2973096310329033,0.049546591684996207,6.000607123838441,1.064296327296087,0.0,0.0,0.0005562910810112953,0.0004857480525970459,0.015850084833800793,0.0011737262830138206,5.8300793170928955e-06,10905008,True,True,True,
42,dp_fisher_wiener_adaptive_beta_lr5p00,dp_fisher_wiener_adaptive_beta,6f5bfa6c60eeb2ad400161beec4006ab7b7da4908d9989b6db2c608560d2f56e,869,4,0.7454625964164734,5.0,,,0.34375,0.07941816024090688,1.895036021868214,1.8965817555409104,0.04974463792754546,569.370936556565,0.695632970578588,0.04039247897184983,0.5561453256902018,0.2032346677672749,0.0003497973041117884,0.0017563242793686698,1.0204366271143643,27.641813333075245,0.9987782429240498,0.45081555847960136,2.254077792398007,0.2487231896377273,0.03970908012045344,6.263635140300084,1.1091010294435415,0.0,0.0,0.0006818054243922234,0.0006751371547579765,0.015055997297167778,0.0015810411423444748,6.771646440029144e-06,10905008,True,True,True,
42,dp_fisher_wiener_adaptive_beta_lr5p00,dp_fisher_wiener_adaptive_beta,6f5bfa6c60eeb2ad400161beec4006ab7b7da4908d9989b6db2c608560d2f56e,870,4,0.7212885618209839,5.0,,,0.3203125,0.05513961098939723,1.90632782183541,1.9069324048428766,0.04372173180589057,1195.2748365142681,1.0591096512348732,0.025420521066190728,0.3591908784141263,0.18018397850483847,0.00041257232323442137,0.000836627668484244,0.36538297237670725,26.4021608069673,0.9991139195615267,0.42448083408422393,2.12240417042112,0.21860865902945284,0.027569805494698615,7.9292782483924205,1.1779094834223163,0.0,0.0,0.0006900718435645103,0.0006040232256054878,0.014595750719308853,0.001449843868613243,6.549060344696045e-06,10905008,True,True,True,
42,dp_fisher_wiener_adaptive_beta_lr5p00,dp_fisher_wiener_adaptive_beta,6f5bfa6c60eeb2ad400161beec4006ab7b7da4908d9989b6db2c608560d2f56e,871,4,0.8629904389381409,5.0,,,0.39453125,0.08475740706357936,1.9023148054090864,1.9041725492091128,0.05142353736035532,503.74349574405005,0.7435625877954444,0.04416337874378893,0.5146900839174742,0.1793888638377923,0.00039087432991529526,0.0019851372937003987,0.9110639820065151,26.617583290703397,0.9985239261765614,0.4235432254655861,2.1177161273279306,0.2571176868017766,0.04237870353178968,6.06714376249941,1.1805170521832504,0.0,0.0,0.000684225931763649,0.0006100907921791077,0.01468358188867569,0.0014373306185007095,6.590038537979126e-06,10905008,True,True,True,
42,dp_fisher_wiener_adaptive_beta_lr5p00,dp_fisher_wiener_adaptive_beta,6f5bfa6c60eeb2ad400161beec4006ab7b7da4908d9989b6db2c608560d2f56e,872,4,1.362086534500122,5.0,,,0.45703125,0.11538943957261683,1.8963006798347217,1.8996564961083395,0.06137738709492352,270.0736869682216,0.6836142139488733,0.0594279702448911,0.5633600725225129,0.16240035542254252,0.0004370465521787756,0.003702693184035669,1.375868739320458,25.700592765488004,0.9974687863093115,0.4029892745750717,2.0149463728753587,0.3068869354746176,0.05769471978630841,5.319151156396223,1.240727809756177,0.0,0.0,0.0006357291713356972,0.0006028953939676285,0.014703904278576374,0.0014550704509019852,6.627291440963745e-06,10905008,True,True,True,
42,dp_fisher_wiener_adaptive_beta_lr5p00,dp_fisher_wiener_adaptive_beta,6f5bfa6c60eeb2ad400161beec4006ab7b7da4908d9989b6db2c608560d2f56e,873,4,1.0757193565368652,5.0,,,0.3984375,0.09061929417404986,1.8963348848331008,1.8986378352213302,0.054983285890340815,437.9138877113759,0.6547699538978098,0.04926234546598257,0.5878661892637602,0.18443923170039056,0.0003494383494410183,0.002283553977025354,1.2052968469510754,27.224827386528506,0.9985047974675578,0.4294638887035679,2.1473194435178393,0.2749164294517041,0.04530964708702493,6.067503216646392,1.1642422405017494,0.0,0.0,0.0007548369467258453,0.0006637480109930038,0.014152131043374538,0.001581300050020218,7.537193596363068e-06,10905008,True,True,True,
42,dp_fisher_wiener_adaptive_beta_lr5p00,dp_fisher_wiener_adaptive_beta,6f5bfa6c60eeb2ad400161beec4006ab7b7da4908d9989b6db2c608560d2f56e,874,4,0.96510910987854,5.0,,,0.4140625,0.1044090377272881,1.894180715499759,1.8974297938232503,0.06190793834901673,329.1293675177684,0.5952904451934855,0.05860538365160069,0.6377438731649998,0.20762793252128608,0.00036966990213424956,0.003038318966945429,1.7064951227764258,27.494716864866295,0.9981913177493613,0.455662081504799,2.278310407523995,0.30953969174508367,0.05220451886364405,5.929365857152302,1.0973043847486281,0.0,0.0,0.0005604308098554611,0.0004886509850621223,0.01595614291727543,0.001182258129119873,5.755573511123657e-06,10905008,True,True,True,
42,dp_fisher_wiener_adaptive_beta_lr5p00,dp_fisher_wiener_adaptive_beta,6f5bfa6c60eeb2ad400161beec4006ab7b7da4908d9989b6db2c608560d2f56e,875,4,1.0373990535736084,5.0,,,0.32421875,0.0836380430228539,1.8938115641748265,1.8959366896126877,0.05160571951721541,512.7029344304259,0.6840850276355267,0.047451540721684775,0.5645099566879438,0.186790723479645,0.00036270743016779796,0.0019504471940807063,1.0044609290045372,27.11798851404296,0.998665728277145,0.43219292391204767,2.1609646195602386,0.25802859758607705,0.04181902151142695,6.170125178787391,1.156890759508581,0.0,0.0,0.0007621441036462784,0.0006751539185643196,0.015227981843054295,0.001589963212609291,7.3229894042015076e-06,10905008,True,True,True,
42,dp_fisher_wiener_adaptive_beta_lr5p00,dp_fisher_wiener_adaptive_beta,6f5bfa6c60eeb2ad400161beec4006ab7b7da4908d9989b6db2c608560d2f56e,876,4,1.1461596488952637,5.0,,,0.40625,0.07052616449269142,1.9025396884738484,1.9037732240788774,0.048602613324704225,727.7243702650833,0.7208589400857277,0.0360075338731951,0.547099177696239,0.22644080206833278,0.000328212773464196,0.001374146642133769,0.9480522781629702,28.38799204897496,0.9990094341078299,0.47585796417453474,2.379289820872674,0.24301306662352112,0.03526308224634571,6.891430105824427,1.0507337013184037,0.0,0.0,0.0006852084770798683,0.0006097219884395599,0.014580796472728252,0.0014782240614295006,6.397254765033722e-06,10905008,True,True,True,
42,dp_fisher_wiener_adaptive_beta_lr5p00,dp_fisher_wiener_adaptive_beta,6f5bfa6c60eeb2ad400161beec4006ab7b7da4908d9989b6db2c608560d2f56e,877,4,0.9540733098983765,5.0,,,0.37109375,0.06140349321658917,1.8975728030943526,1.898474458101096,0.04677268860553552,955.0161964595575,0.901998196319014,0.030852411148839947,0.4451921240352353,0.21231359369794905,0.0004026856974722499,0.0010471026600823153,0.5520785318026348,27.220115961391723,0.9990555152889944,0.4607749924832608,2.303874962416304,0.2338634430276776,0.030701746608294583,7.617268359477577,1.0851283341230353,0.0,0.0,0.0007188599556684494,0.0006289156153798103,0.014708531089127064,0.0015331795439124107,6.595626473426819e-06,10905008,True,True,True,
42,dp_fisher_wiener_adaptive_beta_lr5p00,dp_fisher_wiener_adaptive_beta,6f5bfa6c60eeb2ad400161beec4006ab7b7da4908d9989b6db2c608560d2f56e,878,4,0.6615312099456787,5.0,,,0.39453125,0.06494988960345752,1.8982426554290306,1.899365126044881,0.04287951324123956,854.1745387907033,0.8824896585751196,0.0343747847057341,0.419093746390572,0.15818316496409554,0.0003487038928621367,0.0011707209175052437,0.5310762045044888,26.567034643583888,0.9989668508969791,0.39772247228952945,1.9886123614476472,0.2143975662061978,0.03247494480172876,6.601937817248659,1.2571580306248287,0.0,0.0,0.0006869323551654816,0.0006040893495082855,0.014543990604579449,0.001474984921514988,6.491318345069885e-06,10905008,True,True,True,
42,dp_fisher_wiener_adaptive_beta_lr5p00,dp_fisher_wiener_adaptive_beta,6f5bfa6c60eeb2ad400161beec4006ab7b7da4908d9989b6db2c608560d2f56e,879,4,1.1560494899749756,5.0,,,0.375,0.07287401439394128,1.9000792657922634,1.9011527907932004,0.04223908565928382,679.8264371603217,0.845775111868203,0.03389283014807928,0.42284909472889887,0.20854144117189838,0.0004174981923677077,0.0014709636830078053,0.7347502140800788,26.985377705337402,0.9987558955262157,0.4566633784002155,2.2833168920010776,0.21119542829641907,0.03643700719697064,5.796179339015023,1.0948983948537907,0.0,0.0,0.0006185360252857208,0.0005813548341393471,0.014664975926280022,0.0013856226578354836,6.289221346378326e-06,10905008,True,True,True,
42,dp_fisher_wiener_adaptive_beta_lr5p00,dp_fisher_wiener_adaptive_beta,6f5bfa6c60eeb2ad400161beec4006ab7b7da4908d9989b6db2c608560d2f56e,880,4,1.0225012302398682,5.0,,,0.3203125,0.05121966060075014,1.898048701839455,1.8986785810847946,0.04430895989613113,1373.2237647203312,1.0163203070391458,0.025783805838064836,0.4231057313585554,0.20975863816167695,0.0003791671980763541,0.00072821343855945,0.40285409678002676,27.42889094709707,0.9992599018942511,0.45799414642730635,2.2899707321365317,0.22154479948065564,0.02560983030037507,8.650771866643733,1.0917170097025883,0.0,0.0,0.0007262518629431725,0.0006599957123398781,0.014591812156140804,0.0015132967382669449,6.870366632938385e-06,10905008,True,True,True,
42,dp_fisher_wiener_adaptive_beta_lr5p00,dp_fisher_wiener_adaptive_beta,6f5bfa6c60eeb2ad400161beec4006ab7b7da4908d9989b6db2c608560d2f56e,881,4,1.0677940845489502,5.0,,,0.328125,0.05354143233825097,1.9008658020704594,1.9015642321943187,0.044703511321464835,1260.4422269705517,0.995437290020868,0.027120531068254503,0.42019890477602134,0.20532779523783024,0.0003833677227831043,0.0007933723404795543,0.42492203628925174,27.288321979730338,0.99921024758714,0.45313110160066283,2.2656555080033143,0.22351755660732417,0.026770716169125484,8.349330484357994,1.1034334174649936,0.0,0.0,0.0006867349147796631,0.0006410330533981323,0.01435087900608778,0.0014440640807151794,6.732530891895294e-06,10905008,True,True,True,
42,dp_fisher_wiener_adaptive_beta_lr5p00,dp_fisher_wiener_adaptive_beta,6f5bfa6c60eeb2ad400161beec4006ab7b7da4908d9989b6db2c608560d2f56e,882,4,1.199876308441162,5.0,,,0.44140625,0.049431512432429416,1.897895859628046,1.898498984946459,0.0390440181510884,1474.1339876674954,1.1481553380426393,0.02521787078324537,0.3011447256488512,0.15637799748480505,0.00035863759115420347,0.0006783643874684397,0.29578958551783646,26.39519837767434,0.9992211323070713,0.39544657981174275,1.9772328990587138,0.195220090755442,0.024715756216214708,7.898608848531601,1.2643932847687465,0.0,0.0,0.0006865039467811584,0.0006430130451917648,0.014503538608551025,0.0014548562467098236,6.5034255385398865e-06,10905008,True,True,True,
42,dp_fisher_wiener_adaptive_beta_lr5p00,dp_fisher_wiener_adaptive_beta,6f5bfa6c60eeb2ad400161beec4006ab7b7da4908d9989b6db2c608560d2f56e,883,4,0.48980021476745605,5.0,,,0.33203125,0.04670971670323385,1.8987172944679438,1.8992374881445144,0.04311029357689915,1652.365602409086,1.343835500456578,0.023432174310360567,0.27519855526620707,0.13485340915431773,0.0004308886837917506,0.0006051929416125724,0.18940467556325327,24.954968407048547,0.9991867202400625,0.36722392236116336,1.8361196118058167,0.21555146788449575,0.023354858351616926,9.229405917606137,1.3615670699875875,0.0,0.0,0.0006909817457199097,0.0006222482770681381,0.014476040378212929,0.0014412328600883484,6.720423698425293e-06,10905008,True,True,True,
42,dp_fisher_wiener_adaptive_beta_lr5p00,dp_fisher_wiener_adaptive_beta,6f5bfa6c60eeb2ad400161beec4006ab7b7da4908d9989b6db2c608560d2f56e,884,4,0.7762781381607056,5.0,,,0.35546875,0.05744026941970888,1.9006056650016445,1.901681151377243,0.044861378057056936,1094.8411247294857,1.0668616418840513,0.033820763704087375,0.34769994774279933,0.13960959615231483,0.0004413681141062803,0.0009133745318013306,0.28891042511638415,25.00114315111582,0.999025555747052,0.3736436753811241,1.8682183769056204,0.22430689028528467,0.02872013470985444,7.810091858674691,1.3381733264684643,0.0,0.0,0.0007194643840193748,0.0006724344566464424,0.014472909271717072,0.0015197144821286201,6.716698408126831e-06,10905008,True,True,True,
42,dp_fisher_wiener_adaptive_beta_lr5p00,dp_fisher_wiener_adaptive_beta,6f5bfa6c60eeb2ad400161beec4006ab7b7da4908d9989b6db2c608560d2f56e,885,4,0.6213359832763672,5.0,,,0.36328125,0.04162552850611203,1.9005629716095014,1.9009825071629936,0.04010750594981881,2084.7069098201055,1.3983929294273791,0.02102611700044925,0.27502990617837025,0.16974023947875208,0.0003796804546952198,0.00047968373621828524,0.21444778428938802,26.50366568624846,0.9993292136545239,0.41199543623534485,2.0599771811767242,0.20053752974909406,0.020812764253056015,9.635314526277455,1.2136056762365945,0.0,0.0,0.0007184166461229324,0.0006416328251361847,0.014268285594880581,0.0015001362189650536,6.624497473239899e-06,10905008,True,True,True,
42,dp_fisher_wiener_adaptive_beta_lr5p00,dp_fisher_wiener_adaptive_beta,6f5bfa6c60eeb2ad400161beec4006ab7b7da4908d9989b6db2c608560d2f56e,886,4,1.1049233675003052,5.0,,,0.375,0.04130324260244739,1.899971965807469,1.900441428523074,0.04009696453826114,2116.050797999339,1.334377737930859,0.022231589365693052,0.3131787124505535,0.15942534673576794,0.0003598071412792968,0.000472578446774062,0.20939268313321496,26.46487590451667,0.9993694018408291,0.3992810372854788,1.9964051864273942,0.20048482269130571,0.020651621301223694,9.707945916561922,1.2522508040902947,0.0,0.0,0.0006141476333141327,0.0005341153591871262,0.015219274908304214,0.0012893583625555038,5.695037543773651e-06,10905008,True,True,True,
42,dp_fisher_wiener_adaptive_beta_lr5p00,dp_fisher_wiener_adaptive_beta,6f5bfa6c60eeb2ad400161beec4006ab7b7da4908d9989b6db2c608560d2f56e,887,4,0.97161865234375,5.0,,,0.38671875,0.06303643839945733,1.8967963138606614,1.897675011185876,0.047829168401181676,905.4366283233462,0.8898074975474569,0.030545147207551897,0.45199123561075194,0.21254780164822257,0.00041514364342619316,0.0011044395250497246,0.5654577559402548,27.092582244025813,0.9990172614297756,0.46102906811634187,2.3051453405817095,0.23914584200590838,0.031518219199728664,7.587542953580944,1.0845303139817188,0.0,0.0,0.0006107091903686523,0.000565163791179657,0.01535865105688572,0.0015817321836948395,5.561858415603638e-06,10905008,True,True,True,
42,dp_fisher_wiener_adaptive_beta_lr5p00,dp_fisher_wiener_adaptive_beta,6f5bfa6c60eeb2ad400161beec4006ab7b7da4908d9989b6db2c608560d2f56e,888,4,0.9148688316345215,5.0,,,0.4453125,0.11730810032805603,1.8998728438702026,1.9039595609676785,0.06698150869331601,262.2968447509561,0.5760302446678602,0.06560643200820321,0.6567537885590116,0.20853618599013907,0.00039475900769463075,0.0038124743775569555,2.013985367993616,27.22849377271296,0.9978038994513463,0.45665762447389296,2.283288122369465,0.33490754346658,0.05865405016402801,5.709879241489547,1.0949121906700805,0.0,0.0,0.0006671641021966934,0.0006057573482394218,0.01479222159832716,0.001437314786016941,6.441026926040649e-06,10905008,True,True,True,
42,dp_fisher_wiener_adaptive_beta_lr5p00,dp_fisher_wiener_adaptive_beta,6f5bfa6c60eeb2ad400161beec4006ab7b7da4908d9989b6db2c608560d2f56e,889,4,1.8892394304275513,5.0,,,0.4609375,0.1505218167211645,1.8989695929305623,1.9049650243938563,0.08464116353618442,159.1611683816206,0.5200030338751644,0.07927606447177868,0.7079610010672628,0.2343870742691953,0.0003696494155502058,0.006282939551925673,3.9838824475194783,28.021436337429137,0.9967328523712001,0.4841353883669271,2.4206769418346354,0.42320581768092214,0.07526090836058225,5.6231824315443975,1.032768956810933,0.0,0.0,0.000637453980743885,0.0006057405844330788,0.01481704879552126,0.0014336146414279938,6.910413503646851e-06,10905008,True,True,True,
42,dp_fisher_wiener_adaptive_beta_lr5p00,dp_fisher_wiener_adaptive_beta,6f5bfa6c60eeb2ad400161beec4006ab7b7da4908d9989b6db2c608560d2f56e,890,4,1.8767979145050049,5.0,,,0.45703125,0.13119946096474727,1.9019089308183705,1.9066973326810963,0.06833072760644093,210.14319648531384,0.5819534766950826,0.0708561863789957,0.6617461237573198,0.18966675625790289,0.00034013286520530724,0.004758659888432389,2.6535500588795653,27.463426189055433,0.9972306813333565,0.43550746980723865,2.1775373490361933,0.34165363803220467,0.06559973048237364,5.208156123732815,1.1480859334517466,0.0,0.0,0.0007545873522758484,0.0006664097309112549,0.014311197213828564,0.001590132713317871,7.096678018569946e-06,10905008,True,True,True,
42,dp_fisher_wiener_adaptive_beta_lr5p00,dp_fisher_wiener_adaptive_beta,6f5bfa6c60eeb2ad400161beec4006ab7b7da4908d9989b6db2c608560d2f56e,891,4,1.535313606262207,5.0,,,0.3984375,0.12083891949032201,1.9021534291690956,1.9057489882331664,0.05747620118632703,247.78637518014895,0.6295950221708323,0.06143069294287508,0.6271943491255603,0.17593257724744488,0.0003256860994785296,0.0040357344071247124,2.1800658852636765,27.32547041349443,0.9974591217062967,0.4194431752305011,2.0972158761525055,0.2873810059316351,0.060419459745161004,4.756431241507337,1.1920565872219464,0.0,0.0,0.0006185006350278854,0.0005787424743175507,0.014586709439754486,0.0013837479054927826,6.382353603839874e-06,10905008,True,True,True,
42,dp_fisher_wiener_adaptive_beta_lr5p00,dp_fisher_wiener_adaptive_beta,6f5bfa6c60eeb2ad400161beec4006ab7b7da4908d9989b6db2c608560d2f56e,892,4,0.8373943567276001,5.0,,,0.33984375,0.07719515642913177,1.8987689792889673,1.9003199496908116,0.04702154920453766,605.0122282977734,0.7542099018978575,0.040394446318143214,0.5063193068454631,0.17899771800866535,0.0003517502632547422,0.0016528591540132215,0.8411024737746653,27.066130626468453,0.9987533972593915,0.423081219163254,2.1154060958162697,0.2351077460226883,0.038597578214565886,6.0912564179447015,1.1818061812993965,0.0,0.0,0.0007551973685622215,0.0006650490686297417,0.014286388643085957,0.001583886332809925,7.244758307933807e-06,10905008,True,True,True,
42,dp_fisher_wiener_adaptive_beta_lr5p00,dp_fisher_wiener_adaptive_beta,6f5bfa6c60eeb2ad400161beec4006ab7b7da4908d9989b6db2c608560d2f56e,893,4,0.8634268641471863,5.0,,,0.375,0.06819110331517313,1.8975215473871676,1.8984936520774802,0.04413046787682084,774.3155800905919,0.885854072252727,0.032211209943898186,0.41176941997901884,0.17898140976281907,0.00039531658240066626,0.0012914631004424235,0.5847158873464221,26.558628918334094,0.9988559521530629,0.423061945538498,2.11530972769249,0.2206523393841042,0.03409555165758656,6.471587308326642,1.1818600213791124,0.0,0.0,0.0006138645112514496,0.0005363551899790764,0.015221094712615013,0.001289975829422474,6.29667192697525e-06,10905008,True,True,True,
42,dp_fisher_wiener_adaptive_beta_lr5p00,dp_fisher_wiener_adaptive_beta,6f5bfa6c60eeb2ad400161beec4006ab7b7da4908d9989b6db2c608560d2f56e,894,4,0.7278194427490234,5.0,,,0.3828125,0.0565635742855443,1.8961224575924511,1.8969035650982524,0.04361191893728014,1123.7224928347018,0.9813579515380344,0.028715979063286948,0.39760153984234514,0.16541726023727021,0.00036962980455967134,0.0008898994245141141,0.39824906652332404,26.508138401037904,0.999126690123411,0.40671520777722364,2.0335760388861184,0.2180595946864007,0.02828178714277215,7.710248068054603,1.2293614559715291,0.0,0.0,0.0006127385422587395,0.0005529075860977173,0.015376356430351734,0.0015781624242663383,5.300156772136688e-06,10905008,True,True,True,
42,dp_fisher_wiener_adaptive_beta_lr5p00,dp_fisher_wiener_adaptive_beta,6f5bfa6c60eeb2ad400161beec4006ab7b7da4908d9989b6db2c608560d2f56e,895,4,1.0673787593841553,5.0,,,0.41796875,0.08137053427909957,1.8934011866281526,1.8951135464804487,0.05038730491252621,541.4407700539513,0.6679869079114349,0.04250298374433584,0.5777006270828149,0.2238816696835986,0.0003416583635963392,0.0018469240869117525,1.2102512103876069,28.16426480178007,0.9987662788898504,0.47316135692129235,2.3658067846064617,0.25193652456263105,0.040685267139549786,6.192328139134509,1.0567219674325927,0.0,0.0,0.0007532928138971329,0.0006641903892159462,0.014119303785264492,0.0015973597764968872,6.977468729019165e-06,10905008,True,True,True,
42,dp_fisher_wiener_adaptive_beta_lr5p00,dp_fisher_wiener_adaptive_beta,6f5bfa6c60eeb2ad400161beec4006ab7b7da4908d9989b6db2c608560d2f56e,896,4,1.1976594924926758,5.0,,,0.359375,0.09753313299433512,1.8965302554673722,1.899213535959434,0.06152575593576798,378.1074206327863,0.6198862051109594,0.05316928431733045,0.616695443790375,0.21861607565294097,0.0003953691319735899,0.002644751055721248,1.4623931151346823,27.426793344330576,0.9983605553044335,0.46756398027750273,2.3378199013875136,0.3076287796788399,0.04876656649716756,6.308190257569175,1.0693723663276562,0.0,0.0,0.0005621882155537605,0.0004926342517137527,0.015917456708848476,0.001178434118628502,5.315989255905151e-06,10905008,True,True,True,
42,dp_fisher_wiener_adaptive_beta_lr5p00,dp_fisher_wiener_adaptive_beta,6f5bfa6c60eeb2ad400161beec4006ab7b7da4908d9989b6db2c608560d2f56e,897,4,0.8471801280975342,5.0,,,0.41796875,0.08812934738054456,1.895114163387508,1.8972102010960528,0.057299051180070566,462.41258632626887,0.6881190144112387,0.046996550342607794,0.5649307116760088,0.19703575766161283,0.0003869785243013045,0.0021625708932701683,1.1011044991968164,27.068581836150145,0.9985118938481369,0.4438871001297659,2.2194355006488293,0.28649525590035285,0.04406467369027228,6.501699250234045,1.1264125491655506,0.0,0.0,0.0006010066717863083,0.0006680171936750412,0.01525945495814085,0.0015797317028045654,7.582828402519226e-06,10905008,True,True,True,
42,dp_fisher_wiener_adaptive_beta_lr5p00,dp_fisher_wiener_adaptive_beta,6f5bfa6c60eeb2ad400161beec4006ab7b7da4908d9989b6db2c608560d2f56e,898,4,1.2885171175003052,5.0,,,0.41015625,0.1103262969872198,1.8994597482193496,1.9027032232943504,0.06109705335690057,296.4163165466359,0.6252072988651662,0.058365859968353154,0.6152843809029106,0.19390164001145999,0.0003978758460322685,0.0033736334476048785,1.6441135203595634,26.878339068404603,0.9978907797446885,0.4403426393292614,2.201713196646307,0.30548526678450283,0.0551631484936099,5.537850451272781,1.1354794093083387,0.0,0.0,0.0006878217682242393,0.0006121443584561348,0.01483173482120037,0.001440919004380703,6.720423698425293e-06,10905008,True,True,True,
42,dp_fisher_wiener_adaptive_beta_lr5p00,dp_fisher_wiener_adaptive_beta,6f5bfa6c60eeb2ad400161beec4006ab7b7da4908d9989b6db2c608560d2f56e,899,4,0.880408763885498,5.0,1.0284163705825806,0.8074,0.42578125,0.11106609996961161,1.8952374619827612,1.8981590852009902,0.05782275691891284,291.18179586348094,0.6523722325212887,0.055541288379277326,0.5941700110816736,0.18075646450968036,0.000359703184071424,0.0034342806251098906,1.725779617718254,27.011495555852896,0.9977595706813108,0.42515463599692804,2.12577317998464,0.28911378459456416,0.05553304998480581,5.206157138289026,1.1760426858015884,0.0,0.0,0.0006170552223920822,0.000608496367931366,0.014901269227266312,0.0014246618375182152,6.898306310176849e-06,10905008,True,True,True,
42,dp_fisher_wiener_adaptive_beta_lr5p00,dp_fisher_wiener_adaptive_beta,6f5bfa6c60eeb2ad400161beec4006ab7b7da4908d9989b6db2c608560d2f56e,900,4,1.269761323928833,5.0,,,0.38671875,0.08467137992894702,1.8919241966236215,1.8938928006287366,0.05526876123628682,499.2685246443345,0.7227205588149093,0.045591644797535726,0.5387672967203457,0.22129391223980407,0.0004664505410843382,0.002002930187863553,0.9502320567181872,26.76163865108515,0.9985524411751581,0.4704188689240729,2.3520943446203644,0.2763438061814341,0.04233568996447351,6.527443072424326,1.0628825351808724,0.14730816893279552,0.004635674878954887,0.000570937991142273,0.0004947176203131676,0.015689000487327576,0.0011938577517867088,5.931593477725983e-06,10905008,True,True,True,
42,dp_fisher_wiener_adaptive_beta_lr5p00,dp_fisher_wiener_adaptive_beta,6f5bfa6c60eeb2ad400161beec4006ab7b7da4908d9989b6db2c608560d2f56e,901,4,0.5479485988616943,5.0,,,0.36328125,0.09543937858507621,1.8964975549071676,1.8988586245582493,0.06251649318965441,394.86566173601216,0.6898942604338912,0.049854288367351826,0.5642273126473479,0.21295226306360404,0.0004595371998263357,0.0025325068670024983,1.173578697195838,26.659615857785823,0.9982528380477538,0.46146751030121724,2.307337551506086,0.31258246594827205,0.04771968929253811,6.550387703186491,1.0834998972572254,0.0,0.0,0.0007577911019325256,0.0006727892905473709,0.01476884726434946,0.0016239630058407784,7.6051801443099976e-06,10905008,True,True,True,
42,dp_fisher_wiener_adaptive_beta_lr5p00,dp_fisher_wiener_adaptive_beta,6f5bfa6c60eeb2ad400161beec4006ab7b7da4908d9989b6db2c608560d2f56e,902,4,1.4457480907440186,5.0,,,0.44921875,0.11120614897100704,1.8969488695612127,1.9001391991770133,0.0663701611268464,290.9736399933871,0.5847514304239443,0.05792697644120167,0.6462941812093573,0.24590188679849534,0.0004255092920747561,0.0034367374307225466,1.9860911004820456,27.618528122607685,0.997990362871231,0.4958849531882323,2.4794247659411615,0.331850805634232,0.05560307448550352,5.968209648457152,1.008298390149373,0.0,0.0,0.0006878422573208809,0.0006058542057871819,0.014516226947307587,0.0014806119725108147,6.80144876241684e-06,10905008,True,True,True,
42,dp_fisher_wiener_adaptive_beta_lr5p00,dp_fisher_wiener_adaptive_beta,6f5bfa6c60eeb2ad400161beec4006ab7b7da4908d9989b6db2c608560d2f56e,903,4,1.2214834690093994,5.0,,,0.390625,0.07900695499524256,1.8967184190757684,1.8981077878394068,0.05190259755047453,576.3351072510333,0.7413369967566641,0.03839099282250336,0.52533899263159,0.22672678623148151,0.00040728524581684227,0.001735101657452825,0.9658931336556257,27.45604153867415,0.9987137049479904,0.47615836255544386,2.380791812777219,0.25951298775237264,0.03950347749762128,6.56937070315974,1.0500708153387308,0.0,0.0,0.0006881263107061386,0.0006086137145757675,0.014489246532320976,0.0014770710840821266,6.506219506263733e-06,10905008,True,True,True,
42,dp_fisher_wiener_adaptive_beta_lr5p00,dp_fisher_wiener_adaptive_beta,6f5bfa6c60eeb2ad400161beec4006ab7b7da4908d9989b6db2c608560d2f56e,904,4,0.8094183206558228,5.0,,,0.4296875,0.05760024929318669,1.900854282929635,1.901566603593527,0.04556630826900044,1089.0527728742738,1.0114242111009342,0.02750978089209912,0.38831850084250336,0.17568476395271582,0.00040359152934775873,0.0009182291479402561,0.39970826768612533,26.38792056220169,0.9990712808081548,0.41914766366128753,2.0957383183064375,0.2278315413450022,0.028800124646593345,7.910783169615231,1.1928970225702038,0.0,0.0,0.0006905626505613327,0.0006094714626669884,0.014531703665852547,0.0014489348977804184,6.5229833126068115e-06,10905008,True,True,True,
42,dp_fisher_wiener_adaptive_beta_lr5p00,dp_fisher_wiener_adaptive_beta,6f5bfa6c60eeb2ad400161beec4006ab7b7da4908d9989b6db2c608560d2f56e,905,4,0.7478404641151428,5.0,,,0.36328125,0.06009242279066735,1.8951155724363358,1.8961549305596488,0.049649416504610584,994.5622528070471,0.9272640963863634,0.03313711575111415,0.45712619513924396,0.22035401180514547,0.0004360527454816553,0.0010054674776771419,0.508100899859969,27.03581935928007,0.9990676661076077,0.46941880214276194,2.3470940107138096,0.24824708252305291,0.030046211395333675,8.26217586132489,1.0651469385473666,0.0,0.0,0.0006889821961522102,0.000607077032327652,0.014570946805179119,0.0014527905732393265,6.553716957569122e-06,10905008,True,True,True,
42,dp_fisher_wiener_adaptive_beta_lr5p00,dp_fisher_wiener_adaptive_beta,6f5bfa6c60eeb2ad400161beec4006ab7b7da4908d9989b6db2c608560d2f56e,906,4,0.9701285362243652,5.0,,,0.40234375,0.07001837256863078,1.9027374781197564,1.903921852824013,0.04816624113593027,738.4714681936111,0.8707895431991818,0.03529787013090631,0.4378697272153971,0.18400576617649936,0.0004104143814778314,0.001354148457816343,0.6071208408514575,26.51608861517066,0.9988208216827537,0.4289589329720263,2.1447946648601315,0.24083120567965136,0.03500918628431539,6.879086069494511,1.1656127465037334,0.0,0.0,0.0006681215018033981,0.0006162701174616814,0.014591887593269348,0.0014436859637498856,6.4177438616752625e-06,10905008,True,True,True,
42,dp_fisher_wiener_adaptive_beta_lr5p00,dp_fisher_wiener_adaptive_beta,6f5bfa6c60eeb2ad400161beec4006ab7b7da4908d9989b6db2c608560d2f56e,907,4,0.9324643015861511,5.0,,,0.41015625,0.09089398674899801,1.8976065660758756,1.8999024460697704,0.052740125816589364,435.85501107408703,0.7940282971615561,0.049164313308689866,0.4676079398783739,0.15968867856269472,0.0004536753870690283,0.00229434094933166,0.8075824358868742,25.465289082489925,0.9981782283626737,0.3996106587200781,1.9980532936003905,0.26370062908294684,0.045446993374499006,5.802377880185818,1.251217876921026,0.0,0.0,0.0006040520966053009,0.0006159879267215729,0.014721476472914219,0.0014529172331094742,6.720423698425293e-06,10905008,True,True,True,
42,dp_fisher_wiener_adaptive_beta_lr5p00,dp_fisher_wiener_adaptive_beta,6f5bfa6c60eeb2ad400161beec4006ab7b7da4908d9989b6db2c608560d2f56e,908,4,1.0961312055587769,5.0,,,0.4140625,0.09298011875957336,1.8923336693864001,1.8946896858375915,0.05797102256229989,414.2049074952544,0.6924508698542432,0.04986020373250074,0.5583788812511301,0.19567892370199602,0.0004089190766027978,0.0024142640074719733,1.1552911303903017,26.799066790862433,0.9983282407877748,0.4423561050805064,2.211780525402532,0.28985511281149945,0.04649005937978668,6.234776136493605,1.1303110644485679,0.0,0.0,0.0006353305652737617,0.0006113294512033463,0.014738527126610279,0.0014517195522785187,6.660819053649902e-06,10905008,True,True,True,
42,dp_fisher_wiener_adaptive_beta_lr5p00,dp_fisher_wiener_adaptive_beta,6f5bfa6c60eeb2ad400161beec4006ab7b7da4908d9989b6db2c608560d2f56e,909,4,1.2728408575057983,5.0,,,0.390625,0.08545775023833588,1.8973567674464926,1.8992647708503685,0.05414822916916079,492.9411687945572,0.7386540902047795,0.04481323466184049,0.5230433704682768,0.1926290163046829,0.000418635842097972,0.0020286396494498555,0.9334481680929878,26.628852980662806,0.9985015370251771,0.4388952224673708,2.194476112336854,0.27074114584580394,0.04272887511916794,6.336257275305961,1.1392240662542932,0.0,0.0,0.000761076807975769,0.0006686737760901451,0.014286983758211136,0.0015995046123862267,7.035210728645325e-06,10905008,True,True,True,
42,dp_fisher_wiener_adaptive_beta_lr5p00,dp_fisher_wiener_adaptive_beta,6f5bfa6c60eeb2ad400161beec4006ab7b7da4908d9989b6db2c608560d2f56e,910,4,0.888382077217102,5.0,,,0.37109375,0.08850187577693852,1.9042459462362369,1.9059043074944542,0.056105156031567564,462.95750441806956,0.7531398046367886,0.041947813173406616,0.5116737261898777,0.20818752121637504,0.0004720094730169941,0.00216002546741096,0.9527146663919132,26.445039790795718,0.998373198841256,0.456275707458084,2.28137853729042,0.2805257801578378,0.04425093788846926,6.339431287502648,1.0958286663658003,0.0,0.0,0.0005617821589112282,0.0004884339869022369,0.01584034413099289,0.0011779144406318665,5.375593900680542e-06,10905008,True,True,True,
42,dp_fisher_wiener_adaptive_beta_lr5p00,dp_fisher_wiener_adaptive_beta,6f5bfa6c60eeb2ad400161beec4006ab7b7da4908d9989b6db2c608560d2f56e,911,4,1.0754549503326416,5.0,,,0.3671875,0.08457031940274505,1.8992276008474067,1.901185283019281,0.05588967074657063,504.3338108648314,0.7022357898101724,0.04537812652935144,0.5557163894529645,0.21207803548197302,0.00039870338383901426,0.0019828137204307298,1.0546969385437674,27.25845769751192,0.9986075972407922,0.460519310650458,2.30259655325229,0.27944835373285315,0.042285159701372525,6.608662606450412,1.0857308009357785,0.0,0.0,0.0006955927237868309,0.0006675822660326958,0.014996632933616638,0.0016004014760255814,7.426366209983826e-06,10905008,True,True,True,
42,dp_fisher_wiener_adaptive_beta_lr5p00,dp_fisher_wiener_adaptive_beta,6f5bfa6c60eeb2ad400161beec4006ab7b7da4908d9989b6db2c608560d2f56e,912,4,0.8213266730308533,5.0,,,0.41015625,0.08385901369143318,1.902407491611793,1.9043050934466745,0.0533493696874652,514.6448067426144,0.7314368325558454,0.044635475096944176,0.5291647117332653,0.19806696637670496,0.00039982945743162435,0.001943087711672268,0.9625641160002805,26.94937261847912,0.9985787540785942,0.4450471507342845,2.2252357536714227,0.266746848437326,0.04192950684571659,6.361793126079048,1.1234764657495844,0.0,0.0,0.0006863223388791084,0.0006044823676347733,0.014575247652828693,0.0014396142214536667,6.343238055706024e-06,10905008,True,True,True,
42,dp_fisher_wiener_adaptive_beta_lr5p00,dp_fisher_wiener_adaptive_beta,6f5bfa6c60eeb2ad400161beec4006ab7b7da4908d9989b6db2c608560d2f56e,913,4,1.306375503540039,5.0,,,0.375,0.0913658474470637,1.89747071087414,1.8998423146765646,0.06302853903105862,431.30290982642117,0.6909199614718264,0.04998666263177243,0.5689443762363539,0.20829964406096188,0.0004731788167925121,0.002318556117050964,1.0206594136339484,26.43663233490843,0.998398063296745,0.4563985583467173,2.2819927917335865,0.31514269515529314,0.04568292372353185,6.898479113456144,1.095533697148675,0.0,0.0,0.0006103245541453362,0.0006133308634161949,0.014721973799169064,0.0014411937445402145,6.400048732757568e-06,10905008,True,True,True,
42,dp_fisher_wiener_adaptive_beta_lr5p00,dp_fisher_wiener_adaptive_beta,6f5bfa6c60eeb2ad400161beec4006ab7b7da4908d9989b6db2c608560d2f56e,914,4,1.6963342428207397,5.0,,,0.5234375,0.163802010132353,1.897236300879278,1.904475836846084,0.08131033083731902,134.15423815393896,0.5779334886614842,0.08711735183136578,0.6733295764896127,0.19595010633198767,0.00039953803104028477,0.007454106659045498,3.6558046493988625,26.90587378100598,0.9956920221335225,0.44266251968287046,2.2133125984143525,0.4065516541865951,0.0819010050661765,4.963939744733719,1.129528653921451,0.0,0.0,0.0007739700376987457,0.0006755832582712173,0.013981997966766357,0.0016091912984848022,7.79423862695694e-06,10905008,True,True,True,
42,dp_fisher_wiener_adaptive_beta_lr5p00,dp_fisher_wiener_adaptive_beta,6f5bfa6c60eeb2ad400161beec4006ab7b7da4908d9989b6db2c608560d2f56e,915,4,2.293480157852173,5.0,,,0.46875,0.13023605743011887,1.8991742806920113,1.904052297710974,0.07463716336575442,212.65086781925515,0.5477433973444569,0.07160692318286803,0.6811220315214072,0.2269167720819526,0.00040717887552220276,0.004702543705538629,2.62068123304023,27.46081358008523,0.9974242127344156,0.476357819377359,2.381789096886795,0.3731858168287721,0.06511802871505944,5.730913914117563,1.049631137896495,0.0,0.0,0.0005536358803510666,0.0004939744248986244,0.015815825201570988,0.0011706147342920303,5.816109478473663e-06,10905008,True,True,True,
42,dp_fisher_wiener_adaptive_beta_lr5p00,dp_fisher_wiener_adaptive_beta,6f5bfa6c60eeb2ad400161beec4006ab7b7da4908d9989b6db2c608560d2f56e,916,4,1.5125396251678467,5.0,,,0.3984375,0.1134135754482818,1.8976102633743734,1.9015887567093774,0.06949515256765817,279.95224654277547,0.6045906195182651,0.06486356143123474,0.629026242771986,0.21014488115383786,0.00045288606927469676,0.0035720377752681545,1.6574708393238569,26.665298532497353,0.99784037946834,0.45841562053865254,2.292078102693263,0.34747576283829085,0.0567067877241409,6.127586780660436,1.0907132689139036,0.0,0.0,0.0006427299231290817,0.0006719660013914108,0.015133801847696304,0.00158708356320858,7.34720379114151e-06,10905008,True,True,True,
42,dp_fisher_wiener_adaptive_beta_lr5p00,dp_fisher_wiener_adaptive_beta,6f5bfa6c60eeb2ad400161beec4006ab7b7da4908d9989b6db2c608560d2f56e,917,4,0.828951895236969,5.0,,,0.41015625,0.10486772218690807,1.8988588348023965,1.9015303508347332,0.06427447314884749,327.8700065363385,0.6556972119854961,0.05303176684546388,0.587330484782742,0.21892239258831442,0.0004697150703646311,0.003049989263955313,1.4215233634763016,26.684556911777122,0.998000130542857,0.4678914324801368,2.339457162400684,0.32137236574423744,0.052433861093454034,6.1290997656136605,1.0686239697713587,0.0,0.0,0.000768967904150486,0.0006623305380344391,0.014383666217327118,0.0016572009772062302,7.177703082561493e-06,10905008,True,True,True,
42,dp_fisher_wiener_adaptive_beta_lr5p00,dp_fisher_wiener_adaptive_beta,6f5bfa6c60eeb2ad400161beec4006ab7b7da4908d9989b6db2c608560d2f56e,918,4,1.0891671180725098,5.0,,,0.37109375,0.08108779266542622,1.902606425705403,1.9042208877273477,0.05354458071081416,550.5375697698269,0.7067817971051162,0.04119320309951263,0.5521887448931909,0.23774425984312023,0.0004139583202945049,0.0018164064629880314,1.0431973189658719,27.591534235041244,0.9987161969756208,0.4875902581503451,2.437951290751726,0.2677229035540708,0.04054389633271311,6.60328502594985,1.025451168560474,0.0,0.0,0.0005584228783845901,0.0004874859005212784,0.015898470766842365,0.0011644940823316574,5.315057933330536e-06,10905008,True,True,True,
42,dp_fisher_wiener_adaptive_beta_lr5p00,dp_fisher_wiener_adaptive_beta,6f5bfa6c60eeb2ad400161beec4006ab7b7da4908d9989b6db2c608560d2f56e,919,4,0.9484699964523315,5.0,,,0.39453125,0.08685748474770152,1.895073962104005,1.8971010207091474,0.0585817483220398,476.0338453399758,0.6479353096545574,0.04621744688435375,0.598227261130145,0.22375564072337703,0.0003830538267558289,0.0021006909690486097,1.2270898255808955,27.665141865681314,0.9986388881463005,0.47302816060291486,2.365140803014574,0.292908741610199,0.04342874237385076,6.744582633362648,1.057019521547407,0.0,0.0,0.0007987730205059052,0.0007347483187913895,0.014430795796215534,0.0016561830416321754,7.530674338340759e-06,10905008,True,True,True,
42,dp_fisher_wiener_adaptive_beta_lr5p00,dp_fisher_wiener_adaptive_beta,6f5bfa6c60eeb2ad400161beec4006ab7b7da4908d9989b6db2c608560d2f56e,920,4,1.0599086284637451,5.0,,,0.43359375,0.07680524815906169,1.9001354157445853,1.9017677091628098,0.05445070821332152,612.0505771518217,0.732647451521815,0.04143636804364896,0.5430291569240651,0.22492054026256028,0.0004108111271288581,0.0016338519023766066,0.8945396756276905,27.383869192583035,0.9988029625673568,0.4742578837115523,2.3712894185577618,0.2722535410666076,0.038402624079530844,7.089451504555733,1.0542787314064979,0.0,0.0,0.0007202103734016418,0.0006328374147415161,0.01405820157378912,0.0015115756541490555,6.902962923049927e-06,10905008,True,True,True,
42,dp_fisher_wiener_adaptive_beta_lr5p00,dp_fisher_wiener_adaptive_beta,6f5bfa6c60eeb2ad400161beec4006ab7b7da4908d9989b6db2c608560d2f56e,921,4,0.8804587125778198,5.0,,,0.37109375,0.05906996399326518,1.9019544803257982,1.902936031829738,0.04718278830715242,1036.732766917211,0.9845620777777001,0.032133219443734304,0.4090442074476818,0.1985087857992204,0.0004444277917538952,0.0009645687216838837,0.4308357156097483,26.499785231689536,0.9990503222149474,0.44554324795604344,2.227716239780217,0.2359139415357621,0.02953498199663259,7.987610811974493,1.1222255129948844,0.0,0.0,0.0007290942594408989,0.0006343917921185493,0.01404329389333725,0.0015165768563747406,7.202848792076111e-06,10905008,True,True,True,
42,dp_fisher_wiener_adaptive_beta_lr5p00,dp_fisher_wiener_adaptive_beta,6f5bfa6c60eeb2ad400161beec4006ab7b7da4908d9989b6db2c608560d2f56e,922,4,0.8370596170425415,5.0,,,0.3671875,0.06329168239919518,1.8941691911505036,1.8952419013425619,0.05011596442752014,895.6622222131898,0.9269503662922046,0.033641399961786694,0.44204008064838135,0.19434363106093158,0.00045582330279309437,0.0011164923281893882,0.47602474841436987,26.297737885591268,0.998965067027164,0.4408442253913865,2.2042211269569325,0.2505798221376007,0.03164584119959759,7.918254425572636,1.134187477572061,0.0,0.0,0.0006927894428372383,0.0006162803620100021,0.014008669182658195,0.0014576679095625877,6.640329957008362e-06,10905008,True,True,True,
42,dp_fisher_wiener_adaptive_beta_lr5p00,dp_fisher_wiener_adaptive_beta,6f5bfa6c60eeb2ad400161beec4006ab7b7da4908d9989b6db2c608560d2f56e,923,4,0.700390636920929,5.0,,,0.35546875,0.05405449602463253,1.8909093748237624,1.8916366929281854,0.04696445385711314,1223.7079590958517,1.0684039226273823,0.02774044657693066,0.39505234668572276,0.19062022793756336,0.00044449507053213156,0.0008171884412652962,0.3504485363825242,26.32302034881697,0.9991269126635276,0.43660076493011707,2.1830038246505854,0.2348222692855657,0.027027248012316266,8.688352923311664,1.1452110031893452,0.0,0.0,0.0006835758686065674,0.0006109382957220078,0.014024348929524422,0.001442258246243,6.68596476316452e-06,10905008,True,True,True,
42,dp_fisher_wiener_adaptive_beta_lr5p00,dp_fisher_wiener_adaptive_beta,6f5bfa6c60eeb2ad400161beec4006ab7b7da4908d9989b6db2c608560d2f56e,924,4,1.0756020545959473,5.0,,,0.37890625,0.0890388540115853,1.8967823592339927,1.89899437622507,0.05693010487608145,453.81190042577396,0.7066556388122315,0.04827249423777461,0.5490882126202489,0.2017784895157117,0.0004124548664718074,0.0022035561406286803,1.0780094151367487,26.894984340876942,0.998442844627589,0.44919760631119987,2.2459880315559992,0.2846505243804073,0.04451942700579265,6.393849685823137,1.1130958691095332,0.0,0.0,0.0006893100216984749,0.0006086342036724091,0.014265577308833599,0.0014436561614274979,6.7856162786483765e-06,10905008,True,True,True,
42,dp_fisher_wiener_adaptive_beta_lr5p00,dp_fisher_wiener_adaptive_beta,6f5bfa6c60eeb2ad400161beec4006ab7b7da4908d9989b6db2c608560d2f56e,925,4,1.3531745672225952,5.0,,,0.42578125,0.14368597113783155,1.8980312031320101,1.903095060876658,0.07767542833319083,174.49298032654008,0.5400406530043033,0.07294624924734902,0.6957180119663128,0.24617498517866945,0.00038336720493645704,0.00573088956403817,3.6800269672737076,28.07628961570358,0.9969050866573914,0.4961602414328152,2.4808012071640757,0.38837714166595416,0.07184298556891577,5.40591595108468,1.0077389485201165,0.0,0.0,0.0006089042872190475,0.0005227662622928619,0.014741416089236736,0.0013921605423092842,5.792826414108276e-06,10905008,True,True,True,
42,dp_fisher_wiener_adaptive_beta_lr5p00,dp_fisher_wiener_adaptive_beta,6f5bfa6c60eeb2ad400161beec4006ab7b7da4908d9989b6db2c608560d2f56e,926,4,1.7267982959747314,5.0,,,0.44921875,0.09605321506739137,1.8985989245372679,1.9008215308632537,0.058052142787576054,390.69931424905513,0.6950954621847004,0.04839203142528754,0.5544352914470583,0.2143911258634831,0.00043450294518353053,0.002559513066495622,1.262907176533945,26.93214079991265,0.9982208940818836,0.46302389340452305,2.3151194670226154,0.2902607139378803,0.048026607533695684,6.043748014643515,1.0798578801679524,0.0,0.0,0.0007577845826745033,0.0006658472120761871,0.014253441244363785,0.001579022966325283,7.020309567451477e-06,10905008,True,True,True,
42,dp_fisher_wiener_adaptive_beta_lr5p00,dp_fisher_wiener_adaptive_beta,6f5bfa6c60eeb2ad400161beec4006ab7b7da4908d9989b6db2c608560d2f56e,927,4,1.0930123329162598,5.0,,,0.4140625,0.08215068647373831,1.9031970047125222,1.9048649672971307,0.051400165236709754,536.7166859535098,0.869961376970899,0.04185819540472354,0.416758338607087,0.15186517503882338,0.0004709765094749576,0.001863180381796752,0.6007777649079872,25.084589479175406,0.9983791050292667,0.3896988260680591,1.9484941303402956,0.25700082618354875,0.041075343236869157,6.256815060442598,1.2830420995710012,0.0,0.0,0.0006099836900830269,0.0005876980721950531,0.014713883399963379,0.001391388475894928,6.482936441898346e-06,10905008,True,True,True,
42,dp_fisher_wiener_adaptive_beta_lr5p00,dp_fisher_wiener_adaptive_beta,6f5bfa6c60eeb2ad400161beec4006ab7b7da4908d9989b6db2c608560d2f56e,928,4,0.7828662991523743,5.0,,,0.44921875,0.14165438056717086,1.8988769291420613,1.9042749641893104,0.07532507418851293,179.6940169736807,0.6236718885203918,0.07524685397514433,0.6197327034167469,0.1876928801978225,0.0004391108339433416,0.005565015556952875,2.378701951492506,26.308736460506136,0.9965292562377769,0.4332353635125167,2.1661768175625835,0.37662537094256465,0.07082719028358543,5.317525224836315,1.1541070792213857,0.0,0.0,0.0007548695430159569,0.0006672171875834465,0.014206471852958202,0.0015833983197808266,7.491558790206909e-06,10905008,True,True,True,
42,dp_fisher_wiener_adaptive_beta_lr5p00,dp_fisher_wiener_adaptive_beta,6f5bfa6c60eeb2ad400161beec4006ab7b7da4908d9989b6db2c608560d2f56e,929,4,1.4576679468154907,5.0,,,0.41796875,0.10769420053743282,1.8958826509311304,1.8988062539375326,0.06223972927415158,309.9119134570833,0.6386365618630383,0.05548476196176479,0.6016009847288305,0.19329662874845593,0.00038565993262442636,0.0032267233252134416,1.6172661132495763,27.000197581890326,0.9979392965093248,0.43965512478356933,2.1982756239178465,0.3111986463707579,0.05384710026871641,5.779301853061453,1.137255025163188,0.0,0.0,0.0005604512989521027,0.000490289181470871,0.015870527364313602,0.001171434298157692,5.465000867843628e-06,10905008,True,True,True,
42,dp_fisher_wiener_adaptive_beta_lr5p00,dp_fisher_wiener_adaptive_beta,6f5bfa6c60eeb2ad400161beec4006ab7b7da4908d9989b6db2c608560d2f56e,930,4,1.0055756568908691,5.0,,,0.4140625,0.09656338155281957,1.9031625769753313,1.9058586752406168,0.06319372250315677,388.4425949952643,0.6457125780976215,0.05323405577800464,0.5978987458688041,0.21697497406755867,0.0004376756338971151,0.002574382966174631,1.276234347476975,26.95257275320531,0.9983376885377225,0.46580572567064765,2.3290286283532384,0.3159686125157839,0.048281690776409786,6.5442739769092855,1.0734088750820903,0.0,0.0,0.0007619420066475868,0.0006758598610758781,0.015129035338759422,0.0015773018822073936,7.335096597671509e-06,10905008,True,True,True,
42,dp_fisher_wiener_adaptive_beta_lr5p00,dp_fisher_wiener_adaptive_beta,6f5bfa6c60eeb2ad400161beec4006ab7b7da4908d9989b6db2c608560d2f56e,931,4,1.0266188383102417,5.0,,,0.38671875,0.09622185942607824,1.900100608033338,1.9027628875407354,0.06581396068979174,389.94710781903626,0.6887181757025501,0.052933554072356136,0.5695420784578527,0.20087408432142997,0.000498422056298672,0.002564450357087373,1.033524922356924,26.053266571085835,0.9982338164281963,0.44818978605210313,2.2409489302605157,0.3290698034489587,0.04811092971303912,6.839813851132745,1.1155988279053692,0.0,0.0,0.0006869407370686531,0.0006124526262283325,0.014689278788864613,0.0014783181250095367,6.791204214096069e-06,10905008,True,True,True,
42,dp_fisher_wiener_adaptive_beta_lr5p00,dp_fisher_wiener_adaptive_beta,6f5bfa6c60eeb2ad400161beec4006ab7b7da4908d9989b6db2c608560d2f56e,932,4,0.7487536668777466,5.0,,,0.37109375,0.07939314622337741,1.8961121403155474,1.8976635511511346,0.05238906680986909,570.3770102062113,0.7498683469799877,0.04045153545223093,0.5194657708869006,0.21789728757754018,0.0004161460606099088,0.0017532263431857798,0.9180028375975537,27.19006035841013,0.998685311059945,0.4667946953185524,2.333973476592762,0.26194533404934545,0.039696573111688706,6.5986888416223675,1.0711347087132521,0.0,0.0,0.0006910348311066628,0.0006081722676753998,0.014745107851922512,0.0014328686520457268,6.385147571563721e-06,10905008,True,True,True,
42,dp_fisher_wiener_adaptive_beta_lr5p00,dp_fisher_wiener_adaptive_beta,6f5bfa6c60eeb2ad400161beec4006ab7b7da4908d9989b6db2c608560d2f56e,933,4,1.3904412984848022,5.0,,,0.42578125,0.07449441959155037,1.8993138510491312,1.9007799328674544,0.04845037424992592,650.0488423158752,0.8230837224028414,0.03926858568149938,0.46120263914171056,0.17305466628677588,0.0003929088704491966,0.0015383459437554052,0.6775564610847262,26.43891479989058,0.9987338124940424,0.4159983969762094,2.079991984881047,0.2422518712496296,0.037247209795775185,6.5038931122997425,1.2019277084555513,0.0,0.0,0.0006654486060142517,0.0006066141650080681,0.014819609001278877,0.0014453483745455742,6.356276571750641e-06,10905008,True,True,True,
42,dp_fisher_wiener_adaptive_beta_lr5p00,dp_fisher_wiener_adaptive_beta,6f5bfa6c60eeb2ad400161beec4006ab7b7da4908d9989b6db2c608560d2f56e,934,4,0.8130406141281128,5.0,,,0.359375,0.0594746717019246,1.9010904853665984,1.9021587245980573,0.04617302993557644,1021.7425260843837,0.929015826154689,0.03358967002381365,0.4338906307744317,0.187043316965534,0.00039769752611025196,0.0009787201512981058,0.4603072721992433,26.723893054492677,0.9990907534898105,0.43248504825662354,2.1624252412831177,0.2308651496778822,0.0297373358509623,7.763477899539138,1.1561093314425035,0.0,0.0,0.0006178226321935654,0.0006085718050599098,0.014925859868526459,0.0014476273208856583,7.029622793197632e-06,10905008,True,True,True,
42,dp_fisher_wiener_adaptive_beta_lr5p00,dp_fisher_wiener_adaptive_beta,6f5bfa6c60eeb2ad400161beec4006ab7b7da4908d9989b6db2c608560d2f56e,935,4,0.9414663910865784,5.0,,,0.48046875,0.08474837166677406,1.8965835628243986,1.8985472408477213,0.05020863655084501,500.81951063771896,0.7551704609192263,0.04547797317236498,0.502848685640693,0.17696474433231776,0.0003745355993076178,0.001996727321160351,0.9434359252648586,26.743936491710876,0.9984921305083394,0.4206717774373719,2.1033588871868596,0.25104318275422505,0.04237418583338703,5.92443672511818,1.18857510015216,0.0,0.0,0.0006729550659656525,0.0006080456078052521,0.014850405044853687,0.0014434559270739555,6.284564733505249e-06,10905008,True,True,True,
42,dp_fisher_wiener_adaptive_beta_lr5p00,dp_fisher_wiener_adaptive_beta,6f5bfa6c60eeb2ad400161beec4006ab7b7da4908d9989b6db2c608560d2f56e,936,5,0.7937815189361572,5.0,,,0.359375,0.055244552662794676,1.8982156700254447,1.8989331957491795,0.04674919306145185,1180.625572307092,1.0702318833566722,0.02753192516964538,0.38161405375077684,0.19227388188283645,0.0004414319376555677,0.0008470085886060705,0.36893032736891773,26.390565426469195,0.9990935044026998,0.4384904581434315,2.1924522907171577,0.23374596530725927,0.027622276331397338,8.462226736654056,1.14027566783519,0.0,0.0,0.0007164003327488899,0.0006058868020772934,0.014266133308410645,0.0014489833265542984,6.92903995513916e-06,10905008,True,True,True,
42,dp_fisher_wiener_adaptive_beta_lr5p00,dp_fisher_wiener_adaptive_beta,6f5bfa6c60eeb2ad400161beec4006ab7b7da4908d9989b6db2c608560d2f56e,937,5,0.8528960943222046,5.0,,,0.37890625,0.044101584476728295,1.9000001029773446,1.900507447286335,0.04448659427758095,1856.0892810855805,1.5292657415341937,0.02310503860029747,0.24202243107174062,0.13868233345001582,0.0004760563752879407,0.0005387671862964995,0.15695092946007672,24.643627540430305,0.9991760817989104,0.3724007699374638,1.862003849687319,0.22243297138790474,0.022050792238364147,10.087300672618317,1.342639544173394,0.0,0.0,0.0007084337994456291,0.0006113890558481216,0.014284993521869183,0.0014575980603694916,6.4354389905929565e-06,10905008,True,True,True,
42,dp_fisher_wiener_adaptive_beta_lr5p00,dp_fisher_wiener_adaptive_beta,6f5bfa6c60eeb2ad400161beec4006ab7b7da4908d9989b6db2c608560d2f56e,938,5,0.7542253136634827,5.0,,,0.359375,0.08681089755900186,1.8978537265157995,1.9001839293509768,0.05681147425476683,477.94396353972473,0.7890615492838324,0.049668588141988775,0.4883764355331756,0.1666487042386554,0.0004900517413167721,0.00209229549100459,0.7115133013753238,25.315600040718035,0.9983490500780893,0.4082262904795028,2.041131452397514,0.2840573712738342,0.04340544877950093,6.544279099849822,1.2248108748985151,0.0,0.0,0.0007135374471545219,0.0006065294146537781,0.01432238519191742,0.0014438917860388756,6.4605847001075745e-06,10905008,True,True,True,
42,dp_fisher_wiener_adaptive_beta_lr5p00,dp_fisher_wiener_adaptive_beta,6f5bfa6c60eeb2ad400161beec4006ab7b7da4908d9989b6db2c608560d2f56e,939,5,0.989793062210083,5.0,,,0.4296875,0.107900366024667,1.8955377282301722,1.8984461290803243,0.05926255038856574,308.6164206347485,0.7213624654583595,0.05535193123271963,0.5282771291736356,0.16238613377891833,0.0004402460383899177,0.0032402682846786757,1.1951831316695525,25.668534849241663,0.9976625920812169,0.4029716290000058,2.014858145000029,0.2963127519428287,0.0539501830123335,5.492340069904797,1.2407821395256389,0.0,0.0,0.0007105134427547455,0.0006205746904015541,0.014378552325069904,0.0014399457722902298,6.599351763725281e-06,10905008,True,True,True,
42,dp_fisher_wiener_adaptive_beta_lr5p00,dp_fisher_wiener_adaptive_beta,6f5bfa6c60eeb2ad400161beec4006ab7b7da4908d9989b6db2c608560d2f56e,940,5,1.1749038696289062,5.0,,,0.37890625,0.07491329727855868,1.8968372399729667,1.898599080810971,0.055775554115221664,641.12440521781,0.8657624846384419,0.04323605911168613,0.4624159699096395,0.17076804062164594,0.0005231283448565829,0.001559759684209496,0.5091620586761831,25.137983427560847,0.9986496185801192,0.41324089901853367,2.066204495092668,0.2788777705761083,0.03745664863927934,7.445347640531156,1.20994800172566,0.0,0.0,0.0007065907120704651,0.0006053745746612549,0.014367626048624516,0.001444072462618351,6.615184247493744e-06,10905008,True,True,True,
42,dp_fisher_wiener_adaptive_beta_lr5p00,dp_fisher_wiener_adaptive_beta,6f5bfa6c60eeb2ad400161beec4006ab7b7da4908d9989b6db2c608560d2f56e,941,5,0.8312788009643555,5.0,,,0.32421875,0.05822800301562896,1.9011319229998167,1.9020185457915302,0.04877213608160477,1066.0086212268318,1.0566210430356846,0.03053009001208088,0.38500377559392523,0.20554518739346328,0.00047554452351973776,0.0009380787169937865,0.40546690390177603,26.357161275340477,0.9990088062873081,0.4533709159104312,2.266854579552156,0.24386068040802386,0.02911400150781448,8.376061955420084,1.102849747198336,0.0,0.0,0.0007143262773752213,0.0006066672503948212,0.01436686236411333,0.0014372672885656357,6.769783794879913e-06,10905008,True,True,True,
42,dp_fisher_wiener_adaptive_beta_lr5p00,dp_fisher_wiener_adaptive_beta,6f5bfa6c60eeb2ad400161beec4006ab7b7da4908d9989b6db2c608560d2f56e,942,5,0.910236120223999,5.0,,,0.40234375,0.06151740963030566,1.9012458789170743,1.9020774991114027,0.0425165148018396,955.1695991105498,0.9649210678080162,0.029686607668797754,0.3709428606415883,0.15888518311355074,0.00036569678649353256,0.0010469344927504772,0.4548642062229674,26.37962254146791,0.9989897908510632,0.3986040430220832,1.993020215110416,0.212582574009198,0.03075870481515283,6.9112979652368525,1.2543776430562823,0.0,0.0,0.0005944380536675453,0.0005801049992442131,0.014705663546919823,0.0013974625617265701,6.870366632938385e-06,10905008,True,True,True,
42,dp_fisher_wiener_adaptive_beta_lr5p00,dp_fisher_wiener_adaptive_beta,6f5bfa6c60eeb2ad400161beec4006ab7b7da4908d9989b6db2c608560d2f56e,943,5,0.8509773015975952,5.0,,,0.3828125,0.061217199754564175,1.892836715871588,1.893749556803105,0.050639778258816166,956.0473083563313,1.049017254440102,0.03107087766669337,0.3839795524305895,0.16269745483120474,0.0004991545296828409,0.001045973343570323,0.3409308954454638,25.131457419699068,0.9989027559146175,0.40335772563718764,2.016788628185938,0.25319889129408085,0.030608599877282087,8.272148752342463,1.2395944547954454,0.0,0.0,0.0007894420996308327,0.0006689857691526413,0.014387042261660099,0.0015919459983706474,6.817281246185303e-06,10905008,True,True,True,
42,dp_fisher_wiener_adaptive_beta_lr5p00,dp_fisher_wiener_adaptive_beta,6f5bfa6c60eeb2ad400161beec4006ab7b7da4908d9989b6db2c608560d2f56e,944,5,1.0258305072784424,5.0,,,0.41796875,0.08065492365563218,1.8990408569857433,1.9008694483891486,0.054150653404971716,554.3790986179926,0.7600914100460775,0.04387615575198622,0.5143598548828623,0.19038261138796997,0.0004357058831201906,0.0018038198091141822,0.7881828978471985,26.404338550483793,0.9986289320576106,0.4363285589873415,2.1816427949367077,0.2707532670248586,0.04032746182781609,6.713868285937876,1.1459254492973947,0.0,0.0,0.0005907109007239342,0.0005348855629563332,0.0147121362388134,0.0013881959021091461,5.584210157394409e-06,10905008,True,True,True,
42,dp_fisher_wiener_adaptive_beta_lr5p00,dp_fisher_wiener_adaptive_beta,6f5bfa6c60eeb2ad400161beec4006ab7b7da4908d9989b6db2c608560d2f56e,945,5,0.9854910969734192,5.0,,,0.40625,0.10506276845127192,1.8965417305049204,1.899356442297005,0.05911369742665979,325.8570528299045,0.7270087017748509,0.0544283775337018,0.5239193255723785,0.16479919163277582,0.00046150026227645576,0.003068830308334991,1.0958623323814227,25.527831245397632,0.997768933661368,0.40595466696760096,2.029773334838005,0.295568487133299,0.05253138422563596,5.626512445553098,1.2316646184502988,0.0,0.0,0.0007779793813824654,0.0006767399609088898,0.014552555978298187,0.001588582992553711,7.187947630882263e-06,10905008,True,True,True,
42,dp_fisher_wiener_adaptive_beta_lr5p00,dp_fisher_wiener_adaptive_beta,6f5bfa6c60eeb2ad400161beec4006ab7b7da4908d9989b6db2c608560d2f56e,946,5,1.0624690055847168,5.0,,,0.33984375,0.07016837060612863,1.8980600568076706,1.8992112460301842,0.04974060446472856,731.7068420768479,0.8770479155314099,0.034874156084680245,0.4411608927162149,0.18373975976365509,0.00042442107361571863,0.0013666675535768645,0.5916557481901344,26.364062040737963,0.9988013670706676,0.4286487603664043,2.1432438018320217,0.2487030223236428,0.035084185303064314,7.088750106870286,1.1664561903117112,0.0,0.0,0.0007096398621797562,0.000606185756623745,0.01430624071508646,0.0014546653255820274,6.5676867961883545e-06,10905008,True,True,True,
42,dp_fisher_wiener_adaptive_beta_lr5p00,dp_fisher_wiener_adaptive_beta,6f5bfa6c60eeb2ad400161beec4006ab7b7da4908d9989b6db2c608560d2f56e,947,5,1.0006158351898193,5.0,,,0.4140625,0.08511603782164551,1.9013857735388815,1.9031940315673477,0.05464682451699877,499.0196904216949,0.7340846199003954,0.04359589562343068,0.5281040589479078,0.2201307212129192,0.0004239388573240157,0.0020039289411939746,1.0405423216970873,27.153774311354937,0.9985289465846932,0.46918090456978234,2.3459045228489117,0.27323412258499385,0.042558018910822754,6.420273536489466,1.0656870199297896,0.0,0.0,0.0007131146267056465,0.0006079897284507751,0.014321159571409225,0.0014463244006037712,6.443820893764496e-06,10905008,True,True,True,
42,dp_fisher_wiener_adaptive_beta_lr5p00,dp_fisher_wiener_adaptive_beta,6f5bfa6c60eeb2ad400161beec4006ab7b7da4908d9989b6db2c608560d2f56e,948,5,0.6219162940979004,5.0,,,0.3125,0.07993867548380856,1.8983321103322948,1.9001178346386431,0.052841382738864975,563.936872609292,0.844264532568211,0.043363369763215795,0.4483106470895761,0.16706525300291258,0.0004538470486792403,0.0017732481212237648,0.6527488649238488,25.659766166683493,0.9985029095035732,0.40873616551867853,2.0436808275933926,0.26420691369432486,0.03996933774190428,6.610239964289358,1.2232829932342446,0.0,0.0,0.0007156142964959145,0.0006112633273005486,0.01429816149175167,0.0014415262266993523,6.4820051193237305e-06,10905008,True,True,True,
42,dp_fisher_wiener_adaptive_beta_lr5p00,dp_fisher_wiener_adaptive_beta,6f5bfa6c60eeb2ad400161beec4006ab7b7da4908d9989b6db2c608560d2f56e,949,5,0.8675490021705627,5.0,,,0.3671875,0.07066622747153588,1.8906436525594674,1.8919711112601827,0.050392487268711095,715.8063516964809,0.8175102633818725,0.03745361209092824,0.48450703780359167,0.21512396509809698,0.00042250327667150907,0.001397025881971347,0.711316961381083,27.06858712143635,0.9988579170030496,0.4638145805147753,2.3190729025738763,0.2519624363435555,0.03533311373576794,7.1310566688426675,1.0780169942997166,0.0,0.0,0.0007040370255708694,0.0006156237795948982,0.014376817271113396,0.0014508580788969994,6.634742021560669e-06,10905008,True,True,True,
42,dp_fisher_wiener_adaptive_beta_lr5p00,dp_fisher_wiener_adaptive_beta,6f5bfa6c60eeb2ad400161beec4006ab7b7da4908d9989b6db2c608560d2f56e,950,5,0.8261517286300659,5.0,,,0.34765625,0.08097203999393815,1.8996773338720085,1.9015106634922299,0.05100691472336823,550.4140609696456,0.6184654227874951,0.04392210269517036,0.6178039156722844,0.24792648714161455,0.0003205517361654675,0.0018168140510174031,1.4051907206176442,28.884247929586103,0.9988763633296399,0.49792216976312126,2.489610848815606,0.2550345736168411,0.040486019996969075,6.299324399623242,1.0041730020514312,0.1451130686327815,0.004623002372682095,0.0006172023713588715,0.0005334634333848953,0.014395791105926037,0.0013331491500139236,5.629844963550568e-06,10905008,True,True,True,
42,dp_fisher_wiener_adaptive_beta_lr5p00,dp_fisher_wiener_adaptive_beta,6f5bfa6c60eeb2ad400161beec4006ab7b7da4908d9989b6db2c608560d2f56e,951,5,1.1267445087432861,5.0,,,0.421875,0.091567725052346,1.896321712908616,1.8983058634722147,0.0577731845694074,428.8833499128424,0.6694026164688446,0.045775617783402056,0.5774574585072774,0.21343998042234016,0.0003990508763350912,0.002331636329747182,1.2471202089728195,27.28247503086991,0.9984391965400272,0.46199564978724655,2.3099782489362326,0.288865922847037,0.045783862526173,6.309339293415738,1.0822612728695011,0.0,0.0,0.0005568992346525192,0.0004882756620645523,0.016064143739640713,0.0011705728247761726,5.101785063743591e-06,10905008,True,True,True,
42,dp_fisher_wiener_adaptive_beta_lr5p00,dp_fisher_wiener_adaptive_beta,6f5bfa6c60eeb2ad400161beec4006ab7b7da4908d9989b6db2c608560d2f56e,952,5,0.8628121018409729,5.0,,,0.34765625,0.09122934523051648,1.8959695505371335,1.8983055829124191,0.05596669537992128,431.91033946142653,0.618448158894827,0.04961954711966424,0.6177133850372731,0.2106316154423715,0.00032383419115030175,0.0023152953483969066,1.5059385711138997,28.13200857449861,0.9985681098543141,0.45894620103272615,2.294731005163631,0.2798334768996064,0.04561467261525824,6.134725097201872,1.0894523124361954,0.0,0.0,0.0007966309785842896,0.0007336754351854324,0.014597534202039242,0.001657470129430294,7.4962154030799866e-06,10905008,True,True,True,
42,dp_fisher_wiener_adaptive_beta_lr5p00,dp_fisher_wiener_adaptive_beta,6f5bfa6c60eeb2ad400161beec4006ab7b7da4908d9989b6db2c608560d2f56e,953,5,1.406538963317871,5.0,,,0.453125,0.10471456268651677,1.900444325324086,1.9033651691527176,0.05837378010951513,329.379173668134,0.6465372750301216,0.05537972866796171,0.5957599371561734,0.18730796506483,0.00037098124017037305,0.0030360146598584735,1.532880010890472,27.032042965268527,0.9980371033546845,0.4327909022436008,2.163954511218004,0.29186890054757564,0.052357281343258386,5.574561800267779,1.1552923072246437,0.0,0.0,0.0007254984229803085,0.0006428491324186325,0.014170053415000439,0.0015193531289696693,6.577000021934509e-06,10905008,True,True,True,
42,dp_fisher_wiener_adaptive_beta_lr5p00,dp_fisher_wiener_adaptive_beta,6f5bfa6c60eeb2ad400161beec4006ab7b7da4908d9989b6db2c608560d2f56e,954,5,1.1436368227005005,5.0,,,0.3984375,0.09824840659598146,1.8949069540012646,1.8973368195730425,0.055840941712448654,371.9844176678624,0.6540614957280244,0.05060715537316877,0.588510273442667,0.19823055562026204,0.00036718537947181493,0.0026882846495710055,1.4513109431738827,27.32285217603051,0.9982416965209767,0.44523090146603933,2.2261545073301967,0.2792047085622433,0.04912420329799073,5.683648584851037,1.123012797073375,0.0,0.0,0.0005543651059269905,0.00048786960542201996,0.015880076214671135,0.0011711297556757927,5.4175034165382385e-06,10905008,True,True,True,
42,dp_fisher_wiener_adaptive_beta_lr5p00,dp_fisher_wiener_adaptive_beta,6f5bfa6c60eeb2ad400161beec4006ab7b7da4908d9989b6db2c608560d2f56e,955,5,0.7931524515151978,5.0,,,0.3671875,0.06673934638273864,1.897925571227931,1.898983207543454,0.045540914879220434,808.7130592073214,0.82045348971556,0.03341524487416983,0.47274590463305105,0.17845755091732535,0.00033819996613474265,0.0012365325233592555,0.6524795615408225,27.223613682170242,0.9989854825758353,0.4224423640182473,2.1122118200912365,0.22770457439610217,0.03336967319136932,6.823698065109359,1.183593414360353,0.0,0.0,0.0006848815828561783,0.0006152885034680367,0.013297006487846375,0.001430111937224865,7.026828825473785e-06,10905008,True,True,True,
42,dp_fisher_wiener_adaptive_beta_lr5p00,dp_fisher_wiener_adaptive_beta,6f5bfa6c60eeb2ad400161beec4006ab7b7da4908d9989b6db2c608560d2f56e,956,5,0.6026721000671387,5.0,,,0.37109375,0.04851470408180415,1.898330877779144,1.8989500357128533,0.040264435467999085,1531.0770623761127,1.1702123003684817,0.025534279661965125,0.31242688110418826,0.17215604832563652,0.0003925928810307678,0.0006531349885308404,0.28640646341257353,26.419798643258545,0.9992356934022955,0.41491691737700515,2.0745845868850257,0.2013221773399954,0.024257352040902076,8.299429261373298,1.205060529128729,0.0,0.0,0.0007127607241272926,0.0006312793120741844,0.014670114032924175,0.001538669690489769,7.259659469127655e-06,10905008,True,True,True,
42,dp_fisher_wiener_adaptive_beta_lr5p00,dp_fisher_wiener_adaptive_beta,6f5bfa6c60eeb2ad400161beec4006ab7b7da4908d9989b6db2c608560d2f56e,957,5,0.9979584813117981,5.0,,,0.40234375,0.053567972401863236,1.895476060876413,1.8962503978888607,0.043565271926890664,1252.0630266481116,1.0101098168813167,0.028576981673830732,0.4004199099362424,0.17343392175273445,0.00037347756378532066,0.0007986818381885493,0.37088847311424333,26.66869526702962,0.9991932436343998,0.41645398515650495,2.0822699257825246,0.21782635963445332,0.026783986200931618,8.132708775766321,1.2006128355594858,0.0,0.0,0.0007220357656478882,0.0006326315924525261,0.014570028521120548,0.0015238206833600998,7.278285920619965e-06,10905008,True,True,True,
42,dp_fisher_wiener_adaptive_beta_lr5p00,dp_fisher_wiener_adaptive_beta,6f5bfa6c60eeb2ad400161beec4006ab7b7da4908d9989b6db2c608560d2f56e,958,5,0.9200925827026367,5.0,,,0.41015625,0.09219255098132143,1.893636640753737,1.8958777162669502,0.04986636014809388,421.8923323198389,0.6456808729706343,0.04860822216732042,0.5979780628515263,0.19741891086245653,0.0002973278265900114,0.002370272989754081,1.5738073259633196,28.221531948281267,0.9984695600666168,0.444318479091807,2.221592395459035,0.2493318007404694,0.04609627549066071,5.408935929879543,1.1253189401910122,0.0,0.0,0.0007014917209744453,0.0006049331277608871,0.014469623565673828,0.0014590313658118248,6.514601409435272e-06,10905008,True,True,True,
42,dp_fisher_wiener_adaptive_beta_lr5p00,dp_fisher_wiener_adaptive_beta,6f5bfa6c60eeb2ad400161beec4006ab7b7da4908d9989b6db2c608560d2f56e,959,5,1.212152361869812,5.0,,,0.41015625,0.10623301004806504,1.8983120770436455,1.9015289648884621,0.061413152317415017,319.3127405249364,0.6400687163283122,0.05818939614174737,0.6003554374654018,0.18979239770485848,0.000386121472436708,0.0031317259632896452,1.539354378304416,26.91554858333528,0.9979954801826075,0.4356516931045471,2.1782584655227355,0.3070657615870751,0.05311650502403252,5.780985805492332,1.147705857483866,0.0,0.0,0.0007183700799942017,0.00066419318318367,0.014403623528778553,0.0015056813135743141,7.420778274536133e-06,10905008,True,True,True,
42,dp_fisher_wiener_adaptive_beta_lr5p00,dp_fisher_wiener_adaptive_beta,6f5bfa6c60eeb2ad400161beec4006ab7b7da4908d9989b6db2c608560d2f56e,960,5,1.2147974967956543,5.0,,,0.390625,0.10770001239866508,1.9003889246783154,1.9031250522886645,0.05979610302740911,311.35330121118767,0.684808250914623,0.0536823881733748,0.5614541304594365,0.18631976293958596,0.00045292200643764526,0.0032117854412445153,1.321240949226483,26.14235500032962,0.9978005428294787,0.4316477301452956,2.158238650726478,0.29898051513704554,0.05385000619933254,5.55209806336474,1.1583519733337604,0.0,0.0,0.0007247263565659523,0.0006366409361362457,0.01418035477399826,0.001512877643108368,7.026828825473785e-06,10905008,True,True,True,
42,dp_fisher_wiener_adaptive_beta_lr5p00,dp_fisher_wiener_adaptive_beta,6f5bfa6c60eeb2ad400161beec4006ab7b7da4908d9989b6db2c608560d2f56e,961,5,1.0872082710266113,5.0,,,0.3671875,0.08022077373567862,1.898625532832506,1.9003320534062558,0.0533294720417523,560.1507747464493,0.7662527222433175,0.042370290770807645,0.5081988935471742,0.1824597084618539,0.0004220622048969673,0.0017852336280298436,0.7717658756548954,26.357905127337517,0.9986320598724693,0.4271530269843044,2.135765134921522,0.2666473602087615,0.04011038686783931,6.647838154259059,1.1705406924746007,0.0,0.0,0.0006391182541847229,0.0007159486413002014,0.015480020083487034,0.0017338618636131287,1.02287158370018e-05,10905008,True,True,True,
42,dp_fisher_wiener_adaptive_beta_lr5p00,dp_fisher_wiener_adaptive_beta,6f5bfa6c60eeb2ad400161beec4006ab7b7da4908d9989b6db2c608560d2f56e,962,5,1.0468506813049316,5.0,,,0.39453125,0.10826932738691038,1.8969363855323431,1.8997638969098254,0.054031753417216936,306.96909669651745,0.6508527858236995,0.05459156944100799,0.5993369576472624,0.19185688207100132,0.0003506367445330942,0.0032576569129467003,1.7824826047971896,27.38119956407061,0.99787974492277,0.43801470531364733,2.1900735265682365,0.27015876708608466,0.05413466369345519,4.9904949739949345,1.1415141864719487,0.0,0.0,0.000715179368853569,0.0006168428808450699,0.014255914837121964,0.001460883766412735,6.532296538352966e-06,10905008,True,True,True,
42,dp_fisher_wiener_adaptive_beta_lr5p00,dp_fisher_wiener_adaptive_beta,6f5bfa6c60eeb2ad400161beec4006ab7b7da4908d9989b6db2c608560d2f56e,963,5,1.1621718406677246,5.0,,,0.3203125,0.07559608115405907,1.9004028767339347,1.9021178949555844,0.051952470593119755,631.9646603660191,0.8070076557355206,0.0425479297890762,0.4840304644926748,0.17323851254544925,0.0004306833229504391,0.0015823669621740579,0.6364929499054905,26.04486390466256,0.9987230177471191,0.41621930823238995,2.0810965411619495,0.2597623529655988,0.03779804057702953,6.872376160064448,1.2012897770701956,0.0,0.0,0.0005728676915168762,0.0004964796826243401,0.016130543313920498,0.001203007996082306,5.899928510189056e-06,10905008,True,True,True,
42,dp_fisher_wiener_adaptive_beta_lr5p00,dp_fisher_wiener_adaptive_beta,6f5bfa6c60eeb2ad400161beec4006ab7b7da4908d9989b6db2c608560d2f56e,964,5,0.687809407711029,5.0,,,0.34765625,0.05663414811947069,1.8965344733121134,1.897466140754731,0.04391181016231894,1121.4108088857206,0.9528860723981558,0.03137021727612542,0.4180616199605453,0.1836656777682013,0.0003729906595993097,0.0008917338693048502,0.43910189493662666,26.923300487431767,0.9991502792153888,0.4285623382522096,2.142811691261048,0.21955905081159469,0.028317074059735346,7.7535924206250115,1.166691413057819,0.0,0.0,0.000757717527449131,0.0006734766066074371,0.014114316552877426,0.001634187065064907,7.243826985359192e-06,10905008,True,True,True,
42,dp_fisher_wiener_adaptive_beta_lr5p00,dp_fisher_wiener_adaptive_beta,6f5bfa6c60eeb2ad400161beec4006ab7b7da4908d9989b6db2c608560d2f56e,965,5,0.9169927835464478,5.0,,,0.4296875,0.06479065380853792,1.8982119950311918,1.8992196494211737,0.04644825578161545,858.3505738132925,0.9344833512559123,0.032605517067104496,0.404143308585527,0.1731222397157595,0.00043228189972658053,0.001165025142721024,0.4665746173484587,26.025858100957898,0.9989113034000733,0.4160796074259822,2.080398037129911,0.23224127890807722,0.03239532690426896,7.1689746977149404,1.2016931161129905,0.0,0.0,0.0005612475797533989,0.00048630405217409134,0.015788021497428417,0.00124435406178236,5.79003244638443e-06,10905008,True,True,True,
42,dp_fisher_wiener_adaptive_beta_lr5p00,dp_fisher_wiener_adaptive_beta,6f5bfa6c60eeb2ad400161beec4006ab7b7da4908d9989b6db2c608560d2f56e,966,5,0.6205387115478516,5.0,,,0.35546875,0.0567958568432186,1.8972946473486387,1.8981771854551501,0.044096007120069294,1115.9281963722513,1.020022424209756,0.03049579485409603,0.3753029062783915,0.15492373617639196,0.0003950660652630648,0.0008961150035823082,0.3514082745924172,25.934482343632446,0.9990859426013918,0.3936035266310402,1.968017633155201,0.22048003560034646,0.0283979284216093,7.763947859830827,1.270313821317522,0.0,0.0,0.0007522888481616974,0.0006684232503175735,0.014103843830525875,0.0016007963567972183,7.5194984674453735e-06,10905008,True,True,True,
42,dp_fisher_wiener_adaptive_beta_lr5p00,dp_fisher_wiener_adaptive_beta,6f5bfa6c60eeb2ad400161beec4006ab7b7da4908d9989b6db2c608560d2f56e,967,5,0.7255584001541138,5.0,,,0.39453125,0.06583425228206034,1.8991414609336283,1.9003160453061583,0.047483180170817534,832.1676242001183,0.8380955161775154,0.035157946879148264,0.47286499085907596,0.20470943395454733,0.00038759034178180446,0.0012016809723043472,0.6346789509364098,27.22764910352154,0.9989928765650036,0.45244826660574944,2.262241333028747,0.23741590085408767,0.03291712614103017,7.212534284727354,1.1050987193516661,0.0,0.0,0.0005602510645985603,0.0004856148734688759,0.01577046699821949,0.0012096446007490158,5.346722900867462e-06,10905008,True,True,True,
42,dp_fisher_wiener_adaptive_beta_lr5p00,dp_fisher_wiener_adaptive_beta,6f5bfa6c60eeb2ad400161beec4006ab7b7da4908d9989b6db2c608560d2f56e,968,5,1.0896925926208496,5.0,,,0.4375,0.14369436414638065,1.8950379564962236,1.9006353091314288,0.08083961009810318,173.9227349769925,0.5082607599845893,0.0766974895345774,0.7183293230586052,0.24911546855538286,0.0003952072912390957,0.00574967959239818,3.624260373013221,27.995757467050957,0.9970776634805583,0.4991146847723305,2.4955734238616527,0.40419805049051594,0.07184718207319032,5.625802415926846,1.0017737711465484,0.0,0.0,0.0007536811754107475,0.0006687566637992859,0.014093459583818913,0.001573239453136921,7.3071569204330444e-06,10905008,True,True,True,
42,dp_fisher_wiener_adaptive_beta_lr5p00,dp_fisher_wiener_adaptive_beta,6f5bfa6c60eeb2ad400161beec4006ab7b7da4908d9989b6db2c608560d2f56e,969,5,1.8759114742279053,5.0,,,0.4375,0.12269777400357947,1.8993656223374957,1.9037770723634218,0.0670523606440767,239.63142967293328,0.584255789097615,0.06813696108617073,0.6536229697781369,0.2006877876249898,0.00038272733682727237,0.0041730752985873875,2.1882033712502578,27.196314615366664,0.9975618565982981,0.44798190546604644,2.2399095273302323,0.3352618032203835,0.06134888700178973,5.464839210614173,1.1161165080511941,0.0,0.0,0.0005600182339549065,0.0004910053685307503,0.015727507881820202,0.0011697718873620033,5.342997610569e-06,10905008,True,True,True,
42,dp_fisher_wiener_adaptive_beta_lr5p00,dp_fisher_wiener_adaptive_beta,6f5bfa6c60eeb2ad400161beec4006ab7b7da4908d9989b6db2c608560d2f56e,970,5,1.3053163290023804,5.0,,,0.390625,0.10036479070544373,1.9010304547275458,1.9036883301665124,0.05914464964790034,358.7693899420037,0.6544541341676156,0.05282427826182444,0.587833316121452,0.2002253115025972,0.0004117841414740618,0.002787305795687035,1.3552954440572302,26.868493604239,0.9981758361986421,0.44746543051122645,2.2373271525561322,0.2957232482395017,0.05018239535272186,5.892967965260129,1.1174047555531514,0.0,0.0,0.000752120278775692,0.0006666071712970734,0.01481914333999157,0.001612250693142414,6.971880793571472e-06,10905008,True,True,True,
42,dp_fisher_wiener_adaptive_beta_lr5p00,dp_fisher_wiener_adaptive_beta,6f5bfa6c60eeb2ad400161beec4006ab7b7da4908d9989b6db2c608560d2f56e,971,5,1.1572083234786987,5.0,,,0.453125,0.06904828270495988,1.9007956059325355,1.9021650083119586,0.046831215496858425,757.8182765993711,0.8357329591633411,0.03797531387408119,0.46021759167914345,0.15542818569899944,0.00034845711534765524,0.0013195775698065378,0.5885933689131516,26.493804399117437,0.9988971855325087,0.39424381504216327,1.9712190752108163,0.23415607748429212,0.03452414135247994,6.782386709834561,1.2682507142065327,0.0,0.0,0.0007124701514840126,0.0006104465574026108,0.014287359081208706,0.001447625458240509,6.86105340719223e-06,10905008,True,True,True,
42,dp_fisher_wiener_adaptive_beta_lr5p00,dp_fisher_wiener_adaptive_beta,6f5bfa6c60eeb2ad400161beec4006ab7b7da4908d9989b6db2c608560d2f56e,972,5,1.0163553953170776,5.0,,,0.37890625,0.05230061183963769,1.8956764818367582,1.8965657137705225,0.041819436914322175,1313.7565828960892,1.003686529770584,0.030786579253034737,0.3974934938290243,0.15174280012386226,0.00035018297726250756,0.0007611760143798516,0.3298360778770148,26.36813062342047,0.9992360178873032,0.3895417822568745,1.9477089112843726,0.20909718457161086,0.026150305919818845,7.995974701203932,1.283559358130684,0.0,0.0,0.0005566282197833061,0.0004836497828364372,0.015837966464459896,0.0011712564155459404,5.3336843848228455e-06,10905008,True,True,True,
42,dp_fisher_wiener_adaptive_beta_lr5p00,dp_fisher_wiener_adaptive_beta,6f5bfa6c60eeb2ad400161beec4006ab7b7da4908d9989b6db2c608560d2f56e,973,5,0.6781291961669922,5.0,,,0.37890625,0.06579665359786063,1.8978062980674912,1.8989816728955184,0.04938157168864316,831.9479479816127,0.8539535217291934,0.03518241339238246,0.4725561122176406,0.19097246818054123,0.00039252006922125117,0.001201998276688861,0.5848072379944775,26.871088937460613,0.998973549338272,0.43700396815193937,2.185019840759697,0.2469078584432158,0.032898326798930316,7.505179820991346,1.144154370298564,0.0,0.0,0.0005554007366299629,0.0004898179322481155,0.01528048887848854,0.0011674435809254646,5.595386028289795e-06,10905008,True,True,True,
42,dp_fisher_wiener_adaptive_beta_lr5p00,dp_fisher_wiener_adaptive_beta,6f5bfa6c60eeb2ad400161beec4006ab7b7da4908d9989b6db2c608560d2f56e,974,5,0.8333351612091064,5.0,,,0.375,0.07690939470992958,1.8945756532321834,1.8961286713586225,0.04704225598719578,606.8273090379076,0.7557356172826898,0.04046519491648664,0.5055030078953879,0.1712617556680504,0.0003513976797843615,0.0016479152881502775,0.8031494841912041,26.8786150168875,0.9987546117222696,0.41383783740500385,2.069189187025019,0.2352112799359789,0.03845469735496479,6.116581226961465,1.2082027180841493,0.0,0.0,0.0007539801299571991,0.0006980793550610542,0.01456579752266407,0.001572558656334877,6.829388439655304e-06,10905008,True,True,True,
42,dp_fisher_wiener_adaptive_beta_lr5p00,dp_fisher_wiener_adaptive_beta,6f5bfa6c60eeb2ad400161beec4006ab7b7da4908d9989b6db2c608560d2f56e,975,5,0.9487733840942383,5.0,,,0.37890625,0.0979080198657492,1.898428434105513,1.9009239624660565,0.05258212953574437,375.96890312094763,0.7173117449829025,0.0512245122273113,0.5317112241997676,0.16711064275041185,0.0003903460067752063,0.002659794444684984,1.1386819674107025,26.315543682879262,0.9980920982053881,0.40879168625402823,2.0439584312701413,0.26291064767872185,0.0489540099328746,5.370564087269921,1.2231168509823136,0.0,0.0,0.0005624350160360336,0.0004919068887829781,0.0158990491181612,0.0011740466579794884,5.631707608699799e-06,10905008,True,True,True,
42,dp_fisher_wiener_adaptive_beta_lr5p00,dp_fisher_wiener_adaptive_beta,6f5bfa6c60eeb2ad400161beec4006ab7b7da4908d9989b6db2c608560d2f56e,976,5,0.928405225276947,5.0,,,0.40625,0.1038684790744718,1.9010957933858001,1.9038499629399992,0.05898726989101184,334.99664449900405,0.6938850514730017,0.05377528874528894,0.5534649222662816,0.18194304851020765,0.0004529217310717335,0.0029851045266514795,1.1991454155533177,26.039123082756817,0.9979286805916802,0.4265478267559309,2.1327391337796544,0.2949363494550592,0.0519342395372359,5.679034719241748,1.1722014944995278,0.0,0.0,0.000833624042570591,0.0007048947736620903,0.014638080261647701,0.0017197178676724434,8.5439532995224e-06,10905008,True,True,True,
42,dp_fisher_wiener_adaptive_beta_lr5p00,dp_fisher_wiener_adaptive_beta,6f5bfa6c60eeb2ad400161beec4006ab7b7da4908d9989b6db2c608560d2f56e,977,5,0.7177414298057556,5.0,,,0.37109375,0.09583008082003781,1.8984663321567365,1.9009483652837125,0.05298868724802581,392.4660464560035,0.7138804348745879,0.05108930741639076,0.5351958238410801,0.170994850259936,0.0003928639755674678,0.00254799111648231,1.1090183530748707,26.387408236432695,0.998181038993511,0.4135152358256416,2.067576179128208,0.26494343624012906,0.04791504041001891,5.529441986637679,1.2091452906214453,0.0,0.0,0.0005596280097961426,0.00048668961971998215,0.016001056879758835,0.001173309050500393,5.990266799926758e-06,10905008,True,True,True,
42,dp_fisher_wiener_adaptive_beta_lr5p00,dp_fisher_wiener_adaptive_beta,6f5bfa6c60eeb2ad400161beec4006ab7b7da4908d9989b6db2c608560d2f56e,978,5,0.7505820989608765,5.0,,,0.34765625,0.06916123714173605,1.9010423599001356,1.9021152709977918,0.04569223216409321,755.5410783616675,0.8376188908152773,0.03368889591377692,0.4532238668808131,0.18710917585188613,0.0003874912785974936,0.001323554772109922,0.6391092036331829,26.838331531847523,0.9988913655196202,0.4325611816285485,2.1628059081427424,0.22846116082046605,0.03458061857086803,6.606624469300947,1.1559058492405523,0.0,0.0,0.0005602231249213219,0.0005501611158251762,0.014984233304858208,0.0014323685318231583,6.01448118686676e-06,10905008,True,True,True,
42,dp_fisher_wiener_adaptive_beta_lr5p00,dp_fisher_wiener_adaptive_beta,6f5bfa6c60eeb2ad400161beec4006ab7b7da4908d9989b6db2c608560d2f56e,979,5,0.8248928189277649,5.0,,,0.33984375,0.048474644523282165,1.900185793860793,1.9007879949051094,0.043860211673380244,1536.607213683277,1.1742895286380806,0.02517224018130248,0.3560905777416298,0.19270390973000756,0.00040423749244322075,0.0006507843973848946,0.3102351960893886,26.782539340447144,0.9992357906964247,0.4389805345684562,2.194902672842281,0.21930105836690122,0.024237322261641082,9.048072884888255,1.139002667829886,0.0,0.0,0.0006476566195487976,0.0006123688071966171,0.014797159470617771,0.0014547556638717651,6.780028343200684e-06,10905008,True,True,True,
42,dp_fisher_wiener_adaptive_beta_lr5p00,dp_fisher_wiener_adaptive_beta,6f5bfa6c60eeb2ad400161beec4006ab7b7da4908d9989b6db2c608560d2f56e,980,5,0.7161014080047607,5.0,,,0.44140625,0.07455951704215796,1.9028777098025556,1.9044014865860237,0.05256413595020823,651.3517512952217,0.7598122949543931,0.04000445387168176,0.5228447687493616,0.202961765669462,0.00038704707245788443,0.0015352687665786202,0.8050722551572701,27.19650444974913,0.9988334839148842,0.4505127808058968,2.252563904029484,0.2628206797510412,0.03727975852107898,7.049956603001742,1.1098464267860915,0.0,0.0,0.0007196078076958656,0.0006384048610925674,0.014609979465603828,0.0015370696783065796,7.002614438533783e-06,10905008,True,True,True,
42,dp_fisher_wiener_adaptive_beta_lr5p00,dp_fisher_wiener_adaptive_beta,6f5bfa6c60eeb2ad400161beec4006ab7b7da4908d9989b6db2c608560d2f56e,981,5,0.775409460067749,5.0,,,0.35546875,0.08580571658108928,1.8960109046470153,1.8979150822479114,0.048484233873794434,488.2578297907053,0.723781326450583,0.044785858135961615,0.5269444488922738,0.17687020619371713,0.0003498083076949093,0.002048098235910639,1.0355601884892243,27.038245621722467,0.9985176247419102,0.42055939674880305,2.1027969837440152,0.24242116936897218,0.04290285829054464,5.6504666360830536,1.188892707817577,0.0,0.0,0.000557941384613514,0.0004960354417562485,0.015634546987712383,0.0014401888474822044,5.564652383327484e-06,10905008,True,True,True,
42,dp_fisher_wiener_adaptive_beta_lr5p00,dp_fisher_wiener_adaptive_beta,6f5bfa6c60eeb2ad400161beec4006ab7b7da4908d9989b6db2c608560d2f56e,982,5,1.0336898565292358,5.0,,,0.39453125,0.07945035004313532,1.8961910958330228,1.8977799679118093,0.050339663836249195,569.6034036517692,0.8027368361487449,0.04092237536671488,0.47246828246755757,0.17374251322332035,0.0004206926249951486,0.001755607486595461,0.725051114943977,26.159412002918287,0.998590709200468,0.4168243193760656,2.084121596880328,0.25169831918124597,0.03972517502156766,6.335990188545614,1.1995461319225293,0.0,0.0,0.000753709115087986,0.0006751865148544312,0.014101376757025719,0.0016014464199543,7.197260856628418e-06,10905008,True,True,True,
42,dp_fisher_wiener_adaptive_beta_lr5p00,dp_fisher_wiener_adaptive_beta,6f5bfa6c60eeb2ad400161beec4006ab7b7da4908d9989b6db2c608560d2f56e,983,5,0.6600479483604431,5.0,,,0.359375,0.07198832743399511,1.899407334789875,1.9007921532091296,0.045930230092740706,696.1647909239607,0.7826629724404063,0.03816610203527736,0.48933225336805913,0.16973684806837477,0.00033453460701355573,0.0014364415047183633,0.7288246064199873,27.053350812740746,0.9988757504219634,0.41199132037990166,2.059956601899508,0.22965115046370355,0.035994163716997554,6.380232980628328,1.2136178003403835,0.0,0.0,0.0005676336586475372,0.000494152307510376,0.016038994304835796,0.0011730846017599106,5.45009970664978e-06,10905008,True,True,True,
42,dp_fisher_wiener_adaptive_beta_lr5p00,dp_fisher_wiener_adaptive_beta,6f5bfa6c60eeb2ad400161beec4006ab7b7da4908d9989b6db2c608560d2f56e,984,5,0.8682510852813721,5.0,,,0.37890625,0.06376476031593274,1.8972380482595856,1.8982411234085408,0.04293344110397872,885.2831293866631,0.8710799051182276,0.0325224619423011,0.4323910069203054,0.1726874933454835,0.00035218507950047687,0.0011295821263945143,0.5538698746287102,26.904899319905876,0.999016043708275,0.41555684730910586,2.0777842365455292,0.2146672055198936,0.03188238015796637,6.733098484164525,1.2032048159872557,0.0,0.0,0.0007812259718775749,0.000665043480694294,0.01444997824728489,0.0015807701274752617,7.24010169506073e-06,10905008,True,True,True,
42,dp_fisher_wiener_adaptive_beta_lr5p00,dp_fisher_wiener_adaptive_beta,6f5bfa6c60eeb2ad400161beec4006ab7b7da4908d9989b6db2c608560d2f56e,985,5,0.8136127591133118,5.0,,,0.3828125,0.04693156032029982,1.8986233421480394,1.899185438433347,0.04097610386442282,1636.6192119070304,1.2248770928552868,0.024330871126297653,0.3077713528213443,0.14807616884685731,0.00038110549019993155,0.0006110156793164382,0.2374063433887872,25.89439963367478,0.9992515808906901,0.3848066642443414,1.9240333212217071,0.2048805193221141,0.02346578016014991,8.731033782602104,1.2993537962253552,0.0,0.0,0.0005593234673142433,0.000489615835249424,0.015853025019168854,0.0011691534891724586,5.545094609260559e-06,10905008,True,True,True,
42,dp_fisher_wiener_adaptive_beta_lr5p00,dp_fisher_wiener_adaptive_beta,6f5bfa6c60eeb2ad400161beec4006ab7b7da4908d9989b6db2c608560d2f56e,986,5,0.9492416381835938,5.0,,,0.3828125,0.060105380381980586,1.9005058933269066,1.9015128866458337,0.044110717452795926,999.796797386883,0.9465965086086059,0.03255398126715008,0.40332870152792627,0.15580610174023563,0.0003558921085363947,0.0010002032436356733,0.4378792463300206,26.41266102858998,0.9990532111014134,0.3947228163410821,1.9736140817054104,0.22055358726397964,0.030052690190990293,7.338896646356208,1.2667116753815433,0.0,0.0,0.000752817839384079,0.0006700474768877029,0.014859236776828766,0.0016004899516701698,7.1926042437553406e-06,10905008,True,True,True,
42,dp_fisher_wiener_adaptive_beta_lr5p00,dp_fisher_wiener_adaptive_beta,6f5bfa6c60eeb2ad400161beec4006ab7b7da4908d9989b6db2c608560d2f56e,987,5,0.7682964205741882,5.0,,,0.34375,0.06885241182968413,1.898600224071632,1.9000920368632976,0.0487693964993569,760.3765941644324,0.8198641116799973,0.039776492173966685,0.48131646856698124,0.1797031027624328,0.00038476092508753164,0.0013151377981165605,0.6142368607399198,26.69364614926263,0.9989217657171829,0.4239140275603448,2.119570137801724,0.24384698249678452,0.034426205914842065,7.083179107592927,1.1794844414004317,0.0,0.0,0.0007250392809510231,0.0006735678762197495,0.014302206225693226,0.0014566201716661453,6.863847374916077e-06,10905008,True,True,True,
42,dp_fisher_wiener_adaptive_beta_lr5p00,dp_fisher_wiener_adaptive_beta,6f5bfa6c60eeb2ad400161beec4006ab7b7da4908d9989b6db2c608560d2f56e,988,5,1.0481910705566406,5.0,,,0.3671875,0.0751447653934065,1.904262850856708,1.9058830247851994,0.052101708857080244,642.1793324074952,0.8324783983764334,0.04126543573843381,0.4674813150634253,0.18021461276577108,0.00043320654832845306,0.001557197420343139,0.6477966020155375,26.19094989738595,0.9987036667853273,0.4245169169370887,2.1225845846854434,0.2605085442854012,0.03757238269670325,6.933511413992005,1.177809364126989,0.0,0.0,0.0006838012486696243,0.0005436129868030548,0.015263630077242851,0.0012869937345385551,6.0675665736198425e-06,10905008,True,True,True,
42,dp_fisher_wiener_adaptive_beta_lr5p00,dp_fisher_wiener_adaptive_beta,6f5bfa6c60eeb2ad400161beec4006ab7b7da4908d9989b6db2c608560d2f56e,989,5,1.0223783254623413,5.0,,,0.39453125,0.07959009202960579,1.8983545278205287,1.9001069326023525,0.052334357485312746,568.9009135032253,0.7427422020143292,0.04295130523420826,0.5243931568488741,0.19593606661478966,0.0003834263354274905,0.001757775345593973,0.8982470821396766,27.084324460710416,0.998694426068961,0.44264666113593315,2.213233305679666,0.2616717874265637,0.039795046014802896,6.575486489515605,1.1295691211490344,0.0,0.0,0.0007618991658091545,0.0006701424717903137,0.015154402703046799,0.0015885792672634125,7.337890565395355e-06,10905008,True,True,True,
42,dp_fisher_wiener_adaptive_beta_lr5p00,dp_fisher_wiener_adaptive_beta,6f5bfa6c60eeb2ad400161beec4006ab7b7da4908d9989b6db2c608560d2f56e,990,5,1.4884498119354248,5.0,,,0.47265625,0.09813631292589042,1.8999226435877823,1.9019765630713772,0.052597390350814816,374.8110303530849,0.690043621810936,0.046716457375964575,0.5571398900270216,0.20118183838031378,0.00038051422076484183,0.002668011128044589,1.4106053175757993,27.23217879861158,0.9981589559379811,0.4485329847183078,2.2426649235915392,0.26298695175407405,0.04906815646294521,5.35962568610692,1.1147452183765265,0.0,0.0,0.0006931498646736145,0.0006170999258756638,0.014489386230707169,0.001468399539589882,6.401911377906799e-06,10905008,True,True,True,
42,dp_fisher_wiener_adaptive_beta_lr5p00,dp_fisher_wiener_adaptive_beta,6f5bfa6c60eeb2ad400161beec4006ab7b7da4908d9989b6db2c608560d2f56e,991,5,0.9975303411483765,5.0,,,0.3671875,0.07542842301052753,1.9006487977152824,1.9021692935389318,0.05089298756758788,634.9414719890186,0.7864304155619383,0.039977019465876534,0.4956250683768415,0.1815664355398645,0.00041409497865134567,0.0015749483124662773,0.6905607791827254,26.41935602980354,0.9987614127439208,0.426106131779237,2.130530658896185,0.2544649378379394,0.037714211505263766,6.747189658086225,1.173416580303692,0.0,0.0,0.000719187781214714,0.000612315721809864,0.014255751855671406,0.0014535291120409966,6.470829248428345e-06,10905008,True,True,True,
42,dp_fisher_wiener_adaptive_beta_lr5p00,dp_fisher_wiener_adaptive_beta,6f5bfa6c60eeb2ad400161beec4006ab7b7da4908d9989b6db2c608560d2f56e,992,5,0.816476583480835,5.0,,,0.37890625,0.08529968559052992,1.896364481026355,1.8981379404902232,0.04874126512630016,494.25237389730006,0.8047604960444915,0.04325051981627254,0.4565455229998218,0.15087726691637154,0.0003958450750876366,0.0020232578590913815,0.7711694172441294,25.81098561899499,0.9983717620014679,0.3884292302548452,1.9421461512742262,0.2437063256315008,0.04264984279526496,5.7141201386290525,1.2872357718049872,0.0,0.0,0.0005882633849978447,0.0005001593381166458,0.016146591864526272,0.0012130411341786385,1.5626661479473114e-05,10905008,True,True,True,
42,dp_fisher_wiener_adaptive_beta_lr5p00,dp_fisher_wiener_adaptive_beta,6f5bfa6c60eeb2ad400161beec4006ab7b7da4908d9989b6db2c608560d2f56e,993,5,0.7253857254981995,5.0,,,0.3671875,0.06679594952618095,1.896699132899584,1.8980492963045834,0.049989422643916044,806.2999548494599,0.8105252530142515,0.03780201036352114,0.5007832504234173,0.17092471990541563,0.0003710367514100139,0.0012402332330060674,0.5713356346832368,26.633879474449156,0.9989947596447958,0.41343042934140156,2.067152146707008,0.2499471132195802,0.03339797476309048,7.483900295904275,1.209393321133365,0.0,0.0,0.0007934607565402985,0.0006744377315044403,0.014390861615538597,0.0015704967081546783,7.370486855506897e-06,10905008,True,True,True,
42,dp_fisher_wiener_adaptive_beta_lr5p00,dp_fisher_wiener_adaptive_beta,6f5bfa6c60eeb2ad400161beec4006ab7b7da4908d9989b6db2c608560d2f56e,994,5,0.9769629240036011,5.0,,,0.3671875,0.07765885560868606,1.8960181168432686,1.8978790399213645,0.048747694998760714,596.0778619635918,0.7334933881099467,0.04441042451179662,0.5261407699530911,0.17120053297104496,0.0003411687207588884,0.0016776331812419977,0.8418465031996971,27.005359047557928,0.9987694671536811,0.4137638613642387,2.0688193068211937,0.24373847499380358,0.03882942780434303,6.277158556538517,1.2084187303120675,0.0,0.0,0.000554143451154232,0.0004860255867242813,0.015892879106104374,0.0011607296764850616,5.660578608512878e-06,10905008,True,True,True,
42,dp_fisher_wiener_adaptive_beta_lr5p00,dp_fisher_wiener_adaptive_beta,6f5bfa6c60eeb2ad400161beec4006ab7b7da4908d9989b6db2c608560d2f56e,995,5,0.953294038772583,5.0,,,0.35546875,0.052860411721788424,1.9020028477447743,1.9026634234540454,0.03912363788903416,1294.6764329821483,1.047321526803613,0.026385598143226444,0.3380972417667839,0.15720714577349823,0.00033761931205939037,0.0007723937612260768,0.35965305959241856,26.680450014224768,0.9991910553864096,0.39649356334434765,1.9824678167217382,0.19561818944517081,0.026430205860894212,7.4013116079131125,1.2610545194765188,0.0,0.0,0.000749439001083374,0.0006592078134417534,0.01486931648105383,0.0016055433079600334,7.24010169506073e-06,10905008,True,True,True,
42,dp_fisher_wiener_adaptive_beta_lr5p00,dp_fisher_wiener_adaptive_beta,6f5bfa6c60eeb2ad400161beec4006ab7b7da4908d9989b6db2c608560d2f56e,996,5,0.7551051378250122,5.0,,,0.38671875,0.06378318571599424,1.8983907187438789,1.899371396604017,0.04518258814354772,885.8471460259547,0.9070048526358437,0.03216181312100444,0.41982838308466475,0.19903012317296137,0.00039791587426605944,0.001128862924309314,0.5646362492665916,26.991275461663292,0.9989761158494391,0.4461279224314046,2.230639612157023,0.2259129407177386,0.03189159285799712,7.083777273733914,1.1207547765086547,0.0,0.0,0.0006853565573692322,0.0006376579403877258,0.014381061308085918,0.0014321273192763329,6.800517439842224e-06,10905008,True,True,True,
42,dp_fisher_wiener_adaptive_beta_lr5p00,dp_fisher_wiener_adaptive_beta,6f5bfa6c60eeb2ad400161beec4006ab7b7da4908d9989b6db2c608560d2f56e,997,5,0.8112229108810425,5.0,,,0.35546875,0.05748042299914988,1.897950178528468,1.8986771829828777,0.04481963771406462,1090.259061332338,1.0049831421085513,0.027782406260245203,0.38667332086991596,0.20770310005825504,0.0004091980753896137,0.0009172131974532924,0.4655643218077673,27.055093955831502,0.999078216198561,0.45574455570884775,2.278722778544239,0.2240981885703231,0.02874021149957494,7.797374370952006,1.0971058101203688,0.0,0.0,0.0007164087146520615,0.0006139921024441719,0.014335590414702892,0.0014492180198431015,6.766989827156067e-06,10905008,True,True,True,
42,dp_fisher_wiener_adaptive_beta_lr5p00,dp_fisher_wiener_adaptive_beta,6f5bfa6c60eeb2ad400161beec4006ab7b7da4908d9989b6db2c608560d2f56e,998,5,1.383891224861145,5.0,,,0.4140625,0.07520413998799391,1.8989951609030549,1.9005252595586077,0.04832119193910914,637.6233573430471,0.7540304721851948,0.040122839821916806,0.5126727789440458,0.20334528893448445,0.0003693636919266853,0.0015683239773239667,0.8634072571271735,27.407799121796618,0.99881743593063,0.4509382318394443,2.2546911591972214,0.24160595969554569,0.037602069993996956,6.4253366829988865,1.1087993092963455,0.0,0.0,0.0006952313706278801,0.0006079208105802536,0.014258423820137978,0.0014459993690252304,6.560236215591431e-06,10905008,True,True,True,
42,dp_fisher_wiener_adaptive_beta_lr5p00,dp_fisher_wiener_adaptive_beta,6f5bfa6c60eeb2ad400161beec4006ab7b7da4908d9989b6db2c608560d2f56e,999,5,0.8854409456253052,5.0,0.8099676233291626,0.8489,0.40625,0.07420709965017067,1.8984689135367119,1.8997731558697004,0.047635986833873836,654.509666166725,0.8525159604538993,0.03710019105746351,0.435841450710642,0.17646921880628086,0.00043419790949004316,0.001527861315899027,0.6209622083495855,26.08981234529967,0.9986974738425994,0.4200823952586931,2.1004119762934654,0.23817993416936917,0.03710354982508533,6.419330098758335,1.1902426896297384,0.0,0.0,0.0006239200010895729,0.000551365315914154,0.015628612600266933,0.0012885387986898422,6.134621798992157e-06,10905008,True,True,True,
42,dp_fisher_wiener_adaptive_beta_lr5p00,dp_fisher_wiener_adaptive_beta,6f5bfa6c60eeb2ad400161beec4006ab7b7da4908d9989b6db2c608560d2f56e,1000,5,0.5572191476821899,5.0,,,0.33984375,0.044455310610277486,1.9001732713924178,1.9006862227566117,0.0409144170915542,1827.0023729225145,1.2485746029316092,0.023231569875295125,0.3251310742533943,0.15425491265921365,0.0003713739929139653,0.0005473446637587546,0.22734656947803492,26.1842751619573,0.9993165993534349,0.39275299191631075,1.9637649595815536,0.204572085457771,0.022227655305138743,9.203493694689117,1.2730647768184762,0.1518331477418542,0.004792522639036179,0.0006757359951734543,0.0006172126159071922,0.014330496080219746,0.0014106584712862968,6.3264742493629456e-06,10905008,True,True,True,
42,dp_fisher_wiener_adaptive_beta_lr5p00,dp_fisher_wiener_adaptive_beta,6f5bfa6c60eeb2ad400161beec4006ab7b7da4908d9989b6db2c608560d2f56e,1001,5,1.1194491386413574,5.0,,,0.43359375,0.0609169594237903,1.8969314562622126,1.8979440332099538,0.047448673527918636,969.6764326518121,0.9100475616235502,0.032665960518344916,0.4471964248202727,0.19644277324251402,0.00040710050382972217,0.0010312718408505659,0.4976311706669649,26.835344161058835,0.99906149357561,0.443218651731303,2.2160932586565147,0.2372433676395932,0.03045847971189515,7.78907449997092,1.128111369063033,0.0,0.0,0.0006594602018594742,0.000591108575463295,0.014382787048816681,0.0014271177351474762,5.857087671756744e-06,10905008,True,True,True,
42,dp_fisher_wiener_adaptive_beta_lr5p00,dp_fisher_wiener_adaptive_beta,6f5bfa6c60eeb2ad400161beec4006ab7b7da4908d9989b6db2c608560d2f56e,1002,5,1.0893800258636475,5.0,,,0.36328125,0.07841453307669968,1.8987284908753532,1.900162256629726,0.048964877265127146,586.3171702594663,0.7348600766128681,0.03891118220832606,0.5245215618956363,0.19615349085893935,0.00035672627386921596,0.0017055615127125725,0.9378390909051751,27.40260943467352,0.9987466509358962,0.44289218875358294,2.214460943767915,0.24482438632563575,0.03920726653834984,6.244362536213053,1.1289429181535235,0.0,0.0,0.000683947466313839,0.0006322376430034637,0.01439946424216032,0.0014380663633346558,6.642192602157593e-06,10905008,True,True,True,
42,dp_fisher_wiener_adaptive_beta_lr5p00,dp_fisher_wiener_adaptive_beta,6f5bfa6c60eeb2ad400161beec4006ab7b7da4908d9989b6db2c608560d2f56e,1003,5,0.9576370716094971,5.0,,,0.37890625,0.09662845750227114,1.8994994652208956,1.9020011604614384,0.05844135671273351,386.42770657830926,0.7172404351012294,0.05127460014539657,0.5361634146095973,0.1834718334892113,0.0004712481646826744,0.002587806161072908,1.0075148858734482,25.903197288224376,0.9981439207828756,0.42833612209246524,2.141680610462326,0.2922067835636676,0.04831422875113557,6.048048186027425,1.1673075750797812,0.0,0.0,0.0007095122709870338,0.0006034690886735916,0.014290391467511654,0.0014318935573101044,6.987713277339935e-06,10905008,True,True,True,
42,dp_fisher_wiener_adaptive_beta_lr5p00,dp_fisher_wiener_adaptive_beta,6f5bfa6c60eeb2ad400161beec4006ab7b7da4908d9989b6db2c608560d2f56e,1004,5,1.321167230606079,5.0,,,0.40625,0.12075666577665102,1.895288687491398,1.899301677978274,0.06283294114990731,246.33635699265017,0.5980315124252766,0.0649866874314879,0.6464287847211326,0.19162620934803326,0.00035163363411565925,0.004059490089645928,2.212259072311525,27.36364499172845,0.9975722970018471,0.4377513099329724,2.1887565496648618,0.3141647057495366,0.06037833288832551,5.203268966127397,1.142201036646622,0.0,0.0,0.0006777504459023476,0.0005906522274017334,0.014744277112185955,0.0014368928968906403,7.109716534614563e-06,10905008,True,True,True,
42,dp_fisher_wiener_adaptive_beta_lr5p00,dp_fisher_wiener_adaptive_beta,6f5bfa6c60eeb2ad400161beec4006ab7b7da4908d9989b6db2c608560d2f56e,1005,5,1.5775887966156006,5.0,,,0.45703125,0.16322848241705476,1.900413402138113,1.9073378806558878,0.07288511248193144,135.55148608409672,0.5910240915662284,0.0851346022169246,0.681218163082164,0.1823008036080493,0.0003863176205567706,0.00737727065081224,3.481286629446053,26.738440652839724,0.9956398553152018,0.4269669818710216,2.1348349093551082,0.3644255624096572,0.08161424120852738,4.465220248437662,1.1710507398201326,0.0,0.0,0.0006955200806260109,0.0006075548008084297,0.014642895199358463,0.001471973955631256,7.079914212226868e-06,10905008,True,True,True,
42,dp_fisher_wiener_adaptive_beta_lr5p00,dp_fisher_wiener_adaptive_beta,6f5bfa6c60eeb2ad400161beec4006ab7b7da4908d9989b6db2c608560d2f56e,1006,5,1.5639863014221191,5.0,,,0.3515625,0.08781052612003476,1.8960945518394456,1.8980165776534539,0.05030467634242878,466.25856435844815,0.6775212966571647,0.04500942888338933,0.5678939506702726,0.19553755536122652,0.000329557589961291,0.002144732721952226,1.2725417524246883,27.73298862535244,0.9985468979050515,0.4421962860102135,2.2109814300510675,0.2515233817121439,0.04390526306001738,5.728775189493548,1.1307195827224128,0.0,0.0,0.0006866836920380592,0.000609666109085083,0.014532039873301983,0.0014750482514500618,6.6515058279037476e-06,10905008,True,True,True,
42,dp_fisher_wiener_adaptive_beta_lr5p00,dp_fisher_wiener_adaptive_beta,6f5bfa6c60eeb2ad400161beec4006ab7b7da4908d9989b6db2c608560d2f56e,1007,5,1.1631557941436768,5.0,,,0.36328125,0.07737919110883006,1.8962902796838186,1.8977090485468489,0.04855276306168145,600.5667260131211,0.7389896587130911,0.038715950129898626,0.5217205313531783,0.19384240768486488,0.0003570713350871204,0.0016650939129965396,0.9039252978412355,27.34693807565303,0.998769512817304,0.4402753771049034,2.201376885524517,0.24276381530840724,0.03868959555441503,6.274653736317743,1.1356528799922656,0.0,0.0,0.0006882650777697563,0.0006382353603839874,0.01440360490232706,0.0014434773474931717,6.639398634433746e-06,10905008,True,True,True,
42,dp_fisher_wiener_adaptive_beta_lr5p00,dp_fisher_wiener_adaptive_beta,6f5bfa6c60eeb2ad400161beec4006ab7b7da4908d9989b6db2c608560d2f56e,1008,5,0.6800872683525085,5.0,,,0.34375,0.06377160579302264,1.8912729690195274,1.8922735272184241,0.045397713126523784,879.5362127239482,0.7885977012452385,0.032536090330750514,0.5044216148894096,0.19898617679497138,0.00031589818461476407,0.0011369628507469861,0.7161797746934206,27.99275777022736,0.9991033937092793,0.4460786665992573,2.230393332996287,0.22698856563261893,0.03188580289651132,7.118797239078942,1.1208785298133592,0.0,0.0,0.000658039003610611,0.000608561560511589,0.014771535992622375,0.001381690613925457,6.463378667831421e-06,10905008,True,True,True,
42,dp_fisher_wiener_adaptive_beta_lr5p00,dp_fisher_wiener_adaptive_beta,6f5bfa6c60eeb2ad400161beec4006ab7b7da4908d9989b6db2c608560d2f56e,1009,5,0.9481333494186401,5.0,,,0.39453125,0.09718088083635706,1.9027939239629994,1.9051388369111466,0.05382370408811831,383.3732879816617,0.6685842977405021,0.0496194494569486,0.5761176231171558,0.18912867301205133,0.0003479113719817781,0.0026084237771455583,1.4179695376874888,27.352887504358062,0.9982560488205628,0.43488926522972643,2.174446326148632,0.26911852044059154,0.04859044041817853,5.538507536029064,1.1497179626513192,0.0,0.0,0.00055723637342453,0.0004867054522037506,0.01567393820732832,0.0013891682028770447,5.649402737617493e-06,10905008,True,True,True,
42,dp_fisher_wiener_adaptive_beta_lr5p00,dp_fisher_wiener_adaptive_beta,6f5bfa6c60eeb2ad400161beec4006ab7b7da4908d9989b6db2c608560d2f56e,1010,5,1.075650930404663,5.0,,,0.41796875,0.07853588001990872,1.8966993020980485,1.8984272042883419,0.05008250689502285,583.258047530943,0.756439856948233,0.042675883258759366,0.5098181015966141,0.18102378351970222,0.0003889242579431237,0.0017145069906378614,0.7980128156216111,26.678706054473693,0.9987030785770549,0.42546889841644386,2.1273444920822193,0.25041253447511425,0.03926794000995436,6.377022436248453,1.1751740300167155,0.0,0.0,0.0006051110103726387,0.0005805147811770439,0.014936559833586216,0.001442696899175644,5.671754479408264e-06,10905008,True,True,True,
42,dp_fisher_wiener_adaptive_beta_lr5p00,dp_fisher_wiener_adaptive_beta,6f5bfa6c60eeb2ad400161beec4006ab7b7da4908d9989b6db2c608560d2f56e,1011,5,0.959109365940094,5.0,,,0.3984375,0.07994941595102471,1.8953664247661293,1.8971093120218536,0.05144855014015311,562.0251823413821,0.6805557077124792,0.042861239216277026,0.5699600371360591,0.21406487774632857,0.0003391320917414576,0.0017792797035842774,1.123106014577995,28.001765280460553,0.9987891010419193,0.46267145767415624,2.3133572883707814,0.2572427507007655,0.03997470797551236,6.435137708871113,1.080680451982954,0.0,0.0,0.0006493274122476578,0.00060268584638834,0.014837853610515594,0.0014472464099526405,6.3357874751091e-06,10905008,True,True,True,
42,dp_fisher_wiener_adaptive_beta_lr5p00,dp_fisher_wiener_adaptive_beta,6f5bfa6c60eeb2ad400161beec4006ab7b7da4908d9989b6db2c608560d2f56e,1012,5,1.0048136711120605,5.0,,,0.3515625,0.07292248335859122,1.9023926583794941,1.9037548176646117,0.05108376306575001,680.5772418006025,0.7851639372534942,0.03782514689050843,0.5036008252506975,0.1931414654032351,0.00040813365239246636,0.0014693409335374968,0.6953375671867661,26.750731159380745,0.998846326487239,0.4394786290631606,2.197393145315803,0.25541881532875005,0.03646124167929561,7.0052144018667235,1.1377117496355067,0.0,0.0,0.0006969459354877472,0.0006159637123346329,0.014763183891773224,0.0014360882341861725,6.722286343574524e-06,10905008,True,True,True,
42,dp_fisher_wiener_adaptive_beta_lr5p00,dp_fisher_wiener_adaptive_beta,6f5bfa6c60eeb2ad400161beec4006ab7b7da4908d9989b6db2c608560d2f56e,1013,5,0.7805256843566895,5.0,,,0.36328125,0.06853863833321788,1.8964044545037295,1.8974461340543947,0.04597568380086923,765.5807228522318,0.8887174558177503,0.0332550159313155,0.41834744162385007,0.19049727663477167,0.0004329694892059757,0.0013061979879290394,0.5746990620419798,26.43431477559964,0.9988391590471263,0.4364599370329099,2.1822996851645495,0.22987841900434614,0.03426931916660894,6.707994923389817,1.1455805162734867,0.0,0.0,0.0006878487765789032,0.0006084619089961052,0.014729092828929424,0.0014357790350914001,6.062909960746765e-06,10905008,True,True,True,
42,dp_fisher_wiener_adaptive_beta_lr5p00,dp_fisher_wiener_adaptive_beta,6f5bfa6c60eeb2ad400161beec4006ab7b7da4908d9989b6db2c608560d2f56e,1014,5,0.980708658695221,5.0,,,0.34765625,0.04508261759785092,1.8971762408619601,1.8975933195728858,0.0413491880896121,1770.912509177371,1.315773442518921,0.021129307383893015,0.2864511132048415,0.16770416845288097,0.00041430584796524426,0.0005646806346024547,0.22857339985817077,26.072227932659224,0.9992570082171198,0.4095169940953378,2.047584970476689,0.2067459404480605,0.02254130879892546,9.171869401334149,1.2209505520114663,0.0,0.0,0.000684036873281002,0.0006064893677830696,0.014567840844392776,0.0014838026836514473,6.319023668766022e-06,10905008,True,True,True,
42,dp_fisher_wiener_adaptive_beta_lr5p00,dp_fisher_wiener_adaptive_beta,6f5bfa6c60eeb2ad400161beec4006ab7b7da4908d9989b6db2c608560d2f56e,1015,5,1.1308099031448364,5.0,,,0.33984375,0.07556255275621121,1.8935701815196313,1.8951450444583628,0.046316640797667036,627.9854321013627,0.7697311707979463,0.04076900736591192,0.4943130225234447,0.15313585484796674,0.0003328272843560067,0.0015923936268368263,0.7326699780948496,26.628579652099624,0.998774284989029,0.39132576563263344,1.9566288281631672,0.23158320398833518,0.037781276378105605,6.129575974738878,1.277707843209357,0.0,0.0,0.0006839940324425697,0.0006098886951804161,0.014530579559504986,0.0014751050621271133,6.237998604774475e-06,10905008,True,True,True,
42,dp_fisher_wiener_adaptive_beta_lr5p00,dp_fisher_wiener_adaptive_beta,6f5bfa6c60eeb2ad400161beec4006ab7b7da4908d9989b6db2c608560d2f56e,1016,5,0.9510272741317749,5.0,,,0.40234375,0.10260068055569076,1.9006061719072542,1.9034007688008656,0.058297622173801994,343.14982951132674,0.7005482121520444,0.05416954892392265,0.5476091111037865,0.1667548101270474,0.0004285637559111228,0.002914178920994394,1.1339114558247978,25.900629303094796,0.9979584771668123,0.40835622944562433,2.0417811472281215,0.29148811086900994,0.05130034027784538,5.681991762327751,1.2244211400363965,0.0,0.0,0.0006625857204198837,0.0006087059155106544,0.01475910097360611,0.0013802628964185715,6.156042218208313e-06,10905008,True,True,True,
42,dp_fisher_wiener_adaptive_beta_lr5p00,dp_fisher_wiener_adaptive_beta,6f5bfa6c60eeb2ad400161beec4006ab7b7da4908d9989b6db2c608560d2f56e,1017,5,1.5471481084823608,5.0,,,0.4453125,0.10190788685529432,1.8963163008721504,1.8993165113261852,0.05377379681113735,346.26290167604327,0.7009645526082882,0.0562446779573947,0.5471895810017425,0.15308588112567478,0.00039391891512804343,0.0028879790328766187,1.1223345660036397,25.89528302636674,0.9979756290690825,0.39126190860557175,1.9563095430278588,0.26886898405568677,0.05095394342764716,5.276706098953749,1.2779163751991212,0.0,0.0,0.000555167905986309,0.0005183964967727661,0.015576689504086971,0.0014484282582998276,5.802139639854431e-06,10905008,True,True,True,
42,dp_fisher_wiener_adaptive_beta_lr5p00,dp_fisher_wiener_adaptive_beta,6f5bfa6c60eeb2ad400161beec4006ab7b7da4908d9989b6db2c608560d2f56e,1018,5,1.0686540603637695,5.0,,,0.375,0.08896446965636645,1.8960881111747143,1.8986772012799473,0.05715031468813032,454.2383963255401,0.6752813600136648,0.052510689133882474,0.5739381156572424,0.17542511140767514,0.00040901933192161107,0.002201487166128294,0.944200190617888,26.323479255514563,0.9985133767522164,0.41883781038449136,2.0941890519224566,0.2857515734406516,0.044482234828183226,6.42394822422861,1.193779519427361,0.0,0.0,0.0006861966103315353,0.0006129452958703041,0.0147640286013484,0.0014494247734546661,6.561167538166046e-06,10905008,True,True,True,
42,dp_fisher_wiener_adaptive_beta_lr5p00,dp_fisher_wiener_adaptive_beta,6f5bfa6c60eeb2ad400161beec4006ab7b7da4908d9989b6db2c608560d2f56e,1019,5,1.0782482624053955,5.0,,,0.3359375,0.08680628811376276,1.9024329252093595,1.9043844450798852,0.05156087344882266,480.3041458056435,0.6808905216728401,0.04526096738169136,0.5656095372279605,0.19765716694382238,0.00034543115711527266,0.0020820140916952825,1.1913372553412214,27.575510583676625,0.9985823763387872,0.4445865123278285,2.2229325616391424,0.2578043672441133,0.04340314405688138,5.939762495092791,1.124640505581029,0.0,0.0,0.0006855251267552376,0.0006043333560228348,0.014747986570000648,0.0014347760006785393,6.540678441524506e-06,10905008,True,True,True,
42,dp_fisher_wiener_adaptive_beta_lr5p00,dp_fisher_wiener_adaptive_beta,6f5bfa6c60eeb2ad400161beec4006ab7b7da4908d9989b6db2c608560d2f56e,1020,5,0.9351785778999329,5.0,,,0.375,0.059876151091293406,1.895051912046836,1.8959493313016094,0.04485393751876198,1001.6926134110835,0.8781064114325766,0.030774923946320233,0.45591468317448663,0.19893125216887333,0.0003530599072145754,0.000998310246409299,0.5624969111808071,27.508546129028623,0.9991233773717847,0.44601709851627136,2.230085492581357,0.2242696875938099,0.029938075545646703,7.491119034834885,1.1210332555908464,0.0,0.0,0.0006890604272484779,0.0006012367084622383,0.01469591073691845,0.0014565344899892807,6.447546184062958e-06,10905008,True,True,True,
42,dp_fisher_wiener_adaptive_beta_lr5p00,dp_fisher_wiener_adaptive_beta,6f5bfa6c60eeb2ad400161beec4006ab7b7da4908d9989b6db2c608560d2f56e,1021,5,0.7780203819274902,5.0,,,0.3671875,0.06343240779996588,1.9026347861137713,1.903566160230452,0.04396224154921987,899.6808399232876,0.8898969617447379,0.03134081261510653,0.4259611892484592,0.17966499154974722,0.00037406570915479514,0.0011115052754001747,0.5338596426431317,26.81515562746403,0.9990108748322123,0.4238690735943674,2.119345367971837,0.21981120774609936,0.03171620389998294,6.9305648441517,1.179609533101508,0.0,0.0,0.0006870850920677185,0.0006066551432013512,0.014704916626214981,0.0014637447893619537,6.598420441150665e-06,10905008,True,True,True,
42,dp_fisher_wiener_adaptive_beta_lr5p00,dp_fisher_wiener_adaptive_beta,6f5bfa6c60eeb2ad400161beec4006ab7b7da4908d9989b6db2c608560d2f56e,1022,5,0.892163097858429,5.0,,,0.41796875,0.049482811105861405,1.8948409771438728,1.8955036415724957,0.04155766496561711,1466.3471799658457,1.1354289233886756,0.02644215123521586,0.3392924392178894,0.15391578378561166,0.00038297496287708016,0.000681966735609372,0.27407912988623623,26.04112774714003,0.9992256752432839,0.3923210213404472,1.961605106702236,0.20778832482808554,0.024741405552930702,8.398404220615264,1.2744665026879531,0.0,0.0,0.0006854068487882614,0.000611347146332264,0.014606661163270473,0.0014583170413970947,6.9160014390945435e-06,10905008,True,True,True,
42,dp_fisher_wiener_adaptive_beta_lr5p00,dp_fisher_wiener_adaptive_beta,6f5bfa6c60eeb2ad400161beec4006ab7b7da4908d9989b6db2c608560d2f56e,1023,5,0.7319719195365906,5.0,,,0.3984375,0.07678058935526479,1.8992950862146178,1.9010786535353177,0.05220375690852111,611.9021885266615,0.7942407056501438,0.04341246101648562,0.4912681427216044,0.16054340912623985,0.00042984667222301624,0.0016342481177226962,0.6103752361179592,25.722789115988807,0.9987020136215523,0.4006786856400523,2.0033934282002615,0.2610187845426055,0.03839029467763239,6.799082599589569,1.2478826998247783,0.0,0.0,0.0006959279999136925,0.0006063273176550865,0.014615386724472046,0.0014734258875250816,6.606802344322205e-06,10905008,True,True,True,
42,dp_fisher_wiener_adaptive_beta_lr5p00,dp_fisher_wiener_adaptive_beta,6f5bfa6c60eeb2ad400161beec4006ab7b7da4908d9989b6db2c608560d2f56e,1024,5,1.2335612773895264,5.0,,,0.39453125,0.1368391721513198,1.899730299291024,1.904511552549072,0.06604396189516855,192.73608038845816,0.639381560853436,0.07082182199933693,0.6149096579180499,0.1609516450985255,0.00039900971045519806,0.005188442132530793,2.0929021883736354,26.05711954663608,0.9966826057707275,0.40118779280846206,2.0059389640423104,0.33021980947584273,0.0684195860756599,4.8263929732905995,1.2462991371162364,0.0,0.0,0.0006815819069743156,0.0006009479984641075,0.01448909007012844,0.0014654044061899185,6.504356861114502e-06,10905008,True,True,True,
42,dp_fisher_wiener_adaptive_beta_lr5p00,dp_fisher_wiener_adaptive_beta,6f5bfa6c60eeb2ad400161beec4006ab7b7da4908d9989b6db2c608560d2f56e,1025,5,1.0144765377044678,5.0,,,0.3671875,0.07140009532723894,1.8936744059883468,1.894938180151704,0.047184504725303014,703.4172845130471,0.8158054677490246,0.03653368229084596,0.46978582573211775,0.17914603548782856,0.00039554318634728194,0.0014216312590268976,0.6438730652966901,26.56013293392065,0.9988402254455354,0.4232564653821942,2.116282326910971,0.23592252362651506,0.03570004766361947,6.608465227914137,1.1813168631631563,0.0,0.0,0.00071739312261343,0.0006575975567102432,0.014503314159810543,0.0015087919309735298,6.924383342266083e-06,10905008,True,True,True,
42,dp_fisher_wiener_adaptive_beta_lr5p00,dp_fisher_wiener_adaptive_beta,6f5bfa6c60eeb2ad400161beec4006ab7b7da4908d9989b6db2c608560d2f56e,1026,5,0.848822832107544,5.0,,,0.39453125,0.040076648850346626,1.8984895733586133,1.898885516147585,0.0391771136146019,2244.0557067333975,1.4170054091991262,0.02043128456162735,0.275487234771906,0.1453181996614648,0.00035531985381300716,0.00044562173584932076,0.18224973268021466,26.11700532976637,0.9993685515894517,0.3812062429466034,1.906031214733017,0.1958855680730095,0.020038324425173313,9.775546293538948,1.3116259485517523,0.0,0.0,0.0006097797304391861,0.0005788477137684822,0.014883642084896564,0.0014436999335885048,5.341134965419769e-06,10905008,True,True,True,
42,dp_fisher_wiener_adaptive_beta_lr5p00,dp_fisher_wiener_adaptive_beta,6f5bfa6c60eeb2ad400161beec4006ab7b7da4908d9989b6db2c608560d2f56e,1027,5,0.8988752365112305,5.0,,,0.3984375,0.06120112343289995,1.8963548710911675,1.8974006319364238,0.044307361475177,960.1087648243748,0.9057855457033587,0.03321019579060973,0.4270501401366891,0.15968921178734244,0.0003573616762049227,0.0010415486623702082,0.4654222764269421,26.501676000914642,0.9990565802762266,0.39961132589973275,1.9980566294986637,0.221536807375885,0.030600561716449974,7.239632050595778,1.2512157879234003,0.0,0.0,0.0006189495325088501,0.0006367480382323265,0.015070728957653046,0.0015068147331476212,6.613321602344513e-06,10905008,True,True,True,
42,dp_fisher_wiener_adaptive_beta_lr5p00,dp_fisher_wiener_adaptive_beta,6f5bfa6c60eeb2ad400161beec4006ab7b7da4908d9989b6db2c608560d2f56e,1028,5,0.8761593103408813,5.0,,,0.4375,0.05595845347798676,1.8975190814340508,1.8984798049971672,0.04160147420682061,1149.84922478722,0.9742396935406112,0.03190187170074418,0.3890427020618002,0.16430019140198285,0.00037144127260582195,0.0008696792397850433,0.38468656025050824,26.457479100739775,0.9991527239636826,0.40533960009106296,2.0266980004553146,0.20800737103410305,0.02797922673899338,7.434350240165082,1.233533560220707,0.0,0.0,0.0006869910284876823,0.0006050374358892441,0.014752432703971863,0.0014391876757144928,6.799586117267609e-06,10905008,True,True,True,
42,dp_fisher_wiener_adaptive_beta_lr5p00,dp_fisher_wiener_adaptive_beta,6f5bfa6c60eeb2ad400161beec4006ab7b7da4908d9989b6db2c608560d2f56e,1029,5,0.9634990692138672,5.0,,,0.390625,0.054746100100324574,1.901065089421524,1.9017340370640958,0.041944900420069986,1205.8342045985598,1.0554550413243944,0.02661067507952808,0.3468960325181117,0.15755930096267895,0.0003755840996704836,0.0008293014046644881,0.3478958498729742,26.227368464728396,0.9991247096513775,0.39693740181882453,1.9846870090941227,0.20972450210034993,0.027373050050162287,7.6617147781616985,1.2596444620931868,0.0,0.0,0.0006868895143270493,0.0006034355610609055,0.014759409241378307,0.0014520809054374695,6.631016731262207e-06,10905008,True,True,True,
42,dp_fisher_wiener_adaptive_beta_lr5p00,dp_fisher_wiener_adaptive_beta,6f5bfa6c60eeb2ad400161beec4006ab7b7da4908d9989b6db2c608560d2f56e,1030,5,0.7642961144447327,5.0,,,0.390625,0.06092038770995232,1.8957178331768632,1.8964435698279714,0.04383503012850486,968.3270718738787,0.9455923126804107,0.027972335879399464,0.3975800202835777,0.19325715386408637,0.0004037716890280692,0.0010327089149693013,0.49428523845662026,26.79999714150423,0.9990234783885054,0.4396102294807144,2.198051147403572,0.2191751506425243,0.03046019385497616,7.1954614497479,1.1373711676124625,0.0,0.0,0.0007397383451461792,0.0006406251341104507,0.014743760228157043,0.001558074727654457,7.824040949344635e-06,10905008,True,True,True,
42,dp_fisher_wiener_adaptive_beta_lr5p00,dp_fisher_wiener_adaptive_beta,6f5bfa6c60eeb2ad400161beec4006ab7b7da4908d9989b6db2c608560d2f56e,1031,5,0.7859917879104614,5.0,,,0.3671875,0.05796970083443937,1.8955468424394284,1.8965788654123008,0.04674310887423325,1069.219631061611,0.9704669794664984,0.03308065843006446,0.42148152755503615,0.18211773114422902,0.00041386951299569196,0.0009352615408952619,0.4115493034448764,26.43488794520629,0.999092359557126,0.42675254087612535,2.1337627043806267,0.23371554437116623,0.028984850417219685,8.063369001354383,1.1716391868981626,0.0,0.0,0.0006918124854564667,0.0006102398037910461,0.014285151846706867,0.0014484329149127007,7.186084985733032e-06,10905008,True,True,True,
42,dp_fisher_wiener_adaptive_beta_lr5p00,dp_fisher_wiener_adaptive_beta,6f5bfa6c60eeb2ad400161beec4006ab7b7da4908d9989b6db2c608560d2f56e,1032,5,1.3120043277740479,5.0,,,0.3984375,0.056736440018197914,1.896967188067275,1.8978594617822042,0.04267985905104642,1117.8807395167141,0.9887376816753395,0.03067042761547717,0.38360964958395066,0.17806577778524973,0.00038185263893393567,0.0008945498069153531,0.41714706362719794,26.68684664061738,0.9991155248974927,0.421978409145835,2.109892045729175,0.2133992952552321,0.028368220009098957,7.522477447624945,1.184894746181234,0.0,0.0,0.0005547907203435898,0.0005463147535920143,0.01477163564413786,0.0013630818575620651,5.541369318962097e-06,10905008,True,True,True,
42,dp_fisher_wiener_adaptive_beta_lr5p00,dp_fisher_wiener_adaptive_beta,6f5bfa6c60eeb2ad400161beec4006ab7b7da4908d9989b6db2c608560d2f56e,1033,5,0.858478844165802,5.0,,,0.3671875,0.0629094796006396,1.8951096709395259,1.8961291645179423,0.04239825496776076,907.4788465480093,0.962746638431287,0.03279028849723353,0.3646160750978077,0.14262179797209112,0.0003868590682154508,0.0011019540604731211,0.40625303172779714,25.66633125071711,0.9989390974323057,0.3776530126612141,1.8882650633060705,0.21199127483880378,0.0314547398003198,6.739565362098749,1.3239666657901583,0.0,0.0,0.0007873019203543663,0.0006887083873152733,0.014532922767102718,0.0015704920515418053,7.527880370616913e-06,10905008,True,True,True,
42,dp_fisher_wiener_adaptive_beta_lr5p00,dp_fisher_wiener_adaptive_beta,6f5bfa6c60eeb2ad400161beec4006ab7b7da4908d9989b6db2c608560d2f56e,1034,5,0.8608412742614746,5.0,,,0.34765625,0.06904283882482086,1.9019031276731206,1.9028464723746157,0.04755376924926553,758.8212867154064,0.932157293498067,0.03180178154132836,0.39362879352891195,0.20611582007546483,0.0004978093024335398,0.0013178333519325625,0.5456432827483744,26.17048318230235,0.9987715720291234,0.45399980184518235,2.269999009225912,0.23776884624632763,0.03452141941241043,6.887574447589554,1.1013220665884846,0.0,0.0,0.0006105825304985046,0.000567171722650528,0.014641073532402515,0.0013839416205883026,5.700625479221344e-06,10905008,True,True,True,
42,dp_fisher_wiener_adaptive_beta_lr5p00,dp_fisher_wiener_adaptive_beta,6f5bfa6c60eeb2ad400161beec4006ab7b7da4908d9989b6db2c608560d2f56e,1035,5,0.7065255641937256,5.0,,,0.3359375,0.05994914147488891,1.894468424734365,1.8954245092544597,0.04300697968362688,998.6396525075637,0.9373867746793233,0.031758410940599585,0.40233507660411155,0.16595013984916165,0.0003692075356743765,0.001001362200279643,0.45008885529211234,26.52707065523412,0.9990613363165329,0.4073697826903238,2.0368489134516192,0.2150348984181344,0.029974570737444455,7.173910855788747,1.2273860783112254,0.0,0.0,0.0007481649518013,0.0006618192419409752,0.014274485409259796,0.0015785405412316322,7.322058081626892e-06,10905008,True,True,True,
42,dp_fisher_wiener_adaptive_beta_lr5p00,dp_fisher_wiener_adaptive_beta,6f5bfa6c60eeb2ad400161beec4006ab7b7da4908d9989b6db2c608560d2f56e,1036,5,0.51718670129776,5.0,,,0.33203125,0.05718605745954182,1.892661845229366,1.8934685285598953,0.04194695785697929,1095.3823568337264,0.971714029098507,0.0292041624644627,0.3860396639588939,0.1566379270146357,0.00034872035687827027,0.000912923230372724,0.410066115836932,26.524196257820023,0.9991128996892856,0.39577509650638165,1.9788754825319081,0.20973478928489647,0.02859302872977091,7.335172193884678,1.2633437636990748,0.0,0.0,0.0005672145634889603,0.0004893364384770393,0.01592802256345749,0.0011699516326189041,5.5050477385520935e-06,10905008,True,True,True,
42,dp_fisher_wiener_adaptive_beta_lr5p00,dp_fisher_wiener_adaptive_beta,6f5bfa6c60eeb2ad400161beec4006ab7b7da4908d9989b6db2c608560d2f56e,1037,5,0.8589274883270264,5.0,,,0.34375,0.07120157171956847,1.9007077359043751,1.9020909945979856,0.04748472852138421,712.6093619235544,0.8487706158406636,0.03813695529625623,0.446834209574073,0.1624051557939967,0.00040918714611935304,0.0014032933795637488,0.5569629495571817,25.986778292617238,0.9988089258137877,0.4029952304854199,2.0149761524270997,0.23742364260692106,0.03560078585978423,6.669056226324859,1.240709472904913,0.0,0.0,0.0007509207352995872,0.0006638681516051292,0.015013678930699825,0.0015771035104990005,7.560476660728455e-06,10905008,True,True,True,
42,dp_fisher_wiener_adaptive_beta_lr5p00,dp_fisher_wiener_adaptive_beta,6f5bfa6c60eeb2ad400161beec4006ab7b7da4908d9989b6db2c608560d2f56e,1038,5,0.7073137760162354,5.0,,,0.34375,0.08928409059663682,1.8995699049577732,1.9013706570169213,0.05029345771832664,452.6498718970928,0.7354178973432149,0.043638114790137704,0.5164998304469146,0.1739261822662818,0.0003540685688683326,0.002209213040717754,1.0852134968107308,26.91277588104547,0.9983753051906084,0.4170445806700787,2.0852229033503935,0.2514672885916332,0.04464204529831841,5.632969701669842,1.198912593937644,0.0,0.0,0.0006831362843513489,0.0006054732948541641,0.014593892730772495,0.001483747735619545,6.459653377532959e-06,10905008,True,True,True,
42,dp_fisher_wiener_adaptive_beta_lr5p00,dp_fisher_wiener_adaptive_beta,6f5bfa6c60eeb2ad400161beec4006ab7b7da4908d9989b6db2c608560d2f56e,1039,5,1.0090126991271973,5.0,,,0.359375,0.0887335266224255,1.896862505984543,1.89896987603365,0.05520570775279447,456.9789752661988,0.7170427765309197,0.0470998401227038,0.538477953679388,0.17499137362327838,0.00038803950603571666,0.0021882844813378936,0.9868348482201781,26.54140696706207,0.9984309064194626,0.4183197026477218,2.091598513238609,0.2760285387639724,0.04436676331121275,6.221516246779953,1.1952580689699623,0.0,0.0,0.0006944108754396439,0.0006109857931733131,0.014571159146726131,0.001463550142943859,6.506219506263733e-06,10905008,True,True,True,
42,dp_fisher_wiener_adaptive_beta_lr5p00,dp_fisher_wiener_adaptive_beta,6f5bfa6c60eeb2ad400161beec4006ab7b7da4908d9989b6db2c608560d2f56e,1040,5,0.9764350056648254,5.0,,,0.390625,0.11715047796900849,1.8950676182237753,1.8982061152684526,0.05897576807508256,261.67443294725683,0.6673593427850737,0.05762636543238761,0.5820910196086075,0.17750074891536027,0.0003953146534589918,0.0038215426270873697,1.715915845659319,26.522572763946307,0.997449657823776,0.42130837745689353,2.1065418872844677,0.2948788403754128,0.058575238984504244,5.034189283434032,1.1867791545397672,0.0,0.0,0.0006840052083134651,0.000605694018304348,0.01457903254777193,0.001474747434258461,6.802380084991455e-06,10905008,True,True,True,
42,dp_fisher_wiener_adaptive_beta_lr5p00,dp_fisher_wiener_adaptive_beta,6f5bfa6c60eeb2ad400161beec4006ab7b7da4908d9989b6db2c608560d2f56e,1041,5,1.3274354934692383,5.0,,,0.37890625,0.13534522089676276,1.9041712106340076,1.9091754240584318,0.06551798128564718,197.93661501103603,0.6193106844788456,0.07237123082233993,0.6352489389881805,0.1738393704821152,0.000387032261217466,0.005052122366998035,2.2692107591676467,26.524009729445936,0.9968711666386527,0.4169404879381651,2.0847024396908256,0.3275899064282359,0.06767261044838138,4.840804932052543,1.1992119126434033,0.0,0.0,0.0007380349561572075,0.0006624395027756691,0.014540991745889187,0.0015078932046890259,6.579793989658356e-06,10905008,True,True,True,
42,dp_fisher_wiener_adaptive_beta_lr5p00,dp_fisher_wiener_adaptive_beta,6f5bfa6c60eeb2ad400161beec4006ab7b7da4908d9989b6db2c608560d2f56e,1042,5,1.4485583305358887,5.0,,,0.41015625,0.1088239578290442,1.895211921742763,1.898333679198796,0.05310570780598749,303.29589038120054,0.7285570323902987,0.057325741435725365,0.5221180410851972,0.14939384245771586,0.0004364583396690395,0.003297110286124948,1.1285566790909853,25.34389900998847,0.9975978671142745,0.3865149964202112,1.932574982101056,0.26552853902993745,0.0544119789145221,4.8799647489790186,1.2936108679600018,0.0,0.0,0.0007331324741244316,0.0006398409605026245,0.014261406846344471,0.001505284570157528,7.011927664279938e-06,10905008,True,True,True,
42,dp_fisher_wiener_adaptive_beta_lr5p00,dp_fisher_wiener_adaptive_beta,6f5bfa6c60eeb2ad400161beec4006ab7b7da4908d9989b6db2c608560d2f56e,1043,5,0.9087347388267517,5.0,,,0.390625,0.06915953000562351,1.896493974524934,1.89781056070967,0.043283363086806616,751.9671486223333,0.8853949949916812,0.03725121478134213,0.40448382440614633,0.14483256059391458,0.00035911929373526704,0.001329845328512999,0.536325692808719,26.0562747008006,0.9988225616017754,0.3805687330744797,1.9028436653723984,0.21641681543403307,0.034579765002811756,6.258481380951469,1.3138231193071583,0.0,0.0,0.0006454735994338989,0.0005807159468531609,0.014584368094801903,0.001385570503771305,6.305985152721405e-06,10905008,True,True,True,
42,dp_fisher_wiener_adaptive_beta_lr5p00,dp_fisher_wiener_adaptive_beta,6f5bfa6c60eeb2ad400161beec4006ab7b7da4908d9989b6db2c608560d2f56e,1044,5,0.897063672542572,5.0,,,0.34765625,0.06137195616822132,1.902184467096251,1.9031023431688887,0.04363993648672609,960.6503149040713,0.8866711673989699,0.031076533030386263,0.4352250776132113,0.17743421357267763,0.0003684447758905537,0.0010409615072411488,0.5013022259871039,26.8266496221533,0.9990770094449121,0.42122940729806324,2.106147036490316,0.21819968243363044,0.03068597808411066,7.110729266260687,1.187001646456776,0.0,0.0,0.0007610991597175598,0.0006703445687890053,0.014157439582049847,0.0016145426779985428,7.411465048789978e-06,10905008,True,True,True,
42,dp_fisher_wiener_adaptive_beta_lr5p00,dp_fisher_wiener_adaptive_beta,6f5bfa6c60eeb2ad400161beec4006ab7b7da4908d9989b6db2c608560d2f56e,1045,5,1.1152478456497192,5.0,,,0.3671875,0.0484834193934601,1.8977912550488816,1.8983964455228355,0.04569312803169705,1532.1821500245396,1.1304206516031468,0.025250003596888868,0.4020318197682834,0.16493942001006381,0.00038271937969707175,0.0006526639143774717,0.2812766041579168,26.344440082123185,0.9992622152323177,0.40612734457318167,2.0306367228659084,0.22846564015848525,0.02424170969673005,9.424485442950354,1.2311409381317144,0.0,0.0,0.0005554212257266045,0.0004907203838229179,0.016121341846883297,0.001168793998658657,5.373731255531311e-06,10905008,True,True,True,
42,dp_fisher_wiener_adaptive_beta_lr5p00,dp_fisher_wiener_adaptive_beta,6f5bfa6c60eeb2ad400161beec4006ab7b7da4908d9989b6db2c608560d2f56e,1046,5,0.9771103262901306,5.0,,,0.36328125,0.07736713283822307,1.898853565812925,1.9003413310082493,0.04911411399626813,602.3791672305096,0.7722009998441776,0.03957852572461332,0.49682989979928394,0.17333350307365952,0.0003747893605398471,0.0016600839707492602,0.7677597076583688,26.65095259988352,0.998718081497748,0.41633340374471456,2.081667018723573,0.24557056998134066,0.03868356641911153,6.348188461073973,1.2009605655024185,0.0,0.0,0.0007556919008493423,0.000665922649204731,0.014825754798948765,0.0015999795868992805,7.14324414730072e-06,10905008,True,True,True,
42,dp_fisher_wiener_adaptive_beta_lr5p00,dp_fisher_wiener_adaptive_beta,6f5bfa6c60eeb2ad400161beec4006ab7b7da4908d9989b6db2c608560d2f56e,1047,5,1.0360320806503296,5.0,,,0.43359375,0.09860733782683859,1.9000654892822617,1.9026339361674096,0.05658359203543983,371.2946332469302,0.6965719914387446,0.05194301366146271,0.5513033129525234,0.17157531086719238,0.00039826397518435936,0.002693278895932295,1.1602861226247247,26.342837697731596,0.9981239373557675,0.4142165024080914,2.071082512040457,0.2829179601771991,0.049303668913419293,5.738273974463942,1.2070982133545867,0.0,0.0,0.0006878683343529701,0.0006396621465682983,0.01434359047561884,0.0014377282932400703,6.525777280330658e-06,10905008,True,True,True,
42,dp_fisher_wiener_adaptive_beta_lr5p00,dp_fisher_wiener_adaptive_beta,6f5bfa6c60eeb2ad400161beec4006ab7b7da4908d9989b6db2c608560d2f56e,1048,5,0.7076019644737244,5.0,,,0.32421875,0.05397730697312625,1.8978858133275718,1.8986219991876225,0.04274096332348535,1236.2825314656254,1.0409494671674528,0.02785102285411591,0.3700586218284965,0.17615246158557663,0.00038644998488858445,0.0008088765910742008,0.36870386377241665,26.58795421117067,0.9991580003432281,0.4197052079562233,2.0985260397811163,0.21370481661742674,0.026988653486563124,7.918320812703973,1.1913123557212577,0.0,0.0,0.0006886254996061325,0.0006089089438319206,0.014522814191877842,0.0014644674956798553,6.875954568386078e-06,10905008,True,True,True,
42,dp_fisher_wiener_adaptive_beta_lr5p00,dp_fisher_wiener_adaptive_beta,6f5bfa6c60eeb2ad400161beec4006ab7b7da4908d9989b6db2c608560d2f56e,1049,5,0.9796575307846069,5.0,,,0.38671875,0.06251551063524587,1.8944213171110251,1.8953996759039404,0.04615826120283273,918.2851856805547,0.8619849773774387,0.032137197301002125,0.4626363933646282,0.19459372290765606,0.0003656800056731457,0.0010889863142055738,0.5794954541728755,27.260276113000153,0.999061310156345,0.44112778523649593,2.2056389261824796,0.23079130601416364,0.03125775531762293,7.383489430434611,1.1334584143930273,0.0,0.0,0.0007163211703300476,0.0006582476198673248,0.014591197483241558,0.0015085674822330475,6.934627890586853e-06,10905008,True,True,True,
42,dp_fisher_wiener_adaptive_beta_lr5p00,dp_fisher_wiener_adaptive_beta,6f5bfa6c60eeb2ad400161beec4006ab7b7da4908d9989b6db2c608560d2f56e,1050,5,0.9944892525672913,5.0,,,0.4375,0.08156906033990177,1.9002302664865602,1.9017035072261212,0.03792224269437209,542.7021518320399,0.7256453769378356,0.03950058679361456,0.5275171278288812,0.13931101753599762,0.000229745084283215,0.0018426313521581815,1.117320308040169,27.827392358339942,0.9986629030777048,0.373243911585973,1.8662195579298648,0.18961121347186044,0.040784530169950886,4.64909642644143,1.3396065802495762,0.1461606863886118,0.004636426456272602,0.000643853098154068,0.0006414204835891724,0.015226764604449272,0.0015341946855187416,6.334856152534485e-06,10905008,True,True,True,
42,dp_fisher_wiener_adaptive_beta_lr5p00,dp_fisher_wiener_adaptive_beta,6f5bfa6c60eeb2ad400161beec4006ab7b7da4908d9989b6db2c608560d2f56e,1051,5,0.7921033501625061,5.0,,,0.34375,0.06253522412976266,1.9042997266207584,1.9053992140383036,0.036163540106412394,927.301983146911,0.7707491594019398,0.03398682281813863,0.48735953965069573,0.1242202965014979,0.0001821350277039833,0.0010783973483485842,0.7354919033336335,28.337990844408758,0.9991688261500465,0.3524489984401969,1.7622449922009844,0.18081770053206198,0.03126761206488133,5.7829072508343895,1.4186449733475999,0.0,0.0,0.0006889915093779564,0.0006133317947387695,0.014851939864456654,0.0014821533113718033,6.183981895446777e-06,10905008,True,True,True,
42,dp_fisher_wiener_adaptive_beta_lr5p00,dp_fisher_wiener_adaptive_beta,6f5bfa6c60eeb2ad400161beec4006ab7b7da4908d9989b6db2c608560d2f56e,1052,5,0.5175338387489319,5.0,,,0.3515625,0.05609659541046052,1.8929447400492423,1.8937312992209727,0.030722847150320486,1138.68307031339,0.8834817219596997,0.028829730169993854,0.38021367114035826,0.12204509457520374,0.00021137674944723131,0.0008782074887674575,0.507061047140307,27.614631123074794,0.9992241197353393,0.34934953066406677,1.7467476533203339,0.15361423575160243,0.02804829770523026,5.476775715963708,1.4312313488675243,0.0,0.0,0.0006981361657381058,0.0006139623001217842,0.014764968305826187,0.001484275795519352,6.4140185713768005e-06,10905008,True,True,True,
42,dp_fisher_wiener_adaptive_beta_lr5p00,dp_fisher_wiener_adaptive_beta,6f5bfa6c60eeb2ad400161beec4006ab7b7da4908d9989b6db2c608560d2f56e,1053,5,0.6832945346832275,5.0,,,0.3359375,0.06096968931171876,1.904852364666086,1.9058654170150489,0.033061890315016516,976.1008225004249,0.7842801544504738,0.03260653251947409,0.4700391494675742,0.11803973985097121,0.00017090853723475774,0.0010244843326420584,0.7075706450982183,28.3926448550621,0.9991965172691473,0.3435691194664783,1.7178455973323914,0.1653094515750826,0.03048484465585938,5.422676527823027,1.455311236280446,0.0,0.0,0.0006903177127242088,0.000609702430665493,0.014635710045695305,0.0014836564660072327,6.146728992462158e-06,10905008,True,True,True,
42,dp_fisher_wiener_adaptive_beta_lr5p00,dp_fisher_wiener_adaptive_beta,6f5bfa6c60eeb2ad400161beec4006ab7b7da4908d9989b6db2c608560d2f56e,1054,5,1.126154899597168,5.0,,,0.38671875,0.10003144578272005,1.89533434666351,1.8981747939302585,0.049133548198442775,359.00341016410897,0.6178046669774079,0.054723674589836326,0.6346480219971861,0.1564151966420009,0.00020457781405616444,0.0027854888605171207,2.1297167013083773,28.834204104965586,0.9982791119819869,0.39549361137950245,1.9774680568975123,0.2456677409922139,0.050015722891360026,4.911810262563255,1.2642429248217426,0.0,0.0,0.0006922343745827675,0.0006303060799837112,0.014539615251123905,0.0014464138075709343,6.790272891521454e-06,10905008,True,True,True,
42,dp_fisher_wiener_adaptive_beta_lr5p00,dp_fisher_wiener_adaptive_beta,6f5bfa6c60eeb2ad400161beec4006ab7b7da4908d9989b6db2c608560d2f56e,1055,5,0.7417172193527222,5.0,,,0.35546875,0.08991585872214955,1.893584946248516,1.8957469470164965,0.03766944920408077,443.50343933592376,0.6659246618589401,0.047746152602999255,0.6081845174187099,0.1343211618242141,0.00016318053473025532,0.002254773945774524,1.8560047990276016,29.15476086792654,0.998498490422406,0.36649851544612577,1.8324925772306289,0.18834724602040384,0.044957929361074775,4.1894110492394745,1.3642620063276472,0.0,0.0,0.0006850343197584152,0.0006305733695626259,0.014414355158805847,0.00144178606569767,6.7837536334991455e-06,10905008,True,True,True,
42,dp_fisher_wiener_adaptive_beta_lr5p00,dp_fisher_wiener_adaptive_beta,6f5bfa6c60eeb2ad400161beec4006ab7b7da4908d9989b6db2c608560d2f56e,1056,5,0.9595398902893066,5.0,,,0.3828125,0.0769969625437692,1.8969382797194225,1.898532478103089,0.04088961929233594,606.9588036635589,0.7383671354315305,0.04097401989289014,0.5118606134459059,0.11863180756584839,0.00023146232581992216,0.0016475582754465698,0.8444260438161342,27.09720834224992,0.9987834971154969,0.34442968450156614,1.7221484225078307,0.20444809646167972,0.0384984812718846,5.310549655517902,1.4516751096007081,0.0,0.0,0.0007093893364071846,0.000604504719376564,0.01428547315299511,0.0014398125931620598,6.485730409622192e-06,10905008,True,True,True,
42,dp_fisher_wiener_adaptive_beta_lr5p00,dp_fisher_wiener_adaptive_beta,6f5bfa6c60eeb2ad400161beec4006ab7b7da4908d9989b6db2c608560d2f56e,1057,5,0.7470769882202148,5.0,,,0.36328125,0.07000411674541969,1.8962085535330107,1.8976665143939586,0.03705711336592029,733.7110194115122,0.7300311367686932,0.039263575900614564,0.5196754563371825,0.12412204480781175,0.00020631545618209039,0.0013629344160562484,0.8199589579804025,27.793171563090922,0.9990050154387022,0.3523095865965213,1.7615479329826065,0.18528556682960146,0.035002058372709845,5.29356202002023,1.419206343003094,0.0,0.0,0.000712517648935318,0.0006093466654419899,0.014293638989329338,0.001447991468012333,6.54999166727066e-06,10905008,True,True,True,
42,dp_fisher_wiener_adaptive_beta_lr5p00,dp_fisher_wiener_adaptive_beta,6f5bfa6c60eeb2ad400161beec4006ab7b7da4908d9989b6db2c608560d2f56e,1058,5,0.9128488898277283,5.0,,,0.33203125,0.07566762901131464,1.895946111537884,1.8974437757607003,0.03539162367401526,627.8150560694776,0.7268498625520096,0.03972421626889072,0.5258611799316493,0.11441927366033897,0.00016572181645332977,0.0015928257695597564,1.0997343092586351,28.391195006958032,0.9988422548081239,0.3382591811914925,1.6912959059574626,0.1769581183700763,0.03783381450565732,4.677247607135632,1.4781564782286456,0.0,0.0,0.0006817895919084549,0.0005850344896316528,0.015326104126870632,0.0013940827921032906,6.3730403780937195e-06,10905008,True,True,True,
42,dp_fisher_wiener_adaptive_beta_lr5p00,dp_fisher_wiener_adaptive_beta,6f5bfa6c60eeb2ad400161beec4006ab7b7da4908d9989b6db2c608560d2f56e,1059,5,0.956282377243042,5.0,,,0.40625,0.08665175795873722,1.8908285342490516,1.8926384176338364,0.037100052392047354,476.15630476337464,0.7294195744448648,0.043768664886626764,0.5300626036544308,0.11269274178269333,0.00018118806530686312,0.002100150706527948,1.3062214696140795,27.937663567616827,0.9984681089651702,0.3356973961511964,1.6784869807559821,0.18550026196023678,0.04332587897936861,4.2815117967782905,1.489436634692612,0.0,0.0,0.0006150808185338974,0.0006575165316462517,0.015283707529306412,0.001579413190484047,5.51808625459671e-06,10905008,True,True,True,
42,dp_fisher_wiener_adaptive_beta_lr5p00,dp_fisher_wiener_adaptive_beta,6f5bfa6c60eeb2ad400161beec4006ab7b7da4908d9989b6db2c608560d2f56e,1060,5,1.068043828010559,5.0,,,0.39453125,0.06577188822707128,1.8939102832706105,1.8950579240535959,0.03779029169470849,829.159696651659,0.8113330209088455,0.03479705025611997,0.45146516750620364,0.12720198986543027,0.00023528163101761972,0.0012060402885074994,0.6520301807930972,27.32905882290578,0.9990214996891612,0.3566538796444394,1.783269398222197,0.18895145847354244,0.03288594411353564,5.745660146336672,1.4019194197384461,0.0,0.0,0.0006900904700160027,0.0006010746583342552,0.014761536382138729,0.0014468096196651459,6.975606083869934e-06,10905008,True,True,True,
42,dp_fisher_wiener_adaptive_beta_lr5p00,dp_fisher_wiener_adaptive_beta,6f5bfa6c60eeb2ad400161beec4006ab7b7da4908d9989b6db2c608560d2f56e,1061,5,0.78242427110672,5.0,,,0.3671875,0.08408505291429856,1.8967140368189606,1.8986566377763168,0.047825954232422106,508.82227194825003,0.6219543823644857,0.045234292258829696,0.6167202081640031,0.16596060546183342,0.00022755017376076167,0.001965322775729421,1.4333812716777004,28.62927838398185,0.9987776588867014,0.40738262783510226,2.0369131391755113,0.23912977116211054,0.04204252645714928,5.6878068781177875,1.2273473777118435,0.0,0.0,0.0006896145641803741,0.0006103357300162315,0.014746184460818768,0.0014471886679530144,6.961636245250702e-06,10905008,True,True,True,
42,dp_fisher_wiener_adaptive_beta_lr5p00,dp_fisher_wiener_adaptive_beta,6f5bfa6c60eeb2ad400161beec4006ab7b7da4908d9989b6db2c608560d2f56e,1062,5,1.4102935791015625,5.0,,,0.40625,0.10729966526105454,1.8948689967504018,1.897942024091948,0.05119279997506406,311.86141555167103,0.6342956620968339,0.056883859057437036,0.6218071662884466,0.1314327923898227,0.00020082756461273647,0.0032065524942991187,2.0985473211066066,28.15880412505116,0.9979660976624036,0.3625366083443473,1.8126830417217366,0.2559639998753203,0.05364983263052727,4.771012085597883,1.3791710643569186,0.0,0.0,0.0006873486563563347,0.000602496787905693,0.014780164696276188,0.0014411993324756622,6.888993084430695e-06,10905008,True,True,True,
42,dp_fisher_wiener_adaptive_beta_lr5p00,dp_fisher_wiener_adaptive_beta,6f5bfa6c60eeb2ad400161beec4006ab7b7da4908d9989b6db2c608560d2f56e,1063,5,1.1189050674438477,5.0,,,0.3828125,0.06928731879107491,1.8972728803607255,1.8984871715183682,0.03276855391074606,749.8114814497518,0.7536341626920819,0.03576787568036848,0.4969321825004244,0.1296877907056974,0.00018971459307807844,0.001333668561406838,0.9116880585673851,28.347983523936804,0.998994901810206,0.3601219108936547,1.8006095544682734,0.1638427695537303,0.03464365939553746,4.72937248569376,1.3884187128682193,0.0,0.0,0.0006854329258203506,0.0006038360297679901,0.01475790236145258,0.0014474345371127129,6.298534572124481e-06,10905008,True,True,True,
42,dp_fisher_wiener_adaptive_beta_lr5p00,dp_fisher_wiener_adaptive_beta,6f5bfa6c60eeb2ad400161beec4006ab7b7da4908d9989b6db2c608560d2f56e,1064,5,0.6889440417289734,5.0,,,0.34765625,0.05812060083429251,1.8994948263288958,1.9006165968475985,0.03983282372273461,1068.1101432696123,0.90250602086155,0.03458497572237012,0.4138012592565478,0.11176909873109994,0.0002809519571176709,0.0009362330336481694,0.37245486158710694,25.996896864296613,0.9991550440499529,0.3343188578753821,1.6715942893769107,0.19916411861367306,0.029060300417146256,6.853477622320384,1.4955782128954276,0.0,0.0,0.0006930967792868614,0.0006060199812054634,0.014746854081749916,0.0014526164159178734,6.360001862049103e-06,10905008,True,True,True,
42,dp_fisher_wiener_adaptive_beta_lr5p00,dp_fisher_wiener_adaptive_beta,6f5bfa6c60eeb2ad400161beec4006ab7b7da4908d9989b6db2c608560d2f56e,1065,5,1.0061557292938232,5.0,,,0.41796875,0.10374205989732885,1.8993641163774166,1.9024582126104612,0.048392106578690045,335.20209441983127,0.6502823096694441,0.05706591008785868,0.6080918232124154,0.12563575291733892,0.0002010763066260772,0.002983274915503167,1.8639987772591189,27.957523465644556,0.9980600290973874,0.3544513406905649,1.7722567034528245,0.2419605328934502,0.051871029948664424,4.664656420515428,1.410630861275506,0.0,0.0,0.0006936108693480492,0.0006067482754588127,0.014712603762745857,0.0014665694907307625,6.537884473800659e-06,10905008,True,True,True,
42,dp_fisher_wiener_adaptive_beta_lr5p00,dp_fisher_wiener_adaptive_beta,6f5bfa6c60eeb2ad400161beec4006ab7b7da4908d9989b6db2c608560d2f56e,1066,5,0.9893633723258972,5.0,,,0.30859375,0.0635780617248047,1.8934268048028318,1.8946930212970954,0.03277787038949688,886.9159693836232,0.8086611340991493,0.036687211433105396,0.4433431519874409,0.11415598077033541,0.0001945080103471282,0.001127502530422691,0.6617267679567364,27.68561177327857,0.9990882325248231,0.33786976895001336,1.6893488447500669,0.16388935194748439,0.03178903086240235,5.155531562183128,1.4798601293994238,0.0,0.0,0.000687677413225174,0.0006083175539970398,0.01618231739848852,0.0014584101736545563,6.87967985868454e-06,10905008,True,True,True,
42,dp_fisher_wiener_adaptive_beta_lr5p00,dp_fisher_wiener_adaptive_beta,6f5bfa6c60eeb2ad400161beec4006ab7b7da4908d9989b6db2c608560d2f56e,1067,5,0.8492852449417114,5.0,,,0.38671875,0.04441479985103481,1.8980450363482833,1.8984379757238465,0.031440324710449497,1826.2389751317846,1.069688454248262,0.020543843504379506,0.30471634131931097,0.10307526707083257,0.00020930053314074617,0.0005475734627888087,0.26966620688758774,26.923841329997504,0.9994142669887052,0.3210533710628695,1.6052668553143477,0.15720162355224748,0.022207399925517405,7.078794639283108,1.5573734620607094,0.0,0.0,0.0006822375580668449,0.000584959052503109,0.0145623330026865,0.001446959562599659,8.530914783477783e-06,10905008,True,True,True,
42,dp_fisher_wiener_adaptive_beta_lr5p00,dp_fisher_wiener_adaptive_beta,6f5bfa6c60eeb2ad400161beec4006ab7b7da4908d9989b6db2c608560d2f56e,1068,5,0.9155363440513611,5.0,,,0.38671875,0.051277007563287014,1.8986278962041183,1.8992622986708592,0.03083839370077856,1370.990261404732,0.9241619124292217,0.025869189237754598,0.3637543793238507,0.1033352955980683,0.00019841121063938967,0.0007293997833323677,0.3798814688958781,27.16682478065693,0.9993259165010537,0.32145807751255573,1.6072903875627786,0.1541919685038928,0.025638503781643507,6.014078271146077,1.5554127737820347,0.0,0.0,0.0007173493504524231,0.0006379475817084312,0.014619134366512299,0.0015426473692059517,7.3229894042015076e-06,10905008,True,True,True,
42,dp_fisher_wiener_adaptive_beta_lr5p00,dp_fisher_wiener_adaptive_beta,6f5bfa6c60eeb2ad400161beec4006ab7b7da4908d9989b6db2c608560d2f56e,1069,5,0.8169983625411987,5.0,,,0.328125,0.047851935409544834,1.9011020412260557,1.9016205335337986,0.032735689719572914,1578.3809855114946,1.0001104623244468,0.023415752808492774,0.341971152794273,0.12019564393591804,0.00023099382279125662,0.0006335605970563201,0.3296677935256597,27.16288361279529,0.9993663694180908,0.34669243420634094,1.7334621710317046,0.16367844859786457,0.023925967704772417,6.841037763265694,1.4422004943464466,0.0,0.0,0.0006601326167583466,0.0005802791565656662,0.015289968810975552,0.0013987934216856956,6.9998204708099365e-06,10905008,True,True,True,
42,dp_fisher_wiener_adaptive_beta_lr5p00,dp_fisher_wiener_adaptive_beta,6f5bfa6c60eeb2ad400161beec4006ab7b7da4908d9989b6db2c608560d2f56e,1070,5,0.8264437913894653,5.0,,,0.359375,0.057126165596487595,1.89824492953314,1.8991108796303509,0.03560667626323842,1104.165943824803,0.815711587750372,0.03019533824781835,0.4594825462009977,0.1280824673103223,0.0002281127305583365,0.0009056609699709797,0.5085173948470144,27.49340160986865,0.999261241851995,0.3578861094123692,1.789430547061846,0.17803338131619212,0.028563082798243798,6.232989014788892,1.3970925019123472,0.0,0.0,0.0007931096479296684,0.0007022563368082047,0.015322569757699966,0.0016606971621513367,7.698312401771545e-06,10905008,True,True,True,
42,dp_fisher_wiener_adaptive_beta_lr5p00,dp_fisher_wiener_adaptive_beta,6f5bfa6c60eeb2ad400161beec4006ab7b7da4908d9989b6db2c608560d2f56e,1071,5,0.7197607755661011,5.0,,,0.3359375,0.05843400611881867,1.9007730088739108,1.9013842273249777,0.03504683081257213,1058.1060294278423,0.8686672925848103,0.025824472474500475,0.4093701694778051,0.13619317907458575,0.0002230875428009776,0.0009450848704147306,0.5769668322085816,27.85680036625012,0.9991790356841136,0.36904360050620816,1.8452180025310407,0.17523415406286064,0.029217003059409333,5.997677232690326,1.354853462606606,0.0,0.0,0.0006873253732919693,0.0006049396470189095,0.014563118107616901,0.001469687558710575,6.8694353103637695e-06,10905008,True,True,True,
42,dp_fisher_wiener_adaptive_beta_lr5p00,dp_fisher_wiener_adaptive_beta,6f5bfa6c60eeb2ad400161beec4006ab7b7da4908d9989b6db2c608560d2f56e,1072,5,0.6984798908233643,5.0,,,0.390625,0.050866255380691026,1.8965462266689022,1.897229462666484,0.031505566292364416,1390.1681382381043,0.8833823411753898,0.026834994501710396,0.4038308106942878,0.12293484789564464,0.0001789531017239776,0.0007193374471095471,0.49416097676387527,28.369357768634863,0.9993645500016316,0.35062066096515854,1.7531033048257927,0.1575278314618221,0.025433127690345513,6.193804921422476,1.4260426029151185,0.0,0.0,0.0006930474191904068,0.0006184251978993416,0.014597039669752121,0.001492937095463276,6.455928087234497e-06,10905008,True,True,True,
42,dp_fisher_wiener_adaptive_beta_lr5p00,dp_fisher_wiener_adaptive_beta,6f5bfa6c60eeb2ad400161beec4006ab7b7da4908d9989b6db2c608560d2f56e,1073,5,0.8791426420211792,5.0,,,0.36328125,0.07128622730192885,1.9022623040390596,1.903635819984001,0.03780256081822671,712.0812354197237,0.7611426416285826,0.03798437309263368,0.49035909804795097,0.11188853649288236,0.00020811926981614514,0.001404334154674793,0.7549944475329886,27.3047329898429,0.9989311013915713,0.3344974386940539,1.6724871934702694,0.18901280409113352,0.035643113650964425,5.302926280143215,1.4947797566122092,0.0,0.0,0.0006902534514665604,0.0006051510572433472,0.014683744870126247,0.0014640334993600845,6.268732249736786e-06,10905008,True,True,True,
42,dp_fisher_wiener_adaptive_beta_lr5p00,dp_fisher_wiener_adaptive_beta,6f5bfa6c60eeb2ad400161beec4006ab7b7da4908d9989b6db2c608560d2f56e,1074,5,0.9132167100906372,5.0,,,0.3671875,0.07942299795715378,1.898936707290336,1.9006353413193644,0.03503306891298913,571.6476557369949,0.7661792725531908,0.042271426140030655,0.48559329275523383,0.09780963545169324,0.00021169221245792276,0.0017493293111679907,0.8082548716679518,26.646767576137517,0.9986597001407008,0.31274532043132675,1.5637266021566338,0.17516534456494565,0.03971149897857689,4.410947686840805,1.598744944636805,0.0,0.0,0.0006913235411047935,0.0006064102053642273,0.01461500022560358,0.0014664055779576302,6.517395377159119e-06,10905008,True,True,True,
42,dp_fisher_wiener_adaptive_beta_lr5p00,dp_fisher_wiener_adaptive_beta,6f5bfa6c60eeb2ad400161beec4006ab7b7da4908d9989b6db2c608560d2f56e,1075,5,0.7273470163345337,5.0,,,0.3125,0.050510520924478546,1.8956327733151812,1.8964416203645158,0.03280198900548003,1408.4606626100763,0.9571266094501132,0.029327205352213205,0.35771406307087456,0.09597510145534789,0.00022012067229367917,0.0007099949797352704,0.3095658369720399,26.39497748328012,0.9993204449120531,0.309798485237336,1.5489924261866799,0.16400994502740016,0.025255260462239273,6.494090419939547,1.6139523717016793,0.0,0.0,0.0007095411419868469,0.0006112130358815193,0.014682309702038765,0.0014744950458407402,6.398186087608337e-06,10905008,True,True,True,
42,dp_fisher_wiener_adaptive_beta_lr5p00,dp_fisher_wiener_adaptive_beta,6f5bfa6c60eeb2ad400161beec4006ab7b7da4908d9989b6db2c608560d2f56e,1076,5,0.7969481945037842,5.0,,,0.359375,0.04115410355962301,1.8980137896669727,1.8984869212522053,0.033657637385528946,2127.0242159504783,1.2104674917286664,0.02233380956997709,0.2802498609418443,0.09640350207905468,0.00025059777931500936,0.0004701403923426546,0.18086026297238572,25.851155916373433,0.9994309103381847,0.31048913359255376,1.5524456679627687,0.16828818692764475,0.020577051779811506,8.178440173075558,1.6103623151415203,0.0,0.0,0.0006901063024997711,0.0006102267652750015,0.014671551994979382,0.0014720885083079338,6.310641765594482e-06,10905008,True,True,True,
42,dp_fisher_wiener_adaptive_beta_lr5p00,dp_fisher_wiener_adaptive_beta,6f5bfa6c60eeb2ad400161beec4006ab7b7da4908d9989b6db2c608560d2f56e,1077,5,0.6758270263671875,5.0,,,0.37109375,0.047963330172523355,1.8981848997978343,1.8986755087316913,0.029184714345915387,1566.2402113579265,0.9726198013303863,0.02285824616564327,0.3267387246087151,0.10744543520836113,0.00018571008666934258,0.0006384716675726473,0.3693976312659497,27.623524755126724,0.9993790098132604,0.3277887051262766,1.6389435256313831,0.14592357172957693,0.023981665086261678,6.084797331570069,1.5253728764261592,0.0,0.0,0.0006924625486135483,0.000604923814535141,0.01468129362910986,0.0014744177460670471,6.579793989658356e-06,10905008,True,True,True,
42,dp_fisher_wiener_adaptive_beta_lr5p00,dp_fisher_wiener_adaptive_beta,6f5bfa6c60eeb2ad400161beec4006ab7b7da4908d9989b6db2c608560d2f56e,1078,5,0.7100595235824585,5.0,,,0.35546875,0.07021709817712249,1.9013360463862012,1.9027198689177793,0.04222110454467834,733.2161263400834,0.7579077388311845,0.03815237481580398,0.5019563576207935,0.15131151846767785,0.0002703469647156153,0.001363854345087164,0.7633408126910636,27.47950490969866,0.9989663242370103,0.3889878127495486,1.9449390637477428,0.2111055227233917,0.035108549088561244,6.012937822775458,1.2853873144880292,0.0,0.0,0.0006891749799251556,0.0006058560684323311,0.014678685925900936,0.0014739986509084702,6.8070366978645325e-06,10905008,True,True,True,
42,dp_fisher_wiener_adaptive_beta_lr5p00,dp_fisher_wiener_adaptive_beta,6f5bfa6c60eeb2ad400161beec4006ab7b7da4908d9989b6db2c608560d2f56e,1079,5,1.15220046043396,5.0,,,0.42578125,0.0835146375939448,1.899264916490045,1.9009636643496604,0.045020394057770266,517.1849638663847,0.7160428407965189,0.04229802655558145,0.5329119106607304,0.1388859641287103,0.0002536498772237286,0.0019335442244502266,1.0587119397909597,27.384237009056772,0.9986154995005204,0.37267407225176036,1.8633703612588017,0.22510197028885132,0.0417573187969724,5.390718963014013,1.3416549130385513,0.0,0.0,0.0006891191005706787,0.0006111608818173409,0.014665988273918629,0.0014745481312274933,6.596557796001434e-06,10905008,True,True,True,
42,dp_fisher_wiener_adaptive_beta_lr5p00,dp_fisher_wiener_adaptive_beta,6f5bfa6c60eeb2ad400161beec4006ab7b7da4908d9989b6db2c608560d2f56e,1080,5,0.9790699481964111,5.0,,,0.39453125,0.07986949438760257,1.8967894116541346,1.89842605501149,0.039123116511443255,563.9964402977575,0.7320051962330127,0.041518351027470944,0.5184735235519694,0.11775308639403326,0.000237467922432641,0.00177306083583616,0.8792066879334872,26.953673457477045,0.9987021102547272,0.3431516958926959,1.7157584794634795,0.19561558255721628,0.03993474719380129,4.898380390465613,1.4570815356101103,0.0,0.0,0.0006868820637464523,0.0006031785160303116,0.014679494313895702,0.0014737779274582863,6.8088993430137634e-06,10905008,True,True,True,
42,dp_fisher_wiener_adaptive_beta_lr5p00,dp_fisher_wiener_adaptive_beta,6f5bfa6c60eeb2ad400161beec4006ab7b7da4908d9989b6db2c608560d2f56e,1081,5,0.6412719488143921,5.0,,,0.37109375,0.03958955519071344,1.8958905408248306,1.8963451830440672,0.028912316198873612,2293.3232537305134,1.100251688048657,0.021920899621517533,0.2965136277585007,0.10820882015128205,0.00019142661915153827,0.00043604842785900796,0.24648758922927944,27.522603312181975,0.9995202369808711,0.32895109081941354,1.6447554540970677,0.14456158099436806,0.01979477759535672,7.3030161763966985,1.519982799731673,0.0,0.0,0.0006916066631674767,0.0006037559360265732,0.014593289233744144,0.001486768014729023,7.33695924282074e-06,10905008,True,True,True,
42,dp_fisher_wiener_adaptive_beta_lr5p00,dp_fisher_wiener_adaptive_beta,6f5bfa6c60eeb2ad400161beec4006ab7b7da4908d9989b6db2c608560d2f56e,1082,5,0.9173438549041748,5.0,,,0.42578125,0.06307859546062491,1.8995927801995791,1.900626649534411,0.03372977726938691,906.8949663104594,0.7613282167359079,0.03297987640034293,0.49053505467199715,0.12819295178790865,0.00017446095608804018,0.001102663524329305,0.8102310969354536,28.661658986156407,0.9991605111451517,0.35804043317467465,1.7902021658733733,0.16864888634693456,0.03153929773031246,5.347261939174335,1.3964903225180494,0.0,0.0,0.0005627358332276344,0.0004884339869022369,0.015832736156880856,0.0012297732755541801,5.8552250266075134e-06,10905008,True,True,True,
42,dp_fisher_wiener_adaptive_beta_lr5p00,dp_fisher_wiener_adaptive_beta,6f5bfa6c60eeb2ad400161beec4006ab7b7da4908d9989b6db2c608560d2f56e,1083,5,0.6235241889953613,5.0,,,0.3671875,0.05823576111882975,1.8970527402985544,1.8978191697375821,0.03564196913444095,1061.1561562954637,0.945044566662928,0.028500957396787197,0.350910561845506,0.08941454149115037,0.00025863278573657635,0.000942368372244003,0.3257956473472716,25.38724575445521,0.9991094198897532,0.2990226437766049,1.4951132188830245,0.17820984567220474,0.029117880559414874,6.120289054089918,1.6721141706307365,0.0,0.0,0.0007500611245632172,0.0006949594244360924,0.01462402381002903,0.001576223410665989,7.391907274723053e-06,10905008,True,True,True,
42,dp_fisher_wiener_adaptive_beta_lr5p00,dp_fisher_wiener_adaptive_beta,6f5bfa6c60eeb2ad400161beec4006ab7b7da4908d9989b6db2c608560d2f56e,1084,5,0.8196696043014526,5.0,,,0.359375,0.07031896418394658,1.8979615192546606,1.8990042264231368,0.03387757748474823,728.5005368271189,0.79114961705064,0.0333388728372843,0.45763821183168263,0.11684318865815894,0.0002138094997758312,0.0013726825846317786,0.7501472581725893,27.37576402144173,0.9989140026986169,0.34182332959901807,1.7091166479950903,0.16938788742374114,0.03515948209197329,4.817701437575889,1.4627439285231678,0.0,0.0,0.0005580466240644455,0.0005407752469182014,0.014718673191964626,0.0013653058558702469,5.223788321018219e-06,10905008,True,True,True,
42,dp_fisher_wiener_adaptive_beta_lr5p00,dp_fisher_wiener_adaptive_beta,6f5bfa6c60eeb2ad400161beec4006ab7b7da4908d9989b6db2c608560d2f56e,1085,5,1.2872545719146729,5.0,,,0.38671875,0.07672605764059177,1.9011655514023367,1.9029588959646837,0.03832467292952775,613.9798313961447,0.7395822773843166,0.04352200367455412,0.5104283988555128,0.11034696701018638,0.00023933068568349105,0.0016287179947848255,0.7509446193617871,26.63762014908209,0.9987954290359956,0.33218513965887514,1.6609256982943756,0.19162336464763874,0.03836302882029589,4.995000930199384,1.505184730755719,0.0,0.0,0.0007475260645151138,0.0006949091330170631,0.014569179154932499,0.0015911301597952843,6.882473826408386e-06,10905008,True,True,True,
42,dp_fisher_wiener_adaptive_beta_lr5p00,dp_fisher_wiener_adaptive_beta,6f5bfa6c60eeb2ad400161beec4006ab7b7da4908d9989b6db2c608560d2f56e,1086,5,0.8708820939064026,5.0,,,0.375,0.07880571933333268,1.9006467670340499,1.9023703876996132,0.04013920697091229,581.684306866347,0.6942881660665955,0.04257436974577927,0.55477551471642,0.12414205663992023,0.00019684988048008077,0.0017191455709470779,1.0841676208008764,27.997837797584282,0.9988064175741534,0.352337986370928,1.76168993185464,0.20069603485456144,0.03940285966666634,5.0934383074549014,1.4190919496037535,0.0,0.0,0.000559917651116848,0.0005389368161559105,0.014729850925505161,0.0013616876676678658,5.408190190792084e-06,10905008,True,True,True,
42,dp_fisher_wiener_adaptive_beta_lr5p00,dp_fisher_wiener_adaptive_beta,6f5bfa6c60eeb2ad400161beec4006ab7b7da4908d9989b6db2c608560d2f56e,1087,5,0.9766741991043091,5.0,,,0.328125,0.0629609469718219,1.9027295660842443,1.903681029584721,0.03239839381745277,913.2961570633389,0.8091890749146188,0.03164481894479934,0.4426944172707348,0.11618693742931573,0.00018265521435323348,0.0010949350788499008,0.6964879364964973,28.035252285931964,0.9991139904962304,0.34086205043875994,1.7043102521937996,0.16199196908726385,0.03148047348591095,5.145792014679111,1.4668690731483007,0.0,0.0,0.0007863389328122139,0.0006712442263960838,0.014523111283779144,0.0015913592651486397,7.657334208488464e-06,10905008,True,True,True,
42,dp_fisher_wiener_adaptive_beta_lr5p00,dp_fisher_wiener_adaptive_beta,6f5bfa6c60eeb2ad400161beec4006ab7b7da4908d9989b6db2c608560d2f56e,1088,5,0.9586385488510132,5.0,,,0.3671875,0.0580589884348063,1.8955177719886738,1.8964756756532002,0.03603264615918353,1065.9008081908557,0.8262308928523956,0.03180170808000524,0.4503067429577437,0.10977932212063611,0.00021686025449081878,0.0009381736011630873,0.47492364198942316,27.043405807334114,0.9992248519876306,0.3313296275925775,1.6566481379628875,0.18016323079591764,0.02902949421740315,6.206213220266985,1.5090712038988572,0.0,0.0,0.0006874660030007362,0.0006081871688365936,0.014196629635989666,0.0014441963285207748,6.656162440776825e-06,10905008,True,True,True,
42,dp_fisher_wiener_adaptive_beta_lr5p00,dp_fisher_wiener_adaptive_beta,6f5bfa6c60eeb2ad400161beec4006ab7b7da4908d9989b6db2c608560d2f56e,1089,5,1.136013150215149,5.0,,,0.36328125,0.08235633495041711,1.900908250542904,1.9026727833354176,0.04092617284943215,532.7559254536552,0.7213822949006297,0.04305792658961696,0.528803332795437,0.11966007317389908,0.00021410026825879886,0.0018770321493857829,1.0490682983010482,27.473320519074566,0.9986459422402741,0.34591917144601725,1.7295958572300862,0.20463086424716076,0.041178167475208555,4.96940191341419,1.445424368670999,0.0,0.0,0.0006768656894564629,0.0005470793694257736,0.015243547968566418,0.0012830793857574463,6.034038960933685e-06,10905008,True,True,True,
42,dp_fisher_wiener_adaptive_beta_lr5p00,dp_fisher_wiener_adaptive_beta,6f5bfa6c60eeb2ad400161beec4006ab7b7da4908d9989b6db2c608560d2f56e,1090,5,0.9926811456680298,5.0,,,0.359375,0.04557265473038505,1.8977293619105937,1.8981845344155095,0.030679198325716164,1734.0431397486536,0.9911286667449856,0.02199091920551797,0.34318556296797675,0.11792553682593321,0.00020954208371867976,0.0005766869212164905,0.32454633217677664,27.503366025316538,0.9994284290603702,0.34340287830175975,1.7170143915087988,0.1533959916285808,0.022786327365192524,6.731931353543636,1.4560157517351298,0.0,0.0,0.0006059957668185234,0.0005430625751614571,0.015421058982610703,0.0015874626114964485,5.835667252540588e-06,10905008,True,True,True,
42,dp_fisher_wiener_adaptive_beta_lr5p00,dp_fisher_wiener_adaptive_beta,6f5bfa6c60eeb2ad400161beec4006ab7b7da4908d9989b6db2c608560d2f56e,1091,5,0.7569328546524048,5.0,,,0.359375,0.04293256768250868,1.9004309758210047,1.900783303798172,0.030591622226332348,1959.4332541389317,1.067081539301481,0.019499171011636857,0.30920381695151883,0.11641010870850647,0.00019822681225026373,0.000510351652624492,0.29970764618776785,27.688282965805357,0.999455413172637,0.34118925643769393,1.7059462821884697,0.15295811113166174,0.02146628384125434,7.125504919979594,1.4654623220524583,0.0,0.0,0.0006594257429242134,0.0006122617051005363,0.014787791296839714,0.001452803611755371,6.825663149356842e-06,10905008,True,True,True,
42,dp_fisher_wiener_adaptive_beta_lr5p00,dp_fisher_wiener_adaptive_beta,6f5bfa6c60eeb2ad400161beec4006ab7b7da4908d9989b6db2c608560d2f56e,1092,5,0.7691937685012817,5.0,,,0.3671875,0.06257341925567415,1.8940224186455308,1.8952820628751483,0.036625891189011016,916.2003556406123,0.7380186893787437,0.036631650302363684,0.5164540180532051,0.1256199174821359,0.0001754155412070731,0.001091464321736828,0.7816277674425279,28.54990435094207,0.9991944789315624,0.35442900203303895,1.7721450101651948,0.1831294559450551,0.03128670962783708,5.853266710292347,1.410719769348843,0.0,0.0,0.000753745436668396,0.0006613954901695251,0.014205867424607277,0.0016129044815897942,7.295049726963043e-06,10905008,True,True,True,
42,dp_fisher_wiener_adaptive_beta_lr5p00,dp_fisher_wiener_adaptive_beta,6f5bfa6c60eeb2ad400161beec4006ab7b7da4908d9989b6db2c608560d2f56e,1093,5,0.9868650436401367,5.0,,,0.4140625,0.08204861616654054,1.8981489257874014,1.9000620609546888,0.0382240487934585,535.2023918548425,0.7124569654895432,0.0448963895276272,0.5415435429046591,0.12879930592128222,0.00018993245872115456,0.0018684520380887935,1.267057389545158,28.313143315612823,0.9986688083305828,0.35888620190985643,1.7944310095492821,0.1911202439672925,0.04102430808327027,4.658707310180637,1.3931992852826223,0.0,0.0,0.0005570650100708008,0.0004863245412707329,0.016140694729983807,0.0011796802282333374,5.899928510189056e-06,10905008,True,True,True,
42,dp_fisher_wiener_adaptive_beta_lr5p00,dp_fisher_wiener_adaptive_beta,6f5bfa6c60eeb2ad400161beec4006ab7b7da4908d9989b6db2c608560d2f56e,1094,5,0.6863576769828796,5.0,,,0.3046875,0.03958893674557118,1.89885148182212,1.8993901329025815,0.030907308311684038,2300.5640003238996,1.0357451156473252,0.024025658295211635,0.36746002253068466,0.10793246665701166,0.0001936480724521955,0.0004346760182376516,0.24227276943002488,27.46138922638172,0.999549786436934,0.328530769726386,1.64265384863193,0.1545365415584202,0.01979446837278559,7.807056933293425,1.5219274602951156,0.0,0.0,0.0007561631500720978,0.0006682472303509712,0.015058453194797039,0.001621290110051632,7.098540663719177e-06,10905008,True,True,True,
42,dp_fisher_wiener_adaptive_beta_lr5p00,dp_fisher_wiener_adaptive_beta,6f5bfa6c60eeb2ad400161beec4006ab7b7da4908d9989b6db2c608560d2f56e,1095,5,0.8675508499145508,5.0,,,0.359375,0.040998719644321974,1.8934858229908114,1.8940284866290549,0.03358700220544774,2132.9640061563905,1.1449667003152844,0.024057368529794097,0.3211319688395518,0.0879972979880626,0.00023126943167120481,0.00046883116476344286,0.17838879694753934,25.803511027394524,0.9994632039279565,0.29664338520867545,1.4832169260433772,0.1679350110272387,0.020499359822160987,8.192207584819263,1.6855255331130568,0.0,0.0,0.0007154811173677444,0.000650639645755291,0.014675259590148926,0.0015411917120218277,6.5658241510391235e-06,10905008,True,True,True,
42,dp_fisher_wiener_adaptive_beta_lr5p00,dp_fisher_wiener_adaptive_beta,6f5bfa6c60eeb2ad400161beec4006ab7b7da4908d9989b6db2c608560d2f56e,1096,5,0.6867061853408813,5.0,,,0.33984375,0.046418524957024095,1.8981022418597888,1.8986489154766464,0.0308073269693311,1672.0779991295638,0.9735481741993585,0.023999455407526203,0.35177098532518675,0.10919731041725794,0.00019459722613241506,0.0005980582245901135,0.33559753565491424,27.490752951066348,0.9994177615071151,0.33045016328829063,1.652250816441453,0.1540366348466555,0.023209262478512047,6.636860390657876,1.5130874653624486,0.0,0.0,0.000743502750992775,0.0006344113498926163,0.014440326020121574,0.0015011569485068321,7.096678018569946e-06,10905008,True,True,True,
42,dp_fisher_wiener_adaptive_beta_lr5p00,dp_fisher_wiener_adaptive_beta,6f5bfa6c60eeb2ad400161beec4006ab7b7da4908d9989b6db2c608560d2f56e,1097,5,0.8520057797431946,5.0,,,0.390625,0.08525734951547784,1.8930078138335158,1.894725463989461,0.04420971669455434,492.9934609793531,0.6899623949702655,0.04263612249299227,0.5582221154575021,0.13960227646650444,0.00020748481489374978,0.0020284244701250257,1.3647874591349123,28.279061818817045,0.9986004633943837,0.37363388024442384,1.8681694012221193,0.2210485834727717,0.04262867475773892,5.1854434772794935,1.3382084078445236,0.0,0.0,0.0007026782259345055,0.000599859282374382,0.01428736187517643,0.0014466559514403343,6.645917892456055e-06,10905008,True,True,True,
42,dp_fisher_wiener_adaptive_beta_lr5p00,dp_fisher_wiener_adaptive_beta,6f5bfa6c60eeb2ad400161beec4006ab7b7da4908d9989b6db2c608560d2f56e,1098,5,0.8457351922988892,5.0,,,0.3828125,0.06941738730956716,1.8999925617774145,1.9011966388639667,0.038746099252718685,749.1473947743519,0.7637468158822792,0.035596211112163864,0.49071587459531446,0.1413412438276271,0.0002239658460872722,0.0013348508007471718,0.8424028734907623,28.000871129119144,0.9989805119510399,0.3759537788447233,1.8797688942236166,0.19373049626359343,0.03470869365478358,5.581613015599961,1.3299507230253973,0.0,0.0,0.0005710478872060776,0.0004959907382726669,0.015815374441444874,0.0011709081009030342,5.3979456424713135e-06,10905008,True,True,True,
42,dp_fisher_wiener_adaptive_beta_lr5p00,dp_fisher_wiener_adaptive_beta,6f5bfa6c60eeb2ad400161beec4006ab7b7da4908d9989b6db2c608560d2f56e,1099,5,0.9560484886169434,5.0,0.8716794328689575,0.8382,0.359375,0.05886198793968573,1.898422051219112,1.8992400505443607,0.03106591139078269,1040.197219875673,0.8428559826939417,0.029390105010258946,0.4127616580399724,0.12440676608621402,0.00019935074182638696,0.0009613561549709031,0.5999436423929566,27.952261438518846,0.9991897152130492,0.35271343337930017,1.7635671668965007,0.15532955695391346,0.029430993969842865,5.2777543669710125,1.417581392373263,0.0,0.0,0.0007598921656608582,0.0006720097735524178,0.014949152246117592,0.0016196323558688164,7.090158760547638e-06,10905008,True,True,True,
42,dp_fisher_wiener_adaptive_beta_lr5p00,dp_fisher_wiener_adaptive_beta,6f5bfa6c60eeb2ad400161beec4006ab7b7da4908d9989b6db2c608560d2f56e,1100,5,0.9348418116569519,5.0,,,0.37890625,0.071415060228451,1.902611144850836,1.903745429944664,0.032032805199877064,709.7746088828868,0.8241377505870056,0.03463472668857341,0.420308794509766,0.08528443041324198,0.00018827021653986466,0.0014088979618157207,0.6382159761612773,26.5608813032018,0.9988388740027149,0.2920349814889339,1.4601749074446695,0.1601640259993853,0.0357075301142255,4.485441179564874,1.7121236553547419,0.1438258644193411,0.004699580371379852,0.0007559265941381454,0.0006419559940695763,0.014483422040939331,0.0015362882986664772,7.509253919124603e-06,10905008,True,True,True,
42,dp_fisher_wiener_adaptive_beta_lr5p00,dp_fisher_wiener_adaptive_beta,6f5bfa6c60eeb2ad400161beec4006ab7b7da4908d9989b6db2c608560d2f56e,1101,5,0.9692831635475159,5.0,,,0.40234375,0.03407211208071279,1.9031863253654837,1.903489476494449,0.028002839594038847,3120.071204919558,1.3033014677403971,0.017846538605667556,0.2264157212915363,0.07862909329383287,0.00018997202881349413,0.00032050550563127677,0.1326566729110103,26.168936052334992,0.9995822847037321,0.28040879674830615,1.4020439837415308,0.14001419797019424,0.017036056040356396,8.218697897582546,1.7831109644074932,0.0,0.0,0.0005557630211114883,0.0005438691005110741,0.014733834192156792,0.001337394118309021,5.427747964859009e-06,10905008,True,True,True,
42,dp_fisher_wiener_adaptive_beta_lr5p00,dp_fisher_wiener_adaptive_beta,6f5bfa6c60eeb2ad400161beec4006ab7b7da4908d9989b6db2c608560d2f56e,1102,5,0.7434386014938354,5.0,,,0.35546875,0.043505180460775006,1.90060435177256,1.9012770673816064,0.028029266602737867,1908.540979924375,1.00834646985203,0.026901191301168838,0.31565969389966486,0.08968025832160477,0.00018231203405157911,0.0005239604546039153,0.2577389315911346,26.918815127967413,0.999471666324979,0.29946662305105853,1.4973331152552927,0.14014633301368934,0.021752590230387503,6.4427422905924905,1.6696351496676853,0.0,0.0,0.0007589301094412804,0.0006979098543524742,0.014612684026360512,0.0015761889517307281,7.340684533119202e-06,10905008,True,True,True,
42,dp_fisher_wiener_adaptive_beta_lr5p00,dp_fisher_wiener_adaptive_beta,6f5bfa6c60eeb2ad400161beec4006ab7b7da4908d9989b6db2c608560d2f56e,1103,5,0.7409496307373047,5.0,,,0.359375,0.08467495997274446,1.8930485522238447,1.8950113580883354,0.041641306947168694,499.81985636745827,0.695620894680559,0.0455100151496138,0.5553569595853249,0.11364098232381369,0.00019097784006589087,0.0020007208339579583,1.1905249349754754,27.745520011413056,0.998608256783282,0.3371067817825884,1.685533908912942,0.20820653473584347,0.04233747998637223,4.917782891139106,1.483209555603019,0.0,0.0,0.0005613146349787712,0.0005510095506906509,0.014839132316410542,0.0013579083606600761,1.4916062355041504e-05,10905008,True,True,True,
42,dp_fisher_wiener_adaptive_beta_lr5p00,dp_fisher_wiener_adaptive_beta,6f5bfa6c60eeb2ad400161beec4006ab7b7da4908d9989b6db2c608560d2f56e,1104,5,0.8579725623130798,5.0,,,0.34765625,0.06786273277296048,1.8953243989283963,1.8965634772173636,0.03619416910285064,780.017628810265,0.7715223575680485,0.03614360579454236,0.480865487998289,0.11714675523119059,0.00020206537744035325,0.0012820223067366433,0.7432483243609814,27.632383566117905,0.999010891127237,0.3422670817230173,1.7113354086150865,0.18097084551425321,0.03393136638648024,5.333438195434021,1.4608474688289441,0.0,0.0,0.0007556052878499031,0.0006963945925235748,0.014587564393877983,0.001582046039402485,7.210299372673035e-06,10905008,True,True,True,
42,dp_fisher_wiener_adaptive_beta_lr5p00,dp_fisher_wiener_adaptive_beta,6f5bfa6c60eeb2ad400161beec4006ab7b7da4908d9989b6db2c608560d2f56e,1105,5,0.7539629340171814,5.0,,,0.390625,0.060401491126363296,1.8995722905466836,1.900656587758962,0.034195921590085145,989.0456364162353,0.8207418263086818,0.03383601510895694,0.4413869251893727,0.11151662586368889,0.0002000376568066313,0.0010110756904495154,0.5636526200435376,27.46227860996268,0.9991701678910567,0.333941051480181,1.669705257400905,0.17097960795042572,0.030200745563181648,5.661436655166853,1.4972702450994624,0.0,0.0,0.0007059918716549873,0.0006052404642105103,0.014292733743786812,0.0014394288882613182,6.5462663769721985e-06,10905008,True,True,True,
42,dp_fisher_wiener_adaptive_beta_lr5p00,dp_fisher_wiener_adaptive_beta,6f5bfa6c60eeb2ad400161beec4006ab7b7da4908d9989b6db2c608560d2f56e,1106,5,1.1576117277145386,5.0,,,0.34375,0.04953454614786544,1.894779851318448,1.8952383888673408,0.029444785123191753,1463.1913977192814,0.89006794694303,0.022323961716372756,0.38968321507123577,0.1294919008614385,0.00017925474447950585,0.000683437587967574,0.4937087302297212,28.58771945645788,0.9993916941089661,0.3598498309870917,1.7992491549354586,0.14722392561595876,0.02476727307393272,5.944292905017711,1.3894684864157856,0.0,0.0,0.000717557966709137,0.0006107082590460777,0.014367369934916496,0.0014350665733218193,7.004477083683014e-06,10905008,True,True,True,
42,dp_fisher_wiener_adaptive_beta_lr5p00,dp_fisher_wiener_adaptive_beta,6f5bfa6c60eeb2ad400161beec4006ab7b7da4908d9989b6db2c608560d2f56e,1107,5,0.930537760257721,5.0,,,0.3359375,0.05458930460129613,1.8970971419099505,1.8979706664697185,0.03143661160377828,1207.7137626702613,0.7850843435046692,0.030379036859599785,0.4745367105054137,0.12606208199798363,0.00016248142875447224,0.0008280107675954156,0.6424165637667134,28.897807450736842,0.9993499417098894,0.3550522243247937,1.7752611216239687,0.1571830580188914,0.027294652300648065,5.758749233431364,1.4082435364246673,0.0,0.0,0.0007036440074443817,0.0006230715662240982,0.014353344216942787,0.0014431420713663101,6.337650120258331e-06,10905008,True,True,True,
42,dp_fisher_wiener_adaptive_beta_lr5p00,dp_fisher_wiener_adaptive_beta,6f5bfa6c60eeb2ad400161beec4006ab7b7da4908d9989b6db2c608560d2f56e,1108,5,0.9941630959510803,5.0,,,0.37109375,0.09425654484885981,1.8994639658342904,1.9019091171083229,0.04093069737788924,406.1057012116226,0.6625929265815786,0.050704228179568545,0.6056199071515453,0.1148857219907347,0.00014868548297484368,0.0024624131030508787,1.9026477974033602,28.879974890372143,0.998368422495413,0.3389479635441622,1.6947398177208108,0.2046534868894462,0.04712827242442991,4.342478014938171,1.4751526894286207,0.0,0.0,0.0006827637553215027,0.0006005316972732544,0.014707121066749096,0.0013924390077590942,6.4801424741744995e-06,10905008,True,True,True,
42,dp_fisher_wiener_adaptive_beta_lr5p00,dp_fisher_wiener_adaptive_beta,6f5bfa6c60eeb2ad400161beec4006ab7b7da4908d9989b6db2c608560d2f56e,1109,5,1.213449478149414,5.0,,,0.33984375,0.07649015504541117,1.8954872983130409,1.89696095595045,0.037589868115837685,614.0880901097569,0.6809574934054462,0.039419730507984384,0.570320604579655,0.13882182682541847,0.00018193206305877111,0.001628430865106131,1.2425613355063225,28.82548510023075,0.9988911077997238,0.3725880121869442,1.862940060934721,0.18794934057918844,0.03824507752270558,4.914340687705264,1.3419648073588195,0.0,0.0,0.0005665076896548271,0.0005418537184596062,0.015394880436360836,0.0015386855229735374,5.456618964672089e-06,10905008,True,True,True,
42,dp_fisher_wiener_adaptive_beta_lr5p00,dp_fisher_wiener_adaptive_beta,6f5bfa6c60eeb2ad400161beec4006ab7b7da4908d9989b6db2c608560d2f56e,1110,5,0.4917287528514862,5.0,,,0.33203125,0.0632208995049816,1.8976448691765557,1.8989258175112762,0.04033576043214415,900.9662851403577,0.7567441684334776,0.03690112584815132,0.5096419967435455,0.11743342331603074,0.00024346365203770158,0.001109919445646894,0.5353638578094773,26.833575881652717,0.9991600749318656,0.3426856041855723,1.7134280209278616,0.20167880216072076,0.0316104497524908,6.380130739470071,1.459063333538164,0.0,0.0,0.0006277374923229218,0.000604596920311451,0.014824220910668373,0.001456528902053833,7.216818630695343e-06,10905008,True,True,True,
42,dp_fisher_wiener_adaptive_beta_lr5p00,dp_fisher_wiener_adaptive_beta,6f5bfa6c60eeb2ad400161beec4006ab7b7da4908d9989b6db2c608560d2f56e,1111,5,0.8022361397743225,5.0,,,0.40234375,0.08426682986994971,1.8966081792868201,1.8983920186050414,0.03671667012949778,506.5728690955012,0.696726410821869,0.04335325715469425,0.5658745673002463,0.12441166515455061,0.00017458407834048133,0.001974049659715137,1.4067422828070086,28.528564674357547,0.9986246274656089,0.3527203781390446,1.763601890695223,0.1835833506474889,0.042133414934974855,4.357191339141599,1.4175534814194357,0.0,0.0,0.0006093941628932953,0.0006191711872816086,0.014919621869921684,0.0014620888978242874,6.9607049226760864e-06,10905008,True,True,True,
42,dp_fisher_wiener_adaptive_beta_lr5p00,dp_fisher_wiener_adaptive_beta,6f5bfa6c60eeb2ad400161beec4006ab7b7da4908d9989b6db2c608560d2f56e,1112,5,1.0325030088424683,5.0,,,0.3828125,0.0659461668117385,1.8965638770966415,1.8976158287568026,0.03267020486981621,827.0958377712811,0.8121980652621176,0.03332330949997662,0.4372465989920855,0.10576100459163247,0.00019825431009461294,0.0012090497305178205,0.6449812560941219,27.271029287698557,0.9990180121478419,0.32520917052203874,1.6260458526101937,0.16335102434908105,0.03297308340586925,4.954071851073846,1.5374720189957825,0.0,0.0,0.000750112347304821,0.0006655976176261902,0.014163549058139324,0.001611645333468914,7.1721151471138e-06,10905008,True,True,True,
42,dp_fisher_wiener_adaptive_beta_lr5p00,dp_fisher_wiener_adaptive_beta,6f5bfa6c60eeb2ad400161beec4006ab7b7da4908d9989b6db2c608560d2f56e,1113,5,1.212214708328247,5.0,,,0.40625,0.07517056215886836,1.898335440851472,1.89959409481081,0.03747181891108342,637.7497769728859,0.7626339364487293,0.03652438091830396,0.4873300938746545,0.11973278177787854,0.00021188061137858866,0.0015680130921712039,0.8860771542785306,27.52121854494957,0.9988041800029027,0.3460242502742814,1.730121251371407,0.1873590945554171,0.03758528107943418,4.984906036872793,1.444985429784827,0.0,0.0,0.0005607502534985542,0.00048730988055467606,0.016290489584207535,0.0011753728613257408,5.3727999329566956e-06,10905008,True,True,True,
42,dp_fisher_wiener_adaptive_beta_lr5p00,dp_fisher_wiener_adaptive_beta,6f5bfa6c60eeb2ad400161beec4006ab7b7da4908d9989b6db2c608560d2f56e,1114,5,1.2209943532943726,5.0,,,0.390625,0.05615594018237344,1.8945299674910923,1.8951251819597563,0.029043162941121838,1138.1815802919846,0.8813271706799339,0.025413541995744374,0.3733228315648967,0.09249030566649286,0.00017509829199542485,0.0008785944325562502,0.46409057789437524,27.22814303921502,0.9992256708543346,0.30412218871120344,1.5206109435560173,0.14521581470560918,0.02807797009118672,5.171877248562869,1.6440760278532636,0.0,0.0,0.0007559824734926224,0.0006713783368468285,0.015017961151897907,0.0016262764111161232,7.214955985546112e-06,10905008,True,True,True,
42,dp_fisher_wiener_adaptive_beta_lr5p00,dp_fisher_wiener_adaptive_beta,6f5bfa6c60eeb2ad400161beec4006ab7b7da4908d9989b6db2c608560d2f56e,1115,5,0.7865549921989441,5.0,,,0.37109375,0.043350880365978055,1.8975941256711355,1.898050700366363,0.030329734231448947,1916.0675296804184,1.1153606569356418,0.021950650177700596,0.2673732017561325,0.07795955846091779,0.00020542513465384834,0.0005219022732640323,0.19806374141420927,25.792157892346705,0.9994178907373262,0.27921238951901434,1.3960619475950717,0.15164867115724473,0.021675440182989027,6.996336400552681,1.7907514808334082,0.0,0.0,0.0006977394223213196,0.0006102612242102623,0.014640221372246742,0.0014571137726306915,6.796792149543762e-06,10905008,True,True,True,
42,dp_fisher_wiener_adaptive_beta_lr5p00,dp_fisher_wiener_adaptive_beta,6f5bfa6c60eeb2ad400161beec4006ab7b7da4908d9989b6db2c608560d2f56e,1116,5,0.8892959952354431,5.0,,,0.359375,0.04470680775840028,1.8975024243791736,1.8981906852374302,0.03033385059216869,1801.4298607773524,0.9257885040409819,0.02716836248758473,0.39394055224456737,0.08511290188034294,0.00018470114488930856,0.0005551145905108273,0.2558046603089688,26.635258091289067,0.9994860812934225,0.29174115561631503,1.458705778081575,0.15166925296084346,0.02235340387920014,6.785062971782422,1.7138480134625362,0.0,0.0,0.0006895996630191803,0.000614791177213192,0.014642772264778614,0.0014762980863451958,6.780959665775299e-06,10905008,True,True,True,
42,dp_fisher_wiener_adaptive_beta_lr5p00,dp_fisher_wiener_adaptive_beta,6f5bfa6c60eeb2ad400161beec4006ab7b7da4908d9989b6db2c608560d2f56e,1117,5,0.7319630980491638,5.0,,,0.359375,0.054448501432443,1.8949787296339144,1.8959622690747362,0.03144654320219152,1211.2584403014737,0.9097297226359224,0.03241804657056585,0.3669230533043472,0.0996473260334614,0.00021755760382347392,0.0008255876420671375,0.37814169403822784,26.6089138141296,0.9992489383831172,0.3156696469942294,1.578348234971147,0.15723271601095762,0.0272242507162215,5.775465324799387,1.5839343590977448,0.0,0.0,0.000727497972548008,0.0006364770233631134,0.01476201694458723,0.00152498297393322,6.9141387939453125e-06,10905008,True,True,True,
42,dp_fisher_wiener_adaptive_beta_lr5p00,dp_fisher_wiener_adaptive_beta,6f5bfa6c60eeb2ad400161beec4006ab7b7da4908d9989b6db2c608560d2f56e,1118,5,0.830154538154602,5.0,,,0.35546875,0.06712296456480052,1.8987775663672435,1.9000876097825,0.03148803813532966,800.2135944500345,0.730210365676527,0.03717346270178208,0.5221097942570339,0.10498783249844117,0.00014512473493876499,0.001249666347476944,0.9040482382384789,28.593975290727656,0.9990874806792327,0.3240182595139372,1.620091297569686,0.1574401906766483,0.03356148228240026,4.691097650192861,1.5431229114942828,0.0,0.0,0.0007194951176643372,0.0006570518016815186,0.014538862742483616,0.0015196902677416801,7.144175469875336e-06,10905008,True,True,True,
42,dp_fisher_wiener_adaptive_beta_lr5p00,dp_fisher_wiener_adaptive_beta,6f5bfa6c60eeb2ad400161beec4006ab7b7da4908d9989b6db2c608560d2f56e,1119,5,1.0241649150848389,5.0,,,0.31640625,0.045605911982738424,1.9010222459487036,1.901524395269394,0.02810050828532474,1737.5291861937665,0.9742581208067891,0.02300109966288988,0.3289686452582258,0.09050555616986507,0.00017565281333942892,0.0005755299004268998,0.29654323596204235,27.120201302436463,0.9994392853204724,0.30084141365487743,1.504207068274387,0.1405025414266237,0.022802955991369212,6.161593324726913,1.6620052203714664,0.0,0.0,0.0007447469979524612,0.0006354879587888718,0.014422674663364887,0.001517939381301403,7.3481351137161255e-06,10905008,True,True,True,
42,dp_fisher_wiener_adaptive_beta_lr5p00,dp_fisher_wiener_adaptive_beta,6f5bfa6c60eeb2ad400161beec4006ab7b7da4908d9989b6db2c608560d2f56e,1120,5,0.9585629105567932,5.0,,,0.3515625,0.046534396025690546,1.8976237903064055,1.8982222073503503,0.027393181093013197,1662.9227299012703,0.9028230942891242,0.02511500709860376,0.3768726579140957,0.09673437314388998,0.00016855667175244215,0.0006013508514597643,0.34511418018483914,27.588348731673875,0.999457086563281,0.31102149948820257,1.5551074974410128,0.13696590546506598,0.023267198012845273,5.8866523327632185,1.607605907698217,0.0,0.0,0.0006885314360260963,0.000636393204331398,0.01439222414046526,0.001447693444788456,6.8265944719314575e-06,10905008,True,True,True,
42,dp_fisher_wiener_adaptive_beta_lr5p00,dp_fisher_wiener_adaptive_beta,6f5bfa6c60eeb2ad400161beec4006ab7b7da4908d9989b6db2c608560d2f56e,1121,5,0.8400934338569641,5.0,,,0.32421875,0.058709339021966025,1.897876326469161,1.8986749698649503,0.02887530952064985,1045.0123794012884,0.8809573854830981,0.029061092082578743,0.3669363597411934,0.09281430385763735,0.00018420190314487407,0.0009569264627109201,0.4821690865024104,27.023207977197718,0.9991569885650661,0.3046544006864784,1.523272003432392,0.14437654760324925,0.029354669510983013,4.918350300088121,1.6412039309844457,0.0,0.0,0.0006852950900793076,0.0006258916109800339,0.014483612030744553,0.0014365967363119125,6.357207894325256e-06,10905008,True,True,True,
42,dp_fisher_wiener_adaptive_beta_lr5p00,dp_fisher_wiener_adaptive_beta,6f5bfa6c60eeb2ad400161beec4006ab7b7da4908d9989b6db2c608560d2f56e,1122,5,0.7323747873306274,5.0,,,0.44140625,0.04746381854649558,1.9001150331557783,1.900580190952392,0.02830195763534015,1602.6343159317294,0.9648671736760206,0.022285727029719826,0.32760220859889155,0.08758708362203886,0.00017007827501899507,0.0006239726615203918,0.32133407756873666,27.117912222495942,0.9993979492613605,0.2959511507361289,1.4797557536806445,0.14150978817670076,0.02373190927324779,5.962848860637492,1.6894680042792345,0.0,0.0,0.000760725699365139,0.000638808123767376,0.014417960308492184,0.0015516988933086395,7.99819827079773e-06,10905008,True,True,True,
42,dp_fisher_wiener_adaptive_beta_lr5p00,dp_fisher_wiener_adaptive_beta,6f5bfa6c60eeb2ad400161beec4006ab7b7da4908d9989b6db2c608560d2f56e,1123,5,0.9060548543930054,5.0,,,0.2890625,0.03607382696137845,1.9021597277466946,1.9024674430748132,0.027896959980240978,2780.414402231801,1.1787697340490655,0.01801026501785918,0.27108039415724594,0.10644253119588638,0.00018467470328701726,0.0003596586172293552,0.20729949947141194,27.607077820509332,0.9995760453070943,0.3262553159657117,1.6312765798285587,0.13948479990120488,0.018036913480689226,7.733296500136098,1.5325420783366352,0.0,0.0,0.0006674397736787796,0.0005866587162017822,0.014696931466460228,0.001391650177538395,6.616115570068359e-06,10905008,True,True,True,
42,dp_fisher_wiener_adaptive_beta_lr5p00,dp_fisher_wiener_adaptive_beta,6f5bfa6c60eeb2ad400161beec4006ab7b7da4908d9989b6db2c608560d2f56e,1124,5,0.5035553574562073,5.0,,,0.33203125,0.0437427185827727,1.8990156597664969,1.899711549579195,0.029607436418682107,1884.7144077187422,0.9109363695865358,0.027418776388087138,0.4042193714297124,0.09800599647682984,0.0001645099991271498,0.0005305843661945045,0.3160929410938353,27.75060347342519,0.9995166714034468,0.3130590942247643,1.5652954711238216,0.14803718209341055,0.02187135929138635,6.768540542651314,1.5971425498325318,0.0,0.0,0.0006267987191677094,0.0006182733923196793,0.014895936474204063,0.0014454945921897888,6.8088993430137634e-06,10905008,True,True,True,
42,dp_fisher_wiener_adaptive_beta_lr5p00,dp_fisher_wiener_adaptive_beta,6f5bfa6c60eeb2ad400161beec4006ab7b7da4908d9989b6db2c608560d2f56e,1125,5,0.8364292979240417,5.0,,,0.3515625,0.06128216140546164,1.896983722450701,1.898089627736283,0.029922961001027315,958.206383690933,0.8227031343223192,0.03418397938276011,0.4256926792916798,0.08711908199692509,0.00017191061162064752,0.0010436165076270184,0.5288731807852161,27.048106040148095,0.9991414134279161,0.2951594179370279,1.4757970896851393,0.14961480500513658,0.03064108070273082,4.8828174975864895,1.6939998170919988,0.0,0.0,0.000757358968257904,0.0006713857874274254,0.01416527759283781,0.0016006231307983398,7.018446922302246e-06,10905008,True,True,True,
42,dp_fisher_wiener_adaptive_beta_lr5p00,dp_fisher_wiener_adaptive_beta,6f5bfa6c60eeb2ad400161beec4006ab7b7da4908d9989b6db2c608560d2f56e,1126,5,0.9248579144477844,5.0,,,0.390625,0.06909996708477154,1.8951640729010581,1.896508426186313,0.03572920507947269,752.2080007726537,0.8017280337562618,0.03766597877347361,0.45026083709528286,0.09445288698907761,0.00021796512101411976,0.0013294195206154519,0.5760899313772847,26.36828233101495,0.9989341671014765,0.3073318841075192,1.536659420537596,0.17864602539736346,0.03454998354238577,5.1706544280413524,1.626905719367046,0.0,0.0,0.0005567902699112892,0.0004982799291610718,0.015891965478658676,0.0011784257367253304,5.3532421588897705e-06,10905008,True,True,True,
42,dp_fisher_wiener_adaptive_beta_lr5p00,dp_fisher_wiener_adaptive_beta,6f5bfa6c60eeb2ad400161beec4006ab7b7da4908d9989b6db2c608560d2f56e,1127,5,1.335191249847412,5.0,,,0.37890625,0.06483413959725144,1.8964710120170047,1.8976855524248748,0.03329995787219026,855.6278537224389,0.8071453460058198,0.035809467732569746,0.44455028271238417,0.09979866901804281,0.00018448108599999097,0.0011687324055794676,0.6322487627108259,27.33172901806272,0.9990566630778859,0.31590927339671876,1.5795463669835939,0.1664997893609513,0.03241706979862572,5.136176415391921,1.5827328986652363,0.0,0.0,0.0007582418620586395,0.0006717648357152939,0.015109261497855186,0.0015757251530885696,7.73649662733078e-06,10905008,True,True,True,
42,dp_fisher_wiener_adaptive_beta_lr5p00,dp_fisher_wiener_adaptive_beta,6f5bfa6c60eeb2ad400161beec4006ab7b7da4908d9989b6db2c608560d2f56e,1128,5,0.739628255367279,5.0,,,0.328125,0.0584530852027352,1.8966745782366539,1.8975809899967973,0.030550074369139806,1052.8603464702537,0.8528941078703698,0.030904950468397474,0.4020540874608539,0.10212346626413289,0.00018274712510314763,0.0009497935818929621,0.5307673794837199,27.472749926156915,0.9991899266500733,0.3195676239297919,1.5978381196489595,0.15275037184569903,0.0292265426013676,5.226426331841418,1.5646140677513816,0.0,0.0,0.0006867554038763046,0.0006105592474341393,0.01463149394840002,0.0014775153249502182,7.078051567077637e-06,10905008,True,True,True,
42,dp_fisher_wiener_adaptive_beta_lr5p00,dp_fisher_wiener_adaptive_beta,6f5bfa6c60eeb2ad400161beec4006ab7b7da4908d9989b6db2c608560d2f56e,1129,5,1.0018457174301147,5.0,,,0.38671875,0.08768890618607338,1.8967912350616072,1.8989039291220062,0.04179480130128414,467.8964634032409,0.6807897636218502,0.04716900471003708,0.5731775071508992,0.11936932529938167,0.00018482406103392438,0.002137224959120615,1.3803348958224582,28.10134229830834,0.9985449991250843,0.3454986617910143,1.7274933089550715,0.20897400650642073,0.04384445309303669,4.766258711409116,1.4471836081987302,0.0,0.0,0.0007118843495845795,0.0006224522367119789,0.014635042287409306,0.001477533020079136,6.581656634807587e-06,10905008,True,True,True,
42,dp_fisher_wiener_adaptive_beta_lr5p00,dp_fisher_wiener_adaptive_beta,6f5bfa6c60eeb2ad400161beec4006ab7b7da4908d9989b6db2c608560d2f56e,1130,5,1.2593698501586914,5.0,,,0.390625,0.11313674333910545,1.8995448563330306,1.9027498816937354,0.0455620353403764,281.8978479304355,0.6567106950765268,0.05803471545727646,0.6275753242413162,0.11700207710135384,0.00015542525044022782,0.0035473842998913897,2.670424075115024,28.76671995016947,0.9976703947905328,0.34205566374693147,1.7102783187346573,0.227810176701882,0.056568371669552725,4.027165180370059,1.4617503903354785,0.0,0.0,0.0006983866915106773,0.0006102574989199638,0.014635262079536915,0.001477666199207306,6.865710020065308e-06,10905008,True,True,True,
42,dp_fisher_wiener_adaptive_beta_lr5p00,dp_fisher_wiener_adaptive_beta,6f5bfa6c60eeb2ad400161beec4006ab7b7da4908d9989b6db2c608560d2f56e,1131,5,0.8487182855606079,5.0,,,0.3125,0.07171540259549028,1.8973009781308916,1.898688292714527,0.03229635429816098,699.9186720517639,0.7504123629937253,0.03822316789577544,0.5022801601844268,0.10352201513082349,0.00017249347740973232,0.001428737422983523,0.8574572159578254,27.782600388395075,0.9989278577741129,0.3217483723825553,1.6087418619127767,0.1614817714908049,0.03585770129774514,4.503405562599632,1.5540094151710313,0.0,0.0,0.0006876029074192047,0.0006066607311367989,0.014682156033813953,0.0014727292582392693,6.688758730888367e-06,10905008,True,True,True,
42,dp_fisher_wiener_adaptive_beta_lr5p00,dp_fisher_wiener_adaptive_beta,6f5bfa6c60eeb2ad400161beec4006ab7b7da4908d9989b6db2c608560d2f56e,1132,5,0.9620576500892639,5.0,,,0.375,0.04951080370939482,1.8975680142602056,1.8982090966948169,0.028532997984254505,1468.908519296836,0.9242700866221927,0.02598759920355357,0.3538529414996276,0.0841098667726027,0.0001701797961806676,0.0006807775885665616,0.3364683322645046,26.9393894471964,0.9993707776389884,0.29001701117796985,1.4500850558898493,0.14266498992127252,0.02475540185469741,5.762984206553627,1.7240368003497886,0.0,0.0,0.0006930474191904068,0.0006200894713401794,0.0146724171936512,0.001471884548664093,6.595626473426819e-06,10905008,True,True,True,
42,dp_fisher_wiener_adaptive_beta_lr5p00,dp_fisher_wiener_adaptive_beta,6f5bfa6c60eeb2ad400161beec4006ab7b7da4908d9989b6db2c608560d2f56e,1133,5,0.7156472206115723,5.0,,,0.30078125,0.05513810817123196,1.895304299198659,1.8961153678034057,0.031914510245655094,1181.5556280905853,0.8709422055474265,0.029246374390986936,0.4008905783503397,0.0963251083205175,0.00019837249963139568,0.0008463418699014743,0.4109640820090585,26.862580393129214,0.9992628851449384,0.3103628655630655,1.5518143278153276,0.15957255122827546,0.02756905408561598,5.788103963485043,1.6110174749523614,0.0,0.0,0.0006900569424033165,0.0006106635555624962,0.014681256376206875,0.0014730803668498993,6.8070366978645325e-06,10905008,True,True,True,
42,dp_fisher_wiener_adaptive_beta_lr5p00,dp_fisher_wiener_adaptive_beta,6f5bfa6c60eeb2ad400161beec4006ab7b7da4908d9989b6db2c608560d2f56e,1134,5,0.7802937030792236,5.0,,,0.33984375,0.08049654331781478,1.8965185607664552,1.8978442461670317,0.03595824205023479,555.0853074274153,0.8109734782445563,0.03767045977420654,0.4349312057220921,0.0921554341025632,0.0002060883164770575,0.0018015248943986089,0.8055784594174692,26.50467576936649,0.99853901109002,0.3035711351603825,1.5178556758019124,0.17979121025117395,0.04024827165890739,4.4670541823605765,1.647060415458121,0.0,0.0,0.0006944453343749046,0.0006128018721938133,0.014724661596119404,0.001473953016102314,6.454065442085266e-06,10905008,True,True,True,
42,dp_fisher_wiener_adaptive_beta_lr5p00,dp_fisher_wiener_adaptive_beta,6f5bfa6c60eeb2ad400161beec4006ab7b7da4908d9989b6db2c608560d2f56e,1135,5,1.18603515625,5.0,,,0.359375,0.04615507881539712,1.8986336897940934,1.8992027376472291,0.028819537223814317,1692.167585511967,0.9710869183151833,0.024478365976674552,0.3353557607631085,0.08951371667155097,0.00016764231440735894,0.0005909580162698555,0.3155459202377644,27.275059405512145,0.9994261284008574,0.2991884300429262,1.495942150214631,0.1440976861190716,0.02307753940769856,6.244066300446105,1.6711876188748043,0.0,0.0,0.0006882315501570702,0.0006104819476604462,0.014643212780356407,0.0014834729954600334,6.8712979555130005e-06,10905008,True,True,True,
42,dp_fisher_wiener_adaptive_beta_lr5p00,dp_fisher_wiener_adaptive_beta,6f5bfa6c60eeb2ad400161beec4006ab7b7da4908d9989b6db2c608560d2f56e,1136,5,1.0855385065078735,5.0,,,0.375,0.06934207530146752,1.8979688104251393,1.8992536288360586,0.03220726693693272,749.1770622723716,0.7764774973557034,0.03677751700196309,0.47285604527500213,0.10052284175933636,0.0001713075097316102,0.001334797940500998,0.7832562750714201,27.684883547032072,0.9989635594354687,0.31705337367600483,1.5852668683800242,0.16103633468466358,0.03467103765073376,4.644693253840668,1.5770215412038806,0.0,0.0,0.0006970623508095741,0.0006084917113184929,0.014621509239077568,0.0014887657016515732,7.032416760921478e-06,10905008,True,True,True,
42,dp_fisher_wiener_adaptive_beta_lr5p00,dp_fisher_wiener_adaptive_beta,6f5bfa6c60eeb2ad400161beec4006ab7b7da4908d9989b6db2c608560d2f56e,1137,5,0.9133934378623962,5.0,,,0.328125,0.057647166428590996,1.8988986690970429,1.899908237256612,0.03353048156138528,1085.0447504182716,0.7877336298389787,0.032679271047204146,0.47329417993775935,0.12172261586215267,0.00017713310197615517,0.0009216209739859296,0.6333210133711332,28.37071547794896,0.9992740081646079,0.34888768373525697,1.744438418676285,0.1676524078069264,0.028823583214295498,5.816501250197099,1.4331259694967535,0.0,0.0,0.0007047271355986595,0.000614912249147892,0.0145418681204319,0.0014773476868867874,6.54999166727066e-06,10905008,True,True,True,
42,dp_fisher_wiener_adaptive_beta_lr5p00,dp_fisher_wiener_adaptive_beta,6f5bfa6c60eeb2ad400161beec4006ab7b7da4908d9989b6db2c608560d2f56e,1138,5,0.9079059362411499,5.0,,,0.3515625,0.06173459342543117,1.8969281893168082,1.898020717652279,0.030833448387301232,944.1578234699862,0.8212070412518511,0.033954975756949085,0.42871508985678064,0.10767641801211388,0.00016752422793936847,0.0010591449595387732,0.6807668158944207,28.08042973665554,0.9991302227012921,0.32814085087369704,1.6407042543684853,0.15416724193650616,0.030867296712715583,4.994517121676012,1.5237359160470045,0.0,0.0,0.0006885062903165817,0.0006129294633865356,0.014552287757396698,0.0014741849154233932,6.3050538301467896e-06,10905008,True,True,True,
42,dp_fisher_wiener_adaptive_beta_lr5p00,dp_fisher_wiener_adaptive_beta,6f5bfa6c60eeb2ad400161beec4006ab7b7da4908d9989b6db2c608560d2f56e,1139,5,0.8800909519195557,5.0,,,0.2890625,0.05384934514270436,1.900161921981773,1.901040439364189,0.03093711427967146,1245.1462618172998,0.8283861529145982,0.030473710860973592,0.43661227599075425,0.10231697460517315,0.0001775087550920675,0.0008031185012717774,0.4629217029722034,27.607279108016357,0.9993347077541676,0.31987024651438456,1.5993512325719228,0.1546855713983573,0.02692467257135218,5.745123584425589,1.563133818937273,0.0,0.0,0.0006950898095965385,0.0006075762212276459,0.014585569500923157,0.0014517158269882202,6.56861811876297e-06,10905008,True,True,True,
42,dp_fisher_wiener_adaptive_beta_lr5p00,dp_fisher_wiener_adaptive_beta,6f5bfa6c60eeb2ad400161beec4006ab7b7da4908d9989b6db2c608560d2f56e,1140,5,0.5826135873794556,5.0,,,0.32421875,0.036083126979654545,1.8931371516885265,1.893479772331571,0.027662585650971416,2752.680605931092,1.228155434860861,0.01902271338218839,0.23451428424422233,0.0935864381422349,0.0001994963021153253,0.0003632822482481283,0.17042066079376927,26.712780671025822,0.9995538329320829,0.30591900585324033,1.5295950292662017,0.13831292825485708,0.018041563489827273,7.666349334146036,1.634419537301427,0.0,0.0,0.0006870105862617493,0.0006039906293153763,0.014629488810896873,0.0014669755473732948,7.053837180137634e-06,10905008,True,True,True,
42,dp_fisher_wiener_adaptive_beta_lr5p00,dp_fisher_wiener_adaptive_beta,6f5bfa6c60eeb2ad400161beec4006ab7b7da4908d9989b6db2c608560d2f56e,1141,5,0.6680102348327637,5.0,,,0.3671875,0.05432631252039907,1.8952016833065433,1.8957290195270533,0.02842911743990141,1216.9995326776416,1.0080635564522307,0.02403408590926606,0.25394697203579875,0.08586942563288892,0.00021085592763453936,0.0008216930021827486,0.33462804136591584,26.098527425097615,0.9991716812296271,0.29303485395578616,1.4651742697789307,0.14214558719950704,0.027163156260199536,5.233029101354875,1.7062816700764716,0.0,0.0,0.0006890818476676941,0.0006040344014763832,0.014784852974116802,0.001442020758986473,6.282702088356018e-06,10905008,True,True,True,
42,dp_fisher_wiener_adaptive_beta_lr5p00,dp_fisher_wiener_adaptive_beta,6f5bfa6c60eeb2ad400161beec4006ab7b7da4908d9989b6db2c608560d2f56e,1142,5,0.9956547021865845,5.0,,,0.3046875,0.05186005235757692,1.8980784534727275,1.8987152918516057,0.03169167607269298,1339.560757734434,0.9546181969280799,0.02593449782728882,0.3426812246854068,0.09001691533047197,0.0001915687690058974,0.0007465133580944671,0.3507817585558891,26.719994170192543,0.9992873647638482,0.3000281908929092,1.500140954464546,0.15845838036346488,0.02593002617878846,6.1109996289543895,1.6665100653051679,0.0,0.0,0.0006966870278120041,0.0006162868812680244,0.014810608699917793,0.0014427443966269493,6.53974711894989e-06,10905008,True,True,True,
42,dp_fisher_wiener_adaptive_beta_lr5p00,dp_fisher_wiener_adaptive_beta,6f5bfa6c60eeb2ad400161beec4006ab7b7da4908d9989b6db2c608560d2f56e,1143,5,1.221029281616211,5.0,,,0.33203125,0.06233268272316276,1.8983971514367513,1.8994276379396886,0.031120567779961382,927.561062503033,0.818880014234463,0.032935837506465844,0.4310192136721365,0.08821546596925593,0.0001597772933449053,0.0010780961385375924,0.5952332217492552,27.420296715763858,0.999117168618501,0.2970108852706512,1.4850544263532561,0.15560283889980692,0.03116634136158138,4.992656567851921,1.683439984169912,0.0,0.0,0.0006929421797394753,0.0006067361682653427,0.014762413688004017,0.0014395583420991898,6.910413503646851e-06,10905008,True,True,True,
42,dp_fisher_wiener_adaptive_beta_lr5p00,dp_fisher_wiener_adaptive_beta,6f5bfa6c60eeb2ad400161beec4006ab7b7da4908d9989b6db2c608560d2f56e,1144,5,0.8614004850387573,5.0,,,0.33984375,0.05955813743742289,1.9029023439923154,1.9040053942345931,0.03394147337781037,1020.823799988742,0.8395770094308347,0.03415542119706237,0.42569360097926234,0.11193132702570809,0.00020906448696464552,0.0009796009847427513,0.5244699358364036,27.28671384733036,0.9991775495345623,0.3345613950020356,1.672806975010178,0.16970736688905186,0.029779068718711443,5.698880931649777,1.49449400758107,0.0,0.0,0.0006921784952282906,0.0006124936044216156,0.01477378886193037,0.0014377711340785027,6.815418601036072e-06,10905008,True,True,True,
42,dp_fisher_wiener_adaptive_beta_lr5p00,dp_fisher_wiener_adaptive_beta,6f5bfa6c60eeb2ad400161beec4006ab7b7da4908d9989b6db2c608560d2f56e,1145,5,0.6908349990844727,5.0,,,0.30078125,0.08634335222631005,1.892602264037763,1.894683283747521,0.03814517334347601,480.46405111078616,0.6903876608765344,0.04687413778805517,0.5713032343982198,0.12300696796720607,0.00021891405318720582,0.0020813211676371686,1.1694863905604287,27.496560708855824,0.9985630815473494,0.3507234921803871,1.7536174609019355,0.19072586671738004,0.043171676113155026,4.417847160093126,1.425624490934899,0.0,0.0,0.0007606828585267067,0.0006750142201781273,0.014228015206754208,0.0016619032248854637,7.041729986667633e-06,10905008,True,True,True,
42,dp_fisher_wiener_adaptive_beta_lr5p00,dp_fisher_wiener_adaptive_beta,6f5bfa6c60eeb2ad400161beec4006ab7b7da4908d9989b6db2c608560d2f56e,1146,5,0.7626189589500427,5.0,,,0.40234375,0.08953660272106072,1.9054864987361146,1.9074723835428158,0.038240002303601736,452.90855889559555,0.7404429086558453,0.04563800105200875,0.5174124111014122,0.09658024304746803,0.00019693134381148022,0.002207951208326594,1.0828365862858227,26.90573448801255,0.9983651381849326,0.31077362025672,1.5538681012836,0.1912000115180087,0.04476830136053036,4.270879298590227,1.6088881662007135,0.0,0.0,0.0005609700456261635,0.0004905043169856071,0.015914691612124443,0.0011834166944026947,5.340203642845154e-06,10905008,True,True,True,
42,dp_fisher_wiener_adaptive_beta_lr5p00,dp_fisher_wiener_adaptive_beta,6f5bfa6c60eeb2ad400161beec4006ab7b7da4908d9989b6db2c608560d2f56e,1147,5,1.002811074256897,5.0,,,0.3671875,0.07861614964453355,1.8954860186695046,1.8969473364322824,0.034972961943843764,581.323167457806,0.7347407913358485,0.03930260352613763,0.5205683234858065,0.10090896685310621,0.00015961408368284113,0.0017202135676288957,1.0875291803600622,28.008585497303816,0.9987360889218492,0.3176617176386009,1.5883085881930046,0.1748648097192188,0.039308074822266774,4.4485722209858745,1.574001436859536,0.0,0.0,0.0007593948394060135,0.0006758030503988266,0.014811933040618896,0.0016141757369041443,6.948597729206085e-06,10905008,True,True,True,
42,dp_fisher_wiener_adaptive_beta_lr5p00,dp_fisher_wiener_adaptive_beta,6f5bfa6c60eeb2ad400161beec4006ab7b7da4908d9989b6db2c608560d2f56e,1148,5,1.3547909259796143,5.0,,,0.37109375,0.06927136767366651,1.8961117945125106,1.8974000232834975,0.03408212654333626,749.2389640588746,0.7907330302594753,0.03684481681642191,0.45867028471949,0.10358953652121743,0.00020938151252837368,0.0013346876600944435,0.6603241818504989,26.943775564156436,0.9989446183818637,0.3218532841547798,1.6092664207738991,0.1704106327166813,0.034635683836833256,4.920088585938019,1.5535028679651304,0.0,0.0,0.0007077427580952644,0.0006228052079677582,0.01437459047883749,0.0014412244781851768,6.640329957008362e-06,10905008,True,True,True,
42,dp_fisher_wiener_adaptive_beta_lr5p00,dp_fisher_wiener_adaptive_beta,6f5bfa6c60eeb2ad400161beec4006ab7b7da4908d9989b6db2c608560d2f56e,1149,5,0.9395087957382202,5.0,,,0.37109375,0.05196285462708916,1.893334812764212,1.8940584409107968,0.028369894899992063,1327.6048725649305,0.9134211347331624,0.02764054481469015,0.35227222320191104,0.08306482372076317,0.0001766965853451579,0.0007532361625770259,0.35409529203260354,26.721889897888992,0.999311978169402,0.28820968706961114,1.4410484353480557,0.14184947449996033,0.02598142731354458,5.45964903246682,1.734848002792843,0.0,0.0,0.0006836662068963051,0.0006294278427958488,0.01441950909793377,0.0014412309974431992,6.629154086112976e-06,10905008,True,True,True,
42,dp_fisher_wiener_adaptive_beta_lr5p00,dp_fisher_wiener_adaptive_beta,6f5bfa6c60eeb2ad400161beec4006ab7b7da4908d9989b6db2c608560d2f56e,1150,5,0.8092723488807678,5.0,,,0.36328125,0.04241197304916085,1.9014591338516635,1.9020773413383694,0.024399724398231903,2010.004539351011,0.9022934785460519,0.02572273647596125,0.37256885349166674,0.06338695375894128,0.00011740284674174341,0.0004975113139628376,0.268611260043136,27.323212517043377,0.9995510987856588,0.2517676582862487,1.2588382914312435,0.12199862199115952,0.021205986524580424,5.753027421949676,1.98595801939555,0.14549686387181282,0.004627960734069347,0.0005680937319993973,0.0004923027008771896,0.015344061888754368,0.0012515243142843246,5.197711288928986e-06,10905008,True,True,True,
42,dp_fisher_wiener_adaptive_beta_lr5p00,dp_fisher_wiener_adaptive_beta,6f5bfa6c60eeb2ad400161beec4006ab7b7da4908d9989b6db2c608560d2f56e,1151,5,0.8187830448150635,5.0,,,0.34375,0.039471481850270516,1.9001202202409306,1.9003668480642477,0.02172839150017055,2317.3695527179902,1.053046014234969,0.016633074928492406,0.22706033705355014,0.06400611774275017,0.0001231052927482478,0.00043152374992801477,0.22436208294272877,27.159447591434187,0.9995455856347989,0.25299430377530274,1.2649715188765138,0.10864195750085276,0.019735740925135258,5.504832978273572,1.9763290814725198,0.0,0.0,0.000675516203045845,0.0006134975701570511,0.014908538199961185,0.00144228246062994,6.427057087421417e-06,10905008,True,True,True,
42,dp_fisher_wiener_adaptive_beta_lr5p00,dp_fisher_wiener_adaptive_beta,6f5bfa6c60eeb2ad400161beec4006ab7b7da4908d9989b6db2c608560d2f56e,1152,5,0.662768542766571,5.0,,,0.359375,0.05556542187096241,1.8998997288947137,1.9006527487233993,0.02673005984076614,1169.1012622364406,0.8179686973001894,0.02816672318486074,0.4297276627839157,0.08752517441824709,0.00012813208047380398,0.0008553578992489333,0.584282631697951,28.34475105764883,0.9993003440131993,0.2958465386281325,1.4792326931406623,0.1336502992038307,0.027782710935481205,4.810556446755374,1.6900654045737895,0.0,0.0,0.0006775520741939545,0.00061086006462574,0.014833151362836361,0.0014487849548459053,6.4838677644729614e-06,10905008,True,True,True,
42,dp_fisher_wiener_adaptive_beta_lr5p00,dp_fisher_wiener_adaptive_beta,6f5bfa6c60eeb2ad400161beec4006ab7b7da4908d9989b6db2c608560d2f56e,1153,5,0.7854030132293701,5.0,,,0.375,0.06167463717122168,1.8995657467183586,1.9006172997877957,0.027648198217582704,948.6269374671753,0.7865694218977867,0.03327018787154542,0.46219463753935824,0.08339959903699518,0.00013052756487897483,0.001054155179703009,0.6735444672393037,28.054617255574122,0.9991708337694925,0.2887898873523711,1.4439494367618555,0.13824099108791352,0.03083731858561084,4.482912179917483,1.731362564604579,0.0,0.0,0.0006891395896673203,0.0006022593006491661,0.01467214711010456,0.0014546830207109451,6.750226020812988e-06,10905008,True,True,True,
42,dp_fisher_wiener_adaptive_beta_lr5p00,dp_fisher_wiener_adaptive_beta,6f5bfa6c60eeb2ad400161beec4006ab7b7da4908d9989b6db2c608560d2f56e,1154,5,1.066019892692566,5.0,,,0.3984375,0.05149938471868109,1.8974801890985706,1.898050092203936,0.0253051565084416,1357.5330750941296,0.8377312370586788,0.02463094297877055,0.4108034054353449,0.08301641278575517,0.0001116472327595672,0.0007366303023985889,0.5477288027105657,28.71315998381283,0.999382901785284,0.2881256892152367,1.4406284460761833,0.126525782542208,0.025749692359340545,4.913681327590614,1.7353537664763827,0.0,0.0,0.000690041109919548,0.0006037969142198563,0.014893963001668453,0.0014476170763373375,6.445683538913727e-06,10905008,True,True,True,
42,dp_fisher_wiener_adaptive_beta_lr5p00,dp_fisher_wiener_adaptive_beta,6f5bfa6c60eeb2ad400161beec4006ab7b7da4908d9989b6db2c608560d2f56e,1155,5,0.5139601826667786,5.0,,,0.38671875,0.05365560166677375,1.8989399256432677,1.8997052638178584,0.02899267679891727,1252.5420446013234,0.8157809164909062,0.028383113298475034,0.4406373013917932,0.0892559662865174,0.00013238655767064473,0.0007983763930021724,0.5382710869370579,28.28793364985861,0.9993486997741857,0.29875737026309057,1.4937868513154529,0.14496338399458636,0.026827800833386876,5.403476225631499,1.6735988791105583,0.0,0.0,0.0006971824914216995,0.0006120866164565086,0.014844330959022045,0.0014611007645726204,6.923452019691467e-06,10905008,True,True,True,
42,dp_fisher_wiener_adaptive_beta_lr5p00,dp_fisher_wiener_adaptive_beta,6f5bfa6c60eeb2ad400161beec4006ab7b7da4908d9989b6db2c608560d2f56e,1156,5,1.03061842918396,5.0,,,0.36328125,0.06427352925536808,1.8926720155411738,1.8938119926412056,0.03027981537826476,867.1344216509493,0.828602780754955,0.03470035397998514,0.4174627007826098,0.09057257462360405,0.0001737416448415593,0.0011532237387759786,0.6011825379615243,27.170927835052634,0.9990444356029863,0.3009527780626124,1.504763890313062,0.1513990768913238,0.03213676462768404,4.711086465629799,1.661390212833706,0.0,0.0,0.0006397869437932968,0.0006086649373173714,0.014827793464064598,0.0014473479241132736,6.023794412612915e-06,10905008,True,True,True,
42,dp_fisher_wiener_adaptive_beta_lr5p00,dp_fisher_wiener_adaptive_beta,6f5bfa6c60eeb2ad400161beec4006ab7b7da4908d9989b6db2c608560d2f56e,1157,5,0.8172874450683594,5.0,,,0.35546875,0.06095795080605026,1.8990456320683256,1.9001674362100531,0.027570409387073506,970.5324990615793,0.7965210279947492,0.03443763773176458,0.4510880249064663,0.08204697779188044,0.00013528300288049653,0.0010303621987903754,0.62489819483013,27.828193524685737,0.9991792948419917,0.2864384363033014,1.432192181516507,0.13785204693536754,0.03047897540302513,4.5228569893843105,1.7455757909138243,0.0,0.0,0.0006302185356616974,0.0006109485402703285,0.014839522540569305,0.001455460675060749,6.193295121192932e-06,10905008,True,True,True,
42,dp_fisher_wiener_adaptive_beta_lr5p00,dp_fisher_wiener_adaptive_beta,6f5bfa6c60eeb2ad400161beec4006ab7b7da4908d9989b6db2c608560d2f56e,1158,5,0.8774924278259277,5.0,,,0.33203125,0.04225284215113404,1.8926503301659185,1.8932042174069483,0.025169516959053756,2006.4526484881048,0.9068921384137286,0.024266039730827228,0.3759955849562401,0.07513673082381556,0.00011282715331024134,0.0004983920254450601,0.3319019073888398,28.234386626199953,0.9995480121900227,0.27411080026845996,1.3705540013422999,0.12584758479526878,0.02112642107556702,5.956881401689767,1.824079895824913,0.0,0.0,0.0006192093715071678,0.0006062453612685204,0.014818568713963032,0.0014449041336774826,6.407499313354492e-06,10905008,True,True,True,
42,dp_fisher_wiener_adaptive_beta_lr5p00,dp_fisher_wiener_adaptive_beta,6f5bfa6c60eeb2ad400161beec4006ab7b7da4908d9989b6db2c608560d2f56e,1159,5,1.2616627216339111,5.0,,,0.39453125,0.06114840803006825,1.896546029594345,1.8977628688080768,0.026197574126313766,961.9587854076118,0.7988154264128599,0.036004045094712674,0.4490080044514831,0.07930258919876922,0.00011700649659599219,0.0010395455760701315,0.7045647720169159,28.310773898499928,0.9991695949571539,0.2816071540262591,1.4080357701312953,0.13098787063156883,0.030574204015034124,4.28426102484547,1.775523074785241,0.0,0.0,0.0006792806088924408,0.0006133001297712326,0.014914528466761112,0.0014853067696094513,7.666647434234619e-06,10905008,True,True,True,
42,dp_fisher_wiener_adaptive_beta_lr5p00,dp_fisher_wiener_adaptive_beta,6f5bfa6c60eeb2ad400161beec4006ab7b7da4908d9989b6db2c608560d2f56e,1160,5,1.4687292575836182,5.0,,,0.40234375,0.07833806412342931,1.8984949342262871,1.9001042949401439,0.030352357029634878,587.3178698161781,0.7877196529748524,0.04114923802075656,0.46766974844745574,0.06974614238034058,0.0001395907180001725,0.0017026554975242926,0.8507274282962762,26.986636498809315,0.9986587848021359,0.2640949495547777,1.3204747477738885,0.1517617851481744,0.039169032061714654,3.8745349873641066,1.8932584695051067,0.0,0.0,0.0006916550919413567,0.0006108852103352547,0.014671032316982746,0.0014867819845676422,6.902031600475311e-06,10905008,True,True,True,
42,dp_fisher_wiener_adaptive_beta_lr5p00,dp_fisher_wiener_adaptive_beta,6f5bfa6c60eeb2ad400161beec4006ab7b7da4908d9989b6db2c608560d2f56e,1161,5,0.7358767986297607,5.0,,,0.2890625,0.041481567396308934,1.8977222191923444,1.8981758377862088,0.02743659249105327,2092.931279647052,0.9716860028787756,0.02186081144749619,0.35211230262839915,0.09582981418886484,0.00016360069010886585,0.00047779877396987846,0.2798727049844865,27.67715513370429,0.999535729618871,0.3095639097001859,1.5478195485009294,0.13718296245526634,0.020740783698154467,6.61416484763104,1.6151753622786236,0.0,0.0,0.0006908969953656197,0.0006120093166828156,0.014717086218297482,0.001475142315030098,6.644986569881439e-06,10905008,True,True,True,
42,dp_fisher_wiener_adaptive_beta_lr5p00,dp_fisher_wiener_adaptive_beta,6f5bfa6c60eeb2ad400161beec4006ab7b7da4908d9989b6db2c608560d2f56e,1162,5,1.100012183189392,5.0,,,0.35546875,0.06008882561144391,1.8974888977483184,1.8984073336234384,0.027516195692659257,997.1742485847927,0.7930381574937164,0.03110705451378753,0.4549403831641297,0.07636594564707774,0.00011569461228328636,0.0010028337586354468,0.6619353021803192,28.195865976737473,0.999204714563559,0.27634389019313915,1.3817194509656958,0.13758097846329628,0.030044412805721954,4.57925336562127,1.8093398035640895,0.0,0.0,0.000689556822180748,0.000600314699113369,0.014771447516977787,0.0014503980055451393,6.85080885887146e-06,10905008,True,True,True,
42,dp_fisher_wiener_adaptive_beta_lr5p00,dp_fisher_wiener_adaptive_beta,6f5bfa6c60eeb2ad400161beec4006ab7b7da4908d9989b6db2c608560d2f56e,1163,5,1.1536281108856201,5.0,,,0.40625,0.07589260656867618,1.8963678858321507,1.8980353367378942,0.03335585513000099,624.3760643382694,0.7378768914284974,0.04195395074767309,0.5179535590221065,0.08406566668420738,0.0001278315470121186,0.001601598871164173,1.0532570382084379,28.179806155990246,0.9988182172034248,0.2899407985851722,1.449703992925861,0.16677927565000497,0.03794630328433809,4.395138951900122,1.7244899732570647,0.0,0.0,0.0007016854360699654,0.0006107687950134277,0.014676975086331367,0.0014457954093813896,6.853602826595306e-06,10905008,True,True,True,
42,dp_fisher_wiener_adaptive_beta_lr5p00,dp_fisher_wiener_adaptive_beta,6f5bfa6c60eeb2ad400161beec4006ab7b7da4908d9989b6db2c608560d2f56e,1164,5,0.9191373586654663,5.0,,,0.36328125,0.053349158508027246,1.9013166959149526,1.9021520558273777,0.027949807256442107,1270.146384857342,0.852933155924476,0.029678282391390278,0.40230854025724616,0.06720745214688457,0.00013482086007179025,0.0007873108261932232,0.39247008629045965,26.97660336864179,0.9993284764920856,0.2592440011782039,1.2962200058910196,0.13974903628221053,0.026674579254013623,5.239034323510238,1.9286849366839243,0.0,0.0,0.000687677413225174,0.0006064129993319511,0.01475715171545744,0.0014555798843502998,6.475485861301422e-06,10905008,True,True,True,
42,dp_fisher_wiener_adaptive_beta_lr5p00,dp_fisher_wiener_adaptive_beta,6f5bfa6c60eeb2ad400161beec4006ab7b7da4908d9989b6db2c608560d2f56e,1165,5,0.562974214553833,5.0,,,0.3125,0.05335715302938433,1.898215317259771,1.8990002377125559,0.023835675948220118,1265.6267605846358,0.8619299147181627,0.02875639658282188,0.3778975222065808,0.06812451734478275,0.00011186881404374502,0.000790122357389583,0.4811591558019887,27.84594402876258,0.9993189699036391,0.26100673812141856,1.3050336906070927,0.11917837974110058,0.026678576514692166,4.467194105015334,1.9156593565239215,0.0,0.0,0.0006880490109324455,0.0006055301055312157,0.014756626449525356,0.0014392230659723282,6.230548024177551e-06,10905008,True,True,True,
42,dp_fisher_wiener_adaptive_beta_lr5p00,dp_fisher_wiener_adaptive_beta,6f5bfa6c60eeb2ad400161beec4006ab7b7da4908d9989b6db2c608560d2f56e,1166,5,0.7981640100479126,5.0,,,0.34375,0.06434686034220288,1.8990540871737782,1.9000704348972355,0.02606833499561196,871.0035907272634,0.7901408271664513,0.03272336231046181,0.4615683628375122,0.07871178214237853,0.00012545344095987311,0.001148100892354801,0.7203394856861133,27.9755716657349,0.9990928386110252,0.28055620139711496,1.4027810069855748,0.1303416749780598,0.03217343017110144,4.051220969627386,1.7821741152336528,0.0,0.0,0.0006873318925499916,0.0006078369915485382,0.014752172864973545,0.0014431662857532501,6.5658241510391235e-06,10905008,True,True,True,
42,dp_fisher_wiener_adaptive_beta_lr5p00,dp_fisher_wiener_adaptive_beta,6f5bfa6c60eeb2ad400161beec4006ab7b7da4908d9989b6db2c608560d2f56e,1167,5,0.5444306135177612,5.0,,,0.359375,0.03773803593776628,1.89504368474061,1.8954729350315602,0.02217849648052799,2521.6212977249043,1.0363007073376882,0.021327966601451063,0.26296413812090697,0.0619824458318159,0.00011697356681156145,0.0003965702543041607,0.21013631485017525,27.2418097489548,0.9995890339646669,0.2489627398463792,1.244813699231896,0.11089248240263996,0.01886901796888314,5.876960983323858,2.0083326537397257,0.0,0.0,0.0006925566121935844,0.000608859583735466,0.014742493629455566,0.0014596730470657349,6.6123902797698975e-06,10905008,True,True,True,
42,dp_fisher_wiener_adaptive_beta_lr5p00,dp_fisher_wiener_adaptive_beta,6f5bfa6c60eeb2ad400161beec4006ab7b7da4908d9989b6db2c608560d2f56e,1168,5,0.8815177083015442,5.0,,,0.3359375,0.05173069202170018,1.8953273490445515,1.8961398223542179,0.02546932302141998,1342.3689012958876,0.8053106165056241,0.029343516476559663,0.4438888749166673,0.06985695179206074,9.640568499531775e-05,0.0007449517034107874,0.5398027627134939,28.601069848146953,0.9994000824842352,0.26430465715166795,1.3215232857583397,0.12734661510709988,0.02586534601085009,4.923445255623359,1.8917562989107282,0.0,0.0,0.0006938129663467407,0.0006131315603852272,0.014768451452255249,0.0014405641704797745,6.216578185558319e-06,10905008,True,True,True,
42,dp_fisher_wiener_adaptive_beta_lr5p00,dp_fisher_wiener_adaptive_beta,6f5bfa6c60eeb2ad400161beec4006ab7b7da4908d9989b6db2c608560d2f56e,1169,5,1.0738301277160645,5.0,0.7830208328723908,0.8532,0.31640625,0.06526863768946559,1.8990026996579226,1.9002993675946511,0.026484298431165305,846.5294435151043,0.704617149349268,0.03703310438275728,0.5668616979163364,0.09742978265280533,9.749044734594555e-05,0.0011812938196368097,1.1805587411816525,29.997296690181518,0.9991676401160682,0.31213744192711856,1.5606872096355928,0.13242149215582652,0.03263431884473279,4.057737279022195,1.6018584534794256,0.0,0.0,0.0006919736042618752,0.0006122216582298279,0.014720536768436432,0.001470855437219143,6.632879376411438e-06,10905008,True,True,True,
