seed,run_id,method,learning_rate,config_fingerprint,refresh_step,interval_index,layer,beta_train,beta_source_interval,beta_raw_previous,beta_update_accepted,beta_fallback_used,beta_fallback_reason,previous_beta_train,numerator_previous,denominator_previous,previous_interval_n_steps,accepted_update_count,fallback_count,trace_A,trace_G,trace_F,beta_scaled_trace_F,H_mean,H_std,H_min,H_max,H_q10,H_q25,H_q50,H_q75,H_q90,H_beta1_mean,H_beta1_q10,H_beta1_q50,H_beta1_q90,H_fro_ratio_vs_beta1,H_hash,H_hash_copy,H_beta1_hash,H_beta1_hash_copy,H_stats_digest,H_beta1_stats_digest,beta_algorithm_active
123,dp_fisher_wiener_adaptive_beta_alpha0p75_adam,dp_fisher_wiener_adaptive_beta,0.001,e26fe49698c962feabd173bb549a01a7bb961c05b301e53a307778215cd862ec,0,0,conv1,1.0,,,False,False,initial,1.0,,,0,0,0,3.14047908782959,0.0001600001414772123,0.000502477098358961,0.000502477098358961,0.12777050188742578,0.13205590320786348,0.0242364089936018,0.4002205431461334,0.03381606731563807,0.03495381027460098,0.05770395137369633,0.1268327534198761,0.36839202046394326,0.12777050188742578,0.03381606731563807,0.05770395137369633,0.36839202046394326,0.9999999999995697,79af817690e2b02b886de10ef1a77e6ee8a4809437fca404a9bfc52bee26c868,79af817690e2b02b886de10ef1a77e6ee8a4809437fca404a9bfc52bee26c868,79af817690e2b02b886de10ef1a77e6ee8a4809437fca404a9bfc52bee26c868,79af817690e2b02b886de10ef1a77e6ee8a4809437fca404a9bfc52bee26c868,29f6a8c44420ac8ee0ffd46e029bebce7cbc1b30d75176c0e0d644fa1d072492,09d6947eab66f5ec85984bbb89ae1fe2360fa4efb31674995d78e91aac067823,True
123,dp_fisher_wiener_adaptive_beta_alpha0p75_adam,dp_fisher_wiener_adaptive_beta,0.001,e26fe49698c962feabd173bb549a01a7bb961c05b301e53a307778215cd862ec,0,0,conv2,1.0,,,False,False,initial,1.0,,,0,0,0,13.789117813110352,0.0003200028440915048,0.004412556917708144,0.004412556917708144,0.02205550540429299,0.08384752522140099,0.00048000793321989477,0.8317086100578308,0.0008003784460015595,0.0014124373265076429,0.0029792150016874075,0.007765520713292062,0.036443356424570084,0.02205550540429299,0.0008003784460015595,0.0029792150016874075,0.036443356424570084,0.9999999999998307,03d5eca9d7189d0ab378ef42b7260bc27e013a86f40d58bb77986a101e44ca70,03d5eca9d7189d0ab378ef42b7260bc27e013a86f40d58bb77986a101e44ca70,03d5eca9d7189d0ab378ef42b7260bc27e013a86f40d58bb77986a101e44ca70,03d5eca9d7189d0ab378ef42b7260bc27e013a86f40d58bb77986a101e44ca70,213d329a9de8bb61606646a8ad95c9581d3e02ed799068b3982a60a708b94697,4b5d95965810e664215d893418ea4d1495ef00d723c6bc4078152ac16873266c,True
123,dp_fisher_wiener_adaptive_beta_alpha0p75_adam,dp_fisher_wiener_adaptive_beta,0.001,e26fe49698c962feabd173bb549a01a7bb961c05b301e53a307778215cd862ec,0,0,fc1,1.0,,,False,False,initial,1.0,,,0,0,0,45.48963165283203,0.0012824676232412457,0.058338979787927236,0.058338979787927236,0.003585194755807704,0.02835422638120063,4.8109100134752225e-06,0.9560893774032593,1.6378116561099888e-05,0.00014390569776878692,0.0005422421963885427,0.0014727845846209675,0.003421448078006506,0.003585194755807704,1.6378116561099888e-05,0.0005422421963885427,0.003421448078006506,0.999999999999922,286be4666eded8f1c1a23b2f65d9f02c76c6970bb6bae78eb8fffbb870fb8442,286be4666eded8f1c1a23b2f65d9f02c76c6970bb6bae78eb8fffbb870fb8442,286be4666eded8f1c1a23b2f65d9f02c76c6970bb6bae78eb8fffbb870fb8442,286be4666eded8f1c1a23b2f65d9f02c76c6970bb6bae78eb8fffbb870fb8442,90964ba373e69c7c356b0681a99b061f573cb1343dae3792766aa70925342830,991df530ac7ff22d816014f6ab84cf4a25163fa616aeb8d6f78d51c7f525aa45,True
123,dp_fisher_wiener_adaptive_beta_alpha0p75_adam,dp_fisher_wiener_adaptive_beta,0.001,e26fe49698c962feabd173bb549a01a7bb961c05b301e53a307778215cd862ec,0,0,fc2,1.0,,,False,False,initial,1.0,,,0,0,0,1.7096904516220093,0.00011373334564268589,0.00019444881507632572,0.00019444881507632572,0.004551988365793907,0.0446380594646296,5.740497272199718e-06,0.516076385974884,7.069127468639636e-06,5.533669718715828e-05,0.00027902767760679126,0.0006395657255779952,0.0015752283274196091,0.004551988365793907,7.069127468639636e-06,0.00027902767760679126,0.0015752283274196091,0.9999999999993794,a3e2894a927ceca3c268b44766ce8f9ca4c814f5068a2ae02268fa284eebe218,a3e2894a927ceca3c268b44766ce8f9ca4c814f5068a2ae02268fa284eebe218,a3e2894a927ceca3c268b44766ce8f9ca4c814f5068a2ae02268fa284eebe218,a3e2894a927ceca3c268b44766ce8f9ca4c814f5068a2ae02268fa284eebe218,a6397978f869951374447ade00b984ded9689ca84658e25b2af3a8f8a0ee3a3d,0adc1eae5a9a324d29beabcb8ebc55b94e0bb7df85271c53c96c241835cdd9d4,True
123,dp_fisher_wiener_adaptive_beta_alpha0p75_adam,dp_fisher_wiener_adaptive_beta,0.001,e26fe49698c962feabd173bb549a01a7bb961c05b301e53a307778215cd862ec,50,1,conv1,1.5280693576626274,0,1.5280693576626274,True,False,none,1.0,0.03839099284647792,0.025123854917948052,50,1,0,3.141551971435547,0.0001600009127287194,0.0005026511828143954,0.000768085870051553,0.1721976530039683,0.1643294528850259,0.036568425595760345,0.5051540732383728,0.05088777914643288,0.052508747205138206,0.08564256504178047,0.18169239535927773,0.47123354375362375,0.12779112410498783,0.033903542533516885,0.057770682498812675,0.36842401623725873,1.2950597735985467,32fcb1f87c692a30a9b99c92a003779aa7125fc599c01cce1d90e93c227f66f8,32fcb1f87c692a30a9b99c92a003779aa7125fc599c01cce1d90e93c227f66f8,6bae95a131aa1fbb446e53e9f85d3d2900248db56b895c03d896192508abb0a5,6bae95a131aa1fbb446e53e9f85d3d2900248db56b895c03d896192508abb0a5,c606aca2e6eb2a53f37b9c1c2a37dfe559060a97bdd8d12c27f4f44feebfdcf9,f6305186c34ef191c98116abc8b4ef177d949026961d9917caaf4e3ad86a949b,True
123,dp_fisher_wiener_adaptive_beta_alpha0p75_adam,dp_fisher_wiener_adaptive_beta,0.001,e26fe49698c962feabd173bb549a01a7bb961c05b301e53a307778215cd862ec,50,1,conv2,0.4070189247356476,0,0.4070189247356476,True,False,none,1.0,0.0897997085990206,0.22062784588540718,50,1,0,17.818252563476562,0.00032000892679207027,0.00570199988014819,0.002320821860060708,0.014304645925958853,0.06747586410772954,0.000235804429394193,0.7219164967536926,0.0003672324208309874,0.0006542207120219246,0.0013496152241714299,0.0036142897442914546,0.016365721449255945,0.025686574808549203,0.0009017665637657046,0.0033093467354774475,0.03927237503230572,0.7148578384928469,4b423a7e4d7d7764654275f236a3f59295b26d0bc44256bf8020fe3fbe9a01ab,4b423a7e4d7d7764654275f236a3f59295b26d0bc44256bf8020fe3fbe9a01ab,e9df6e6a69046b35c509c5842ffc89a72116e2e2872b44effe1d7e8bc3453c54,e9df6e6a69046b35c509c5842ffc89a72116e2e2872b44effe1d7e8bc3453c54,d89f2c4517a456112fdc8db1995caba9de56fc2d067f53337d76e15f17a9e74f,12d871dd5b3958b37f3cb4252499be61de42dba477454edacbb6408da8eea02d,True
123,dp_fisher_wiener_adaptive_beta_alpha0p75_adam,dp_fisher_wiener_adaptive_beta,0.001,e26fe49698c962feabd173bb549a01a7bb961c05b301e53a307778215cd862ec,50,1,fc1,0.16593246345540005,0,0.16593246345540005,True,False,none,1.0,0.48401653158427793,2.916948989396362,50,1,0,574.1749267578125,0.0012839263072237372,0.737198293412618,0.12232512888107253,0.004959142710330133,0.042729869764759586,4.396213171276031e-06,0.9794994592666626,1.9974924725829624e-05,5.645546661980916e-05,0.0001835475632105954,0.0005305144004523754,0.0015491463243961334,0.013983826724905142,0.00012036776024615392,0.0011051386827602983,0.00926386909559369,0.5349679483985189,176f98501190849fb5bc81983cab35c3719dc6ea14db178f0089377075a4d099,176f98501190849fb5bc81983cab35c3719dc6ea14db178f0089377075a4d099,8d634be60184dc7c0e1f857b48230b82e6541a05947c67571828c7229707c579,8d634be60184dc7c0e1f857b48230b82e6541a05947c67571828c7229707c579,28e4c481a0e7fc9fd44a74beb0abe181e8db50eb5c5985e9c0815e68937e198c,8849732ec586051bfe214f6879e1051117ce53cd7a07aa096503f3d318048cd5,True
123,dp_fisher_wiener_adaptive_beta_alpha0p75_adam,dp_fisher_wiener_adaptive_beta,0.001,e26fe49698c962feabd173bb549a01a7bb961c05b301e53a307778215cd862ec,50,1,fc2,13.003944003051668,0,13.003944003051668,True,False,none,1.0,0.12643007513561444,0.009722440753816286,50,1,0,81.84364318847656,0.0001140967506216839,0.009338093746845688,0.12143204817922827,0.10461766492104894,0.21279449635150932,7.402835763059556e-05,0.9985277652740479,8.6344571900554e-05,0.0014502981211990118,0.01983866933733225,0.06498330645263195,0.34904903173446855,0.02716386397470484,6.640404353674967e-06,0.0015540480962954462,0.03960619010031257,2.191198818218841,fd12e2cd3419331d93c43c09577eab4eb6996883bebf9469b81090cb92102597,fd12e2cd3419331d93c43c09577eab4eb6996883bebf9469b81090cb92102597,60f87b915913f80259c48c00b8befb97ba3c20295c649d3a7ca5c5f445be5ef4,60f87b915913f80259c48c00b8befb97ba3c20295c649d3a7ca5c5f445be5ef4,61fc3a1d09cbaa1c78d1cabb7167fb22618e76feececc7d99e04170c79fc4b80,9d63623b3e269824ac9c36d67c03e59991c83460f2d301ed26bd7a6165347a22,True
123,dp_fisher_wiener_adaptive_beta_alpha0p75_adam,dp_fisher_wiener_adaptive_beta,0.001,e26fe49698c962feabd173bb549a01a7bb961c05b301e53a307778215cd862ec,100,2,conv1,0.9093008066760777,1,0.9093008066760777,True,False,none,1.5280693576626274,0.022853056300490716,0.025132559140719768,50,2,0,3.141097068786621,0.0001600061368662864,0.0005025948074985631,0.0004570098638896514,0.11891371483216062,0.1252946808923219,0.02185729332268238,0.37912821769714355,0.030577995255589487,0.031622967682778835,0.052424242720007896,0.11615556105971336,0.3467629581689833,0.12760571836261078,0.033524858951568606,0.05735095590353012,0.3685904741287229,0.9391178723555503,a275394e4f9c53feab1c80dbfc037a488981a149c2c50c97fabf7563f37e464a,a275394e4f9c53feab1c80dbfc037a488981a149c2c50c97fabf7563f37e464a,7b27835b154296c4624214961287c041fbed820926069db48e7e2c4bd1a3deac,7b27835b154296c4624214961287c041fbed820926069db48e7e2c4bd1a3deac,b1fee0de79d589eb93f5c380690ff1d36fee035cd389fc501d1c2bb79eac6c12,ab57d816df91c7b27373d0e57d9f1561e99126fb512a7c48eaac015bc403b870,True
123,dp_fisher_wiener_adaptive_beta_alpha0p75_adam,dp_fisher_wiener_adaptive_beta,0.001,e26fe49698c962feabd173bb549a01a7bb961c05b301e53a307778215cd862ec,100,2,conv2,0.06640737050613352,1,0.06640737050613352,True,False,none,0.4070189247356476,0.018932740933346487,0.2850999940074095,50,2,0,23.671751022338867,0.00032002426451072097,0.007575534710604903,0.0005030713403092147,0.00468830158512807,0.03130000296875696,4.4418156903702766e-05,0.36613836884498596,6.429382701753639e-05,0.00011096301204815973,0.00023592649085912853,0.0006492975808214396,0.003117878478951752,0.02936829168197462,0.0009672987391240895,0.003540970617905259,0.044979218393564224,0.2955832383994016,974d28986e97d485b46d46fa1162bfbc2e76d30d87460becbd0c331ee4861ff2,974d28986e97d485b46d46fa1162bfbc2e76d30d87460becbd0c331ee4861ff2,1ae092612f1b9721cd4d4305b5d8da88b46d3d89b1a59a246677724c33c7dc48,1ae092612f1b9721cd4d4305b5d8da88b46d3d89b1a59a246677724c33c7dc48,0826c500c16168e3e33244d3501bac434c12e3b6cd9abe7daedeadaa50474bfd,23e1270547be729ad32eaf5cbfd8e81211d1094f4125190b1e79798d2b8a4442,True
123,dp_fisher_wiener_adaptive_beta_alpha0p75_adam,dp_fisher_wiener_adaptive_beta,0.001,e26fe49698c962feabd173bb549a01a7bb961c05b301e53a307778215cd862ec,100,2,fc1,0.008296944221134396,1,0.008296944221134396,True,False,none,0.16593246345540005,0.305824656017998,36.8599146706309,50,2,0,1965.1556396484375,0.001286692451685667,2.5285509279231633,0.020979246009276104,0.0017368265134726686,0.025269105634755144,5.276179422253335e-07,0.8944449424743652,1.9092865386483027e-06,4.902152795693837e-06,1.3697884241992142e-05,4.373698993731523e-05,0.0001529301720438525,0.022963603118114805,0.000230066740186885,0.001648256671614945,0.01810123398900032,0.2254259720034053,ed128e13b1396f8e3dd52b5bbee3b8e29e26e5b1acb2a5b0c8302723c502019e,ed128e13b1396f8e3dd52b5bbee3b8e29e26e5b1acb2a5b0c8302723c502019e,33c9d985bd5dc1e4cb678c3004c3e19a0dc7ba89d6db5e585e564ab7aafe918e,33c9d985bd5dc1e4cb678c3004c3e19a0dc7ba89d6db5e585e564ab7aafe918e,dfa2a5d803a6cf05af1a871086fb9cd1124e6094c98e552b8a7dbd3dc5131d67,08191e1a801211a1025ad01e3a8b236c773a56ffd48aff837c55d13a06c6f1bb,True
123,dp_fisher_wiener_adaptive_beta_alpha0p75_adam,dp_fisher_wiener_adaptive_beta,0.001,e26fe49698c962feabd173bb549a01a7bb961c05b301e53a307778215cd862ec,100,2,fc2,0.28535650494391435,1,0.28535650494391435,True,False,none,13.003944003051668,0.13323428972192536,0.4669046873422844,50,2,0,527.3894653320312,0.00011669276864267886,0.061542536862576824,0.017561563224486935,0.04057391074950374,0.13478053424627304,1.6388040648962487e-06,0.990460216999054,1.9403836404308095e-06,0.00011228264338569716,0.0014963189023546875,0.006849310593679547,0.06520559638738684,0.07331630550650291,6.7998254507983805e-06,0.005224105902016163,0.19642180800438058,0.6906397595236449,b51b66ccd7f1f64953546b1bfe2d6a7f1c90709047f3254c24aa8d063500cddf,b51b66ccd7f1f64953546b1bfe2d6a7f1c90709047f3254c24aa8d063500cddf,c65b8d972a059f6c272deac732ef95169b6b0f608abba87ae10ba8135441b8c2,c65b8d972a059f6c272deac732ef95169b6b0f608abba87ae10ba8135441b8c2,f73dc9fccaa3c1a31a1f7e5aecbc97ee8195edde73ea42aca3a8eef1a99a0141,1a12ad5ee6066684de96199c778c4c1bd3414151cd2ad7ee02f49ee44b85cd38,True
123,dp_fisher_wiener_adaptive_beta_alpha0p75_adam,dp_fisher_wiener_adaptive_beta,0.001,e26fe49698c962feabd173bb549a01a7bb961c05b301e53a307778215cd862ec,150,3,conv1,0.23912788445864971,2,0.23912788445864971,True,False,none,0.9093008066760777,0.0060092216528516845,0.025129740374928156,50,3,0,3.141425609588623,0.00016000964387785643,0.0005026583930590536,0.00012019963813759591,0.0389710953226313,0.04635710795271531,0.005870309192687273,0.13830886781215668,0.008281405130401254,0.008563582319766283,0.01437353529036045,0.033414158038794994,0.12256322503089895,0.12765158767579124,0.033734581433236606,0.05745661072432995,0.36860964000225044,0.32929009922056957,ce1c998630f3abda3e28aa53229ebd807244d3797899c5be186060f4841a3eda,ce1c998630f3abda3e28aa53229ebd807244d3797899c5be186060f4841a3eda,504e32882dd9acc4558da2d86734b61b86aa28ff504b61780b8176e8823bf93a,504e32882dd9acc4558da2d86734b61b86aa28ff504b61780b8176e8823bf93a,92b30d82528eeb26322147d26f58e2c966ffd571dc3c87b44ca1cfa9cfd509fe,510ff1f46b2eec9668c9866f33be4f1f7dbb6c1d1d5bf8f982e955a8481c062b,True
123,dp_fisher_wiener_adaptive_beta_alpha0p75_adam,dp_fisher_wiener_adaptive_beta,0.001,e26fe49698c962feabd173bb549a01a7bb961c05b301e53a307778215cd862ec,150,3,conv2,0.06640737050613352,2,-0.031036131505999758,False,True,negative,0.06640737050613352,-0.01175576457532998,0.37877673553024516,50,2,1,26.598312377929688,0.0003200321807526052,0.00851231591464785,0.0005652805168092766,0.005104751481744173,0.03393034807882078,4.809957681572996e-05,0.39629635214805603,6.724208578816615e-05,0.0001123330421251012,0.00024375184148084372,0.0006764996651327237,0.003288196725770831,0.03089871833155861,0.0010116134071722627,0.003658018773421645,0.047327712550759314,0.3078466868285391,0b37a045e8a9faa7d8c7f95cc2b10d0b014e527ce1320cd0adbb45ad835d1d9a,0b37a045e8a9faa7d8c7f95cc2b10d0b014e527ce1320cd0adbb45ad835d1d9a,f5602548a4d9b409c5b2fd11885926901a8ec787ba9d3cbea6a21f730afba95a,f5602548a4d9b409c5b2fd11885926901a8ec787ba9d3cbea6a21f730afba95a,bccd48772d404b3e4c1eeb1584f0aa1a25a6e8104c3126d361a2817232d6e570,f62a6a33f0fd58c22197aeaf6b43737be23646ca142f5364a068a10305ea8f57,True
123,dp_fisher_wiener_adaptive_beta_alpha0p75_adam,dp_fisher_wiener_adaptive_beta,0.001,e26fe49698c962feabd173bb549a01a7bb961c05b301e53a307778215cd862ec,150,3,fc1,0.0013482767706118543,2,0.0013482767706118543,True,False,none,0.008296944221134396,0.17045932397139252,126.42754639615816,50,3,0,2737.0205078125,0.0012877399567514658,3.5245706703583437,0.0047520967612240065,0.0007055708433222575,0.015976800392258347,6.95637609737787e-08,0.6580129265785217,3.2036307970884084e-07,8.786721252818097e-07,2.612296157167293e-06,8.187324965547305e-06,3.1506877712672575e-05,0.026090684040163445,0.0002375529322307557,0.0019337658304721117,0.02283535525202751,0.1319111579168551,0fe9d39e70a4749d8b7a94f52e8a67309a9200862f0accd5572040aefef349e5,0fe9d39e70a4749d8b7a94f52e8a67309a9200862f0accd5572040aefef349e5,9f647e65a323b0dd36ebcc21841530c2a3c299f803fd26d6ee9bc6befcd82429,9f647e65a323b0dd36ebcc21841530c2a3c299f803fd26d6ee9bc6befcd82429,b3f65fee3bda7b05bddcee54cf0ba06276cf0ed0db2e61b47dcc40ff637609c0,6a1d780f76ef36ffcddf588e8fe4bda86b52ca742f3ff983acc7cea06213cef4,True
123,dp_fisher_wiener_adaptive_beta_alpha0p75_adam,dp_fisher_wiener_adaptive_beta,0.001,e26fe49698c962feabd173bb549a01a7bb961c05b301e53a307778215cd862ec,150,3,fc2,0.029750499596040737,2,0.029750499596040737,True,False,none,0.28535650494391435,0.0915460609034707,3.077126843128841,50,3,0,800.0331420898438,0.00011798780178651214,0.09439415179153698,0.002808273174742729,0.016702172131844904,0.08848620990259677,0.0,0.9438545107841492,2.0143678369777263e-07,7.620748874614947e-05,0.0002505909651517868,0.0013266442110762,0.012778435088694102,0.09424905403037735,6.770825712010264e-06,0.00835480447858572,0.30317449271678937,0.3794283480680132,93aa1ca71aa22cd70722ea1380f1af8a75479920c6866c1193d476322d341267,93aa1ca71aa22cd70722ea1380f1af8a75479920c6866c1193d476322d341267,7a6239d063816d3fbe9d54ab69b6c1d1545ff3810d6eb6446b29c7f38f9a639a,7a6239d063816d3fbe9d54ab69b6c1d1545ff3810d6eb6446b29c7f38f9a639a,9da03606fc67764056b9e438dc2a0c0fc97bd46a8d53689e1d01f64ee5704fd4,4fc0f3cf9587eea3e250d974be243875601aef03a3ce9751810a274b31a3a9d6,True
123,dp_fisher_wiener_adaptive_beta_alpha0p75_adam,dp_fisher_wiener_adaptive_beta,0.001,e26fe49698c962feabd173bb549a01a7bb961c05b301e53a307778215cd862ec,200,4,conv1,0.023500687043919843,3,0.023500687043919843,True,False,none,0.23912788445864971,0.0005906408792640235,0.02513291965295268,50,4,0,3.141357660293579,0.00016001187032088637,0.0005026545145704192,1.1812726438132868e-05,0.00419560490299773,0.0052172793595312884,0.0005793250165879726,0.015512893907725811,0.0008179872354958207,0.0008467712323181331,0.0014321625931188464,0.003393501276150346,0.013544587697833763,0.12768103065900505,0.033652603998780256,0.057489268481731415,0.36860221326351145,0.036406259109010485,473c4759575c3d3edc3df92c54375b4af3b28d9a2bc65717b4e93017c56607b2,473c4759575c3d3edc3df92c54375b4af3b28d9a2bc65717b4e93017c56607b2,2f554da2adbe25a1fd2e979efbb1b19aa723b109e720db9522e771e26dec6b95,2f554da2adbe25a1fd2e979efbb1b19aa723b109e720db9522e771e26dec6b95,705f79cdcb9c9b1546053d00521e0733eda1270a36561b56fe8deb1b4ce0b2b9,e45bf06aaafd969c8fb2b4fa162190f0e2b69c52d00ed69cb3f7343e97b63bf7,True
123,dp_fisher_wiener_adaptive_beta_alpha0p75_adam,dp_fisher_wiener_adaptive_beta,0.001,e26fe49698c962feabd173bb549a01a7bb961c05b301e53a307778215cd862ec,200,4,conv2,0.02703941916361622,3,0.02703941916361622,True,False,none,0.06640737050613352,0.01150840390346422,0.4256157957323925,50,3,1,28.09600830078125,0.00032003779779188335,0.008991784623324506,0.00024313263345903028,0.002559194056423088,0.018666072849079028,2.033957753155846e-05,0.2209634780883789,2.8381488664308564e-05,4.594400161295198e-05,0.00010193897469434887,0.0002836866115103476,0.0013946095132268965,0.031720019391876374,0.0010485629667527975,0.0037562352372333407,0.049112333729863164,0.1660461780707962,3df96e5b71ba6926d870be2ccef01cf119e7466953fb0d30bd1f3abd8203230d,3df96e5b71ba6926d870be2ccef01cf119e7466953fb0d30bd1f3abd8203230d,7d78d3ca0372078057c55cefdc5bdb35965e02414cc336312c20bf783b10856b,7d78d3ca0372078057c55cefdc5bdb35965e02414cc336312c20bf783b10856b,5804b5140555b87011e2cd80bf67d6c3395b5701d526f01ceb4adafd78af816a,bdf4626db8ac0dbbead8a03a16c87bbe1ce85065678253e74f6659687e3ed294,True
123,dp_fisher_wiener_adaptive_beta_alpha0p75_adam,dp_fisher_wiener_adaptive_beta,0.001,e26fe49698c962feabd173bb549a01a7bb961c05b301e53a307778215cd862ec,200,4,fc1,0.0012284651424138687,3,0.0012284651424138687,True,False,none,0.0013482767706118543,0.21649061052547536,176.22853351791719,50,4,0,3258.319091796875,0.0012882002629339695,4.197367510775507,0.005156319676888179,0.0007462111012655655,0.016495914817521856,5.455523321984401e-08,0.6775533556938171,3.18146001632158e-07,8.859377942371793e-07,2.602817630759091e-06,8.33246258480358e-06,3.303543126094155e-05,0.027942854907626276,0.000258911494165659,0.0021142817568033934,0.02618825118988752,0.13130279654076485,e82d6b709de9b86d010fcd664f3d002fda8fd5df6455e08aebd732355e16899e,e82d6b709de9b86d010fcd664f3d002fda8fd5df6455e08aebd732355e16899e,75d97467051b5b069879ce052f5393839074699d6a74eddc9c4df1d7d6455b12,75d97467051b5b069879ce052f5393839074699d6a74eddc9c4df1d7d6455b12,7180577ecc57493a2d994644d46a411b8200819eaed194896a0d735962e132e3,df22088cbb38d9e70a952887cc51fceeed66bcf20efd32a010ffcb484b3ad6cd,True
123,dp_fisher_wiener_adaptive_beta_alpha0p75_adam,dp_fisher_wiener_adaptive_beta,0.001,e26fe49698c962feabd173bb549a01a7bb961c05b301e53a307778215cd862ec,200,4,fc2,0.02473862477885928,3,0.02473862477885928,True,False,none,0.029750499596040737,0.11675907512447604,4.719707589576849,50,4,0,1116.689697265625,0.00011892469774466008,0.13280198472189042,0.00328533846992265,0.017452902030034398,0.08979127383228608,0.0,0.9540984034538269,1.6633354817940927e-07,6.678841418761294e-05,0.00029815113521181047,0.001570708554936573,0.013535068929195409,0.10661849959124647,6.723594060531468e-06,0.011912036687135696,0.3567600548267365,0.36127598720001997,9f2ec608d24aa30bffaa27b2fba1763ef5751bf4c776843b08fb10334c44d24e,9f2ec608d24aa30bffaa27b2fba1763ef5751bf4c776843b08fb10334c44d24e,d0f5ad220e8830c550b01364e656ca747a6806b04e400d08210cf887d256ad55,d0f5ad220e8830c550b01364e656ca747a6806b04e400d08210cf887d256ad55,7069825284b062245a2f854ac8e65cbc924f8bf8fa395ee05a8ae5cfde706c1e,ba17d8ff1d1c710a8d2035e6e7d5b54de3c39d4a8b9a4a487ee9cb0e42b0b8f0,True
123,dp_fisher_wiener_adaptive_beta_alpha0p75_adam,dp_fisher_wiener_adaptive_beta,0.001,e26fe49698c962feabd173bb549a01a7bb961c05b301e53a307778215cd862ec,250,5,conv1,0.023500687043919843,4,-0.06732515938768693,False,True,negative,0.023500687043919843,-0.0016920647655196937,0.02513272572852096,50,4,1,3.1420891284942627,0.00016001427138689905,0.0005027791025287061,1.181565434075001e-05,0.00419661251398793,0.0052206357312945826,0.0005796118057332933,0.015528843738138676,0.0008193634275812657,0.000847906296257861,0.001430890872143209,0.003394136670976877,0.013547319173812853,0.1276876270887442,0.03370728548616171,0.05744033679366112,0.36864764392375926,0.0364154057947455,91c3f5d8ae96e7ed53ae66e2b5ac27391d757aadfb91e35a65d2a46b5e995a5d,91c3f5d8ae96e7ed53ae66e2b5ac27391d757aadfb91e35a65d2a46b5e995a5d,3220979abfe0d1e2845399a4ba6dcd09651ad851b83878afd710e5942bbf61ce,3220979abfe0d1e2845399a4ba6dcd09651ad851b83878afd710e5942bbf61ce,23a899923db4d694d0c5a31a7cfa789fa11d5de6c22263f2f90fc52e07d7268e,2105ed6d81dfb9b5b87f4fc35216fcb01d096f251c9d44581ececa896f603503,True
123,dp_fisher_wiener_adaptive_beta_alpha0p75_adam,dp_fisher_wiener_adaptive_beta,0.001,e26fe49698c962feabd173bb549a01a7bb961c05b301e53a307778215cd862ec,250,5,conv2,0.02703941916361622,4,-0.019330175414712124,False,True,negative,0.02703941916361622,-0.008690638703008693,0.4495892311662253,50,3,2,28.849159240722656,0.00032004364766180515,0.009232990155377152,0.00024965469094478487,0.002616267811268652,0.01909125979490223,2.0383336959639564e-05,0.22598187625408173,2.8728085089824164e-05,4.687534965341911e-05,0.00010298438792233355,0.0002840557644958608,0.0014003340038470924,0.032065308382541464,0.0010613548569381238,0.0037946143420413136,0.04930425360798836,0.168311161866897,f8e579aeebda19702ded3a4c3b30465e8ff3eab3b2866fa2c6f87e1402a9c279,f8e579aeebda19702ded3a4c3b30465e8ff3eab3b2866fa2c6f87e1402a9c279,b9a76060f649d70b6e7ce015bc14814e078f8ee7334171f32da8dab4a8ee7449,b9a76060f649d70b6e7ce015bc14814e078f8ee7334171f32da8dab4a8ee7449,6178082f7e89b049faf67c7363879a39c65be2a44f5d6c1c1ca636ce526f2df6,a60545dc2dcf7b1f5f5f1e0642676fe0d70f4963a2fadb7f23a59547e49900be,True
123,dp_fisher_wiener_adaptive_beta_alpha0p75_adam,dp_fisher_wiener_adaptive_beta,0.001,e26fe49698c962feabd173bb549a01a7bb961c05b301e53a307778215cd862ec,250,5,fc1,0.0006169042731175537,4,0.0006169042731175537,True,False,none,0.0012284651424138687,0.12946869766211,209.86837553877535,50,5,0,3632.650390625,0.0012885651085525751,4.6809065449292575,0.002887671249630783,0.0005116148713312213,0.012673118544375774,1.3794040576442512e-08,0.5369449853897095,1.7022573075564651e-07,4.649186990945964e-07,1.4223359130483004e-06,4.536517167252896e-06,1.773851345205912e-05,0.029079949176980445,0.0002758593182079494,0.002300302032381296,0.02795087248086929,0.09872235491690472,896e32cb7537f04acf79f3518c3ea10f20a11bb7aecda6009a7e29817c56f8f4,896e32cb7537f04acf79f3518c3ea10f20a11bb7aecda6009a7e29817c56f8f4,175d96e9ca672fc2ba7bff38b8264034299fc455733b05dfc4d4172e4709e35a,175d96e9ca672fc2ba7bff38b8264034299fc455733b05dfc4d4172e4709e35a,f81bad8fe2365bcf2dc4b5683158c4111a5bc18f9b75430540ede3540959b8fc,69740d087dea79867d763972585b0951ed893bebf805c10ce0ef1282a710a6ce,True
123,dp_fisher_wiener_adaptive_beta_alpha0p75_adam,dp_fisher_wiener_adaptive_beta,0.001,e26fe49698c962feabd173bb549a01a7bb961c05b301e53a307778215cd862ec,250,5,fc2,0.013246122744350136,4,0.013246122744350136,True,False,none,0.02473862477885928,0.0879555695159736,6.640099236094521,50,5,0,1388.0694580078125,0.00011947813618462533,0.1658439517375765,0.002196789341124018,0.014120563002175091,0.08406491967092827,7.604795371207729e-08,0.9322683811187744,1.0146931472831966e-07,6.188631959958002e-05,0.00022076354071032256,0.0010360138257965446,0.009089258592575793,0.11656307423437079,7.660245228180428e-06,0.016396624967455864,0.4091497898101808,0.3213386550939997,728aabe19ab2afc58560949bbfe1c807d082d620b661d7e7e328dfb87cfb715c,728aabe19ab2afc58560949bbfe1c807d082d620b661d7e7e328dfb87cfb715c,5e4ce63e4af3a55a52b6bc450ea4211adf008f058c90d6b8f8df791071eed144,5e4ce63e4af3a55a52b6bc450ea4211adf008f058c90d6b8f8df791071eed144,7d7432bb7cafd9bc1477b9951ee2f8a07fc4fe620441d81561a9ec2c81c4818a,de79b10981a28cb1db6dc51e3540d874009543c0f86c086b666fb74231a178bd,True
123,dp_fisher_wiener_adaptive_beta_alpha0p75_adam,dp_fisher_wiener_adaptive_beta,0.001,e26fe49698c962feabd173bb549a01a7bb961c05b301e53a307778215cd862ec,300,6,conv1,0.08442638423089316,5,0.08442638423089316,True,False,none,0.023500687043919843,0.0021223910846676084,0.025138955126435304,50,5,1,3.140580177307129,0.00016001577023416758,0.0005025423560539588,4.242783404450984e-05,0.014665019648964517,0.01803919254562092,0.0020745708607137203,0.05371561273932457,0.002925622719340027,0.003028234059456736,0.00510710827074945,0.012031648308038712,0.0470247987657785,0.12756575755774976,0.0335778545588255,0.05729003995656967,0.36870057880878426,0.1263843008030445,48d5fc8f6320093e8cb11df5621f4af051072529162c3445fba434d914cab0af,48d5fc8f6320093e8cb11df5621f4af051072529162c3445fba434d914cab0af,3367bf4c818370fa64375623ea05f61063b26360c2f08dc231e12a3cc6581425,3367bf4c818370fa64375623ea05f61063b26360c2f08dc231e12a3cc6581425,2a4e96b32a6503dc7394f7582188583042a07345dfc97cdc0db4cb29c4f2114c,41d0aa88cf1f2710fa96372f792452c0cd2760ef50bde479f6e95d1d570994cd,True
123,dp_fisher_wiener_adaptive_beta_alpha0p75_adam,dp_fisher_wiener_adaptive_beta,0.001,e26fe49698c962feabd173bb549a01a7bb961c05b301e53a307778215cd862ec,300,6,conv2,0.02703941916361622,5,-0.01544725598404885,False,True,negative,0.02703941916361622,-0.007131218121415692,0.4616495077688576,50,3,3,29.702302932739258,0.0003200487408321351,0.009506184653437832,0.00025704171149104133,0.002681911053234828,0.019541276745178877,2.076156306429766e-05,0.23120608925819397,2.903001841332298e-05,4.639348389900988e-05,0.0001042246658471413,0.00028686215955531225,0.001427942735608667,0.03250787793360108,0.0010724981199018656,0.003840143675915897,0.05022882223129273,0.17042849111161287,8a428e1f618d16857fa01ef09a3515e75079505db1a80ed30310785ea69ef38e,8a428e1f618d16857fa01ef09a3515e75079505db1a80ed30310785ea69ef38e,d0967f89b6d27b07524424a2018573e101fb608f6948d20f3e9080715f884278,d0967f89b6d27b07524424a2018573e101fb608f6948d20f3e9080715f884278,2ed8babf3311340d8503d60ffda3e3d875c205c9f2d84c06ebf502f226c05274,b75ce5dfd1e7b96d34d03b9737354e943a01312103d03d61e25ac28aca39858f,True
123,dp_fisher_wiener_adaptive_beta_alpha0p75_adam,dp_fisher_wiener_adaptive_beta,0.001,e26fe49698c962feabd173bb549a01a7bb961c05b301e53a307778215cd862ec,300,6,fc1,0.0005741232216334825,5,0.0005741232216334825,True,False,none,0.0006169042731175537,0.13437085728700193,234.04532724646288,50,6,0,3960.839599609375,0.0012889241334050894,5.105221748483075,0.002931026357392423,0.0005202109538194004,0.012731700042132438,3.410998417052724e-08,0.541743278503418,1.6328165770573832e-07,4.5775760071364857e-07,1.400402311446669e-06,4.519223466559197e-06,1.7957094314624552e-05,0.03030054834234507,0.00028432094550225886,0.00243326963391155,0.030329342558979983,0.0971962662621347,a66252b9f7d6907e2bf1e503f92002ff1ac3b2dae6ca698c9c3509c02efff478,a66252b9f7d6907e2bf1e503f92002ff1ac3b2dae6ca698c9c3509c02efff478,b6e43625196f6be2f939f6bac44b40e046101bcc1bb75225a10d66a0053cadb4,b6e43625196f6be2f939f6bac44b40e046101bcc1bb75225a10d66a0053cadb4,71e32174cfe105bdcb2a42c8192515a4e3adbe5e563365af77821e8d142b057d,fe3f599df1d0ca29103a67056fcd9c5067993f9c05a8ab951d24153c8b17f946,True
123,dp_fisher_wiener_adaptive_beta_alpha0p75_adam,dp_fisher_wiener_adaptive_beta,0.001,e26fe49698c962feabd173bb549a01a7bb961c05b301e53a307778215cd862ec,300,6,fc2,0.008344016774131168,5,0.008344016774131168,True,False,none,0.013246122744350136,0.06919023575932691,8.292197586878824,50,6,0,1544.55810546875,0.00011979824193986133,0.18503534560911916,0.0015439380275696483,0.012237675008473886,0.07999996897474324,4.789798424553737e-08,0.9076562523841858,6.425538927601337e-08,5.2370545745361596e-05,0.0001871192507678643,0.0008317105966852978,0.006610378716140987,0.1264289941617423,7.7007153777231e-06,0.021937651559710503,0.44367220103740695,0.2942837533155009,718c6800a8789e47e7cb96b43801fd0d9c719980f6fc6f82e86e1e3fda0e25a9,718c6800a8789e47e7cb96b43801fd0d9c719980f6fc6f82e86e1e3fda0e25a9,efc80ed28d0cc2d16db886687489787e06ab8df4657e31a36d31ffc4c9759417,efc80ed28d0cc2d16db886687489787e06ab8df4657e31a36d31ffc4c9759417,48272b2f1c86ce8140c3ff32b6498cac188d9baf9fdec3c01cc8a4ea57b5af68,fef75e13a8f14ee9c18e4112dcc7ac34d4ada25aeb7435e5fc0a40d6c15394de,True
123,dp_fisher_wiener_adaptive_beta_alpha0p75_adam,dp_fisher_wiener_adaptive_beta,0.001,e26fe49698c962feabd173bb549a01a7bb961c05b301e53a307778215cd862ec,350,7,conv1,0.04281407777387698,6,0.04281407777387698,True,False,none,0.08442638423089316,0.0010757943758380785,0.02512711780269794,50,6,1,3.140854835510254,0.00016001841868273914,0.0005025946240903856,2.1518125324538233e-05,0.007576455437811092,0.009379299413600889,0.001056898501701653,0.027896221727132797,0.0014904555166140201,0.001541995647130534,0.002606460708193481,0.006169054540805519,0.02440804764628408,0.12768243348691613,0.033679743856191637,0.05749804712831974,0.3686483323574064,0.06557347853664512,beff0daa1bc7ea4070ce39aa27f13904816494c68cc04badcb1e117af8ebcab4,beff0daa1bc7ea4070ce39aa27f13904816494c68cc04badcb1e117af8ebcab4,51eeed916fc4b3b395e5f60f39e33be361a136a7244e0a6afa8cb26cfc95d287,51eeed916fc4b3b395e5f60f39e33be361a136a7244e0a6afa8cb26cfc95d287,a79aa7ddceb1f6d61a6d1b23ffeeaf0836673d873802b32a9e72c77676078431,6afa03b84094d998cba9dd1e9c716a473493a21d60c3c533790e149dd9419a42,True
123,dp_fisher_wiener_adaptive_beta_alpha0p75_adam,dp_fisher_wiener_adaptive_beta,0.001,e26fe49698c962feabd173bb549a01a7bb961c05b301e53a307778215cd862ec,350,7,conv2,0.00031291009605172914,6,0.00031291009605172914,True,False,none,0.02703941916361622,0.0001487290576496353,0.4753092326718916,50,4,3,30.369281768798828,0.000320055871270597,0.009719866936375166,3.0414444966711794e-06,3.75634692407886e-05,0.0002972167140383364,2.485476215952076e-07,0.0035479464568197727,3.3547024145264006e-07,5.383965344663011e-07,1.217815395193611e-06,3.3497708500362933e-06,1.6671581579430495e-05,0.03287119802403924,0.0010709500638768077,0.0038768184604123235,0.05058486834168434,0.0025678415755552445,e5030a7d64e9ee152ff619810f89cf6607e0b286f7177ac422645dc82e146696,e5030a7d64e9ee152ff619810f89cf6607e0b286f7177ac422645dc82e146696,516dbe2d7947e26d0b5e0f931fc4e8c28c662df9723819cdae12271741e70028,516dbe2d7947e26d0b5e0f931fc4e8c28c662df9723819cdae12271741e70028,d01565a62e41a21020a68505eede9407e6d19f004b77f41cd51c3d272104e03b,419dd4c7051fc70dc4c64afc58e520fd2a31d1ff9a5c00c7a62ac0cbe8634b3d,True
123,dp_fisher_wiener_adaptive_beta_alpha0p75_adam,dp_fisher_wiener_adaptive_beta,0.001,e26fe49698c962feabd173bb549a01a7bb961c05b301e53a307778215cd862ec,350,7,fc1,0.000619850114927878,6,0.000619850114927878,True,False,none,0.0005741232216334825,0.1582236143764768,255.26108742415374,50,7,0,4275.29150390625,0.0012894930550828576,5.512958702741855,0.0034172080854871843,0.0005787304515871197,0.013734688767715183,5.62980666529711e-08,0.5833272337913513,1.9025364537128552e-07,5.056866143604566e-07,1.5990077599781216e-06,5.150472929926764e-06,2.099321609421167e-05,0.031307810095467625,0.00030684081139042974,0.0025730349589139223,0.03275939784944057,0.10318887224863971,f2bb81d1571777af7cdde85e05de93ec483ab5c326370b3a764e756b5ffb9c1e,f2bb81d1571777af7cdde85e05de93ec483ab5c326370b3a764e756b5ffb9c1e,3f88c35ca7f233f28da912555a1d0e79d4016d4cc37cf7d3c70b90008f3ad001,3f88c35ca7f233f28da912555a1d0e79d4016d4cc37cf7d3c70b90008f3ad001,69761fdc5b753703590db502cf54388accaa3578053d821eb508b28791fd6290,5b6e4e6b078d9f5e2862a2706cc7d9b35bb68d199b59f66775649e3bddb9bcfb,True
123,dp_fisher_wiener_adaptive_beta_alpha0p75_adam,dp_fisher_wiener_adaptive_beta,0.001,e26fe49698c962feabd173bb549a01a7bb961c05b301e53a307778215cd862ec,350,7,fc2,0.007525620673714246,6,0.007525620673714246,True,False,none,0.008344016774131168,0.06962529111419238,9.251767280455958,50,7,0,1789.5633544921875,0.00012050602526869625,0.21565316681636837,0.0016229239305452089,0.012542223761679695,0.08058513505713422,4.3189320564351874e-08,0.9112861752510071,5.965943792318742e-08,5.6007768762356136e-05,0.0001901391806313768,0.0008742768259253353,0.008081046957522639,0.13566613189338264,7.927449360067843e-06,0.02464753296226263,0.5198195159435275,0.28502719216058503,9f95115998485192506a828e645dfe8fb17be262b8197e4cc1224304c1b50d9f,9f95115998485192506a828e645dfe8fb17be262b8197e4cc1224304c1b50d9f,e5c781029b7ff5a2470d65fefdf29c6b77c0ffd08935ab78777289d127a3ae6c,e5c781029b7ff5a2470d65fefdf29c6b77c0ffd08935ab78777289d127a3ae6c,9e5075825a8956100715a872b9a59a29a038dc14f4e3b9502714f4054bb5631f,7d5128cdbe6fb9d9862f09862028945c9335ff0547eb8ddd342ebe133f17c592,True
123,dp_fisher_wiener_adaptive_beta_alpha0p75_adam,dp_fisher_wiener_adaptive_beta,0.001,e26fe49698c962feabd173bb549a01a7bb961c05b301e53a307778215cd862ec,400,8,conv1,0.0732348425960279,7,0.0732348425960279,True,False,none,0.04281407777387698,0.00184037190924346,0.02512973120451928,50,7,1,3.141292095184326,0.00016002001939341426,0.0005026696219917748,3.681293064437247e-05,0.012787704315996962,0.015736298030608657,0.001803323975764215,0.046836968511343,0.0025461156968958677,0.0026350176194682717,0.004447346553206444,0.010495681781321764,0.04104432426393029,0.12767302870051936,0.0336715629324317,0.05746394582092762,0.36868667006492595,0.11025556412742635,ac2f8d26b373961ed8264d86456a39239159aef041d2bd99985ba894ba10b576,ac2f8d26b373961ed8264d86456a39239159aef041d2bd99985ba894ba10b576,54949a7c6b4b5e90f55800618ac3c8195708a2c8a6b02eedd5347a3e77750841,54949a7c6b4b5e90f55800618ac3c8195708a2c8a6b02eedd5347a3e77750841,d16e05cc53eff20455f1ef7ecf0c91c6ec1e9652ae1ba76d2614321eeab193e8,16431c066a5cda76c9048f6b3a35d57d6dd31e9fb32a80393e06fdd1214f379a,True
123,dp_fisher_wiener_adaptive_beta_alpha0p75_adam,dp_fisher_wiener_adaptive_beta,0.001,e26fe49698c962feabd173bb549a01a7bb961c05b301e53a307778215cd862ec,400,8,conv2,0.00031291009605172914,7,-0.013626970429146288,False,True,negative,0.00031291009605172914,-0.006622616965861056,0.4859933468187583,50,4,4,31.04967498779297,0.00032006087712943554,0.009937786211176913,3.1096336378809174e-06,3.840336804557742e-05,0.000304220334447504,2.4872565518307965e-07,0.0036319876089692116,3.414150995695309e-07,5.418890225428186e-07,1.2252880878804717e-06,3.410730528230488e-06,1.717763334454503e-05,0.03324121329524446,0.0010899076238274573,0.0039005146827548742,0.052040446922183035,0.002609935728895593,ff5fe229f729426efb2ab7a309b1b4ca81a5dd86762fb4d19857500d8121bf80,ff5fe229f729426efb2ab7a309b1b4ca81a5dd86762fb4d19857500d8121bf80,5c7f3385feaecc935f4b2d6f4a6d53abc4400ca08389c4e590d8885366f20f13,5c7f3385feaecc935f4b2d6f4a6d53abc4400ca08389c4e590d8885366f20f13,74eaee9161f1f1199ad90e184a3fe5a4f78a066652a633fb684341f8f8929cf3,aef13d430c5a7d6204210683e4cf6d8c7c6f5474f43ce6e220cf290e5d7a01cf,True
123,dp_fisher_wiener_adaptive_beta_alpha0p75_adam,dp_fisher_wiener_adaptive_beta,0.001,e26fe49698c962feabd173bb549a01a7bb961c05b301e53a307778215cd862ec,400,8,fc1,2.366163144278918e-05,7,2.366163144278918e-05,True,False,none,0.000619850114927878,0.006522279849179746,275.64793513709276,50,8,0,4509.25390625,0.0012897506821900606,5.815813301754133,0.00013761163088617714,3.8046708706227324e-05,0.001119580743508019,1.1081463524575952e-09,0.05273548141121864,7.20739268267323e-09,1.9995512801074256e-08,6.404144414773327e-08,2.076171625731149e-07,8.50379797157074e-07,0.032091114397895575,0.0003045098012080416,0.002699247095733881,0.03469240143895146,0.008316019874692791,9100506c80754fe770fceed615fac022bd400587b1fff7dfc3e25776c90a23bc,9100506c80754fe770fceed615fac022bd400587b1fff7dfc3e25776c90a23bc,356aebc1312e465f2ef056d5581fe61e8aea73c3ca35061377c38b9fa08a302f,356aebc1312e465f2ef056d5581fe61e8aea73c3ca35061377c38b9fa08a302f,ded9e5ec7087a40492fb654efb01a1519159cab42020d6f16b7449b07fe0ba4f,75222535ef91f65d43a1d81685828988cfc989c8f9711a0bb231af3a63808479,True
123,dp_fisher_wiener_adaptive_beta_alpha0p75_adam,dp_fisher_wiener_adaptive_beta,0.001,e26fe49698c962feabd173bb549a01a7bb961c05b301e53a307778215cd862ec,400,8,fc2,0.006692764164239478,7,0.006692764164239478,True,False,none,0.007525620673714246,0.07216578933866742,10.782658340818418,50,8,0,1963.52978515625,0.00012048565986333415,0.23657718182586152,0.001583355284600893,0.012445303312681387,0.08023596868241294,2.1525647042608398e-08,0.9112555980682373,4.6090732652714907e-08,5.991795114823617e-05,0.0002053376883850433,0.0009146867669187486,0.007762928493320945,0.14412669818363183,6.886603796374402e-06,0.02977320458739996,0.5389523088932039,0.276150817602324,9cdac3ef0f1c8920a1657bcdbfa7c5efefdd5c34d77474da0b5aee35ee151900,9cdac3ef0f1c8920a1657bcdbfa7c5efefdd5c34d77474da0b5aee35ee151900,ba33073ce610048d90a774cd4cb8ef280cfc31574542e869e21d032bc6605186,ba33073ce610048d90a774cd4cb8ef280cfc31574542e869e21d032bc6605186,eaeba416cebcf3cbbbe4b1984bbae7b31eff5c14f7df0db1a15ea8c7c06b7271,fece6fd42025a6d117210a994a3d8e46831b4a7b990c6a3bf66e1d242e1178b3,True
123,dp_fisher_wiener_adaptive_beta_alpha0p75_adam,dp_fisher_wiener_adaptive_beta,0.001,e26fe49698c962feabd173bb549a01a7bb961c05b301e53a307778215cd862ec,450,9,conv1,0.13270848118735215,8,0.13270848118735215,True,False,none,0.0732348425960279,0.003335426103677443,0.02513348109958874,50,8,1,3.140979528427124,0.00016002131451386958,0.0005026236730000626,6.670242425264664e-05,0.02258352247590665,0.027474400876597842,0.0032632832881063223,0.08186472952365875,0.004590158932842315,0.004759786417707801,0.008010704535990953,0.018821369856595993,0.07198486328124994,0.12761732949875296,0.033572083152830605,0.057335007935762405,0.3687281459569929,0.19335287127573378,2ad9a9de8b6c2819ad122d1cfc4f4635b5d37a0bd466e9cc297544f733ee567b,2ad9a9de8b6c2819ad122d1cfc4f4635b5d37a0bd466e9cc297544f733ee567b,17cdee136a568e0ea1d8b2aae54510b16082ca7a44110da9b76d2fe351b7ae90,17cdee136a568e0ea1d8b2aae54510b16082ca7a44110da9b76d2fe351b7ae90,afeb602d9306b4f5b0f41a07c6f974eadf2c09f05b687f7a1905b640ca41460d,97ccdace2ba2b302f7fc8ca0ef5780d9ed623c5cfba484ffb2b54e2a174f3b1a,True
123,dp_fisher_wiener_adaptive_beta_alpha0p75_adam,dp_fisher_wiener_adaptive_beta,0.001,e26fe49698c962feabd173bb549a01a7bb961c05b301e53a307778215cd862ec,450,9,conv2,0.00031291009605172914,8,-0.01573011162528844,False,True,negative,0.00031291009605172914,-0.007816124320503257,0.49688931055884566,50,4,5,31.726703643798828,0.0003200663486495614,0.010154650189957426,3.1774925663112876e-06,3.9239492562161666e-05,0.0003105299717614797,2.4831447831275e-07,0.003706974210217595,3.496634946031918e-07,5.566204634988026e-07,1.257345900285145e-06,3.493210442684358e-06,1.746292855386855e-05,0.033662486089351344,0.0011162098497152328,0.004002157133072615,0.05285908877849579,0.0026415811894433703,3393ab0c894d4134cd1dd46f0019c91a1269368ed7af29d43b70a0c9d460746d,3393ab0c894d4134cd1dd46f0019c91a1269368ed7af29d43b70a0c9d460746d,4d548aba1b909b204334290a0ab55227ffffd1752db887388769911fd7f232eb,4d548aba1b909b204334290a0ab55227ffffd1752db887388769911fd7f232eb,cf1ffe8dc57e62f458fb9c84ef178aa61b04cf79ad4b7812d95874ad72f7a32d,8170927b26e16b45ab2957141226075a6643bf1e2ec2805ab3b051f8782dadfe,True
123,dp_fisher_wiener_adaptive_beta_alpha0p75_adam,dp_fisher_wiener_adaptive_beta,0.001,e26fe49698c962feabd173bb549a01a7bb961c05b301e53a307778215cd862ec,450,9,fc1,0.0005079938840372132,8,0.0005079938840372132,True,False,none,2.366163144278918e-05,0.14771987939966857,290.79066508770666,50,9,0,4702.97119140625,0.00129000935703516,6.066876842780857,0.003081936331339673,0.000541507919957107,0.013027518647230724,5.087532173320142e-08,0.558618426322937,1.6118917756102746e-07,4.4508978902513263e-07,1.4206705145625165e-06,4.691283379543165e-06,1.95641488971887e-05,0.032839254560116174,0.000317204772727564,0.0027888340409845114,0.03708505332469938,0.09583968728352303,afef9587fd6a6c738f6210ec463b50fbb68fc86c3a80434419aacc4ed73c9198,afef9587fd6a6c738f6210ec463b50fbb68fc86c3a80434419aacc4ed73c9198,5005a464c88a5bdf967abc8addcc6047fe84521f284ff7ae001bbb082ef85fef,5005a464c88a5bdf967abc8addcc6047fe84521f284ff7ae001bbb082ef85fef,817093e4cc6f02a234ac27bdc751a10a148ba86137b76f42c95a3db8ab3b7708,cd1cc14802a05d78af4809d847c6623e612ada97b44eb029f4f2392aeafeb9af,True
123,dp_fisher_wiener_adaptive_beta_alpha0p75_adam,dp_fisher_wiener_adaptive_beta,0.001,e26fe49698c962feabd173bb549a01a7bb961c05b301e53a307778215cd862ec,450,9,fc2,0.005797944363957304,8,0.005797944363957304,True,False,none,0.006692764164239478,0.0685830669004078,11.828859091293076,50,9,0,2120.3046875,0.00012095378042431548,0.25645886760452186,0.0014869342460145098,0.012032920788571145,0.07935783007365808,2.4252251762391097e-08,0.9056867361068726,4.040683805328627e-08,5.6745268921076786e-05,0.00019937180331908166,0.0009089067316381261,0.007754338579252371,0.15016303986653978,6.969117293920135e-06,0.033249909058213234,0.574083083868027,0.2674941324813073,c5dbefd1966483afa938b8897481d9aeac468f31f43004442058034030e958bb,c5dbefd1966483afa938b8897481d9aeac468f31f43004442058034030e958bb,2b3c7c3a514d2de06b07f1a0cc364ee0b4c1548731c19498f66e9234efbd67b1,2b3c7c3a514d2de06b07f1a0cc364ee0b4c1548731c19498f66e9234efbd67b1,060c08f83be0f8ffe657cde31949da6cd88ac5b563aa5509d8d95e11b62f0e39,8f00ef731c681ba55d400a13426a6cfb17a456e19fa4bb1ad43d7718df86cf60,True
123,dp_fisher_wiener_adaptive_beta_alpha0p75_adam,dp_fisher_wiener_adaptive_beta,0.001,e26fe49698c962feabd173bb549a01a7bb961c05b301e53a307778215cd862ec,500,10,conv1,0.08817261174554002,9,0.08817261174554002,True,False,none,0.13270848118735215,0.0022158820986775893,0.02513118365000313,50,9,1,3.1417150497436523,0.00016002319171093404,0.0005027472697062552,4.432853981793993e-05,0.01529876784188673,0.018750798173221613,0.0021800396498292685,0.055820342153310776,0.003073173551820219,0.0031870807288214564,0.005358022637665272,0.012604381423443556,0.04900560155510898,0.12772457521641628,0.03377099167555571,0.057549186050891876,0.36869164407253247,0.13160012817539626,6d0e5ff2b100355d4e9beb08ee7fa70e0d2e42aa1e0f7e12f123ae18d2d2efc8,6d0e5ff2b100355d4e9beb08ee7fa70e0d2e42aa1e0f7e12f123ae18d2d2efc8,d0d550ddb1ec76c044c2584224164e17ccb391f1ac3f1a292fe4753f82ff11e8,d0d550ddb1ec76c044c2584224164e17ccb391f1ac3f1a292fe4753f82ff11e8,2116d27ad68f449b2654fe8a93881c5036db3c4fb38b5a49d5eaeafccea69b84,ff4fad02a83f6ba6b88e2e94ddcca2ccd099356241638bc8bab17b0eb35d28ee,True
123,dp_fisher_wiener_adaptive_beta_alpha0p75_adam,dp_fisher_wiener_adaptive_beta,0.001,e26fe49698c962feabd173bb549a01a7bb961c05b301e53a307778215cd862ec,500,10,conv2,0.00031291009605172914,9,-0.045153311824645534,False,True,negative,0.00031291009605172914,-0.022925804324867183,0.5077325094978713,50,4,6,32.70429992675781,0.0003200729261152446,0.010467760974107954,3.2754680918546615e-06,4.0446144485442875e-05,0.0003203267832997778,2.575458495357452e-07,0.003824383020401001,3.63115043455764e-07,5.55639743993197e-07,1.2732762684208865e-06,3.5840392342834093e-06,1.802075439627515e-05,0.034229590840926714,0.0011591006070375443,0.004052658332511783,0.05445566959679127,0.002697535950116418,09def661eb39dc140bad245578852f4f9dfb03032bce5121ef1efaf2f11fbaba,09def661eb39dc140bad245578852f4f9dfb03032bce5121ef1efaf2f11fbaba,3480401f5fc52995a1b0e4e9179047d2c1338b11bec98dc3a9affa4d3c050ba2,3480401f5fc52995a1b0e4e9179047d2c1338b11bec98dc3a9affa4d3c050ba2,e85f73587fe62599d2e7d851efcdf7c80fc79b4e69ea43a6378d85693d547c26,0992516db6df9a6b9e107485bc3844f0b93c5434f0f738f457518ee11e6398a4,True
123,dp_fisher_wiener_adaptive_beta_alpha0p75_adam,dp_fisher_wiener_adaptive_beta,0.001,e26fe49698c962feabd173bb549a01a7bb961c05b301e53a307778215cd862ec,500,10,fc1,0.0003019140249981411,9,0.0003019140249981411,True,False,none,0.0005079938840372132,0.09158376033859916,303.34384213904286,50,10,0,4984.3134765625,0.0012904091272503138,6.431803603232993,0.00194185171384962,0.0003897849337633845,0.010052895889024901,2.5280760596047003e-08,0.4434865117073059,1.0463271138405617e-07,2.845107331950203e-07,8.934056836551463e-07,2.9657830964424647e-06,1.2349017470114617e-05,0.03393154055458499,0.0003464445471763611,0.0029504114063456655,0.03929562680423255,0.07295827170450525,8794d8ee1f1f2787f224af93e1a8e985a46e6fba0c226f1f6e8d0266e19096f8,8794d8ee1f1f2787f224af93e1a8e985a46e6fba0c226f1f6e8d0266e19096f8,8596d142d6786cc6aacce7a6788e84d46819d2bfaae472ef2268b2f72ae1747c,8596d142d6786cc6aacce7a6788e84d46819d2bfaae472ef2268b2f72ae1747c,90dc6e2ff70f725ad64fe4ce8f551a8cd938affacac50784a99881adf10aed8d,d242ad793e475722830fe193b50523ccbfd2f39d2b4fadda4e9c5c6579e16bbe,True
123,dp_fisher_wiener_adaptive_beta_alpha0p75_adam,dp_fisher_wiener_adaptive_beta,0.001,e26fe49698c962feabd173bb549a01a7bb961c05b301e53a307778215cd862ec,500,10,fc2,0.006496738010775334,9,0.006496738010775334,True,False,none,0.005797944363957304,0.0833073036683348,12.822943380226093,50,10,0,2224.605712890625,0.00012127690570196137,0.2697932972662809,0.001752776369402256,0.013334895362337994,0.08163850691982708,0.0,0.9198148846626282,4.555628834168601e-08,7.568992987216916e-05,0.0002520032139727846,0.001070581958629191,0.010219445358961828,0.15597675624314625,7.012129754002672e-06,0.03734983317553997,0.6137878715991976,0.2704178211301593,4c8f97958542646055d3f39714ba7dcaeb837e19c844abf3fe09a39374b22483,4c8f97958542646055d3f39714ba7dcaeb837e19c844abf3fe09a39374b22483,aae3c6bb56a3e042e302bb07cb0573e4348edbd0d191922d24d5195a333db272,aae3c6bb56a3e042e302bb07cb0573e4348edbd0d191922d24d5195a333db272,8690a2796be01187a5e0d2d3c668a7ef69636adc6f33720e4327ddbb5aff7cd1,0df734ed8d0531414b9e0c90356afdcfcff0955de6b6b1727dbb77877ef5392c,True
123,dp_fisher_wiener_adaptive_beta_alpha0p75_adam,dp_fisher_wiener_adaptive_beta,0.001,e26fe49698c962feabd173bb549a01a7bb961c05b301e53a307778215cd862ec,550,11,conv1,0.08817261174554002,10,-0.0006539041180880097,False,True,negative,0.08817261174554002,-1.6437425500921178e-05,0.025137363485312758,50,9,2,3.14060115814209,0.0001600263058207929,0.0005025788013939825,4.431368552685048e-05,0.01529300112015335,0.018765875329324996,0.0021736749913543463,0.055874790996313095,0.0030665673548355703,0.003169724310282618,0.005344047909602523,0.012587340781465173,0.049015833437442737,0.12764214597409593,0.033700615726411344,0.057407839223742485,0.3687409847974775,0.13163918745720457,d75833005500ac1fd33f6d4d94f921ee11e98ed9b14b46a852e252d53f99d329,d75833005500ac1fd33f6d4d94f921ee11e98ed9b14b46a852e252d53f99d329,577bcc1e2a0b9b12ff67eb4c5a7796a6227543d390a9cbf6d8d65571ebd0d1db,577bcc1e2a0b9b12ff67eb4c5a7796a6227543d390a9cbf6d8d65571ebd0d1db,48e8bb7e341a56aa3578aa790f38c6efaebd643e6f9f822c1682b175eb31111b,87e636643e4b1c93ae5b9f76f17e9ec5b4aa1bf13dce1905cbdb02306c2a80c8,True
123,dp_fisher_wiener_adaptive_beta_alpha0p75_adam,dp_fisher_wiener_adaptive_beta,0.001,e26fe49698c962feabd173bb549a01a7bb961c05b301e53a307778215cd862ec,550,11,conv2,0.006635041116452544,10,0.006635041116452544,True,False,none,0.00031291009605172914,0.0034727012230201804,0.5233880487053977,50,5,6,33.28584289550781,0.00032008340349420905,0.010654245882167679,7.069135949297776e-05,0.0008299803459091836,0.006415979724863303,5.555552888836246e-06,0.07642651349306107,7.764877864246955e-06,1.2173368531875894e-05,2.7315321858623065e-05,7.589855158585124e-05,0.00038393146533053366,0.03460813593678879,0.0011689242906868457,0.004100060556083918,0.05471895970404148,0.053676077131414736,1fb13b3e732bdeb6fd35996fa5994d181a55a9dc3544445a0aba1f6a32dd52ca,1fb13b3e732bdeb6fd35996fa5994d181a55a9dc3544445a0aba1f6a32dd52ca,c8f434b6bb45f3f0a16b3c23626f87b41f22d265401d87fd033c342e91e715b7,c8f434b6bb45f3f0a16b3c23626f87b41f22d265401d87fd033c342e91e715b7,c3ca1464330e1b774ed4fdc3e0c2e64ff960f453104192a5567507f656748a3b,19e4357a0063635b3621150266a12cdfe598e4150b28401190404d8184d30b5b,True
123,dp_fisher_wiener_adaptive_beta_alpha0p75_adam,dp_fisher_wiener_adaptive_beta,0.001,e26fe49698c962feabd173bb549a01a7bb961c05b301e53a307778215cd862ec,550,11,fc1,0.0002444310066818476,10,0.0002444310066818476,True,False,none,0.0003019140249981411,0.07860661147590875,321.59018016164964,50,11,0,5186.427734375,0.0012910985387861729,6.696189269371644,0.0016367562840446965,0.00034334006818951044,0.009006349978976176,1.7117111283937447e-08,0.4080779552459717,9.244851710832336e-08,2.448547533617784e-07,7.643138246749004e-07,2.500890616374818e-06,1.0662381100701168e-05,0.03477397320877625,0.00037807631015311926,0.0031171656446531415,0.04179838299751282,0.06468481170527876,aa654eed5a8ac38d68a9a6696bc8cd5b6c85934590ebd74e83193899369f24cd,aa654eed5a8ac38d68a9a6696bc8cd5b6c85934590ebd74e83193899369f24cd,da1e8010b4b26601cdd2b935ae2d9c3a8df9b24e0a4c289710e77fe7cc7700a3,da1e8010b4b26601cdd2b935ae2d9c3a8df9b24e0a4c289710e77fe7cc7700a3,794d3f8ac5049fccad36ebac0843e8a44db262097a051f0127a4e3d6aea68b5c,2e4c8c69d347795045208f7e33a48dc98f9ed09cf152e104f6aed6a2a44f1ff3,True
123,dp_fisher_wiener_adaptive_beta_alpha0p75_adam,dp_fisher_wiener_adaptive_beta,0.001,e26fe49698c962feabd173bb549a01a7bb961c05b301e53a307778215cd862ec,550,11,fc2,0.005456618099887734,10,0.005456618099887734,True,False,none,0.006496738010775334,0.073607949454579,13.489664863314044,50,11,0,2458.180908203125,0.00012157151650171727,0.29884478084582256,0.0016306818402202986,0.01283885840365756,0.08059250882808133,0.0,0.9120944142341614,3.913014090528577e-08,6.89071421220433e-05,0.0002333573720534332,0.0010350462689530104,0.009362477343529468,0.16473944790945724,7.171082006607321e-06,0.0410211980342865,0.6339699089527132,0.259441606170549,4395ef0232dec2a2ee57e038ef8227d95fc29ddb0776f22b3433779fa9cc42de,4395ef0232dec2a2ee57e038ef8227d95fc29ddb0776f22b3433779fa9cc42de,1fe55514b3dc4efac53ee99a0cabe7afe97c5e31bc7c7a11bac5724c3d65bbba,1fe55514b3dc4efac53ee99a0cabe7afe97c5e31bc7c7a11bac5724c3d65bbba,18537a56b857478d6c52ebdddc491bd4795c7d1afaaac285bdd1953342450e9f,bb6aeb6b121197f768faeda30a3d03aa0cc0b27db47fb52ac4698a1ea7c50a10,True
123,dp_fisher_wiener_adaptive_beta_alpha0p75_adam,dp_fisher_wiener_adaptive_beta,0.001,e26fe49698c962feabd173bb549a01a7bb961c05b301e53a307778215cd862ec,600,12,conv1,0.07294162520466216,11,0.07294162520466216,True,False,none,0.08817261174554002,0.0018329457283544105,0.025128940069699124,50,10,2,3.1412057876586914,0.00016002781921997666,0.0005026803119201895,3.666631890984513e-05,0.012737520471273456,0.01570327485764999,0.0017905411077663302,0.04677298665046692,0.002526423474773765,0.0026166345924139023,0.004417035263031721,0.010431618895381689,0.04090745300054546,0.127599583810661,0.03354911617934704,0.05730972997844219,0.3688049644231794,0.10990388199686627,a27199248fbccbc71eaeb66764d55b501396ce1803b36435e83028c65209af5e,a27199248fbccbc71eaeb66764d55b501396ce1803b36435e83028c65209af5e,3baf9c8d79f5e1cd66e546a5316e2418f01c8250d8a617d8cece34aee0e4d535,3baf9c8d79f5e1cd66e546a5316e2418f01c8250d8a617d8cece34aee0e4d535,c1b88a53a96eed24a8cfc0945ec07b0541f325d26b44deebe09b59c1b7af2b3c,8915b1e94dd08206d1225b6013317523d2410aed354328c85218805da1b7d207,True
123,dp_fisher_wiener_adaptive_beta_alpha0p75_adam,dp_fisher_wiener_adaptive_beta,0.001,e26fe49698c962feabd173bb549a01a7bb961c05b301e53a307778215cd862ec,600,12,conv2,0.01631307579958987,11,0.01631307579958987,True,False,none,0.006635041116452544,0.00869017603316348,0.5327122941083839,50,6,6,33.757999420166016,0.00032008878770284355,0.010805557109674235,0.00017627187218691303,0.0019279763842942445,0.014442333119745385,1.3918015611125156e-05,0.1714259386062622,1.9274997066531795e-05,3.071714581892593e-05,6.700393714709207e-05,0.00018552896654000506,0.0009420116897672415,0.03473098004161047,0.0011801954708062113,0.00409084721468389,0.05464193858206272,0.12044917771667663,a93ab643f0039040fcf6b39ff89f6909533b26638a5e73403b5094596855b67a,a93ab643f0039040fcf6b39ff89f6909533b26638a5e73403b5094596855b67a,d7753032af9aa6b4ae47a1d32101642d8e9e233e5ef31defd48212cc6df19577,d7753032af9aa6b4ae47a1d32101642d8e9e233e5ef31defd48212cc6df19577,0b16e9e71bc7cb6cf58bae47b1db24eff913da1d58f0bdb3d2fba93586571c38,b02723da39974048cc5ec805805c9a023a2bf9e1c26a3181419099d058cc615c,True
123,dp_fisher_wiener_adaptive_beta_alpha0p75_adam,dp_fisher_wiener_adaptive_beta,0.001,e26fe49698c962feabd173bb549a01a7bb961c05b301e53a307778215cd862ec,600,12,fc1,0.0003746050460188336,11,0.0003746050460188336,True,False,none,0.0002444310066818476,0.12542131447018923,334.8094634685822,50,12,0,5356.41064453125,0.0012912667589262128,6.916555012441734,0.00259097640872753,0.0004823867684343598,0.011854052547527357,2.5818998494742118e-08,0.5210075378417969,1.4259348688483441e-07,3.8662382451093436e-07,1.2062603218510048e-06,3.984297222814348e-06,1.7138052498921752e-05,0.03537746744084331,0.0003805054002441466,0.003209753893315792,0.04374891147017479,0.08457216161112821,bc2d023b3f8407d1c3cbdfbc92efb383a97350ddc0cdf2eb53a852e425832491,bc2d023b3f8407d1c3cbdfbc92efb383a97350ddc0cdf2eb53a852e425832491,d05acc40d1a99cfd37c7d25b4c9efb0b171142ca56aecfe481c49e67177d1c9b,d05acc40d1a99cfd37c7d25b4c9efb0b171142ca56aecfe481c49e67177d1c9b,b5441e162f5241d3da4bda0cf39a365d95274e36a3fecb2e41b67ef240035c03,0a8f9323f0401cd48c706108e609237d37dc000767bbfeb7b63708ec29d800ad,True
123,dp_fisher_wiener_adaptive_beta_alpha0p75_adam,dp_fisher_wiener_adaptive_beta,0.001,e26fe49698c962feabd173bb549a01a7bb961c05b301e53a307778215cd862ec,600,12,fc2,0.0034155989144212403,11,0.0034155989144212403,True,False,none,0.005456618099887734,0.05103669545187225,14.942239042291128,50,12,0,2552.5966796875,0.00012149086251156405,0.31011717225938895,0.0010592358769125536,0.010678654922626337,0.07519649670858906,1.8626946651778553e-09,0.8702315092086792,2.4576603685488863e-08,5.466208494908642e-05,0.00017488509183749557,0.0007372231193585321,0.00635863151401282,0.17336970882957337,7.195348825916881e-06,0.04871603474020958,0.6519985854625704,0.23605961310515752,40b9559bd9265b80ab0e5dfe855ba02db8ab02d6fa2fb2812b995aebcf6a6c8f,40b9559bd9265b80ab0e5dfe855ba02db8ab02d6fa2fb2812b995aebcf6a6c8f,7305142bf3a4c1e7d96e318af2fd4d5ffd93dbc513230fd2ac02bed720317ed5,7305142bf3a4c1e7d96e318af2fd4d5ffd93dbc513230fd2ac02bed720317ed5,c1093bb4ea49454f3aad934de609caf571a99f9073302282675670b00c9a9380,d251cda1e1e7f948f7d11515f74034b040ac3f1598ca7fba0864f77be8bddff1,True
123,dp_fisher_wiener_adaptive_beta_alpha0p75_adam,dp_fisher_wiener_adaptive_beta,0.001,e26fe49698c962feabd173bb549a01a7bb961c05b301e53a307778215cd862ec,650,13,conv1,0.06083043839935444,12,0.06083043839935444,True,False,none,0.07294162520466216,0.001528913187441468,0.025134015596009474,50,11,2,3.141824722290039,0.00016002757183741778,0.0005027785814468444,3.0584241527217074e-05,0.010682054310746026,0.013187341288129668,0.001493886229582131,0.03926468640565872,0.0021155282622203233,0.0021900879801250994,0.003696662955917418,0.008729933062568307,0.034343641996383636,0.12767052354756744,0.033667565882205965,0.05746099911630154,0.3687700033187864,0.09225703782680407,12c10580b008f299433579a4e31364c7d68414b3e598c276c75298adee7ae67f,12c10580b008f299433579a4e31364c7d68414b3e598c276c75298adee7ae67f,fd39bba8023bd88762f06792511f3a45117b73c5fcbfb6cba62f7c95f7cb3c38,fd39bba8023bd88762f06792511f3a45117b73c5fcbfb6cba62f7c95f7cb3c38,877fdd8ad9cfd25033a5d32437280e473a428cbf0a8154412a96ec36000e38e8,9b290531647e15ed30927992b23fa3ab999fcecf925f8405c0828849d3e6ee1f,True
123,dp_fisher_wiener_adaptive_beta_alpha0p75_adam,dp_fisher_wiener_adaptive_beta,0.001,e26fe49698c962feabd173bb549a01a7bb961c05b301e53a307778215cd862ec,650,13,conv2,0.01631307579958987,12,-0.06231460203026435,False,True,negative,0.01631307579958987,-0.033667199550232174,0.5402778554837118,50,6,7,34.09779357910156,0.00032009196002036333,0.010914429579104379,0.0001780479170332155,0.001945307736403673,0.014562243902655031,1.3728470548812766e-05,0.17281943559646606,1.9128687563352285e-05,3.092365750489989e-05,6.646947076660581e-05,0.00018471791918273084,0.000948087777942419,0.0349146280345253,0.0011712474981322885,0.004058346152305603,0.054975318536162374,0.12099443044070285,6e9537b779d4853221004621eea14b7cd0af4097cfc3b3e5864a52a04a2e26a3,6e9537b779d4853221004621eea14b7cd0af4097cfc3b3e5864a52a04a2e26a3,016c35c8ccd777b1110d0db9a7d50efa4a3071a9f224577744b69838c7813588,016c35c8ccd777b1110d0db9a7d50efa4a3071a9f224577744b69838c7813588,bd77c46100724cbeca7a35b099485a90514545749de16e1dc8b9642f033cfe73,81e93c1d4a4fde498eb14a30d66999691ac56bb4d1bb819dc6deff1d8613cb88,True
123,dp_fisher_wiener_adaptive_beta_alpha0p75_adam,dp_fisher_wiener_adaptive_beta,0.001,e26fe49698c962feabd173bb549a01a7bb961c05b301e53a307778215cd862ec,650,13,fc1,0.000272477194683135,12,0.000272477194683135,True,False,none,0.0003746050460188336,0.09423017533308498,345.8277506220867,50,13,0,5423.76171875,0.0012911229860037565,7.002743425685367,0.0019080878837165153,0.0003863044863839239,0.009910698651391357,1.3325647252315775e-08,0.4469049870967865,1.077640149560466e-07,2.827219134360348e-07,8.87993508058571e-07,2.9771348977192247e-06,1.2717373465420678e-05,0.03575647904710212,0.0003953410923713818,0.0032483809627592564,0.044592466205358505,0.07040182124542466,9827e1666abdba30a8895eefa82133b02879b44ae04650e13a6adb1ab520d0d7,9827e1666abdba30a8895eefa82133b02879b44ae04650e13a6adb1ab520d0d7,726f60a4ccd9d064934a37764ffe5fdf2f7e5964d41979be95073c56beacd743,726f60a4ccd9d064934a37764ffe5fdf2f7e5964d41979be95073c56beacd743,16528b18537dc919d56766875c81c1fcede33505276c97ebd05a6907cda7f3e9,0adbd155346f24dd1dd59c119de3912cba636353073752482557d15640ff5a99,True
123,dp_fisher_wiener_adaptive_beta_alpha0p75_adam,dp_fisher_wiener_adaptive_beta,0.001,e26fe49698c962feabd173bb549a01a7bb961c05b301e53a307778215cd862ec,650,13,fc2,0.003147710681204275,12,0.003147710681204275,True,False,none,0.0034155989144212403,0.048807956777287234,15.505858612969448,50,13,0,2663.6123046875,0.00012159071047790349,0.32387051256463906,0.0010194506717268177,0.01044982150675786,0.07463606664647265,1.2255261694349429e-08,0.8676536083221436,2.1916855530434988e-08,5.190774754737504e-05,0.0001672499711276032,0.0007600727840326726,0.006179761653766044,0.1783171456354336,6.9627439188479915e-06,0.050461096689105034,0.6639169514179233,0.23115184503271008,8b98c84e9740530f49e8b7a401ffb877baae59eb4351fedc5522eb196f12cddd,8b98c84e9740530f49e8b7a401ffb877baae59eb4351fedc5522eb196f12cddd,a93fb9ff089a028f5dc0b930d3ffeb844fbb00df684ec891b9e7d73381d91fc9,a93fb9ff089a028f5dc0b930d3ffeb844fbb00df684ec891b9e7d73381d91fc9,a88318c17c275c321536dac17ddcec3e73959f2c3c585038ad4e08f9d2ccfdbd,b9522098777aa81c05f1b49b93a11cbbb54732cc111bb44d9ca731bc41b9f8c9,True
123,dp_fisher_wiener_adaptive_beta_alpha0p75_adam,dp_fisher_wiener_adaptive_beta,0.001,e26fe49698c962feabd173bb549a01a7bb961c05b301e53a307778215cd862ec,700,14,conv1,0.046963419602815665,13,0.046963419602815665,True,False,none,0.06083043839935444,0.0011806100743898293,0.02513892907234222,50,12,2,3.1417348384857178,0.0001600292162038386,0.0005027693637231628,2.3611768591971546e-05,0.008297589861467714,0.010289217545486713,0.0011496557854115963,0.030642535537481308,0.001624344848096371,0.0016850558167789131,0.00284765288233757,0.006731698173098266,0.02673101276159284,0.1276049139793031,0.03347387947142125,0.05729514732956886,0.3688257396221159,0.07183341875368746,1f97b3000579003e87655e1e3a9c424c14dbec2dbc2e15900c03940adbef0363,1f97b3000579003e87655e1e3a9c424c14dbec2dbc2e15900c03940adbef0363,4797277cd0013c0a28f493c516f5dd90421d1ee5347cb4cc49b027d1d916e222,4797277cd0013c0a28f493c516f5dd90421d1ee5347cb4cc49b027d1d916e222,98b385c5f311b41ceebd3f9de89c5aec32b01657f7bbde9667f60f613978d7c6,45d0261640ac788bd97a923e5a92be64a2ed8c259859206a46c7249d0b56d644,True
123,dp_fisher_wiener_adaptive_beta_alpha0p75_adam,dp_fisher_wiener_adaptive_beta,0.001,e26fe49698c962feabd173bb549a01a7bb961c05b301e53a307778215cd862ec,700,14,conv2,0.01631307579958987,13,-0.0032780100849432443,False,True,negative,0.01631307579958987,-0.00178888051158535,0.5457214789552189,50,6,8,34.712711334228516,0.00032009929418563843,0.011111514397356359,0.00018126297661230843,0.0019756072256059114,0.014802311279804291,1.3457723071041983e-05,0.17569123208522797,1.896466528705787e-05,3.1702376872999594e-05,6.698452489217743e-05,0.00018524518600315787,0.0009553020412568003,0.03519298650521548,0.0011612158734351397,0.0040896672289818525,0.05537085607647896,0.12236505677272058,70cb9db8d4431a763f597476691030710a23277294e74ebb89f095a65a8afe97,70cb9db8d4431a763f597476691030710a23277294e74ebb89f095a65a8afe97,8bb5092ed31d781295bfdd5c7e2b78b30d01fae4ebf065ba8c7df3c460312af4,8bb5092ed31d781295bfdd5c7e2b78b30d01fae4ebf065ba8c7df3c460312af4,333d08616aa1e024c5ab4ed2af70f38ac88a93cba2f80dd6371cf2848c0aaf2b,3ebb0275a813a5a353c296084980f3e3d5b1b81c0ca016460324d800468c2cd3,True
123,dp_fisher_wiener_adaptive_beta_alpha0p75_adam,dp_fisher_wiener_adaptive_beta,0.001,e26fe49698c962feabd173bb549a01a7bb961c05b301e53a307778215cd862ec,700,14,fc1,0.00019889935412397436,13,0.00019889935412397436,True,False,none,0.000272477194683135,0.06964205722323635,350.13717128426833,50,14,0,5561.29248046875,0.0012914033140987158,7.181871539949611,0.0014284696106973307,0.0003095245180565357,0.008209339159340499,7.264920665051022e-09,0.3797875940799713,7.922682812022686e-08,2.1921810855474178e-07,6.834464443272736e-07,2.2808678750152467e-06,9.809567109186797e-06,0.036405072120171286,0.00039816767384763806,0.00342437787912786,0.04700162261724425,0.05795442935593004,9e46011260dc9f4f85f0438e4cc165a40a7c806e3e5dce1d5fd6330ea7fb50b1,9e46011260dc9f4f85f0438e4cc165a40a7c806e3e5dce1d5fd6330ea7fb50b1,6e0b55c5f8f31e6bdc3afaf24dbbdce95d76c638a67c5e1494515eef7a755148,6e0b55c5f8f31e6bdc3afaf24dbbdce95d76c638a67c5e1494515eef7a755148,ca0dff31f621e6de5d36314c42868fd029bf39e4acaf1fb2e53b0ef3b8cdf8c3,234334d66edbcfe7181ebb7a9621cce8824bb708ba5395fbf9b7a82d23924194,True
123,dp_fisher_wiener_adaptive_beta_alpha0p75_adam,dp_fisher_wiener_adaptive_beta,0.001,e26fe49698c962feabd173bb549a01a7bb961c05b301e53a307778215cd862ec,700,14,fc2,0.003693092031448278,13,0.003693092031448278,True,False,none,0.003147710681204275,0.059804180458676894,16.193525628231953,50,14,0,2980.518798828125,0.00012192802387289703,0.363408767257134,0.0013421020225157633,0.011512411965889386,0.07800006970846558,4.250184204579455e-09,0.8981622457504272,2.571513277871418e-08,6.303909503913019e-05,0.00021519009897019714,0.0009654223249526694,0.008211971912533055,0.1832754729649118,6.962987617953331e-06,0.055071089416742325,0.6915488302707675,0.23870722572397993,732945df515e591dd180a38bdf5dd2d94abf7eb8a28b3abde254d74b26bdb314,732945df515e591dd180a38bdf5dd2d94abf7eb8a28b3abde254d74b26bdb314,2387e53a5affc94b5c0959cbef4643f2168a71f31b3d196e62aadec32ca3fbc4,2387e53a5affc94b5c0959cbef4643f2168a71f31b3d196e62aadec32ca3fbc4,abcf429ddaaca2350ff886d73e6d0198f94b11b41dbf214fc1c812549cfc588c,85b6142be24c6d9bfddc4e3ec9ff4be05d3c4b9d7bc251aee1ac0ce8476eb898,True
123,dp_fisher_wiener_adaptive_beta_alpha0p75_adam,dp_fisher_wiener_adaptive_beta,0.001,e26fe49698c962feabd173bb549a01a7bb961c05b301e53a307778215cd862ec,750,15,conv1,0.11798948766201656,14,0.11798948766201656,True,False,none,0.046963419602815665,0.0029660749818927017,0.02513846818615814,50,13,2,3.14143443107605,0.00016002915799617767,0.0005027211069053017,5.93158058406384e-05,0.020209311894723216,0.02463968812704253,0.0029197807889431715,0.07341139018535614,0.004104119399562478,0.004241826478391886,0.007138689048588276,0.016767763532698154,0.06452582627534861,0.12767512232530862,0.03373934756964445,0.05741182714700699,0.3687644660472868,0.1732654492269458,df8582e4a392077614ef543ff774ee6859884565af7be63e3f660bfbad30b6a4,df8582e4a392077614ef543ff774ee6859884565af7be63e3f660bfbad30b6a4,d414ad3f478dca0ef8e0b93e60e4a9fcda0a48c84a96d31194e3b887fafa510c,d414ad3f478dca0ef8e0b93e60e4a9fcda0a48c84a96d31194e3b887fafa510c,3ab4a9f5e438f63a2eb6af94a38aca9d9b7c52ee22e39acb4f3f6ae692794139,960d3c549e4feab7fab3dab7203cd8fb3ee9e1c638a7f5f8576f929ce22e8ae9,True
123,dp_fisher_wiener_adaptive_beta_alpha0p75_adam,dp_fisher_wiener_adaptive_beta,0.001,e26fe49698c962feabd173bb549a01a7bb961c05b301e53a307778215cd862ec,750,15,conv2,0.01631307579958987,14,-0.03356510238221436,False,True,negative,0.01631307579958987,-0.018647955918435752,0.555575719867818,50,6,9,34.80768966674805,0.0003201013314537704,0.011141987807155695,0.00018176009165623698,0.0019802627014634065,0.01483957994442831,1.3538539860746823e-05,0.17613796889781952,1.9000904831045774e-05,3.219840164092602e-05,6.710177331115119e-05,0.00018509215078665875,0.0009635295020416379,0.035249894327277834,0.0011634322814643382,0.004096796503290534,0.05582154542207718,0.12259723542274141,28d52b62911ea0354bf024142d0c906d32464e8207de39bcf448b9c9570732ac,28d52b62911ea0354bf024142d0c906d32464e8207de39bcf448b9c9570732ac,714462fc2b2c1b79700af015ba476429a609bc65849a1c1ad1df2f2bb331ceae,714462fc2b2c1b79700af015ba476429a609bc65849a1c1ad1df2f2bb331ceae,e9f50537ce67b5e0db6337fbe0e9db77d85111e0b07deb3329a61d97d264291f,5fee70366f14d1edbf25acb136f4c6a2ded094a863329a807b3f8381b7b1f300,True
123,dp_fisher_wiener_adaptive_beta_alpha0p75_adam,dp_fisher_wiener_adaptive_beta,0.001,e26fe49698c962feabd173bb549a01a7bb961c05b301e53a307778215cd862ec,750,15,fc1,0.00017327988896326713,14,0.00017327988896326713,True,False,none,0.00019889935412397436,0.06222369514954584,359.09357699748057,50,15,0,5675.205078125,0.0012912527890875936,7.3281243857729805,0.0012698165798757522,0.0002821228396295626,0.007561563563630329,1.9823440666755232e-08,0.35123392939567566,7.020746153330038e-08,1.960386981636475e-07,5.978913861781621e-07,2.0139065100011067e-06,8.721542144485284e-06,0.03667766277906935,0.00040500389877706766,0.0034385749604552984,0.0479205846786499,0.05321502034002213,cb24373b2ce124d7be83712ea64f5a0537a9d30d6f8c82a60772e1d5af902645,cb24373b2ce124d7be83712ea64f5a0537a9d30d6f8c82a60772e1d5af902645,83fa38edaf6515f3708a49d4d27527557294e2388404d372ef7d3efc2dda9713,83fa38edaf6515f3708a49d4d27527557294e2388404d372ef7d3efc2dda9713,6e4efef18e6ec1453429f01f627419251ef432f30ea823750f52ffb805245034,a9c6b3e363f0ba439f85c4fb81ee348fa8f56349af4700442bd8b8cc9f96d440,True
123,dp_fisher_wiener_adaptive_beta_alpha0p75_adam,dp_fisher_wiener_adaptive_beta,0.001,e26fe49698c962feabd173bb549a01a7bb961c05b301e53a307778215cd862ec,750,15,fc2,0.0030849580471010198,14,0.0030849580471010198,True,False,none,0.003693092031448278,0.05605504004684786,18.1704383628567,50,15,0,2902.177490234375,0.00012182410864625126,0.3535551858810173,0.0010907029157779411,0.010669807303114676,0.0754286484364383,1.7685588105109673e-08,0.8764331936836243,2.571021404662588e-08,5.6482293985027354e-05,0.00019474953296594322,0.0008477256051264703,0.007333262823522097,0.18812897408954346,8.3339864431764e-06,0.05939103104174137,0.7054195523262026,0.22798551187993532,898750e7e25ff3e92a56c88dcaa54cbab3b31a247e6d55f7cdfc6b5683242342,898750e7e25ff3e92a56c88dcaa54cbab3b31a247e6d55f7cdfc6b5683242342,0f2d16ed54fd3638ed64d51f4729d17540c4dc616f68942e0836b547e9275b80,0f2d16ed54fd3638ed64d51f4729d17540c4dc616f68942e0836b547e9275b80,3feebe85e32313e62724ac72b920f62775faa1706bb18e5251bcba257e27a4a5,652ccc82511eebe4e78067cf7bd27a6a15604668131e1345a58b7f6f1a21304c,True
123,dp_fisher_wiener_adaptive_beta_alpha0p75_adam,dp_fisher_wiener_adaptive_beta,0.001,e26fe49698c962feabd173bb549a01a7bb961c05b301e53a307778215cd862ec,800,16,conv1,0.11798948766201656,15,-0.07220280235463962,False,True,negative,0.11798948766201656,-0.0018148936360694577,0.025136055345265085,50,13,3,3.141395092010498,0.00016003093332983553,0.0005027203885322046,5.931572108016472e-05,0.020206961501389745,0.024682974654698202,0.0028975587338209152,0.07357492297887802,0.004087825398892165,0.004227484459988773,0.0071136977057904005,0.016799805220216513,0.06454487740993495,0.1275937092374079,0.033609244599938394,0.05722066015005112,0.36883292198181133,0.1733686534969953,c69ccb18538d49b07b134c67f8ee3e01e76235257276a212f8f7ff5940c10e6a,c69ccb18538d49b07b134c67f8ee3e01e76235257276a212f8f7ff5940c10e6a,84b3ec814752768111853d50b108c6c71f81468def95c14b99c537e51c61059f,84b3ec814752768111853d50b108c6c71f81468def95c14b99c537e51c61059f,50e8f6cf86e56b3ea42ae4b6bae81356f392e45827433a47842de02069ff2ee6,2dde6c5a2d829d6986c97900fd13ba50306c30f76ef1e3a011c0f7dfbca1a15b,True
123,dp_fisher_wiener_adaptive_beta_alpha0p75_adam,dp_fisher_wiener_adaptive_beta,0.001,e26fe49698c962feabd173bb549a01a7bb961c05b301e53a307778215cd862ec,800,16,conv2,0.009109837169296501,15,0.009109837169296501,True,False,none,0.01631307579958987,0.005075084733273769,0.5570993903577848,50,7,9,35.1942024230957,0.00032010936411097646,0.011265993758050152,0.00010263136868614765,0.00117743757046273,0.009059036785600114,7.965939403220546e-06,0.10784170031547546,1.0788572853925871e-05,1.8343062038184144e-05,3.751314216060564e-05,0.00010416702571092173,0.000551311275921762,0.03541326449086572,0.0011828891118057072,0.004101137863472104,0.05709445886313915,0.07456206010888022,c2805fc23025cc7cdeda5c033999a7cb95391f2528b3318dd837fb31a1879268,c2805fc23025cc7cdeda5c033999a7cb95391f2528b3318dd837fb31a1879268,5dd93082c607ca04fde2bba4999e29432070a5eccfd361b4d921a499f61e6f24,5dd93082c607ca04fde2bba4999e29432070a5eccfd361b4d921a499f61e6f24,aa67da4a4933b3427083181c52fbbc0540769c15f596544626759ce0c07d31cf,1f4b2fa92c690b30df54c164130f05007098e3002734bc4e9544c5c5f6aa3c64,True
123,dp_fisher_wiener_adaptive_beta_alpha0p75_adam,dp_fisher_wiener_adaptive_beta,0.001,e26fe49698c962feabd173bb549a01a7bb961c05b301e53a307778215cd862ec,800,16,fc1,2.4912314917485723e-05,15,2.4912314917485723e-05,True,False,none,0.00017327988896326713,0.009128027122644156,366.406219288649,50,16,0,5779.6865234375,0.0012916265986859798,7.465196845738774,0.00018597533474206543,5.0878480142449064e-05,0.0014755637456035768,1.2872393151397432e-09,0.0771988183259964,1.004187160091874e-08,2.821519862195032e-08,8.871966983292623e-08,2.9477653384901714e-07,1.257780218111293e-06,0.0370652918214078,0.00040292622579727325,0.0035486402921378613,0.04806179478764534,0.010335303596047675,27dc0af03ab6a62247ab94eba3078e64b9fefe58452c55d7f4ce8fb239a5311c,27dc0af03ab6a62247ab94eba3078e64b9fefe58452c55d7f4ce8fb239a5311c,fdf15a1c8bd0a437072ae336764a0ef915fa5e6c5f0dfeeb63a7516bbf6c9f7f,fdf15a1c8bd0a437072ae336764a0ef915fa5e6c5f0dfeeb63a7516bbf6c9f7f,8c5fee718879ebd8be1d311093369cd49cb82ffcf52bfb6120f0549d967bc866,40aede773de2aef885683436fabee2c9605e37d24a1c811c262cbe401417ab9e,True
123,dp_fisher_wiener_adaptive_beta_alpha0p75_adam,dp_fisher_wiener_adaptive_beta,0.001,e26fe49698c962feabd173bb549a01a7bb961c05b301e53a307778215cd862ec,800,16,fc2,0.0029302881325461543,15,0.0029302881325461543,True,False,none,0.0030849580471010198,0.051800928269364735,17.677759294050865,50,16,0,2937.14599609375,0.00012203525693621486,0.3584353662924755,0.0010503189001316749,0.010657532672911488,0.07496658446702958,1.677951289025259e-08,0.8825761079788208,2.032543946484111e-08,5.8992349295294844e-05,0.00020285706705180928,0.0008775422611506656,0.008434280287474397,0.1949401012157974,6.936279760338948e-06,0.06475778669118881,0.743773239850998,0.22245129954730822,a0c6f84af5ded0738f4db6a0b4ba49f0c1a04d9b820e21c4ee6c0e3f76ba57a0,a0c6f84af5ded0738f4db6a0b4ba49f0c1a04d9b820e21c4ee6c0e3f76ba57a0,74914ae9da1cd0d46dd4972d661780cf214f47353a8e9840d07ef80bfa508126,74914ae9da1cd0d46dd4972d661780cf214f47353a8e9840d07ef80bfa508126,0bd7966c3432d1be87ceb0c720bedb69f7df9778437be24611b0891d25740e21,beb4444080435d43896f1d487b6482cb1d6f1f616881c899d97e02d0102943e7,True
123,dp_fisher_wiener_adaptive_beta_alpha0p75_adam,dp_fisher_wiener_adaptive_beta,0.001,e26fe49698c962feabd173bb549a01a7bb961c05b301e53a307778215cd862ec,850,17,conv1,0.07255444869672885,16,0.07255444869672885,True,False,none,0.11798948766201656,0.0018237300319279715,0.02513601942661023,50,14,3,3.1412012577056885,0.00016003139899112284,0.0005026908317833159,3.6472456164938545e-05,0.012672983172524256,0.015604244738391448,0.001785348984412849,0.0464663989841938,0.0025231564999558032,0.002611938281916082,0.004405398853123188,0.010371219599619508,0.040694877132773366,0.12765995039371775,0.03367975130677223,0.05745485797524452,0.36878349184989906,0.10929631549873492,5d9d97aa47a8bdf6725504841e764da3e55effc56e8a4c42790d5aaa60bb8174,5d9d97aa47a8bdf6725504841e764da3e55effc56e8a4c42790d5aaa60bb8174,badb19678b79f010e33b5c0ac318a538e48945022d24bcd9ae36e5fcd1977f94,badb19678b79f010e33b5c0ac318a538e48945022d24bcd9ae36e5fcd1977f94,40ec9bc020498512a692383169c21e18cfdfac12b1b3e842a90ca8001bf72ed6,2e680855f4be74a6a629d02824dabbe8852e4d14be5cec270616d39fed8b70bf,True
123,dp_fisher_wiener_adaptive_beta_alpha0p75_adam,dp_fisher_wiener_adaptive_beta,0.001,e26fe49698c962feabd173bb549a01a7bb961c05b301e53a307778215cd862ec,850,17,conv2,0.015272856784952793,16,0.015272856784952793,True,False,none,0.009109837169296501,0.008603195460343604,0.5632996879025076,50,8,9,35.46039962768555,0.0003201118379365653,0.011351293698783516,0.0001733666829854577,0.001897365691489336,0.014302233560979021,1.3558617865783162e-05,0.16988013684749603,1.896305548143573e-05,3.1582968404109124e-05,6.335025318549015e-05,0.00017684815247775987,0.0009516551159322262,0.03549722888164979,0.0012401017476804555,0.004131024703383446,0.05870798006653786,0.11761782898903807,dae7523e0dfb1c052572a5e22f6abc25b9c0a3b459d534acbbf6ca222e6e8564,dae7523e0dfb1c052572a5e22f6abc25b9c0a3b459d534acbbf6ca222e6e8564,daa336f4fe8994ca5aa99f309e2322cd3bfaf330fcf51c15858551f1d37fe20f,daa336f4fe8994ca5aa99f309e2322cd3bfaf330fcf51c15858551f1d37fe20f,02f7f39a1b028903657e516d33558973b960a74d280adb7386049647bf47408f,c933689589b21d1395aaf5701442369ca6a5c1357ff340d072002590e33a94ad,True
123,dp_fisher_wiener_adaptive_beta_alpha0p75_adam,dp_fisher_wiener_adaptive_beta,0.001,e26fe49698c962feabd173bb549a01a7bb961c05b301e53a307778215cd862ec,850,17,fc1,0.0004260852796056992,16,0.0004260852796056992,True,False,none,2.4912314917485723e-05,0.15904052426640947,373.2598422869387,50,17,0,5953.4560546875,0.0012914517428725958,7.68860119794158,0.003275999791201652,0.0005667330410997287,0.013410146830799061,6.493865356560491e-08,0.5837382078170776,1.7985368572226434e-07,4.861892790586353e-07,1.5211138020276849e-06,5.1703764256672e-06,2.2175715821504085e-05,0.037407836834306804,0.00042192923137918115,0.0035572811029851437,0.04947158545255652,0.09357020435166136,430836f06b74e497b3af259ab582d0ae9b13d4dbd41d5bd7b26c55c3d9f47c3d,430836f06b74e497b3af259ab582d0ae9b13d4dbd41d5bd7b26c55c3d9f47c3d,eba6c4b30e0f1942213a712f89479e624973ec13fbc7504c925658223e0504c9,eba6c4b30e0f1942213a712f89479e624973ec13fbc7504c925658223e0504c9,6bd959631959f632c6f24079a3a132995350bc5af8cfee42be13fc8bd752785b,017315800264654832d3b9d839cc152e23c01d1161cad278dd3c0037f9531542,True
123,dp_fisher_wiener_adaptive_beta_alpha0p75_adam,dp_fisher_wiener_adaptive_beta,0.001,e26fe49698c962feabd173bb549a01a7bb961c05b301e53a307778215cd862ec,850,17,fc2,0.003578729342582259,16,0.003578729342582259,True,False,none,0.0029302881325461543,0.06413715813850511,17.921768314623776,50,17,0,3052.7978515625,0.00012181259080534801,0.37186921550382834,0.001330819273126596,0.011861189305073221,0.07798626906556215,1.8728826489677886e-08,0.8967128396034241,2.512649750485707e-08,7.067966180329677e-05,0.0002728479594225064,0.0011615042458288372,0.010065862722694881,0.19956911556866522,7.021018063824158e-06,0.07085854187607765,0.739670503139496,0.22925403841320005,78583333c8d24f11a131094e9418757e647f553b757fd91dff4361f4fc41a312,78583333c8d24f11a131094e9418757e647f553b757fd91dff4361f4fc41a312,9beeb0e955cd391a48c9f6dc956cba31a671e4baf3f069c98265ae85d66e7539,9beeb0e955cd391a48c9f6dc956cba31a671e4baf3f069c98265ae85d66e7539,4e8ec4321e80d3594e69483b0bf8de4af6e279eeb6c41816f1696ffa3379b71c,a959f67608f2fd884586dbf260a460b7aba3a9a1089136ecfe5045a3590965a9,True
123,dp_fisher_wiener_adaptive_beta_alpha0p75_adam,dp_fisher_wiener_adaptive_beta,0.001,e26fe49698c962feabd173bb549a01a7bb961c05b301e53a307778215cd862ec,900,18,conv1,0.044136404499942564,17,0.044136404499942564,True,False,none,0.07255444869672885,0.0011093482945000507,0.025134541589165796,50,15,3,3.1411147117614746,0.00016003253404051065,0.000502680547035117,2.2186511958194328e-05,0.007806684178649448,0.009684796445758417,0.0010868238750845194,0.02884007804095745,0.001529940136242658,0.001583296514581889,0.002676284871995449,0.0063258412992581725,0.025163049437105633,0.1275967456982471,0.033542461507022385,0.05728728137910366,0.36883245706558204,0.06761385808308887,afc71f5092b995341af1e6792170c8c2787cade2a5e41ce7cc98f1c2f267971b,afc71f5092b995341af1e6792170c8c2787cade2a5e41ce7cc98f1c2f267971b,92cc44d21961c11fd1acd6e4a8608a6228d0737d77e256dd85ab08730c065aae,92cc44d21961c11fd1acd6e4a8608a6228d0737d77e256dd85ab08730c065aae,82e27706802e4c56d7cea7e0e3841f294fbccd90116e2f65cdea2ae8edbd51df,654747957fbb57f1bc0364bf2b3ff349fffbaa670004d960764d1c867b363476,True
123,dp_fisher_wiener_adaptive_beta_alpha0p75_adam,dp_fisher_wiener_adaptive_beta,0.001,e26fe49698c962feabd173bb549a01a7bb961c05b301e53a307778215cd862ec,900,18,conv2,0.015272856784952793,17,-0.04265419652538432,False,True,negative,0.015272856784952793,-0.024209015612263435,0.5675646849391758,50,8,10,36.265342712402344,0.00032011716393753886,0.011609158658317131,0.00017730501758227228,0.0019347331301048597,0.01459644543747421,1.3837322512699757e-05,0.17337284982204437,1.9099559176538604e-05,3.100078265561024e-05,6.40478974673897e-05,0.00017540438420837745,0.0009561064536683262,0.0358089252930548,0.0012490176362916828,0.004176330752670765,0.05896664299070835,0.11923342360178468,46ecf1ab0d7d36cc5d52ce1dcc5f73e9e481fbde82045caebcca726568651f4f,46ecf1ab0d7d36cc5d52ce1dcc5f73e9e481fbde82045caebcca726568651f4f,f1298407e87951b3e179a474d0b21ef2247d131f4da2162ec9e93f72eb759ff2,f1298407e87951b3e179a474d0b21ef2247d131f4da2162ec9e93f72eb759ff2,39d16c07f74681a53c9b7ffd4cb6d0e78ab3c684a3d0aed707ef8462958a3d21,3a5a78b335ea785aa4e2240bca8bb4011b96b0b67d8459a70cc5cee4a515495e,True
123,dp_fisher_wiener_adaptive_beta_alpha0p75_adam,dp_fisher_wiener_adaptive_beta,0.001,e26fe49698c962feabd173bb549a01a7bb961c05b301e53a307778215cd862ec,900,18,fc1,6.492779985578997e-05,17,6.492779985578997e-05,True,False,none,0.0004260852796056992,0.024960197987546895,384.430059897079,50,18,0,6062.4580078125,0.0012915323022753,7.829860348277407,0.0005083756055917414,0.00012959290414763777,0.0036774234609392017,5.901280353270977e-09,0.18052752315998077,2.733996637971359e-08,7.404493018725589e-08,2.3247309854923515e-07,8.074798643065151e-07,3.4776885740939152e-06,0.03784185833807333,0.00042090537026524545,0.0035677128471434116,0.050839490815997083,0.025542941035804373,f1c58cfc26098c56e484095f6701e052d98f10a945856813bd376e59eeae8945,f1c58cfc26098c56e484095f6701e052d98f10a945856813bd376e59eeae8945,9193429499822647a1071824c0f18fe67e5cc0993a85416233d427761624717b,9193429499822647a1071824c0f18fe67e5cc0993a85416233d427761624717b,89792c9f730979e48943d08c72bf3a651893fd7a28b6505129a0e50d61905620,5866bff023133e5b466caea17c285b7e770cd6e9e912d85699390d76f9316cf7,True
123,dp_fisher_wiener_adaptive_beta_alpha0p75_adam,dp_fisher_wiener_adaptive_beta,0.001,e26fe49698c962feabd173bb549a01a7bb961c05b301e53a307778215cd862ec,900,18,fc2,0.002797774081194935,17,0.002797774081194935,True,False,none,0.003578729342582259,0.05202030263654523,18.593460775191417,50,18,0,3012.3544921875,0.00012196609168313444,0.3674051041762425,0.0010279164777630162,0.010695442196295157,0.07467721161759845,1.6035983207984827e-08,0.8720834255218506,1.9668267015049423e-08,5.9166386563447304e-05,0.0002191816092818044,0.0009143298375420272,0.007902556844055657,0.20332147330432165,7.0299206527124625e-06,0.07266466319561005,0.7400629341602326,0.21674092810235066,eaa5d77d628c3305a084109b08b6d469bdd335728453fecf38570a0e19e237f6,eaa5d77d628c3305a084109b08b6d469bdd335728453fecf38570a0e19e237f6,4fb99117a04b6dfe39b068707aa85c6ec50d094327148ae219029640eba1cae2,4fb99117a04b6dfe39b068707aa85c6ec50d094327148ae219029640eba1cae2,a1610261a4eb24c2e208476318388cca6093003f5a7f74c9f667a3ee4f9a7dbe,90c50e250c553351bdf7c63813c057399f68bd8d5cdb28e5259ffcf12db924de,True
123,dp_fisher_wiener_adaptive_beta_alpha0p75_adam,dp_fisher_wiener_adaptive_beta,0.001,e26fe49698c962feabd173bb549a01a7bb961c05b301e53a307778215cd862ec,950,19,conv1,0.044136404499942564,18,-0.035829627504108556,False,True,negative,0.044136404499942564,-0.0009005428376914881,0.02513402735175585,50,15,4,3.1412367820739746,0.0001600331743247807,0.0005027020935410575,2.218746294349608e-05,0.007807734468224226,0.00964914808011557,0.00109553849324584,0.02870301902294159,0.0015432713204063476,0.001596793910721317,0.002696516690775752,0.006362768937833607,0.025149604491889455,0.12776458556763828,0.03382517062127591,0.057694753631949425,0.3687169939279554,0.0675176250229633,8016e8d19a4360b73d91c870cc8a1a1d0b0be049cd22a4f0dd8991a50b995449,8016e8d19a4360b73d91c870cc8a1a1d0b0be049cd22a4f0dd8991a50b995449,6460b0c945a38ed5f2a65b4f97e6c900431c628372a7f1f06ca8d4be0692de39,6460b0c945a38ed5f2a65b4f97e6c900431c628372a7f1f06ca8d4be0692de39,d1b932b48dff3e71bac3e76fd3dd527c63db8471bbd995a3496ed1f71f7a4afe,80a03def965ccfefdb3b3d4c44750fa4444d0bce0e71fb0ca4012dcaac92e4d9,True
123,dp_fisher_wiener_adaptive_beta_alpha0p75_adam,dp_fisher_wiener_adaptive_beta,0.001,e26fe49698c962feabd173bb549a01a7bb961c05b301e53a307778215cd862ec,950,19,conv2,0.022967399092347164,18,0.022967399092347164,True,False,none,0.015272856784952793,0.013331609001597355,0.5804579329158566,50,9,10,36.768619537353516,0.00032012182055041194,0.011770437425423053,0.0002703363338411905,0.0027921969418018525,0.02043975450728744,2.090008456434589e-05,0.2418811023235321,2.886014808609616e-05,4.7669128434790764e-05,9.71917761489749e-05,0.0002709346590563655,0.0014643632574006915,0.03615622986517024,0.0012550293817184866,0.004214303335174918,0.060019489377737045,0.166018402528081,e107bf10610195d33ba1e8afdfb0af7db2663a7686446e03333afd82583ddf9e,e107bf10610195d33ba1e8afdfb0af7db2663a7686446e03333afd82583ddf9e,0fc5e9a899a257c25f51fdd42a73616f5d4e5f93f34c1151fa7b752bfc762ad7,0fc5e9a899a257c25f51fdd42a73616f5d4e5f93f34c1151fa7b752bfc762ad7,c25b53f44197ac569dbb86f614ab2e0a98b6a669c48ed3633559d13865c6ff9c,882009e14ab1a5f22bf6c233f331daea92197ff1b4052136ea4fcfe7ac3fe305,True
123,dp_fisher_wiener_adaptive_beta_alpha0p75_adam,dp_fisher_wiener_adaptive_beta,0.001,e26fe49698c962feabd173bb549a01a7bb961c05b301e53a307778215cd862ec,950,19,fc1,0.0001782435420765595,18,0.0001782435420765595,True,False,none,6.492779985578997e-05,0.06978110212208843,391.49301741387035,50,19,0,6236.4677734375,0.0012915063416585326,8.0544376789436,0.0014356515013298097,0.000310858572699765,0.008233300672279778,2.2970112922848784e-08,0.3786739110946655,7.896661884387867e-08,2.1146639284097546e-07,6.857562766526826e-07,2.3117027581065486e-06,1.0003568604588509e-05,0.038723998428436074,0.00044283037423156204,0.003832557238638401,0.05314113199710846,0.056631955332874254,9201d67c1171a69567ae53ca1fc7cde6c10a3c8f01a881f20cf7457d75565dc2,9201d67c1171a69567ae53ca1fc7cde6c10a3c8f01a881f20cf7457d75565dc2,eb0234be6e386243d41811bbebc1ecad00b2fa54c57526d04692ddb7acaadd3d,eb0234be6e386243d41811bbebc1ecad00b2fa54c57526d04692ddb7acaadd3d,9dfbf8905b04c27d7706cd07396382c819cfaf6c1a8040791ad2033e31feda35,0f2afa2e34baed28cdff31be26a3b1af85d5a62774986439aea4ba0541d91ff1,True
123,dp_fisher_wiener_adaptive_beta_alpha0p75_adam,dp_fisher_wiener_adaptive_beta,0.001,e26fe49698c962feabd173bb549a01a7bb961c05b301e53a307778215cd862ec,950,19,fc2,0.00265992587107344,18,0.00265992587107344,True,False,none,0.002797774081194935,0.04886351708814099,18.370255208812125,50,19,0,3051.7587890625,0.00012207280087750405,0.37253674298339945,0.000990920120586981,0.010629063189095692,0.07418069434553236,0.0,0.8648697733879089,1.8492704256800607e-08,6.362203384924214e-05,0.00022774359968025237,0.0008789007988525555,0.007961871568113572,0.2078873745756288,6.952288913453231e-06,0.07888413593173027,0.7510756194591524,0.21275249303815916,3d150cc3349193f0b93ca1b225eebdeb651cf01d2a7b58f78036b4b0ab8a4607,3d150cc3349193f0b93ca1b225eebdeb651cf01d2a7b58f78036b4b0ab8a4607,fa3b245eac950b4f54e0df1268eedd0b1b0c9abe3285f0bc2a0776603551933a,fa3b245eac950b4f54e0df1268eedd0b1b0c9abe3285f0bc2a0776603551933a,347c5ddd0385a4ba74fa02acb7b8f44832d2029dbf1d15137696904748cab6c2,9580945d02620f95063886c8d58276edf4eb525da1d81eeaf4054e00b29687f5,True
123,dp_fisher_wiener_adaptive_beta_alpha0p75_adam,dp_fisher_wiener_adaptive_beta,0.001,e26fe49698c962feabd173bb549a01a7bb961c05b301e53a307778215cd862ec,1000,20,conv1,0.03935934802401212,19,0.03935934802401212,True,False,none,0.044136404499942564,0.000989301332604099,0.025135104677052877,50,16,4,3.141058921813965,0.0001600340474396944,0.0005026763725044514,1.978501428885066e-05,0.006977237387764035,0.008631508857613376,0.0009778833482414484,0.02567414380609989,0.001376583939418197,0.0014241956814657897,0.0024054832756519318,0.005670231068506837,0.02248944379389284,0.12776071274420248,0.03382793497294188,0.0576971210539341,0.3687230020761488,0.06037512150512624,96752c2d1849d87d02cd6630e292ef422f370ea28ff3ce4554122fe63628b96a,96752c2d1849d87d02cd6630e292ef422f370ea28ff3ce4554122fe63628b96a,2180fbf6ae05ccd3d7a8a44f6922feeb62fb7e661234ab015fe5c456b3705442,2180fbf6ae05ccd3d7a8a44f6922feeb62fb7e661234ab015fe5c456b3705442,9bd806a84ed99d771937a4ecef204c30c2995edf9e4383a6fb01486b1f2ffb74,c995e76453c75845986b5707c5f812f40a3e618d1875b16e0ea0da6d278207c3,True
123,dp_fisher_wiener_adaptive_beta_alpha0p75_adam,dp_fisher_wiener_adaptive_beta,0.001,e26fe49698c962feabd173bb549a01a7bb961c05b301e53a307778215cd862ec,1000,20,conv2,0.022967399092347164,19,-0.04508707590797846,False,True,negative,0.022967399092347164,-0.026534730283507987,0.5885218712711526,50,9,11,37.25172805786133,0.00032012598239816725,0.011925246040552229,0.00027389188508779587,0.002820830822739826,0.02068375144504014,2.035549550782889e-05,0.24476386606693268,2.837365918821888e-05,4.6454809307761025e-05,9.655524627305567e-05,0.00027034773665945977,0.001433446304872632,0.03624531012155158,0.0012338991975411773,0.004186816047877073,0.058825130388140676,0.1674467509436218,9ecee6287fb81ffee43b5cedb7d25364b74313216e6e07ef4361eb015c57a477,9ecee6287fb81ffee43b5cedb7d25364b74313216e6e07ef4361eb015c57a477,290fe0465e56ef09232cf1d8c68f459111df7a554ab4fd669a9585f2117a333b,290fe0465e56ef09232cf1d8c68f459111df7a554ab4fd669a9585f2117a333b,a7a87f56374a8c227b8e65024cc1fddd231912985402e878e6b7f91f51c11482,c6bdc07ae14eb5b5bda86929a8d55b660e69dc8851b2c7b2e71756cb6a1116b2,True
123,dp_fisher_wiener_adaptive_beta_alpha0p75_adam,dp_fisher_wiener_adaptive_beta,0.001,e26fe49698c962feabd173bb549a01a7bb961c05b301e53a307778215cd862ec,1000,20,fc1,0.0003428519192373724,19,0.0003428519192373724,True,False,none,0.0001782435420765595,0.13807397083018103,402.72188394718,50,20,0,6487.41015625,0.0012914533726871014,8.378187726293618,0.002872477741690764,0.0005183522793763655,0.012530310833159043,5.230466015859747e-08,0.5530392527580261,1.6337389752152376e-07,4.2821756807143174e-07,1.317020632995991e-06,4.705737183030578e-06,2.0111563208047302e-05,0.03932189364012386,0.00047628761967644095,0.0038266745395958424,0.05541038066148758,0.08573932167198339,7ffba40b4c25f798059da28d851df217cdaaa1338465f46d4b3053bd4d17e4eb,7ffba40b4c25f798059da28d851df217cdaaa1338465f46d4b3053bd4d17e4eb,ce44f4da6f8cc3d54f2d9dac1016faef1129f4bfb53c04666edb46ed487cd060,ce44f4da6f8cc3d54f2d9dac1016faef1129f4bfb53c04666edb46ed487cd060,9739e4ec0c2d055c79f3bcc277829fd38116ad8b8bcd6a0a0c5b1d2531ed0fb7,9b088f0427177c9e5c029b8975760b00c85fc046d25caacd404e33d2306dc8a0,True
123,dp_fisher_wiener_adaptive_beta_alpha0p75_adam,dp_fisher_wiener_adaptive_beta,0.001,e26fe49698c962feabd173bb549a01a7bb961c05b301e53a307778215cd862ec,1000,20,fc2,0.002889006907458987,19,0.002889006907458987,True,False,none,0.00265992587107344,0.05381306118806571,18.626837149169972,50,20,0,3247.68310546875,0.00012199139018775895,0.396189376925431,0.0011445938465994422,0.011338221188397429,0.07609756645248962,0.0,0.8856991529464722,2.0118533150537134e-08,8.074545985436998e-05,0.00027149303059559315,0.0010261661664117128,0.00873033907264472,0.21305091163747653,6.963774512769305e-06,0.08592324331402779,0.7529961466789248,0.21589422203607972,4fceee4a12bc85285356c39193029798452ca847757ab9acb936ec026b2511da,4fceee4a12bc85285356c39193029798452ca847757ab9acb936ec026b2511da,0c2753d81980f506b0d3dde5661a91a8042293acbb69bf72c97525ce9187910f,0c2753d81980f506b0d3dde5661a91a8042293acbb69bf72c97525ce9187910f,fe8cd078b6293d92cd6cb9af262517d18170fd023b3f7125b7ffa3791cc7a0d8,30b4c318ff0fd8a36518ca9a93e7af1707afc1994c741b7ab2847943aef61faf,True
123,dp_fisher_wiener_adaptive_beta_alpha0p75_adam,dp_fisher_wiener_adaptive_beta,0.001,e26fe49698c962feabd173bb549a01a7bb961c05b301e53a307778215cd862ec,1050,21,conv1,0.03593428171592981,20,0.03593428171592981,True,False,none,0.03935934802401212,0.0009031657190758315,0.02513381862522257,50,17,4,3.141432523727417,0.0001600340910954401,0.0005027362986723717,1.8065467785316834e-05,0.006380241989973001,0.007923087051148256,0.0008845101110637188,0.0235902089625597,0.0012499668926466258,0.0012947990908287466,0.002186326659284532,0.005157733685337007,0.0205822331830859,0.1276419650297612,0.03364609498530627,0.05744289234280586,0.3688218057155607,0.05529927331105638,583aa610e838ed3cd7ce728756e11dc8d87cca80069ef20e03b3358a6832e05c,583aa610e838ed3cd7ce728756e11dc8d87cca80069ef20e03b3358a6832e05c,a2470f17412c0e7e6a86e2efd5b4843a2d1fdfd706902793351734b1ed845cb2,a2470f17412c0e7e6a86e2efd5b4843a2d1fdfd706902793351734b1ed845cb2,876afd62ff5115db3f9dbc69769522bb180ad3b604fdf50cf1ed45aa92014b7d,82f837692798e4e00e494c0e953c08e704f12b85c3581a4f0b644bfaa6893d78,True
123,dp_fisher_wiener_adaptive_beta_alpha0p75_adam,dp_fisher_wiener_adaptive_beta,0.001,e26fe49698c962feabd173bb549a01a7bb961c05b301e53a307778215cd862ec,1050,21,conv2,0.022967399092347164,20,-0.01879493023413784,False,True,negative,0.022967399092347164,-0.01120670836785538,0.5962623020276114,50,9,12,37.63578796386719,0.0003201293002348393,0.012048318464659591,0.00027671853856953225,0.002843960809461962,0.02086862924350636,2.0681034584413283e-05,0.24696096777915955,2.906293775595259e-05,4.641226405510679e-05,9.584931831341237e-05,0.00027305626281304285,0.0014089480624534189,0.036374089737101115,0.00126383708557114,0.00415633013471961,0.05787664093077183,0.1684873964210579,08321eeb55a20c6d2372a89bdea79b683b5a68fe4a610e9c7d26736990afd581,08321eeb55a20c6d2372a89bdea79b683b5a68fe4a610e9c7d26736990afd581,b37a38a0fb175a84439d0818c2d7bd5e1be9ef0e0835350bf0a74b367044618e,b37a38a0fb175a84439d0818c2d7bd5e1be9ef0e0835350bf0a74b367044618e,e78527498b74b94c51d08075e1aa546af97dda7d3738d1a863aca9c3bef2b383,285da05d8a88cee5eb82dc902dd0a639ba30e479a1a7cd4d139f8589d99e594a,True
123,dp_fisher_wiener_adaptive_beta_alpha0p75_adam,dp_fisher_wiener_adaptive_beta,0.001,e26fe49698c962feabd173bb549a01a7bb961c05b301e53a307778215cd862ec,1050,21,fc1,0.0003428519192373724,20,-0.00012670177671306778,False,True,negative,0.0003428519192373724,-0.05307656352785095,418.9093863146809,50,20,1,6569.705078125,0.0012914503458887339,8.484447895531503,0.002908909244652461,0.0005243607951602575,0.01259921631247321,4.741032100241682e-08,0.5579056143760681,1.647197649390364e-07,4.3259605320145056e-07,1.3459076058097708e-06,4.7843545871728566e-06,2.073994328384285e-05,0.039587220652416245,0.0004802093899343163,0.003910278668627143,0.05704293698072427,0.08607285802985395,ca13049591541996c547602987fed87f6d040a91dbadcbd9f09e1df1cecf4bef,ca13049591541996c547602987fed87f6d040a91dbadcbd9f09e1df1cecf4bef,3fad483b1d8505bc8590cf51ea7aeb4135079fb0e4a71eb115ce1c3b559c98d2,3fad483b1d8505bc8590cf51ea7aeb4135079fb0e4a71eb115ce1c3b559c98d2,035bbd3bfe857e568acb48990a2935571702a1ffe7654ceb998c0a8e47509832,653863a14f2b1b9af86cde822438f67c995fa1f84d92bab0da2412e7ce3debd2,True
123,dp_fisher_wiener_adaptive_beta_alpha0p75_adam,dp_fisher_wiener_adaptive_beta,0.001,e26fe49698c962feabd173bb549a01a7bb961c05b301e53a307778215cd862ec,1050,21,fc2,0.0021432056721843195,20,0.0021432056721843195,True,False,none,0.002889006907458987,0.042455765994287756,19.80946884627155,50,21,0,3412.12744140625,0.00012177715689176694,0.4155191787668322,0.000890543060834445,0.010006017130315532,0.0726658938486496,1.2269548932408725e-08,0.8601100444793701,1.6053892792911027e-08,5.951091407041531e-05,0.00020064202544745058,0.0008146925392793491,0.006835139496251944,0.21551192274128111,7.4905422025040025e-06,0.08561940491199493,0.7625357687473298,0.2045172312696297,b1002aa1dfd349326fff793ebb8777935d19fbb4259b0039ab79e14b8c4c3d72,b1002aa1dfd349326fff793ebb8777935d19fbb4259b0039ab79e14b8c4c3d72,8b1afd032f61435393d33e837555af5c9c40df4be3f29e5587f8b3c6b8c5d184,8b1afd032f61435393d33e837555af5c9c40df4be3f29e5587f8b3c6b8c5d184,6bd75c2611815a3659f311b7823093c1646961d01a19e6275cfddf0159f478d8,6875a0c8e53c0600be131cc63325587d578d7a499e4eb60a56d08999be7ee99a,True
123,dp_fisher_wiener_adaptive_beta_alpha0p75_adam,dp_fisher_wiener_adaptive_beta,0.001,e26fe49698c962feabd173bb549a01a7bb961c05b301e53a307778215cd862ec,1100,22,conv1,0.04252582942310813,21,0.04252582942310813,True,False,none,0.03593428171592981,0.0010689639041073012,0.025136814933618586,50,18,4,3.1423797607421875,0.00016003582277335227,0.0005028933304767058,2.1385955989871137e-05,0.007530661507189507,0.009330743904367816,0.0010504625970497727,0.027783384546637535,0.0014820045209489765,0.0015333768678829074,0.002589451614767313,0.006119931349530816,0.02426600959151981,0.1277057710220106,0.03371427804231644,0.0575079582631588,0.3688247889280317,0.06517848565034051,dcc047e265d40b76105484b5c9c948403d92769ff2fd8981aa1071151a8c5d9f,dcc047e265d40b76105484b5c9c948403d92769ff2fd8981aa1071151a8c5d9f,b4ddee1c3ef589b19cc75760c5dbcf45874b1ed2d5ca4cc531f65708feadea63,b4ddee1c3ef589b19cc75760c5dbcf45874b1ed2d5ca4cc531f65708feadea63,12b11b08887d0ec5942d69f3f1fed2cc0131fb992b9c9da57dc1583bf6765a48,0b43871263a718a30e5e690a3d97eb019a0c41ffe7b264ec416e817395bda563,True
123,dp_fisher_wiener_adaptive_beta_alpha0p75_adam,dp_fisher_wiener_adaptive_beta,0.001,e26fe49698c962feabd173bb549a01a7bb961c05b301e53a307778215cd862ec,1100,22,conv2,0.007752159986173579,21,0.007752159986173579,True,False,none,0.022967399092347164,0.004670024615120519,0.6024159232329795,50,10,12,38.05598831176758,0.0003201341605745256,0.012183021873021671,9.444473467471609e-05,0.0010887305023936536,0.008455027776173312,7.042699053272372e-06,0.10070370882749557,9.761513319972437e-06,1.5594206615787698e-05,3.255776027799584e-05,9.188619515043683e-05,0.00047915923641994596,0.036533932635951526,0.0012576276785694063,0.00418240181170404,0.05823799930512905,0.06794512794794166,667e6a76a70c9bf3bb1e0a6b3a6e56b9a23bd444ae545999b46b7cd57105b0cd,667e6a76a70c9bf3bb1e0a6b3a6e56b9a23bd444ae545999b46b7cd57105b0cd,333d2b8c08eb849836c350df5c4277a979ca95d753a083b391ac05b641cb8123,333d2b8c08eb849836c350df5c4277a979ca95d753a083b391ac05b641cb8123,ad7c3847a85eae722aad20a022f61d2cfa45d52e9d05e8153cca1add67c09481,00129d8e245618616c7c6c3e009051a8df215de888319d5b29900c08dbb16de5,True
123,dp_fisher_wiener_adaptive_beta_alpha0p75_adam,dp_fisher_wiener_adaptive_beta,0.001,e26fe49698c962feabd173bb549a01a7bb961c05b301e53a307778215cd862ec,1100,22,fc1,0.000269202211226868,21,0.000269202211226868,True,False,none,0.0003428519192373724,0.11420160672581137,424.22239477657513,50,21,1,6746.6494140625,0.0012916880659759045,8.71456653346786,0.0023459805806932093,0.00044919363555407705,0.011213202430835432,4.5452715369265206e-08,0.5015616416931152,1.2662228243698337e-07,3.4212283850365566e-07,1.069071061010618e-06,3.8026999504836567e-06,1.6464509826619178e-05,0.03992187706938881,0.00047014013980515304,0.003955552354454994,0.05763627216219902,0.07621459236446528,c79db27cf3ecbd8f4ec7f8fdd9198ad000e9ce180bc787086c5382c75b51d426,c79db27cf3ecbd8f4ec7f8fdd9198ad000e9ce180bc787086c5382c75b51d426,7548ad6332750468d8778c3027225597a13b15ca3ef3b2ecbfc3e7376bdd6596,7548ad6332750468d8778c3027225597a13b15ca3ef3b2ecbfc3e7376bdd6596,d58760746c272a7e46b5728720d3452b1df39211cfb08e84cced7a88560b0dad,a7a4b69f1e0523ab5ee43461432c543b7577cb6c7f20dcc03613594d7a028595,True
123,dp_fisher_wiener_adaptive_beta_alpha0p75_adam,dp_fisher_wiener_adaptive_beta,0.001,e26fe49698c962feabd173bb549a01a7bb961c05b301e53a307778215cd862ec,1100,22,fc2,0.001394481495011012,21,0.001394481495011012,True,False,none,0.0021432056721843195,0.028971690280626006,20.77595893834161,50,22,0,3780.96826171875,0.0001221203856403008,0.46173330221483155,0.0006438785455689097,0.008436135268868265,0.06777630892291124,7.96341481645868e-09,0.8083986043930054,1.1289051471408129e-08,4.003915091743693e-05,0.0001398113017785363,0.0005594204994849861,0.004914245428517463,0.2211727696111976,8.095453267742414e-06,0.09113584086298943,0.7798068046569825,0.1879638219343744,9b259a771e82bb015a25c75c9791589a16c58ed9ab58a6f7cebd59171078b5eb,9b259a771e82bb015a25c75c9791589a16c58ed9ab58a6f7cebd59171078b5eb,75a48d2ba1e89b4904303cd02891b93e9d95cbd52caedbb7512512c17ff47cf6,75a48d2ba1e89b4904303cd02891b93e9d95cbd52caedbb7512512c17ff47cf6,a58f820b885c13eac4c634d9140a269deb6b0016cba344e1afd66472e3169dea,11334c9d5e728fe625fe44f0e28e8e7136ed119b7b7f5b599c4e23d4af6ff827,True
123,dp_fisher_wiener_adaptive_beta_alpha0p75_adam,dp_fisher_wiener_adaptive_beta,0.001,e26fe49698c962feabd173bb549a01a7bb961c05b301e53a307778215cd862ec,1150,23,conv1,0.04252582942310813,22,-0.0848277188733685,False,True,negative,0.04252582942310813,-0.0021329647030485,0.02514466652383529,50,18,5,3.1417205333709717,0.00016003899509087205,0.0005027977970170489,2.1381893350261568e-05,0.007529203916783445,0.00933192263519687,0.0010463010985404253,0.027787478640675545,0.0014789390843361618,0.0015322167600970715,0.00258647371083498,0.006110683083534241,0.024268531799316383,0.12767349880887197,0.03364672437310219,0.057446468621492386,0.3688497722148893,0.06518135834735046,f1f9a910184f9ee48b51fd18315afc81768c7c60dc11bf23c2f1622ed5f33a55,f1f9a910184f9ee48b51fd18315afc81768c7c60dc11bf23c2f1622ed5f33a55,e36ab4eb31e340616ea1a100ae2a7c3a796980182099ea111d265a62690cc944,e36ab4eb31e340616ea1a100ae2a7c3a796980182099ea111d265a62690cc944,af854dfb216b0701ca0f4f31a643b15c01595fe89b54bc1df89ea91be4319282,2f033bb63f6ea9f952c59e544fb20ac3667e899728a711589b52e23f1ca0a2a5,True
123,dp_fisher_wiener_adaptive_beta_alpha0p75_adam,dp_fisher_wiener_adaptive_beta,0.001,e26fe49698c962feabd173bb549a01a7bb961c05b301e53a307778215cd862ec,1150,23,conv2,0.02683832220117011,22,0.02683832220117011,True,False,none,0.007752159986173579,0.016348593320602928,0.6091510936510836,50,11,12,37.923892974853516,0.0003201447834726423,0.01214113650487414,0.0003258477334062005,0.0032618552595663616,0.023561665469423187,2.4457547624479048e-05,0.27824968099594116,3.333851345814765e-05,5.56205441171187e-05,0.000112965044536395,0.0003166902024531737,0.0016491136862896382,0.036553760511478996,0.0012406982015818358,0.0041919241193681955,0.057979241386055945,0.1895126376984512,5dcaadc8a081ab1b39fd98af661a98380a0a59e18c4aa2b6ef1cab4556c1907c,5dcaadc8a081ab1b39fd98af661a98380a0a59e18c4aa2b6ef1cab4556c1907c,2be66f657ff7161589aa4dc389672d6c18b8d3a7b968c3b01de7d2421868f896,2be66f657ff7161589aa4dc389672d6c18b8d3a7b968c3b01de7d2421868f896,9e8617fc1555ec435c1a21273fdbf200717fde58310478881ccafc33576c0d48,c706be8085da8aa31068b7fe6eebb73b731ddae6409a6258d4977a6c617a5192,True
123,dp_fisher_wiener_adaptive_beta_alpha0p75_adam,dp_fisher_wiener_adaptive_beta,0.001,e26fe49698c962feabd173bb549a01a7bb961c05b301e53a307778215cd862ec,1150,23,fc1,4.129440275109196e-05,22,4.129440275109196e-05,True,False,none,0.000269202211226868,0.017993141011710456,435.728326673393,50,22,1,6740.9775390625,0.001292202970944345,8.710711203045662,0.00035970361666701634,9.46514574152077e-05,0.0027108565273633654,4.923396357270349e-09,0.13316921889781952,1.8222948483526125e-08,5.132547986619329e-08,1.6552833415062196e-07,5.907636335678035e-07,2.5558689003446465e-06,0.03990655768267972,0.0004410987894516438,0.00399249023757875,0.05828641466796393,0.01843006243489684,8d284e2aceb1a373a9c8cd80710f39ced3889ff809afdc25a9a4ac95d48fe363,8d284e2aceb1a373a9c8cd80710f39ced3889ff809afdc25a9a4ac95d48fe363,151e91f6a314514e74b2e751155361b49691deebffb875b834dcb235fed00a10,151e91f6a314514e74b2e751155361b49691deebffb875b834dcb235fed00a10,68b7f71de95289b11c9f2613ed823e7763b359cafca81eb27c0485e23ed762df,42f07db12b2d54ad92273860f5b3bc4f7ce7597803096e008aa5b19554f7d59d,True
123,dp_fisher_wiener_adaptive_beta_alpha0p75_adam,dp_fisher_wiener_adaptive_beta,0.001,e26fe49698c962feabd173bb549a01a7bb961c05b301e53a307778215cd862ec,1150,23,fc2,0.0018513974236993203,22,0.0018513974236993203,True,False,none,0.001394481495011012,0.04274259230783594,23.086665110741578,50,23,0,4081.92724609375,0.00012194225564599037,0.4977594157714975,0.0009215504999814293,0.009865573104387838,0.07314144170042854,0.0,0.8574960231781006,1.4138643056327283e-08,5.66458584216889e-05,0.00018026067118626088,0.0007647017337149009,0.006738310446962769,0.22482808280133282,7.636682403244776e-06,0.08874046057462692,0.7855631113052381,0.20055462564407636,f6a0fd422ef0a199dca3f4561bd957d24cdb337a27b893d1c669764381fb30c3,f6a0fd422ef0a199dca3f4561bd957d24cdb337a27b893d1c669764381fb30c3,442e8ca4da398edb7a56a613abfd10b5b7b9f4cc9b878fc78002b097b0b7c4c5,442e8ca4da398edb7a56a613abfd10b5b7b9f4cc9b878fc78002b097b0b7c4c5,0c33aa55f6b66b5379e3799640d1a6b40620f57b96a1afad434aac7c0f6f9e8a,c9b6f0b54562ed9ad8a13e679b7ba1f457db653012b08d9b6870e0e2a60c2cb6,True
