seed,run_id,method,learning_rate,config_fingerprint,refresh_step,interval_index,layer,beta_train,beta_source_interval,beta_raw_previous,beta_update_accepted,beta_fallback_used,beta_fallback_reason,previous_beta_train,numerator_previous,denominator_previous,previous_interval_n_steps,accepted_update_count,fallback_count,trace_A,trace_G,trace_F,beta_scaled_trace_F,H_mean,H_std,H_min,H_max,H_q10,H_q25,H_q50,H_q75,H_q90,H_beta1_mean,H_beta1_q10,H_beta1_q50,H_beta1_q90,H_fro_ratio_vs_beta1,H_hash,H_hash_copy,H_beta1_hash,H_beta1_hash_copy,H_stats_digest,H_beta1_stats_digest,beta_algorithm_active
123,dp_fisher_wiener_adaptive_beta_alpha0p25_adam,dp_fisher_wiener_adaptive_beta,0.001,e26fe49698c962feabd173bb549a01a7bb961c05b301e53a307778215cd862ec,0,0,conv1,1.0,,,False,False,initial,1.0,,,0,0,0,3.14047908782959,0.0001600001414772123,0.000502477098358961,0.000502477098358961,0.12777050188742578,0.13205590320786348,0.0242364089936018,0.4002205431461334,0.03381606731563807,0.03495381027460098,0.05770395137369633,0.1268327534198761,0.36839202046394326,0.12777050188742578,0.03381606731563807,0.05770395137369633,0.36839202046394326,0.9999999999995697,79af817690e2b02b886de10ef1a77e6ee8a4809437fca404a9bfc52bee26c868,79af817690e2b02b886de10ef1a77e6ee8a4809437fca404a9bfc52bee26c868,79af817690e2b02b886de10ef1a77e6ee8a4809437fca404a9bfc52bee26c868,79af817690e2b02b886de10ef1a77e6ee8a4809437fca404a9bfc52bee26c868,29f6a8c44420ac8ee0ffd46e029bebce7cbc1b30d75176c0e0d644fa1d072492,09d6947eab66f5ec85984bbb89ae1fe2360fa4efb31674995d78e91aac067823,True
123,dp_fisher_wiener_adaptive_beta_alpha0p25_adam,dp_fisher_wiener_adaptive_beta,0.001,e26fe49698c962feabd173bb549a01a7bb961c05b301e53a307778215cd862ec,0,0,conv2,1.0,,,False,False,initial,1.0,,,0,0,0,13.789117813110352,0.0003200028440915048,0.004412556917708144,0.004412556917708144,0.02205550540429299,0.08384752522140099,0.00048000793321989477,0.8317086100578308,0.0008003784460015595,0.0014124373265076429,0.0029792150016874075,0.007765520713292062,0.036443356424570084,0.02205550540429299,0.0008003784460015595,0.0029792150016874075,0.036443356424570084,0.9999999999998307,03d5eca9d7189d0ab378ef42b7260bc27e013a86f40d58bb77986a101e44ca70,03d5eca9d7189d0ab378ef42b7260bc27e013a86f40d58bb77986a101e44ca70,03d5eca9d7189d0ab378ef42b7260bc27e013a86f40d58bb77986a101e44ca70,03d5eca9d7189d0ab378ef42b7260bc27e013a86f40d58bb77986a101e44ca70,213d329a9de8bb61606646a8ad95c9581d3e02ed799068b3982a60a708b94697,4b5d95965810e664215d893418ea4d1495ef00d723c6bc4078152ac16873266c,True
123,dp_fisher_wiener_adaptive_beta_alpha0p25_adam,dp_fisher_wiener_adaptive_beta,0.001,e26fe49698c962feabd173bb549a01a7bb961c05b301e53a307778215cd862ec,0,0,fc1,1.0,,,False,False,initial,1.0,,,0,0,0,45.48963165283203,0.0012824676232412457,0.058338979787927236,0.058338979787927236,0.003585194755807704,0.02835422638120063,4.8109100134752225e-06,0.9560893774032593,1.6378116561099888e-05,0.00014390569776878692,0.0005422421963885427,0.0014727845846209675,0.003421448078006506,0.003585194755807704,1.6378116561099888e-05,0.0005422421963885427,0.003421448078006506,0.999999999999922,286be4666eded8f1c1a23b2f65d9f02c76c6970bb6bae78eb8fffbb870fb8442,286be4666eded8f1c1a23b2f65d9f02c76c6970bb6bae78eb8fffbb870fb8442,286be4666eded8f1c1a23b2f65d9f02c76c6970bb6bae78eb8fffbb870fb8442,286be4666eded8f1c1a23b2f65d9f02c76c6970bb6bae78eb8fffbb870fb8442,90964ba373e69c7c356b0681a99b061f573cb1343dae3792766aa70925342830,991df530ac7ff22d816014f6ab84cf4a25163fa616aeb8d6f78d51c7f525aa45,True
123,dp_fisher_wiener_adaptive_beta_alpha0p25_adam,dp_fisher_wiener_adaptive_beta,0.001,e26fe49698c962feabd173bb549a01a7bb961c05b301e53a307778215cd862ec,0,0,fc2,1.0,,,False,False,initial,1.0,,,0,0,0,1.7096904516220093,0.00011373334564268589,0.00019444881507632572,0.00019444881507632572,0.004551988365793907,0.0446380594646296,5.740497272199718e-06,0.516076385974884,7.069127468639636e-06,5.533669718715828e-05,0.00027902767760679126,0.0006395657255779952,0.0015752283274196091,0.004551988365793907,7.069127468639636e-06,0.00027902767760679126,0.0015752283274196091,0.9999999999993794,a3e2894a927ceca3c268b44766ce8f9ca4c814f5068a2ae02268fa284eebe218,a3e2894a927ceca3c268b44766ce8f9ca4c814f5068a2ae02268fa284eebe218,a3e2894a927ceca3c268b44766ce8f9ca4c814f5068a2ae02268fa284eebe218,a3e2894a927ceca3c268b44766ce8f9ca4c814f5068a2ae02268fa284eebe218,a6397978f869951374447ade00b984ded9689ca84658e25b2af3a8f8a0ee3a3d,0adc1eae5a9a324d29beabcb8ebc55b94e0bb7df85271c53c96c241835cdd9d4,True
123,dp_fisher_wiener_adaptive_beta_alpha0p25_adam,dp_fisher_wiener_adaptive_beta,0.001,e26fe49698c962feabd173bb549a01a7bb961c05b301e53a307778215cd862ec,50,1,conv1,1.9866260414495178,0,1.9866260414495178,True,False,none,1.0,0.04991170444159514,0.025123854917948052,50,1,0,3.141551971435547,0.00016000073810573667,0.0005026506342272197,0.000998578839706911,0.20428306586109102,0.18324131070413732,0.0470261313021183,0.5702916979789734,0.06515494398772717,0.06720699369907379,0.1085306778550148,0.2240026779472828,0.5367084503173826,0.12779100188054146,0.033903509378433234,0.05777046084403992,0.3684222638607023,1.4931029388397554,65b63e0ce04d00024a1954b3f8173f29adf0024f50f41bf60c3e390cb14ca16c,65b63e0ce04d00024a1954b3f8173f29adf0024f50f41bf60c3e390cb14ca16c,054bb500caf5be5a9277d9e2fa4a11c66b7f83de3f8b59ed4e5315b1bc6459f4,054bb500caf5be5a9277d9e2fa4a11c66b7f83de3f8b59ed4e5315b1bc6459f4,8c697ccb10ba3395e7660cd34955b56d77ad90742f55c02cf56d4cb869c482c9,8998ffcf3605ffc364ffa1c2db21c0602aa293bb73c7844c1368e48ea29ed111,True
123,dp_fisher_wiener_adaptive_beta_alpha0p25_adam,dp_fisher_wiener_adaptive_beta,0.001,e26fe49698c962feabd173bb549a01a7bb961c05b301e53a307778215cd862ec,50,1,conv2,0.6610139183089716,0,0.6610139183089716,True,False,none,1.0,0.1458380768967809,0.22062784588540718,50,1,0,17.26381492614746,0.00032000892679207027,0.005524574886853373,0.0036518208929502915,0.019379699490121405,0.07970803565452449,0.0003903983160853386,0.8025683760643005,0.0006021789973601699,0.001070750004146248,0.0021941045997664332,0.005868124892003834,0.02615328077226877,0.025331868229389737,0.000910711771575734,0.0033155707642436028,0.03904176726937294,0.8607506153533072,41b64a4b41cc651e140b07bbfe046b916a99f1fa6ec2f56936329e69987034eb,41b64a4b41cc651e140b07bbfe046b916a99f1fa6ec2f56936329e69987034eb,ff60aa8790c84adbbcf322b35eeed2d0557ebdaf9652768827e4a920fa7f8cf2,ff60aa8790c84adbbcf322b35eeed2d0557ebdaf9652768827e4a920fa7f8cf2,41e1303201e1a280cbba47f17adf242cade87874ece0acddde0fc7ff3b7aa512,97fc14739cf3581e60ab1ef4bca7df25840711c583e850a632629b8415380456,True
123,dp_fisher_wiener_adaptive_beta_alpha0p25_adam,dp_fisher_wiener_adaptive_beta,0.001,e26fe49698c962feabd173bb549a01a7bb961c05b301e53a307778215cd862ec,50,1,fc1,0.1746279089071942,0,0.1746279089071942,True,False,none,1.0,0.5093807024072401,2.916948989396362,50,1,0,303.69525146484375,0.0012840619310736656,0.38996351105384974,0.0680985124854413,0.003725567793381582,0.03438022997843535,1.5010223251010757e-06,0.9629273414611816,1.8727616406977177e-05,5.3321690757002216e-05,0.00017708051018416882,0.000505446078022942,0.0013745996518991887,0.011439836706891091,0.00010723348532337695,0.0010131967719644308,0.007820780109614133,0.5120248419769317,b84a6b2a80a0798106e3849b370198d9c774e364f9cafbd5e93a02f20bc92086,b84a6b2a80a0798106e3849b370198d9c774e364f9cafbd5e93a02f20bc92086,2c77295951494afb896984d77aabf7f75693d0fa4335b3da2a0b7aecc0b90809,2c77295951494afb896984d77aabf7f75693d0fa4335b3da2a0b7aecc0b90809,a6aa77cb0ce73f333639c881347cacb192e73e6899c2a9983296099732d45993,c0fb9a16202114821f3875c326b54afcca3234ef46e8f3c3caf3ebbae4fbf169,True
123,dp_fisher_wiener_adaptive_beta_alpha0p25_adam,dp_fisher_wiener_adaptive_beta,0.001,e26fe49698c962feabd173bb549a01a7bb961c05b301e53a307778215cd862ec,50,1,fc2,11.899638131513107,0,11.899638131513107,True,False,none,1.0,0.11569352672548931,0.009722440753816286,50,1,0,26.12390899658203,0.00011387205449864268,0.002974783188976371,0.03539884346852738,0.07874322801126396,0.17193214063526197,5.7102843129541725e-05,0.9947282671928406,7.917434704722837e-05,0.0053261128487065434,0.015488071367144585,0.04422065522521734,0.23211682438850467,0.018497456353519414,6.653990931226872e-06,0.0013202884583733976,0.02477358542382726,2.0951060027593322,79d3218ddce9127b65b8f6640cca51631dba96c9b7bf65616b259dc9c15f1156,79d3218ddce9127b65b8f6640cca51631dba96c9b7bf65616b259dc9c15f1156,7d263a0920e2695033cab8b910e726722e0f1c7972c81fbf56e057fa1ffcafea,7d263a0920e2695033cab8b910e726722e0f1c7972c81fbf56e057fa1ffcafea,753e610938d8ae52e2dacff7f96aa85063f165420338aff6db3803a47b85fb4c,a56dc8d778fc8267474606344853519557a7aa31ceee399c2da3eae88d3a0057,True
123,dp_fisher_wiener_adaptive_beta_alpha0p25_adam,dp_fisher_wiener_adaptive_beta,0.001,e26fe49698c962feabd173bb549a01a7bb961c05b301e53a307778215cd862ec,100,2,conv1,1.7725271281943933,1,1.7725271281943933,True,False,none,1.9866260414495178,0.044548094258593206,0.025132531711360984,50,2,0,3.141097068786621,0.00016000356117729098,0.0005025867170094095,0.0008908485901693369,0.18954288188833746,0.17566681933272885,0.041740935295820236,0.5434195399284363,0.05791017077863217,0.05984664522111416,0.09730563312768936,0.20393654331564903,0.5084296286106107,0.12760420573176817,0.03352456409484148,0.05734800174832344,0.368565648794174,1.404984170367285,9a93a570650411b814e01f386e1993d995510fa413a3fd2b9c87d0f54de77582,9a93a570650411b814e01f386e1993d995510fa413a3fd2b9c87d0f54de77582,e68ab4d3b6f1bf151b8835855bbd3cb9d1634c46d6e7737700d49e7250db7ae5,e68ab4d3b6f1bf151b8835855bbd3cb9d1634c46d6e7737700d49e7250db7ae5,7e144cfaf2bca0ca680f357913cc810aeeacbddced0904f570927240a82989a2,91da82fd059453afed8790697a62db6816e93296ea3309d61cfca0bb4b00c009,True
123,dp_fisher_wiener_adaptive_beta_alpha0p25_adam,dp_fisher_wiener_adaptive_beta,0.001,e26fe49698c962feabd173bb549a01a7bb961c05b301e53a307778215cd862ec,100,2,conv2,0.21112348762131714,1,0.21112348762131714,True,False,none,0.6610139183089716,0.05831837588688138,0.27622874434266864,50,2,0,22.87818717956543,0.00032002112129703164,0.007321503114447903,0.0015457412721525765,0.010715613273131221,0.05734847855296237,0.00014610521611757576,0.6368508338928223,0.00020881279779132455,0.00036504790477920324,0.0007779130828566849,0.002084989217109978,0.009991616383194924,0.029205012702882883,0.0009882841259241104,0.003673956380225718,0.04562264494597912,0.5504767737322268,e821543b4fcd6078b1ed0580cdc4860e6f1b94cef0800dd5384f24483dc46504,e821543b4fcd6078b1ed0580cdc4860e6f1b94cef0800dd5384f24483dc46504,865c70310ec2b637c8073d7f09c121eea21cbf31ca02b80025b6db5a62529834,865c70310ec2b637c8073d7f09c121eea21cbf31ca02b80025b6db5a62529834,0fc90ce902ce00eadb7188d65879af18a04d1d6e4aa856834c320eeb59fc25cf,445cbabda6c78f1d5ae7e4538f9f79213aa00640662887f7045a8aa68aa9aded,True
123,dp_fisher_wiener_adaptive_beta_alpha0p25_adam,dp_fisher_wiener_adaptive_beta,0.001,e26fe49698c962feabd173bb549a01a7bb961c05b301e53a307778215cd862ec,100,2,fc1,0.015986338795368878,1,0.015986338795368878,True,False,none,0.1746279089071942,0.3117044402769209,19.498175552692487,50,2,0,1081.46875,0.0012861751019954681,1.3909581798361614,0.022236328713050507,0.0019036984399249518,0.025728846727533353,7.547589575551683e-07,0.8956111669540405,3.292844348834478e-06,8.473056368529797e-06,2.6351060114393476e-05,8.058566345425788e-05,0.0002740157011430711,0.02062233783569517,0.0002059369217022322,0.0016456792945973575,0.016856308840215207,0.25155046101885975,d7c548398f51723e959eeab505a5fcecc50d5c6ba0241c42789203bbe712e4bd,d7c548398f51723e959eeab505a5fcecc50d5c6ba0241c42789203bbe712e4bd,0cbddd7bb2cad2f588066745a4ca30830cb6c538708bda906eb2d862b2b49be0,0cbddd7bb2cad2f588066745a4ca30830cb6c538708bda906eb2d862b2b49be0,108d5c072f978749bf6e72971b23305ed91f2cb899fce5955be8d440c5c336ef,0527b51ad56789c5e91301a90441eab95080ce8169143d290214b9eb6ad7253f,True
123,dp_fisher_wiener_adaptive_beta_alpha0p25_adam,dp_fisher_wiener_adaptive_beta,0.001,e26fe49698c962feabd173bb549a01a7bb961c05b301e53a307778215cd862ec,100,2,fc2,0.779362255883623,1,0.779362255883623,True,False,none,11.899638131513107,0.11592168684626512,0.14873915944881855,50,2,0,159.65170288085938,0.00011532106145750731,0.01841120383971928,0.01434899735805684,0.04666749870299424,0.1402099139968673,4.272698788554408e-06,0.9875655174255371,1.4110734718997265e-05,0.0014499308308586478,0.0033971290104091167,0.012360248947516084,0.10006228536367417,0.05319922376094886,1.810541689337697e-05,0.004354669712483883,0.12485315352678301,0.9235697173069156,75067a74b9cff4406b5f581528828ec2074f99157d251f24a465f53d666bc75d,75067a74b9cff4406b5f581528828ec2074f99157d251f24a465f53d666bc75d,53dd0a7d70f13320932710dbb8277d28f224293d0254132eb3c42cc2ccad5633,53dd0a7d70f13320932710dbb8277d28f224293d0254132eb3c42cc2ccad5633,0ee1d9df1a02b26be09e6ebd4b05e722611ba2e766b655e82c0c7eff33ec1efe,58087cd0d0e520022f9efcdf9910ec97fb79e0f58ff86df23515f81bef642f5c,True
123,dp_fisher_wiener_adaptive_beta_alpha0p25_adam,dp_fisher_wiener_adaptive_beta,0.001,e26fe49698c962feabd173bb549a01a7bb961c05b301e53a307778215cd862ec,150,3,conv1,0.4398369455348827,2,0.4398369455348827,True,False,none,1.7725271281943933,0.011052810323791157,0.025129335850470474,50,3,0,3.141425609588623,0.00016000636969693005,0.0005026481074632411,0.0002210832082655214,0.06654226949322038,0.07610999029331443,0.010744533501565456,0.2279081642627716,0.015125998854637147,0.015638800337910652,0.026117884553968906,0.05978298466652632,0.20435312837362274,0.1276496538310312,0.033734190650284296,0.057452667504549026,0.3685764998197553,0.5496981121947891,09962577802cd3cbe1abd663b61939cef1f03d65b123b53cb31ff15684ccb8b3,09962577802cd3cbe1abd663b61939cef1f03d65b123b53cb31ff15684ccb8b3,cd3f63bc198ce88c380da1c1cc996d78cbfcbd6d936fbb5172b04c45e0840b5a,cd3f63bc198ce88c380da1c1cc996d78cbfcbd6d936fbb5172b04c45e0840b5a,559cfae08f03f0122e3623134f38ba53c82aa586dc07b3c072b3803c8bac45a7,f73c5b899f48435f64f40a2d3fd93f6c0843e6c557b0cc8e2e2a221c61e787f2,True
123,dp_fisher_wiener_adaptive_beta_alpha0p25_adam,dp_fisher_wiener_adaptive_beta,0.001,e26fe49698c962feabd173bb549a01a7bb961c05b301e53a307778215cd862ec,150,3,conv2,0.21112348762131714,2,-0.015870289066047455,False,True,negative,0.21112348762131714,-0.005809718541212747,0.36607515572239513,50,2,1,26.24712371826172,0.0003200301725883037,0.008399871533501857,0.0017734101737239335,0.011639169627098203,0.06099314677009256,0.00016133804456330836,0.670500636100769,0.00021876016544410958,0.0003753387863980606,0.0008226071659009904,0.002207019249908626,0.01072325250133872,0.03113705242127441,0.0010353253572247922,0.00388439220841974,0.04883466549217701,0.5579435866888436,67bd5141dbc0c5d1891d0f1a99a8b7ea1cd1e88934cf97ce81eae813dfd8bcec,67bd5141dbc0c5d1891d0f1a99a8b7ea1cd1e88934cf97ce81eae813dfd8bcec,654a49c190e48f2609a73a1f029125d3429adbc7c77186ad33b45e3d75be30b6,654a49c190e48f2609a73a1f029125d3429adbc7c77186ad33b45e3d75be30b6,7bf3dd8c95b8aa6bbe40cf4988b25d9c12f94daa93060f6e4c18740c78a8eeca,400c7c4771e3171d502296e66be8c99fe6e945fd094c5a6960ca37d24a4e05d3,True
123,dp_fisher_wiener_adaptive_beta_alpha0p25_adam,dp_fisher_wiener_adaptive_beta,0.001,e26fe49698c962feabd173bb549a01a7bb961c05b301e53a307778215cd862ec,150,3,fc1,0.002140606954937364,2,0.002140606954937364,True,False,none,0.015986338795368878,0.14887473768921522,69.54790899180807,50,3,0,1672.953857421875,0.0012874733656644821,2.1538835334163196,0.004610618071756038,0.0007122805948346535,0.015650594965590316,9.706391068675657e-08,0.6406696438789368,4.682882604356564e-07,1.359257453259488e-06,4.318631681599072e-06,1.3617427384815528e-05,5.053825370850971e-05,0.024802844212832357,0.00021871648932574318,0.0020134265068918467,0.02306590732187032,0.13654066151125643,71a84956efe582fd13533e309a47c142c189284889726c1726a259415c8dcba3,71a84956efe582fd13533e309a47c142c189284889726c1726a259415c8dcba3,b6c8be59c3c3ee57dba25681143f13ee246b7da2d21c77465ea59339289ccfd4,b6c8be59c3c3ee57dba25681143f13ee246b7da2d21c77465ea59339289ccfd4,7336ce8fe799e407e57e5d8c3ec6ce52eb4bd9ab0dff8eab1ef1a85c1109ef45,30e8dd63ace8f0e668d177fe410a8fb5abde3eb6f49a683d40630f21311f37eb,True
123,dp_fisher_wiener_adaptive_beta_alpha0p25_adam,dp_fisher_wiener_adaptive_beta,0.001,e26fe49698c962feabd173bb549a01a7bb961c05b301e53a307778215cd862ec,150,3,fc2,0.06134283300578209,2,0.06134283300578209,True,False,none,0.779362255883623,0.056469770128765695,0.9205601919859641,50,3,0,280.8563537597656,0.00011632984387688339,0.032671975784704266,0.00200419155453007,0.01684077928082344,0.08631212006335905,1.5002920861206803e-07,0.9161328077316284,2.4845109010129826e-06,0.00018878937771660276,0.00048196314310189337,0.0019071927818004042,0.01629667300730945,0.0751247677029129,4.0500516479369264e-05,0.007799358339980245,0.21263966858387007,0.4413908256858997,e03221392a405c1a73761f51c866437d5e0fb4930ca95a59f4f36b3826319c80,e03221392a405c1a73761f51c866437d5e0fb4930ca95a59f4f36b3826319c80,55bc6d536259c09c63d00e3446e119470a82e2437a751969d2c705f9cdbaba6e,55bc6d536259c09c63d00e3446e119470a82e2437a751969d2c705f9cdbaba6e,6aa94438f2598c6daf2b128889445f00ed504f0b0db632436b45505dc1cd587d,f2e123e4fd8e2fc04b387f361d0addb15c2c0386b03c8dccdf9f1b99aea41c95,True
123,dp_fisher_wiener_adaptive_beta_alpha0p25_adam,dp_fisher_wiener_adaptive_beta,0.001,e26fe49698c962feabd173bb549a01a7bb961c05b301e53a307778215cd862ec,200,4,conv1,0.0949145924629329,3,0.0949145924629329,True,False,none,0.4398369455348827,0.0023854320136069015,0.025132405373162053,50,4,0,3.141357660293579,0.00016000858158804476,0.0005026441834843146,4.770826782927739e-05,0.016416843350452837,0.02010405340914304,0.002335666213184595,0.05982382595539093,0.003295380808413029,0.003411137906368822,0.0057584987953305244,0.013565715635195374,0.05252956598997111,0.12767910110997036,0.03365221675485373,0.05748526565730572,0.36856844127178173,0.14114307433142578,c2b4c2db896be639ee7bb5396134780f757c2d660b4e1b0092ee75300268ab7d,c2b4c2db896be639ee7bb5396134780f757c2d660b4e1b0092ee75300268ab7d,160779cf2d045e0ad3a7987677ba94136e2e7ace78ea1fe151423b1856fe4861,160779cf2d045e0ad3a7987677ba94136e2e7ace78ea1fe151423b1856fe4861,910abf8c24d9a0a46a22d018e7ce08fdb955cb5e94e56f7ce991667d01e01471,0f78e1ff3002c6d2f13a131115406c60e14d51c7fd388e1a6fd4fbcbfc302328,True
123,dp_fisher_wiener_adaptive_beta_alpha0p25_adam,dp_fisher_wiener_adaptive_beta,0.001,e26fe49698c962feabd173bb549a01a7bb961c05b301e53a307778215cd862ec,200,4,conv2,0.032205200286386806,3,0.032205200286386806,True,False,none,0.21112348762131714,0.01352597725581732,0.41999357667509285,50,3,1,28.369476318359375,0.00032003744854591787,0.009079294817511574,0.00029240050805711396,0.003004908019450905,0.021381097752332857,2.610374940559268e-05,0.2523048222064972,3.478095241007395e-05,5.893320576433325e-05,0.0001283165765926242,0.00035041086084675044,0.00173955496866256,0.032352108371848994,0.0010788517072796821,0.003969038603827357,0.05133136622607708,0.18897948771739118,f25e426340c95de142a82494ef0d993c85d2eb643adb3012d334063b719df6cf,f25e426340c95de142a82494ef0d993c85d2eb643adb3012d334063b719df6cf,9ac243c97f5c2a5697062db59a2fa5fbdcab64e9b0a3ba216f2d751b24e4b9f9,9ac243c97f5c2a5697062db59a2fa5fbdcab64e9b0a3ba216f2d751b24e4b9f9,7d93330a5c8a9e06562bd3e712b20c294278648d3d4dddc63e533e3c9df771f9,d368e6b8a1cd52e7081208fd6538ca153428401280c58ea6f99d9514ca8ea74e,True
123,dp_fisher_wiener_adaptive_beta_alpha0p25_adam,dp_fisher_wiener_adaptive_beta,0.001,e26fe49698c962feabd173bb549a01a7bb961c05b301e53a307778215cd862ec,200,4,fc1,0.001939743631619046,3,0.001939743631619046,True,False,none,0.002140606954937364,0.20889909335967172,107.69417667081598,50,4,0,2108.04638671875,0.0012882016599178314,2.7155888545548805,0.005267546186718489,0.0007808635744289706,0.01650878593187559,8.86986768477982e-08,0.6680660247802734,5.325383199306088e-07,1.4639650203207566e-06,4.426497071108315e-06,1.4424454775507911e-05,5.609835789073258e-05,0.027422892588022607,0.00027446536696515975,0.0022768154740333557,0.028109148330986492,0.1364674177121088,0875e1a7c4294684e5bd8001d008b899d72fa5dc2a436f348c02f50ba92194b2,0875e1a7c4294684e5bd8001d008b899d72fa5dc2a436f348c02f50ba92194b2,005d73ccec272eef09991e79eec84d186cd17c22fd260cce99a0b54a7be008aa,005d73ccec272eef09991e79eec84d186cd17c22fd260cce99a0b54a7be008aa,fefc89b5201bd867157bb06e5ac5c35ff6b41097bb18bb7d01474fcfc45229d3,99145ec1629a41994780405a47fe5f079598c33423b878d0e91ee7a5e7d26696,True
123,dp_fisher_wiener_adaptive_beta_alpha0p25_adam,dp_fisher_wiener_adaptive_beta,0.001,e26fe49698c962feabd173bb549a01a7bb961c05b301e53a307778215cd862ec,200,4,fc2,0.051805744582854335,3,0.051805744582854335,True,False,none,0.06134283300578209,0.08462980162597955,1.6335987892352133,50,4,0,395.8231201171875,0.00011716980952769518,0.04637851959078887,0.002402673740051314,0.018747178649115903,0.08943742487714028,2.8002727958664764e-07,0.9290907979011536,5.184839301364264e-06,0.00021384169667726383,0.0006083266925998032,0.0023675489355809987,0.020122363977134232,0.0898848908879562,0.00010007282908190973,0.011613153852522373,0.28387072086334236,0.41216388989241526,1bbc5e6b726ca3a4b4efb1ef1032a0d82880ef0cafbb59a9c6fe591dd09f52d3,1bbc5e6b726ca3a4b4efb1ef1032a0d82880ef0cafbb59a9c6fe591dd09f52d3,92b8100863a8935e9d12479ce0d688b2f0857b47686068ec2c0e6bbbb7fb283b,92b8100863a8935e9d12479ce0d688b2f0857b47686068ec2c0e6bbbb7fb283b,d16e69f45d2963e75982d095456621c1171d7f9fa824a6bb13e126572499d094,89a84b1cf08eebc3d95cb44d19d808f9e5d2bb4b8fc22f91a222fcee8189c4c5,True
123,dp_fisher_wiener_adaptive_beta_alpha0p25_adam,dp_fisher_wiener_adaptive_beta,0.001,e26fe49698c962feabd173bb549a01a7bb961c05b301e53a307778215cd862ec,250,5,conv1,0.0949145924629329,4,-0.04140058385159109,False,True,negative,0.0949145924629329,-0.001040488133292845,0.025132209174215728,50,4,1,3.1420891284942627,0.00016001067706383765,0.0005027678088452905,4.772000168003251e-05,0.016420386004028842,0.020116377647288675,0.0023368203546851873,0.05988152325153351,0.0033009066712111237,0.0034156989422626793,0.0057533548679202795,0.013568238588050008,0.05253887623548503,0.12768551931949332,0.03370685838162899,0.057435883209109306,0.36861006021499615,0.14117435195091296,f8fae6241c647f5c73cbc11ce6a589f6b095ea78223acfd60e682ac8e6b7a6df,f8fae6241c647f5c73cbc11ce6a589f6b095ea78223acfd60e682ac8e6b7a6df,697950883502edeff28b2e9a672bd4994b4bc8fbc7cb33ceafa9e67c872bb7f7,697950883502edeff28b2e9a672bd4994b4bc8fbc7cb33ceafa9e67c872bb7f7,592003606c893ff033211c6dfdacd20dad72e3c217ec7f8da6adf7736f82c4f6,a1f15ca3b3d9932adfdfd242614a13425f36f70acd42f29ae2de63a5b2dabde6,True
123,dp_fisher_wiener_adaptive_beta_alpha0p25_adam,dp_fisher_wiener_adaptive_beta,0.001,e26fe49698c962feabd173bb549a01a7bb961c05b301e53a307778215cd862ec,250,5,conv2,0.032205200286386806,4,-0.0168799804565818,False,True,negative,0.032205200286386806,-0.007662915953956989,0.4539647408755787,50,3,2,29.656147003173828,0.0003200446080882102,0.009491289945037118,0.0003056688936560896,0.003115631875740401,0.022162747556568156,2.6405394237372093e-05,0.26146525144577026,3.515258977131453e-05,6.033238969394006e-05,0.00012874207459390163,0.0003549710745573975,0.0017636602744460106,0.03297457671738059,0.0010903671267442406,0.003982149064540863,0.05200687348842621,0.19289654263017286,0f63f9f3195f9ff92746eb4efd94c63b7e8000e1f553f0b722c7caa2da84bf9c,0f63f9f3195f9ff92746eb4efd94c63b7e8000e1f553f0b722c7caa2da84bf9c,ea57c047ae56b64850946f43675137ada35b81d267a063cebc6c48a814050164,ea57c047ae56b64850946f43675137ada35b81d267a063cebc6c48a814050164,ec8d26331e4b18be9c9842c13042b115495b29065eb6446af9f29eb4137bd458,54f654dec5951c51f9a73b318e387aab6e6efca6dc0108aaa930fddace80c8d7,True
123,dp_fisher_wiener_adaptive_beta_alpha0p25_adam,dp_fisher_wiener_adaptive_beta,0.001,e26fe49698c962feabd173bb549a01a7bb961c05b301e53a307778215cd862ec,250,5,fc1,0.0008890260041544175,4,0.0008890260041544175,True,False,none,0.001939743631619046,0.12071145541455985,135.77944272774403,50,5,0,2454.916015625,0.0012888776836916804,3.164086467876359,0.002812955149335184,0.0005141611661544642,0.012343203918527983,3.788058577924858e-08,0.5194045305252075,2.546253483615146e-07,7.216851969360505e-07,2.196441073465394e-06,7.213547633000417e-06,2.9157837707316498e-05,0.029182442838896434,0.0002863273839466274,0.0024645314551889896,0.031756884232163426,0.09864413563633811,d38eabeda9dbc471f2fc9d877157d73d18fa7739b5ab04b19270a20dacd0f9a9,d38eabeda9dbc471f2fc9d877157d73d18fa7739b5ab04b19270a20dacd0f9a9,22402e2dfa5fcc09457a443105ed1aa15bf2a000a7e5c327dec1dd6a09ed966a,22402e2dfa5fcc09457a443105ed1aa15bf2a000a7e5c327dec1dd6a09ed966a,6d3b90b4e12bc0b148610d1ac718b9a3149e94c817d0bce7598cc8a202731d40,90e081411eca9da7e8048080db8944c9deb812ca604b2e5905e7440b57e79990,True
123,dp_fisher_wiener_adaptive_beta_alpha0p25_adam,dp_fisher_wiener_adaptive_beta,0.001,e26fe49698c962feabd173bb549a01a7bb961c05b301e53a307778215cd862ec,250,5,fc2,0.021285294133073285,4,0.021285294133073285,True,False,none,0.051805744582854335,0.049359021547322135,2.3189259795394435,50,5,0,500.28668212890625,0.00011787789117079228,0.05897273907018796,0.0012552520969419335,0.013356097524686715,0.07865046032081703,1.2224180068187707e-07,0.8758567571640015,4.276807567293873e-06,0.00012756359501508996,0.0003403533628443256,0.0013009415415581316,0.01221290081739426,0.10215264334706721,0.00020088829478481793,0.015743687748908997,0.3674352169036866,0.3342452408967749,31da99a66a79e9668a22aef0d59ac163d5cd83758256ade7bc5418d9e2d4cdbd,31da99a66a79e9668a22aef0d59ac163d5cd83758256ade7bc5418d9e2d4cdbd,b83439bc89f3c4cb3646104c16e894edd1af723e68a0b6c751fb49c205b99596,b83439bc89f3c4cb3646104c16e894edd1af723e68a0b6c751fb49c205b99596,e443aa5d1086987953206e2b93f308df901a5c900d75afe7f01dd52738311392,67c28ee5abb6577ea61dae2b2a2d592a558f7654e97eb4bbd0b1dc20bd9100f3,True
123,dp_fisher_wiener_adaptive_beta_alpha0p25_adam,dp_fisher_wiener_adaptive_beta,0.001,e26fe49698c962feabd173bb549a01a7bb961c05b301e53a307778215cd862ec,300,6,conv1,0.09867311353909008,5,0.09867311353909008,True,False,none,0.0949145924629329,0.002480483254299545,0.025138390442264527,50,5,1,3.140580177307129,0.00016001205949578434,0.0005025307021825492,4.9586269033337345e-05,0.017033579746203033,0.02088951218930731,0.0024238014593720436,0.06220519170165062,0.003417566767893732,0.003537406213581562,0.005963233765214682,0.014033407205715775,0.054517978429794264,0.12756357669131832,0.0335774252191186,0.05728547088801861,0.3686618268489836,0.14653249904958413,c7c686c1a05731619c4f7fde456180eb464a36a20d8d5410e5f698f0030f3ad6,c7c686c1a05731619c4f7fde456180eb464a36a20d8d5410e5f698f0030f3ad6,bd328c3415c13d967bb1f77cc3046192f7c9731b52eaf23911189c8c2f9cc793,bd328c3415c13d967bb1f77cc3046192f7c9731b52eaf23911189c8c2f9cc793,d10416a53ca3884834896b8818b53617619025c407f5dc93e1974f9edf35ae56,3899afeea5452b1886bea554f7609113abda3569aed307f0581cc2a9f66bbbce,True
123,dp_fisher_wiener_adaptive_beta_alpha0p25_adam,dp_fisher_wiener_adaptive_beta,0.001,e26fe49698c962feabd173bb549a01a7bb961c05b301e53a307778215cd862ec,300,6,conv2,0.032205200286386806,5,-0.013152689240030196,False,True,negative,0.032205200286386806,-0.006241799356704825,0.4745644972518559,50,3,3,30.99688720703125,0.0003200504870619625,0.009920568848015066,0.00031949390670521483,0.0032309512347692675,0.022937634592475196,2.6956027795677073e-05,0.2704398036003113,3.586969614843838e-05,6.0597737501666415e-05,0.0001318307186011225,0.0003612124128267169,0.001823179831262678,0.03364866548276793,0.0011125864693894982,0.0040773076470941305,0.05367081500589847,0.19650988855566137,0d43018a4dcb810d8c1719a01dc78f144ed2e96c5e95adaa75e72009b7a367c1,0d43018a4dcb810d8c1719a01dc78f144ed2e96c5e95adaa75e72009b7a367c1,3a87f167b6d61f30e45f863b928235396937cccf1723ffbdf811992520a62390,3a87f167b6d61f30e45f863b928235396937cccf1723ffbdf811992520a62390,144a2245ac565a064127ab277f18d39011de1d590b2afda9442af68f14f363e3,0baff7aa9943d2b11fe5a20cf3b8dcd1f6fdc637361b79aa36e5994e7741608b,True
123,dp_fisher_wiener_adaptive_beta_alpha0p25_adam,dp_fisher_wiener_adaptive_beta,0.001,e26fe49698c962feabd173bb549a01a7bb961c05b301e53a307778215cd862ec,300,6,fc1,0.0008261101298380954,5,0.0008261101298380954,True,False,none,0.0008890260041544175,0.13069419413981498,158.20432339381796,50,6,0,2760.4443359375,0.0012893000384792686,3.5590409885440977,0.0029401598131452676,0.0005341789164142203,0.012587710451051875,6.82515377548043e-08,0.5300412774085999,2.676852147942554e-07,7.356349556175701e-07,2.2422170786740026e-06,7.386828656308353e-06,3.0023552062630186e-05,0.030903360828516944,0.0003239260462578386,0.002706845523789525,0.0350697822868824,0.09771167357481803,9dc5cb7d13e94b90bf839daf2d5c17c46e120b291b99a0888000b54cfe6e0497,9dc5cb7d13e94b90bf839daf2d5c17c46e120b291b99a0888000b54cfe6e0497,015c92f07c285e91ace179452aa4572a97b1b4229f9e3e476cb752e9a203f646,015c92f07c285e91ace179452aa4572a97b1b4229f9e3e476cb752e9a203f646,b4fc2a499d1e7f594ed7d97bec5afafae35770682f68ea4b22adc9cb25ce3291,3d888f5f64b19b2cd585f08f29b89ecd72000e274f415eaef4c76bdaf7208186,True
123,dp_fisher_wiener_adaptive_beta_alpha0p25_adam,dp_fisher_wiener_adaptive_beta,0.001,e26fe49698c962feabd173bb549a01a7bb961c05b301e53a307778215cd862ec,300,6,fc2,0.015188718148106678,5,0.015188718148106678,True,False,none,0.021285294133073285,0.044786015607946185,2.948636953509398,50,6,0,571.7765502929688,0.00011813467426691204,0.06754663652231852,0.0010259468239901047,0.01233042942540591,0.07555108345217335,8.09412270541543e-08,0.8519649505615234,7.854313571442617e-06,0.00012269368380657397,0.000311737137963064,0.001156004931544885,0.010838162712752822,0.11299317498453881,0.0005168517527636141,0.020117626525461674,0.41907244920730596,0.30450944998622814,7b2c53c33dc8718a1fa4795ee28c504c4b7d9d2012dc0947003c417b2029582f,7b2c53c33dc8718a1fa4795ee28c504c4b7d9d2012dc0947003c417b2029582f,85ee9db0349c3a4d25ea8316e17a5d7a434dda8be11f5ea0eeb4bb08f1b0080a,85ee9db0349c3a4d25ea8316e17a5d7a434dda8be11f5ea0eeb4bb08f1b0080a,00c72f59f40e66cac0103b599dc09d24285f5a1cb89b583ceeeffae82a83a54e,afaa28e8ee9ffb1ff64a10595d9ae2e66bcc95c163372bb2956771674d594602,True
123,dp_fisher_wiener_adaptive_beta_alpha0p25_adam,dp_fisher_wiener_adaptive_beta,0.001,e26fe49698c962feabd173bb549a01a7bb961c05b301e53a307778215cd862ec,350,7,conv1,0.04832547920099063,6,0.04832547920099063,True,False,none,0.09867311353909008,0.0012142518498091,0.025126535109127462,50,6,1,3.140854835510254,0.000160014140419662,0.0005025811866871122,2.4287476684057227e-05,0.008530483383219689,0.01054780299811319,0.0011927892919629812,0.03136804327368736,0.0016819682088680568,0.0017401367076672614,0.002940705046057701,0.006957628997042775,0.027458475716412044,0.12767991266446188,0.03367923591285944,0.057492708787322044,0.368603318929672,0.07377875347070392,4d531a65269fa11a1952023c05c75cb22bb5e2930c7377ebdbb8d2baf9e30a2b,4d531a65269fa11a1952023c05c75cb22bb5e2930c7377ebdbb8d2baf9e30a2b,e0414a5457cfdb788381bafc7f96b4a4522e9d6b625df55664cf54cccc05bc46,e0414a5457cfdb788381bafc7f96b4a4522e9d6b625df55664cf54cccc05bc46,920776843153f2ac0ee1a379303ce1da2cd13ee6fcd26be2bb98379a547a83a1,996067c6fef8bbbbea572bd02e4ca9d92e749de7032c7817e5707c8b76c6e7f1,True
123,dp_fisher_wiener_adaptive_beta_alpha0p25_adam,dp_fisher_wiener_adaptive_beta,0.001,e26fe49698c962feabd173bb549a01a7bb961c05b301e53a307778215cd862ec,350,7,conv2,0.0016554455881163206,6,0.0016554455881163206,True,False,none,0.032205200286386806,0.0008211480965525375,0.4960284424007533,50,4,3,31.853559494018555,0.00032005796674638987,0.010194985485290742,1.6877243742534485e-05,0.00020625213532827146,0.0016118750621739342,1.398027166032989e-06,0.01921682246029377,1.8553438621893291e-06,3.089996198468725e-06,6.784434617657098e-06,1.889284658318502e-05,9.628277766751125e-05,0.03411728843132331,0.0011194993741810322,0.004081553313881159,0.05496944971382618,0.01364948001359025,b57c25a108bee46fd1a388340509d2971ff35d64889e5e626589a1ea7395a8d6,b57c25a108bee46fd1a388340509d2971ff35d64889e5e626589a1ea7395a8d6,6eefd8bc449bfe2c3653776da8e3d3b82e2df7477b8bb37890fc5c166417664f,6eefd8bc449bfe2c3653776da8e3d3b82e2df7477b8bb37890fc5c166417664f,e4b1ec40edf6cf9dbae31c9921da7330fe3dd84f63165f075fca8f234d8e7202,f88c12f2f78e220f77937e88e77200fd5e934f96281ca2aa27133e8e295d28fb,True
123,dp_fisher_wiener_adaptive_beta_alpha0p25_adam,dp_fisher_wiener_adaptive_beta,0.001,e26fe49698c962feabd173bb549a01a7bb961c05b301e53a307778215cd862ec,350,7,fc1,0.0008913025248224809,6,0.0008913025248224809,True,False,none,0.0008261101298380954,0.15860911095180263,177.95204942720488,50,7,0,2999.2353515625,0.0012899136636406183,3.8687546604544423,0.0034482307967817843,0.0005980643252839921,0.013633918612488277,6.517429795849239e-08,0.5704843401908875,2.996981976366442e-07,8.362102192904786e-07,2.489071221134509e-06,8.440273859378067e-06,3.656324224721174e-05,0.032158963413053895,0.00033613448904361575,0.002784852054901421,0.03940713107585907,0.10385050224002311,d73fec32d0226465a9e233cf24c6ebb5c3edd9db1415ac8ba3a75f0a6c526e7e,d73fec32d0226465a9e233cf24c6ebb5c3edd9db1415ac8ba3a75f0a6c526e7e,ab696fbe82ddecd0bb24ca17404a114b44da8ed8b123626046ab94b2278bdc5b,ab696fbe82ddecd0bb24ca17404a114b44da8ed8b123626046ab94b2278bdc5b,5763f10bfaf3eff0c4048c57a3337dada2a9fe1a903a772808e0cf93a2ef83b9,38ced5e2a5225bd79668dceb79444898e895323e95b618c92550853b148054ca,True
123,dp_fisher_wiener_adaptive_beta_alpha0p25_adam,dp_fisher_wiener_adaptive_beta,0.001,e26fe49698c962feabd173bb549a01a7bb961c05b301e53a307778215cd862ec,350,7,fc2,0.011456446664848399,6,0.011456446664848399,True,False,none,0.015188718148106678,0.03869222193539215,3.3773318261159258,50,7,0,648.7201538085938,0.00011876698408741504,0.07704653618457069,0.0008826795325098464,0.011521615032040683,0.07307835657634733,6.575911015715974e-08,0.8305114507675171,6.964018621147263e-06,0.00011237215221626684,0.00027387232694309205,0.0010616621002554893,0.009851615596562637,0.12310563167033667,0.0006075038225390019,0.023353632539510727,0.4648032873868945,0.2806269807238863,ab1b1fb5b633f56998f2714d2c1c1690fc6133017f96877ee7b1a66979ef0f7c,ab1b1fb5b633f56998f2714d2c1c1690fc6133017f96877ee7b1a66979ef0f7c,c282e4d3fb5ce1d2376a104ec9e537612daebab26f9110d4aa63fdda367b4233,c282e4d3fb5ce1d2376a104ec9e537612daebab26f9110d4aa63fdda367b4233,c988cf0f7c87a9a0837421f7b99ccbce3cd95233fbbfe84047dfaaf951e74f41,ed093b284e8ae4f3b46004827c7214838e77c39a67782cd719c3294c5fa24902,True
123,dp_fisher_wiener_adaptive_beta_alpha0p25_adam,dp_fisher_wiener_adaptive_beta,0.001,e26fe49698c962feabd173bb549a01a7bb961c05b301e53a307778215cd862ec,400,8,conv1,0.07904370705124306,7,0.07904370705124306,True,False,none,0.04832547920099063,0.0019862940044981093,0.025129059334355608,50,7,1,3.141292095184326,0.00016001601761672646,0.0005026570512422987,3.9731876705637926e-05,0.013766585156554358,0.016919918039619022,0.0019460817566141486,0.050355102866888046,0.002747468953020871,0.0028434163541533053,0.004797951551154256,0.011318725068122149,0.04414817132055755,0.12767066214000808,0.03367107193917036,0.05745888128876686,0.36864398717880226,0.11860894640020961,eda3b73f282c3566ab0b77fcd6386b9c8aa732637f6f9fa1254ba4c171149e6a,eda3b73f282c3566ab0b77fcd6386b9c8aa732637f6f9fa1254ba4c171149e6a,adf8f3e88d94920c6e270dd36f36f28e97537b93b7a9f1234866b7f464b3b04f,adf8f3e88d94920c6e270dd36f36f28e97537b93b7a9f1234866b7f464b3b04f,7b1f24dd071535d818a1f989b549c8f0b029883cf76943759ffc986e371b62b3,536e08667afc167cced413bc5b33bd02c357f03681450e19d6e53439e61a0618,True
123,dp_fisher_wiener_adaptive_beta_alpha0p25_adam,dp_fisher_wiener_adaptive_beta,0.001,e26fe49698c962feabd173bb549a01a7bb961c05b301e53a307778215cd862ec,400,8,conv2,0.0016554455881163206,7,-0.01158598104014473,False,True,negative,0.0016554455881163206,-0.005905945426856463,0.5097492742645371,50,4,4,32.758113861083984,0.00032006471883505583,0.01048471650251459,1.735687767673816e-05,0.00021203085903077432,0.0016584258782234575,1.4508914318867028e-06,0.0197738166898489,1.8977991885549272e-06,3.1545230854135298e-06,6.894347734487383e-06,1.9224321931687882e-05,9.884276514640077e-05,0.0346137036612445,0.0011450872756540776,0.004147404106333852,0.056348768249154094,0.013914089193381912,69b9ee7f7cf92e99fa651761c0ff14d5b5aa37279f3f4d0b96ed1e72b17dfebd,69b9ee7f7cf92e99fa651761c0ff14d5b5aa37279f3f4d0b96ed1e72b17dfebd,743964e1ef297d262bb92f83bfe983445d8c051941fda4651db295f19bda91bd,743964e1ef297d262bb92f83bfe983445d8c051941fda4651db295f19bda91bd,7206262a5b182b24f9f0afc53fe9a507ed1e0b2bcf09d3639439d3b4745bdbc6,42ffdf333abc5e6a491d51560fcca888b9c90b13fb40b8523ab5a76e912d74f0,True
123,dp_fisher_wiener_adaptive_beta_alpha0p25_adam,dp_fisher_wiener_adaptive_beta,0.001,e26fe49698c962feabd173bb549a01a7bb961c05b301e53a307778215cd862ec,400,8,fc1,2.160196528510467e-05,7,2.160196528510467e-05,True,False,none,0.0008913025248224809,0.004178635193586189,193.4377330227221,50,8,0,3224.821533203125,0.001290409010834992,4.161338764780027,8.989309553633849e-05,2.5172961934811156e-05,0.0007227297879671754,2.027299661477855e-09,0.03376159816980362,7.52253930258462e-09,2.1076732803493314e-08,6.334571978072745e-08,2.2251479592227952e-07,9.371205749175715e-07,0.033257301951334924,0.00034811280202120545,0.002923831925727427,0.0415776114910841,0.005416778287879042,e1c3fcc7dfa6b3897bb6e063a298988f5bea312c24d2fa5c3ccd50f478cf0826,e1c3fcc7dfa6b3897bb6e063a298988f5bea312c24d2fa5c3ccd50f478cf0826,c9daa8c52b11ab2c47425972060c893881c091c2b321579a4fad87dfa58316af,c9daa8c52b11ab2c47425972060c893881c091c2b321579a4fad87dfa58316af,7aa21f6d44ec00a449c53e0414a730c82e211a6be6307f9fcb7fba6ca4021ac0,a264aa406233c96fb1c9b055be1a3d538c1737c804955bbb2e82a9f6609f69da,True
123,dp_fisher_wiener_adaptive_beta_alpha0p25_adam,dp_fisher_wiener_adaptive_beta,0.001,e26fe49698c962feabd173bb549a01a7bb961c05b301e53a307778215cd862ec,400,8,fc2,0.010104138112709602,7,0.010104138112709602,True,False,none,0.011456446664848399,0.03892444213573901,3.8523268092285345,50,8,0,718.2469482421875,0.00011913130583707243,0.08556569685758397,0.0008645676187592705,0.01149349774000824,0.07272463054967523,5.803482139299376e-08,0.8312644362449646,7.467251543857859e-06,0.00011929316860914696,0.0002875790960388258,0.0010627549490891397,0.009829186089336884,0.13165895507657283,0.0007384884927887472,0.02768161427229643,0.4955716162920001,0.2702102027248802,ee9b24b22acd01775ca7dfbabee345f30b66dad5614e31f544c12581d88ba400,ee9b24b22acd01775ca7dfbabee345f30b66dad5614e31f544c12581d88ba400,cb89ca1fff4cfa2208b508318c99dc9639e4ac544f147d518da02e101d232b82,cb89ca1fff4cfa2208b508318c99dc9639e4ac544f147d518da02e101d232b82,6c0c5de5e7c952652349129e8d132f7bb20bd9db8419095826b253ec352caa5f,9d6d8eab4234f04f4b3976621e5e77f56d644ff6dd89821c6c37b7370156b297,True
123,dp_fisher_wiener_adaptive_beta_alpha0p25_adam,dp_fisher_wiener_adaptive_beta,0.001,e26fe49698c962feabd173bb549a01a7bb961c05b301e53a307778215cd862ec,450,9,conv1,0.13352546952376443,8,0.13352546952376443,True,False,none,0.07904370705124306,0.0033558759388279424,0.025132852562114935,50,8,1,3.140979528427124,0.0001600172690814361,0.0005026109663796054,6.711136527362979e-05,0.02271417910815217,0.027628653657327223,0.0032833064906299114,0.08231159299612045,0.004618217586539687,0.00478892819955945,0.00805887090973556,0.01893497910350561,0.07238353937864297,0.12761494943406435,0.033571589738130576,0.057329896837472916,0.36868495643138866,0.19445498719746848,fda3df6d5dc48eac63b63f6da4ddc4d3c2cfb334d82ba5a6e378dbe6e4c2c82a,fda3df6d5dc48eac63b63f6da4ddc4d3c2cfb334d82ba5a6e378dbe6e4c2c82a,3da5305cf1f28c19115c3503df05e0ab1113a1ba61a301a02d48c6a3c24041da,3da5305cf1f28c19115c3503df05e0ab1113a1ba61a301a02d48c6a3c24041da,6eea7776ea07541179e88734520132cd927f9347e1c4daadb8ea54c38768b949,a576fa644e3cef081308ff67063522664602e8b1c871c7bfb307319132f37243,True
123,dp_fisher_wiener_adaptive_beta_alpha0p25_adam,dp_fisher_wiener_adaptive_beta,0.001,e26fe49698c962feabd173bb549a01a7bb961c05b301e53a307778215cd862ec,450,9,conv2,0.0016554455881163206,8,-0.014224436819160203,False,True,negative,0.0016554455881163206,-0.007456959372841257,0.5242358251257295,50,4,5,33.59752655029297,0.00032007056870497763,0.010753579430032856,1.780196562390631e-05,0.00021740017075018157,0.0016985119569753895,1.4506272236758377e-06,0.02024957351386547,1.9211583321521173e-06,3.2432163834528183e-06,7.094288321241038e-06,1.9659961253637448e-05,0.00010178888769587501,0.0351288747102256,0.001159165392164141,0.004267168929800391,0.05793117173016071,0.014112833543793602,b30a783bf75d704378196e2e3061b85c1a7faf18f0e4b4ea92594b6e30cb75e8,b30a783bf75d704378196e2e3061b85c1a7faf18f0e4b4ea92594b6e30cb75e8,30ca00ddf49e47cb8614a5416742ef772a830ba431c3dd41d0c247d7c96f5c1c,30ca00ddf49e47cb8614a5416742ef772a830ba431c3dd41d0c247d7c96f5c1c,0f89c26fcfd612d5f3a38b4a9f91f10d6a1251005a1aa49950e511d1f2ed9a77,910ff605964108eea7ba0bd0ca95f50e594ab22f06d556157b6acd69986cc202,True
123,dp_fisher_wiener_adaptive_beta_alpha0p25_adam,dp_fisher_wiener_adaptive_beta,0.001,e26fe49698c962feabd173bb549a01a7bb961c05b301e53a307778215cd862ec,450,9,fc1,0.000628475562234642,8,0.000628475562234642,True,False,none,2.160196528510467e-05,0.13076498599219688,208.06693823900133,50,9,0,3406.80419921875,0.0012907530181109905,4.397342802254798,0.00276362248998554,0.0005135400868367594,0.01214893405795753,4.422014399096952e-08,0.5201582908630371,2.2144282212366307e-07,6.402601826493992e-07,1.926055347212241e-06,6.711491437272343e-06,2.931049912149319e-05,0.03419938031107007,0.0003522250714013353,0.003055288572795689,0.044560569152235975,0.0899178486368074,7fcf2aabdaf4294a4cbe807a388230aa6a6918d11b94d24e43031e63851444aa,7fcf2aabdaf4294a4cbe807a388230aa6a6918d11b94d24e43031e63851444aa,3a760639ad561113976d2e2fb6b3daa71db79babfe228bffa51377f93583584a,3a760639ad561113976d2e2fb6b3daa71db79babfe228bffa51377f93583584a,3b1f737175695e631904b614a255775ac9c73c08d2bc4f244e03dfe1ce1775f6,3525c62e2cf17f25c65c008f800cb900302ed3f338bbdcffda4f37f2d659b60f,True
123,dp_fisher_wiener_adaptive_beta_alpha0p25_adam,dp_fisher_wiener_adaptive_beta,0.001,e26fe49698c962feabd173bb549a01a7bb961c05b301e53a307778215cd862ec,450,9,fc2,0.006294206785689719,8,0.006294206785689719,True,False,none,0.010104138112709602,0.026928409489163727,4.278284842879199,50,9,0,790.7847900390625,0.00011957099195569754,0.09455492176844871,0.0005951482302153304,0.009432369259197822,0.06613515298542094,3.613104482269591e-08,0.7774721384048462,8.307664302265042e-06,8.30294538900489e-05,0.00020803174265893176,0.00079683905642014,0.007116711372509601,0.1392060660090278,0.001318160654045642,0.032000308856368065,0.5324438512325288,0.2380605554051021,b908314e0a9514b72dec370ad2f6267489b2350f20ffe203160238c7f0977c28,b908314e0a9514b72dec370ad2f6267489b2350f20ffe203160238c7f0977c28,bfb8b516bbb8b44b35b1d65057eed4ea67a16b30637c56e66e9dff3bec4926bc,bfb8b516bbb8b44b35b1d65057eed4ea67a16b30637c56e66e9dff3bec4926bc,b98f8e9aaf7cd1eeb0c9eb0ab01cefedf53397e99f06990259e9b9c0ec11cdca,3d973b8678ba73d2813ae771bc590ac2f192706a90bf05978c28a69085344cb6,True
123,dp_fisher_wiener_adaptive_beta_alpha0p25_adam,dp_fisher_wiener_adaptive_beta,0.001,e26fe49698c962feabd173bb549a01a7bb961c05b301e53a307778215cd862ec,500,10,conv1,0.08908316539804413,9,0.08908316539804413,True,False,none,0.13352546952376443,0.0022387087924432593,0.02513054831898027,50,9,1,3.1417150497436523,0.00016001917538233101,0.0005027346515462383,4.478519411502163e-05,0.01545027618558379,0.018932838111510395,0.002202503150328994,0.05635322630405426,0.0031047642929479483,0.003219867532607168,0.005412546219304204,0.01273281779140234,0.049477891623973806,0.127722215722315,0.03377049993723631,0.05754403956234455,0.3686481922864912,0.13289018043986028,5e7ed4eceeb86a091ebcc09e11e854257768ee1257280f720c3a7a50f4d2d775,5e7ed4eceeb86a091ebcc09e11e854257768ee1257280f720c3a7a50f4d2d775,152269c6ac59e2af70b4870b5115e5f8213cf61011c88b8c40cae27936f574c8,152269c6ac59e2af70b4870b5115e5f8213cf61011c88b8c40cae27936f574c8,0c034a20c7719371ead6b1cedf0af4e9f10d8251091a388ebcb11a3da43fb784,19be3741f02746abda9a4781a8f95287a53da4c3f6288cf0d540be64210d2e51,True
123,dp_fisher_wiener_adaptive_beta_alpha0p25_adam,dp_fisher_wiener_adaptive_beta,0.001,e26fe49698c962feabd173bb549a01a7bb961c05b301e53a307778215cd862ec,500,10,conv2,0.0016554455881163206,9,-0.04247530049703633,False,True,negative,0.0016554455881163206,-0.02283807588546971,0.5376789715016428,50,4,6,34.69099426269531,0.0003200781065970659,0.011103827759573193,1.838178267578897e-05,0.00022437589540599305,0.0017545132852935868,1.5133038004933042e-06,0.02092108502984047,2.0334048713266382e-06,3.2614537417430256e-06,7.1844378908281215e-06,2.0131161363678984e-05,0.00010590187448542566,0.03576274330711197,0.0012268082238733769,0.004321159794926643,0.06013147570192814,0.014426268002548811,f449193508e989d2ff182af5ab764eff7453a449b470b821af0977c2bddaf7f2,f449193508e989d2ff182af5ab764eff7453a449b470b821af0977c2bddaf7f2,295d545ea448c839fbfe3801f4bc12d9d26d8eaaffc0fdca7317458f4d128432,295d545ea448c839fbfe3801f4bc12d9d26d8eaaffc0fdca7317458f4d128432,541b20dbf45c515a5d0d8e834a58db30442fa050c3a85024df72b786225d86c0,a0475cd9c41739e829ee8acf7367ac4f854cff5d75bbcdc42ec2ae83ad42aab7,True
123,dp_fisher_wiener_adaptive_beta_alpha0p25_adam,dp_fisher_wiener_adaptive_beta,0.001,e26fe49698c962feabd173bb549a01a7bb961c05b301e53a307778215cd862ec,500,10,fc1,0.0003633161124418629,9,0.0003633161124418629,True,False,none,0.000628475562234642,0.07988127459947103,219.8671401127399,50,10,0,3656.02197265625,0.0012913141399621964,4.721072869303498,0.001715241841430098,0.0003607784501658934,0.009151463325308624,4.4602256110692906e-08,0.4056469798088074,1.4208406753368764e-07,3.889348931807035e-07,1.192432875996019e-06,4.2343273207734455e-06,1.7999742522078916e-05,0.03546057758263896,0.00039092276128940286,0.0032713476102799177,0.047205088287591644,0.06665872659632292,04b58e1dc5ddf15a6ba23c6cb614ef62e4bb9987ea3268f2aa49102c2f2d38c5,04b58e1dc5ddf15a6ba23c6cb614ef62e4bb9987ea3268f2aa49102c2f2d38c5,d27b117db42ccd9813ab955d8328575e3a52d5ec3c048ade87d31419db3e5b82,d27b117db42ccd9813ab955d8328575e3a52d5ec3c048ade87d31419db3e5b82,3078f1e4b4fba4182df9e21054236bda95febac65f81f6f84e9ef40a41c6fd2f,33a039e7ac649df2bb7e609772d65202c675b1e1cdd8415d0252649f5bac2cbe,True
123,dp_fisher_wiener_adaptive_beta_alpha0p25_adam,dp_fisher_wiener_adaptive_beta,0.001,e26fe49698c962feabd173bb549a01a7bb961c05b301e53a307778215cd862ec,500,10,fc2,0.009237486060662006,9,0.009237486060662006,True,False,none,0.006294206785689719,0.043672488590151576,4.727746088422435,50,10,0,850.9703369140625,0.00011990285565843806,0.10203377347661924,0.000942535560207015,0.012253733589194484,0.07415735662312146,5.3006925071485966e-08,0.8460813164710999,1.8016856483882303e-05,0.00013777802814729512,0.00036595261190086603,0.0013407461519818753,0.012121019791811712,0.147376195522465,0.0019466429948806771,0.038119833916425705,0.5704936742782595,0.2604698833804119,936fe429461b23fddb00a8ce9dee8d3048684ff684bbca898090550817d4c0a3,936fe429461b23fddb00a8ce9dee8d3048684ff684bbca898090550817d4c0a3,de4bd5ce3cb2c4ffd05beb809e3752860cdf6d030964ff7117cf0865ca546b80,de4bd5ce3cb2c4ffd05beb809e3752860cdf6d030964ff7117cf0865ca546b80,95354719a2257444466027e00b88b599662a4089c554d5d3a935372af660d995,606b4f07e71b6726a53befdd003ca27f5bab469635f76a90f07f4c5fc6eb23cd,True
123,dp_fisher_wiener_adaptive_beta_alpha0p25_adam,dp_fisher_wiener_adaptive_beta,0.001,e26fe49698c962feabd173bb549a01a7bb961c05b301e53a307778215cd862ec,550,11,conv1,0.08908316539804413,10,-0.0007523607797869432,False,True,negative,0.08908316539804413,-1.8911891723162252e-05,0.025136732577311915,50,9,2,3.14060115814209,0.00016002144548110664,0.0005025635370055348,4.4769950690090126e-05,0.015444366335577797,0.018947960667309083,0.002196073066443205,0.05640608072280884,0.003098081983625889,0.003202326246537268,0.005398335168138146,0.012715610209852457,0.0494865838438272,0.12763928507920355,0.03370002992451191,0.05740173161029816,0.3686893761157987,0.1329293519030482,3b275492814ab628c06fbb8f4761e93976a1285def9e6a3cb2124cdb74079259,3b275492814ab628c06fbb8f4761e93976a1285def9e6a3cb2124cdb74079259,14c979ec33673611377437f278ae91b422e773e0da5ed05037ab60259af09913,14c979ec33673611377437f278ae91b422e773e0da5ed05037ab60259af09913,add64f94fd27a33f02057449f7408964819c27e932d47b6962bb8de567477c94,317609ba85d241e10c8b9cd775ff7f6d45a00ddef18253014e72d7dd41d56f8c,True
123,dp_fisher_wiener_adaptive_beta_alpha0p25_adam,dp_fisher_wiener_adaptive_beta,0.001,e26fe49698c962feabd173bb549a01a7bb961c05b301e53a307778215cd862ec,550,11,conv2,0.006580366997545015,10,0.006580366997545015,True,False,none,0.0016554455881163206,0.003653363086775982,0.5551913879786596,50,5,6,35.331214904785156,0.00032008715788833797,0.011309068163614766,7.441781891683761e-05,0.0008721319559168117,0.006681315011427837,6.199523795658024e-06,0.07950741052627563,8.199273906939197e-06,1.3422111805994064e-05,2.8945492886123247e-05,7.991707025212236e-05,0.00042914989753626285,0.036177938432304255,0.0012444801512174308,0.0043796272948384285,0.061248565837740895,0.054558898385011934,d12bfb20c0002d7a6cdf69f58747eb3bd52e627cb8ba2b60aa0a865e25a06e83,d12bfb20c0002d7a6cdf69f58747eb3bd52e627cb8ba2b60aa0a865e25a06e83,01bacb698cbc7da4ce9dffae2bdc9a7fbd6dfdfb0d82c766e78fe5b99d6367ee,01bacb698cbc7da4ce9dffae2bdc9a7fbd6dfdfb0d82c766e78fe5b99d6367ee,1ba5f6b1bc8f0a78152ad3c604cfeb67105b518e26ac711107c09c9aa6c70905,f58055298a1b85b52698b18fa57db8107b99076756f031d62f9b293b3a07dc78,True
123,dp_fisher_wiener_adaptive_beta_alpha0p25_adam,dp_fisher_wiener_adaptive_beta,0.001,e26fe49698c962feabd173bb549a01a7bb961c05b301e53a307778215cd862ec,550,11,fc1,0.00024756992782502856,10,0.00024756992782502856,True,False,none,0.0003633161124418629,0.05843978347550838,236.0536434651749,50,11,0,3835.267578125,0.0012918245047330856,4.954492639630189,0.0012265833852028812,0.00027726904422774827,0.007263100894980068,3.134887904820971e-09,0.3298507630825043,1.0543915038851993e-07,2.8647614414012423e-07,8.646244396004477e-07,2.9983178251313802e-06,1.3064251470495945e-05,0.0364332656622749,0.00042571516241878275,0.003480293555185199,0.05012547820806503,0.05227995046943438,828774efe20c1e67fa498185c442cc2f22ac2e4d37501e3c52fa3d669b5d97e5,828774efe20c1e67fa498185c442cc2f22ac2e4d37501e3c52fa3d669b5d97e5,77a128197f5a768494cc9fc3c65a4976721601fbccf7419127bfabd8eda71998,77a128197f5a768494cc9fc3c65a4976721601fbccf7419127bfabd8eda71998,1b1a7e6bd57204772924c92253ce31514f9f6b5c1414e634b50fcd1977d8d92e,fb1c164d5331b26d87a9a43ac36852c57c08a786dbc8c1e4ab3c8e4bc441570f,True
123,dp_fisher_wiener_adaptive_beta_alpha0p25_adam,dp_fisher_wiener_adaptive_beta,0.001,e26fe49698c962feabd173bb549a01a7bb961c05b301e53a307778215cd862ec,550,11,fc2,0.006249841458488381,10,0.006249841458488381,True,False,none,0.009237486060662006,0.031884745382009354,5.101688673830962,50,11,0,942.4082641601562,0.00012017036351608112,0.11324954368468498,0.0007077916932754351,0.010512793140708113,0.06917149317032831,3.1835167391136565e-08,0.8053199648857117,2.044056964223273e-05,0.00010589107296254952,0.00026809021073859185,0.0010067046387121081,0.009142582397907995,0.15550048096808192,0.0032599787693470715,0.04114174470305443,0.5961753606796271,0.23523795620341895,d99790586a2f1f116b9687906526b97ebf33cca3534014d1a1abb0ff02d625ee,d99790586a2f1f116b9687906526b97ebf33cca3534014d1a1abb0ff02d625ee,775bbfe488ce5f493e184616c977d46b6fbbe5a440921f5807716a748df1a35b,775bbfe488ce5f493e184616c977d46b6fbbe5a440921f5807716a748df1a35b,e019b31b4a2a2bf8f8563a543219d1d88ae1efbf2b32151e383c764c5db33d7b,05d66c6d13a21c1815139f816d74bce895ab3d1957374a63d4f0aa8080caba23,True
123,dp_fisher_wiener_adaptive_beta_alpha0p25_adam,dp_fisher_wiener_adaptive_beta,0.001,e26fe49698c962feabd173bb549a01a7bb961c05b301e53a307778215cd862ec,600,12,conv1,0.07566529217446628,11,0.07566529217446628,True,False,none,0.08908316539804413,0.0019013308431878495,0.02512817685027674,50,10,2,3.1412057876586914,0.00016002276970539242,0.0005026644503557526,3.803425250188552e-05,0.013196930071717362,0.01626020472980861,0.0018572764238342643,0.04842299595475197,0.002620463457424194,0.002714056638069451,0.004580673994496465,0.01081688143312931,0.042360787093639336,0.12759662128519267,0.033548509702086456,0.057303350418806076,0.3687509983777998,0.1138303007707503,1bb40f8cfd26947c45f30c7d3ac1bfce99217724d9074ebf14884072e92a5c8a,1bb40f8cfd26947c45f30c7d3ac1bfce99217724d9074ebf14884072e92a5c8a,9a32bac37a57df5880be1656dd260320b29183a28fdb4234ec0d141a920f98d5,9a32bac37a57df5880be1656dd260320b29183a28fdb4234ec0d141a920f98d5,8c74eebf50f7a3693efc14ebdd90dc84d4a6e8c736c5deaa233e94aeff42b10b,e4215afcb2df056af4ed78b42b27400199051e9ae5db09574d25769efb0f9097,True
123,dp_fisher_wiener_adaptive_beta_alpha0p25_adam,dp_fisher_wiener_adaptive_beta,0.001,e26fe49698c962feabd173bb549a01a7bb961c05b301e53a307778215cd862ec,600,12,conv2,0.015762931240034528,11,0.015762931240034528,True,False,none,0.006580366997545015,0.008913203192596156,0.5654534081807383,50,6,6,35.88005065917969,0.0003200930077582598,0.011484953334015557,0.00018103652969909254,0.0019776873049748107,0.014680630327433502,1.5058782082633115e-05,0.1740625649690628,1.975842060346622e-05,3.31114115397213e-05,6.915540507179685e-05,0.0001917604822665453,0.0010318305110558867,0.03632389052822716,0.0012519293813966215,0.004368354799225926,0.061497198045253755,0.11947473720190022,b51e983e24b88dca42206718796acba75153e5fc6ac2afba2a3f9caf89092325,b51e983e24b88dca42206718796acba75153e5fc6ac2afba2a3f9caf89092325,b6e9ac390bc9ae0741df7f3d8c139da02c5e466e8caa8ce37c8b216162d976be,b6e9ac390bc9ae0741df7f3d8c139da02c5e466e8caa8ce37c8b216162d976be,4f25ccbea97ca31b644a0aaf775e1e5f02a6ca0391edaccb3d7520d52d56d014,30ac4e6ac762e7fbe612a80e9f3fe34a25093dce4b580e2a4f1e71dcb50bef4e,True
123,dp_fisher_wiener_adaptive_beta_alpha0p25_adam,dp_fisher_wiener_adaptive_beta,0.001,e26fe49698c962feabd173bb549a01a7bb961c05b301e53a307778215cd862ec,600,12,fc1,0.0004956762439100391,11,0.0004956762439100391,True,False,none,0.00024756992782502856,0.12279121510459134,247.72463198150945,50,12,0,3979.84765625,0.0012920318404212594,5.142089891900923,0.0025488118034652286,0.0004861611971895425,0.011597898053059063,5.854787232806302e-08,0.5053250789642334,2.15028708794307e-07,5.942596885688545e-07,1.7436283314964385e-06,6.204140731824737e-06,2.7569724443310397e-05,0.0370935685497245,0.00043362076976336537,0.003505351487547159,0.05269117616116999,0.0828537942239568,420de8197bf0f494811780dcabe174bf430e0cf3bafdeda61d5b7842aac405b7,420de8197bf0f494811780dcabe174bf430e0cf3bafdeda61d5b7842aac405b7,584ab77e7048beb12fe7877d9cbdf9683468b0ae07a067b32f2e147e1a85fb89,584ab77e7048beb12fe7877d9cbdf9683468b0ae07a067b32f2e147e1a85fb89,9efceed0338e881a46928807049102e27268f7c72d7aff1ced36d4e48876614f,8acfe0e924a78ac4fb93ded8083b3b5616c47903250687fd6a75119fa8157eeb,True
123,dp_fisher_wiener_adaptive_beta_alpha0p25_adam,dp_fisher_wiener_adaptive_beta,0.001,e26fe49698c962feabd173bb549a01a7bb961c05b301e53a307778215cd862ec,600,12,fc2,0.005173970429748737,11,0.005173970429748737,True,False,none,0.006249841458488381,0.029297489510354865,5.662477184234243,50,12,0,1005.95361328125,0.00012017220433335751,0.12088766316511368,0.0006254691945377238,0.009908644264384507,0.06694459055060112,2.970262968915449e-08,0.7799955010414124,1.2217591938679107e-05,0.00010338816719013266,0.0002679960598470643,0.0008987260807771236,0.008041080273687842,0.16319322993137872,0.002355822897516191,0.04925873130559921,0.6104005336761475,0.22241774319578944,2447ce8d280e49182f40006680f205c0d4634eb6dad19e22dfa9605da5d3c5d7,2447ce8d280e49182f40006680f205c0d4634eb6dad19e22dfa9605da5d3c5d7,de461cc6728febcb0cdb4851d8e67202aa76abda09af1219ca49628764d024c9,de461cc6728febcb0cdb4851d8e67202aa76abda09af1219ca49628764d024c9,18edb5fb42c89811e631892097e45b8e3ddb83c076ece6b3867825f006fb8731,6efff8e5ad5ac474ccfa76d5495b615317e352dee21426860cbef7614619b139,True
123,dp_fisher_wiener_adaptive_beta_alpha0p25_adam,dp_fisher_wiener_adaptive_beta,0.001,e26fe49698c962feabd173bb549a01a7bb961c05b301e53a307778215cd862ec,650,13,conv1,0.06330836917694374,12,0.06330836917694374,True,False,none,0.07566529217446628,0.0015911433297623747,0.02513322251778763,50,11,2,3.141824722290039,0.00016002298798412085,0.0005027641797832327,3.1829180302660216e-05,0.011104686101316475,0.01370181522912843,0.0015546457143500447,0.04078937694430351,0.002201475889887661,0.002279090811498463,0.0038462424417957664,0.009082288015633821,0.035685179010033576,0.1276678347028792,0.03366700969636441,0.05745500884950161,0.36871934831142406,0.09587820215757475,5517460f53e440553a4b8a16401292c629c56a6ee2f6d667b721f52a30411e2d,5517460f53e440553a4b8a16401292c629c56a6ee2f6d667b721f52a30411e2d,d46a65dbbd4210ea7c8a30e0bb19b9dc19bd6c6d96b842cba944bec1ee704a80,d46a65dbbd4210ea7c8a30e0bb19b9dc19bd6c6d96b842cba944bec1ee704a80,63f2ca1033ef4b3a565956705f5da5dcb586aacfccab904e82dc44fc86a276dc,891f7630ff2d7c7e6f0e4735c671bc53359de431d528c1ef5cc8fc8dea3081ce,True
123,dp_fisher_wiener_adaptive_beta_alpha0p25_adam,dp_fisher_wiener_adaptive_beta,0.001,e26fe49698c962feabd173bb549a01a7bb961c05b301e53a307778215cd862ec,650,13,conv2,0.015762931240034528,12,-0.05860010261113504,False,True,negative,0.015762931240034528,-0.03365097219287046,0.5742476667007779,50,6,7,36.228492736816406,0.00032009760616347194,0.011596653799965662,0.00018279725646334384,0.001994732126893817,0.014800377255605457,1.4838346032775007e-05,0.17546354234218597,1.9482197967590763e-05,3.338360875204671e-05,6.900460357428528e-05,0.00019329316273797303,0.0010414420394226909,0.03650565797536823,0.001234448468312621,0.004358869744464755,0.06203506365418434,0.12003167849920268,78d8f5a66ef2203522bcf7c252a407215d22fedd9873d2183c5cc0707636bec9,78d8f5a66ef2203522bcf7c252a407215d22fedd9873d2183c5cc0707636bec9,c807bbaf99d1c9cd929329b72e0d312e5f7dd6dade1b1bdb8fad7d584f5df599,c807bbaf99d1c9cd929329b72e0d312e5f7dd6dade1b1bdb8fad7d584f5df599,0b0485163b22cc7926c7904186e1c3ec49bb853ed1f3c8c62241cdc814a4a7c7,0ea7b13b01eba17e5ce8270d56b6a100f9fd8a1142f97c0e9790bdff4bb95bc8,True
123,dp_fisher_wiener_adaptive_beta_alpha0p25_adam,dp_fisher_wiener_adaptive_beta,0.001,e26fe49698c962feabd173bb549a01a7bb961c05b301e53a307778215cd862ec,650,13,fc1,0.0003283242949820655,12,0.0003283242949820655,True,False,none,0.0004956762439100391,0.08441365192463879,257.10449459504616,50,13,0,4034.509033203125,0.0012920689769089222,5.2128639588605665,0.0017115098841303143,0.0003611259056511642,0.009113805894785845,2.8017243636213607e-08,0.40866395831108093,1.487303606495516e-07,4.0097710751751947e-07,1.1932097550015897e-06,4.2442636640771525e-06,1.8414082660456188e-05,0.03752262690552214,0.0004527932847850025,0.003621085430495441,0.05310748741030693,0.06480746518084453,c2dbc765db3846b0c52673910dfb9e71744ef37d734af77875fd8c52c218b6d0,c2dbc765db3846b0c52673910dfb9e71744ef37d734af77875fd8c52c218b6d0,e33e037974b376822ebedf5dea0a88e8b4da8d401ee554ea6350332768a66438,e33e037974b376822ebedf5dea0a88e8b4da8d401ee554ea6350332768a66438,7946abc4c6664486bde2554c37b671eafaec82aff5ae555135ef62a8407f8efb,e8ea5be61ddc91efd6baf93487545e72bed399fb1f66e959626113326913cbd1,True
123,dp_fisher_wiener_adaptive_beta_alpha0p25_adam,dp_fisher_wiener_adaptive_beta,0.001,e26fe49698c962feabd173bb549a01a7bb961c05b301e53a307778215cd862ec,650,13,fc2,0.0033313224854003448,12,0.0033313224854003448,True,False,none,0.005173970429748737,0.02013578952547231,6.044383158255684,50,13,0,1041.470947265625,0.00012016268738079816,0.12514594785246302,0.00041690151003764906,0.007969668094179112,0.05908277695567666,1.7690316767016157e-08,0.7043049931526184,4.2685046992119176e-06,7.332307723117992e-05,0.0001851343986345455,0.0006664930115221068,0.005492655048146851,0.16931379732515617,0.0012796901282854378,0.05265723168849945,0.6237616777420046,0.19255528169192668,2564e8274149e33a113ece07f88498a30f75594da3b3de60e9c038229a5b5ef0,2564e8274149e33a113ece07f88498a30f75594da3b3de60e9c038229a5b5ef0,48a859716a01a8f847dc18aa1a58b3129f6176ac5efa3d959d3122cc2f90da8b,48a859716a01a8f847dc18aa1a58b3129f6176ac5efa3d959d3122cc2f90da8b,64659abd71cec7973b470ddd03de04744786a1c9bacf0e422e1627dbecc06c0e,19659241f0cd678e8e758de4f3a9bcd2a0a62be91114ad794b3ff6210e33163c,True
123,dp_fisher_wiener_adaptive_beta_alpha0p25_adam,dp_fisher_wiener_adaptive_beta,0.001,e26fe49698c962feabd173bb549a01a7bb961c05b301e53a307778215cd862ec,700,14,conv1,0.04646147224432607,13,0.04646147224432607,True,False,none,0.06330836917694374,0.0011679581992220015,0.025138208989161637,50,12,2,3.1417348384857178,0.00016002431220840663,0.0005027539566698665,2.3358689003542113e-05,0.008210503816371784,0.010182333089469642,0.0011373821180313826,0.03031717985868454,0.001606981968507171,0.0016670693294145167,0.0028169681318104267,0.0066600891295820475,0.02644685115665195,0.12760201741475613,0.03347326461225748,0.057288628071546555,0.36877056956291177,0.07108560443315126,b14e5e034b719c1f7e2423292eb8119165310b41cd1c4f248a8a695897aab9a9,b14e5e034b719c1f7e2423292eb8119165310b41cd1c4f248a8a695897aab9a9,2247d32acd18815d0bd924cd7a833d50994dbdf80dd3f858410354e52a893f8c,2247d32acd18815d0bd924cd7a833d50994dbdf80dd3f858410354e52a893f8c,c53d87f0ebe10761766075df862d523e562d8ca68dc83c1133657cfb5bbd0352,10f23b27c9f2f5baa7fe52a59139b5d05e026311f37f2daf3ce81632cfe73a6a,True
123,dp_fisher_wiener_adaptive_beta_alpha0p25_adam,dp_fisher_wiener_adaptive_beta,0.001,e26fe49698c962feabd173bb549a01a7bb961c05b301e53a307778215cd862ec,700,14,conv2,0.015762931240034528,13,-0.002844263776308313,False,True,negative,0.015762931240034528,-0.001649197116481524,0.5798326899982831,50,6,8,36.895023345947266,0.00032010540599003434,0.011810296427166245,0.00018616489050584696,0.002026344400689266,0.01504954247247265,1.4389236639544833e-05,0.17844556272029877,1.939784924616106e-05,3.410247791180154e-05,6.974420466576703e-05,0.00019614960910985246,0.0010503636207431556,0.036808735682304895,0.0012291105813346803,0.004405386513099074,0.06253379061818123,0.1214329288205543,702ae2cc0169f69248343bccfc98a5db9ba1ffd186d095dddc6bca3922b6ff41,702ae2cc0169f69248343bccfc98a5db9ba1ffd186d095dddc6bca3922b6ff41,ae93384b2835e71cfa06cd387efe4e5377520796f3158d7c3efc5922c5de2eb3,ae93384b2835e71cfa06cd387efe4e5377520796f3158d7c3efc5922c5de2eb3,8a258d85c75bf6329056d7b874df1be4f1bd463ff37f381bb76558ab8c02c631,eead4b4550368bc37d5fb9cf82b291f074089cb20a3c196986aeed75dbd66636,True
123,dp_fisher_wiener_adaptive_beta_alpha0p25_adam,dp_fisher_wiener_adaptive_beta,0.001,e26fe49698c962feabd173bb549a01a7bb961c05b301e53a307778215cd862ec,700,14,fc1,0.00026122082740111013,13,0.00026122082740111013,True,False,none,0.0003283242949820655,0.06808543182314919,260.6431979430283,50,14,0,4140.009765625,0.0012924529146403074,5.350767688221367,0.001397731962748311,0.00030805632407646973,0.007958591323659042,3.9512531913032944e-08,0.3637717068195343,1.194016746808302e-07,3.248100526320741e-07,9.864766070677433e-07,3.5519888683666068e-06,1.563569876452665e-05,0.03821431663227106,0.0004568821866996587,0.0037622047821059823,0.05647665485739674,0.05622404476099938,834270900ce5fb9ed4248889643dc5339ad22b0c2a01088096f2771ab230067b,834270900ce5fb9ed4248889643dc5339ad22b0c2a01088096f2771ab230067b,52764fc71f15963c571e18770d3e941e6da8eff32ecd19fbda597405513505d8,52764fc71f15963c571e18770d3e941e6da8eff32ecd19fbda597405513505d8,d0d311facf6f1694ff5a1012535a01501df4d3c3e8a510d88722d8f9959ca4c6,f615eb29c1d99aad35dc2395a60656f81cb3d3013f2d4ebfb2e19056673c4395,True
123,dp_fisher_wiener_adaptive_beta_alpha0p25_adam,dp_fisher_wiener_adaptive_beta,0.001,e26fe49698c962feabd173bb549a01a7bb961c05b301e53a307778215cd862ec,700,14,fc2,0.005439005601616181,13,0.005439005601616181,True,False,none,0.0033313224854003448,0.03403347556945564,6.257297392623151,50,14,0,1143.176025390625,0.00012045981566188857,0.13770677328764513,0.0007489879112919913,0.010722060166243228,0.07003246030690245,3.117641611538602e-08,0.8110166788101196,3.786501224567474e-06,0.00013048183973296545,0.00033848122984636575,0.0011632526002358645,0.010136251337826257,0.17501291244007358,0.0006956934987101704,0.05860491096973419,0.6531034350395204,0.22534988729328959,ac19a3231458cdc3dd18406e7d18467bf701ecc9478df2f6b6a1a42f4c013618,ac19a3231458cdc3dd18406e7d18467bf701ecc9478df2f6b6a1a42f4c013618,61fc20d35c5a842dbb5f76187a09aadf2c11cad986a1569f8ddd6e72e49e08a1,61fc20d35c5a842dbb5f76187a09aadf2c11cad986a1569f8ddd6e72e49e08a1,8a47b2de7f40e4f035f7f41eafa7256d61b78e233615e1cff2a78032fdc0b9d1,7cbf67fd9462fbf6e822dc78864174b8d1592ad598d4d606e3414b2639fbf957,True
123,dp_fisher_wiener_adaptive_beta_alpha0p25_adam,dp_fisher_wiener_adaptive_beta,0.001,e26fe49698c962feabd173bb549a01a7bb961c05b301e53a307778215cd862ec,750,15,conv1,0.11915455181396369,14,0.11915455181396369,True,False,none,0.04646147224432607,0.002995271118984743,0.025137697833493323,50,13,2,3.14143443107605,0.0001600247633177787,0.0005027073013112657,5.989986318135106e-05,0.02039821223152103,0.024863924840891276,0.002948528155684471,0.07406597584486008,0.0041444058297202,0.004283526097424328,0.007207884918898344,0.016930424608290195,0.06510832756757731,0.12767254451755436,0.03373879212886095,0.0574058685451746,0.36871399879455546,0.17486258620076073,aac0e57faf8da9f07bf096346012790f5aedfea23e9358f3703366791688ff01,aac0e57faf8da9f07bf096346012790f5aedfea23e9358f3703366791688ff01,92532478d8c26113e51fa1de6710c6eb7258b3ee518decea6a2531a43532acc8,92532478d8c26113e51fa1de6710c6eb7258b3ee518decea6a2531a43532acc8,608f8564f5e5de60f49711b71e92265d0f6a07080349823ddfd6aa2d3896c0a2,3963b7d1bca53aeb731acf802d20e1d238071bd96e653743649441c143fa97de,True
123,dp_fisher_wiener_adaptive_beta_alpha0p25_adam,dp_fisher_wiener_adaptive_beta,0.001,e26fe49698c962feabd173bb549a01a7bb961c05b301e53a307778215cd862ec,750,15,conv2,0.015762931240034528,14,-0.0312126893419702,False,True,negative,0.015762931240034528,-0.01843155567088603,0.5905148213583122,50,6,9,37.02656555175781,0.0003201091312803328,0.01185254173306749,0.00018683080035798252,0.0020327057940899692,0.01509544718615972,1.4349135199154261e-05,0.17899179458618164,1.914311560540227e-05,3.458323681115871e-05,7.007167369010858e-05,0.00019649304158519953,0.0010598889202810824,0.03689074700418257,0.0012129888986237348,0.0044259808491915464,0.06306568011641503,0.12167400541804409,69f60ef2eeab0a65ae1ec40c0d60a03fba62ae8c0ed3327e165d9c0ffb8a4b5c,69f60ef2eeab0a65ae1ec40c0d60a03fba62ae8c0ed3327e165d9c0ffb8a4b5c,1342636eaacdf73a56e0065f9543d3ea4a17a4af8924e8e907aba8778fa15deb,1342636eaacdf73a56e0065f9543d3ea4a17a4af8924e8e907aba8778fa15deb,81d7c01dcb95a641bd330a2889552a9cb40193407a79b9c36fe97a1d6f4c9dcd,6422cb73198f6e40495915dc21bb05bef58ca5b385429968027cb43934f20aaf,True
123,dp_fisher_wiener_adaptive_beta_alpha0p25_adam,dp_fisher_wiener_adaptive_beta,0.001,e26fe49698c962feabd173bb549a01a7bb961c05b301e53a307778215cd862ec,750,15,fc1,0.00020976061591143245,14,0.00020976061591143245,True,False,none,0.00026122082740111013,0.05611901629401528,267.53838441106836,50,15,0,4228.677734375,0.001292439759708941,5.465311234902174,0.0011464070507807515,0.0002626178053380767,0.006907008119104833,2.5729972819021896e-08,0.31909507513046265,9.44418530934854e-08,2.6273117015307434e-07,8.072501316291891e-07,2.878914983739378e-06,1.2693982807831925e-05,0.03852296876510325,0.0004500337439822033,0.003833684604614973,0.05706393346190391,0.04862824234359914,d56cf8ad025732383584234a8a4647fca3261508ee2e123a4e12c41fe7c1b5c7,d56cf8ad025732383584234a8a4647fca3261508ee2e123a4e12c41fe7c1b5c7,e2283eb666c71b0ba6b585b9a700e994f9b57476d64f800639ebcaf242be870d,e2283eb666c71b0ba6b585b9a700e994f9b57476d64f800639ebcaf242be870d,536287233cab5fac6990bdea1a34a8dbb52e8e26a0fb983d47b2067c7b5e3088,cbb4fcce6b4d7c17a9bea5ee7c5c55c05045e53a7c7d17c5970e87932dac9276,True
123,dp_fisher_wiener_adaptive_beta_alpha0p25_adam,dp_fisher_wiener_adaptive_beta,0.001,e26fe49698c962feabd173bb549a01a7bb961c05b301e53a307778215cd862ec,750,15,fc2,0.004908785363975606,14,0.004908785363975606,True,False,none,0.005439005601616181,0.03379864966173497,6.885338664382257,50,15,0,1139.45361328125,0.00012036038970109075,0.1371450809408472,0.0006732157660636806,0.010283908544927245,0.0681213806162356,2.4706366730242735e-08,0.7939519286155701,4.235313554090681e-06,0.00013322403174242936,0.0003272231697337702,0.0011064650607295334,0.009779924340546135,0.1799532750743645,0.00086206256528385,0.06251395680010319,0.6679955244064332,0.21635843341451555,23a90738a4bd878d26be34e4dd6480aefdd92a16e551a4c585fae627a837f6e6,23a90738a4bd878d26be34e4dd6480aefdd92a16e551a4c585fae627a837f6e6,fef8f762d026786cb0af9e0ef4c0069cdfdb429ff64c2a83682d434774b4250c,fef8f762d026786cb0af9e0ef4c0069cdfdb429ff64c2a83682d434774b4250c,2c3eafc4594ed85070535d1bd7896a14c08d490d2a5ad91105dfc9328b071eb1,caa5f3f8b29529aedc54775fd9cb5dfba19edcfd8ca107b64d992bca5588f953,True
123,dp_fisher_wiener_adaptive_beta_alpha0p25_adam,dp_fisher_wiener_adaptive_beta,0.001,e26fe49698c962feabd173bb549a01a7bb961c05b301e53a307778215cd862ec,800,16,conv1,0.11915455181396369,15,-0.07120137845286563,False,True,negative,0.11915455181396369,-0.0017896726405841092,0.025135365065563284,50,13,3,3.141395092010498,0.00016002591291908175,0.0005027046174385028,5.989954338569487e-05,0.020395740483945702,0.024907490501336785,0.0029260870069265366,0.0742286816239357,0.004127942677587271,0.004269054974429309,0.007182551082223654,0.01696278527379036,0.06512582749128336,0.1275907577481121,0.03360860850661993,0.057213930413126945,0.3687758505344389,0.17496633393647662,d37e0f313e92305eab901f6cbd1c773b915eff787949f69720b70301c56b84a5,d37e0f313e92305eab901f6cbd1c773b915eff787949f69720b70301c56b84a5,8a0a388de181a5798349e4ef6b912413c3a18eb38ceae582dd9997f388c00ecc,8a0a388de181a5798349e4ef6b912413c3a18eb38ceae582dd9997f388c00ecc,563e5718424a845830c2785178fbff41ab22cff155d9a784f779dbb142d235e0,6f09fc9cdd9b86f77ceef4fc5855114b43336a15169c62cbe9902074be649b27,True
123,dp_fisher_wiener_adaptive_beta_alpha0p25_adam,dp_fisher_wiener_adaptive_beta,0.001,e26fe49698c962feabd173bb549a01a7bb961c05b301e53a307778215cd862ec,800,16,conv2,0.008871253037855489,15,0.008871253037855489,True,False,none,0.015762931240034528,0.005257344842789197,0.5926270866533745,50,7,9,37.425865173339844,0.00032011617440730333,0.011980624783173077,0.00010628315400313091,0.0012176242490399686,0.009286232386631751,8.554965461371467e-06,0.11044610291719437,1.1219898988201749e-05,1.954089157152339e-05,3.991665471403394e-05,0.00011112840184068773,0.0006052993820048868,0.037076860088526356,0.0012631646124646068,0.004479574039578438,0.06390958651900291,0.07457329438606085,cec36c71b76b2cf7d76267226dceaa2c14f0925b06422d27334c90e5f96e24a6,cec36c71b76b2cf7d76267226dceaa2c14f0925b06422d27334c90e5f96e24a6,032f566c559a96e0e08ae35cd5e564f44ff7c36b5f1d2906561b6b1608f124a7,032f566c559a96e0e08ae35cd5e564f44ff7c36b5f1d2906561b6b1608f124a7,0fd57f0acd86832c8a750b6d72ab84d956b95dcfe24f48d68e4d43c7b11d5e1e,462d28128f9a904e15a37686ef677029a7da767f04d27f9a5cc2364355f85322,True
123,dp_fisher_wiener_adaptive_beta_alpha0p25_adam,dp_fisher_wiener_adaptive_beta,0.001,e26fe49698c962feabd173bb549a01a7bb961c05b301e53a307778215cd862ec,800,16,fc1,2.3718504560363046e-05,15,2.3718504560363046e-05,True,False,none,0.00020976061591143245,0.00648145047244153,273.2655617451087,50,16,0,4301.11669921875,0.0012927204370498657,5.560141459216538,0.00013187824055669112,3.659014184624439e-05,0.0010403131554804238,3.4607348098347757e-09,0.05216337740421295,1.1185768133969989e-08,3.0798234185169804e-08,9.428809022438145e-08,3.360151055176175e-07,1.4602762803406222e-06,0.038910285172589806,0.00047138278605416426,0.00395955634303391,0.05799638107419014,0.007290149324849839,0f70d7765b9bce2b8353ef75200f44028a219d101fb629e83e61fdb4899ea2f7,0f70d7765b9bce2b8353ef75200f44028a219d101fb629e83e61fdb4899ea2f7,402ed76ec2d3ce23d5606738121b396a7b337507cc335b2560cd032820edf920,402ed76ec2d3ce23d5606738121b396a7b337507cc335b2560cd032820edf920,a3a876d4be744188b4fcc927c915216ade2dc1b8dcdccef0a98e226657f65c16,d9eb1b7ea83beec94cb6966e7fa3d509fa64a2daabb96ee77b2f2f0214989c21,True
123,dp_fisher_wiener_adaptive_beta_alpha0p25_adam,dp_fisher_wiener_adaptive_beta,0.001,e26fe49698c962feabd173bb549a01a7bb961c05b301e53a307778215cd862ec,800,16,fc2,0.004354630962706801,15,0.004354630962706801,True,False,none,0.004908785363975606,0.029860810792397184,6.85725404704236,50,16,0,1160.22314453125,0.0001204292057082057,0.13972475174017518,0.0006084497301842879,0.009851356050944369,0.06629902784071721,2.500647156011837e-08,0.7796077132225037,2.8039957442160823e-06,0.00013156628119759262,0.0003150312986690551,0.001094672188628465,0.009515354223549448,0.18676103642321196,0.0006434984388761225,0.06748322397470474,0.6880439341068286,0.2069623247650834,f37c680c3fe0ea6dfe1bfe5f1a9f0ee9b7a8cbe93b9cb2563c742496e96f0ab9,f37c680c3fe0ea6dfe1bfe5f1a9f0ee9b7a8cbe93b9cb2563c742496e96f0ab9,8124ff3e1242e0358c05e8800185c47894af5e098510683187e8bed8f5234cfa,8124ff3e1242e0358c05e8800185c47894af5e098510683187e8bed8f5234cfa,534072de7ac01cea7eef48e14689ca3f42409a33103e71da310fb2b13d878ec7,f4da2214d3a3f1659234036f69dd9be885ab735a7aa26fd67db5814659dba8b8,True
123,dp_fisher_wiener_adaptive_beta_alpha0p25_adam,dp_fisher_wiener_adaptive_beta,0.001,e26fe49698c962feabd173bb549a01a7bb961c05b301e53a307778215cd862ec,850,17,conv1,0.0725113072783857,16,0.0725113072783857,True,False,none,0.11915455181396369,0.0018225884492673304,0.025135230871925138,50,14,3,3.1412012577056885,0.00016002714983187616,0.000502677484318946,3.6449801527377005e-05,0.012665361027029576,0.015595009469301474,0.0017842919332906604,0.046429045498371124,0.0025216192821972076,0.0026104070711880922,0.004402301739901304,0.010365100810304284,0.040663072839379276,0.12765744503121823,0.03367921393364668,0.057448748499155045,0.3687316268682478,0.10923311272388218,104c8b9960aeeef2b9f0654f419aa673df432ae85fcce045cdc62409cf319a39,104c8b9960aeeef2b9f0654f419aa673df432ae85fcce045cdc62409cf319a39,8cca928945f1356feb0ebe31589a4c992e71feaa25c72f02eebe0199c08b3129,8cca928945f1356feb0ebe31589a4c992e71feaa25c72f02eebe0199c08b3129,d63b8d7a29432132a7d7bdb04462ee65ec3aac78544bcf597a19e01ae19423c2,5d8b6db6467f04a9dd8bb393a24cbae8dbaa01d2d7bda7a6b6e6cfa69c641674,True
123,dp_fisher_wiener_adaptive_beta_alpha0p25_adam,dp_fisher_wiener_adaptive_beta,0.001,e26fe49698c962feabd173bb549a01a7bb961c05b301e53a307778215cd862ec,850,17,conv2,0.014804840620520893,16,0.014804840620520893,True,False,none,0.008871253037855489,0.008868562022457005,0.5990312391586539,50,8,9,37.77777862548828,0.0003201229264959693,0.012093533050108185,0.0001790428293458536,0.001956061666572458,0.01460194558111645,1.4329376426758245e-05,0.17325609922409058,1.910690298245754e-05,3.3059672205126844e-05,6.61355079500936e-05,0.00018586061923997477,0.0010179559234529735,0.037205574858922646,0.001288945775013417,0.004447580315172672,0.0643961027264595,0.11705902567881558,55e2fc0fb39e4cdc1c7b88f1b3aa76de2bcc81c34b6a987ea8c2786e6b8b75f8,55e2fc0fb39e4cdc1c7b88f1b3aa76de2bcc81c34b6a987ea8c2786e6b8b75f8,53c999643f43c25ebdc123fba5420f8092e00a11cdffbf92f750c81f0809c30b,53c999643f43c25ebdc123fba5420f8092e00a11cdffbf92f750c81f0809c30b,3fad68011b6e3cc461832b9f5151f5b29e8a830f63ffa48b4ca694e080961267,c725ca85c4da251265eed3ada9a7a1c4e975b75e5ad538aa7a6fc4cf42756864,True
123,dp_fisher_wiener_adaptive_beta_alpha0p25_adam,dp_fisher_wiener_adaptive_beta,0.001,e26fe49698c962feabd173bb549a01a7bb961c05b301e53a307778215cd862ec,850,17,fc1,0.0005483713356925916,16,0.0005483713356925916,True,False,none,2.3718504560363046e-05,0.15245110993151645,278.0070729608269,50,17,0,4444.537109375,0.0012929278891533613,5.746465983088001,0.003151197226658009,0.0005635467363695457,0.013013204544837549,5.3788081544325905e-08,0.5666747093200684,2.6173262597239954e-07,7.281908693812511e-07,2.1802673018100904e-06,7.970444130478427e-06,3.470697811280841e-05,0.03932972202269656,0.0004770632862346247,0.00396015914157033,0.059525646641850435,0.09077209367448834,566d84d2fe10a47e05eeca18da03d50a0763530ab2a0a91e9bd9ff70a310c262,566d84d2fe10a47e05eeca18da03d50a0763530ab2a0a91e9bd9ff70a310c262,0974550e35246a82b134bb0861ff22213f88ab5242211854312c810a9ab46968,0974550e35246a82b134bb0861ff22213f88ab5242211854312c810a9ab46968,e6c3a428f7f51025bc41b31f6c09c16d2c469455c124c8999526478f710b30de,f6fa4bd49537c795d16f97ca47042b40b0381a8606fa8218d219dddccb03c936,True
123,dp_fisher_wiener_adaptive_beta_alpha0p25_adam,dp_fisher_wiener_adaptive_beta,0.001,e26fe49698c962feabd173bb549a01a7bb961c05b301e53a307778215cd862ec,850,17,fc2,0.00488041654905389,16,0.00488041654905389,True,False,none,0.004354630962706801,0.034095749535259866,6.986237587008759,50,17,0,1210.747314453125,0.00012068797514075413,0.14612264178845358,0.0007131393591758424,0.01070994085243571,0.06909765903361839,2.0861870453359188e-08,0.8032170534133911,3.1688419767306187e-06,0.00015369868924608454,0.0003728441661223769,0.0013320771977305412,0.011121371481567634,0.19182334561059772,0.0006488780723884702,0.07099844887852669,0.697372514009476,0.2130126908351074,53a0ed739bbf8780295d9990c7c24bc83546f9d0d29f3f35c503e2b982137d7a,53a0ed739bbf8780295d9990c7c24bc83546f9d0d29f3f35c503e2b982137d7a,d1bc9b3db98edbab4e056c466e462d6724ee5b10efcf3ce5fd7909ac688b5bec,d1bc9b3db98edbab4e056c466e462d6724ee5b10efcf3ce5fd7909ac688b5bec,36038ef2d6c29a6620f44728d8e65fecb66b87814a0dd693fdca0279064d8d85,fe21281298f4141ae6081e774224f21f5f1870a81acb372f9b380fd5ed1b3688,True
123,dp_fisher_wiener_adaptive_beta_alpha0p25_adam,dp_fisher_wiener_adaptive_beta,0.001,e26fe49698c962feabd173bb549a01a7bb961c05b301e53a307778215cd862ec,900,18,conv1,0.045908621696982614,17,0.045908621696982614,True,False,none,0.0725113072783857,0.0011538615231594701,0.025133874215947302,50,15,3,3.1411147117614746,0.00016002805205062032,0.0005026664685907345,2.3076724746290224e-05,0.008113467925431906,0.010061541042499976,0.0011304151266813278,0.029955800622701645,0.0015912453643977644,0.0016467794484924525,0.0027831175830215216,0.006578164524398744,0.026141049526631807,0.1275941109051928,0.033541876822710044,0.057280849665403366,0.3687778979539869,0.07025593702309996,392a65dc6f6c3519e9f9d9195937fc5d07f3e577cf18fabf26c94227f9f8180e,392a65dc6f6c3519e9f9d9195937fc5d07f3e577cf18fabf26c94227f9f8180e,4051b25cbbdc0ddf0e4fa3832ca9689cc71d93bc6569b5b563dd030d51529633,4051b25cbbdc0ddf0e4fa3832ca9689cc71d93bc6569b5b563dd030d51529633,19c7f27cf01da1d45fbdae47decbcf7bf8f529c3a08179ed9fd72755fa8ac636,74f7369155051f6dc3b8d8de532cf55d638edc875ce0bffa9daaeb9a48fa807e,True
123,dp_fisher_wiener_adaptive_beta_alpha0p25_adam,dp_fisher_wiener_adaptive_beta,0.001,e26fe49698c962feabd173bb549a01a7bb961c05b301e53a307778215cd862ec,900,18,conv2,0.014804840620520893,17,-0.03981429662895202,False,True,negative,0.014804840620520893,-0.02407477560745211,0.6046766525054093,50,8,10,38.616519927978516,0.0003201281069777906,0.012362233422613889,0.00018302089553547511,0.001993603443433805,0.014896423501437895,1.4804933016421273e-05,0.17674732208251953,1.957421573024476e-05,3.282382203906309e-05,6.639663479290903e-05,0.0001854064357758034,0.0010298997745849191,0.0375158990404402,0.0013204296585172415,0.004465063335373998,0.06510320529341698,0.11865675210745791,7e5495adafd6c8e6853b9f4c316caef9bfaa392e0f618cf4e30480862641e110,7e5495adafd6c8e6853b9f4c316caef9bfaa392e0f618cf4e30480862641e110,70108e27be01c6098b80f0f0dd7c7d3e8c6322f22e30594f3a28449a1cc7dd27,70108e27be01c6098b80f0f0dd7c7d3e8c6322f22e30594f3a28449a1cc7dd27,a6b4574687f6c7862b97e32c3d0e069b0a481ab5a6b91c91a25c87e5e0357c3c,07d251bb574e041d1aa6ff782c597787c417857548350cb5a648419068151558,True
123,dp_fisher_wiener_adaptive_beta_alpha0p25_adam,dp_fisher_wiener_adaptive_beta,0.001,e26fe49698c962feabd173bb549a01a7bb961c05b301e53a307778215cd862ec,900,18,fc1,6.106231548588544e-05,17,6.106231548588544e-05,True,False,none,0.0005483713356925916,0.017544625939411418,287.32329915440005,50,18,0,4529.302734375,0.0012929898221045732,5.856342336777288,0.00035760182336164236,9.4462290292563e-05,0.002646085143196234,6.657738360615895e-09,0.13028737902641296,2.964494036916677e-08,8.023939201962094e-08,2.4852289470800315e-07,9.007656132098418e-07,3.9856030070950464e-06,0.03973793802640796,0.00048525111633352947,0.0040534911677241325,0.06127202771604055,0.018377759427695355,f12ec6f1c5ea6b18c7cbebc8ae9cfcb47b7c34afabb83cd07d4f9f931d3045b7,f12ec6f1c5ea6b18c7cbebc8ae9cfcb47b7c34afabb83cd07d4f9f931d3045b7,821d31452f178dd7db53112c14a285a9b96a20820b4d3c6130ade68d99aee9e3,821d31452f178dd7db53112c14a285a9b96a20820b4d3c6130ade68d99aee9e3,6bab96cae83d085e789e00ea233f5bef43b14d3b261dfe439d7630626e9c7fa4,2ef4197de68710ec9972d6d18b05f640faef95828cd5f68996a29c5a5c48aaf5,True
123,dp_fisher_wiener_adaptive_beta_alpha0p25_adam,dp_fisher_wiener_adaptive_beta,0.001,e26fe49698c962feabd173bb549a01a7bb961c05b301e53a307778215cd862ec,900,18,fc2,0.0037060904628208676,17,0.0037060904628208676,True,False,none,0.00488041654905389,0.027077186456718888,7.306132089422679,50,18,0,1239.2265625,0.00012066814088029787,0.14953516542635725,0.0005541908504429633,0.009402517685129041,0.06449502455766529,2.1270285088803575e-08,0.7613947987556458,2.2381841972674013e-06,0.00012824395525967702,0.0003073886036872864,0.0010864273936022073,0.008636975847184663,0.19752642502651888,0.0006035573780536652,0.07661080360412598,0.7015623331069948,0.19552422514996057,187656208f486b62c05627539ac1b281ae106c6660790f6b77ae7a570b8e5ae3,187656208f486b62c05627539ac1b281ae106c6660790f6b77ae7a570b8e5ae3,c35a84646517fbedacf9a9d9116d7af409c48311f28e7e974078f927efe8610c,c35a84646517fbedacf9a9d9116d7af409c48311f28e7e974078f927efe8610c,3cdfcb85aca4670f10eb94cd06b1301c2d306738db7c53bdc0a5415276c1bf82,fba3292f2debcdeda4559206f85512f7c94eec52eb7a522fbe658618d89bff41,True
123,dp_fisher_wiener_adaptive_beta_alpha0p25_adam,dp_fisher_wiener_adaptive_beta,0.001,e26fe49698c962feabd173bb549a01a7bb961c05b301e53a307778215cd862ec,950,19,conv1,0.045908621696982614,18,-0.03587234459783828,False,True,negative,0.045908621696982614,-0.0009015912389532641,0.025133323429536725,50,15,4,3.1412367820739746,0.00016002923075575382,0.0005026897058569776,2.307779153715545e-05,0.00811461481716833,0.010024571955509487,0.001139479922130704,0.029814038425683975,0.001605113141704351,0.0016608217265456915,0.0028041762998327613,0.0066165681928396225,0.026127445138990856,0.12776225609704853,0.03382464423775673,0.05768870376050472,0.36866565346717817,0.07015631093021817,7f34ab18bc3321b9112ece284b3018cf973ad30faae8a6c7aa4335ea7087939b,7f34ab18bc3321b9112ece284b3018cf973ad30faae8a6c7aa4335ea7087939b,dba2824a6cf053ef62d1d553ca36ea0e7c86725bd98fb324934528d5ca367ddf,dba2824a6cf053ef62d1d553ca36ea0e7c86725bd98fb324934528d5ca367ddf,9dbe76f3764ad821acf2ed5762aa2b3a1fdc474a54dffdf6635a2f0fcd6c4e23,e252e35d768137b81812d8c55ff6609dead8f8435590ace0e8015cc7c57cb06d,True
123,dp_fisher_wiener_adaptive_beta_alpha0p25_adam,dp_fisher_wiener_adaptive_beta,0.001,e26fe49698c962feabd173bb549a01a7bb961c05b301e53a307778215cd862ec,950,19,conv2,0.021764905562290816,18,0.021764905562290816,True,False,none,0.014804840620520893,0.013453142149109323,0.6181116711306944,50,9,10,39.140777587890625,0.00032013579038903117,0.012530363769540642,0.0002727221841052024,0.002820227611754615,0.020467048656300484,2.1735406335210428e-05,0.24196726083755493,2.895531306421617e-05,4.889320371148642e-05,9.864689491223544e-05,0.0002806360862450674,0.0015446763718500733,0.037880755054106104,0.001328637939877808,0.004512376384809613,0.06636358425021172,0.16212823618998948,95bdc0b599f9ed0433ab462fff791f971e38d01b09539c996c678ad1b9e7510f,95bdc0b599f9ed0433ab462fff791f971e38d01b09539c996c678ad1b9e7510f,850b53ec4cf13d44efc80b59154c35e6e0348d4df500cbb36c8b4d113a05ed27,850b53ec4cf13d44efc80b59154c35e6e0348d4df500cbb36c8b4d113a05ed27,404b2c30be10663b4c7c5070e8a6b4f1dd0499ebba9652075b68dd9c09436f58,39679fbf34e27cc97b0c4ff454cec5f5fdf379070c0481e6a063b0918325f6b5,True
123,dp_fisher_wiener_adaptive_beta_alpha0p25_adam,dp_fisher_wiener_adaptive_beta,0.001,e26fe49698c962feabd173bb549a01a7bb961c05b301e53a307778215cd862ec,950,19,fc1,0.0002359257162560926,18,0.0002359257162560926,True,False,none,6.106231548588544e-05,0.06908308802225305,292.8171168388644,50,19,0,4653.22216796875,0.001293232082389295,6.017696194102257,0.0014197292848051374,0.0003118760975826254,0.008044951721514903,2.3934996207231052e-08,0.3730514943599701,1.1704809779189418e-07,3.2196717825172527e-07,9.836589924816508e-07,3.608290228385158e-06,1.610095368960174e-05,0.040663223902376255,0.0004958766861818731,0.004152051405981183,0.06388687267899514,0.055306096307080235,5393371cf372daa024627093d0df5b0599facf341ffe7f8fd1ddd81c40c2baa1,5393371cf372daa024627093d0df5b0599facf341ffe7f8fd1ddd81c40c2baa1,e9a30f27fa6d08c143deba04b902ecb32e88a2cc3f49a92b254323c091ec7373,e9a30f27fa6d08c143deba04b902ecb32e88a2cc3f49a92b254323c091ec7373,4daba14ab8623931b07b4256948e990e39d49a1e5e97dbf3ffa193a5d89895b9,da9e3b9865fa2f4b2cb07894a3ac0cd64b4d2d441f745ac952973d92bcd6c1bd,True
123,dp_fisher_wiener_adaptive_beta_alpha0p25_adam,dp_fisher_wiener_adaptive_beta,0.001,e26fe49698c962feabd173bb549a01a7bb961c05b301e53a307778215cd862ec,950,19,fc2,0.004235888319000054,18,0.004235888319000054,True,False,none,0.0037060904628208676,0.03167071302546237,7.476758271317863,50,19,0,1259.0107421875,0.00012101481843274087,0.15235895637069063,0.0006453755235856473,0.010318574381049156,0.06723805597363677,0.0,0.7885515689849854,3.7629462212862568e-06,0.0001591330255905632,0.0003888779174303636,0.001248720072908327,0.01038652053102851,0.20320258401501096,0.000887563527794555,0.0841158889234066,0.7124589383602142,0.20125524501983974,32b7afe1b9a1bab3fd18e1ee89068d0f5ac5289779d2d13ed3f95cd5415f2f0d,32b7afe1b9a1bab3fd18e1ee89068d0f5ac5289779d2d13ed3f95cd5415f2f0d,1b34e28eb38dec335b4590161286bda1959625a2e7ed1f2f311c0af04841d7c7,1b34e28eb38dec335b4590161286bda1959625a2e7ed1f2f311c0af04841d7c7,32268f91f0ad8b2f6916ca78bfa2ae3988d055a2814d7f8df6a874ae937e65bb,f89469123048d8f9155e9ffcf5c35f92d12cd59d561e7c466ac7c64811c928fa,True
123,dp_fisher_wiener_adaptive_beta_alpha0p25_adam,dp_fisher_wiener_adaptive_beta,0.001,e26fe49698c962feabd173bb549a01a7bb961c05b301e53a307778215cd862ec,1000,20,conv1,0.03803168826353806,19,0.03803168826353806,True,False,none,0.045908621696982614,0.0009559069093221107,0.025134485292848882,50,16,4,3.141058921813965,0.0001600299437996,0.000502663482729121,1.9117140876618276e-05,0.006745730910915882,0.008347511560082278,0.0009449312929064035,0.02482321858406067,0.0013301898899953813,0.0013762411545030773,0.002324259956367314,0.005479957675561309,0.02174239493906496,0.12775830103782937,0.0338273860514164,0.05769065208733082,0.3686679422855375,0.058382983985547574,06594c0d409b82fe2abdc111cc421d91e74c953fa3e8e1914f414f3b13f3c671,06594c0d409b82fe2abdc111cc421d91e74c953fa3e8e1914f414f3b13f3c671,f30a6b8b3005c8497cf73e8eb0e38910235144bc3087c7b62d63dced201b34a8,f30a6b8b3005c8497cf73e8eb0e38910235144bc3087c7b62d63dced201b34a8,1998899848e2b62359e333aac380798b2e37c626d10c857c840cf738fb28a6ad,4a06868c48696e54abf5761e74d3cc3fe42656f300f9c6b6522f344ef259e88e,True
123,dp_fisher_wiener_adaptive_beta_alpha0p25_adam,dp_fisher_wiener_adaptive_beta,0.001,e26fe49698c962feabd173bb549a01a7bb961c05b301e53a307778215cd862ec,1000,20,conv2,0.021764905562290816,19,-0.04160635008833438,False,True,negative,0.021764905562290816,-0.026067135086484464,0.6265181884770321,50,9,11,39.62904357910156,0.00032014038879424334,0.012686857418957587,0.0002761282536058605,0.0028474550226127546,0.020703502579330714,2.138177842425648e-05,0.2447730302810669,2.8227748043718747e-05,4.8452511691721156e-05,9.78049065452069e-05,0.00028087381360819563,0.001538921403698623,0.037957083373676766,0.0012952952878549696,0.004474030341953039,0.06613233461976051,0.16352226524388874,742c42e3c3ba1a817e86bff09b8a1b001ff8f0f0821072896ca26b76bbee3305,742c42e3c3ba1a817e86bff09b8a1b001ff8f0f0821072896ca26b76bbee3305,659089aec4bdd57daf1f28f765e6cd4b7c9272315fb7e6262f51f3c98f329a78,659089aec4bdd57daf1f28f765e6cd4b7c9272315fb7e6262f51f3c98f329a78,dd4da752844c526e2545d1e7ded8238c368369f7c74e6e03f00f4f35999b763d,b388898ae05a11cb516da7885bb7a69d6d3f436a675488f15b565e71d185c074,True
123,dp_fisher_wiener_adaptive_beta_alpha0p25_adam,dp_fisher_wiener_adaptive_beta,0.001,e26fe49698c962feabd173bb549a01a7bb961c05b301e53a307778215cd862ec,1000,20,fc1,0.0004537758379134509,19,0.0004537758379134509,True,False,none,0.0002359257162560926,0.1365342566393668,300.88480970511284,50,20,0,4805.49267578125,0.0012931610690429807,6.214276045891495,0.0028198883197498993,0.0005215040947987421,0.012271588576476,6.358705917364205e-08,0.5429040193557739,2.43075638195478e-07,6.495612865364819e-07,1.9978197087766603e-06,7.238958460220601e-06,3.203589149052272e-05,0.04119289688841536,0.0005353866959922016,0.004383367951959372,0.06594499349594107,0.08402544447249714,8e16b655985ec3829bdf0a535518e36178db2b318bc0c6f94c08b49d0de4a508,8e16b655985ec3829bdf0a535518e36178db2b318bc0c6f94c08b49d0de4a508,27a65f26a2f184e9b46e6305729980b6c73e1431cc0c4679c11e8c044ae1250d,27a65f26a2f184e9b46e6305729980b6c73e1431cc0c4679c11e8c044ae1250d,940a46eddbaa6b94d513867b52e0484fbd1a067b5b4881b49f8725ce2515fcaa,774120ff4f000c72e18e7f01b69bfb42def1a5afd90d9b988599cb652112114d,True
123,dp_fisher_wiener_adaptive_beta_alpha0p25_adam,dp_fisher_wiener_adaptive_beta,0.001,e26fe49698c962feabd173bb549a01a7bb961c05b301e53a307778215cd862ec,1000,20,fc2,0.004390061601180045,19,0.004390061601180045,True,False,none,0.004235888319000054,0.033443260197941735,7.617947818534532,50,20,0,1334.176513671875,0.00012079559382982552,0.16116264424280047,0.0007075139360349585,0.01081258305593627,0.06886892181543958,0.0,0.8070510029792786,1.7130000742326963e-06,0.00017310407929471694,0.0004153980262344703,0.0014150518109090626,0.01129752201959491,0.20837268626620073,0.00039004798745736493,0.08647573366761208,0.72244091629982,0.20363209717711991,a9d3c29660d7d80dbda02b62453312aac832b4ac963198d1b4b426f8efa5ee8c,a9d3c29660d7d80dbda02b62453312aac832b4ac963198d1b4b426f8efa5ee8c,53a2e7c622048cf2c6b6c2ed8cbd3ecc4f1086a03b739717f38314ebf05f0da1,53a2e7c622048cf2c6b6c2ed8cbd3ecc4f1086a03b739717f38314ebf05f0da1,150da3099ad960ac3e7f65a02bb416f001a37eb2a3663adc743a38941b38bb4f,5e27bf91bdc595feaad4cbaf584a622c192ef289e142f6759df0a3924ec6c811,True
123,dp_fisher_wiener_adaptive_beta_alpha0p25_adam,dp_fisher_wiener_adaptive_beta,0.001,e26fe49698c962feabd173bb549a01a7bb961c05b301e53a307778215cd862ec,1050,21,conv1,0.034926630520812206,20,0.034926630520812206,True,False,none,0.03803168826353806,0.0008778170868792338,0.02513317413645605,50,17,4,3.141432523727417,0.000160030453116633,0.0005027248702074265,1.7558485795358056e-05,0.006204012783928192,0.007705925479205671,0.0008597302949056029,0.02293836511671543,0.0012149402231443674,0.0012585544027388096,0.0021249172859825194,0.005013848887756467,0.020012384839355926,0.1276398176676594,0.033645580336451535,0.05743686854839325,0.36877051889896373,0.053779773897918826,8b983b0187895a5d5dff764f7f739df0f8436f6930c7818bff293662e8ce52af,8b983b0187895a5d5dff764f7f739df0f8436f6930c7818bff293662e8ce52af,2b88a46f933d54ae9b9db080a0c8b97a46c8176ecdf6042ecb16929e1532c0e7,2b88a46f933d54ae9b9db080a0c8b97a46c8176ecdf6042ecb16929e1532c0e7,9550ec0e9e5bffc100a04bbbe5bb3820516c9d3b94fe6b87e762986716d4368e,72341bf889bfeff17dacd45ca448601af2fc07fcb3b4566f7d457c34d0a00569,True
123,dp_fisher_wiener_adaptive_beta_alpha0p25_adam,dp_fisher_wiener_adaptive_beta,0.001,e26fe49698c962feabd173bb549a01a7bb961c05b301e53a307778215cd862ec,1050,21,conv2,0.021764905562290816,20,-0.016830537596870292,False,True,negative,0.021764905562290816,-0.010676331538794923,0.6343428709478793,50,9,12,40.04377746582031,0.0003201444342266768,0.012819792481093994,0.00027902157267917666,0.0028708860959976187,0.020896119181393242,2.174551264033653e-05,0.24707527458667755,2.8587964152393397e-05,4.8892595259530935e-05,9.700300506665371e-05,0.00028394272521836683,0.0015248157316818834,0.03808409191473841,0.0013118034228682518,0.0044375064317137,0.06556504219770432,0.16463097765255288,30d273ff6e5bacc4f9f9bc306f95098973bd3c281b88ae5d737940b08d4c43ea,30d273ff6e5bacc4f9f9bc306f95098973bd3c281b88ae5d737940b08d4c43ea,02943faf8669f3567c07a8e7f38e66bd9cfd05fbb27f96fc188c109906200832,02943faf8669f3567c07a8e7f38e66bd9cfd05fbb27f96fc188c109906200832,e2df2c47740607840749e808611edd5cf6bf0ba9f492d8218990c6d66ace35a2,d4b945c7983f129cfa5ba5aa6a4c20a029ffde12371fc42b85399e9c6143581d,True
123,dp_fisher_wiener_adaptive_beta_alpha0p25_adam,dp_fisher_wiener_adaptive_beta,0.001,e26fe49698c962feabd173bb549a01a7bb961c05b301e53a307778215cd862ec,1050,21,fc1,0.0004537758379134509,20,-0.00017385477363366378,False,True,negative,0.0004537758379134509,-0.054019077762778256,310.71380229457475,50,20,1,4868.1845703125,0.0012931551318615675,6.295317859948909,0.002856663136829829,0.0005272263004656,0.012348696202457897,3.9332039847295164e-08,0.5439665913581848,2.4563998692883613e-07,6.580333717920439e-07,1.97220208519866e-06,7.325049750761536e-06,3.2881322840693915e-05,0.041467981599565974,0.000541031698230654,0.00432740431278944,0.06756775379180827,0.08443504625092194,5543cfa3bfbb68aa217d2d4d992f9b30dbf2dca328d23a11be8fb3830a3a46e4,5543cfa3bfbb68aa217d2d4d992f9b30dbf2dca328d23a11be8fb3830a3a46e4,178e795061fc57b3720f6bb140eb3187d6ba9869db46bc5406c19367efe1ccd4,178e795061fc57b3720f6bb140eb3187d6ba9869db46bc5406c19367efe1ccd4,5a0625653a9d4024974c2299b1619ac38516988aebc51faa1b65ffcf2f223c84,fe3dc141cb2a155d553df2c045e9c950443cb0438335107d16014c7095734319,True
123,dp_fisher_wiener_adaptive_beta_alpha0p25_adam,dp_fisher_wiener_adaptive_beta,0.001,e26fe49698c962feabd173bb549a01a7bb961c05b301e53a307778215cd862ec,1050,21,fc2,0.00260620681593015,20,0.00260620681593015,True,False,none,0.004390061601180045,0.021001159094945626,8.058132212140023,50,21,0,1376.9169921875,0.00012061278539476916,0.16607379368512198,0.0004328226530495424,0.00824954106966979,0.0596424372281317,1.4942717285748586e-08,0.717901349067688,1.3708458254768632e-06,0.00011093958346464206,0.00026693065592553467,0.0008544497977709398,0.006704907352104804,0.21190693001182997,0.0005257169017568231,0.09292812272906303,0.7214445352554327,0.1745863843620126,7959dc4cd200e45a970cb49945fd346a087f9133efbbd71821bddaf585b2dbbd,7959dc4cd200e45a970cb49945fd346a087f9133efbbd71821bddaf585b2dbbd,d1b3cc62974ba6533a81201d1fd556f188258872f70835a857da1502e48b29ab,d1b3cc62974ba6533a81201d1fd556f188258872f70835a857da1502e48b29ab,eac12890d639cda9e65c1a40656524efd95b10a5ebc5e791caba614938a626a4,e7c29178c1fde6c8cb359d8d67bd125cb9a09f8b40666a65f593868acc4cd3fb,True
123,dp_fisher_wiener_adaptive_beta_alpha0p25_adam,dp_fisher_wiener_adaptive_beta,0.001,e26fe49698c962feabd173bb549a01a7bb961c05b301e53a307778215cd862ec,1100,22,conv1,0.04226488826226984,21,0.04226488826226984,True,False,none,0.034926630520812206,0.0010623805232990494,0.025136243510371324,50,18,4,3.1423797607421875,0.00016003247583284974,0.0005028828131186103,2.125428590547399e-05,0.0074851761870377235,0.00927491062121976,0.001044027623720467,0.027610711753368378,0.0014729027985595168,0.0015240099164657295,0.002573311678133905,0.006082662381231785,0.024115362390875795,0.12770379974972457,0.03371378593146802,0.05750171095132828,0.36877123415470103,0.06478791221282079,a2e7d3c5aebe918befac74260fc292b903ae127ee1d9c5fa1a830d8f697a934c,a2e7d3c5aebe918befac74260fc292b903ae127ee1d9c5fa1a830d8f697a934c,8b5feecf4a75d3b4ff5762f3a35d20f39344aefd3e492e0c51d9ca0e3473c836,8b5feecf4a75d3b4ff5762f3a35d20f39344aefd3e492e0c51d9ca0e3473c836,56b9d2c042b8bf6d5dbd460009d8e95ad0d054dc7beeaf26ee8110daa6f31524,c388750647a4c57b1bf53224eb23cffa3f25930bc8303779f06eb28d0b4265f6,True
123,dp_fisher_wiener_adaptive_beta_alpha0p25_adam,dp_fisher_wiener_adaptive_beta,0.001,e26fe49698c962feabd173bb549a01a7bb961c05b301e53a307778215cd862ec,1100,22,conv2,0.0076779587333220736,21,0.0076779587333220736,True,False,none,0.021764905562290816,0.004921491881979614,0.6409896240546997,50,10,12,40.48785400390625,0.0003201536601409316,0.012962334650602259,9.952427053483494e-05,0.0011443298096078878,0.0088090483365633,7.747030394966714e-06,0.10483786463737488,1.018224938889034e-05,1.725859419821063e-05,3.445699258008972e-05,9.982964184018783e-05,0.0005345370038412512,0.03824110540414855,0.0013244231813587248,0.004467883380129933,0.06512079685926438,0.0690864168848515,0b26f85f4011dd62730a9583cd6899c1c09f0d9b067419c3a9c60fe6f5d4d56d,0b26f85f4011dd62730a9583cd6899c1c09f0d9b067419c3a9c60fe6f5d4d56d,d032600c321053ad264ef225869a0e03921c59e7111f4f68dd416d5431b73a06,d032600c321053ad264ef225869a0e03921c59e7111f4f68dd416d5431b73a06,c93240386c28763e7bbae02c61b061365b3e16a0a1ffaf0e3222a97d6f79fefe,7d8719565bbfacca944b9043333ef58bac8568eafd4569e7c0a36048165f7a73,True
123,dp_fisher_wiener_adaptive_beta_alpha0p25_adam,dp_fisher_wiener_adaptive_beta,0.001,e26fe49698c962feabd173bb549a01a7bb961c05b301e53a307778215cd862ec,1100,22,fc1,0.00036956730865093837,21,0.00036956730865093837,True,False,none,0.0004537758379134509,0.11632718393017516,314.76589299744546,50,21,1,4984.1533203125,0.0012936678249388933,6.447838785050635,0.0023829104264062994,0.00046164307673487044,0.011183127480661642,2.8485420244805937e-08,0.5047039985656738,1.9543854534731508e-07,5.34753183956127e-07,1.6190454630304885e-06,6.172634584800107e-06,2.7160902391187847e-05,0.04187125870444285,0.0005285513179842383,0.00436181970871985,0.06846397370100021,0.07608194587243988,acc6faae76767f48aa6e59023527ac5020d3a5d1f9ed26625de67153f7125f12,acc6faae76767f48aa6e59023527ac5020d3a5d1f9ed26625de67153f7125f12,632613ff6072cade326ba0f69c8341ea134a850002263681ffe4fdc0fbe1527c,632613ff6072cade326ba0f69c8341ea134a850002263681ffe4fdc0fbe1527c,98dfaf0ed68f44a6c83222b76a988b42dd68f9966e6c28e799035b93b4a6ee85,66ead22fe9488231a0c9192c8ec044e8ff1b4eb47d05a070679fc5b3f82fdebd,True
123,dp_fisher_wiener_adaptive_beta_alpha0p25_adam,dp_fisher_wiener_adaptive_beta,0.001,e26fe49698c962feabd173bb549a01a7bb961c05b301e53a307778215cd862ec,1100,22,fc2,0.0016860099281036022,21,0.0016860099281036022,True,False,none,0.00260620681593015,0.01400010324754725,8.3036896842561,50,22,0,1492.8994140625,0.00012113747652620077,0.18084606772697498,0.0003049082656461763,0.00666907431408685,0.05246353079022115,9.672525003168175e-09,0.6484456658363342,5.03784281136177e-06,7.408337478409521e-05,0.00018150190589949489,0.0005907627055421472,0.004762984253466134,0.21741492350427705,0.002979139890521765,0.09720508009195328,0.739482480287552,0.1510523356346778,1977e182acf6e38de6bbbbf592b585650c5b068be2660b0819c84ad4a6efd42c,1977e182acf6e38de6bbbbf592b585650c5b068be2660b0819c84ad4a6efd42c,5a85e8ec01b39146aa4c6ecbec91a13c9ae3c57833e1b8d32aef3eb577118d63,5a85e8ec01b39146aa4c6ecbec91a13c9ae3c57833e1b8d32aef3eb577118d63,3399cfd14a3659adb37d8a02602cd25183a4a7beebd6a64ceb9eec01c51111cf,be664eedeabfe4412fcb49efc9bf22bb900ef3500182da4f6b0a99f7d556a3a6,True
123,dp_fisher_wiener_adaptive_beta_alpha0p25_adam,dp_fisher_wiener_adaptive_beta,0.001,e26fe49698c962feabd173bb549a01a7bb961c05b301e53a307778215cd862ec,1150,23,conv1,0.04226488826226984,22,-0.08363135019477912,False,True,negative,0.04226488826226984,-0.002102838432542908,0.025144140655930514,50,18,5,3.1417205333709717,0.00016003462951630354,0.000502784081601787,2.1250113028947487e-05,0.00748368168133311,0.009276025768995425,0.0010398909216746688,0.02761361189186573,0.0014698508311994376,0.0015228557749651372,0.0025703004794195294,0.0060734652215614915,0.024116963148117045,0.12767094330629333,0.03364611230790616,0.05743912793695927,0.36878713369369487,0.06479063616145975,469cb7fb21b992120303946dfb2c850c665e1cdaf9c2d5e2fa35e0492c51f2af,469cb7fb21b992120303946dfb2c850c665e1cdaf9c2d5e2fa35e0492c51f2af,3f957e46b626e5a5aef597169a2b5e327272227037a0fa96dfb8ae8f0b0c069e,3f957e46b626e5a5aef597169a2b5e327272227037a0fa96dfb8ae8f0b0c069e,224069af1daf0851afd4fb2b007af5659e410890911666737e8ac450c9cc934d,4d881d80ac3688e92e3e735fe2e9d874f9e0a6687a7babd99b5388c71ed83126,True
123,dp_fisher_wiener_adaptive_beta_alpha0p25_adam,dp_fisher_wiener_adaptive_beta,0.001,e26fe49698c962feabd173bb549a01a7bb961c05b301e53a307778215cd862ec,1150,23,conv2,0.025516014834720047,22,0.025516014834720047,True,False,none,0.0076779587333220736,0.016537356161868647,0.6481167325301129,50,11,12,40.35533142089844,0.0003201622166670859,0.012920252362049744,0.000329673350938388,0.003302666190507682,0.023651074187984986,2.6046922357636504e-05,0.2790191173553467,3.3507876287330875e-05,5.842009522893932e-05,0.00011391879161237739,0.0003310410611447878,0.0017836609040386975,0.03826606302248146,0.0013115312671288849,0.004445259692147374,0.06544544994831085,0.18563347274817357,b553b0bf2b05e530c1a51b3896deb25fad92f34434a3daa0d18f61d1df3f0ad2,b553b0bf2b05e530c1a51b3896deb25fad92f34434a3daa0d18f61d1df3f0ad2,69c0dbd92cafd8eedf58293e091b8e7e83eef3e81f52f0e95ef3fd4bdb3161cb,69c0dbd92cafd8eedf58293e091b8e7e83eef3e81f52f0e95ef3fd4bdb3161cb,485f6b58357b60270b2229b3a5879cc47545a5823d985f0df7cd2c885fee9d07,6dbfb414a998baa494365488b6727426ea14717082e826e15ab766958c7e4644,True
123,dp_fisher_wiener_adaptive_beta_alpha0p25_adam,dp_fisher_wiener_adaptive_beta,0.001,e26fe49698c962feabd173bb549a01a7bb961c05b301e53a307778215cd862ec,1150,23,fc1,3.568288933478093e-05,22,3.568288933478093e-05,True,False,none,0.00036956730865093837,0.011503875890773507,322.39193925253176,50,22,1,4978.02392578125,0.0012939657317474484,6.441392371779841,0.00022984749116412213,6.238952133439411e-05,0.0017652243471210464,5.005978298555647e-09,0.08776645362377167,1.7969486165725358e-08,5.198048569354796e-08,1.5862189428617057e-07,5.919022640910043e-07,2.6394334327051183e-06,0.041898509056014485,0.0005033349094446749,0.004425648367032409,0.06887473165988922,0.012011864852870612,3c4fc89af0200e16048a5f9b84b82157a63dc1fe9c41fd63f3540d6f6f430197,3c4fc89af0200e16048a5f9b84b82157a63dc1fe9c41fd63f3540d6f6f430197,e0451dbe2d2ec550ace24238a2c065e3eddfb264c5f8fddac0f087bb61d58422,e0451dbe2d2ec550ace24238a2c065e3eddfb264c5f8fddac0f087bb61d58422,cb70efe977a2ef6fc5ca2e4fcb1fce5e29878d244e8ddb4f05755115da1c6012,e10b748c384247cfd2d3aab48257c5f0fcfd27ee4d66aa8e8aae0f267bac7b75,True
123,dp_fisher_wiener_adaptive_beta_alpha0p25_adam,dp_fisher_wiener_adaptive_beta,0.001,e26fe49698c962feabd173bb549a01a7bb961c05b301e53a307778215cd862ec,1150,23,fc2,0.002122137982486721,22,0.002122137982486721,True,False,none,0.0016860099281036022,0.01918901546533898,9.042303386348749,50,23,0,1581.123046875,0.00012091319513274357,0.19117863949567493,0.00040570745231390773,0.007809172773403986,0.05850085694840214,1.1463093585462047e-08,0.7011632323265076,3.8693695387337355e-06,9.401884926774073e-05,0.00022539593192050233,0.0007786143105477095,0.006084025651216534,0.22046068641103064,0.0018200239283032715,0.0960334837436676,0.7425523936748513,0.16694068354509922,2fb371080899339bea9ce12ead36e616b39ceb308629f74bb207b665aae56233,2fb371080899339bea9ce12ead36e616b39ceb308629f74bb207b665aae56233,461f6224db47bd4dcdba14796785daa581a209af7d12b960bfcde12479d04be9,461f6224db47bd4dcdba14796785daa581a209af7d12b960bfcde12479d04be9,7541ff48279e3ecd5ebc1b081025296ba0afbcb495cb37148016efc0b032b93a,f1f29acfb78b1e160fdd04b295bf503368061933a702a26f949b1627cd2494a1,True
