seed,method,config_fingerprint,clean_clipped_norm,actual_noise_norm,noisy_gradient_norm,filtered_gradient_norm,relmse_noisy,relmse_filtered,cosine_noisy,cosine_filtered,signal_retention,noise_retention,snr_in,snr_out,snr_gain_db,mse_reduction,clip_rate,wiener_filter_time,step,epoch,train_loss,refresh_time,diagnostic_spectrum_time,active_state_bytes,test_loss,test_accuracy
42,dp_fisher_wiener,b47a1595ee654f8a78e687241bff5037cb0f0d90ae4862e4d6981afb2651c309,0.10232851681315358,1.8980261676600805,1.9007811897798015,0.0829792908915913,344.041658491307,1.0187803671310862,0.053821285786439764,0.3938755586422454,0.23941664405616905,0.001025906065992739,0.0029066247508787923,0.6783216966270388,23.6804674097828,0.9970387877689046,1.0,0.002059904858469963,0,1,2.3067173957824707,0.15162063762545586,0.004708262160420418,10905008,,
42,dp_fisher_wiener,b47a1595ee654f8a78e687241bff5037cb0f0d90ae4862e4d6981afb2651c309,0.10826571965280027,1.9019209135722894,1.9050370909787337,0.08346080623396003,308.6050111092325,0.8969426248151335,0.05717478393778742,0.4522875238638139,0.304494126979145,0.0010089915204897337,0.003240388081580614,0.9778864537032512,24.796914037855604,0.9970935578084394,1.0,0.0015142327174544334,1,1,2.3152689933776855,0.0,0.0,10905008,,
42,dp_fisher_wiener,b47a1595ee654f8a78e687241bff5037cb0f0d90ae4862e4d6981afb2651c309,0.09004485416078677,1.90088069853947,1.903086206642895,0.07293538696532752,445.6479608993057,1.1959889129791188,0.04813683248143048,0.2840123752200749,0.1732252441105914,0.0010214806408475896,0.0022439236518852594,0.3805301899637064,22.29381041485488,0.9973162921904426,1.0,0.0015491098165512085,2,1,2.3096940517425537,0.0,0.0,10905008,,
42,dp_fisher_wiener,b47a1595ee654f8a78e687241bff5037cb0f0d90ae4862e4d6981afb2651c309,0.107986491322045,1.8961725153328282,1.8994678025898295,0.07914164568322869,308.3307460332763,0.9539275373685139,0.05891472568732496,0.39787461522479706,0.24607951364558414,0.0009369154306754451,0.003243270458036133,0.8518404016366473,24.19375067862678,0.9969061549986802,1.0,0.0012881811708211899,3,1,2.3075623512268066,0.0,0.0,10905008,,
42,dp_fisher_wiener,b47a1595ee654f8a78e687241bff5037cb0f0d90ae4862e4d6981afb2651c309,0.09958730900165279,1.9031808496520182,1.9054973695500996,0.08112075268984434,365.2179577153574,1.1215918280955142,0.04937863519662716,0.3326489232984719,0.22940438679562564,0.0011846038768007152,0.002738090991347886,0.5302448329598041,22.87028568641456,0.9969289795192127,1.0,0.0011401781812310219,4,1,2.3038182258605957,0.0,0.0,10905008,,
42,dp_fisher_wiener,b47a1595ee654f8a78e687241bff5037cb0f0d90ae4862e4d6981afb2651c309,0.10938990479909341,1.8970184428424353,1.8996494925305352,0.07859274764073175,300.7382148525806,0.949676397615305,0.0528275061042479,0.3942538201269201,0.2755377495664567,0.0010360188221435137,0.00332515108000606,0.8843513513476007,24.248134611682943,0.9968421825005493,1.0,0.0011397581547498703,5,1,2.307875633239746,0.0,0.0,10905008,,
42,dp_fisher_wiener,b47a1595ee654f8a78e687241bff5037cb0f0d90ae4862e4d6981afb2651c309,0.11359629286736517,1.9022060922786213,1.9054971140364456,0.08139431626767919,280.40568804650746,0.915926745785075,0.058753710628852554,0.4169288712107446,0.25825973961305854,0.0009991081982048929,0.0035662614652680336,0.9218438592372911,24.124441860117475,0.9967335657412452,1.0,0.0011700373142957687,6,1,2.3056538105010986,0.0,0.0,10905008,,
42,dp_fisher_wiener,b47a1595ee654f8a78e687241bff5037cb0f0d90ae4862e4d6981afb2651c309,0.10908464726035096,1.897301356636275,1.9003433115603474,0.09151366245427221,302.5139255515174,0.9732884507057165,0.056565168285833446,0.4353818328368478,0.26730526265002935,0.0011533531539894048,0.0033056329492686023,0.766125345505737,23.65045201346442,0.9967826656279343,1.0,0.0013457033783197403,7,1,2.3102869987487793,0.0,0.0,10905008,,
42,dp_fisher_wiener,b47a1595ee654f8a78e687241bff5037cb0f0d90ae4862e4d6981afb2651c309,0.10636488551691052,1.9039278890809401,1.9068555911414797,0.07926319208294541,320.40880119513673,1.0095956784559714,0.055394076360740736,0.3661620553668665,0.24465210181129787,0.0010672250812459347,0.003121012894094347,0.7154651606379407,23.60292927727048,0.9968490388694384,1.0,0.0015684617683291435,8,1,2.298175573348999,0.0,0.0,10905008,,
42,dp_fisher_wiener,b47a1595ee654f8a78e687241bff5037cb0f0d90ae4862e4d6981afb2651c309,0.09462115465813277,1.8975386377086567,1.8996180541058756,0.07687151344169647,402.1654601683399,1.110478054118405,0.04686951376362761,0.3382130781245564,0.23072914277225015,0.0010807722017858376,0.0024865387481795335,0.5308398502534624,23.29368286505936,0.9972387532891231,1.0,0.001544388011097908,9,1,2.3076984882354736,0.0,0.0,10905008,,
42,dp_fisher_wiener,b47a1595ee654f8a78e687241bff5037cb0f0d90ae4862e4d6981afb2651c309,0.10048681796317227,1.9047282538585915,1.9073950803179374,0.08088047700319706,359.2922586288371,1.060161456469878,0.05286188977848924,0.36507058262585973,0.23327568806417182,0.001074510226328469,0.0027832495019986777,0.6042422181027052,23.36658925748067,0.9970493061539498,1.0,0.0012062983587384224,10,1,2.306875705718994,0.0,0.0,10905008,,
42,dp_fisher_wiener,b47a1595ee654f8a78e687241bff5037cb0f0d90ae4862e4d6981afb2651c309,0.10903737053223574,1.897438706211509,1.9009377501529612,0.0884179495131234,302.8201508859046,0.9438117246800696,0.06074067405046784,0.44009372036494454,0.2713286942571339,0.0010608533318714668,0.0033022901447941886,0.8446088125163533,24.078403798918075,0.9968832598427857,1.0,0.001136195845901966,11,1,2.3005051612854004,0.0,0.0,10905008,,
42,dp_fisher_wiener,b47a1595ee654f8a78e687241bff5037cb0f0d90ae4862e4d6981afb2651c309,0.12465227334936739,1.898633967403865,1.902699136941763,0.090964997795838,231.9968487755015,0.8107209749196659,0.06533393442518985,0.4945625847933653,0.29542425193359145,0.0009151185524177937,0.004310403374931373,1.391511175139745,25.0896878429154,0.9965054655733537,1.0,0.0011758161708712578,12,1,2.2990036010742188,0.0,0.0,10905008,,
42,dp_fisher_wiener,b47a1595ee654f8a78e687241bff5037cb0f0d90ae4862e4d6981afb2651c309,0.10112201582653342,1.8924709284918557,1.8950128570526703,0.07898212796719149,350.2410098366791,1.0173289307146092,0.05180147214826542,0.37943559797841914,0.23613214946018765,0.0010028047350076398,0.0028551767834618727,0.6723133700009417,23.719387442660445,0.9970953460555955,1.0,0.0014175623655319214,13,1,2.300636053085327,0.0,0.0,10905008,,
42,dp_fisher_wiener,b47a1595ee654f8a78e687241bff5037cb0f0d90ae4862e4d6981afb2651c309,0.11622024421424372,1.8976143430392822,1.9011520903719756,0.08852517358456258,266.5952094684231,0.8348587636770539,0.060977445441900105,0.489253726900512,0.32012563985711273,0.0009556492418864823,0.003751005135912364,1.2565205583283003,25.250219397086685,0.9968684404894541,1.0,0.001140659675002098,14,1,2.3074052333831787,0.0,0.0,10905008,,
42,dp_fisher_wiener,b47a1595ee654f8a78e687241bff5037cb0f0d90ae4862e4d6981afb2651c309,0.10304123271563446,1.8955749546459515,1.8984948020604187,0.07980961841815051,338.4229700039055,1.0034699111652339,0.05545251138562468,0.38503032077650196,0.25003186684010215,0.001025017206977166,0.0029548821697711514,0.7207827342218068,23.872642073319334,0.9970348646513167,1.0,0.0011298758909106255,15,1,2.3031437397003174,0.0,0.0,10905008,,
42,dp_fisher_wiener,b47a1595ee654f8a78e687241bff5037cb0f0d90ae4862e4d6981afb2651c309,0.11053141522348837,1.8989570777773228,1.9021200130091844,0.08483453883246872,295.160906534661,0.9439768861263945,0.05764671630361596,0.4202540097996479,0.2745127491731162,0.0010736462377959118,0.003387982547073658,0.8662484627086466,24.07701312339921,0.9968018227847011,1.0,0.0012298822402954102,16,1,2.3012146949768066,0.0,0.0,10905008,,
42,dp_fisher_wiener,b47a1595ee654f8a78e687241bff5037cb0f0d90ae4862e4d6981afb2651c309,0.10184585550743122,1.8969231100909925,1.8994460951620453,0.07744980678343338,346.9067368512238,1.023807406580154,0.051565488826340634,0.36457725631657084,0.24073617237328823,0.0010273006136846444,0.0028826191413289823,0.6755088910963241,23.698438033283015,0.9970487531724731,1.0,0.0011346638202667236,17,1,2.303326368331909,0.0,0.0,10905008,,
42,dp_fisher_wiener,b47a1595ee654f8a78e687241bff5037cb0f0d90ae4862e4d6981afb2651c309,0.10756093207048613,1.8957245046966285,1.898384353497406,0.07823432637292865,310.62852462536904,0.9664986633400636,0.05304103738926341,0.38670421007614464,0.288673497616188,0.0011301323778515312,0.003219279366308449,0.8223113084275187,24.072775965603913,0.9968885707952757,1.0,0.0012539355084300041,18,1,2.3029797077178955,0.0,0.0,10905008,,
42,dp_fisher_wiener,b47a1595ee654f8a78e687241bff5037cb0f0d90ae4862e4d6981afb2651c309,0.12374410980917543,1.8980744238961509,1.9025469013434269,0.09662574096940296,235.2758780144473,0.7906538537958524,0.06862111639838807,0.524475572710981,0.3456250563948884,0.001066806600363498,0.004250329478625985,1.377025943559151,25.105195253064096,0.9966394606176028,1.0,0.0011362843215465546,19,1,2.2929043769836426,0.0,0.0,10905008,,
42,dp_fisher_wiener,b47a1595ee654f8a78e687241bff5037cb0f0d90ae4862e4d6981afb2651c309,0.09670442160441761,1.8975379083570927,1.8997835838964152,0.0806986209241442,385.0244048028499,1.0701740539934341,0.04865976243203766,0.3751974940398155,0.2527575054857244,0.0010673431699536294,0.002597237960551711,0.6150518469048544,23.743999850069294,0.9972205033222735,1.0,0.001236424781382084,20,1,2.2984795570373535,0.0,0.0,10905008,,
42,dp_fisher_wiener,b47a1595ee654f8a78e687241bff5037cb0f0d90ae4862e4d6981afb2651c309,0.10999202454919495,1.896618808748845,1.8998071647487884,0.0852263705140651,297.32930415227173,0.9357024566696608,0.05791103998637555,0.4289114615278902,0.28814605571599367,0.0010933829409424218,0.0033632742751953364,0.8863447381820275,24.208403852124363,0.9968529759979857,1.0,0.0011479295790195465,21,1,2.2892508506774902,0.0,0.0,10905008,,
42,dp_fisher_wiener,b47a1595ee654f8a78e687241bff5037cb0f0d90ae4862e4d6981afb2651c309,0.11199508635965753,1.898821455673634,1.9022063746812874,0.08814140510756159,287.45530154171365,0.9179609790750863,0.05963513196157117,0.44562628732514437,0.2986767453358003,0.001086800301752983,0.003478801728674615,0.9560516096018956,24.390516596692493,0.9968065957588832,1.0,0.0014327671378850937,22,1,2.2933506965637207,0.0,0.0,10905008,,
42,dp_fisher_wiener,b47a1595ee654f8a78e687241bff5037cb0f0d90ae4862e4d6981afb2651c309,0.10106581524537195,1.89509488131812,1.897962558165765,0.08176951292718325,351.6036298628498,0.9544981493452321,0.05497773255271253,0.43265573989943235,0.2824168220089927,0.0009651991600427178,0.002844111706957889,0.8321857527611084,24.66273626141524,0.9972853006389119,1.0,0.001553686335682869,23,1,2.302877426147461,0.0,0.0,10905008,,
42,dp_fisher_wiener,b47a1595ee654f8a78e687241bff5037cb0f0d90ae4862e4d6981afb2651c309,0.11282714637428441,1.8981250152010838,1.9016492282509025,0.08968735884427265,283.02344779920327,0.9094643201359378,0.06087216704817453,0.4544018674859441,0.3044353007192187,0.0011209682373911716,0.003533276156789094,0.9595757964004973,24.339017022853486,0.9967866114019609,1.0,0.0013042185455560684,24,1,2.298290967941284,0.0,0.0,10905008,,
42,dp_fisher_wiener,b47a1595ee654f8a78e687241bff5037cb0f0d90ae4862e4d6981afb2651c309,0.0949582220879499,1.9017815316728697,1.9041259547301201,0.07257760171386625,401.1031769357526,1.1454887594364074,0.04960865430050704,0.28697900778158775,0.1921103714620841,0.0010468040970149808,0.002493124107189506,0.4575402404572456,22.636853977831457,0.9971441543590178,1.0,0.0011405963450670242,25,1,2.2961554527282715,0.0,0.0,10905008,,
42,dp_fisher_wiener,b47a1595ee654f8a78e687241bff5037cb0f0d90ae4862e4d6981afb2651c309,0.10833562848497219,1.8959612877512466,1.8993409464477504,0.08241631938680118,306.2783627150516,0.9412456404200324,0.05968770197304013,0.41899103451430675,0.24773223574224063,0.0009164172939099726,0.0032650037405511268,0.8826183023302376,24.318892456173273,0.9969268294629893,1.0,0.0011363504454493523,26,1,2.2952046394348145,0.0,0.0,10905008,,
42,dp_fisher_wiener,b47a1595ee654f8a78e687241bff5037cb0f0d90ae4862e4d6981afb2651c309,0.09719012578815946,1.9003109644239857,1.902683794880889,0.07746580925842557,382.3006706162829,1.1253641534284813,0.04993936529040855,0.319884993487534,0.197610735279915,0.001070774369449809,0.002615742206995923,0.4827335762750953,22.661125667114895,0.9970563374853253,1.0,0.0011823410168290138,27,1,2.2908291816711426,0.0,0.0,10905008,,
42,dp_fisher_wiener,b47a1595ee654f8a78e687241bff5037cb0f0d90ae4862e4d6981afb2651c309,0.12082820101867259,1.8962425154540399,1.8999916753929311,0.08598084375141266,246.29247350040706,0.8780188392324024,0.06279526892904407,0.4415074951383918,0.27361522117882514,0.001042414424656153,0.0040602133947449815,1.0657337039273338,24.190998408737094,0.996435056147866,1.0,0.0014082826673984528,28,1,2.285834789276123,0.0,0.0,10905008,,
42,dp_fisher_wiener,b47a1595ee654f8a78e687241bff5037cb0f0d90ae4862e4d6981afb2651c309,0.10103094859606129,1.8999011478204066,1.9028242577813324,0.08086782073532042,353.633296020551,1.0310434636245736,0.055458223878574235,0.38082127897781204,0.22550599721910738,0.0010153831881689638,0.002827788025490788,0.6280221752055698,23.465281275249723,0.9970844276395162,1.0,0.0012905122712254524,29,1,2.291508913040161,0.0,0.0,10905008,,
42,dp_fisher_wiener,b47a1595ee654f8a78e687241bff5037cb0f0d90ae4862e4d6981afb2651c309,0.11975022587639025,1.895365878333469,1.8992154512680204,0.09427597891781986,250.51482587944793,0.8486061128331492,0.06364034185993563,0.4897868749365885,0.3276219992835326,0.0011095732458327253,0.003991779713713249,1.1786467051012914,24.7021707961815,0.9966125513336234,1.0,0.0011363299563527107,30,1,2.2916178703308105,0.0,0.0,10905008,,
42,dp_fisher_wiener,b47a1595ee654f8a78e687241bff5037cb0f0d90ae4862e4d6981afb2651c309,0.1002469468969568,1.899308939618447,1.9018216969883053,0.07597694493127398,358.96236289083674,0.9896317463102743,0.05140462210193174,0.38578906130847795,0.25972256990837705,0.000926639434433246,0.002785807380603639,0.780818326017153,24.475989129784846,0.9972430765767748,1.0,0.001166176050901413,31,1,2.2979001998901367,0.0,0.0,10905008,,
42,dp_fisher_wiener,b47a1595ee654f8a78e687241bff5037cb0f0d90ae4862e4d6981afb2651c309,0.10357637781038523,1.8944906047626073,1.8970979472116343,0.0798413515309664,334.5518789416675,1.0900944970150832,0.05245447654567466,0.32698381395251847,0.2172165418774086,0.0012004817472609987,0.0029890730342628504,0.5408462971742783,22.57537333963515,0.9967416279338701,1.0,0.0014070356264710426,32,1,2.2895443439483643,0.0,0.0,10905008,,
42,dp_fisher_wiener,b47a1595ee654f8a78e687241bff5037cb0f0d90ae4862e4d6981afb2651c309,0.10158255433055989,1.901032931449721,1.9038777097713333,0.07669572564138236,350.2200632054439,0.9998265644321835,0.05466147742818426,0.3776192723120112,0.24118040016731887,0.000936362332649561,0.0028553475513371745,0.7354566078740766,24.10898076298272,0.9971451476672101,1.0,0.0011448422446846962,33,1,2.2903835773468018,0.0,0.0,10905008,,
42,dp_fisher_wiener,b47a1595ee654f8a78e687241bff5037cb0f0d90ae4862e4d6981afb2651c309,0.11176712422241203,1.902321869660851,1.905514157743627,0.08650736244679924,289.69423193789976,0.9360399116524182,0.05786532258825021,0.4283163212563064,0.2916358722896042,0.0010964391058874456,0.0034519154669742837,0.9181562137854249,24.248564257514964,0.9967688693510031,1.0,0.0011371169239282608,34,1,2.291449546813965,0.0,0.0,10905008,,
42,dp_fisher_wiener,b47a1595ee654f8a78e687241bff5037cb0f0d90ae4862e4d6981afb2651c309,0.09592347794058695,1.8958824709235544,1.8982698098204922,0.07279508892072314,390.63665162619475,1.1324395427891958,0.050138330204363674,0.29218448776406974,0.1919679988270672,0.0010597042692434059,0.0025599236419012582,0.4637363770942747,22.58044153381863,0.997101041241075,1.0,0.0011692382395267487,35,1,2.289442539215088,0.0,0.0,10905008,,
42,dp_fisher_wiener,b47a1595ee654f8a78e687241bff5037cb0f0d90ae4862e4d6981afb2651c309,0.1054540931315848,1.902948829425342,1.9062556398056887,0.0847294248808006,325.6321958632229,1.0263995875809389,0.058990628869880865,0.38530762507646854,0.24485303922152865,0.001150203911227746,0.003070949410450298,0.6537373842945639,23.2813065876489,0.9968479787913485,1.0,0.0014175986871123314,36,1,2.2882161140441895,0.0,0.0,10905008,,
42,dp_fisher_wiener,b47a1595ee654f8a78e687241bff5037cb0f0d90ae4862e4d6981afb2651c309,0.09842673942687745,1.8959673159500217,1.8983142664232977,0.07520583400255774,371.0526142031383,1.1155777219034728,0.049754677854523,0.3064076288820959,0.21191382970749365,0.0011037570873257108,0.0026950355869182325,0.5174284440796554,22.832857946616056,0.9969934783391866,1.0,0.0014555221423506737,37,1,2.2915453910827637,0.0,0.0,10905008,,
42,dp_fisher_wiener,b47a1595ee654f8a78e687241bff5037cb0f0d90ae4862e4d6981afb2651c309,0.10646198496376362,1.8988076210532903,1.9015818225240282,0.08100094545204249,318.1066980680737,0.9285676489389464,0.05403214010657547,0.42736476635845233,0.28973129275365056,0.0009636481650003753,0.003143599320557209,0.9451572969709297,24.780769052283482,0.9970809553694466,1.0,0.001146676018834114,38,1,2.2955267429351807,0.0,0.0,10905008,,
42,dp_fisher_wiener,b47a1595ee654f8a78e687241bff5037cb0f0d90ae4862e4d6981afb2651c309,0.09946646468004666,1.9073994480254761,1.910054026006709,0.07222312545011328,367.73074438215195,1.0899576078776212,0.05270723016766722,0.30110734899459146,0.18541852891664837,0.0009794644282182508,0.002719381001386799,0.5147952393408761,22.771644627978617,0.997035989988521,1.0,0.0011420594528317451,39,1,2.2867860794067383,0.0,0.0,10905008,,
42,dp_fisher_wiener,b47a1595ee654f8a78e687241bff5037cb0f0d90ae4862e4d6981afb2651c309,0.11890611594537284,1.9017360904848626,1.9056139821385338,0.09234853809475495,255.79503501333858,0.9152899232311229,0.06377877001581421,0.4428609272512208,0.27023647705277765,0.001102289727057919,0.003909380023255142,0.9584205121592135,23.894482104150818,0.9964217838583804,1.0,0.0011408627033233643,40,1,2.2880821228027344,0.0,0.0,10905008,,
42,dp_fisher_wiener,b47a1595ee654f8a78e687241bff5037cb0f0d90ae4862e4d6981afb2651c309,0.10696377695328087,1.8946937649187252,1.8975163920959737,0.07633475273670966,313.76506887399194,1.0276046959079723,0.05455420461816696,0.3374847624794077,0.24557979166252147,0.001167378462840694,0.0031870979248933484,0.6704653796511021,23.22980949717332,0.9967249232057748,1.0,0.0014478852972388268,41,1,2.2834513187408447,0.0,0.0,10905008,,
42,dp_fisher_wiener,b47a1595ee654f8a78e687241bff5037cb0f0d90ae4862e4d6981afb2651c309,0.10545485004654825,1.9035523865761583,1.9061626567311474,0.07901992271988341,325.83411228325497,1.048580503382487,0.052397098451465784,0.34224615419578663,0.210805149760027,0.0010598953888567323,0.0030690463711806793,0.610410033470182,22.986182131048253,0.9967818578109138,1.0,0.0015460280701518059,42,1,2.2899746894836426,0.0,0.0,10905008,,
42,dp_fisher_wiener,b47a1595ee654f8a78e687241bff5037cb0f0d90ae4862e4d6981afb2651c309,0.09837185654806979,1.8965784242289667,1.8994385987423217,0.0779144965192044,371.70626037025806,1.1458759741948028,0.05494822126715307,0.303931553940996,0.1913871558337455,0.0011549036987203208,0.002690296361703137,0.44582779457370914,22.193670160707526,0.9969172540353421,1.0,0.0013697799295186996,43,1,2.2846362590789795,0.0,0.0,10905008,,
42,dp_fisher_wiener,b47a1595ee654f8a78e687241bff5037cb0f0d90ae4862e4d6981afb2651c309,0.11741540948898732,1.899935406564624,1.9038242470979092,0.08827388508463722,261.8348668466408,0.9070914389688959,0.06392325755662415,0.43769423090999815,0.2576708991420575,0.00103564424978729,0.003819201055881137,0.9502268467994234,23.958547745531234,0.996535635418258,1.0,0.0011309664696455002,44,1,2.281649589538574,0.0,0.0,10905008,,
42,dp_fisher_wiener,b47a1595ee654f8a78e687241bff5037cb0f0d90ae4862e4d6981afb2651c309,0.11250644461744619,1.8996920857150688,1.902591917234416,0.079048167723118,285.1094588514409,0.9371521245341276,0.05532178663937553,0.3960296376694786,0.2592392223012252,0.0010396710725608807,0.003507424846405322,0.8745670753846617,23.96804749241936,0.9967130093532878,1.0,0.0011493004858493805,45,1,2.2820382118225098,0.0,0.0,10905008,,
42,dp_fisher_wiener,b47a1595ee654f8a78e687241bff5037cb0f0d90ae4862e4d6981afb2651c309,0.10436742967763644,1.899089926842223,1.9023058581219752,0.08197231674967388,331.1014513490193,1.0300631845984178,0.05821932828178755,0.373571966186677,0.23064210132280594,0.0010845792126760849,0.003020222339206242,0.6422679123120122,23.27677309553326,0.9968889801587963,1.0,0.0014259088784456253,46,1,2.2792882919311523,0.0,0.0,10905008,,
42,dp_fisher_wiener,b47a1595ee654f8a78e687241bff5037cb0f0d90ae4862e4d6981afb2651c309,0.09858900668545371,1.895174627961764,1.8973560524367867,0.0757908142299889,369.5230084863496,1.0938079002078054,0.048094356679188204,0.3233647599395873,0.21790736938712774,0.0010916566187315008,0.002706191433093886,0.5401873135152772,23.00185865379923,0.9970399464307027,1.0,0.0014827242121100426,47,1,2.284501552581787,0.0,0.0,10905008,,
42,dp_fisher_wiener,b47a1595ee654f8a78e687241bff5037cb0f0d90ae4862e4d6981afb2651c309,0.10835098680456308,1.90351801916452,1.9068183785001582,0.07794796484379811,308.6371802681725,1.0011355937147421,0.05884499115639702,0.3589119607416772,0.22463767458000816,0.0010568379328238448,0.003240050336921988,0.6886934604395695,23.27474201591969,0.9967562702820036,1.0,0.0011414848268032074,48,1,2.276170492172241,0.0,0.0,10905008,,
42,dp_fisher_wiener,b47a1595ee654f8a78e687241bff5037cb0f0d90ae4862e4d6981afb2651c309,0.09803566186523688,1.9015851525809129,1.904241289018229,0.0791157736147592,376.2386306609863,1.0862970302639352,0.05281607496255027,0.3500379434442737,0.2259086740518866,0.001065184446520555,0.002657887623444856,0.5636956779262801,23.265080899159045,0.9971127445675761,1.0,0.001139264553785324,49,1,2.2878637313842773,0.0,0.0,10905008,,
42,dp_fisher_wiener,b47a1595ee654f8a78e687241bff5037cb0f0d90ae4862e4d6981afb2651c309,0.10943444987031714,1.8989058358798256,1.902282137587635,0.08414412202137893,301.09166985375435,0.9946209060931538,0.059588885605252315,0.38794779518638156,0.2394895678441269,0.0011043713667640064,0.003321247646611876,0.7202325118114445,23.361714620279272,0.9966966176560913,1.0,0.001190011389553547,50,1,2.2804131507873535,0.14899530541151762,0.0045846207067370415,10905008,,
42,dp_fisher_wiener,b47a1595ee654f8a78e687241bff5037cb0f0d90ae4862e4d6981afb2651c309,0.10239099290875732,1.898987401038923,1.9021234090337402,0.07456270844917591,343.97007238727684,1.029857737229827,0.057517442729279,0.3436071326148164,0.20971177129598098,0.0009790896018082337,0.0029072296696162443,0.6227012137999824,23.308003699602473,0.997005967030556,1.0,0.0014603827148675919,51,1,2.2826390266418457,0.0,0.0,10905008,,
42,dp_fisher_wiener,b47a1595ee654f8a78e687241bff5037cb0f0d90ae4862e4d6981afb2651c309,0.10850048007713771,1.8959097972211192,1.8989944071997698,0.07729179947669847,305.3317887704806,0.9656644261263787,0.05697424746306754,0.3802815827165383,0.23780108630312072,0.00098028788433151,0.0032751257376167986,0.794489527493058,23.84860198879768,0.9968373275838239,1.0,0.0012307390570640564,52,1,2.279669761657715,0.0,0.0,10905008,,
42,dp_fisher_wiener,b47a1595ee654f8a78e687241bff5037cb0f0d90ae4862e4d6981afb2651c309,0.09750429794654646,1.8981874924474578,1.9005923654592594,0.07467870412387166,378.99256968751286,1.081348684361892,0.050299701304326795,0.32984435137162393,0.21014352359622543,0.0010256786880992093,0.0026385741565304517,0.5405974374480734,23.115046781185434,0.9971467813069443,1.0,0.0011454839259386063,53,1,2.2772324085235596,0.0,0.0,10905008,,
42,dp_fisher_wiener,b47a1595ee654f8a78e687241bff5037cb0f0d90ae4862e4d6981afb2651c309,0.09672482916803027,1.8979723872872323,1.9006633350501538,0.07888081468658069,385.03821632088767,1.0693951232035492,0.05324597628950148,0.3652122065046849,0.24278352141659748,0.0010552457459521319,0.0025971447962958665,0.5975328131800176,23.618655960100227,0.9972226260202909,1.0,0.001134307123720646,54,1,2.290846347808838,0.0,0.0,10905008,,
42,dp_fisher_wiener,b47a1595ee654f8a78e687241bff5037cb0f0d90ae4862e4d6981afb2651c309,0.09757579113012593,1.897119908710259,1.8996924901547267,0.07773155154377279,378.0118382194152,1.1373961436214923,0.052029100544465356,0.31207757731552843,0.19699757164463083,0.00112812013317602,0.002645419795859002,0.46195547829118166,22.421055224966004,0.996991109725614,1.0,0.001141323707997799,55,1,2.280681610107422,0.0,0.0,10905008,,
42,dp_fisher_wiener,b47a1595ee654f8a78e687241bff5037cb0f0d90ae4862e4d6981afb2651c309,0.10146874184717258,1.8973174476048902,1.9002155094776982,0.07160468948393914,349.6354421129557,1.0190477863369554,0.055238621947006974,0.3393451142010466,0.21015295959874022,0.0009586355371627754,0.0028601219426133842,0.626998549121849,23.408819858522705,0.997085399065443,1.0,0.0012514637783169746,56,1,2.2774131298065186,0.0,0.0,10905008,,
42,dp_fisher_wiener,b47a1595ee654f8a78e687241bff5037cb0f0d90ae4862e4d6981afb2651c309,0.1140496882683349,1.902360212480429,1.905788330021633,0.08406792800137958,278.2257380934166,0.9188171613313274,0.05995299021861496,0.4236261760458992,0.26460486430849456,0.0010237888444649015,0.0035942037813449365,0.9289452691520201,24.123874304564026,0.9966975838841244,1.0,0.0012164972722530365,57,1,2.280290126800537,0.0,0.0,10905008,,
42,dp_fisher_wiener,b47a1595ee654f8a78e687241bff5037cb0f0d90ae4862e4d6981afb2651c309,0.12297261592703655,1.8956015978523586,1.899390565262486,0.08921385749816715,237.61689082243888,0.8341872704198356,0.06315233899346746,0.4770170668921464,0.2982486607998766,0.001040042440536005,0.0042084550322681056,1.2068412097786454,24.57527440364952,0.9964893603837155,1.0,0.0014119306579232216,58,1,2.275012493133545,0.0,0.0,10905008,,
42,dp_fisher_wiener,b47a1595ee654f8a78e687241bff5037cb0f0d90ae4862e4d6981afb2651c309,0.10772118245240825,1.8981022896912678,1.9009141302962864,0.07737560500957363,310.48241093505237,0.9724003652236167,0.05441769136208927,0.3783594880677174,0.21985605630786473,0.0009132634733778248,0.00322079436610252,0.7753634827161752,23.81542345190997,0.9968680983818219,1.0,0.0012105470523238182,59,1,2.2776389122009277,0.0,0.0,10905008,,
42,dp_fisher_wiener,b47a1595ee654f8a78e687241bff5037cb0f0d90ae4862e4d6981afb2651c309,0.09771576398467716,1.9007669308780328,1.9033675686845664,0.08035657160566687,378.38026010511794,1.142066984164257,0.05226530828979265,0.32479641974212475,0.2094675726902711,0.0011645274752096729,0.0026428439993597523,0.4753774636117212,22.549670604205335,0.9969816951237185,1.0,0.001147223636507988,60,1,2.2819201946258545,0.0,0.0,10905008,,
42,dp_fisher_wiener,b47a1595ee654f8a78e687241bff5037cb0f0d90ae4862e4d6981afb2651c309,0.10788509499726505,1.8992560848818332,1.902423749613793,0.07874438117442663,309.9161128881536,1.021273818112553,0.057691666933853435,0.35037231829939347,0.22716790020734637,0.0011036004512048484,0.0032266796024080836,0.664187867084977,23.13535094139416,0.9967046766023396,1.0,0.0013576643541455269,61,1,2.281236171722412,0.0,0.0,10905008,,
42,dp_fisher_wiener,b47a1595ee654f8a78e687241bff5037cb0f0d90ae4862e4d6981afb2651c309,0.10732713070449128,1.9011891079715,1.904193197907452,0.08068587679057188,313.78457947076265,1.0170735503037405,0.056149740336772745,0.36453211862791035,0.20879611383961386,0.0010598381220726192,0.003186899756513011,0.6278433190713256,22.94482874100349,0.9967586885498998,1.0,0.0011463435366749763,62,1,2.268324851989746,0.0,0.0,10905008,,
42,dp_fisher_wiener,b47a1595ee654f8a78e687241bff5037cb0f0d90ae4862e4d6981afb2651c309,0.11554459025998876,1.896822417236838,1.900576081429163,0.08659244148738013,269.4971107620651,0.9027479951746084,0.0628518889557911,0.43959847790948386,0.2687955562805824,0.0010309577430901687,0.0037106149193848075,0.9674468307646757,24.16181219717447,0.9966502498204095,1.0,0.001149914227426052,63,1,2.280071496963501,0.0,0.0,10905008,,
42,dp_fisher_wiener,b47a1595ee654f8a78e687241bff5037cb0f0d90ae4862e4d6981afb2651c309,0.106541556829954,1.9028578214241612,1.90595106209565,0.08051027886351404,318.9881884087989,1.0268419374316522,0.05695933437490708,0.36007474457016214,0.22068099569942481,0.001085995232000536,0.0031349123141515126,0.6370337091885274,23.079370160786297,0.9967809405653747,1.0,0.0011521847918629646,64,1,2.2723145484924316,0.0,0.0,10905008,,
42,dp_fisher_wiener,b47a1595ee654f8a78e687241bff5037cb0f0d90ae4862e4d6981afb2651c309,0.09662955676201995,1.8947081946089146,1.8972010589114399,0.07841948142677178,384.4719779527692,1.1422410367259477,0.05124755209415666,0.31813810733905307,0.20843629796071364,0.001168231388723528,0.002600969790353537,0.46406603980235817,22.514444798929368,0.9970290655698555,1.0,0.0011808527633547783,65,1,2.282787322998047,0.0,0.0,10905008,,
42,dp_fisher_wiener,b47a1595ee654f8a78e687241bff5037cb0f0d90ae4862e4d6981afb2651c309,0.10892359531285888,1.9000712947773377,1.9032330756619478,0.07836851273183089,304.2957297971465,1.0169053139636062,0.057618811481255715,0.3479924928930611,0.20514334412245794,0.0010952292987603837,0.003286276809017562,0.6155403393273916,22.725523774340736,0.996658167649473,1.0,0.0014251619577407837,66,1,2.26837420463562,0.0,0.0,10905008,,
42,dp_fisher_wiener,b47a1595ee654f8a78e687241bff5037cb0f0d90ae4862e4d6981afb2651c309,0.10520428006169191,1.8966718947547943,1.8995570272686353,0.07755209714429824,325.02562350732376,0.9758728332361218,0.05509506480564265,0.3849436288232493,0.2376510518439935,0.0009645398404676211,0.003076680506350411,0.7580571871691054,23.91619569645414,0.9969975510770342,1.0,0.0015458716079592705,67,1,2.2738399505615234,0.0,0.0,10905008,,
42,dp_fisher_wiener,b47a1595ee654f8a78e687241bff5037cb0f0d90ae4862e4d6981afb2651c309,0.09668627547211335,1.9018543225250573,1.9041954253566205,0.07006780628922832,386.9232565462492,1.170765946724693,0.049586206616545773,0.2445265747612597,0.1555924900209644,0.0010720874307004308,0.002584491841661166,0.37508836453713645,21.6175842653141,0.9969741649618716,1.0,0.001237688586115837,68,1,2.278451681137085,0.0,0.0,10905008,,
42,dp_fisher_wiener,b47a1595ee654f8a78e687241bff5037cb0f0d90ae4862e4d6981afb2651c309,0.09950178369268804,1.893337859265615,1.8958683235117653,0.07798764775452427,362.07163745688786,1.151669343255025,0.05165611797575609,0.29513582730582666,0.17790408671690727,0.0011725293282235584,0.0027618843799047583,0.4190517936995213,21.810622099245638,0.9968192224297275,1.0,0.0011413563042879105,69,1,2.2687740325927734,0.0,0.0,10905008,,
42,dp_fisher_wiener,b47a1595ee654f8a78e687241bff5037cb0f0d90ae4862e4d6981afb2651c309,0.09392537355006313,1.8958040723421865,1.898218333743413,0.0739576042229397,407.40001596014577,1.212570000875483,0.050428095512229716,0.25872324863921664,0.13798182277923693,0.0011176957465999615,0.0024545899870170706,0.3030241472857456,20.91498279344806,0.9970236378169564,1.0,0.001143837347626686,70,1,2.274460554122925,0.0,0.0,10905008,,
42,dp_fisher_wiener,b47a1595ee654f8a78e687241bff5037cb0f0d90ae4862e4d6981afb2651c309,0.10765272756273081,1.9000056839606938,1.9032088583495406,0.08100053479361799,311.5012003612511,1.0519982422933942,0.05801155937871742,0.3416583803320182,0.19988848290936415,0.0011401219644415702,0.0032102605022186906,0.5628293476006412,22.43836459205816,0.9966228115940706,1.0,0.0011450955644249916,71,1,2.275909423828125,0.0,0.0,10905008,,
42,dp_fisher_wiener,b47a1595ee654f8a78e687241bff5037cb0f0d90ae4862e4d6981afb2651c309,0.10299396429131723,1.8938830565275058,1.8968857367678997,0.07851180820545409,338.1292708266268,1.109652668497075,0.05627904208452321,0.30922491377986816,0.14815520153023787,0.001071338022583977,0.0029574487812331187,0.40898522304792384,21.407903847416815,0.9967182590676519,1.0,0.001440124586224556,72,1,2.2703230381011963,0.0,0.0,10905008,,
42,dp_fisher_wiener,b47a1595ee654f8a78e687241bff5037cb0f0d90ae4862e4d6981afb2651c309,0.10411440207738487,1.8994837210631808,1.901993484285673,0.07827855439831967,332.8507448306728,1.0704996505632478,0.051459727847239456,0.3290416430382921,0.203998066389,0.0010724282006470641,0.003004349593437708,0.5714895480613312,22.79257825037453,0.9967838448097583,1.0,0.0015011243522167206,73,1,2.2741682529449463,0.0,0.0,10905008,,
42,dp_fisher_wiener,b47a1595ee654f8a78e687241bff5037cb0f0d90ae4862e4d6981afb2651c309,0.10019568794746839,1.9023578992480619,1.9048453765421014,0.07541023780423876,360.4843284500268,1.0363661075217532,0.05111019674817951,0.3521554196705274,0.23250427869528636,0.0010472055967990811,0.002774045696243746,0.6159034057289522,23.463989946030637,0.99712507305941,1.0,0.001140030100941658,74,1,2.276238441467285,0.0,0.0,10905008,,
42,dp_fisher_wiener,b47a1595ee654f8a78e687241bff5037cb0f0d90ae4862e4d6981afb2651c309,0.1119784641867854,1.8987961530652266,1.9021370067358379,0.0781480910235967,287.53298491258425,0.9757197111829532,0.05924349720144573,0.36633812532806853,0.21275655706267774,0.0010123594938943347,0.003477861853741728,0.7309043064846587,23.22548193493227,0.9966065816362623,1.0,0.0011373944580554962,75,1,2.266448497772217,0.0,0.0,10905008,,
42,dp_fisher_wiener,b47a1595ee654f8a78e687241bff5037cb0f0d90ae4862e4d6981afb2651c309,0.10362610752325987,1.9034475516029505,1.9061482620362442,0.07907891236300116,337.3987418239094,1.0266986547063257,0.05322567198644173,0.3640656839853663,0.20646412866990527,0.0010114703626498017,0.002963852190143929,0.6049897084788116,23.09891445548181,0.9969570169433475,1.0,0.0011612875387072563,76,1,2.2655489444732666,0.0,0.0,10905008,,
42,dp_fisher_wiener,b47a1595ee654f8a78e687241bff5037cb0f0d90ae4862e4d6981afb2651c309,0.1014423890693572,1.899463920691412,1.9026814769090836,0.07826049216375673,350.60908071655615,1.0555202105449948,0.058348989019969634,0.34975555669714126,0.19571126566989025,0.0010482059075315455,0.002852179406930361,0.5325324323625643,22.711692223265423,0.9969894669915922,1.0,0.0014271708205342293,77,1,2.2712042331695557,0.0,0.0,10905008,,
42,dp_fisher_wiener,b47a1595ee654f8a78e687241bff5037cb0f0d90ae4862e4d6981afb2651c309,0.10740759298785525,1.8929716996060388,1.8956591910967622,0.07766796248883648,310.6120315644328,1.0152102791912163,0.053333572244792155,0.3510399285163444,0.21906407975521391,0.0010647631977483976,0.0032194503055030577,0.6623687969873003,23.133181394491857,0.9967315809562247,1.0,0.0015468336641788483,78,1,2.264594078063965,0.0,0.0,10905008,,
42,dp_fisher_wiener,b47a1595ee654f8a78e687241bff5037cb0f0d90ae4862e4d6981afb2651c309,0.10445703251644428,1.9014579649796732,1.9043009971245832,0.08160679677502836,331.35848055412157,1.0917654529960454,0.054623530801464516,0.33189367904300104,0.19900532473591243,0.0011892994253550166,0.0030178796034910677,0.5049814181510445,22.23573487629013,0.9967051833073051,1.0,0.0013071950525045395,79,1,2.2784461975097656,0.0,0.0,10905008,,
42,dp_fisher_wiener,b47a1595ee654f8a78e687241bff5037cb0f0d90ae4862e4d6981afb2651c309,0.09906328527020687,1.8938571878719856,1.8962217130585166,0.0713773377797721,365.4845307653761,1.096568356628476,0.04997518248121159,0.2932485926651984,0.1818548032485749,0.0009954697962598188,0.0027360939129316367,0.49983617984857825,22.616966885793993,0.9969996859940097,1.0,0.0011363942176103592,80,1,2.269723415374756,0.0,0.0,10905008,,
42,dp_fisher_wiener,b47a1595ee654f8a78e687241bff5037cb0f0d90ae4862e4d6981afb2651c309,0.10452071129581103,1.8996381253932095,1.9020188557020377,0.07491447832319545,330.3216515217726,1.00518290076667,0.05023959392495652,0.3547558601491421,0.22781808286815872,0.0009635441214102298,0.0030273522649854902,0.7157799769780517,23.73716586523543,0.9969569572683608,1.0,0.0011346358805894852,81,1,2.269192934036255,0.0,0.0,10905008,,
42,dp_fisher_wiener,b47a1595ee654f8a78e687241bff5037cb0f0d90ae4862e4d6981afb2651c309,0.11703610888314113,1.8983959837765039,1.901902386086168,0.09062633563625902,263.1078854145867,0.9195827570932545,0.06070055581293015,0.4390985146150234,0.28331587249621654,0.0011733676313159013,0.003800722271592078,0.9177046626966135,23.828368024061568,0.9965049213342885,1.0,0.0011853156611323357,82,1,2.259150743484497,0.0,0.0,10905008,,
42,dp_fisher_wiener,b47a1595ee654f8a78e687241bff5037cb0f0d90ae4862e4d6981afb2651c309,0.10548201521786123,1.899219981399178,1.9022882974504636,0.08373173626873333,324.185588686611,0.9969499579064939,0.056790097860480684,0.3988216963872804,0.24774549090875175,0.0010929509947566773,0.0030846528495026442,0.6992160106209371,23.55405068955892,0.9969247554712558,1.0,0.0014135586097836494,83,1,2.2802939414978027,0.0,0.0,10905008,,
42,dp_fisher_wiener,b47a1595ee654f8a78e687241bff5037cb0f0d90ae4862e4d6981afb2651c309,0.0952580080057561,1.8973441262504647,1.8997605442051275,0.07461240018245155,396.72468435646397,1.1785484411865257,0.05042200825515396,0.2776563923951209,0.1400052785364477,0.0010594377451918133,0.0025206397265439655,0.3331039209739405,21.210689679666167,0.9970293039791615,1.0,0.0013614771887660027,84,1,2.2664592266082764,0.0,0.0,10905008,,
42,dp_fisher_wiener,b47a1595ee654f8a78e687241bff5037cb0f0d90ae4862e4d6981afb2651c309,0.09691196861512819,1.9004846249225684,1.9028509488983503,0.07314492357333947,384.5686604995224,1.180457302173638,0.04986700942363983,0.25783144734956404,0.132254446090305,0.0010797734119003272,0.0026003158931212247,0.3184958383516352,20.88077651407091,0.99693043811568,1.0,0.001149982213973999,85,1,2.2683041095733643,0.0,0.0,10905008,,
42,dp_fisher_wiener,b47a1595ee654f8a78e687241bff5037cb0f0d90ae4862e4d6981afb2651c309,0.09508591852586767,1.9023015747836372,1.9046796440623068,0.07765433728894884,400.24537538107785,1.1879987748693235,0.04995520809881885,0.2932376854975471,0.16706138472496343,0.0011295813300768597,0.002498467343781324,0.36951514952700454,21.699585709292197,0.9970318238562085,1.0,0.001139126718044281,86,1,2.281308174133301,0.0,0.0,10905008,,
42,dp_fisher_wiener,b47a1595ee654f8a78e687241bff5037cb0f0d90ae4862e4d6981afb2651c309,0.10429845535100067,1.8989845500938487,1.9016094151785017,0.0785260251019981,331.50273016943294,1.0653318358405819,0.05257322738850215,0.3330616976476982,0.22292932867376722,0.0011438851133266554,0.0030165664077538355,0.587892189735278,22.897847999264375,0.9967863557705972,1.0,0.001133577898144722,87,1,2.269605875015259,0.0,0.0,10905008,,
42,dp_fisher_wiener,b47a1595ee654f8a78e687241bff5037cb0f0d90ae4862e4d6981afb2651c309,0.11238767670167633,1.8981857473629793,1.9008710523117185,0.0835000507246345,285.2594426117929,0.9628520069893923,0.05343850805926958,0.3964820801221684,0.2639593249444894,0.0011337278813855949,0.0035055807119466448,0.816184141982726,23.670281815967172,0.9966246445755716,1.0,0.0012305574491620064,88,1,2.2744927406311035,0.0,0.0,10905008,,
42,dp_fisher_wiener,b47a1595ee654f8a78e687241bff5037cb0f0d90ae4862e4d6981afb2651c309,0.11336255000338857,1.8901305881706374,1.8936875236805475,0.08694305975153485,277.99975157169354,0.9689735834326932,0.06127886256388142,0.4037006903758833,0.24801360622115506,0.0011611185272594824,0.0035971255163658477,0.7683419480903803,23.295989521379596,0.9965144803980786,1.0,0.0011579226702451706,89,1,2.2600255012512207,0.0,0.0,10905008,,
42,dp_fisher_wiener,b47a1595ee654f8a78e687241bff5037cb0f0d90ae4862e4d6981afb2651c309,0.0942678309894151,1.9020023571584324,1.9042271144255623,0.07131105117287456,407.09434782059117,1.1952526937819639,0.04833885545752028,0.24918173873352184,0.15097181303710755,0.0010780114352131511,0.002456433024041636,0.3440150401717227,21.462725025951915,0.9970639418105889,1.0,0.0014438983052968979,90,1,2.2852652072906494,0.0,0.0,10905008,,
42,dp_fisher_wiener,b47a1595ee654f8a78e687241bff5037cb0f0d90ae4862e4d6981afb2651c309,0.11869978395608914,1.8969888691821641,1.9004578771955496,0.0873755227439589,255.4051841428271,0.9208019560865928,0.060427643857090124,0.42184791003920635,0.25806020939244506,0.0011299023118700815,0.003915347307005054,0.8942324793023896,23.58680147897283,0.9963947405406955,1.0,0.0015488602221012115,91,1,2.2538137435913086,0.0,0.0,10905008,,
42,dp_fisher_wiener,b47a1595ee654f8a78e687241bff5037cb0f0d90ae4862e4d6981afb2651c309,0.10464734689568715,1.8918319115280222,1.8944504121653052,0.07949068369288365,326.8200177903219,1.0676022542034542,0.05262429531703471,0.3353043961402863,0.20027408760180104,0.0011497208953888199,0.003059788095813567,0.5329956787849026,22.410323372330172,0.9967333633312262,1.0,0.0013021240010857582,92,1,2.2651257514953613,0.0,0.0,10905008,,
42,dp_fisher_wiener,b47a1595ee654f8a78e687241bff5037cb0f0d90ae4862e4d6981afb2651c309,0.10995210789255266,1.8975994168778327,1.9010567819979682,0.09326973643361218,297.85298521018376,0.937479645907187,0.06033436979520167,0.46098943115229624,0.2807453672037041,0.0010985852491705095,0.0033573610122166237,0.857979433786807,24.074788347580704,0.9968525423868242,1.0,0.0011501805856823921,93,1,2.2799553871154785,0.0,0.0,10905008,,
42,dp_fisher_wiener,b47a1595ee654f8a78e687241bff5037cb0f0d90ae4862e4d6981afb2651c309,0.11094781616162122,1.896650957524553,1.9001744247406007,0.08281848041590864,292.2384210517646,0.98228768647748,0.06092254759100353,0.38509583802033037,0.21707841936605426,0.001045611089830127,0.0034218635466188477,0.710410148738839,23.172464696853744,0.9966387455730771,1.0,0.0011447621509432793,94,1,2.2594962120056152,0.0,0.0,10905008,,
42,dp_fisher_wiener,b47a1595ee654f8a78e687241bff5037cb0f0d90ae4862e4d6981afb2651c309,0.09324531880761336,1.8948760773574091,1.8971364492940692,0.07254045083537118,412.95958372985,1.1977729249389764,0.04880196919587881,0.26186522327329426,0.1604531954315237,0.0010887176800944808,0.0024215444786453697,0.35688274061075853,21.684330946212263,0.9970995395866095,1.0,0.0011728554964065552,95,1,2.2748594284057617,0.0,0.0,10905008,,
42,dp_fisher_wiener,b47a1595ee654f8a78e687241bff5037cb0f0d90ae4862e4d6981afb2651c309,0.09990693825829491,1.9027427110572965,1.9053763361699527,0.07808141301803376,362.71777123137673,1.0905219970392388,0.05255967916488932,0.3328582492749363,0.21919779017181884,0.001132378470169971,0.002756964447880994,0.5336736174259936,22.868445677419004,0.9969934696242294,1.0,0.0011763107031583786,96,1,2.269757032394409,0.0,0.0,10905008,,
42,dp_fisher_wiener,b47a1595ee654f8a78e687241bff5037cb0f0d90ae4862e4d6981afb2651c309,0.11311118499043606,1.8965473952429712,1.9001763102988056,0.08563205231441307,281.13589302175427,0.9730913743603559,0.061815429102969194,0.3963022073225102,0.23245150053214056,0.0011190649438346802,0.0035569986783728865,0.7388576369880246,23.174770626980493,0.9965387152671936,1.0,0.001419244334101677,97,1,2.2676920890808105,0.0,0.0,10905008,,
42,dp_fisher_wiener,b47a1595ee654f8a78e687241bff5037cb0f0d90ae4862e4d6981afb2651c309,0.09754526927159039,1.8934755710529536,1.895969993304606,0.07721904495046758,376.79661175920506,1.2128157293897828,0.05127949365080483,0.26139391967058706,0.15962391268593856,0.0012531445852042612,0.0026539516776060684,0.33805688171255244,21.050967698988828,0.9967812456600207,1.0,0.001543218269944191,98,1,2.2628746032714844,0.0,0.0,10905008,,
42,dp_fisher_wiener,b47a1595ee654f8a78e687241bff5037cb0f0d90ae4862e4d6981afb2651c309,0.1024591284377145,1.8933930174420608,1.8966282071526919,0.08538857850466659,341.4917591480742,1.071751055427707,0.05855934979277357,0.37364818476312334,0.2295766169394693,0.0012265371661453744,0.002928328350877872,0.5481087198575303,22.72246938992971,0.9968615609990088,1.0,0.0014571864157915115,99,1,2.2714626789093018,0.0,0.0,10905008,2.2637467975616454,0.1551
42,dp_fisher_wiener,b47a1595ee654f8a78e687241bff5037cb0f0d90ae4862e4d6981afb2651c309,0.09102444391569049,1.8980099714790033,1.9003169744686095,0.08053976543953485,434.79136517048613,1.2701092179527043,0.04927929426209363,0.28977130885858,0.18254760217132868,0.0012944039307917238,0.0022999536789027964,0.3243585863438037,21.493063093626436,0.9970788076312087,1.0,0.0014493511989712715,100,1,2.27492618560791,0.15121083613485098,0.004681377671658993,10905008,,
42,dp_fisher_wiener,b47a1595ee654f8a78e687241bff5037cb0f0d90ae4862e4d6981afb2651c309,0.0885217498012769,1.9031998349860102,1.9052058210132423,0.07154318142284599,462.2413604449521,1.2554113740714068,0.045880554869473726,0.24608675874422223,0.1257103855064178,0.0010659800334049483,0.0021633719641823324,0.25512515718209167,20.71622087843796,0.9972840782294717,1.0,0.0011730538681149483,101,1,2.2667236328125,0.0,0.0,10905008,,
42,dp_fisher_wiener,b47a1595ee654f8a78e687241bff5037cb0f0d90ae4862e4d6981afb2651c309,0.11863170929123688,1.8975732635058034,1.9011705465341173,0.09301286573056805,255.85595484789332,0.8536105640986534,0.06149407721490165,0.48537860924429155,0.3352940533946075,0.001138528666504746,0.003908449191746066,1.1510292277347849,24.690818808888906,0.9966637064804457,1.0,0.0011384906247258186,102,1,2.271108865737915,0.0,0.0,10905008,,
42,dp_fisher_wiener,b47a1595ee654f8a78e687241bff5037cb0f0d90ae4862e4d6981afb2651c309,0.098152017974393,1.8956897337048009,1.8984407007512858,0.07599249751246853,373.0233776664426,1.193736470439598,0.05385800248542853,0.2620011771196345,0.1161180063550827,0.001145868990721146,0.002680797128994206,0.2716617872886548,20.05764603751015,0.9967998346969377,1.0,0.0011431900784373283,103,1,2.2581303119659424,0.0,0.0,10905008,,
42,dp_fisher_wiener,b47a1595ee654f8a78e687241bff5037cb0f0d90ae4862e4d6981afb2651c309,0.10126909444774602,1.9009760316595419,1.9038798233318077,0.0815830308392228,352.3704078918864,1.1303905015925517,0.05524760306620395,0.32187627370800265,0.1908089931268081,0.0012201538093478679,0.002837922758284038,0.44379747853202045,21.94184259487356,0.9967920390694696,1.0,0.0011471202597022057,104,1,2.2613301277160645,0.0,0.0,10905008,,
42,dp_fisher_wiener,b47a1595ee654f8a78e687241bff5037cb0f0d90ae4862e4d6981afb2651c309,0.09710517368990663,1.898368817721775,1.900957267566603,0.07514951597480654,382.1874697905589,1.2260387355254154,0.05217912418960774,0.24091001483085475,0.1303271909731291,0.0012284846091472797,0.0026165169686009787,0.2775804467319542,20.256653146424934,0.9967920488439954,1.0,0.0011823875829577446,105,1,2.2557196617126465,0.0,0.0,10905008,,
42,dp_fisher_wiener,b47a1595ee654f8a78e687241bff5037cb0f0d90ae4862e4d6981afb2651c309,0.11072422105043843,1.8994961344625714,1.9025377529648462,0.0951597479354504,294.3008800432699,1.0616411049069985,0.05654734600219566,0.39385352941031937,0.26114587910142684,0.0014492357092690774,0.003397883145205443,0.6122835472973606,22.557441503171162,0.996392667583085,1.0,0.00144137442111969,106,1,2.262261390686035,0.0,0.0,10905008,,
42,dp_fisher_wiener,b47a1595ee654f8a78e687241bff5037cb0f0d90ae4862e4d6981afb2651c309,0.11595748711336168,1.8999734028109105,1.9032306482965369,0.08590020620945858,268.47104437023285,0.9876722612378138,0.05852929028087561,0.3787159203730399,0.25035521098222696,0.0012948392643297977,0.003724796475802843,0.7201837580342414,22.863407748619508,0.9963211218418195,1.0,0.0014381101354956627,107,1,2.2559385299682617,0.0,0.0,10905008,,
42,dp_fisher_wiener,b47a1595ee654f8a78e687241bff5037cb0f0d90ae4862e4d6981afb2651c309,0.11214685374879764,1.8999604037236506,1.9034887453904556,0.0865393603923874,287.02181871626374,0.9650701489568752,0.060890878238244045,0.40846342873169916,0.2439313582572193,0.0011535366250902076,0.003484055687448504,0.7367520176311018,23.25236245793522,0.9966376418584727,1.0,0.0011384477838873863,108,1,2.255086660385132,0.0,0.0,10905008,,
42,dp_fisher_wiener,b47a1595ee654f8a78e687241bff5037cb0f0d90ae4862e4d6981afb2651c309,0.10098350907519443,1.9011656266066497,1.9038629191566627,0.07541738327964814,354.4369504610084,1.1137925279295704,0.05321199519646854,0.2972305318071401,0.17027656376925332,0.0011241202438974174,0.0028213762662188113,0.42736909885645324,21.803421082421018,0.9968575721958995,1.0,0.0011444091796875,109,1,2.260255813598633,0.0,0.0,10905008,,
42,dp_fisher_wiener,b47a1595ee654f8a78e687241bff5037cb0f0d90ae4862e4d6981afb2651c309,0.09247630457368598,1.8963331093291766,1.8983276003406064,0.07325392206273125,420.5022482189923,1.2532140045789633,0.04591356899983383,0.2362389697261436,0.16014083192321318,0.001206910598228066,0.002378108569260255,0.3155430776736625,21.22826979111459,0.9970197210362454,1.0,0.001172611489892006,110,1,2.270340919494629,0.0,0.0,10905008,,
42,dp_fisher_wiener,b47a1595ee654f8a78e687241bff5037cb0f0d90ae4862e4d6981afb2651c309,0.11316629480386377,1.89702720410867,1.9006840623168426,0.08644210933707085,281.00427312682456,0.9934153752171783,0.062052822766002,0.3862353087147334,0.21729897553998453,0.0011669566238783952,0.0035586647448251126,0.662658908989221,22.70002965153641,0.9964647677269713,1.0,0.0014089858159422874,111,1,2.2524619102478027,0.0,0.0,10905008,,
42,dp_fisher_wiener,b47a1595ee654f8a78e687241bff5037cb0f0d90ae4862e4d6981afb2651c309,0.11043953129990218,1.8973545367622673,1.9004345628190438,0.08967467216150497,295.153454373367,0.9475677025953093,0.05692258973495618,0.43827661566468995,0.294029240826474,0.001230778184676565,0.003388068088312939,0.809399370361512,23.782107325409918,0.9967895761050576,1.0,0.0011389479041099548,112,1,2.264199733734131,0.0,0.0,10905008,,
42,dp_fisher_wiener,b47a1595ee654f8a78e687241bff5037cb0f0d90ae4862e4d6981afb2651c309,0.10922954176199277,1.8971620265303488,1.9003604987062395,0.08462102165967203,301.66756867043864,1.0479298180740924,0.05799663779910935,0.35641998935170294,0.2038601860946042,0.0012065944525770692,0.0033149072149958976,0.5600702043616241,22.27771091851491,0.9965262098849657,1.0,0.0011430345475673676,113,1,2.2547171115875244,0.0,0.0,10905008,,
42,dp_fisher_wiener,b47a1595ee654f8a78e687241bff5037cb0f0d90ae4862e4d6981afb2651c309,0.11226883737727304,1.8969330807093636,1.900371265082131,0.08249667871074097,285.48649589808167,1.0089932886949942,0.060135521289701926,0.36128741051311947,0.19406137878001622,0.0011065908770029572,0.0035027926514513068,0.6142801151997497,22.439520269952872,0.9964657057227151,1.0,0.0014468077570199966,114,1,2.2497730255126953,0.0,0.0,10905008,,
42,dp_fisher_wiener,b47a1595ee654f8a78e687241bff5037cb0f0d90ae4862e4d6981afb2651c309,0.09334381876289237,1.8986585258401765,1.9010293754807046,0.07651097565521134,413.735321467856,1.277139333253148,0.04993413063024505,0.24077841499086935,0.13141432575782072,0.0012556618633499958,0.002417004176334615,0.2529574110865547,20.197700067857962,0.9969131488974117,1.0,0.0015621157363057137,115,1,2.264620780944824,0.0,0.0,10905008,,
42,dp_fisher_wiener,b47a1595ee654f8a78e687241bff5037cb0f0d90ae4862e4d6981afb2651c309,0.10129227779147307,1.9026010543526841,1.9051975277522073,0.081809532333653,352.81154772360435,1.1864429421995952,0.05219915442461697,0.2884071256116487,0.19866709900311882,0.0014075611216843888,0.0028343743461755047,0.4000514934044741,21.49658687272518,0.9966371765611007,1.0,0.0013835523277521133,116,1,2.2570080757141113,0.0,0.0,10905008,,
42,dp_fisher_wiener,b47a1595ee654f8a78e687241bff5037cb0f0d90ae4862e4d6981afb2651c309,0.10066568270314438,1.8992467653034457,1.9021218848735189,0.0852241158934787,355.9589396018159,1.0135044816427465,0.0550009016147193,0.41532706215360893,0.2548376258259113,0.0010881516757936303,0.002809312784838792,0.6579216998005394,23.69574114914318,0.9971527489019486,1.0,0.0011450275778770447,117,1,2.2633957862854004,0.0,0.0,10905008,,
42,dp_fisher_wiener,b47a1595ee654f8a78e687241bff5037cb0f0d90ae4862e4d6981afb2651c309,0.09426881225027763,1.8961562020693992,1.8983650368987073,0.0758909427676463,404.5872117451991,1.295334760021356,0.0482465524382751,0.21909738334369777,0.11442841794074717,0.0012903123985044467,0.0024716549877433418,0.21919309637069587,19.478390229204475,0.9967983793792357,1.0,0.0011393139138817787,118,1,2.2568297386169434,0.0,0.0,10905008,,
42,dp_fisher_wiener,b47a1595ee654f8a78e687241bff5037cb0f0d90ae4862e4d6981afb2651c309,0.10316404813411557,1.9000848155178756,1.9028231788076946,0.07771547187563121,339.22607214446697,1.0526664656753184,0.05363282959011697,0.341703397690252,0.19847836730555898,0.0010623085775113739,0.0029478866219925766,0.5507737921198718,22.71462490366391,0.9968968586081239,1.0,0.0014346912503242493,119,1,2.249340534210205,0.0,0.0,10905008,,
42,dp_fisher_wiener,b47a1595ee654f8a78e687241bff5037cb0f0d90ae4862e4d6981afb2651c309,0.11182366162986875,1.9000130297127726,1.9030095434694632,0.08774423818800639,288.69930636262353,1.0008250573198298,0.056156421099933476,0.3918073198518666,0.25901718431386345,0.0012589710662889977,0.003463811577931858,0.7126349014744284,23.13312828561344,0.996533330578694,1.0,0.0015464955940842628,120,1,2.2658989429473877,0.0,0.0,10905008,,
42,dp_fisher_wiener,b47a1595ee654f8a78e687241bff5037cb0f0d90ae4862e4d6981afb2651c309,0.11058690029335026,1.8967158834492637,1.899984111218378,0.08740071979165989,294.16919487535057,0.9794491273041257,0.05863012146445421,0.40816896413465725,0.2602062104465006,0.0012043982651195062,0.003399404211381433,0.7344298917599732,23.345475363789458,0.9966704565115362,1.0,0.0011886032298207283,121,1,2.2518742084503174,0.0,0.0,10905008,,
42,dp_fisher_wiener,b47a1595ee654f8a78e687241bff5037cb0f0d90ae4862e4d6981afb2651c309,0.09494650352268949,1.892630158965178,1.895081190408835,0.07266740168563841,397.35031368961256,1.1925543372629988,0.05084894845979242,0.25688071138382834,0.13542320285031303,0.00110486791758367,0.0025166709712728086,0.3084673181091384,20.88382717703606,0.9969987331174118,1.0,0.001143256202340126,122,1,2.2611618041992188,0.0,0.0,10905008,,
42,dp_fisher_wiener,b47a1595ee654f8a78e687241bff5037cb0f0d90ae4862e4d6981afb2651c309,0.11339213842169672,1.9024572975479395,1.9058203076384608,0.08780570413685569,281.49063037817575,0.9640686708459049,0.05938096828764598,0.4103780413799078,0.2663134397302807,0.0012276484522641769,0.0035525161124491935,0.7706463391204265,23.363190632074865,0.996575130513046,1.0,0.0011721057817339897,123,1,2.252495765686035,0.0,0.0,10905008,,
42,dp_fisher_wiener,b47a1595ee654f8a78e687241bff5037cb0f0d90ae4862e4d6981afb2651c309,0.09830549837773477,1.8974757753408693,1.900051305515927,0.08014382187743284,372.56054611762295,1.1483903050238693,0.052050661277965406,0.3166175644416355,0.18152177194212404,0.0011571641085242354,0.0026841274802633826,0.42105313557538887,21.955337673053307,0.9969175740238985,1.0,0.0012747030705213547,124,1,2.264711380004883,0.0,0.0,10905008,,
42,dp_fisher_wiener,b47a1595ee654f8a78e687241bff5037cb0f0d90ae4862e4d6981afb2651c309,0.11306769150455306,1.8997072344271648,1.9030861754021333,0.0856293231922403,282.290525745601,0.9973030718527832,0.05956410432402871,0.38044453072112283,0.24652114870023012,0.0012486972185947027,0.0035424497413799063,0.6993599139390552,22.953970381845245,0.9964671039907613,1.0,0.0014132345095276833,125,1,2.259005546569824,0.0,0.0,10905008,,
42,dp_fisher_wiener,b47a1595ee654f8a78e687241bff5037cb0f0d90ae4862e4d6981afb2651c309,0.09945068181807895,1.8915511805544805,1.8939721429840428,0.07634163799913887,361.7600986958731,1.1542970949223703,0.050582314351708915,0.2833147167726462,0.16576905014289267,0.001165787440290575,0.0027642628457465656,0.39306413020452224,21.528840766548537,0.9968092194272303,1.0,0.0012851255014538765,126,1,2.256511688232422,0.0,0.0,10905008,,
42,dp_fisher_wiener,b47a1595ee654f8a78e687241bff5037cb0f0d90ae4862e4d6981afb2651c309,0.10019506062886431,1.8943471550437476,1.8970126205507318,0.07618320793902525,357.45922981917613,1.1433972217427075,0.05299271762911823,0.2858774859187922,0.16056254255613223,0.0011462551122753731,0.0027975218332058987,0.39186496402160986,21.46362950873823,0.9968013213078292,1.0,0.0011469991877675056,127,1,2.2495155334472656,0.0,0.0,10905008,,
42,dp_fisher_wiener,b47a1595ee654f8a78e687241bff5037cb0f0d90ae4862e4d6981afb2651c309,0.09380031214453258,1.8951746960501894,1.8972627168983578,0.07466106458642661,408.2159136921041,1.2596720958365517,0.046967932939557144,0.23485944747214982,0.14667941445449628,0.0012166451019177203,0.002449684018541995,0.29533527635176265,20.812052553215725,0.9969142013978752,1.0,0.0011455044150352478,128,1,2.257481098175049,0.0,0.0,10905008,,
42,dp_fisher_wiener,b47a1595ee654f8a78e687241bff5037cb0f0d90ae4862e4d6981afb2651c309,0.1022458031566571,1.8988924948703196,1.901136278278091,0.07405712888667203,344.91316756073036,1.1250212392671033,0.04882275119067307,0.27584811614944643,0.16939514906333084,0.0011469929376762458,0.002899280439120936,0.4281840157486186,21.6934022530279,0.9967382479270853,1.0,0.001147773116827011,129,1,2.250946521759033,0.0,0.0,10905008,,
42,dp_fisher_wiener,b47a1595ee654f8a78e687241bff5037cb0f0d90ae4862e4d6981afb2651c309,0.09767027116589441,1.8991838468787863,1.9013939688993329,0.0767031797006872,378.1022211860578,1.1740005678891918,0.048299108815720866,0.281881776506069,0.18973637508997512,0.0012106346477016668,0.0026447874248345443,0.4145035661766395,21.951374998935794,0.9968950180609726,1.0,0.0011701183393597603,130,1,2.2584376335144043,0.0,0.0,10905008,,
42,dp_fisher_wiener,b47a1595ee654f8a78e687241bff5037cb0f0d90ae4862e4d6981afb2651c309,0.10119458017245218,1.892338789093499,1.8954222089822081,0.08066650849410897,349.69005165920765,1.1335675934010512,0.05713989314680586,0.3147923030139276,0.16832101993688275,0.0012046917781488877,0.0028596752900383426,0.3995573558098041,21.45262407515319,0.9967583647632462,1.0,0.001435697078704834,131,1,2.248502254486084,0.0,0.0,10905008,,
42,dp_fisher_wiener,b47a1595ee654f8a78e687241bff5037cb0f0d90ae4862e4d6981afb2651c309,0.10715916926166297,1.8960669609469385,1.898785724328171,0.08006723922887998,313.07519883334885,1.103446961793914,0.053570913550310274,0.30436535584613394,0.18848482793650465,0.0013014307734303644,0.0031941207851629958,0.462601099355229,21.608553254974847,0.9964754571237021,1.0,0.0015579257160425186,132,1,2.2497010231018066,0.0,0.0,10905008,,
42,dp_fisher_wiener,b47a1595ee654f8a78e687241bff5037cb0f0d90ae4862e4d6981afb2651c309,0.1024895093497549,1.9001402844390787,1.9032888247300732,0.08326024198991192,343.7260938939717,1.1195315940133477,0.0576195190402995,0.3326201608399787,0.20876181872352256,0.0012979797498133333,0.0029092932357151487,0.46791896953978135,22.063831546004927,0.9967429543060575,1.0,0.001200169324874878,133,1,2.2503650188446045,0.0,0.0,10905008,,
42,dp_fisher_wiener,b47a1595ee654f8a78e687241bff5037cb0f0d90ae4862e4d6981afb2651c309,0.09706211966065895,1.9004720953055867,1.9027007048211737,0.0750600153878607,383.37470237226955,1.279118599120632,0.04845361252291453,0.20619180098298848,0.12187614942941363,0.0013196464478544584,0.0026084141538440494,0.240900487908411,19.654611313122476,0.9966635289412544,1.0,0.0011417465284466743,134,1,2.2480416297912598,0.0,0.0,10905008,,
42,dp_fisher_wiener,b47a1595ee654f8a78e687241bff5037cb0f0d90ae4862e4d6981afb2651c309,0.10277613040391237,1.8950051209937762,1.8978010856953762,0.08272936380935009,339.9665996915202,1.0340214225381954,0.05426206500894435,0.3813409232182813,0.2444437904039361,0.0011181843354561097,0.002941465428699271,0.6430272145863177,23.396656051873087,0.9969584617327815,1.0,0.0011482080444693565,135,1,2.259392261505127,0.0,0.0,10905008,,
42,dp_fisher_wiener,b47a1595ee654f8a78e687241bff5037cb0f0d90ae4862e4d6981afb2651c309,0.1048566518942025,1.8961507941948093,1.89892066830147,0.07996747440039904,327.00453200360823,1.0567611477664134,0.054006090884383344,0.34410430071330345,0.212893542124915,0.0011757802374627079,0.0030580615925461744,0.5537102458733661,22.57836331337353,0.9967683593212266,1.0,0.001144574023783207,136,1,2.2517406940460205,0.0,0.0,10905008,,
42,dp_fisher_wiener,b47a1595ee654f8a78e687241bff5037cb0f0d90ae4862e4d6981afb2651c309,0.09837049879677884,1.9005669490138066,1.9032344709511684,0.07937994317246343,373.2816129782484,1.1532474852693744,0.05294106892463565,0.3085194196044929,0.2004920877905767,0.0012587854174122132,0.0026789425600629675,0.4266865340556694,22.02145534986593,0.996910516229107,1.0,0.0014436542987823486,137,1,2.248854875564575,0.0,0.0,10905008,,
42,dp_fisher_wiener,b47a1595ee654f8a78e687241bff5037cb0f0d90ae4862e4d6981afb2651c309,0.11514036410644544,1.9006503270796695,1.9042603197346608,0.09316530971231454,272.4891739950037,0.9100165543596056,0.06155556046433621,0.4601767538981472,0.2895678835790957,0.001173058687335022,0.0036698705686657074,0.9059023771618265,23.924306516181332,0.9966603570299052,1.0,0.0015449188649654388,138,1,2.2486214637756348,0.0,0.0,10905008,,
42,dp_fisher_wiener,b47a1595ee654f8a78e687241bff5037cb0f0d90ae4862e4d6981afb2651c309,0.11391957738669493,1.8932056679194684,1.8970673338955992,0.08784212818903334,276.184220267872,0.9211345948700299,0.063888855556463,0.43668345851844553,0.27671064123412226,0.0011577633189012405,0.0036207716681016834,0.8653807160079708,23.784060747626675,0.9966647819561293,1.0,0.0012092068791389465,139,1,2.239799976348877,0.0,0.0,10905008,,
42,dp_fisher_wiener,b47a1595ee654f8a78e687241bff5037cb0f0d90ae4862e4d6981afb2651c309,0.10245166402520439,1.900944519790572,1.9042068381274864,0.08024937234059679,344.27132460180053,1.1129044910748613,0.05871663654573856,0.3195743653034805,0.19357567589094454,0.001239512729506083,0.002904685718629329,0.4536270485794329,21.935997928918454,0.9967673622182684,1.0,0.0011453023180365562,140,1,2.2432897090911865,0.0,0.0,10905008,,
42,dp_fisher_wiener,b47a1595ee654f8a78e687241bff5037cb0f0d90ae4862e4d6981afb2651c309,0.10465105770532539,1.8999080664429544,1.902864631623346,0.08123801248407504,329.59296174578395,1.1556553972051335,0.05572799611005631,0.28787967956990335,0.15229377206328068,0.0012978545020977082,0.003034045371028636,0.3560231238261409,20.694561353985385,0.9964936890912853,1.0,0.001148434355854988,141,1,2.238384485244751,0.0,0.0,10905008,,
42,dp_fisher_wiener,b47a1595ee654f8a78e687241bff5037cb0f0d90ae4862e4d6981afb2651c309,0.10524454544072068,1.8990858092203036,1.9022287314968311,0.08740435613565944,325.6041890556905,1.0280577828958282,0.057501854916284866,0.39835177203956484,0.23907826940605056,0.0012019103154078743,0.0030712135578157547,0.6109111577320269,22.98668040755586,0.9968426149986672,1.0,0.0014219898730516434,142,1,2.2501931190490723,0.0,0.0,10905008,,
42,dp_fisher_wiener,b47a1595ee654f8a78e687241bff5037cb0f0d90ae4862e4d6981afb2651c309,0.11317550163674905,1.8983625810529028,1.9019003668099712,0.08643383025134461,281.35424586026755,0.9074421574575418,0.06098348391823203,0.44245461668158703,0.28374680741783226,0.001129014047683911,0.0035542381699769795,0.893260571410343,24.00231637922719,0.9967747344466663,1.0,0.0015209894627332687,143,1,2.2563881874084473,0.0,0.0,10905008,,
42,dp_fisher_wiener,b47a1595ee654f8a78e687241bff5037cb0f0d90ae4862e4d6981afb2651c309,0.09855973224307213,1.8976867428730062,1.9001970604895906,0.07761975872082941,370.72341520570416,1.1184622806771842,0.0513872704091622,0.31855983795560994,0.19491317060145835,0.00115666542863813,0.0026974287538376984,0.4545518330473397,22.26633430649915,0.996983027683708,1.0,0.0011392934247851372,144,1,2.244992971420288,0.0,0.0,10905008,,
42,dp_fisher_wiener,b47a1595ee654f8a78e687241bff5037cb0f0d90ae4862e4d6981afb2651c309,0.09815664902122127,1.8947268033828564,1.897023706385218,0.08096655179070848,372.60935164199196,1.2948771733085669,0.04925743828526796,0.23369395632267911,0.156948828966616,0.0015003625296006059,0.0026837759049502963,0.2807424720000259,20.1956187003187,0.9965248398420437,1.0,0.0011555328965187073,145,1,2.247318983078003,0.0,0.0,10905008,,
42,dp_fisher_wiener,b47a1595ee654f8a78e687241bff5037cb0f0d90ae4862e4d6981afb2651c309,0.10422193990859907,1.8986123743125962,1.901801036060434,0.08153608630381859,331.8595416760511,1.0756985063234874,0.05797012251417863,0.34278557007520377,0.21654612660948544,0.0012168193447131613,0.0030133230307532424,0.5362533339720179,22.503243142342484,0.9967585729164502,1.0,0.001477062702178955,146,1,2.244007110595703,0.0,0.0,10905008,,
42,dp_fisher_wiener,b47a1595ee654f8a78e687241bff5037cb0f0d90ae4862e4d6981afb2651c309,0.10254501455996755,1.8971943203170143,1.8997970040354053,0.07515517121226355,342.29025064952543,1.0769668534926509,0.052351917776422674,0.31394118212398103,0.18837360552367688,0.0011041217684068065,0.002921497173837226,0.4984350203247147,22.320030778258463,0.9968536443809056,1.0,0.0011414801701903343,147,1,2.2419416904449463,0.0,0.0,10905008,,
42,dp_fisher_wiener,b47a1595ee654f8a78e687241bff5037cb0f0d90ae4862e4d6981afb2651c309,0.10228811004849521,1.9003878936688139,1.9027257543032294,0.07420005815114696,345.1709211177741,1.127915877990253,0.04972096516342857,0.27453239695150666,0.1839882927049059,0.0011949361531967725,0.002897115425209708,0.4460784949512145,21.874454881854785,0.9967322975112232,1.0,0.001150251366198063,148,1,2.2438411712646484,0.0,0.0,10905008,,
42,dp_fisher_wiener,b47a1595ee654f8a78e687241bff5037cb0f0d90ae4862e4d6981afb2651c309,0.11372635084175393,1.8951108083063035,1.898354212202627,0.09160506952739277,277.6815397419913,0.9088330682770414,0.0584489402754527,0.4593345830574743,0.3386156153035732,0.0012825924267423623,0.003601247676930765,0.9507608749189824,24.21618310368482,0.9967270670238964,1.0,0.0011712508276104927,149,1,2.2538294792175293,0.0,0.0,10905008,,
42,dp_fisher_wiener,b47a1595ee654f8a78e687241bff5037cb0f0d90ae4862e4d6981afb2651c309,0.1031742988705302,1.8997203721709954,1.9023768203501683,0.08685001185763572,339.0285775251949,1.0934207659455422,0.05284642137161217,0.36539971592802145,0.2550280881170542,0.0014152332524495221,0.0029496038570125155,0.5315249842935742,22.557599906753385,0.9967748418911265,1.0,0.001356806606054306,150,1,2.245433807373047,0.14851215481758118,0.0045843953266739845,10905008,,
42,dp_fisher_wiener,b47a1595ee654f8a78e687241bff5037cb0f0d90ae4862e4d6981afb2651c309,0.10019009492618251,1.8988433836353626,1.901320100753278,0.08375918438865015,359.1937035252477,1.1284192057155198,0.051051587217714633,0.3411958205534667,0.2295836123682696,0.0013762170937677502,0.00278401316639397,0.4644353005429839,22.222539369361265,0.9968584660737632,1.0,0.0011375537142157555,151,1,2.2420926094055176,0.0,0.0,10905008,,
42,dp_fisher_wiener,b47a1595ee654f8a78e687241bff5037cb0f0d90ae4862e4d6981afb2651c309,0.1040333775045274,1.8952986979762292,1.8982492339973445,0.0847105223600449,331.90204766493275,1.1790708207907366,0.05574184942990534,0.2971726184635117,0.17943952641787728,0.0014930242993241687,0.003012937120884719,0.36211065706852164,20.79851238161624,0.9964475337555594,1.0,0.0012985514476895332,152,1,2.2486772537231445,0.0,0.0,10905008,,
42,dp_fisher_wiener,b47a1595ee654f8a78e687241bff5037cb0f0d90ae4862e4d6981afb2651c309,0.10031873884331033,1.8975413704276853,1.9004126790605327,0.08664259699015414,357.7819105008217,1.2139473437648414,0.0549941705236177,0.30797757213978855,0.17795007582179373,0.0014740782948208927,0.002794998770341856,0.3374110078191605,20.81777625756043,0.9966070186665804,1.0,0.0014437530189752579,153,1,2.2504687309265137,0.0,0.0,10905008,,
42,dp_fisher_wiener,b47a1595ee654f8a78e687241bff5037cb0f0d90ae4862e4d6981afb2651c309,0.0979501292834495,1.8955323679704599,1.897905483417213,0.08172310240964331,374.5004832667025,1.2136765704856165,0.05001744227587802,0.28911468421316966,0.21606145177633682,0.0014484304687916948,0.0026702235232720305,0.3983155445742884,21.73679637766748,0.9967592122715074,1.0,0.0015547201037406921,154,1,2.250491142272949,0.0,0.0,10905008,,
42,dp_fisher_wiener,b47a1595ee654f8a78e687241bff5037cb0f0d90ae4862e4d6981afb2651c309,0.1076012817758444,1.9007647631321933,1.9034121917502778,0.09253641083836456,312.04832446898774,1.0538010261928406,0.052852316660060704,0.39871688661510146,0.284378062099382,0.001488720279611876,0.0032046318518615716,0.612154619080769,22.81082985757746,0.9966229556656463,1.0,0.001215379685163498,155,1,2.2552452087402344,0.0,0.0,10905008,,
42,dp_fisher_wiener,b47a1595ee654f8a78e687241bff5037cb0f0d90ae4862e4d6981afb2651c309,0.09582205040934189,1.8983406050847298,1.9007696497308917,0.08621857794252012,392.47984121446143,1.2372916932249762,0.050539458516685246,0.3180277898977812,0.18415502681908852,0.0014258863964919468,0.002547901560489028,0.32906470060898224,21.110986522430032,0.9968475025637087,1.0,0.001146828755736351,156,1,2.2448315620422363,0.0,0.0,10905008,,
42,dp_fisher_wiener,b47a1595ee654f8a78e687241bff5037cb0f0d90ae4862e4d6981afb2651c309,0.10516918882193445,1.8985954055620826,1.9018714906472243,0.09190061352178792,325.9025831490065,1.1115941668054432,0.05877265559832485,0.3730649086491691,0.2181863225729082,0.0014385891938847103,0.0030684015764677122,0.4653748679079002,21.80890728612004,0.9965891827058735,1.0,0.001154595986008644,157,1,2.242894411087036,0.0,0.0,10905008,,
42,dp_fisher_wiener,b47a1595ee654f8a78e687241bff5037cb0f0d90ae4862e4d6981afb2651c309,0.1053657598044468,1.8946290854456223,1.8977549574210195,0.09211752310636917,323.33252489487785,1.0946143048740409,0.05740306769070846,0.3830213411241337,0.24560372535338493,0.0014829351667541182,0.00309279123785882,0.512228091095033,22.19112785491841,0.9966145864687457,1.0,0.0011774608865380287,158,1,2.246499538421631,0.0,0.0,10905008,,
42,dp_fisher_wiener,b47a1595ee654f8a78e687241bff5037cb0f0d90ae4862e4d6981afb2651c309,0.1031634132691066,1.8986175222975807,1.9015461805988565,0.08476490500606473,338.70652539285174,1.0804548047509832,0.05549286696419947,0.36186943153723117,0.25424895353118243,0.0014119216304532662,0.0029524084271653835,0.5316490212601321,22.554485822733156,0.9968100561289821,1.0,0.001416918821632862,159,1,2.2454445362091064,0.0,0.0,10905008,,
42,dp_fisher_wiener,b47a1595ee654f8a78e687241bff5037cb0f0d90ae4862e4d6981afb2651c309,0.10278519139480866,1.8992849866964463,1.902436105420826,0.09131333505645138,341.443754062725,1.1741761104616741,0.057646030528512915,0.34616591229016663,0.232036606664236,0.0015787405330159414,0.002928740057495278,0.43045382726038933,21.672457461703168,0.9965611433904114,1.0,0.0015430962666869164,160,1,2.2476770877838135,0.0,0.0,10905008,,
42,dp_fisher_wiener,b47a1595ee654f8a78e687241bff5037cb0f0d90ae4862e4d6981afb2651c309,0.11660553279340109,1.8963528258613873,1.899402678948722,0.08634892454830982,264.4843450028959,0.9797350235702824,0.05682962123150455,0.3839437434779527,0.25975970222506,0.0013476977113103953,0.003780942119334988,0.7287512553265945,22.849792867535964,0.996295678583323,1.0,0.001174108125269413,161,1,2.2332029342651367,0.0,0.0,10905008,,
42,dp_fisher_wiener,b47a1595ee654f8a78e687241bff5037cb0f0d90ae4862e4d6981afb2651c309,0.09530821040156888,1.898593489286758,1.901019576665177,0.07829115955320276,396.8289470582114,1.2664098087413207,0.05050659035972754,0.24856842171531582,0.15097937392704802,0.0013748771675101297,0.002519977454525119,0.2767262613347536,20.406537201942086,0.996808675833431,1.0,0.0011532260105013847,162,1,2.236098289489746,0.0,0.0,10905008,,
42,dp_fisher_wiener,b47a1595ee654f8a78e687241bff5037cb0f0d90ae4862e4d6981afb2651c309,0.10143775663301088,1.9004275266255768,1.903100961175315,0.0826910435437025,350.99695813562994,1.1499131444059874,0.05298755731936033,0.31564517407993975,0.18691939504049382,0.001318045567565578,0.0028490275391962923,0.4040364894240772,21.51723941594549,0.9967238657835852,1.0,0.0011777495965361595,163,1,2.2349674701690674,0.0,0.0,10905008,,
42,dp_fisher_wiener,b47a1595ee654f8a78e687241bff5037cb0f0d90ae4862e4d6981afb2651c309,0.0924154277684821,1.896312425196552,1.8986557128229904,0.07805059416396812,421.04724024841124,1.3263518539367447,0.04967744345925061,0.2290735272864435,0.13466134176167938,0.0013716301764566201,0.002375030410584451,0.23317129301785602,19.920059060185437,0.9968498740113964,1.0,0.0014118673279881477,164,1,2.2358713150024414,0.0,0.0,10905008,,
42,dp_fisher_wiener,b47a1595ee654f8a78e687241bff5037cb0f0d90ae4862e4d6981afb2651c309,0.09716989744552855,1.9023783399802696,1.9049809546473038,0.076780879301329,383.2924778565877,1.2274609695604435,0.05227003463516682,0.25115432650757225,0.1410478747835087,0.0013079126395981145,0.0026089737150228466,0.2813568633638341,20.327878098708094,0.9967975865938612,1.0,0.0015664752572774887,165,1,2.233372926712036,0.0,0.0,10905008,,
42,dp_fisher_wiener,b47a1595ee654f8a78e687241bff5037cb0f0d90ae4862e4d6981afb2651c309,0.12512705676874603,1.9001246013209194,1.903722783309193,0.10259467798217006,230.60127452276402,0.8584237490882743,0.06159283165235229,0.4962969874411896,0.3675434158712329,0.0015299195879894388,0.004336489475200785,1.0417855728697307,23.80640042046017,0.9962774544465786,1.0,0.0012977737933397293,166,1,2.2435176372528076,0.0,0.0,10905008,,
42,dp_fisher_wiener,b47a1595ee654f8a78e687241bff5037cb0f0d90ae4862e4d6981afb2651c309,0.09860047250458871,1.8909425617642994,1.8935610832860015,0.08413634503436421,367.78895424766506,1.1157686100629423,0.05257424929723176,0.35881748223673854,0.24074921550254724,0.0013347965335353002,0.0027189506056331217,0.49040075305920683,22.5614981029397,0.9969662802616109,1.0,0.0011452939361333847,167,1,2.2443628311157227,0.0,0.0,10905008,,
42,dp_fisher_wiener,b47a1595ee654f8a78e687241bff5037cb0f0d90ae4862e4d6981afb2651c309,0.11176101574179738,1.9003084079661625,1.9042850842901926,0.10036436823261399,289.11291953564853,0.9908496478072835,0.06488942295251007,0.45410801432088316,0.2828554161580347,0.0014752959147325139,0.00345885615048192,0.6631592929933751,22.826853591174952,0.9965727936012045,1.0,0.0011512041091918945,168,1,2.245882511138916,0.0,0.0,10905008,,
42,dp_fisher_wiener,b47a1595ee654f8a78e687241bff5037cb0f0d90ae4862e4d6981afb2651c309,0.0989614203310091,1.8988193546293022,1.901353228002108,0.08201207001348035,368.1590324453093,1.1013394778003207,0.05161154136990677,0.353222246866394,0.24306220988684105,0.0012830340014525696,0.002716217481493312,0.514569234145224,22.774792762327664,0.9970085224570346,1.0,0.0011642184108495712,169,1,2.251516342163086,0.0,0.0,10905008,,
42,dp_fisher_wiener,b47a1595ee654f8a78e687241bff5037cb0f0d90ae4862e4d6981afb2651c309,0.11160997733280606,1.898587199571795,1.9021562405966113,0.08882672102574918,289.3710346373629,0.9673979172051046,0.061285547587275516,0.4184157160035109,0.2582549593353322,0.0012398224787474221,0.0034557708969477044,0.719836902164456,23.186891638370103,0.9966568944316864,1.0,0.0014375410974025726,170,1,2.2318434715270996,0.0,0.0,10905008,,
42,dp_fisher_wiener,b47a1595ee654f8a78e687241bff5037cb0f0d90ae4862e4d6981afb2651c309,0.11330216526057872,1.895406165394397,1.8987769080855001,0.09303320803086099,279.85183494342414,1.0080288142824525,0.059559187914864545,0.4056645130110697,0.2733034859788912,0.001483807817101586,0.0035733194321344638,0.6581719316717083,22.65267516242387,0.9963979910494924,1.0,0.001527402549982071,171,1,2.242858409881592,0.0,0.0,10905008,,
42,dp_fisher_wiener,b47a1595ee654f8a78e687241bff5037cb0f0d90ae4862e4d6981afb2651c309,0.10327866721889344,1.8880392026480057,1.8912672250481088,0.08528004620974913,334.195629069377,1.0805469755934778,0.05853287959010842,0.36409046727891725,0.21709271308730477,0.0013147507393480842,0.002992259362250288,0.49408430335334924,22.17801822306506,0.9967667231956261,1.0,0.0011382298544049263,172,1,2.2381110191345215,0.0,0.0,10905008,,
42,dp_fisher_wiener,b47a1595ee654f8a78e687241bff5037cb0f0d90ae4862e4d6981afb2651c309,0.09527523299381041,1.9002110598137834,1.9022004111640187,0.08045329808293586,397.7806416043169,1.12579825299991,0.04591255539923834,0.34772812237416,0.2421037146966229,0.0012331731558417533,0.00251394838083721,0.4935529439668682,22.929773905513343,0.9971698013044097,1.0,0.0011415602639317513,173,1,2.2545368671417236,0.0,0.0,10905008,,
42,dp_fisher_wiener,b47a1595ee654f8a78e687241bff5037cb0f0d90ae4862e4d6981afb2651c309,0.1061266663432288,1.890213642217622,1.8931594118285802,0.08364550764225215,317.2288974367328,1.0550127540944052,0.05576449853390486,0.3591841796049559,0.21722377556927985,0.0012587824982416636,0.0031522979400398724,0.5439812367265768,22.369566617335686,0.9966742854682571,1.0,0.0011732317507266998,174,1,2.235034704208374,0.0,0.0,10905008,,
42,dp_fisher_wiener,b47a1595ee654f8a78e687241bff5037cb0f0d90ae4862e4d6981afb2651c309,0.12298379434870281,1.9004531404676075,1.9047234172711265,0.09409424993609318,238.79133051390752,0.9485601922738341,0.06696724806860747,0.41616398046519465,0.2420838310666624,0.0013821043711723748,0.004187756723753278,0.733510588831547,22.434249429289853,0.9960276606766579,1.0,0.0012375479564070702,175,1,2.220918893814087,0.0,0.0,10905008,,
42,dp_fisher_wiener,b47a1595ee654f8a78e687241bff5037cb0f0d90ae4862e4d6981afb2651c309,0.12578197649130185,1.8904218188071533,1.894444519299434,0.09650219154145111,225.88147382849496,0.9126190672100335,0.06514516616468585,0.44055559620228274,0.2940625120246943,0.001526931832211311,0.004427100562907534,0.8525883637338948,22.8462001371214,0.995959743613579,1.0,0.0011474015191197395,176,1,2.222973346710205,0.0,0.0,10905008,,
42,dp_fisher_wiener,b47a1595ee654f8a78e687241bff5037cb0f0d90ae4862e4d6981afb2651c309,0.11836891792239193,1.8988686407371105,1.9024640406793474,0.09206335788936865,257.3442622063627,0.8883957727104412,0.06145519617156854,0.4606297922457268,0.292606179372068,0.0012119238565349959,0.003885845331676591,0.9381961992269714,23.828081587294548,0.9965478314336855,1.0,0.0011788243427872658,177,1,2.2356977462768555,0.0,0.0,10905008,,
42,dp_fisher_wiener,b47a1595ee654f8a78e687241bff5037cb0f0d90ae4862e4d6981afb2651c309,0.11587740643240177,1.9043881782837555,1.9076087649669833,0.0864776125919425,270.0930575080026,1.0086464883402424,0.05814201436498203,0.36734966512553313,0.21520333467879732,0.001267996126498695,0.003702427634207598,0.6283731917814347,22.297310696131,0.9962655593681445,1.0,0.0014109956100583076,178,1,2.221601963043213,0.0,0.0,10905008,,
42,dp_fisher_wiener,b47a1595ee654f8a78e687241bff5037cb0f0d90ae4862e4d6981afb2651c309,0.10627517794665753,1.901877923886095,1.904881309433548,0.09093816297900653,320.2591842266635,1.0461799801239933,0.05613366792518511,0.4008587193699798,0.25574257362704417,0.0013630423668829338,0.003122470952163027,0.585857620197641,22.732936760917184,0.9967333334010391,1.0,0.0014877459034323692,179,1,2.244781732559204,0.0,0.0,10905008,,
42,dp_fisher_wiener,b47a1595ee654f8a78e687241bff5037cb0f0d90ae4862e4d6981afb2651c309,0.10559374799966366,1.897301539646891,1.8996586915296736,0.08834648869360964,322.846667437759,1.1186912657335657,0.05010180725548499,0.3474007447525283,0.25828839214810917,0.0015165075773085398,0.003097445632152373,0.5275504481421062,22.312603039861997,0.9965349146249158,1.0,0.0011546723544597626,180,1,2.225393056869507,0.0,0.0,10905008,,
42,dp_fisher_wiener,b47a1595ee654f8a78e687241bff5037cb0f0d90ae4862e4d6981afb2651c309,0.10288055009594702,1.8934028117109019,1.8962931366867604,0.08184074040537449,338.7033404784372,1.05207863407285,0.055199330702326424,0.3650128513657023,0.22592593706501654,0.001212772271647287,0.002952436189417816,0.5500059064860295,22.701868331974843,0.9968938049663566,1.0,0.0011460576206445694,181,1,2.235412836074829,0.0,0.0,10905008,,
42,dp_fisher_wiener,b47a1595ee654f8a78e687241bff5037cb0f0d90ae4862e4d6981afb2651c309,0.12924504663171354,1.8971392093663455,1.9014956521752207,0.10425303207317706,215.46194936807308,0.8082088971838098,0.06765333500623974,0.5221994596581226,0.35226347287742,0.001317542953001955,0.0046411907200911845,1.2408870294314034,24.271028297455825,0.9962489483662709,1.0,0.001166854053735733,182,1,2.243651866912842,0.0,0.0,10905008,,
42,dp_fisher_wiener,b47a1595ee654f8a78e687241bff5037cb0f0d90ae4862e4d6981afb2651c309,0.10896311734646433,1.8996405881705152,1.902835341637184,0.09164128305613527,303.93718816999296,1.0957914116939291,0.0579267506099987,0.36356630186231903,0.2422630720856521,0.0015445197839460626,0.0032901534884115426,0.5160715323591251,21.954937443373108,0.9963946780639401,1.0,0.0014303671196103096,183,1,2.224760055541992,0.0,0.0,10905008,,
42,dp_fisher_wiener,b47a1595ee654f8a78e687241bff5037cb0f0d90ae4862e4d6981afb2651c309,0.09688590778498254,1.8968303532020985,1.8990593342510595,0.0841572926706863,383.2972961134403,1.1790277459869427,0.04850166532586435,0.33125865851612163,0.22199643831486526,0.0013815495592943044,0.00260894091879331,0.4192217266437072,22.059795378764765,0.9969239862687743,1.0,0.001522846519947052,184,1,2.2403030395507812,0.0,0.0,10905008,,
42,dp_fisher_wiener,b47a1595ee654f8a78e687241bff5037cb0f0d90ae4862e4d6981afb2651c309,0.10955735054040831,1.8970281300279428,1.9001199208541848,0.08896517303082835,299.8226922803432,1.102661197941375,0.05702685442403989,0.3428092618889049,0.22620091447490498,0.0015304828419939005,0.0033353045838884618,0.4929483207213873,21.696658910147548,0.9963222890517238,1.0,0.0011865487322211266,185,1,2.23581600189209,0.0,0.0,10905008,,
42,dp_fisher_wiener,b47a1595ee654f8a78e687241bff5037cb0f0d90ae4862e4d6981afb2651c309,0.0958914327239176,1.892523529145173,1.8951283014847886,0.08218688007430765,389.51389992977045,1.2210789725829228,0.052444553918337834,0.29956951003530113,0.18395454024213698,0.0013975560301506937,0.002567302476423225,0.3379234438414772,21.193412826210746,0.9968651209294386,1.0,0.0011537615209817886,186,1,2.225813388824463,0.0,0.0,10905008,,
42,dp_fisher_wiener,b47a1595ee654f8a78e687241bff5037cb0f0d90ae4862e4d6981afb2651c309,0.11207135260886888,1.8979835334337247,1.9013288580712633,0.08780035253313187,286.8109007127379,1.021465482777481,0.05929554189720931,0.37801667036791337,0.23669009472691407,0.0014005823883653683,0.0034866178288030882,0.5892176789694205,22.2787142228368,0.9964385402359576,1.0,0.001156175509095192,187,1,2.2141358852386475,0.0,0.0,10905008,,
42,dp_fisher_wiener,b47a1595ee654f8a78e687241bff5037cb0f0d90ae4862e4d6981afb2651c309,0.10332824239652198,1.896007970265168,1.8987272314823478,0.0824741855944884,336.69931510923044,1.1311864612363054,0.0535077529735147,0.3169094578316316,0.19709017694989736,0.00136536785584635,0.002970009011101328,0.4287193366753681,21.59415304957821,0.9966403660165777,1.0,0.0013590678572654724,188,1,2.2210326194763184,0.0,0.0,10905008,,
42,dp_fisher_wiener,b47a1595ee654f8a78e687241bff5037cb0f0d90ae4862e4d6981afb2651c309,0.09500056114498544,1.896047840574307,1.8984251305608066,0.07843749201796914,398.33295777726215,1.2510533550600405,0.05002917621822502,0.2607932426666754,0.14146774317794344,0.001340520174085019,0.0025104626176779845,0.26493408132672264,20.23384070851926,0.9968592773190531,1.0,0.0011437833309173584,189,1,2.220139265060425,0.0,0.0,10905008,,
42,dp_fisher_wiener,b47a1595ee654f8a78e687241bff5037cb0f0d90ae4862e4d6981afb2651c309,0.08937035565303036,1.8948960646232496,1.8969947530372586,0.07851962213421589,449.55601738142474,1.4207941023046484,0.04702583180532633,0.19982133480690786,0.12104524511952337,0.0015039375814898713,0.0022244168940265155,0.17903341965998465,19.05717922069939,0.9968395615955046,1.0,0.0011448124423623085,190,1,2.2358059883117676,0.0,0.0,10905008,,
42,dp_fisher_wiener,b47a1595ee654f8a78e687241bff5037cb0f0d90ae4862e4d6981afb2651c309,0.12387468523540363,1.8953706815763702,1.8990563677992267,0.09697622106410188,234.11173796318306,0.862387518760069,0.062339271651177273,0.47931987645039525,0.33372049957481986,0.001382018699017415,0.00427146459479027,1.0314442918238553,23.82868965706546,0.9963163422463873,1.0,0.0011634929105639458,191,1,2.2276549339294434,0.0,0.0,10905008,,
42,dp_fisher_wiener,b47a1595ee654f8a78e687241bff5037cb0f0d90ae4862e4d6981afb2651c309,0.10882267381807607,1.893812418621813,1.8968281156865214,0.08451566410046078,302.85526994728826,1.0488210318939661,0.056375433147988915,0.3568871980724049,0.23212385589833587,0.0013911265429597326,0.003301907211617377,0.550957378801474,22.223531388873326,0.996536890270801,1.0,0.0014419490471482277,192,1,2.2193026542663574,0.0,0.0,10905008,,
42,dp_fisher_wiener,b47a1595ee654f8a78e687241bff5037cb0f0d90ae4862e4d6981afb2651c309,0.09905698157949663,1.896171313944919,1.898439263680751,0.07792667859890037,366.42488795809396,1.1753532669761972,0.0489707867054019,0.2818919896090067,0.16800758082215655,0.0012444339687057923,0.002729072267635307,0.3684444824303063,21.303570208290573,0.9967923759940938,1.0,0.0015707137063145638,193,1,2.218860626220703,0.0,0.0,10905008,,
42,dp_fisher_wiener,b47a1595ee654f8a78e687241bff5037cb0f0d90ae4862e4d6981afb2651c309,0.10001661895694906,1.9000534974695122,1.902788207639067,0.08140034597607428,360.90036356872406,1.2176016081424468,0.053604504349154564,0.2732505351197988,0.15149058659911407,0.0014164943551086264,0.002770847859534872,0.2963353620604627,20.2917079891657,0.996626211189975,1.0,0.001146380789577961,194,1,2.220327854156494,0.0,0.0,10905008,,
42,dp_fisher_wiener,b47a1595ee654f8a78e687241bff5037cb0f0d90ae4862e4d6981afb2651c309,0.10289209817040736,1.895890004430738,1.8989181498102494,0.08694551165242681,339.5175488691562,1.124829163075916,0.05649912897168871,0.34864623060637545,0.1890806544495072,0.0013220742459271039,0.002945355853433797,0.42123943795518637,21.553912513912937,0.9966869778401084,1.0,0.0011404668912291527,195,1,2.217113971710205,0.0,0.0,10905008,,
42,dp_fisher_wiener,b47a1595ee654f8a78e687241bff5037cb0f0d90ae4862e4d6981afb2651c309,0.08668201673535374,1.9011539764272676,1.9035726204634964,0.07585126264110298,481.0348822708589,1.4149232246719003,0.050653008311879084,0.20044101978226295,0.10294173980905631,0.001368698519830792,0.002078851319775099,0.15635333022328418,18.76283706120497,0.9970585849866189,1.0,0.0011780951172113419,196,1,2.230447769165039,0.0,0.0,10905008,,
42,dp_fisher_wiener,b47a1595ee654f8a78e687241bff5037cb0f0d90ae4862e4d6981afb2651c309,0.09558366722661349,1.9019546599974255,1.904025106822364,0.0797846418381992,395.9432481755602,1.24662831996116,0.046749739025662165,0.2696220554407196,0.18964197980799968,0.00141829113868234,0.002525614477575008,0.33770395700499134,21.261690908905408,0.9968514974666065,1.0,0.0014324299991130829,197,1,2.235769033432007,0.0,0.0,10905008,,
42,dp_fisher_wiener,b47a1595ee654f8a78e687241bff5037cb0f0d90ae4862e4d6981afb2651c309,0.10917626863758687,1.8966451063250653,1.8998919000460883,0.0915920559141234,301.7975120693929,1.0233544786823583,0.058445826811065846,0.4055496214526539,0.2574399895097005,0.0014008994607145788,0.0033134799324849758,0.6089103914186074,22.642690407754152,0.9966091354707829,1.0,0.0015413183718919754,198,1,2.210505485534668,0.0,0.0,10905008,,
42,dp_fisher_wiener,b47a1595ee654f8a78e687241bff5037cb0f0d90ae4862e4d6981afb2651c309,0.10105710914077695,1.901773241448861,1.9047099243873047,0.08427524331545896,354.14712761420856,1.2239132584845769,0.05556545031525898,0.28271767105402956,0.17076687871535892,0.0015355667842588884,0.0028236851916279217,0.31401558795907,20.461349308989035,0.9965440542558416,1.0,0.0012050643563270569,199,1,2.2227842807769775,0.0,0.0,10905008,2.2189229530334473,0.2554
42,dp_fisher_wiener,b47a1595ee654f8a78e687241bff5037cb0f0d90ae4862e4d6981afb2651c309,0.09928869883609395,1.9031958841106125,1.9058214244115042,0.09711846522005926,367.42384771784856,1.325753553558814,0.05247407492295069,0.3225546322775991,0.20890636483577016,0.0018295840299060416,0.002721652408001029,0.3107649069843998,20.57599311089458,0.9963917596481747,1.0,0.0011617252603173256,200,1,2.2293801307678223,0.14857115410268307,0.004727315157651901,10905008,,
42,dp_fisher_wiener,b47a1595ee654f8a78e687241bff5037cb0f0d90ae4862e4d6981afb2651c309,0.10370638667540624,1.898636438878504,1.9012365445545636,0.08913741917783852,335.1757713290734,1.2019280743983407,0.052328059520857825,0.31229258775837104,0.20104923466071623,0.0016627666658419118,0.0029835092075463565,0.3607434855764206,20.824711145819506,0.9964140365228906,1.0,0.001372791826725006,201,1,2.208456039428711,0.0,0.0,10905008,,
42,dp_fisher_wiener,b47a1595ee654f8a78e687241bff5037cb0f0d90ae4862e4d6981afb2651c309,0.10608483147845703,1.9018121480541976,1.904684621985596,0.09412740569569927,321.387256767252,1.1180682280910461,0.05490512143518349,0.3771086692874431,0.25202607567346036,0.0016111152673996105,0.0031115110473563805,0.48673234900234597,21.943188636858228,0.9965211183562874,1.0,0.0011435598134994507,202,1,2.229600429534912,0.0,0.0,10905008,,
42,dp_fisher_wiener,b47a1595ee654f8a78e687241bff5037cb0f0d90ae4862e4d6981afb2651c309,0.09300777751368437,1.8990694205887155,1.9015571827984405,0.09017819898387237,416.91080218501196,1.4212694670074717,0.051186085343874865,0.2675445311507627,0.16887281317424185,0.0017768712477322928,0.002398594602594041,0.22796104034277853,19.779037780307757,0.99659095072721,1.0,0.0011460930109024048,203,1,2.2241716384887695,0.0,0.0,10905008,,
42,dp_fisher_wiener,b47a1595ee654f8a78e687241bff5037cb0f0d90ae4862e4d6981afb2651c309,0.10268527157241372,1.8982454757016345,1.9008591143718438,0.09208404982994327,341.73419260588673,1.222425528824579,0.0524456352329845,0.32436383879007685,0.19248196130645648,0.001674908334929566,0.0029262509328651185,0.3362873699094124,20.603989913333407,0.9964228761555797,1.0,0.001221037469804287,204,1,2.203911781311035,0.0,0.0,10905008,,
42,dp_fisher_wiener,b47a1595ee654f8a78e687241bff5037cb0f0d90ae4862e4d6981afb2651c309,0.11779625897305987,1.8955687514190243,1.8995817059902236,0.10267208701593916,258.9501012084489,1.052012360589132,0.06503676779382529,0.4059666470636452,0.22908739723891275,0.0016906469602265871,0.0038617478628543856,0.5232776489858074,21.319482699172237,0.9959373935145057,1.0,0.0011413898319005966,205,1,2.191028594970703,0.0,0.0,10905008,,
42,dp_fisher_wiener,b47a1595ee654f8a78e687241bff5037cb0f0d90ae4862e4d6981afb2651c309,0.1068625311415264,1.8986739920802616,1.9015217916435563,0.09120049976352397,315.6820510772098,1.197153432754077,0.054728444263087726,0.3112133098246089,0.17609563301452316,0.0016987402680219063,0.0031677442429806466,0.32837623158430534,20.156216041868614,0.9962077241050966,1.0,0.0011652447283267975,206,1,2.200500726699829,0.0,0.0,10905008,,
42,dp_fisher_wiener,b47a1595ee654f8a78e687241bff5037cb0f0d90ae4862e4d6981afb2651c309,0.10679597572937113,1.897763617987362,1.9003953899247998,0.09030560483505241,315.7726102094447,1.1057792594626015,0.05272428128848093,0.3602473714336551,0.26569743453365674,0.0016040202428068062,0.0031668357785964002,0.5245695281365121,22.19177516087857,0.9964981786775969,1.0,0.0014455411583185196,207,1,2.2197015285491943,0.0,0.0,10905008,,
42,dp_fisher_wiener,b47a1595ee654f8a78e687241bff5037cb0f0d90ae4862e4d6981afb2651c309,0.0969154835655172,1.8985193772985318,1.9009396545772732,0.08639416904947599,383.7458873750177,1.338347334866456,0.05044864110059803,0.2559430326874057,0.16673221236299293,0.0017186994909369022,0.002605891119077976,0.2527992785988548,19.868195643214925,0.9965124125654585,1.0,0.0015555070713162422,208,1,2.2209632396698,0.0,0.0,10905008,,
42,dp_fisher_wiener,b47a1595ee654f8a78e687241bff5037cb0f0d90ae4862e4d6981afb2651c309,0.10658335597281092,1.8961090616565117,1.899485529952356,0.09845463507862767,316.48114861454417,1.086071209798591,0.059706825293815456,0.41527807902420927,0.24743813974007656,0.0015913365404497026,0.0031597458625557385,0.4913113086647399,21.917046065603756,0.996568290988096,1.0,0.001142827793955803,209,1,2.223052501678467,0.0,0.0,10905008,,
42,dp_fisher_wiener,b47a1595ee654f8a78e687241bff5037cb0f0d90ae4862e4d6981afb2651c309,0.10255667362506198,1.8950788581169868,1.8977555698353266,0.08943437469672924,341.44968824827566,1.2212739196530766,0.05310194040718095,0.309153941137356,0.20898201026142074,0.0016993866898513909,0.0029286891577933525,0.36015543209762946,20.89816689900626,0.9964232683124762,1.0,0.0011540986597537994,210,1,2.207627773284912,0.0,0.0,10905008,,
42,dp_fisher_wiener,b47a1595ee654f8a78e687241bff5037cb0f0d90ae4862e4d6981afb2651c309,0.0935737534801364,1.9022098776348306,1.9049233762784121,0.08659184427618508,413.2461003812879,1.398769475220456,0.05353887613550285,0.24723186581297818,0.13806366417385074,0.0016803926823470128,0.0024198655449206934,0.19881989932042501,19.146686134333226,0.9966151659412407,1.0,0.0011397451162338257,211,1,2.220414161682129,0.0,0.0,10905008,,
42,dp_fisher_wiener,b47a1595ee654f8a78e687241bff5037cb0f0d90ae4862e4d6981afb2651c309,0.09211230527637407,1.9009079240696285,1.9030634273523228,0.08669680179699608,425.8796213033265,1.3635380722127093,0.047588625683239516,0.2774805867347539,0.1517959141734712,0.001567916828993696,0.002348081358815778,0.227326571029271,19.859370602161356,0.9967983016702244,1.0,0.001232033595442772,212,1,2.212700843811035,0.0,0.0,10905008,,
42,dp_fisher_wiener,b47a1595ee654f8a78e687241bff5037cb0f0d90ae4862e4d6981afb2651c309,0.1059425466663529,1.903156011930134,1.9061862900761577,0.08865111405677549,322.70668762050514,1.055041013212044,0.056369435378027175,0.3855040146295538,0.2630726683833433,0.001496759076276287,0.0030987892047858712,0.5446479381377063,22.449238293818716,0.9967306502973609,1.0,0.0011449158191680908,213,1,2.213101387023926,0.0,0.0,10905008,,
42,dp_fisher_wiener,b47a1595ee654f8a78e687241bff5037cb0f0d90ae4862e4d6981afb2651c309,0.09492705450560311,1.8913701105218728,1.8932017678040287,0.08134571824841551,396.98402653345215,1.3566729795961734,0.04435659133967936,0.2203531217653471,0.16210429545125854,0.0016420683290431224,0.0025189930401506495,0.24867393443608737,19.94403297935782,0.9965825502062575,1.0,0.0013576243072748184,214,1,2.2100820541381836,0.0,0.0,10905008,,
42,dp_fisher_wiener,b47a1595ee654f8a78e687241bff5037cb0f0d90ae4862e4d6981afb2651c309,0.12040600183991926,1.9006709188795974,1.9047860626391047,0.1041677976346464,249.1825285683329,0.936437840289357,0.06574648715914287,0.46930423414411176,0.298508332513463,0.001564241971858861,0.004013122451546669,0.7658345144840955,22.80652523575494,0.9962419602783977,1.0,0.0012116264551877975,215,1,2.2073898315429688,0.0,0.0,10905008,,
42,dp_fisher_wiener,b47a1595ee654f8a78e687241bff5037cb0f0d90ae4862e4d6981afb2651c309,0.09472619466530646,1.8962359019357813,1.8984935309694904,0.08819217760209848,400.7232559349549,1.2883545121640652,0.048766762922018585,0.31065191580077,0.19425652183680137,0.001584260013627441,0.002495487808799887,0.3059881445108113,20.88549147376087,0.996784927021124,1.0,0.001145392656326294,216,1,2.226820707321167,0.0,0.0,10905008,,
42,dp_fisher_wiener,b47a1595ee654f8a78e687241bff5037cb0f0d90ae4862e4d6981afb2651c309,0.09676008272602105,1.8993164793196293,1.9017006818296878,0.08429033056753751,385.30284054334095,1.2733277958145643,0.05006531412411045,0.27868185489756847,0.17990456611082703,0.0015689949307998987,0.002595361089170139,0.2975900695723804,20.594206455587603,0.9966952545846312,1.0,0.0011678878217935562,217,1,2.2159228324890137,0.0,0.0,10905008,,
42,dp_fisher_wiener,b47a1595ee654f8a78e687241bff5037cb0f0d90ae4862e4d6981afb2651c309,0.09199971696236874,1.8943201521346302,1.8963254675655652,0.08384936698421948,423.96868125687973,1.3505666491069368,0.04604281375945792,0.26338321928403924,0.1719289421246419,0.0015980327102663966,0.002358664788439125,0.2537637304136123,20.3176332609414,0.9968144659999348,1.0,0.0014224797487258911,218,1,2.2082152366638184,0.0,0.0,10905008,,
42,dp_fisher_wiener,b47a1595ee654f8a78e687241bff5037cb0f0d90ae4862e4d6981afb2651c309,0.11419746904654333,1.8983314372770088,1.9022452040834197,0.09583220902894872,276.3319630707452,1.0262011069571335,0.0642531616187876,0.4039787588558687,0.24198567048338968,0.001545374948456736,0.0036188357973884703,0.5666627426468605,21.947557814615294,0.9962863466985391,1.0,0.0012017516419291496,219,1,2.2047362327575684,0.0,0.0,10905008,,
42,dp_fisher_wiener,b47a1595ee654f8a78e687241bff5037cb0f0d90ae4862e4d6981afb2651c309,0.09369279953046594,1.9000499692555248,1.9024696190799273,0.08510180495839673,411.2610817094425,1.3644537378561006,0.05043292584061825,0.2535307879636552,0.14464973626734184,0.00161383767325778,0.0024315454205616027,0.21794162425022054,19.524577965817436,0.9966822687617699,1.0,0.0011459672823548317,220,1,2.2041306495666504,0.0,0.0,10905008,,
42,dp_fisher_wiener,b47a1595ee654f8a78e687241bff5037cb0f0d90ae4862e4d6981afb2651c309,0.1193855160441484,1.892810119473314,1.8965118073187583,0.10463737301741506,251.36847840615994,0.8947061147983165,0.062450938237451264,0.49830039460951164,0.3546182698290795,0.0015779732037910815,0.003978223547638955,0.894027064538955,23.516614824067318,0.996440659065643,1.0,0.001169455237686634,221,1,2.207479476928711,0.0,0.0,10905008,,
42,dp_fisher_wiener,b47a1595ee654f8a78e687241bff5037cb0f0d90ae4862e4d6981afb2651c309,0.09632315289670254,1.8969737447028756,1.8992721760411662,0.08215330499612582,387.8477359704502,1.2996124452435116,0.04920514411910484,0.25080141994163935,0.14521021028565867,0.0015423691067398303,0.002578331409850311,0.24274348114684657,19.738088363087773,0.9966491684114351,1.0,0.001423228532075882,222,1,2.2033610343933105,0.0,0.0,10905008,,
42,dp_fisher_wiener,b47a1595ee654f8a78e687241bff5037cb0f0d90ae4862e4d6981afb2651c309,0.09740919429059712,1.8984558208221385,1.900604608212795,0.08368952415710289,379.84034158263944,1.2614507888677549,0.047672763848287274,0.2774212238149119,0.18702868239007966,0.0015541683002160095,0.0026326850795461614,0.3168174395727245,20.80410167513366,0.9966789973292162,1.0,0.0012487675994634628,223,1,2.20631742477417,0.0,0.0,10905008,,
42,dp_fisher_wiener,b47a1595ee654f8a78e687241bff5037cb0f0d90ae4862e4d6981afb2651c309,0.10613287148600554,1.9012766646770496,1.9040475825685987,0.0883191689516244,320.9155835843367,1.1767002304062026,0.05395934179014533,0.30990823792857036,0.18238763792534227,0.0016254098318125815,0.0031160842634746846,0.3496565833562259,20.500325163219166,0.9963333029288787,1.0,0.0011452250182628632,224,1,2.191627264022827,0.0,0.0,10905008,,
42,dp_fisher_wiener,b47a1595ee654f8a78e687241bff5037cb0f0d90ae4862e4d6981afb2651c309,0.11144234992656588,1.9004873783120362,1.9040452048197478,0.10020137258174651,290.82347323009554,1.012743345853878,0.061160065603242476,0.44247948149959543,0.3074917946434326,0.0016358193968850643,0.003438511990839259,0.646351440070738,22.740981774674115,0.9965176698613584,1.0,0.0011913422495126724,225,1,2.2051467895507812,0.0,0.0,10905008,,
42,dp_fisher_wiener,b47a1595ee654f8a78e687241bff5037cb0f0d90ae4862e4d6981afb2651c309,0.09915600031131845,1.9013810434099427,1.9043430419181109,0.09265349877994854,367.7056635189974,1.207821847527903,0.05588304922851438,0.35600727014185896,0.2318393240997381,0.0016476722021685792,0.0027195664878475524,0.3826625560079987,21.48316287012543,0.9967152481798389,1.0,0.0014286953955888748,226,1,2.2117269039154053,0.0,0.0,10905008,,
42,dp_fisher_wiener,b47a1595ee654f8a78e687241bff5037cb0f0d90ae4862e4d6981afb2651c309,0.09520987799906769,1.8983238489795846,1.9008467386897574,0.08163298030685355,397.5361161387315,1.3008575373881912,0.05152467818241233,0.25325263281343496,0.13344577343324593,0.0015030177001612204,0.002515494716813173,0.2233387790386141,19.483407278791432,0.9967276997370125,1.0,0.0014344928786158562,227,1,2.207683563232422,0.0,0.0,10905008,,
42,dp_fisher_wiener,b47a1595ee654f8a78e687241bff5037cb0f0d90ae4862e4d6981afb2651c309,0.10856373961050386,1.8991100236901344,1.9020196630419401,0.08756483112296379,306.0065077552227,1.1482947787433258,0.05531977680148478,0.31135898797110495,0.19381360738134937,0.0016501830962395829,0.003267904356840625,0.383814579950026,20.69852130745825,0.996247482489289,1.0,0.0011458545923233032,228,1,2.182192802429199,0.0,0.0,10905008,,
42,dp_fisher_wiener,b47a1595ee654f8a78e687241bff5037cb0f0d90ae4862e4d6981afb2651c309,0.0952141822390303,1.8969152705190573,1.8995606048799958,0.08770853168063898,396.91049433312816,1.3381121565742586,0.05282580101995044,0.2770623994075467,0.15482798260611572,0.0016603661446000853,0.002519459712370602,0.23493785739374776,19.69645585422841,0.9966286803305059,1.0,0.0011380808427929878,229,1,2.2077813148498535,0.0,0.0,10905008,,
42,dp_fisher_wiener,b47a1595ee654f8a78e687241bff5037cb0f0d90ae4862e4d6981afb2651c309,0.11235691546591275,1.8969264193782558,1.9006411236027325,0.09377159358571234,285.03707606990895,1.0222379145347578,0.06258696993778388,0.4039706679817387,0.2493450168519196,0.0015243619843870579,0.003508315527609628,0.5738669707216782,22.137125836256544,0.9964136668512423,1.0,0.0014326469972729683,230,1,2.1929171085357666,0.0,0.0,10905008,,
42,dp_fisher_wiener,b47a1595ee654f8a78e687241bff5037cb0f0d90ae4862e4d6981afb2651c309,0.10783898059998209,1.8956066692363545,1.8985273654177297,0.0957476415388626,308.99034429723395,1.0321932303675214,0.055463721777542545,0.425808643680774,0.2873083234725332,0.0015175311658951907,0.0032363470845282447,0.6127251128921384,22.77210588689897,0.9966594644479431,1.0,0.001592511311173439,231,1,2.21838116645813,0.0,0.0,10905008,,
42,dp_fisher_wiener,b47a1595ee654f8a78e687241bff5037cb0f0d90ae4862e4d6981afb2651c309,0.10007644942085142,1.8988477258672565,1.9017693314792408,0.0895037994939245,360.01160458443417,1.1631228981401855,0.05548271898926323,0.35598122543089483,0.21932861856828217,0.001544711422189838,0.0027776882388393775,0.39439504067742975,21.52247945158934,0.9967692072051887,1.0,0.0011364445090293884,232,1,2.1990833282470703,0.0,0.0,10905008,,
42,dp_fisher_wiener,b47a1595ee654f8a78e687241bff5037cb0f0d90ae4862e4d6981afb2651c309,0.10348909480326433,1.8970484232765126,1.8999966422400858,0.09006166597649039,336.021956896764,1.0894746745680555,0.0557001269278992,0.38371906467173905,0.26856161118332156,0.0015273938797164847,0.0029759960008017613,0.5232692702212618,22.450928874823003,0.996757727725208,1.0,0.0011458182707428932,233,1,2.2011122703552246,0.0,0.0,10905008,,
42,dp_fisher_wiener,b47a1595ee654f8a78e687241bff5037cb0f0d90ae4862e4d6981afb2651c309,0.08869059990504335,1.8939710792602154,1.895957630907433,0.08304301089155566,456.0279917030801,1.451706881668496,0.04577633137740532,0.22694800601399437,0.14701275796584531,0.0016351168058474383,0.002192847847207792,0.19715815325891992,19.538062425607365,0.9968166276893518,1.0,0.0015654005110263824,234,2,2.206411361694336,0.0,0.0,10905008,,
42,dp_fisher_wiener,b47a1595ee654f8a78e687241bff5037cb0f0d90ae4862e4d6981afb2651c309,0.09794004549038464,1.8970937787828532,1.899993892370229,0.08890505558798822,375.1949608418202,1.2339906038624258,0.05536229141770738,0.3249899267978844,0.19542849975061283,0.0015839718651327465,0.0026652809985821344,0.3288390901349756,20.912404346047424,0.9967110682907537,1.0,0.0014195516705513,235,2,2.2044899463653564,0.0,0.0,10905008,,
42,dp_fisher_wiener,b47a1595ee654f8a78e687241bff5037cb0f0d90ae4862e4d6981afb2651c309,0.09666762939916855,1.8973957768410843,1.8997879354874783,0.08661232551889314,385.2598243678882,1.3510291795985117,0.05017233189559963,0.25209927620001044,0.15954031067518426,0.0017024397489404342,0.002595650874143055,0.2432455815834778,19.717986824970133,0.9964931999286071,1.0,0.0012613572180271149,236,2,2.1921024322509766,0.0,0.0,10905008,,
42,dp_fisher_wiener,b47a1595ee654f8a78e687241bff5037cb0f0d90ae4862e4d6981afb2651c309,0.10512929484654739,1.8954072999433158,1.8981234626816725,0.0867446505851359,325.0555570603961,1.1771915091466618,0.053510871435474075,0.30518902310393803,0.17900819585596603,0.0016189773726802638,0.003076397182538981,0.3401531847391571,20.436321363853807,0.9963784913576247,1.0,0.001322329044342041,237,2,2.1891062259674072,0.0,0.0,10905008,,
42,dp_fisher_wiener,b47a1595ee654f8a78e687241bff5037cb0f0d90ae4862e4d6981afb2651c309,0.10589863063315888,1.894567679695959,1.8975483710486827,0.09341617713536303,320.0660128331321,1.267935295900649,0.056028606430047374,0.28919547225947867,0.1782626706373382,0.0018930930632774952,0.0031243554761058176,0.2942042110673953,19.738884443090846,0.9960385194145517,1.0,0.0012191124260425568,238,2,2.180513620376587,0.0,0.0,10905008,,
42,dp_fisher_wiener,b47a1595ee654f8a78e687241bff5037cb0f0d90ae4862e4d6981afb2651c309,0.09911678047718922,1.8966672920546448,1.8992471632802714,0.08783124512176663,366.1743641722723,1.1949094402110887,0.05210462616416424,0.3330927153083879,0.20531422903448335,0.001483836836518274,0.0027309394041235137,0.3778722191350835,21.410329001124474,0.9967367747250362,1.0,0.0015010656788945198,239,2,2.185896873474121,0.0,0.0,10905008,,
42,dp_fisher_wiener,b47a1595ee654f8a78e687241bff5037cb0f0d90ae4862e4d6981afb2651c309,0.10244193119821346,1.8996634767887357,1.902051756872503,0.07982401300253085,343.87280551410345,1.2264680413882334,0.05022818729563083,0.24428757657959893,0.1540780173883652,0.001518443069770583,0.002908052000242921,0.29508309895893736,20.06342167537593,0.996433367158667,1.0,0.0015543755143880844,240,2,2.1837706565856934,0.0,0.0,10905008,,
42,dp_fisher_wiener,b47a1595ee654f8a78e687241bff5037cb0f0d90ae4862e4d6981afb2651c309,0.10142998201621597,1.8953093584181813,1.8981727657012013,0.0877262964004721,349.1624378086964,1.1253774386769189,0.054926885650382014,0.3599662633927429,0.231910219808451,0.0015162917196777594,0.0028639965002490164,0.4380358009124756,21.84537124000134,0.9967769229538568,1.0,0.0014766789972782135,241,2,2.1878538131713867,0.0,0.0,10905008,,
42,dp_fisher_wiener,b47a1595ee654f8a78e687241bff5037cb0f0d90ae4862e4d6981afb2651c309,0.10058347720206416,1.899934960698206,1.9023389062484855,0.0896121095779976,356.7994514580041,1.298397287463558,0.05032169578744931,0.2779960870485282,0.17416480870495193,0.001759019836687648,0.0028026948915267076,0.2775016002841963,19.95689669848225,0.9963609885548941,1.0,0.0015425505116581917,242,2,2.192499876022339,0.0,0.0,10905008,,
42,dp_fisher_wiener,b47a1595ee654f8a78e687241bff5037cb0f0d90ae4862e4d6981afb2651c309,0.09498584819698362,1.8912219982079321,1.8933292923811857,0.09023084600059951,396.4306378161613,1.3113913710656295,0.04725734697812034,0.3110693777076977,0.2240462280438266,0.0017178224262223004,0.0025225093736388226,0.3289971662452233,21.15359368332769,0.9966920029736113,1.0,0.0015356475487351418,243,2,2.2046890258789062,0.0,0.0,10905008,,
42,dp_fisher_wiener,b47a1595ee654f8a78e687241bff5037cb0f0d90ae4862e4d6981afb2651c309,0.11002716358323296,1.8992088524957125,1.902806180223583,0.09795822276087536,297.9515281325702,0.9990833906325787,0.06157581592928929,0.44566949172108544,0.2733814335811487,0.001469904443057914,0.003356250616282055,0.624215138047165,22.69479913757287,0.9966468257541953,1.0,0.0011318661272525787,244,2,2.1871824264526367,0.0,0.0,10905008,,
42,dp_fisher_wiener,b47a1595ee654f8a78e687241bff5037cb0f0d90ae4862e4d6981afb2651c309,0.10941239582380317,1.8934264456201584,1.8969441487580398,0.09717711895307503,299.47723953970694,1.056648582325196,0.060960173295150355,0.41219590587855537,0.25497122774587594,0.0015693259979040269,0.003339151921705886,0.542518040333396,22.10778005570266,0.9964716898554663,1.0,0.001169011928141117,245,2,2.1905808448791504,0.0,0.0,10905008,,
42,dp_fisher_wiener,b47a1595ee654f8a78e687241bff5037cb0f0d90ae4862e4d6981afb2651c309,0.11129779461969765,1.8902053140142367,1.8932803482784437,0.09759482942902699,288.4329301309725,1.0345268774875969,0.056999296257862334,0.4187527458572727,0.273377401965155,0.0015829907202744816,0.0034670105090459278,0.5987415550316406,22.372842427493893,0.9964132844435705,1.0,0.0014416854828596115,246,2,2.192038059234619,0.0,0.0,10905008,,
42,dp_fisher_wiener,b47a1595ee654f8a78e687241bff5037cb0f0d90ae4862e4d6981afb2651c309,0.09796440936661498,1.8967618543559335,1.8990634519813847,0.08821336915337948,374.87714613335675,1.2912168814151648,0.04927280688927046,0.2885278309831261,0.18281660557087193,0.0016865171538484143,0.0026675405801872714,0.28915846657712996,20.350248779443902,0.9965556265706433,1.0,0.001581527292728424,247,2,2.1875293254852295,0.0,0.0,10905008,,
42,dp_fisher_wiener,b47a1595ee654f8a78e687241bff5037cb0f0d90ae4862e4d6981afb2651c309,0.10108771726492141,1.8995803407820662,1.9024181465540497,0.09248919367341518,353.1169409256705,1.291549169952448,0.05461998551071273,0.2981430502054704,0.17746938555831096,0.001785279328487803,0.0028319230373950216,0.28151316902985135,19.9741726912166,0.9963424321513253,1.0,0.0015736594796180725,248,2,2.1815481185913086,0.0,0.0,10905008,,
42,dp_fisher_wiener,b47a1595ee654f8a78e687241bff5037cb0f0d90ae4862e4d6981afb2651c309,0.09761524402362873,1.9000494823114993,1.9024392355136428,0.08609757744743145,378.8737651773532,1.3173092104455608,0.0501212620332607,0.2611262177481422,0.15528371176764286,0.0016546481817390941,0.002639401541636621,0.24769982690471473,19.724202369077652,0.996523092038773,1.0,0.0015543662011623383,249,2,2.1876368522644043,0.0,0.0,10905008,,
42,dp_fisher_wiener,b47a1595ee654f8a78e687241bff5037cb0f0d90ae4862e4d6981afb2651c309,0.1135943903685238,1.8984151745882607,1.902027389960411,0.10961404233304187,279.2985126884028,1.1063074908021553,0.06163044229514954,0.4273961123062227,0.3099223738472033,0.002124154974406344,0.003580398586074346,0.5223939130743034,21.640667308332432,0.9960389782238616,1.0,0.001146857626736164,250,2,2.176037311553955,0.14854027796536684,0.0046213967725634575,10905008,,
42,dp_fisher_wiener,b47a1595ee654f8a78e687241bff5037cb0f0d90ae4862e4d6981afb2651c309,0.089849576836535,1.8982292454495702,1.9000698593618393,0.08517528421886715,446.3394234944944,1.4811706027321863,0.04411933842449233,0.22019996829653773,0.12436131750684805,0.001783756926948957,0.002240447397737401,0.1562012099121334,18.433496415443276,0.9966815151770925,1.0,0.0011444007977843285,251,2,2.1847634315490723,0.0,0.0,10905008,,
42,dp_fisher_wiener,b47a1595ee654f8a78e687241bff5037cb0f0d90ae4862e4d6981afb2651c309,0.11383996571347683,1.8993544938367,1.9026620455297483,0.09735727126745355,278.3700738731729,1.1074716001418115,0.05894511552272689,0.36477252199129806,0.23438813503551362,0.0018833629856000952,0.003592340175108642,0.44707362331941686,20.95001592501898,0.9960215852777117,1.0,0.0011441800743341446,252,2,2.1807093620300293,0.0,0.0,10905008,,
42,dp_fisher_wiener,b47a1595ee654f8a78e687241bff5037cb0f0d90ae4862e4d6981afb2651c309,0.10888530284021118,1.89977654319247,1.902708871322036,0.09495298336804557,304.4153273338127,1.1150477458658954,0.05552291181201626,0.3700586856561708,0.2318616875382373,0.0017629432432916662,0.003284985709076362,0.4320401878439615,21.18990661542767,0.9963370840895838,1.0,0.0011838851496577263,253,2,2.1688294410705566,0.0,0.0,10905008,,
42,dp_fisher_wiener,b47a1595ee654f8a78e687241bff5037cb0f0d90ae4862e4d6981afb2651c309,0.09841620852981955,1.8956583272291276,1.8980332081547133,0.09265910704760702,371.0110683847087,1.4003588897920813,0.05004173660693178,0.25813424656919665,0.15756443145778795,0.0019947122601349375,0.002695337376995873,0.21290755056027486,18.9757792955995,0.9962255603427452,1.0,0.001358039677143097,254,2,2.174813747406006,0.0,0.0,10905008,,
42,dp_fisher_wiener,b47a1595ee654f8a78e687241bff5037cb0f0d90ae4862e4d6981afb2651c309,0.10261920552848164,1.8979597799017185,1.900800867011434,0.09950510662168341,342.0713595752572,1.2367631536173884,0.05465871043050517,0.3627404882880597,0.24128680873089878,0.0019132212330024948,0.002923366636559228,0.36868177829253274,21.007683872511723,0.9963844878590459,1.0,0.0015480108559131622,255,2,2.1794495582580566,0.0,0.0,10905008,,
42,dp_fisher_wiener,b47a1595ee654f8a78e687241bff5037cb0f0d90ae4862e4d6981afb2651c309,0.10961466205154034,1.9022980714793436,1.9053523452249852,0.09806323943849457,301.1756364213179,1.182751602582435,0.056606333093609774,0.3451694801677764,0.23378989561447783,0.001963591360927579,0.003320321696000622,0.39532546237275007,20.757746241971475,0.9960728841926392,1.0,0.0015042228624224663,256,2,2.1723105907440186,0.0,0.0,10905008,,
42,dp_fisher_wiener,b47a1595ee654f8a78e687241bff5037cb0f0d90ae4862e4d6981afb2651c309,0.10019144316345564,1.8988910386678486,1.9016763111732216,0.09618339280372684,359.2020655494286,1.1974772577761177,0.054122074363401745,0.37714488223968906,0.2484332945329336,0.0017837559842918374,0.002783948356116838,0.387735468288056,21.438743553710605,0.9966662851563948,1.0,0.0015312768518924713,257,2,2.2008585929870605,0.0,0.0,10905008,,
42,dp_fisher_wiener,b47a1595ee654f8a78e687241bff5037cb0f0d90ae4862e4d6981afb2651c309,0.09801852944340418,1.8956081845712582,1.898257232238478,0.09942876781602812,374.0079081203431,1.3720895731583396,0.05282516242992999,0.32378769527671936,0.2434600993005073,0.0021487263413033845,0.0026737402557110413,0.3029464737458207,20.542466867527285,0.9963313888734233,1.0,0.0014619892463088036,258,2,2.178600788116455,0.0,0.0,10905008,,
42,dp_fisher_wiener,b47a1595ee654f8a78e687241bff5037cb0f0d90ae4862e4d6981afb2651c309,0.10508189857934586,1.8955737107751836,1.898525046144664,0.09405356073819869,325.4059818263248,1.252404872514501,0.055738833474826555,0.306524614785075,0.16694803972274144,0.0019246844017382534,0.00307308425707699,0.26656078894324076,19.382217971754837,0.9961512543024407,1.0,0.0013589439913630486,259,2,2.1547772884368896,0.0,0.0,10905008,,
42,dp_fisher_wiener,b47a1595ee654f8a78e687241bff5037cb0f0d90ae4862e4d6981afb2651c309,0.1052690640177505,1.8966971252583786,1.8996089746012619,0.09972350354217387,324.634333315825,1.2022968727075043,0.055347904079089336,0.3668868291343927,0.2742294782563385,0.0020124910352993033,0.003080388909255073,0.41974519565775337,21.343801827551868,0.9962964580473456,1.0,0.0013733413070440292,260,2,2.168778419494629,0.0,0.0,10905008,,
42,dp_fisher_wiener,b47a1595ee654f8a78e687241bff5037cb0f0d90ae4862e4d6981afb2651c309,0.10673498544774232,1.902355992001542,1.905043281445488,0.09791618088944828,317.6654560889984,1.241586615884044,0.05317325050271522,0.3270157760906808,0.2517098424409375,0.0020739215845150608,0.0031479658261355983,0.38206554576908247,20.84107866066976,0.9960915277626666,1.0,0.0013383319601416588,261,2,2.167353868484497,0.0,0.0,10905008,,
42,dp_fisher_wiener,b47a1595ee654f8a78e687241bff5037cb0f0d90ae4862e4d6981afb2651c309,0.10066268146070217,1.8993996921683647,1.9018180448119182,0.09621419755558681,356.03749481302935,1.3881965203758815,0.05047390305963501,0.27483157188960217,0.16682017810203095,0.0020918410166965006,0.0028086929451803335,0.2239876996355098,19.017199059912965,0.9961009822263116,1.0,0.001188165508210659,262,2,2.153395414352417,0.0,0.0,10905008,,
42,dp_fisher_wiener,b47a1595ee654f8a78e687241bff5037cb0f0d90ae4862e4d6981afb2651c309,0.10062185149411197,1.9000882650999127,1.902811827414392,0.09764299098887563,356.5848953698552,1.315138242916232,0.053488238861091365,0.32282155665156614,0.20941522784510253,0.0020075263104613306,0.002804381264842248,0.2925392003373022,20.183470126806657,0.9963118509505239,1.0,0.001136966049671173,263,2,2.1808841228485107,0.0,0.0,10905008,,
42,dp_fisher_wiener,b47a1595ee654f8a78e687241bff5037cb0f0d90ae4862e4d6981afb2651c309,0.11491121987648455,1.896823482878689,1.9002128178618471,0.10814103664372147,272.4764454111716,1.0688012572278032,0.059705351662090476,0.4339873945232907,0.3014363496830396,0.001945775577531398,0.003670042004603274,0.5685568663475231,21.90102873774203,0.9960774544911041,1.0,0.0011662449687719345,264,2,2.176326274871826,0.0,0.0,10905008,,
42,dp_fisher_wiener,b47a1595ee654f8a78e687241bff5037cb0f0d90ae4862e4d6981afb2651c309,0.09249015211136356,1.8950416065133118,1.8972929543577726,0.09088223703682276,419.80394133405514,1.4585493999286518,0.04870128634531509,0.25797654675513193,0.15045387526752949,0.0019386373547811292,0.002382064343429025,0.18486738157192859,18.899068015115514,0.9965256414808941,1.0,0.0011493507772684097,265,2,2.173576593399048,0.0,0.0,10905008,,
42,dp_fisher_wiener,b47a1595ee654f8a78e687241bff5037cb0f0d90ae4862e4d6981afb2651c309,0.11584074685605965,1.8935036873828364,1.8972101471924963,0.10877981472725055,267.1834864481682,1.0556328181764116,0.0624941464039203,0.43990112582052304,0.30291284563299303,0.0019789750026878443,0.0037427462797899884,0.5728854202192338,21.848773822421776,0.9960490341966516,1.0,0.0011415369808673859,266,2,2.150829315185547,0.0,0.0,10905008,,
42,dp_fisher_wiener,b47a1595ee654f8a78e687241bff5037cb0f0d90ae4862e4d6981afb2651c309,0.09803892264239146,1.8985020848645393,1.9012078311515346,0.0967974436860874,374.9946714065753,1.3699436578570388,0.05336238178143423,0.30632424681801756,0.1969696842654926,0.0020589234421906975,0.00266670455914683,0.2551138834329321,19.8075919021388,0.9963467650014383,1.0,0.001144864596426487,267,2,2.16685152053833,0.0,0.0,10905008,,
42,dp_fisher_wiener,b47a1595ee654f8a78e687241bff5037cb0f0d90ae4862e4d6981afb2651c309,0.11282247248665814,1.898837173593824,1.9018870804486503,0.09977843658870063,283.25933069889476,1.1044461236879746,0.05667178592439049,0.38314202542116155,0.2767947188661615,0.001987003449816299,0.0035303338373843837,0.4917846328113935,21.43959178419687,0.9961009364776701,1.0,0.0011360365897417068,268,2,2.1576852798461914,0.0,0.0,10905008,,
42,dp_fisher_wiener,b47a1595ee654f8a78e687241bff5037cb0f0d90ae4862e4d6981afb2651c309,0.1076221208821672,1.898699349473478,1.9019140057251787,0.10508777275675958,311.2499644521503,1.2129524772514448,0.0581377124522449,0.3791816382637649,0.251545175620756,0.0020930143194770193,0.0032128517722838793,0.3861308332889056,20.798437926641107,0.9961029634834301,1.0,0.0011447509750723839,269,2,2.162628173828125,0.0,0.0,10905008,,
42,dp_fisher_wiener,b47a1595ee654f8a78e687241bff5037cb0f0d90ae4862e4d6981afb2651c309,0.09760077666660753,1.8993940490270333,1.9018404919482124,0.0969981075882629,378.724672487685,1.3217761095354752,0.050709251309517506,0.33502489529663565,0.23371210196478193,0.0019832577825369324,0.002640440595871828,0.3111561831178082,20.713020340347246,0.9965099287013627,1.0,0.0011365879327058792,270,2,2.1666219234466553,0.0,0.0,10905008,,
42,dp_fisher_wiener,b47a1595ee654f8a78e687241bff5037cb0f0d90ae4862e4d6981afb2651c309,0.10380618568359035,1.8990483259526343,1.9013436911112709,0.09661063631873085,334.6767680445445,1.2518414755305158,0.04939679150315004,0.33004212270947453,0.2455869825273983,0.0019408521149258447,0.0029879576217666367,0.37808315768597706,21.022128977286158,0.9962595507215979,1.0,0.0011393195018172264,271,2,2.1716203689575195,0.0,0.0,10905008,,
42,dp_fisher_wiener,b47a1595ee654f8a78e687241bff5037cb0f0d90ae4862e4d6981afb2651c309,0.10608597096185425,1.9026948253563571,1.9054063363899152,0.09614792739171438,321.6787427937211,1.2480046579968198,0.05337952533950565,0.31634096535484,0.2275435566210147,0.0020125014700215333,0.0031086915822477143,0.3514843340813313,20.53328335618348,0.9961203384247346,1.0,0.0017691655084490776,272,2,2.145746946334839,0.0,0.0,10905008,,
42,dp_fisher_wiener,b47a1595ee654f8a78e687241bff5037cb0f0d90ae4862e4d6981afb2651c309,0.10745031060315652,1.899914022997751,1.9028123724926866,0.1026589012060828,312.6457619118833,1.2256909756424545,0.05518792028229501,0.3595917322443168,0.23960184512267801,0.002108947329225983,0.0031985080936262665,0.3633890852644712,20.55424424576809,0.9960796174937834,1.0,0.001438084989786148,273,2,2.1532328128814697,0.0,0.0,10905008,,
42,dp_fisher_wiener,b47a1595ee654f8a78e687241bff5037cb0f0d90ae4862e4d6981afb2651c309,0.1087445007684844,1.8977868998013077,1.9007778445048016,0.10174375257158444,304.56520166009335,1.1392144861136415,0.05608795421239536,0.3934142705402617,0.27102189391616804,0.0019242380476421422,0.0032833691914390052,0.4624505464524195,21.487455780422454,0.9962595382535372,1.0,0.001549537293612957,274,2,2.1693568229675293,0.0,0.0,10905008,,
42,dp_fisher_wiener,b47a1595ee654f8a78e687241bff5037cb0f0d90ae4862e4d6981afb2651c309,0.09957341484567969,1.8972607668699644,1.9001429135564065,0.10399002379082432,363.0506756734423,1.3200801538321063,0.055124549171821594,0.36893471128458877,0.25684195667705395,0.0020879457959090313,0.0027544364104099502,0.33882816237642344,20.899467496550482,0.9963639231592586,1.0,0.0011441847309470177,275,2,2.1754984855651855,0.0,0.0,10905008,,
42,dp_fisher_wiener,b47a1595ee654f8a78e687241bff5037cb0f0d90ae4862e4d6981afb2651c309,0.12120910182904933,1.8972473453940153,1.9012621057436956,0.11228509333511986,245.00640701777706,1.0114901744962252,0.06496358458472049,0.4569858621626947,0.3134635703807162,0.002064341690960921,0.004081525916418581,0.6197664329887903,21.81405492243279,0.9958715766383099,1.0,0.0011390987783670425,276,2,2.149003028869629,0.0,0.0,10905008,,
42,dp_fisher_wiener,b47a1595ee654f8a78e687241bff5037cb0f0d90ae4862e4d6981afb2651c309,0.11035651140657779,1.8968496680251068,1.8994826766911734,0.10098860281145541,295.44041151527466,1.1559574062623392,0.052891674878385565,0.3723439917351078,0.2847790673350141,0.0020691260561342285,0.0033847773051382617,0.4658554857912142,21.387211134673585,0.9960873416052555,1.0,0.001303275115787983,277,2,2.158395528793335,0.0,0.0,10905008,,
42,dp_fisher_wiener,b47a1595ee654f8a78e687241bff5037cb0f0d90ae4862e4d6981afb2651c309,0.11441854537796649,1.8980985327622026,1.9015218552210893,0.10450026697968222,275.1976129227349,0.9986762630102608,0.05997841050454343,0.45738259470378817,0.3338764609415286,0.0018429287791250275,0.00363375244902324,0.6583132355789929,22.580772491998047,0.9963710576832279,1.0,0.0011639976873993874,278,2,2.1763358116149902,0.0,0.0,10905008,,
42,dp_fisher_wiener,b47a1595ee654f8a78e687241bff5037cb0f0d90ae4862e4d6981afb2651c309,0.12142897771031147,1.8974094250922344,1.9017172418029693,0.10739954731462723,244.16163781305926,1.0652807587612374,0.06736197726828,0.40532781071379864,0.2371110869909623,0.002091874762962657,0.004095647493557304,0.464235931452571,20.544161808466722,0.9956369855301488,1.0,0.0012051388621330261,279,2,2.1307971477508545,0.0,0.0,10905008,,
42,dp_fisher_wiener,b47a1595ee654f8a78e687241bff5037cb0f0d90ae4862e4d6981afb2651c309,0.09314417924001687,1.8988529773803005,1.901094895710455,0.09270591768148365,415.5958855850207,1.3853663506768934,0.048552650624489886,0.3040533289767657,0.2294634674463879,0.0018996892689316126,0.0024061835898033317,0.2906429166294239,20.8203098230894,0.9966665542207513,1.0,0.0011339038610458374,280,2,2.1617047786712646,0.0,0.0,10905008,,
42,dp_fisher_wiener,b47a1595ee654f8a78e687241bff5037cb0f0d90ae4862e4d6981afb2651c309,0.09004108427344028,1.898731229367024,1.9011038084435201,0.08885694578194707,444.67790888457205,1.4917662269772256,0.050014783311626086,0.24426461723859785,0.16567889833467905,0.0019341889242176266,0.0022488187065212517,0.1926294795603235,19.32768305845508,0.9966452882026032,1.0,0.0011417120695114136,281,2,2.1546778678894043,0.0,0.0,10905008,,
42,dp_fisher_wiener,b47a1595ee654f8a78e687241bff5037cb0f0d90ae4862e4d6981afb2651c309,0.10268965985263491,1.8956460282736771,1.898509994498183,0.09888353172171759,340.76976902618696,1.2541401938496664,0.05491329623582014,0.34950665736092684,0.23707237014776958,0.002031245289472588,0.002934532610573343,0.34249758256219437,20.671185702684962,0.9963196847025684,1.0,0.0011360878124833107,282,2,2.1640877723693848,0.0,0.0,10905008,,
42,dp_fisher_wiener,b47a1595ee654f8a78e687241bff5037cb0f0d90ae4862e4d6981afb2651c309,0.10800709931399394,1.8983530546752603,1.901427167137938,0.09714060852369523,308.92237540608414,1.2212090749871283,0.056840712701902114,0.3267183281209323,0.20207944133332434,0.0019934943363314347,0.0032370591434158227,0.32813893238002256,20.059071262743302,0.9960468739974516,1.0,0.0011336291208863258,283,2,2.142488956451416,0.0,0.0,10905008,,
42,dp_fisher_wiener,b47a1595ee654f8a78e687241bff5037cb0f0d90ae4862e4d6981afb2651c309,0.11264085894889647,1.9015728069200135,1.905306383603485,0.102495211972548,284.9928794622929,1.1194795741424628,0.0626731470672185,0.38931140125606395,0.23473672631237374,0.0019521819896702933,0.0035088595960981457,0.4219167162612646,20.800607416111156,0.9960719033533247,1.0,0.0011441670358181,284,2,2.1274240016937256,0.0,0.0,10905008,,
42,dp_fisher_wiener,b47a1595ee654f8a78e687241bff5037cb0f0d90ae4862e4d6981afb2651c309,0.09912187703518605,1.9016205153658572,1.9041304773496275,0.09376799167032868,368.05156864824284,1.3728480904260811,0.05133340967115451,0.27592509469893195,0.19659611958294163,0.0020288772849734286,0.002717010563412845,0.263275525617304,19.86319161424857,0.9962699572359716,1.0,0.0011468660086393356,285,2,2.144179344177246,0.0,0.0,10905008,,
42,dp_fisher_wiener,b47a1595ee654f8a78e687241bff5037cb0f0d90ae4862e4d6981afb2651c309,0.12173952165387775,1.8964125085960315,1.9007527335340184,0.1089158986567326,242.66237313682598,0.9766102725982825,0.0676350582060625,0.4604035200887177,0.2845313099046491,0.001893994148318998,0.004120952033088354,0.6190831587185799,21.767514302335304,0.9959754359113295,1.0,0.0012983586639165878,286,2,2.1201894283294678,0.0,0.0,10905008,,
42,dp_fisher_wiener,b47a1595ee654f8a78e687241bff5037cb0f0d90ae4862e4d6981afb2651c309,0.12264566152969245,1.8968007184281586,1.900685116620753,0.11244479135430857,239.18780356481423,0.9116801214527404,0.06390288977710092,0.5065793262150741,0.3711716672777672,0.0018806730340710002,0.004180815179659714,0.8251302127351791,22.95261520089276,0.9961884339089829,1.0,0.0011407434940338135,287,2,2.1416687965393066,0.0,0.0,10905008,,
42,dp_fisher_wiener,b47a1595ee654f8a78e687241bff5037cb0f0d90ae4862e4d6981afb2651c309,0.10123122851938762,1.890933685433541,1.8934836106019433,0.09393586036533987,348.91816694365593,1.4152342395573725,0.05190363256118222,0.24022546128639113,0.1432865012625232,0.002168637179190096,0.002866001528844499,0.18936285682497164,18.200183790778915,0.9959439365053597,1.0,0.0011537345126271248,288,2,2.1336803436279297,0.0,0.0,10905008,,
42,dp_fisher_wiener,b47a1595ee654f8a78e687241bff5037cb0f0d90ae4862e4d6981afb2651c309,0.09536981944712843,1.8992960457404777,1.9016646559071495,0.09279167443512268,396.6097689779772,1.357460028467642,0.04989594019795032,0.30278754378236167,0.23093069897397622,0.0019609278412290308,0.002521370067274628,0.2969317583988999,20.710200572143677,0.9965773409163237,1.0,0.0011504581198096275,289,2,2.1601431369781494,0.0,0.0,10905008,,
42,dp_fisher_wiener,b47a1595ee654f8a78e687241bff5037cb0f0d90ae4862e4d6981afb2651c309,0.1098868889051484,1.8964168313199616,1.8989814820398871,0.09661099357694225,297.83507823725296,1.0942558771881263,0.052256357796000914,0.3859888346819217,0.2758115234833627,0.0018131455297682804,0.0033575628694760902,0.5107447333664364,21.821797434295206,0.9963259670967429,1.0,0.0013268571346998215,290,2,2.1443541049957275,0.0,0.0,10905008,,
42,dp_fisher_wiener,b47a1595ee654f8a78e687241bff5037cb0f0d90ae4862e4d6981afb2651c309,0.1005152306558963,1.8982773025074489,1.9012413035067255,0.0951206573171704,356.66095056067826,1.3365354664817979,0.05589919930159748,0.2953547001196858,0.17798330218476924,0.002006792800019335,0.0028037832522139717,0.24866872245852703,19.478767257575896,0.9962526442427174,1.0,0.0011392701417207718,291,2,2.125955581665039,0.0,0.0,10905008,,
42,dp_fisher_wiener,b47a1595ee654f8a78e687241bff5037cb0f0d90ae4862e4d6981afb2651c309,0.10630818717086238,1.8920996428448633,1.8952084273897254,0.09935461695895675,316.777686470167,1.2785790267391888,0.057265718322669905,0.31825720445506006,0.18119116215693457,0.002128128429101108,0.0031567880018765547,0.2687723536310324,19.301391770224658,0.9959637970685816,1.0,0.0011525042355060577,292,2,2.123729944229126,0.0,0.0,10905008,,
42,dp_fisher_wiener,b47a1595ee654f8a78e687241bff5037cb0f0d90ae4862e4d6981afb2651c309,0.1019261823188105,1.9022372757185337,1.9046099258414328,0.10418695885295594,348.30351694420847,1.3260007123591016,0.050021380735293906,0.3516268895543533,0.2421464051621367,0.002134247112482544,0.002871059151733022,0.32574327898151884,20.548333233336695,0.9961929735192104,1.0,0.001169523224234581,293,2,2.1394882202148438,0.0,0.0,10905008,,
42,dp_fisher_wiener,b47a1595ee654f8a78e687241bff5037cb0f0d90ae4862e4d6981afb2651c309,0.11657743945689826,1.8977020256366337,1.9013140677856415,0.10506362224765106,264.9884946908297,1.0654844197984337,0.061611697540732174,0.41428690502959153,0.2766541396531287,0.0020738718642902662,0.0037737487474423046,0.5034174149833733,21.25155253252362,0.9959791295050705,1.0,0.0014322558417916298,294,2,2.127472162246704,0.0,0.0,10905008,,
42,dp_fisher_wiener,b47a1595ee654f8a78e687241bff5037cb0f0d90ae4862e4d6981afb2651c309,0.12068250347596811,1.9030621080256533,1.9070501063967307,0.1078551699492356,248.66651201701586,1.0004530580042672,0.06465196768199327,0.44660157008572987,0.30367300402885955,0.001987319916699249,0.004021450221904565,0.6144988831897615,21.841384005033962,0.9959767278276074,1.0,0.0015579629689455032,295,2,2.1172516345977783,0.0,0.0,10905008,,
42,dp_fisher_wiener,b47a1595ee654f8a78e687241bff5037cb0f0d90ae4862e4d6981afb2651c309,0.11560987370063634,1.899842103921691,1.9033492819845443,0.1026994893177725,270.05061016203575,1.0881646023148717,0.06067848523336862,0.39454010536037154,0.25167259897473065,0.001975898839124025,0.003703009592627412,0.47165676181940136,21.050712277965044,0.9959705160389689,1.0,0.0015519363805651665,296,2,2.1358160972595215,0.0,0.0,10905008,,
42,dp_fisher_wiener,b47a1595ee654f8a78e687241bff5037cb0f0d90ae4862e4d6981afb2651c309,0.10980752812938244,1.9025820535110531,1.905433738544266,0.10085307730622635,300.2082073102953,1.1737694739261206,0.05476472962142392,0.36462762818676797,0.2567467647640532,0.002020157952110499,0.0033310215229498666,0.4233475894482946,21.041196522658502,0.9960901486190463,1.0,0.0014004083350300789,297,2,2.123263120651245,0.0,0.0,10905008,,
42,dp_fisher_wiener,b47a1595ee654f8a78e687241bff5037cb0f0d90ae4862e4d6981afb2651c309,0.09767274597425539,1.9004706956069801,1.9025143725405578,0.09200151509562944,378.5955974235443,1.3775970189333315,0.04658186380638045,0.2705316238528476,0.1677051244683103,0.0019435172566440219,0.0026413408045423627,0.22791996667795295,19.35957931995216,0.996361296781294,1.0,0.0011728610843420029,298,2,2.128067970275879,0.0,0.0,10905008,,
42,dp_fisher_wiener,b47a1595ee654f8a78e687241bff5037cb0f0d90ae4862e4d6981afb2651c309,0.09637043250825644,1.8981056490734642,1.900340577800618,0.09802154510998883,387.92980417104974,1.3896317698938585,0.048533478945594864,0.317032158193164,0.25330498214953456,0.002154261372058144,0.002577785952870789,0.30310436478726877,20.703453374482255,0.996417826743519,1.0,0.0011397190392017365,299,2,2.1439290046691895,0.0,0.0,10905008,2.122455903625488,0.3855
42,dp_fisher_wiener,b47a1595ee654f8a78e687241bff5037cb0f0d90ae4862e4d6981afb2651c309,0.1092796012599582,1.9006137292735346,1.904087722084358,0.11683916684954182,302.4889544763253,1.2370109171555728,0.06045699964746503,0.42375009958418636,0.31155648048342005,0.002556218844598388,0.0033059058359575623,0.40292965886379856,20.859387568529442,0.9959105583894897,1.0,0.0012556156143546104,300,2,2.1234359741210938,0.15027910005301237,0.004726114682853222,10905008,,
42,dp_fisher_wiener,b47a1595ee654f8a78e687241bff5037cb0f0d90ae4862e4d6981afb2651c309,0.1204646494083336,1.8976744226535571,1.9015411287176576,0.11599328066272173,248.15564912783196,1.083591119093181,0.0637411591484584,0.43803444183498147,0.3226564087609311,0.002496424771086778,0.004029728936034353,0.520831984117748,21.11421812303467,0.9956334215122594,1.0,0.0011909399181604385,301,2,2.1130950450897217,0.0,0.0,10905008,,
42,dp_fisher_wiener,b47a1595ee654f8a78e687241bff5037cb0f0d90ae4862e4d6981afb2651c309,0.10096338873888748,1.895102261794714,1.8977945950939281,0.10597326164257138,352.3201337823882,1.4693286415532931,0.05324770495060483,0.30123975049681656,0.2214784743620536,0.002566582658980521,0.0028383277139627633,0.24492820818448832,19.359762674436162,0.9958295637953509,1.0,0.001441584900021553,302,2,2.1201095581054688,0.0,0.0,10905008,,
42,dp_fisher_wiener,b47a1595ee654f8a78e687241bff5037cb0f0d90ae4862e4d6981afb2651c309,0.0991580025844167,1.8903379739145993,1.8928430560531335,0.1020141334603491,363.43217875611435,1.4507843886215557,0.05143969708544152,0.29532012002713504,0.23249415468282197,0.0024359700884576565,0.0027515450154155913,0.26261329539862754,19.79740087020188,0.9960081014466396,1.0,0.0015599364414811134,303,2,2.1172046661376953,0.0,0.0,10905008,,
42,dp_fisher_wiener,b47a1595ee654f8a78e687241bff5037cb0f0d90ae4862e4d6981afb2651c309,0.10298412858207505,1.893878832996661,1.896559415226999,0.11595061153643739,338.19235295795113,1.3497874546215156,0.05316093747542449,0.4076180176225839,0.3670383836187596,0.0026338851571015825,0.0029568971360797347,0.4120508984284612,21.441146486162985,0.996008817340737,1.0,0.0015282081440091133,304,2,2.152939796447754,0.0,0.0,10905008,,
42,dp_fisher_wiener,b47a1595ee654f8a78e687241bff5037cb0f0d90ae4862e4d6981afb2651c309,0.09754041575581643,1.8956470092736097,1.8982645083020588,0.10525478321976052,377.6989132380938,1.4656027669372824,0.0525085168970556,0.32380563721401023,0.23088268969979783,0.0024871673249776856,0.002647611536187384,0.24577665789192388,19.676863694342316,0.9961196532063809,1.0,0.0012825755402445793,305,2,2.1234114170074463,0.0,0.0,10905008,,
42,dp_fisher_wiener,b47a1595ee654f8a78e687241bff5037cb0f0d90ae4862e4d6981afb2651c309,0.10691414447398173,1.8914990590373542,1.8944841644957826,0.10978887430559854,312.99826411149394,1.285731741738997,0.05611580578444395,0.37431905675179866,0.26499629656532964,0.0024207123097585398,0.003194905897484542,0.34974756284396974,20.392966257268135,0.9958922080753756,1.0,0.0011516949161887169,306,2,2.1160242557525635,0.0,0.0,10905008,,
42,dp_fisher_wiener,b47a1595ee654f8a78e687241bff5037cb0f0d90ae4862e4d6981afb2651c309,0.10984276746916533,1.8991953364571228,1.9020733142304795,0.1127533822090582,298.9484717813617,1.2590585890423216,0.05505554664217612,0.3870633783595931,0.3168336107781422,0.002578943820870133,0.003345058076256697,0.41095382534518204,20.893893649773755,0.9957883758978946,1.0,0.001150215044617653,307,2,2.1033425331115723,0.0,0.0,10905008,,
42,dp_fisher_wiener,b47a1595ee654f8a78e687241bff5037cb0f0d90ae4862e4d6981afb2651c309,0.10309353244379166,1.8995556298343188,1.902669513810861,0.10966746164435018,339.5011047812313,1.3472993865525376,0.05727155180342847,0.3686429251059276,0.2639314375035376,0.0024678427427736746,0.002945498514798699,0.3150158815579337,20.291736411074062,0.9960315316575469,1.0,0.0011505074799060822,308,2,2.120678186416626,0.0,0.0,10905008,,
42,dp_fisher_wiener,b47a1595ee654f8a78e687241bff5037cb0f0d90ae4862e4d6981afb2651c309,0.09674138043028492,1.896728407514051,1.899214754232262,0.10069334596879609,384.4020871684192,1.5064674141347654,0.0511529246114035,0.2771305056693316,0.17308077264081392,0.002417129652522476,0.002601442690540696,0.1862786757781195,18.549488789010926,0.9960810113565426,1.0,0.0011612633243203163,309,2,2.117597818374634,0.0,0.0,10905008,,
42,dp_fisher_wiener,b47a1595ee654f8a78e687241bff5037cb0f0d90ae4862e4d6981afb2651c309,0.10186177215270607,1.9002203544284457,1.9029287234984424,0.10906551733378474,348.00499402975225,1.3350200585847034,0.05333422275856428,0.37891435446923116,0.3030883156011391,0.002425270061284618,0.0028735219811755097,0.35910678608736224,20.96809088329039,0.9961637905159769,1.0,0.0013056248426437378,310,2,2.1241376399993896,0.0,0.0,10905008,,
42,dp_fisher_wiener,b47a1595ee654f8a78e687241bff5037cb0f0d90ae4862e4d6981afb2651c309,0.09603373382839908,1.8954533038111931,1.8979703163272268,0.10788243102554643,389.5637608107416,1.5723304818914716,0.05149135239898986,0.3069544942465811,0.23242502830685552,0.0026530522910242593,0.002566973883325642,0.22488398721560088,19.425370824508832,0.9959638687165902,1.0,0.0014174394309520721,311,2,2.126534938812256,0.0,0.0,10905008,,
42,dp_fisher_wiener,b47a1595ee654f8a78e687241bff5037cb0f0d90ae4862e4d6981afb2651c309,0.11151255403316512,1.8960395525613036,1.8994870373276995,0.11547669529265135,289.0994462663223,1.165944988369701,0.06024094352221664,0.43765024363810956,0.34355717010935605,0.002482599384747181,0.0034590173479546915,0.47867981386208086,21.4109237322444,0.995966976058144,1.0,0.0011485544964671135,312,2,2.113593101501465,0.0,0.0,10905008,,
42,dp_fisher_wiener,b47a1595ee654f8a78e687241bff5037cb0f0d90ae4862e4d6981afb2651c309,0.09418397188105264,1.8983717197330896,1.90092095071219,0.10604033450119456,406.264157258033,1.529338167267749,0.05182160447283854,0.3278661193209234,0.22734739907176282,0.002466283559496657,0.0024614526829937764,0.2269020783365156,19.646469820427374,0.9962356064645497,1.0,0.0011552032083272934,313,2,2.122114419937134,0.0,0.0,10905008,,
42,dp_fisher_wiener,b47a1595ee654f8a78e687241bff5037cb0f0d90ae4862e4d6981afb2651c309,0.09713815662628189,1.8927809902209738,1.8951226852068186,0.10580852129212649,379.6828804898205,1.5187482614486294,0.049720417678392824,0.3065090378424789,0.22671058147989492,0.0025123529506004875,0.002633776899826676,0.23766767814301162,19.553911389985707,0.9959999559119208,1.0,0.0011469824239611626,314,2,2.1061670780181885,0.0,0.0,10905008,,
42,dp_fisher_wiener,b47a1595ee654f8a78e687241bff5037cb0f0d90ae4862e4d6981afb2651c309,0.12864357813356592,1.8975092027831122,1.9021824873144442,0.12465591827378689,217.56626658630717,0.9914247543094994,0.07009748937353494,0.48892591228984816,0.3454758442522161,0.002524284437722654,0.004596300775987268,0.6290538685787448,21.362793968255,0.9954431136321589,1.0,0.0013169366866350174,315,2,2.0881896018981934,0.0,0.0,10905008,,
42,dp_fisher_wiener,b47a1595ee654f8a78e687241bff5037cb0f0d90ae4862e4d6981afb2651c309,0.1058059585739017,1.8975819602301867,1.900591857144365,0.10694682639766832,321.64798396757135,1.355948964854663,0.05625980611481414,0.3293154024352725,0.22512872064780484,0.0025326325878234604,0.003108988862840863,0.27636171490114214,19.488587125030566,0.9957843697693097,1.0,0.001144147478044033,316,2,2.098541736602783,0.0,0.0,10905008,,
42,dp_fisher_wiener,b47a1595ee654f8a78e687241bff5037cb0f0d90ae4862e4d6981afb2651c309,0.10930438676022722,1.8990293339136877,1.9024834460389652,0.11567531298667594,301.847902537072,1.1721249486785608,0.06029893270853074,0.4478205461389223,0.3581500005423235,0.0024632377660572468,0.0033129267803780945,0.4816931375869704,21.62558621513984,0.9961168358672485,1.0,0.0011751540005207062,317,2,2.1056976318359375,0.0,0.0,10905008,,
42,dp_fisher_wiener,b47a1595ee654f8a78e687241bff5037cb0f0d90ae4862e4d6981afb2651c309,0.11236637783525617,1.8968084870213433,1.8999120986464955,0.11340109905843183,284.95363759141867,1.2498725216635695,0.057169372910049754,0.3808079418807583,0.29688029210432637,0.0026401720077901406,0.003509342812301184,0.3946162280748803,20.509491463417724,0.9956137688494598,1.0,0.0014431877061724663,318,2,2.0961484909057617,0.0,0.0,10905008,,
42,dp_fisher_wiener,b47a1595ee654f8a78e687241bff5037cb0f0d90ae4862e4d6981afb2651c309,0.09446149514847028,1.896432305843875,1.899023727167544,0.10642879810525481,403.0556923925542,1.5581804647467112,0.05228597552262774,0.31563672411663285,0.20355473865553167,0.0024927192854631566,0.002481046710819572,0.2026015595733128,19.120078431102844,0.9961340814826436,1.0,0.001555347815155983,319,2,2.098942279815674,0.0,0.0,10905008,,
42,dp_fisher_wiener,b47a1595ee654f8a78e687241bff5037cb0f0d90ae4862e4d6981afb2651c309,0.10544841280772159,1.895490026381791,1.8982572711266406,0.1062452575528576,323.1193100321228,1.2818837944815125,0.053998570380312534,0.3638935368966711,0.2945367515108284,0.0024291599603024423,0.0030948320600535256,0.37524979676668724,20.83683378402617,0.9960327849352187,1.0,0.0012306589633226395,320,2,2.1010398864746094,0.0,0.0,10905008,,
42,dp_fisher_wiener,b47a1595ee654f8a78e687241bff5037cb0f0d90ae4862e4d6981afb2651c309,0.09739567453091363,1.893610064242702,1.896192763019803,0.10653833676049924,378.0086750989128,1.428816829115347,0.05218143539998155,0.35092686284803043,0.2555404009657089,0.002404971252739077,0.0026454419323382818,0.2810916310721664,20.263496822341068,0.9962201480462292,1.0,0.0011495081707835197,321,2,2.1051225662231445,0.0,0.0,10905008,,
42,dp_fisher_wiener,b47a1595ee654f8a78e687241bff5037cb0f0d90ae4862e4d6981afb2651c309,0.09733375633791663,1.8963348702514038,1.8990807592992562,0.10643117085076093,379.5798009597838,1.4638580033753474,0.053817215799480754,0.334628678314525,0.24911791806255615,0.0025106645628705897,0.0026344921341062543,0.26140457204164647,19.966162728612144,0.996143477604252,1.0,0.0011596428230404854,322,2,2.106142997741699,0.0,0.0,10905008,,
42,dp_fisher_wiener,b47a1595ee654f8a78e687241bff5037cb0f0d90ae4862e4d6981afb2651c309,0.09360675397193989,1.89667605638468,1.898818002581054,0.10240524195905187,410.5555738679165,1.601910628228362,0.04751817362454871,0.2718993444121065,0.1947717167902528,0.0024768960532034726,0.002435723842364188,0.19153412344113094,18.956181110080546,0.9960981880890423,1.0,0.0014543142169713974,323,2,2.089951515197754,0.0,0.0,10905008,,
42,dp_fisher_wiener,b47a1595ee654f8a78e687241bff5037cb0f0d90ae4862e4d6981afb2651c309,0.11315765306585765,1.8954881578120282,1.8991232481397218,0.1152432572177943,280.59135612692444,1.2148786470906225,0.06188545571515963,0.4037205294823843,0.2968940557046224,0.0026135103038634495,0.003563901660139804,0.40485825382710156,20.5537728561799,0.9956702919724272,1.0,0.0015597911551594734,324,2,2.065546989440918,0.0,0.0,10905008,,
42,dp_fisher_wiener,b47a1595ee654f8a78e687241bff5037cb0f0d90ae4862e4d6981afb2651c309,0.10058187288897834,1.8988504213448918,1.901348141574518,0.10874697503432125,356.40359348445867,1.4448738448337943,0.05126654293213363,0.3348537498161053,0.25572403203142297,0.0025827799622705947,0.0028058078486924184,0.27780628108022337,19.956841348295335,0.9959459616253942,1.0,0.001217525452375412,325,2,2.10089111328125,0.0,0.0,10905008,,
42,dp_fisher_wiener,b47a1595ee654f8a78e687241bff5037cb0f0d90ae4862e4d6981afb2651c309,0.10660646142868786,1.8993117536550204,1.902268946263941,0.11223454161598263,317.41354492182404,1.2304999521828124,0.05573864614656337,0.41692583984419124,0.3271475348621542,0.002439729926935511,0.0031504641686227455,0.42245109798060937,21.27401898484878,0.996123353990815,1.0,0.001140461303293705,326,2,2.086315393447876,0.0,0.0,10905008,,
42,dp_fisher_wiener,b47a1595ee654f8a78e687241bff5037cb0f0d90ae4862e4d6981afb2651c309,0.09710614581021881,1.8929953831033934,1.8953368866899964,0.10220675245267288,380.01931889350567,1.5156686345724626,0.049715051599028684,0.28129589792409837,0.1718745622700112,0.002437092748388877,0.0026314451665387724,0.18558115460790617,18.48339547513108,0.9960116010970569,1.0,0.001155066303908825,327,2,2.0648293495178223,0.0,0.0,10905008,,
42,dp_fisher_wiener,b47a1595ee654f8a78e687241bff5037cb0f0d90ae4862e4d6981afb2651c309,0.10489182510582729,1.895390240783775,1.8980231873133622,0.10545281484843888,326.5231638500135,1.2943814165577392,0.05271599211030213,0.3562664541056516,0.2822235362924144,0.002433676572108171,0.0030625698591116666,0.3551537232459902,20.643303677965143,0.9960358664870957,1.0,0.0011437991634011269,328,2,2.097215414047241,0.0,0.0,10905008,,
42,dp_fisher_wiener,b47a1595ee654f8a78e687241bff5037cb0f0d90ae4862e4d6981afb2651c309,0.10400231268960637,1.89225318172522,1.895205720044841,0.1102230780865446,331.0339183873462,1.3928649587633475,0.05580531128977334,0.34456062937718496,0.24836162663200068,0.0026142240953054173,0.003020838483194821,0.2869916013762281,19.777416821942552,0.9957923799302851,1.0,0.0011728955432772636,329,2,2.073608160018921,0.0,0.0,10905008,,
42,dp_fisher_wiener,b47a1595ee654f8a78e687241bff5037cb0f0d90ae4862e4d6981afb2651c309,0.10102030382972484,1.9011890753528977,1.9037886344257637,0.10825468902129536,354.18754028488,1.519331904534281,0.05224685320196593,0.29349345195099585,0.22164615568469695,0.002762104884363964,0.0028233630101652174,0.2265618372592089,19.044200371231895,0.9957103745001536,1.0,0.0014180280268192291,330,2,2.0558228492736816,0.0,0.0,10905008,,
42,dp_fisher_wiener,b47a1595ee654f8a78e687241bff5037cb0f0d90ae4862e4d6981afb2651c309,0.09371934161025226,1.8962781599320584,1.898693195805104,0.10229854007029202,409.39791670442855,1.5956610322486386,0.05043238066807439,0.272917533479112,0.15849285033901322,0.0024448905126782687,0.0024426113545854603,0.15834510128416265,18.11750260385725,0.9961024202441162,1.0,0.0012520337477326393,331,2,2.0801382064819336,0.0,0.0,10905008,,
42,dp_fisher_wiener,b47a1595ee654f8a78e687241bff5037cb0f0d90ae4862e4d6981afb2651c309,0.10660000782234444,1.9028066808277109,1.9059546139719195,0.11215794996787737,318.6213416316299,1.255100521016644,0.05747093206792908,0.4048395864600286,0.2981940494672747,0.0024232109185495085,0.0031385217160621363,0.38621834057657817,20.901077554244107,0.9960608397586017,1.0,0.00114346481859684,332,2,2.079639196395874,0.0,0.0,10905008,,
42,dp_fisher_wiener,b47a1595ee654f8a78e687241bff5037cb0f0d90ae4862e4d6981afb2651c309,0.09837014100925394,1.89994520743895,1.90253587167144,0.10741846675189479,373.04013971501905,1.480283157326653,0.05217032422196588,0.32607781408837877,0.23723768511490276,0.0025417089209861473,0.0026806766710422195,0.2502086382610814,19.700578642875392,0.9960318394732076,1.0,0.001141175627708435,333,2,2.0864758491516113,0.0,0.0,10905008,,
42,dp_fisher_wiener,b47a1595ee654f8a78e687241bff5037cb0f0d90ae4862e4d6981afb2651c309,0.12007317750194958,1.9001214666339912,1.9033250112904918,0.11753367664715132,250.42098631877343,1.159692024588624,0.05820048696444284,0.4078539834530741,0.3073887633811306,0.002643967043627363,0.00399327554223995,0.4642599587934967,20.654319501861885,0.9953690302013584,1.0,0.00114408228546381,334,2,2.066007375717163,0.0,0.0,10905008,,
42,dp_fisher_wiener,b47a1595ee654f8a78e687241bff5037cb0f0d90ae4862e4d6981afb2651c309,0.1227220460232944,1.89735128416899,1.9008648688180954,0.11381810927409387,239.02884704081703,1.1375827216401815,0.06088454846491611,0.3895502807592241,0.2761687028579903,0.0026063139380725756,0.004183595462695606,0.44329967901841466,20.251477334223537,0.9952408140869892,1.0,0.0011919457465410233,335,2,2.033843517303467,0.0,0.0,10905008,,
42,dp_fisher_wiener,b47a1595ee654f8a78e687241bff5037cb0f0d90ae4862e4d6981afb2651c309,0.10915413079591674,1.901245028237991,1.904717402076012,0.11839584375222682,303.3862063325728,1.3101915796385453,0.06043628948294132,0.3993439557594573,0.2850506877054248,0.002709808461894936,0.0032961287594584646,0.34672700408322443,20.21983498361881,0.9956814398535906,1.0,0.0011445805430412292,336,2,2.06254506111145,0.0,0.0,10905008,,
42,dp_fisher_wiener,b47a1595ee654f8a78e687241bff5037cb0f0d90ae4862e4d6981afb2651c309,0.10658362625586,1.896541112031268,1.8995874987521828,0.10970875471114043,316.62378698045325,1.2731917706226452,0.056613621566856634,0.38195559413501246,0.2728948985633936,0.0023968306510824583,0.003158322403532585,0.35959573177569565,20.56358067105385,0.9959788499064952,1.0,0.0011908439919352531,337,2,2.072075366973877,0.0,0.0,10905008,,
42,dp_fisher_wiener,b47a1595ee654f8a78e687241bff5037cb0f0d90ae4862e4d6981afb2651c309,0.09554353307669021,1.8977436691380678,1.8999543075376442,0.1039833006843149,394.52316521041905,1.5990923483629307,0.048267678182931574,0.26893351605204163,0.18673325554206877,0.0025775962399857758,0.0025347054066060374,0.1836260408337278,18.600067791191933,0.9959467719784981,1.0,0.0014532646164298058,338,2,2.0616276264190674,0.0,0.0,10905008,,
42,dp_fisher_wiener,b47a1595ee654f8a78e687241bff5037cb0f0d90ae4862e4d6981afb2651c309,0.10327078738810773,1.8918431976770644,1.89449874306742,0.10548692934014164,335.59485873440633,1.3958575843977163,0.052951807089060055,0.3169591939698337,0.21421559798158435,0.002479739458033788,0.002979783431954678,0.25741256310283794,19.36445037741931,0.9958406466962534,1.0,0.001562695950269699,339,2,2.044929027557373,0.0,0.0,10905008,,
42,dp_fisher_wiener,b47a1595ee654f8a78e687241bff5037cb0f0d90ae4862e4d6981afb2651c309,0.09437897689863924,1.893511610399139,1.8958511566396299,0.1005387130458125,402.51810046669226,1.5841203636710846,0.0496644789380086,0.25846654731917595,0.16997244133450154,0.002447421594475497,0.0024843603274685606,0.17253782142271,18.41669724454681,0.9960644742141187,1.0,0.001261463388800621,340,2,2.0500104427337646,0.0,0.0,10905008,,
42,dp_fisher_wiener,b47a1595ee654f8a78e687241bff5037cb0f0d90ae4862e4d6981afb2651c309,0.11086920371174634,1.9006555180475586,1.904120032051321,0.11464290278932658,293.8901056228728,1.2917791621951173,0.06033320792691853,0.37593136286088813,0.2764239866807068,0.0027070421007024397,0.0034026324152661145,0.3474527482129425,20.090807159921447,0.995604550348992,1.0,0.0011393539607524872,341,2,2.037760019302368,0.0,0.0,10905008,,
42,dp_fisher_wiener,b47a1595ee654f8a78e687241bff5037cb0f0d90ae4862e4d6981afb2651c309,0.107228920133446,1.8972714791680634,1.9003092118777813,0.10592192381162281,313.06541413156776,1.3108126600648826,0.05652031859654665,0.33658165269426893,0.18527713077270877,0.0023729046374305787,0.003194220615799145,0.24940573733856986,18.92541531317117,0.9958129751774061,1.0,0.0011507133021950722,342,2,2.0230634212493896,0.0,0.0,10905008,,
42,dp_fisher_wiener,b47a1595ee654f8a78e687241bff5037cb0f0d90ae4862e4d6981afb2651c309,0.10904020672641554,1.9049461757170871,1.9081081871578978,0.10819183987744616,305.20531048611105,1.3395493489982218,0.057547412688990156,0.3250039117839139,0.21137339029900298,0.002570610574847517,0.0032764829626420453,0.2694151027117973,19.15014023346952,0.9956109893800199,1.0,0.0011704368516802788,343,2,2.0339784622192383,0.0,0.0,10905008,,
42,dp_fisher_wiener,b47a1595ee654f8a78e687241bff5037cb0f0d90ae4862e4d6981afb2651c309,0.10715200285211089,1.897248136087705,1.8998064732712723,0.10741837974287148,313.507318423133,1.349932518634604,0.05206046766501579,0.3267106093006945,0.2353348182711615,0.0025178650564116594,0.0031897182016113286,0.2981302557829551,19.706537359258377,0.9956940956739891,1.0,0.0011468157172203064,344,2,2.031114339828491,0.0,0.0,10905008,,
42,dp_fisher_wiener,b47a1595ee654f8a78e687241bff5037cb0f0d90ae4862e4d6981afb2651c309,0.12602060563638226,1.900937811789815,1.9047892328922935,0.11902936995653633,227.5373489784113,1.1032091277870495,0.0636108730215751,0.4176259597541547,0.2700887247685401,0.002616602447236967,0.004394882881542386,0.45364488372527106,20.13768710977988,0.9951515250892221,1.0,0.0011516762897372246,345,2,2.0114099979400635,0.0,0.0,10905008,,
42,dp_fisher_wiener,b47a1595ee654f8a78e687241bff5037cb0f0d90ae4862e4d6981afb2651c309,0.09742560906911914,1.9004754253014202,1.9030103480817246,0.10208574394207767,380.52067397598057,1.442009491210849,0.05159949190447854,0.31300032456380533,0.20381064736052484,0.0023047429852713075,0.0026279781054878793,0.23239464111344543,19.466043664308902,0.9962104306287929,1.0,0.0011871811002492905,346,2,2.048062801361084,0.0,0.0,10905008,,
42,dp_fisher_wiener,b47a1595ee654f8a78e687241bff5037cb0f0d90ae4862e4d6981afb2651c309,0.1035040199040396,1.8951033493906297,1.8981095804465813,0.10336456460660887,335.2365508679019,1.3220958287554851,0.05628660968274223,0.3380611352924839,0.22808649960470972,0.002322701971358826,0.0029829682870720804,0.2929238461936818,19.92106091540728,0.996056230069984,1.0,0.0011493433266878128,347,2,2.048799753189087,0.0,0.0,10905008,,
42,dp_fisher_wiener,b47a1595ee654f8a78e687241bff5037cb0f0d90ae4862e4d6981afb2651c309,0.1050032077239352,1.8980341325149215,1.9011505333824585,0.107839039279297,326.7404503345739,1.3419847862522396,0.057270476875528026,0.34700772254478396,0.23802608900648467,0.0025074406850455274,0.003060533211866025,0.2905300033715947,19.773938923217205,0.9958928109914836,1.0,0.001171245239675045,348,2,2.0199966430664062,0.0,0.0,10905008,,
42,dp_fisher_wiener,b47a1595ee654f8a78e687241bff5037cb0f0d90ae4862e4d6981afb2651c309,0.10461545093358471,1.8952205365539507,1.8977581742652079,0.10750889166832749,328.19188982387294,1.2435090201832313,0.05180350138682037,0.3953512659845916,0.34002517363492196,0.0023528784221799265,0.003046997902492378,0.4403355401051227,21.59911583994411,0.9962110306234251,1.0,0.001435874029994011,349,2,2.061361789703369,0.0,0.0,10905008,,
42,dp_fisher_wiener,b47a1595ee654f8a78e687241bff5037cb0f0d90ae4862e4d6981afb2651c309,0.11896018170133657,1.89567003008691,1.899820382603955,0.14149793673822375,253.93481662077437,1.2656351041695242,0.0661587477609782,0.48306573996344515,0.4067522634798746,0.003508239607812978,0.003938018477483753,0.45658167867467125,20.64240730841279,0.9950159055736761,1.0,0.001575523056089878,350,2,2.05458402633667,0.14979112055152655,0.0046117957681417465,10905008,,
42,dp_fisher_wiener,b47a1595ee654f8a78e687241bff5037cb0f0d90ae4862e4d6981afb2651c309,0.10741889451110498,1.8995264565390144,1.9025470675402552,0.12017828022494759,312.70104771365715,1.5012908748164693,0.056327885771816244,0.3353564975807903,0.24435512816875676,0.003200864473542716,0.003197942594771115,0.24413207090795488,18.827541714112165,0.9951989579638671,1.0,0.0011436576023697853,351,2,2.008134603500366,0.0,0.0,10905008,,
42,dp_fisher_wiener,b47a1595ee654f8a78e687241bff5037cb0f0d90ae4862e4d6981afb2651c309,0.10074138413645058,1.8970008588653564,1.899796748084936,0.12386023912728747,354.58407591051525,1.624113573176662,0.05424643987656417,0.36093305681221716,0.34177312042821034,0.003382093392772242,0.002820205609440718,0.2849922694220481,20.04552307455324,0.9954196657901071,1.0,0.0011474434286355972,352,2,2.0640923976898193,0.0,0.0,10905008,,
42,dp_fisher_wiener,b47a1595ee654f8a78e687241bff5037cb0f0d90ae4862e4d6981afb2651c309,0.12587605301891758,1.8944314337945327,1.8983083100050697,0.13515176067129483,226.50174336411175,1.1230498984819153,0.06392250281132196,0.4795422262714771,0.4337415313680644,0.0033347832002317114,0.004414977055293849,0.5742379021058449,21.141634033789998,0.9950417604659393,1.0,0.001444254070520401,353,2,1.9976465702056885,0.0,0.0,10905008,,
42,dp_fisher_wiener,b47a1595ee654f8a78e687241bff5037cb0f0d90ae4862e4d6981afb2651c309,0.125360559357163,1.8971257718532502,1.9012354148788997,0.1306139230971572,229.01841521702354,1.2235164398557117,0.06571533719669638,0.4136897735455551,0.3026753720996044,0.0033669886560374752,0.004366461094355512,0.3925229252250936,19.537354317078563,0.9946575630667257,1.0,0.0015525463968515396,354,2,1.979414701461792,0.0,0.0,10905008,,
42,dp_fisher_wiener,b47a1595ee654f8a78e687241bff5037cb0f0d90ae4862e4d6981afb2651c309,0.11460320490195171,1.89542643032066,1.8987133063455333,0.13180801183947857,273.5396825593277,1.3244716828253627,0.05883484077503413,0.43400319213867505,0.38505047668434894,0.0033944390399179344,0.0036557767069379196,0.414695490800084,20.547496515857155,0.9951580272725595,1.0,0.0011751502752304077,355,2,2.0109410285949707,0.0,0.0,10905008,,
42,dp_fisher_wiener,b47a1595ee654f8a78e687241bff5037cb0f0d90ae4862e4d6981afb2651c309,0.10405673872769625,1.8989843298027238,1.901626209682897,0.11700427485389585,333.04455762293236,1.5460708393928269,0.05273113880619801,0.31939214175125213,0.2644141376621144,0.0032035180811129673,0.0030026012346358517,0.24783072737588857,19.166574925424005,0.9953577657883759,1.0,0.0011423034593462944,356,2,2.0225160121917725,0.0,0.0,10905008,,
42,dp_fisher_wiener,b47a1595ee654f8a78e687241bff5037cb0f0d90ae4862e4d6981afb2651c309,0.10728419112797433,1.899144660692774,1.901921835384723,0.12677104998044433,313.360774056565,1.4519051183201377,0.05407140445077749,0.39959905239943616,0.37070535713265357,0.0032629735536979006,0.003191209885549779,0.3625523102905825,20.554153081533926,0.995366666033134,1.0,0.0011506834998726845,357,2,2.0686111450195312,0.0,0.0,10905008,,
42,dp_fisher_wiener,b47a1595ee654f8a78e687241bff5037cb0f0d90ae4862e4d6981afb2651c309,0.11637902900961836,1.8913094828146286,1.8947159253905161,0.12750100104272946,264.1044636385626,1.3152449672378026,0.059955403726469556,0.40391040216662066,0.34082224021723123,0.0033621847189243457,0.0037863805334787024,0.38382266401352444,20.059063566504307,0.9950199820589273,1.0,0.0014535607770085335,358,2,2.0078210830688477,0.0,0.0,10905008,,
42,dp_fisher_wiener,b47a1595ee654f8a78e687241bff5037cb0f0d90ae4862e4d6981afb2651c309,0.09256977453594599,1.8962174659176732,1.8984980693882567,0.12011949541095551,419.6023125580949,2.002553770665741,0.049001530155239954,0.26249744463946423,0.19984773806724804,0.00351429846005227,0.0023832089813484334,0.13552603163785912,17.54860594789807,0.9952274958675593,1.0,0.0014410046860575676,359,2,2.029219150543213,0.0,0.0,10905008,,
42,dp_fisher_wiener,b47a1595ee654f8a78e687241bff5037cb0f0d90ae4862e4d6981afb2651c309,0.12227559935195584,1.8979918880092028,1.9011249426359718,0.12128026242412283,240.94010946132417,1.2170423449914294,0.05776052887020769,0.38651814791089845,0.32771796924070923,0.0031836409630656686,0.004150409004829306,0.42723523988195766,20.125761708866904,0.9949487764917512,1.0,0.0011535519734025002,360,2,2.0069360733032227,0.0,0.0,10905008,,
42,dp_fisher_wiener,b47a1595ee654f8a78e687241bff5037cb0f0d90ae4862e4d6981afb2651c309,0.10454390367160331,1.898253954980124,1.9012629270178882,0.12190757448099615,329.69411984681045,1.5416155813322112,0.0562524021189029,0.35080907080302387,0.2917641903769616,0.0032200528115439234,0.0030331144527929945,0.2748259840558948,19.57168993092466,0.9953241034991825,1.0,0.00116737000644207,361,2,1.9929574728012085,0.0,0.0,10905008,,
42,dp_fisher_wiener,b47a1595ee654f8a78e687241bff5037cb0f0d90ae4862e4d6981afb2651c309,0.09421163925122082,1.8961797055291447,1.8986093462311253,0.11826106794031124,405.0884561759154,1.7954030883226242,0.05058337268225539,0.3108096888697146,0.25718944091139945,0.003216864515814934,0.0024685966352316693,0.1973651626751194,19.028203640248734,0.9955678739767829,1.0,0.0014301184564828873,362,2,2.0241334438323975,0.0,0.0,10905008,,
42,dp_fisher_wiener,b47a1595ee654f8a78e687241bff5037cb0f0d90ae4862e4d6981afb2651c309,0.09240725971312705,1.8901491488078328,1.892035489819297,0.11166023166925523,418.3887195308597,1.8634078063056188,0.044823231329983206,0.24690703797739166,0.1952019021153925,0.003133712894804227,0.002390121801094241,0.14888291861312195,17.94424840433413,0.9955462283772982,1.0,0.0011815819889307022,363,2,2.0127358436584473,0.0,0.0,10905008,,
42,dp_fisher_wiener,b47a1595ee654f8a78e687241bff5037cb0f0d90ae4862e4d6981afb2651c309,0.10211715923066092,1.8984321994916742,1.901006901917769,0.11793764261590814,345.6151195119231,1.6543453924960758,0.05205484890352389,0.2941775733533802,0.1964250735028894,0.0032490658492126756,0.0028933919364292388,0.17492250085650546,17.814384108550303,0.9952133303808239,1.0,0.0011579003185033798,364,2,1.9733359813690186,0.0,0.0,10905008,,
42,dp_fisher_wiener,b47a1595ee654f8a78e687241bff5037cb0f0d90ae4862e4d6981afb2651c309,0.10494800054424619,1.8953323226345957,1.8983981232587774,0.12026927719171882,326.15376806045543,1.5249792092105443,0.05683017890549417,0.34394393412912977,0.22817195414792585,0.003225135522384094,0.0030660384696937493,0.216916152598984,18.497142930316564,0.9953243550786528,1.0,0.001148812472820282,365,2,1.98954439163208,0.0,0.0,10905008,,
42,dp_fisher_wiener,b47a1595ee654f8a78e687241bff5037cb0f0d90ae4862e4d6981afb2651c309,0.11070806611670933,1.900836283531527,1.9035163387517782,0.12273526814571818,294.8023204603121,1.3572773116481067,0.05327115162119733,0.39318613681875253,0.3769563568121144,0.0031787466584631834,0.0033921035572471274,0.40225759906279673,20.740351546671647,0.995395974802612,1.0,0.001177547499537468,366,2,2.001290798187256,0.0,0.0,10905008,,
42,dp_fisher_wiener,b47a1595ee654f8a78e687241bff5037cb0f0d90ae4862e4d6981afb2651c309,0.10563171145200621,1.900304727464306,1.9031564908895502,0.12694013336064078,323.6367750231719,1.4498643301369438,0.054728715985166924,0.41368725367357534,0.37647415288949737,0.003215825574952081,0.003089883712499926,0.36173023880870203,20.68442679852264,0.9955200878205738,1.0,0.0014170166105031967,367,2,2.0281260013580322,0.0,0.0,10905008,,
42,dp_fisher_wiener,b47a1595ee654f8a78e687241bff5037cb0f0d90ae4862e4d6981afb2651c309,0.09401316047591796,1.902637653212369,1.904971254404953,0.11487904407421166,409.5763475303632,1.804522710064136,0.04948260834429292,0.2817759910608092,0.22309283292057797,0.003173849967402353,0.0024415472375695444,0.17161860061042045,18.4689922504178,0.9955941725616129,1.0,0.0011504730209708214,368,2,2.0064697265625,0.0,0.0,10905008,,
42,dp_fisher_wiener,b47a1595ee654f8a78e687241bff5037cb0f0d90ae4862e4d6981afb2651c309,0.10355218616406356,1.8952359824489071,1.8981046620337552,0.12279950322322283,334.97164212595237,1.6271311944950004,0.05495959489312079,0.32851731559185227,0.24655880696583202,0.003416507397082602,0.002985327335650865,0.21544187111017407,18.58338154451618,0.9951424807659308,1.0,0.00115130003541708,369,2,1.9848915338516235,0.0,0.0,10905008,,
42,dp_fisher_wiener,b47a1595ee654f8a78e687241bff5037cb0f0d90ae4862e4d6981afb2651c309,0.11147541034945056,1.898983468659687,1.9024535776045044,0.12912780326377263,290.19118015838944,1.4654810158886453,0.06039832887722887,0.37825241464780174,0.31062413588691107,0.0035143724053994536,0.0034460041114049034,0.30458128106315485,19.46387417586926,0.9949499463936555,1.0,0.0011459337547421455,370,2,1.9799292087554932,0.0,0.0,10905008,,
42,dp_fisher_wiener,b47a1595ee654f8a78e687241bff5037cb0f0d90ae4862e4d6981afb2651c309,0.09763709679469791,1.8944319642918173,1.897081536838311,0.12224263509288465,376.4682116434256,1.8083763682999083,0.05285149506124439,0.3031736706078733,0.23916036200019755,0.0035291969789211083,0.002656266768260315,0.18000517559009155,18.31013303171606,0.9951964699478738,1.0,0.00123688206076622,371,2,1.988463282585144,0.0,0.0,10905008,,
42,dp_fisher_wiener,b47a1595ee654f8a78e687241bff5037cb0f0d90ae4862e4d6981afb2651c309,0.12528449716764106,1.8961233636411776,1.8999879902588013,0.13359442582984196,229.05433237580104,1.1788304855902059,0.06378524760963361,0.44931085673031235,0.3720214855922259,0.0033705037519801673,0.004365776405815145,0.48187533488728207,20.42873207660079,0.9948534896792268,1.0,0.0011481456458568573,372,2,1.9363279342651367,0.0,0.0,10905008,,
42,dp_fisher_wiener,b47a1595ee654f8a78e687241bff5037cb0f0d90ae4862e4d6981afb2651c309,0.1323744275588778,1.8957102765524332,1.9000357208098257,0.14240487113988595,205.08586963956063,0.9994630127311867,0.06747335713547022,0.5381362182498233,0.5015017567021375,0.003344628360176532,0.004876006336761078,0.731120315975397,21.75924590576251,0.9951266120162863,1.0,0.0011731348931789398,373,2,2.0153660774230957,0.0,0.0,10905008,,
42,dp_fisher_wiener,b47a1595ee654f8a78e687241bff5037cb0f0d90ae4862e4d6981afb2651c309,0.10482328128099243,1.8944659161168151,1.8972452356409735,0.11861770657836641,326.63151984157065,1.4836331701208652,0.05412004060859232,0.35210350501498683,0.284825051595714,0.0030718002431492928,0.0030615538892074844,0.2838749838638074,19.671852141479985,0.9954577770974459,1.0,0.0014182385057210922,374,2,1.9726603031158447,0.0,0.0,10905008,,
42,dp_fisher_wiener,b47a1595ee654f8a78e687241bff5037cb0f0d90ae4862e4d6981afb2651c309,0.0982463547096815,1.8953426475874036,1.898178071491272,0.12095953647164108,372.17104233969775,1.6879068433778317,0.0547179115413036,0.3362254456599548,0.28933363931994216,0.003334343770333197,0.0026869366128259207,0.23315566791389167,19.383885561018502,0.9954647013030188,1.0,0.0011835480108857155,375,2,1.982735276222229,0.0,0.0,10905008,,
42,dp_fisher_wiener,b47a1595ee654f8a78e687241bff5037cb0f0d90ae4862e4d6981afb2651c309,0.0926277295103201,1.8972918486089756,1.8992932326788319,0.1123075341488183,419.5524331905305,1.8514941311370974,0.045980153590148246,0.25508781464495656,0.1983939334796408,0.00310590736108739,0.0023834923141276185,0.15224871854050895,18.053398899077123,0.995586977968268,1.0,0.0011520152911543846,376,2,1.9864332675933838,0.0,0.0,10905008,,
42,dp_fisher_wiener,b47a1595ee654f8a78e687241bff5037cb0f0d90ae4862e4d6981afb2651c309,0.09985666048926288,1.9055885802193004,1.9081521761117608,0.11898009729180038,364.1700345297011,1.5324806998475409,0.05182131356577052,0.3723063752652815,0.32014774736720497,0.0029932725488202284,0.0027459700279592303,0.2936973177209634,20.292041874218725,0.9957918539293706,1.0,0.0011695269495248795,377,2,1.9807517528533936,0.0,0.0,10905008,,
42,dp_fisher_wiener,b47a1595ee654f8a78e687241bff5037cb0f0d90ae4862e4d6981afb2651c309,0.10666112064919867,1.8972775461979243,1.9004817697307155,0.1248873283538777,316.4094524905933,1.5056293525828934,0.05807743336860367,0.3695211941600181,0.3035038286211073,0.0033521816698632865,0.0031604618384197987,0.2861456694902978,19.568366268476744,0.9952415158879387,1.0,0.0014358190819621086,378,2,1.9728758335113525,0.0,0.0,10905008,,
42,dp_fisher_wiener,b47a1595ee654f8a78e687241bff5037cb0f0d90ae4862e4d6981afb2651c309,0.0991516417581345,1.8969710838710896,1.8993274546751353,0.11868786043338923,366.0341470710773,1.7073760162049074,0.04985235766278854,0.30304649391954636,0.2424634206208484,0.0032905680976469762,0.0027319855480691566,0.2013046201829658,18.673753447854228,0.9953354733981339,1.0,0.001451806165277958,379,2,1.9845161437988281,0.0,0.0,10905008,,
42,dp_fisher_wiener,b47a1595ee654f8a78e687241bff5037cb0f0d90ae4862e4d6981afb2651c309,0.09235446777051849,1.8986463823262234,1.900763230170145,0.11690403926923243,422.6417076933832,1.8325931198361523,0.047202188579335856,0.304034227911392,0.2718029442215826,0.0031746974881822565,0.0023660703183793616,0.2025720186518422,19.32551808237737,0.9956639558129811,1.0,0.0011570686474442482,380,2,1.9944627285003662,0.0,0.0,10905008,,
42,dp_fisher_wiener,b47a1595ee654f8a78e687241bff5037cb0f0d90ae4862e4d6981afb2651c309,0.1032240540620382,1.8986029586018374,1.90146193755297,0.1193956640146868,338.3034939322325,1.5490357044115413,0.054819346293255376,0.34099693142945153,0.25985460583562403,0.0031745950301455828,0.0029559257230319567,0.24195555853547468,19.130420867839465,0.9954211655150053,1.0,0.0011800052598118782,381,2,1.9560952186584473,0.0,0.0,10905008,,
42,dp_fisher_wiener,b47a1595ee654f8a78e687241bff5037cb0f0d90ae4862e4d6981afb2651c309,0.0989820523488839,1.8984164574319922,1.9008629041687362,0.12007100857434601,367.84941633724736,1.6029454111352552,0.050736242900260776,0.3580063602044038,0.31895368786290296,0.0031470741735308443,0.00271850370147345,0.27551838096435727,20.05820648900294,0.9956423869661242,1.0,0.0011486336588859558,382,2,1.9754242897033691,0.0,0.0,10905008,,
42,dp_fisher_wiener,b47a1595ee654f8a78e687241bff5037cb0f0d90ae4862e4d6981afb2651c309,0.11084683928960501,1.8972367582346346,1.9002243087168673,0.12014293012113259,292.9519765495646,1.4152490053741267,0.05609764874365995,0.35037263988179856,0.2837162104632716,0.0032393469425222644,0.003413528769105762,0.2989718186591396,19.424266857339617,0.995169006804314,1.0,0.0014494247734546661,383,2,1.927922248840332,0.0,0.0,10905008,,
42,dp_fisher_wiener,b47a1595ee654f8a78e687241bff5037cb0f0d90ae4862e4d6981afb2651c309,0.11302411034265779,1.896472720810473,1.8999944196377834,0.13370404547745418,281.54706590040735,1.383349810852854,0.060873225477697974,0.429455970473025,0.33431513373584354,0.003427120032831194,0.0035518040180009345,0.3464780410090161,19.89226720902869,0.9950866125831274,1.0,0.0015588728711009026,384,2,1.9232356548309326,0.0,0.0,10905008,,
42,dp_fisher_wiener,b47a1595ee654f8a78e687241bff5037cb0f0d90ae4862e4d6981afb2651c309,0.10266071845455665,1.896183234819587,1.8992289481079212,0.12031693261393368,341.15520858724824,1.4867556306982288,0.05667091545166047,0.37833031900687414,0.31751351354285007,0.003101829656614195,0.002931217154930509,0.3000490551888744,20.101442697259756,0.9956419963896943,1.0,0.001464078202843666,385,2,1.975489854812622,0.0,0.0,10905008,,
42,dp_fisher_wiener,b47a1595ee654f8a78e687241bff5037cb0f0d90ae4862e4d6981afb2651c309,0.10076354314826015,1.899479709026502,1.9017584304235644,0.11726295450844912,355.3550214959134,1.6437764832875479,0.04909319722587825,0.3052747731857198,0.249106699562335,0.0031851859361324663,0.0028140871506236267,0.2200838432785035,18.932506181383214,0.9953742697194277,1.0,0.0011487165465950966,386,2,1.9377843141555786,0.0,0.0,10905008,,
42,dp_fisher_wiener,b47a1595ee654f8a78e687241bff5037cb0f0d90ae4862e4d6981afb2651c309,0.09157683676688187,1.900590129030016,1.902967587489747,0.11697440834253676,430.7305369274693,1.9371781895645936,0.05000672037480516,0.2718194201886898,0.20785734959693392,0.0033417424166127135,0.002321637112181046,0.14440650317104436,17.93792413914864,0.9955025752216629,1.0,0.0011489586904644966,387,2,1.949803352355957,0.0,0.0,10905008,,
42,dp_fisher_wiener,b47a1595ee654f8a78e687241bff5037cb0f0d90ae4862e4d6981afb2651c309,0.10539996221402015,1.9002883283525236,1.9033927266047985,0.1221472078883029,325.0559285949861,1.5413818315216756,0.057116877645734865,0.345868887731913,0.264604183680482,0.003264692670580129,0.0030763936662594744,0.24934250077510933,19.08754402221089,0.9952581026957924,1.0,0.0012712813913822174,388,2,1.926848292350769,0.0,0.0,10905008,,
42,dp_fisher_wiener,b47a1595ee654f8a78e687241bff5037cb0f0d90ae4862e4d6981afb2651c309,0.10122741479169223,1.9038817566740902,1.9066928416908777,0.12020957809987182,353.739577963771,1.5033166517484837,0.05429481242861029,0.3818407582237255,0.3264613983752475,0.0030812400994949017,0.002826938409488778,0.2995178033808932,20.25106295248168,0.9957502164151334,1.0,0.0012477189302444458,389,2,1.9548946619033813,0.0,0.0,10905008,,
42,dp_fisher_wiener,b47a1595ee654f8a78e687241bff5037cb0f0d90ae4862e4d6981afb2651c309,0.09526426313239923,1.8981988826869391,1.9004830678906324,0.11731491226931517,397.03007127812015,1.7635035554373764,0.049026118104819105,0.30573684467366835,0.2790055049607296,0.0032136031220689988,0.0025187009051237112,0.2186739902852085,19.38620531463499,0.9955582619982416,1.0,0.0011523710563778877,390,2,1.9636926651000977,0.0,0.0,10905008,,
42,dp_fisher_wiener,b47a1595ee654f8a78e687241bff5037cb0f0d90ae4862e4d6981afb2651c309,0.0970155779632938,1.9007040040900558,1.9033292840880434,0.11601944255039097,383.8362861561909,1.7188572054471538,0.0525274917965593,0.2973877658296317,0.22451655152398597,0.003153568493436816,0.002605277395495004,0.18548127235164952,18.524460948465414,0.995521900176089,1.0,0.0011840835213661194,391,2,1.937774896621704,0.0,0.0,10905008,,
42,dp_fisher_wiener,b47a1595ee654f8a78e687241bff5037cb0f0d90ae4862e4d6981afb2651c309,0.10441483869369253,1.8928477785945939,1.8961324625684943,0.12630255283394065,328.6297947975717,1.5147834399503086,0.05896440658065539,0.39202452885703243,0.30589673804322903,0.0032992775235170632,0.0030429377242680478,0.282129865491475,19.67155997341377,0.9953906083260559,1.0,0.00137381162494421,392,2,1.9359474182128906,0.0,0.0,10905008,,
42,dp_fisher_wiener,b47a1595ee654f8a78e687241bff5037cb0f0d90ae4862e4d6981afb2651c309,0.10347185078100463,1.8934838246784869,1.896204505218393,0.1232063846226948,334.8719447423657,1.5799020019891592,0.05355899403581504,0.3518536337861585,0.30892036295980496,0.0033424685326415445,0.002986216121137502,0.2759945109485742,19.657792089643696,0.9952820711714019,1.0,0.0014221342280507088,393,2,1.9337294101715088,0.0,0.0,10905008,,
42,dp_fisher_wiener,b47a1595ee654f8a78e687241bff5037cb0f0d90ae4862e4d6981afb2651c309,0.10022566534885352,1.8934412446697824,1.8961593366394598,0.11833262287132394,356.8993607861975,1.555782937299079,0.05352888010841722,0.35496172026866396,0.30234945533061364,0.0031217449002373973,0.0028019103135890067,0.2713726086789098,19.86111779515629,0.9956408357418419,1.0,0.001146046444773674,394,2,1.9458374977111816,0.0,0.0,10905008,,
42,dp_fisher_wiener,b47a1595ee654f8a78e687241bff5037cb0f0d90ae4862e4d6981afb2651c309,0.10116377337802628,1.8909458259854404,1.8936951020578372,0.11985561234837484,349.3881197729194,1.643634733431211,0.05386744198946453,0.3207550618617739,0.2548882315052963,0.0033085730335600935,0.002862146545085579,0.2204961062656334,18.86709058174689,0.9952956765258675,1.0,0.0011590486392378807,395,2,1.9034976959228516,0.0,0.0,10905008,,
42,dp_fisher_wiener,b47a1595ee654f8a78e687241bff5037cb0f0d90ae4862e4d6981afb2651c309,0.09807805056588438,1.9007783053930773,1.9029081670685382,0.11453855063735958,375.5945507932957,1.754483795378943,0.047474402562052875,0.26088738884297863,0.19593149189898637,0.003199086859408746,0.002662445442255909,0.16306431507969943,17.870782133185,0.9953287826149959,1.0,0.0011906716972589493,396,2,1.9254640340805054,0.0,0.0,10905008,,
42,dp_fisher_wiener,b47a1595ee654f8a78e687241bff5037cb0f0d90ae4862e4d6981afb2651c309,0.10326538513164359,1.896993250624446,1.8998455670972207,0.1224434793133918,337.45979097505625,1.5752086579320124,0.05477780123521478,0.3503008916240001,0.2631628160309613,0.0032601959163514097,0.002963316005787079,0.2391986877132051,19.069808257748647,0.995332158971058,1.0,0.0014194454997777939,397,2,1.9030630588531494,0.0,0.0,10905008,,
42,dp_fisher_wiener,b47a1595ee654f8a78e687241bff5037cb0f0d90ae4862e4d6981afb2651c309,0.12219553725672157,1.8923335280980151,1.8964161220113844,0.138276717707115,239.81960206220015,1.092313159119885,0.06559186347145857,0.5250123102173981,0.4951584368119286,0.0032764692471456136,0.00416980093092385,0.6301637387667252,21.793380870776502,0.9954452715719365,1.0,0.0011494169011712074,398,2,1.9946937561035156,0.0,0.0,10905008,,
42,dp_fisher_wiener,b47a1595ee654f8a78e687241bff5037cb0f0d90ae4862e4d6981afb2651c309,0.09860800785000498,1.8981648755976765,1.9005949427280615,0.1185657110662876,370.5471655918548,1.67027198239131,0.050569308096312125,0.3224733144097691,0.277956808044306,0.0032006288074418023,0.0026987117774862307,0.2343681059701846,19.387420057909118,0.9954924173290517,1.0,0.0011467309668660164,399,2,1.918966293334961,0.0,0.0,10905008,1.902939986038208,0.4581
42,dp_fisher_wiener,b47a1595ee654f8a78e687241bff5037cb0f0d90ae4862e4d6981afb2651c309,0.12517153308958173,1.900504594263958,1.9041356741218134,0.14570063307343623,230.52960420891696,1.3689641821066165,0.06184950555490752,0.4235151535098134,0.3827725568281928,0.0043059526983886594,0.0043378376645701894,0.38560693307052046,19.48871538329969,0.9940616556090314,1.0,0.0015337755903601646,400,2,1.890561819076538,0.14983124658465385,0.004690162837505341,10905008,,
42,dp_fisher_wiener,b47a1595ee654f8a78e687241bff5037cb0f0d90ae4862e4d6981afb2651c309,0.1101992304654158,1.89222923714067,1.8952206668547056,0.1409856542154365,294.84269586895954,1.6631869189740571,0.056197154972019825,0.3805004548505896,0.3781679514583974,0.004381035821173581,0.003391639046611541,0.2927639130838398,19.36107916696638,0.9943590703033295,1.0,0.0011444343253970146,401,2,1.9184397459030151,0.0,0.0,10905008,,
42,dp_fisher_wiener,b47a1595ee654f8a78e687241bff5037cb0f0d90ae4862e4d6981afb2651c309,0.10070431509619437,1.8954512235916112,1.898246479931324,0.13522848412061023,354.2656672223071,1.964822531227989,0.05426224558678362,0.31216308632050943,0.25927355948808306,0.004298824212271614,0.0028227403681023375,0.17024700397940654,17.804085435950707,0.9944538161243989,1.0,0.0011478718370199203,402,2,1.898551106452942,0.0,0.0,10905008,,
42,dp_fisher_wiener,b47a1595ee654f8a78e687241bff5037cb0f0d90ae4862e4d6981afb2651c309,0.1086916672842106,1.8943496140184604,1.8973943949327396,0.1352486512428794,303.7580290488464,1.7607032400488245,0.056632884547224455,0.31649958822327573,0.26586606139238267,0.004350150064474329,0.00329209404948525,0.20120135299142344,17.86158662938544,0.9942035993400352,1.0,0.001368754543364048,403,2,1.8717904090881348,0.0,0.0,10905008,,
42,dp_fisher_wiener,b47a1595ee654f8a78e687241bff5037cb0f0d90ae4862e4d6981afb2651c309,0.11083063751961482,1.900141388473301,1.9034519762202362,0.1451385352702251,293.9355891054679,1.637209669591986,0.05895777857942336,0.4114833231789293,0.41075683709465766,0.004380842063974191,0.003402105893204717,0.318988503984451,19.72027204447169,0.9944300393342159,1.0,0.001133304089307785,404,2,1.9027823209762573,0.0,0.0,10905008,,
42,dp_fisher_wiener,b47a1595ee654f8a78e687241bff5037cb0f0d90ae4862e4d6981afb2651c309,0.10320623505778809,1.8968878223921515,1.8998279678577743,0.1324230768408518,337.80916348141,1.7843721346437555,0.055628011501339635,0.3358888608692744,0.2895344482013226,0.004023589770943533,0.002960251254288044,0.2130174203290706,18.570865470666828,0.9947178101498083,1.0,0.0011708596721291542,405,2,1.8653392791748047,0.0,0.0,10905008,,
42,dp_fisher_wiener,b47a1595ee654f8a78e687241bff5037cb0f0d90ae4862e4d6981afb2651c309,0.10617208024974119,1.8937985568311706,1.896887726874089,0.14115417272891842,318.16097522449263,1.8029085252779078,0.05705805044455073,0.36278015911435024,0.32719532216359193,0.004441232013634941,0.003143063033439017,0.2315563606395624,18.67303624240751,0.9943333448610242,1.0,0.001409434713423252,406,2,1.8991408348083496,0.0,0.0,10905008,,
42,dp_fisher_wiener,b47a1595ee654f8a78e687241bff5037cb0f0d90ae4862e4d6981afb2651c309,0.10225186177978485,1.8999163781037027,1.902787849642823,0.13207626281043872,345.2443059054814,1.8245426989328646,0.05493011071278055,0.3266623922642756,0.27917448480460855,0.0040324198947095284,0.0028964996172242507,0.2005318913980216,18.40309974467067,0.9947152127704262,1.0,0.0012106811627745628,407,2,1.8773430585861206,0.0,0.0,10905008,,
42,dp_fisher_wiener,b47a1595ee654f8a78e687241bff5037cb0f0d90ae4862e4d6981afb2651c309,0.11839053747853806,1.9036807840690444,1.9072366712166573,0.14826119190639295,258.55579008601876,1.40734159742339,0.0610444228775246,0.4635164540733633,0.4664328493099407,0.004270167401231994,0.0038676372306173817,0.4224642464990325,20.383442278439965,0.9945569132412204,1.0,0.0011457893997430801,408,2,1.9266912937164307,0.0,0.0,10905008,,
42,dp_fisher_wiener,b47a1595ee654f8a78e687241bff5037cb0f0d90ae4862e4d6981afb2651c309,0.1027732824795044,1.899160319652898,1.902014433684664,0.13836237962971054,341.4780557181185,1.8659950639754457,0.054767093102168485,0.3515203305998654,0.34948338537045476,0.004273936587213697,0.002928445863972358,0.23946147855995265,19.125984596347966,0.9945355344721909,1.0,0.0014982810243964195,409,2,1.9082424640655518,0.0,0.0,10905008,,
42,dp_fisher_wiener,b47a1595ee654f8a78e687241bff5037cb0f0d90ae4862e4d6981afb2651c309,0.09825392435998977,1.8973301327076284,1.8999579720442932,0.13441356723446435,372.8945165022585,1.9667749779116424,0.05258376008446563,0.3306635413272352,0.2848049261096673,0.0041547439716674225,0.002681723532102623,0.18383035817453033,18.360032302731973,0.9947256532588374,1.0,0.0011886851862072945,410,2,1.8913854360580444,0.0,0.0,10905008,,
42,dp_fisher_wiener,b47a1595ee654f8a78e687241bff5037cb0f0d90ae4862e4d6981afb2651c309,0.09784980085304576,1.89105683881515,1.893290004901299,0.13718413869996127,373.4988532063858,2.0537546284868125,0.04865013575053029,0.3251858606054967,0.3599580786231069,0.004440787197361566,0.002677384391707096,0.21702146456982874,19.087919625701947,0.9945013094127189,1.0,0.0011486941948533058,411,2,1.8801674842834473,0.0,0.0,10905008,,
42,dp_fisher_wiener,b47a1595ee654f8a78e687241bff5037cb0f0d90ae4862e4d6981afb2651c309,0.10406629936814062,1.9007840592460683,1.9031872034108237,0.14169255079737944,333.6148238803278,1.8262158116593188,0.05041786086316269,0.37737249283974655,0.44721364591915375,0.004401761266941482,0.0029974687223913617,0.30453921387703903,20.06888562118078,0.9945259752237092,1.0,0.0011446774005889893,412,2,1.9376230239868164,0.0,0.0,10905008,,
42,dp_fisher_wiener,b47a1595ee654f8a78e687241bff5037cb0f0d90ae4862e4d6981afb2651c309,0.1161769978947711,1.8958838459821055,1.899686075921073,0.14580402223224853,266.30734982905125,1.4075564425640625,0.06327310046937007,0.4651371535091776,0.4418155757960986,0.004085746949958205,0.003755059710396857,0.406056441680667,20.339695571657174,0.9947145415120265,1.0,0.001185140572488308,413,2,1.8581745624542236,0.0,0.0,10905008,,
42,dp_fisher_wiener,b47a1595ee654f8a78e687241bff5037cb0f0d90ae4862e4d6981afb2651c309,0.11468718415500741,1.8959354735180474,1.8996424837848784,0.15012805784740796,273.285962848708,1.5367799374872089,0.06247777460628334,0.44948015343625003,0.44398714890416596,0.004499437830848508,0.003659170743713967,0.3610728377531098,19.94212144135148,0.9943766598127927,1.0,0.001409437507390976,414,2,1.8927295207977295,0.0,0.0,10905008,,
42,dp_fisher_wiener,b47a1595ee654f8a78e687241bff5037cb0f0d90ae4862e4d6981afb2651c309,0.101165098314428,1.8986093163142002,1.9012639597850896,0.13474401069968417,352.21658284083435,1.9255772253207917,0.052827081115936717,0.3185016842944802,0.29515770098085237,0.004301656694772148,0.002839162176398463,0.19480880046607002,18.364183713766366,0.9945329739736007,1.0,0.0011542392894625664,415,2,1.8442038297653198,0.0,0.0,10905008,,
42,dp_fisher_wiener,b47a1595ee654f8a78e687241bff5037cb0f0d90ae4862e4d6981afb2651c309,0.11020228772508302,1.9033037357734295,1.9069297519992008,0.1431742527066356,298.2874486464623,1.568296294834028,0.06176720704310221,0.4308865178837727,0.3725655865294511,0.004062844919016974,0.0033524709284788157,0.3074238182125424,19.62372491602645,0.994742332263895,1.0,0.0011489950120449066,416,2,1.8895186185836792,0.0,0.0,10905008,,
42,dp_fisher_wiener,b47a1595ee654f8a78e687241bff5037cb0f0d90ae4862e4d6981afb2651c309,0.11223385410218573,1.8969636552749938,1.899982071300655,0.14153625582766607,285.67370452300656,1.6354825795109258,0.056408129723541145,0.37858275219150467,0.36251863544232393,0.004362916081331164,0.0035004971899323,0.2908594712866169,19.1955347686476,0.9942749978257843,1.0,0.0011708028614521027,417,2,1.830829381942749,0.0,0.0,10905008,,
42,dp_fisher_wiener,b47a1595ee654f8a78e687241bff5037cb0f0d90ae4862e4d6981afb2651c309,0.11860771798997785,1.8988932948168933,1.902328598966525,0.1475010035665618,256.31570760609094,1.4253287992822328,0.06011177911270586,0.4507953184145096,0.4798545359174726,0.004338707530336472,0.00390143861750935,0.43149325095985036,20.437492287180454,0.9944391671794368,1.0,0.0014208946377038956,418,2,1.8569632768630981,0.0,0.0,10905008,,
42,dp_fisher_wiener,b47a1595ee654f8a78e687241bff5037cb0f0d90ae4862e4d6981afb2651c309,0.11010686714807624,1.8919043207885131,1.8949601092172323,0.1404077914662624,295.23614521374077,1.6056545493996552,0.0567831106897508,0.40012263688238653,0.3828728253288358,0.004173646789253798,0.0033871191455682736,0.3107200830574202,19.625388505007084,0.994561456734111,1.0,0.0011388035491108894,419,2,1.8587381839752197,0.0,0.0,10905008,,
42,dp_fisher_wiener,b47a1595ee654f8a78e687241bff5037cb0f0d90ae4862e4d6981afb2651c309,0.13181280553673924,1.8981904142417338,1.9024153031336288,0.14078774737127633,207.37879386840214,1.2407755819586221,0.06666013883706508,0.42133096508361123,0.3402962018139603,0.004088095941031146,0.0048220938182172305,0.4013947409216251,19.203360222511762,0.9940168637360981,1.0,0.0011475849896669388,420,2,1.77829909324646,0.0,0.0,10905008,,
42,dp_fisher_wiener,b47a1595ee654f8a78e687241bff5037cb0f0d90ae4862e4d6981afb2651c309,0.10442451332152412,1.8977408666380997,1.9006677437724822,0.13461357017182257,330.2698278733472,1.73276258354095,0.05547754022297711,0.36033472267268907,0.2947545971488195,0.003977882002422159,0.0030278272960843995,0.2243570861000088,18.698086908541377,0.9947534941514399,1.0,0.0011788811534643173,421,2,1.8253592252731323,0.0,0.0,10905008,,
42,dp_fisher_wiener,b47a1595ee654f8a78e687241bff5037cb0f0d90ae4862e4d6981afb2651c309,0.0991716839277267,1.899049748927517,1.90184058163421,0.13406911085606352,366.68851590365443,1.977178559091774,0.05419333350145556,0.3145322419023591,0.271152401407054,0.004200673669358635,0.0027271102216923264,0.17603426110766532,18.0989451034308,0.9946080161408417,1.0,0.001435740850865841,422,2,1.8447868824005127,0.0,0.0,10905008,,
42,dp_fisher_wiener,b47a1595ee654f8a78e687241bff5037cb0f0d90ae4862e4d6981afb2651c309,0.10835626002589283,1.896269390351692,1.8995291131305059,0.13910100948280005,306.26125366291944,1.6274108171120618,0.058579443567367766,0.397500033735083,0.34110030935273883,0.004083381174683033,0.0032651861375033145,0.2727533761777985,19.21862190903199,0.9946862007594902,1.0,0.0011446727439761162,423,2,1.7896003723144531,0.0,0.0,10905008,,
42,dp_fisher_wiener,b47a1595ee654f8a78e687241bff5037cb0f0d90ae4862e4d6981afb2651c309,0.11693583638873636,1.893272097752372,1.8971631934405413,0.14294671720328636,262.13850382531194,1.4568527457027467,0.06405995490746401,0.42435716652707883,0.39972603682983515,0.004330804116413387,0.0038147772468900085,0.35209761266323397,19.651938966738204,0.9944424312932175,1.0,0.0011523878201842308,424,2,1.7643601894378662,0.0,0.0,10905008,,
42,dp_fisher_wiener,b47a1595ee654f8a78e687241bff5037cb0f0d90ae4862e4d6981afb2651c309,0.09870231014008905,1.897182257090203,1.8998462962636888,0.13205323969598665,369.456637816418,1.9781857988058509,0.05294811649294431,0.303377842507811,0.2952830287639223,0.004213073328048384,0.0027066775841606957,0.1897037845619337,18.456394686569485,0.9946456888405176,1.0,0.0011883005499839783,425,2,1.8182482719421387,0.0,0.0,10905008,,
42,dp_fisher_wiener,b47a1595ee654f8a78e687241bff5037cb0f0d90ae4862e4d6981afb2651c309,0.11638752969859206,1.902165137685041,1.9054760724374775,0.14251808678690592,267.1059329099196,1.5316383406840197,0.05896306510356892,0.3951752117785203,0.36716183083178866,0.004340328742015905,0.003743832976795567,0.31670240938113586,19.273349018909602,0.9942658018711994,1.0,0.0014132959768176079,426,2,1.8035058975219727,0.0,0.0,10905008,,
42,dp_fisher_wiener,b47a1595ee654f8a78e687241bff5037cb0f0d90ae4862e4d6981afb2651c309,0.10016081688893519,1.8954903858574275,1.8981009903495505,0.13670710530323124,358.13556907847675,1.8817799215963131,0.05243068583232756,0.3594124221538291,0.3737067594299206,0.0042339637215162915,0.002792238711371661,0.24645427997271602,19.457838206223272,0.9947456212561131,1.0,0.001138526014983654,427,2,1.8645951747894287,0.0,0.0,10905008,,
42,dp_fisher_wiener,b47a1595ee654f8a78e687241bff5037cb0f0d90ae4862e4d6981afb2651c309,0.09531852532506331,1.9016195895135652,1.9040208475208271,0.1299396751702863,398.008782812287,2.0807063168243225,0.050206899946161676,0.2852262979385076,0.2622361060433999,0.004122040175773703,0.0025125073693695087,0.15984078778500818,18.035802669155412,0.9947722100449098,1.0,0.001181335188448429,428,2,1.8149774074554443,0.0,0.0,10905008,,
42,dp_fisher_wiener,b47a1595ee654f8a78e687241bff5037cb0f0d90ae4862e4d6981afb2651c309,0.1057059419751183,1.8989712553763403,1.9016579941870806,0.13846226597631428,322.72899114862804,1.7835576113487197,0.05319224790818326,0.3558459599291008,0.36636184028970586,0.00432452618766789,0.0030985750500787577,0.26250266697161734,19.279717003774344,0.9944735128846022,1.0,0.0014126021414995193,429,2,1.8059806823730469,0.0,0.0,10905008,,
42,dp_fisher_wiener,b47a1595ee654f8a78e687241bff5037cb0f0d90ae4862e4d6981afb2651c309,0.09494739190071541,1.899638226255487,1.901780768735141,0.13774486817788265,400.2909036770623,2.1993412317440937,0.04751562319269635,0.31202235960745656,0.3347974258305971,0.004481069106111875,0.002498183173044457,0.1866486045682443,18.73400468444261,0.9945056427424646,1.0,0.0011516902595758438,430,2,1.8588354587554932,0.0,0.0,10905008,,
42,dp_fisher_wiener,b47a1595ee654f8a78e687241bff5037cb0f0d90ae4862e4d6981afb2651c309,0.10462706011538488,1.8939008090503937,1.8971117242851776,0.13946692033039557,327.6622539166345,1.753463259100159,0.05823853135394298,0.38387415242655015,0.3672302255083017,0.004228694479640584,0.003051923094451995,0.2650365051516679,19.387321104233777,0.9946485649837903,1.0,0.001143263652920723,431,2,1.8253984451293945,0.0,0.0,10905008,,
42,dp_fisher_wiener,b47a1595ee654f8a78e687241bff5037cb0f0d90ae4862e4d6981afb2651c309,0.10668453152304885,1.895745488298133,1.8991821813325036,0.1417301074588975,315.7600289381798,1.6844468650679791,0.06027142188122655,0.40664671694402,0.36537018024009366,0.004189510202677839,0.0031669619592910626,0.27619301682686176,19.40569846914572,0.9946654208554139,1.0,0.001170095056295395,432,2,1.8240889310836792,0.0,0.0,10905008,,
42,dp_fisher_wiener,b47a1595ee654f8a78e687241bff5037cb0f0d90ae4862e4d6981afb2651c309,0.09503902892059428,1.901476601745214,1.9039779616927488,0.13689470439386325,400.29299569662123,2.051708733317299,0.05126002045573898,0.3551286281312826,0.3284487970204577,0.004124217184587602,0.002498170116988264,0.19895193026676525,19.01126147893352,0.9948744825530954,1.0,0.0015579154714941978,433,2,1.8003308773040771,0.0,0.0,10905008,,
42,dp_fisher_wiener,b47a1595ee654f8a78e687241bff5037cb0f0d90ae4862e4d6981afb2651c309,0.1010251952999458,1.8976312632880983,1.9005411163585886,0.13661552909768315,352.8289855298859,1.857368897066357,0.05535919974876379,0.359139920051095,0.3355310063374639,0.0041633381044392705,0.002834234263378108,0.22841610524091774,19.062909779196428,0.994735781431686,1.0,0.0013365084305405617,434,2,1.7903499603271484,0.0,0.0,10905008,,
42,dp_fisher_wiener,b47a1595ee654f8a78e687241bff5037cb0f0d90ae4862e4d6981afb2651c309,0.1008323249024199,1.9029896313908814,1.9057463776789474,0.13866733069115675,356.1830776674063,1.8627006921364717,0.053774944006450234,0.37395590333759043,0.38217153743671833,0.004213158373389056,0.0028075449469700518,0.25466969758802416,19.57650554676767,0.9947703840835602,1.0,0.0011680033057928085,435,2,1.824434518814087,0.0,0.0,10905008,,
42,dp_fisher_wiener,b47a1595ee654f8a78e687241bff5037cb0f0d90ae4862e4d6981afb2651c309,0.08967887882411271,1.8996643526185553,1.9017741578888099,0.13305766824339174,448.7179122414466,2.284908806774737,0.04709086167543635,0.30885155915870666,0.299058614389823,0.00415524964748597,0.0022285716094553837,0.16039313980421924,18.571591952975115,0.9949079171023941,1.0,0.0011532362550497055,436,2,1.8226535320281982,0.0,0.0,10905008,,
42,dp_fisher_wiener,b47a1595ee654f8a78e687241bff5037cb0f0d90ae4862e4d6981afb2651c309,0.09854212642718668,1.9004628748308587,1.9028729156726893,0.13676320605979328,371.9417422312434,1.9810097233892963,0.05033445902963751,0.34050874451877516,0.33726167223332393,0.004260589365304628,0.002688593094977285,0.21282487596328778,18.98497309879032,0.9946738709360642,1.0,0.0011956719681620598,437,2,1.7982877492904663,0.0,0.0,10905008,,
42,dp_fisher_wiener,b47a1595ee654f8a78e687241bff5037cb0f0d90ae4862e4d6981afb2651c309,0.10362927306129587,1.899456241900732,1.9023113661043474,0.13626809149363805,335.9647267393284,1.862690209959267,0.0547683799818372,0.3294490689954722,0.2887245058956211,0.00425758693634501,0.002976502949020878,0.20184892431456658,18.313201220108663,0.9944556970964277,1.0,0.001355089247226715,438,2,1.764190435409546,0.0,0.0,10905008,,
42,dp_fisher_wiener,b47a1595ee654f8a78e687241bff5037cb0f0d90ae4862e4d6981afb2651c309,0.1201292813215559,1.8971912258229353,1.9007049931664548,0.14515477900420107,249.41608448539986,1.4069739975069206,0.060824088870946674,0.43575599068242904,0.4140445023889384,0.004235981984387064,0.004009364520310093,0.3918938616435163,19.900929180372767,0.994358928373006,1.0,0.0013553192839026451,439,2,1.763361930847168,0.0,0.0,10905008,,
42,dp_fisher_wiener,b47a1595ee654f8a78e687241bff5037cb0f0d90ae4862e4d6981afb2651c309,0.10080599203587491,1.8955228655968874,1.8981629273520924,0.1338006557103499,353.57810143593986,1.9450240140867967,0.05272488590447946,0.30766169047827496,0.2575752553135201,0.004189753172484383,0.0028282294515416732,0.17387227674259254,17.887157003589785,0.9944990257988626,1.0,0.0011483607813715935,440,2,1.7639439105987549,0.0,0.0,10905008,,
42,dp_fisher_wiener,b47a1595ee654f8a78e687241bff5037cb0f0d90ae4862e4d6981afb2651c309,0.09159189717297148,1.9013462805837849,1.9037732081332759,0.13862708240079943,430.93158754023113,2.2751290308942806,0.05053565618466563,0.3355215903551398,0.33487946452608497,0.004353469511557801,0.002320553955184736,0.17850265492759543,18.86053009062939,0.9947204403281733,1.0,0.0011417176574468613,441,2,1.8005645275115967,0.0,0.0,10905008,,
42,dp_fisher_wiener,b47a1595ee654f8a78e687241bff5037cb0f0d90ae4862e4d6981afb2651c309,0.11245700849392269,1.901701058562106,1.9052446208775187,0.14231494559164076,285.96405278080283,1.555891413164677,0.060993555724227495,0.41312048700802956,0.36960225866318047,0.0041536425178756815,0.0034969430255178636,0.3111673754064505,19.49305500070489,0.9945591363738404,1.0,0.001192755065858364,442,2,1.7581331729888916,0.0,0.0,10905008,,
42,dp_fisher_wiener,b47a1595ee654f8a78e687241bff5037cb0f0d90ae4862e4d6981afb2651c309,0.10204692638741661,1.9042675577893349,1.9072633326797779,0.1444188781735384,348.2218994762421,1.7502841523826929,0.0560859662868146,0.4425333201849317,0.4509290688576822,0.004136798465885545,0.0028717320806295873,0.3130313172962025,20.374438688837003,0.9949736528489024,1.0,0.001158636063337326,443,2,1.8462560176849365,0.0,0.0,10905008,,
42,dp_fisher_wiener,b47a1595ee654f8a78e687241bff5037cb0f0d90ae4862e4d6981afb2651c309,0.10512403296057629,1.8937209675900197,1.8964116482240878,0.13339744743822787,324.5098980984076,1.752669455118899,0.05329370221369782,0.33790538010725396,0.290610094779239,0.004059152964127013,0.003081570102388625,0.22062124474191702,18.548752784946686,0.9945990262072472,1.0,0.0011485852301120758,444,2,1.7269381284713745,0.0,0.0,10905008,,
42,dp_fisher_wiener,b47a1595ee654f8a78e687241bff5037cb0f0d90ae4862e4d6981afb2651c309,0.08719005277538784,1.894356904779677,1.8963631686020403,0.13216268111847093,472.05187763053897,2.4346728888710576,0.045986819630207745,0.2846604848926613,0.2913932670479594,0.004242562111016664,0.0021184112324426534,0.14549952454680498,18.36851303441561,0.9948423616042135,1.0,0.0011842269450426102,445,2,1.8192743062973022,0.0,0.0,10905008,,
42,dp_fisher_wiener,b47a1595ee654f8a78e687241bff5037cb0f0d90ae4862e4d6981afb2651c309,0.10714732186387652,1.895479501546204,1.8984299502365765,0.1355624795676198,312.9504234591954,1.756854492436689,0.055734958799416125,0.33349317121225747,0.3105020758412102,0.004293512514548748,0.0031953943019444563,0.2310873813794649,18.59251774745368,0.9943861571650333,1.0,0.0013588424772024155,446,2,1.7226125001907349,0.0,0.0,10905008,,
42,dp_fisher_wiener,b47a1595ee654f8a78e687241bff5037cb0f0d90ae4862e4d6981afb2651c309,0.10034017366759153,1.8990657268970206,1.9018450857393645,0.14059653766029384,358.2038877983175,2.0107536917812316,0.05405881414481124,0.33992482986994055,0.31102732995003046,0.004478498965991655,0.0027917061594357616,0.1938812355211917,18.416660737132776,0.9943865665329886,1.0,0.0011399229988455772,447,2,1.7808799743652344,0.0,0.0,10905008,,
42,dp_fisher_wiener,b47a1595ee654f8a78e687241bff5037cb0f0d90ae4862e4d6981afb2651c309,0.09260408987285104,1.903865053774819,1.9057928578788026,0.13023047236795007,422.6802824402322,2.1941215209521485,0.04510259399212199,0.27860016500194734,0.26380641160348195,0.004091630846402942,0.00236585438551777,0.15253760157742177,18.09388902306402,0.9948090279766911,1.0,0.0011728685349225998,448,2,1.7718441486358643,0.0,0.0,10905008,,
42,dp_fisher_wiener,b47a1595ee654f8a78e687241bff5037cb0f0d90ae4862e4d6981afb2651c309,0.10336690758566888,1.8934615350487647,1.896042964440616,0.13582113614156435,335.5443469840863,1.7700477607317957,0.05221504800637352,0.36396250159435656,0.39215908236820446,0.004182792310835171,0.002980231998822963,0.27941264090658696,19.719959765597746,0.9947248470235285,1.0,0.0013729492202401161,449,2,1.7283833026885986,0.0,0.0,10905008,,
42,dp_fisher_wiener,b47a1595ee654f8a78e687241bff5037cb0f0d90ae4862e4d6981afb2651c309,0.09765314647602265,1.9048486077423736,1.9071430729544594,0.15177420174731032,380.49455578245767,2.460315526672135,0.049083882149588386,0.3073172865893913,0.3312811030475182,0.005455306288531843,0.00262815849713917,0.15959859995278164,17.83377524301749,0.9935339008422551,1.0,0.0011703846976161003,450,2,1.7700941562652588,0.14837730024009943,0.004605795256793499,10905008,,
42,dp_fisher_wiener,b47a1595ee654f8a78e687241bff5037cb0f0d90ae4862e4d6981afb2651c309,0.10884625778035247,1.902036929408938,1.9053338507436912,0.15493191169729137,305.3591127847353,1.884863159983877,0.058827067448391064,0.40087367835916937,0.42432765519356824,0.005196842862243785,0.003274832674210294,0.26739351307658016,19.119617521538707,0.9938273885367486,1.0,0.0014833863824605942,451,2,1.7662500143051147,0.0,0.0,10905008,,
42,dp_fisher_wiener,b47a1595ee654f8a78e687241bff5037cb0f0d90ae4862e4d6981afb2651c309,0.09985818094623312,1.892042819313217,1.8946192500631047,0.14892309051186559,359.00014214057575,2.195710973217345,0.05213645514445354,0.3447897837779804,0.35421175221491347,0.005149337084057366,0.002785514217172261,0.1916094937315954,18.37511643811861,0.9938838158666886,1.0,0.0014248136430978775,452,2,1.7263580560684204,0.0,0.0,10905008,,
42,dp_fisher_wiener,b47a1595ee654f8a78e687241bff5037cb0f0d90ae4862e4d6981afb2651c309,0.10373315561155386,1.9007822146751396,1.9031025250194356,0.1515478715428046,335.7604515500806,2.0850310372423286,0.04960812884773583,0.3591227887925626,0.4507225689337357,0.005269225144676033,0.0029783138403887796,0.2547610376150863,19.321625492178086,0.9937901232035639,1.0,0.0011442610993981361,453,2,1.7006405591964722,0.0,0.0,10905008,,
42,dp_fisher_wiener,b47a1595ee654f8a78e687241bff5037cb0f0d90ae4862e4d6981afb2651c309,0.09894810760410569,1.9000059838230599,1.9026345285535127,0.15013103245678552,368.71852009087036,2.249610766901595,0.05254945138679814,0.3468395099720394,0.38125064160758443,0.005216065417914476,0.002712095936084622,0.19823147007188005,18.638675535792732,0.9938988397806908,1.0,0.0011661909520626068,454,2,1.7509422302246094,0.0,0.0,10905008,,
42,dp_fisher_wiener,b47a1595ee654f8a78e687241bff5037cb0f0d90ae4862e4d6981afb2651c309,0.1104752018984026,1.8962295051452247,1.8993095567127012,0.1553807238612131,294.6131935959476,1.823052734267294,0.0569404105657115,0.41064407518983626,0.46591173616436227,0.005173015046533167,0.003394281117257953,0.30570864267560166,19.54559908582605,0.9938120465278041,1.0,0.001351499930024147,455,2,1.7088229656219482,0.0,0.0,10905008,,
42,dp_fisher_wiener,b47a1595ee654f8a78e687241bff5037cb0f0d90ae4862e4d6981afb2651c309,0.09632268551879807,1.897752915322724,1.900362939316368,0.14780035374073297,388.17018061926314,2.323298680521322,0.0524212959991732,0.3360124400150833,0.38664018606356076,0.005193533658173981,0.002576189645213349,0.19178819458438254,18.71844040449429,0.994014741995858,1.0,0.0011411961168050766,456,2,1.7212684154510498,0.0,0.0,10905008,,
42,dp_fisher_wiener,b47a1595ee654f8a78e687241bff5037cb0f0d90ae4862e4d6981afb2651c309,0.10220816268073359,1.8967531593161815,1.899375810197618,0.15116154963999986,344.38995006185615,2.200748076132898,0.05254790502098987,0.3335348306169785,0.3437324504493811,0.005348855164952992,0.0029036851967497463,0.18659896319417948,18.07959695674473,0.9936097203889457,1.0,0.001180744729936123,457,2,1.6838231086730957,0.0,0.0,10905008,,
42,dp_fisher_wiener,b47a1595ee654f8a78e687241bff5037cb0f0d90ae4862e4d6981afb2651c309,0.10983293502866474,1.9000204446493125,1.903421707310337,0.15258195460508236,299.26185912714425,1.8348946966410844,0.05979137949839982,0.3941185326301061,0.3906103117875578,0.005097539916070524,0.0033415551277851518,0.2560540793887302,18.84383068812592,0.9938685982169849,1.0,0.0014153467491269112,458,2,1.6922494173049927,0.0,0.0,10905008,,
42,dp_fisher_wiener,b47a1595ee654f8a78e687241bff5037cb0f0d90ae4862e4d6981afb2651c309,0.1133267367480565,1.8976431043597695,1.9013915939103385,0.15549949614252728,280.3911529814219,1.8479964256791794,0.06284522713457402,0.37706075783871684,0.3476683480973904,0.005381291282635833,0.0035664463350172687,0.23041690939626408,18.1027865347928,0.9934092199199983,1.0,0.001206117682158947,459,2,1.6438171863555908,0.0,0.0,10905008,,
42,dp_fisher_wiener,b47a1595ee654f8a78e687241bff5037cb0f0d90ae4862e4d6981afb2651c309,0.09806768457003834,1.8996057423706678,1.9019961361917865,0.15015849702625206,375.21060467937286,2.245860079032275,0.05013982271497606,0.35875385564744705,0.41524627885843257,0.0051308615384737565,0.0026651698737306987,0.2156951350857881,19.081154542291895,0.9940144013761264,1.0,0.0011410340666770935,460,2,1.705743432044983,0.0,0.0,10905008,,
42,dp_fisher_wiener,b47a1595ee654f8a78e687241bff5037cb0f0d90ae4862e4d6981afb2651c309,0.10276712108741783,1.899519459220624,1.9022542011139483,0.15091318021020722,341.64818121198596,2.1540715524880114,0.05360386195173689,0.3413051761155858,0.3740908391980743,0.00535022507274678,0.002926987629079621,0.20465667212941918,18.44605020858076,0.9936950592131183,1.0,0.0013587847352027893,461,2,1.6961781978607178,0.0,0.0,10905008,,
42,dp_fisher_wiener,b47a1595ee654f8a78e687241bff5037cb0f0d90ae4862e4d6981afb2651c309,0.10192819002381465,1.893672703056876,1.8968941541988251,0.1540690657465243,345.1605983125448,2.2259613657380433,0.0584453942343121,0.35024010905053393,0.33015495152492,0.005472208603255176,0.002897202069970812,0.17479699301730567,17.805551703512315,0.9935509401228879,1.0,0.0011390475556254387,462,2,1.6777225732803345,0.0,0.0,10905008,,
42,dp_fisher_wiener,b47a1595ee654f8a78e687241bff5037cb0f0d90ae4862e4d6981afb2651c309,0.11093890543540698,1.8950860794751363,1.8983698488836753,0.1565979751308033,291.8032533675463,1.9115219501150957,0.05879371772542464,0.38290941408380347,0.39565609771456384,0.0053909929440793475,0.003426966589227506,0.25151215032124946,18.656490997897425,0.9934492781418482,1.0,0.0011463873088359833,463,2,1.6595280170440674,0.0,0.0,10905008,,
42,dp_fisher_wiener,b47a1595ee654f8a78e687241bff5037cb0f0d90ae4862e4d6981afb2651c309,0.09686273747105109,1.8997202291021715,1.9025189148907544,0.15462471555266158,384.65007135127394,2.3667209658072053,0.05432851077512274,0.3700813716761733,0.4261222283968027,0.005401904073713453,0.0025997655385325805,0.2050791479324464,18.96987321570814,0.9938470803931161,1.0,0.00117587111890316,464,2,1.7011507749557495,0.0,0.0,10905008,,
42,dp_fisher_wiener,b47a1595ee654f8a78e687241bff5037cb0f0d90ae4862e4d6981afb2651c309,0.12191208196778645,1.9017610737474482,1.9057012997204257,0.16286205266147932,243.34274987077012,1.5312545498894632,0.06427295932106283,0.46911072221359407,0.5078823397008584,0.005258116710793435,0.004109430013688517,0.3969305066841687,19.849328899091766,0.9937074165936638,1.0,0.0014339620247483253,465,2,1.6515238285064697,0.0,0.0,10905008,,
42,dp_fisher_wiener,b47a1595ee654f8a78e687241bff5037cb0f0d90ae4862e4d6981afb2651c309,0.10766614276649414,1.8936516768549658,1.8967040002797897,0.15457630172134804,309.3441338322512,1.939568318024456,0.056709511207479565,0.3906340359323394,0.4289728615001345,0.005268325455138101,0.003232645751271065,0.2632178497690922,19.107572217519003,0.9937300627168973,1.0,0.0014722663909196854,466,2,1.6807925701141357,0.0,0.0,10905008,,
42,dp_fisher_wiener,b47a1595ee654f8a78e687241bff5037cb0f0d90ae4862e4d6981afb2651c309,0.10321326044779029,1.8968578752608147,1.8997709202275022,0.1469102965404073,337.7525131171246,2.056402549142625,0.055366574389343934,0.34059029369053523,0.34588542370712066,0.00507894645936628,0.0029607477696519022,0.20163226862679529,18.33158625588964,0.993911510738548,1.0,0.0011513996869325638,467,2,1.6722595691680908,0.0,0.0,10905008,,
42,dp_fisher_wiener,b47a1595ee654f8a78e687241bff5037cb0f0d90ae4862e4d6981afb2651c309,0.11346407331895249,1.8990771712530758,1.9026907862640101,0.15374272069253997,280.13571753289494,1.734640503898668,0.06163459568000881,0.4064081645503772,0.4027043342138307,0.005096274788307536,0.0035696983188322723,0.28207524997694067,18.977334668578614,0.9938078567089735,1.0,0.001637645997107029,468,3,1.6308403015136719,0.0,0.0,10905008,,
42,dp_fisher_wiener,b47a1595ee654f8a78e687241bff5037cb0f0d90ae4862e4d6981afb2651c309,0.10942603106375921,1.9033672752944881,1.9066815693804167,0.15259889759155942,302.5546983702469,1.8970793530708459,0.05895707504578869,0.3756295885613552,0.3924974563596969,0.005273193518380107,0.0033051874761914108,0.2460136675651541,18.71763136874727,0.9937297970803652,1.0,0.001642497256398201,469,3,1.650550127029419,0.0,0.0,10905008,,
42,dp_fisher_wiener,b47a1595ee654f8a78e687241bff5037cb0f0d90ae4862e4d6981afb2651c309,0.09790611726156637,1.8958167144566924,1.8979286930065047,0.1536798285508904,374.94972572056776,2.328746603855401,0.047352350673237106,0.36157465947233564,0.47228477312417594,0.0053849292404686494,0.0026670242203101417,0.2339111384057033,19.43023942712729,0.9937891764039047,1.0,0.0012711836025118828,470,3,1.7295931577682495,0.0,0.0,10905008,,
42,dp_fisher_wiener,b47a1595ee654f8a78e687241bff5037cb0f0d90ae4862e4d6981afb2651c309,0.10056768841905929,1.898758101686777,1.9012958924879901,0.15090902256650823,356.46947305767094,2.278545823599055,0.051664955512231416,0.32426624305387314,0.3378449656448662,0.005358609877483656,0.002805289303802642,0.17686543528651497,17.99665311309208,0.9936080197722014,1.0,0.0011449195444583893,471,3,1.6544697284698486,0.0,0.0,10905008,,
42,dp_fisher_wiener,b47a1595ee654f8a78e687241bff5037cb0f0d90ae4862e4d6981afb2651c309,0.09910718145059363,1.8930101075009431,1.8958355511376104,0.1562721766757238,364.8342607327853,2.2174572417697798,0.05462585284508487,0.40234663788791425,0.4865990194144607,0.005351291937650304,0.002740970647573964,0.24923955653318078,19.587125848910677,0.9939220147874399,1.0,0.0011776993051171303,472,3,1.6899867057800293,0.0,0.0,10905008,,
42,dp_fisher_wiener,b47a1595ee654f8a78e687241bff5037cb0f0d90ae4862e4d6981afb2651c309,0.10854270187922124,1.9033913036352696,1.9066216300903571,0.15204693642137546,307.50692857144503,1.9450706982564194,0.05820033735177116,0.36306969348176543,0.35675631097111715,0.005237425928792089,0.003251959247098749,0.22151281950984256,18.33253770415474,0.9936747093560073,1.0,0.0014217086136341095,473,3,1.6451072692871094,0.0,0.0,10905008,,
42,dp_fisher_wiener,b47a1595ee654f8a78e687241bff5037cb0f0d90ae4862e4d6981afb2651c309,0.10239102701067197,1.9023897319846637,1.904808759181645,0.15441308503179624,345.2034982412136,2.219362729628143,0.05048736452095292,0.34975764623831124,0.42277730411436876,0.0054523296451554765,0.0028968420221674052,0.22462307680169274,18.895295597860184,0.9935708567817678,1.0,0.0012133140116930008,474,3,1.621000051498413,0.0,0.0,10905008,,
42,dp_fisher_wiener,b47a1595ee654f8a78e687241bff5037cb0f0d90ae4862e4d6981afb2651c309,0.11635227711953386,1.8999020283047727,1.9032351893505468,0.1534707583441648,266.6322258998847,1.7077034805657874,0.05918903711759489,0.3912399871739658,0.37970409405830047,0.00511198509944201,0.00375048438556462,0.27857559210884136,18.70855700465557,0.9935952847604905,1.0,0.0011505987495183945,475,3,1.6194698810577393,0.0,0.0,10905008,,
42,dp_fisher_wiener,b47a1595ee654f8a78e687241bff5037cb0f0d90ae4862e4d6981afb2651c309,0.09720075148046306,1.8992007980744108,1.901737956792295,0.15321735424849017,381.7706373918082,2.3951787972113885,0.051640611193202166,0.3455998456330315,0.40613702092913756,0.005429331650230425,0.0026193737861185695,0.19594026204076104,18.73926207438157,0.9937261314448534,1.0,0.0011486252769827843,476,3,1.621351718902588,0.0,0.0,10905008,,
42,dp_fisher_wiener,b47a1595ee654f8a78e687241bff5037cb0f0d90ae4862e4d6981afb2651c309,0.10275455306696725,1.8979656882486768,1.900427746390332,0.15290958396371324,341.1729294625363,2.2210938523118227,0.050979639441577115,0.3337678062828714,0.37893682651906135,0.005492494903684044,0.0029310649044763104,0.20221929246174108,18.38797150960965,0.9934898297593241,1.0,0.00117409136146307,477,3,1.583547592163086,0.0,0.0,10905008,,
42,dp_fisher_wiener,b47a1595ee654f8a78e687241bff5037cb0f0d90ae4862e4d6981afb2651c309,0.09404080971815336,1.8989714323022944,1.901306953678915,0.1498941841599993,407.75955153352197,2.485941325170632,0.04955050658778545,0.3308375835896328,0.37109233634768785,0.005230520635047919,0.0024524256908901305,0.1739934593332946,18.50937065634591,0.9939034136274167,1.0,0.001421164721250534,478,3,1.655104398727417,0.0,0.0,10905008,,
42,dp_fisher_wiener,b47a1595ee654f8a78e687241bff5037cb0f0d90ae4862e4d6981afb2651c309,0.10417187711297807,1.8954572502360585,1.8982661367350036,0.15173455372375558,331.0754727198557,1.948869117957451,0.05438270351424609,0.402571012009597,0.49795139652685405,0.005100112589438342,0.0030204593281778235,0.2949036740463139,19.896071909472607,0.9941135200927252,1.0,0.001369052566587925,479,3,1.6289321184158325,0.0,0.0,10905008,,
42,dp_fisher_wiener,b47a1595ee654f8a78e687241bff5037cb0f0d90ae4862e4d6981afb2651c309,0.09227420332957736,1.8936656488030525,1.8960734141996736,0.14704604546068265,421.1589105461414,2.6008876744697016,0.05040999628194488,0.2944946824954431,0.305426750564437,0.005308160760969024,0.002374400671199183,0.13662085875806632,17.599630043075525,0.9938244505593001,1.0,0.001147042028605938,480,3,1.5856738090515137,0.0,0.0,10905008,,
42,dp_fisher_wiener,b47a1595ee654f8a78e687241bff5037cb0f0d90ae4862e4d6981afb2651c309,0.1150520260431627,1.897506426878735,1.9010018000980946,0.15729810859939033,272.0056776057018,1.7730556177136403,0.06061376834551915,0.400878827038301,0.3894471976866619,0.005310113603376646,0.0036763938485643364,0.26962912451415333,18.653447706837163,0.9934815492333827,1.0,0.0011537084355950356,481,3,1.5459176301956177,0.0,0.0,10905008,,
42,dp_fisher_wiener,b47a1595ee654f8a78e687241bff5037cb0f0d90ae4862e4d6981afb2651c309,0.12499886336143345,1.899646462429285,1.903986143143956,0.1668497158906847,230.95822788467342,1.5757493779857408,0.06750376665755795,0.45173774509023806,0.45344226315960734,0.005553214057243102,0.004329787291384403,0.3535445470307368,19.11977581722454,0.9931773403683538,1.0,0.0011551016941666603,482,3,1.569711685180664,0.0,0.0,10905008,,
42,dp_fisher_wiener,b47a1595ee654f8a78e687241bff5037cb0f0d90ae4862e4d6981afb2651c309,0.09588868927066746,1.8949526784587971,1.8976469806696525,0.14950119468151943,390.5368092820987,2.3615563130248898,0.053343435204590235,0.3429111011441082,0.3595288509126052,0.005192072269383645,0.002560578096925626,0.17730910764454494,18.40393017705822,0.9939530506295544,1.0,0.0014542322605848312,483,3,1.5976804494857788,0.0,0.0,10905008,,
42,dp_fisher_wiener,b47a1595ee654f8a78e687241bff5037cb0f0d90ae4862e4d6981afb2651c309,0.10151136734263119,1.897839272957487,1.9005249326587406,0.1533650178684162,349.5340615842685,2.2234818444960256,0.05314418464421005,0.3505005229608047,0.38499428460565627,0.005418654093718124,0.0028609515060425373,0.20327002967170255,18.515628539628658,0.9936387262677135,1.0,0.0014804797247052193,484,3,1.6083083152770996,0.0,0.0,10905008,,
42,dp_fisher_wiener,b47a1595ee654f8a78e687241bff5037cb0f0d90ae4862e4d6981afb2651c309,0.10282216787611084,1.8955190006409437,1.8982090454565188,0.1522062519053387,339.8464767586383,2.0674806566363473,0.053227566514907586,0.37957758241686584,0.4437339748436562,0.0052322942038521315,0.002942505125969994,0.24954435754726254,19.284305262498794,0.9939164275694283,1.0,0.0011415835469961166,485,3,1.6024549007415771,0.0,0.0,10905008,,
42,dp_fisher_wiener,b47a1595ee654f8a78e687241bff5037cb0f0d90ae4862e4d6981afb2651c309,0.1047398373349107,1.901336259238759,1.9037680830225325,0.15415740269469774,329.52932645249393,2.1018376645409766,0.05071148525312962,0.3615930658953331,0.43691224398076484,0.005396855807319936,0.003034631274472418,0.245674075271482,19.08253400595409,0.9936216976887384,1.0,0.0011488869786262512,486,3,1.6243038177490234,0.0,0.0,10905008,,
42,dp_fisher_wiener,b47a1595ee654f8a78e687241bff5037cb0f0d90ae4862e4d6981afb2651c309,0.11285268783634644,1.8963354148188476,1.899368673396114,0.15613534215188396,282.3621609981199,1.8530996297677325,0.056564520884175754,0.38346125178491747,0.41656605762463733,0.0053864025682441785,0.0035415510222273055,0.2738915126661825,18.883850715000676,0.9934371531113917,1.0,0.0014524906873703003,487,3,1.5462913513183594,0.0,0.0,10905008,,
42,dp_fisher_wiener,b47a1595ee654f8a78e687241bff5037cb0f0d90ae4862e4d6981afb2651c309,0.09164811299629592,1.898345888688143,1.9006183211501597,0.14646179119591138,429.0457825047402,2.585643497609871,0.04889044631584384,0.30293792751619386,0.3110013761050036,0.005166802508094485,0.002330753594739316,0.1402932614972954,17.79540448800119,0.993973502122514,1.0,0.0015138918533921242,488,3,1.5818308591842651,0.0,0.0,10905008,,
42,dp_fisher_wiener,b47a1595ee654f8a78e687241bff5037cb0f0d90ae4862e4d6981afb2651c309,0.11717666391463298,1.8989356101122528,1.9021235203643563,0.1605309503561935,262.6263023065301,1.6460170141069494,0.057984757294037834,0.449221176992112,0.535241569245011,0.0052830848458500675,0.0038076917321088403,0.38576607368657834,20.05662249738126,0.993732474624018,1.0,0.001142091117799282,489,3,1.638846516609192,0.0,0.0,10905008,,
42,dp_fisher_wiener,b47a1595ee654f8a78e687241bff5037cb0f0d90ae4862e4d6981afb2651c309,0.09427986791300673,1.8965495065247187,1.8993160262114757,0.1509763818468964,404.6601486310989,2.591352661734722,0.054141750359329034,0.30380783916866927,0.2944103212969957,0.00553421468702757,0.002471209490902578,0.13146392422388703,17.25897028497085,0.993596224707325,1.0,0.0011448431760072708,490,3,1.5514075756072998,0.0,0.0,10905008,,
42,dp_fisher_wiener,b47a1595ee654f8a78e687241bff5037cb0f0d90ae4862e4d6981afb2651c309,0.1003253945488491,1.9002593568427235,1.9030919801307218,0.15245320057400005,358.7599927625043,2.2604508368659912,0.0545718722105863,0.34505909789342754,0.3869968289709753,0.0054407454284910025,0.002787378804978294,0.19826451593765404,18.520490004978583,0.9936992672469983,1.0,0.0012769466266036034,491,3,1.5667567253112793,0.0,0.0,10905008,,
42,dp_fisher_wiener,b47a1595ee654f8a78e687241bff5037cb0f0d90ae4862e4d6981afb2651c309,0.10426333898884371,1.8943332165160442,1.8968629502636292,0.1521063006227741,330.103015187855,2.145859464070327,0.05172984519607518,0.3367107877689954,0.3817667204678211,0.005452790644040829,0.0030293573639085126,0.21209466885650327,18.451792434954932,0.9934994248300077,1.0,0.0014188829809427261,492,3,1.4968335628509521,0.0,0.0,10905008,,
42,dp_fisher_wiener,b47a1595ee654f8a78e687241bff5037cb0f0d90ae4862e4d6981afb2651c309,0.1036234868253534,1.9022121978544668,1.9048306753599493,0.15176422684489171,336.9779786886427,2.032040522192561,0.05245196581654717,0.3799520163758557,0.4576698093877601,0.005166218858275806,0.002967552965324669,0.26289234685952323,19.473794642165952,0.993969812122146,1.0,0.0011622905731201172,493,3,1.558774709701538,0.0,0.0,10905008,,
42,dp_fisher_wiener,b47a1595ee654f8a78e687241bff5037cb0f0d90ae4862e4d6981afb2651c309,0.10071300711463745,1.892273882280694,1.8950976274326834,0.14846854130981885,353.01801075611155,2.0818803134947306,0.05458863736918458,0.3701427544846704,0.38215639021647946,0.005004452371428984,0.002832716658731609,0.216315531152545,18.828845655699148,0.9941026229538966,1.0,0.0011535640805959702,494,3,1.5766112804412842,0.0,0.0,10905008,,
42,dp_fisher_wiener,b47a1595ee654f8a78e687241bff5037cb0f0d90ae4862e4d6981afb2651c309,0.08864405104190642,1.8972307383547178,1.8990464963104303,0.1492780918926022,458.079771829868,2.8607019721015208,0.04381299960480009,0.2895491488117574,0.34883689719605676,0.005421402065894956,0.002183025886250795,0.14046550457987073,18.085107978150333,0.993755013541259,1.0,0.001170116476714611,495,3,1.5687583684921265,0.0,0.0,10905008,,
42,dp_fisher_wiener,b47a1595ee654f8a78e687241bff5037cb0f0d90ae4862e4d6981afb2651c309,0.11044777837420146,1.8978756524749885,1.9011967414394018,0.15971920654539976,295.2715062402107,1.8363021254177752,0.05908996040028269,0.43389649493289345,0.4942661716654121,0.005349428906435817,0.0033867135120861326,0.31291899592922773,19.65653467436021,0.9937809707790654,1.0,0.0011799465864896774,496,3,1.5671862363815308,0.0,0.0,10905008,,
42,dp_fisher_wiener,b47a1595ee654f8a78e687241bff5037cb0f0d90ae4862e4d6981afb2651c309,0.12008223032901984,1.8965520220055154,1.900702096190593,0.16443658502497788,249.44340625154925,1.5563065364172388,0.06611145289602258,0.481557748772806,0.5272440970323892,0.005290836606501322,0.004008925370919327,0.39949867941467754,19.98487376322545,0.9937608832407967,1.0,0.001438845880329609,497,3,1.4978559017181396,0.0,0.0,10905008,,
42,dp_fisher_wiener,b47a1595ee654f8a78e687241bff5037cb0f0d90ae4862e4d6981afb2651c309,0.11395604499047618,1.9022607908829166,1.9059938723700443,0.161781101086542,278.6540610214554,1.7207700693742527,0.06262100564671366,0.4559904160234781,0.49278397553172054,0.00524414899923823,0.0035886790820741743,0.33722221570590627,19.729815542107175,0.9938247084465017,1.0,0.0014833109453320503,498,3,1.5318522453308105,0.0,0.0,10905008,,
42,dp_fisher_wiener,b47a1595ee654f8a78e687241bff5037cb0f0d90ae4862e4d6981afb2651c309,0.09979653249739835,1.897125398849533,1.8998480532170072,0.14884050432887305,361.3775535584151,2.1631967518773805,0.05352685076704399,0.3557621157726957,0.38903322443095445,0.005125542006396039,0.0027671890244773275,0.21003212294596818,18.802468955018536,0.9940140256898189,1.0,0.0011415211483836174,499,3,1.5340313911437988,0.0,0.0,10905008,1.5167429397583008,0.5621
42,dp_fisher_wiener,b47a1595ee654f8a78e687241bff5037cb0f0d90ae4862e4d6981afb2651c309,0.11606118223393634,1.8997892024635292,1.9032693021602352,0.17383898668322612,267.93956612649106,2.044265650534386,0.060447583508833024,0.4003162560800224,0.47129519312482404,0.006689730794027036,0.0037321848892350484,0.2629344666272387,18.478843688054493,0.9923704226289269,1.0,0.0016127955168485641,500,3,1.4642366170883179,0.14991624932736158,0.004721103236079216,10905008,,
42,dp_fisher_wiener,b47a1595ee654f8a78e687241bff5037cb0f0d90ae4862e4d6981afb2651c309,0.10618992046960983,1.9003980218646543,1.9036787689125072,0.17747239718150215,320.2746374621552,2.3287647873646757,0.05875918124465889,0.43810610820294466,0.5616655046863761,0.006680426271271213,0.0031223202930928456,0.2625131289655907,19.24673576644953,0.9927288504459264,1.0,0.0011477591469883919,501,3,1.595876693725586,0.0,0.0,10905008,,
42,dp_fisher_wiener,b47a1595ee654f8a78e687241bff5037cb0f0d90ae4862e4d6981afb2651c309,0.09366891024026165,1.9000791655732663,1.9022138959588495,0.16122786346395634,411.48352974615733,2.890311634336787,0.04739840661024368,0.3115170673884031,0.40069951323522535,0.006320653633805279,0.0024302309268675816,0.15406513407175643,18.020568226834108,0.992975875277149,1.0,0.0011454243212938309,502,3,1.5119770765304565,0.0,0.0,10905008,,
42,dp_fisher_wiener,b47a1595ee654f8a78e687241bff5037cb0f0d90ae4862e4d6981afb2651c309,0.10582754493794581,1.8955004109588656,1.8981906069727725,0.17171775074273557,320.81179221777796,2.479237351391199,0.05327845221300573,0.3554914135247749,0.4226046192020136,0.0068123915380301995,0.00311709240173939,0.19336787091061172,17.926346387849165,0.9922719880891799,1.0,0.0011931248009204865,503,3,1.4887418746948242,0.0,0.0,10905008,,
42,dp_fisher_wiener,b47a1595ee654f8a78e687241bff5037cb0f0d90ae4862e4d6981afb2651c309,0.092733021004254,1.8970942307404324,1.8991606903663147,0.16522539100114192,418.51303602267996,3.1049902491234627,0.04668605536460704,0.3001513894953277,0.4338314873958473,0.006711158661473128,0.0023894118314375357,0.15445948176761906,18.10523563389806,0.9925808995613835,1.0,0.0014101266860961914,504,3,1.568989872932434,0.0,0.0,10905008,,
42,dp_fisher_wiener,b47a1595ee654f8a78e687241bff5037cb0f0d90ae4862e4d6981afb2651c309,0.10650286347008463,1.8980438357430702,1.9014051547027526,0.1739695522674927,317.6068844335512,2.4591851381355885,0.059539292141878634,0.37008536782364276,0.42528215782154327,0.00692001811099646,0.0031485463600546674,0.19349957884383892,17.885699316131465,0.9922571415839401,1.0,0.0014301463961601257,505,3,1.4645586013793945,0.0,0.0,10905008,,
42,dp_fisher_wiener,b47a1595ee654f8a78e687241bff5037cb0f0d90ae4862e4d6981afb2651c309,0.08304101565284139,1.8973998525726223,1.8992801268415616,0.16150071577340072,522.0744268617468,3.6057713436510332,0.044492691194073855,0.3024929302997572,0.3893259298982107,0.006350037531255863,0.001915435708785486,0.11743691039432094,17.875370372442898,0.9930933768096538,1.0,0.0011395188048481941,506,3,1.552091121673584,0.0,0.0,10905008,,
42,dp_fisher_wiener,b47a1595ee654f8a78e687241bff5037cb0f0d90ae4862e4d6981afb2651c309,0.09249717344889036,1.8920345369504188,1.8945602053097743,0.1693386362939367,418.40917182294675,3.038990449191361,0.051698408644154814,0.3584971074670515,0.5061482824078559,0.006715734868024137,0.0023900049693604663,0.18012874749402105,18.771842250840734,0.9927367977237447,1.0,0.001144884154200554,507,3,1.590881586074829,0.0,0.0,10905008,,
42,dp_fisher_wiener,b47a1595ee654f8a78e687241bff5037cb0f0d90ae4862e4d6981afb2651c309,0.08729738386987065,1.901650060598278,1.9035428540689223,0.160127664065149,474.52461471204117,3.3275638320115655,0.044601591614682475,0.28267572127473733,0.3790232284767599,0.006342310724630664,0.002107372239215326,0.1259388043978546,17.76418311085856,0.9929875843552817,1.0,0.0011515961959958076,508,3,1.5206573009490967,0.0,0.0,10905008,,
42,dp_fisher_wiener,b47a1595ee654f8a78e687241bff5037cb0f0d90ae4862e4d6981afb2651c309,0.09132187313627463,1.898835507633343,1.9012044278866869,0.16117441758185352,432.3396501325049,3.0280348875109024,0.04994102437997263,0.3079073260893134,0.3917667030699718,0.006393668660342761,0.002312996274048264,0.14172691340526664,17.87277395598779,0.9929961665866593,1.0,0.0011450853198766708,509,3,1.5007249116897583,0.0,0.0,10905008,,
42,dp_fisher_wiener,b47a1595ee654f8a78e687241bff5037cb0f0d90ae4862e4d6981afb2651c309,0.11218106785397736,1.8938351048858373,1.8973580315376681,0.17374266763777457,285.0002136365035,2.027955151152355,0.06093721804715274,0.44252318500358917,0.529363405126857,0.006395273454188662,0.0035087692993651027,0.2904354407185776,19.178947960138537,0.9928843732245819,1.0,0.0012574344873428345,510,3,1.497387170791626,0.0,0.0,10905008,,
42,dp_fisher_wiener,b47a1595ee654f8a78e687241bff5037cb0f0d90ae4862e4d6981afb2651c309,0.09411890971940912,1.894558686765346,1.8967063199042704,0.16328960176165022,405.19338826578826,2.9055092224216867,0.04761652209144214,0.31830371301586163,0.41816826065886686,0.006408347553833764,0.002467957347889595,0.16104329906412387,18.14605008773938,0.9928293271643539,1.0,0.0011582225561141968,511,3,1.4045655727386475,0.0,0.0,10905008,,
42,dp_fisher_wiener,b47a1595ee654f8a78e687241bff5037cb0f0d90ae4862e4d6981afb2651c309,0.09794916232699108,1.8979379930152898,1.900554800748781,0.16981730909501166,375.4590584863067,2.6998049907405366,0.05246615745651238,0.376648085233627,0.5254241560538262,0.0066151512052377084,0.002663406241753951,0.2115473907506717,18.999702597129822,0.9928093225353937,1.0,0.0011545661836862564,512,3,1.5400762557983398,0.0,0.0,10905008,,
42,dp_fisher_wiener,b47a1595ee654f8a78e687241bff5037cb0f0d90ae4862e4d6981afb2651c309,0.09243321340422918,1.8996973028243427,1.902032685820665,0.16657400001003178,422.3891067978615,3.055635931742774,0.049548649376634404,0.3307063583839451,0.41835889132603254,0.006569973646040968,0.0023674852968242864,0.15075532680121007,18.039853757853233,0.9927658268583043,1.0,0.0014411527663469315,513,3,1.4788291454315186,0.0,0.0,10905008,,
42,dp_fisher_wiener,b47a1595ee654f8a78e687241bff5037cb0f0d90ae4862e4d6981afb2651c309,0.08284631680124847,1.8952039472416218,1.8972436290585262,0.1641959674307931,523.3177843225578,3.7029641305943635,0.04644016853666119,0.30906671926151047,0.38540539053334144,0.006533189540477999,0.0019108848004249224,0.1127267620639133,17.70792526415218,0.9929240621252976,1.0,0.0015598954632878304,514,3,1.501522421836853,0.0,0.0,10905008,,
42,dp_fisher_wiener,b47a1595ee654f8a78e687241bff5037cb0f0d90ae4862e4d6981afb2651c309,0.08866509389281799,1.9014283479352945,1.9036854419412534,0.16177628462942037,459.89064163821166,3.225466272643528,0.04872905591814791,0.30243029931523485,0.3491512215163426,0.006366352302225023,0.002174429982550514,0.11925272880476932,17.391228976049604,0.9929864494281663,1.0,0.001264418475329876,515,3,1.431225299835205,0.0,0.0,10905008,,
42,dp_fisher_wiener,b47a1595ee654f8a78e687241bff5037cb0f0d90ae4862e4d6981afb2651c309,0.09735839455288757,1.8963817275841575,1.898961388425364,0.1681877668155023,379.4064560160479,2.8325693566123533,0.05211318829877661,0.3333486393032577,0.3948844346579131,0.00669246385618665,0.0026356957928304844,0.15551749931178688,17.708839807710717,0.9925342088630886,1.0,0.001147889532148838,516,3,1.4547271728515625,0.0,0.0,10905008,,
42,dp_fisher_wiener,b47a1595ee654f8a78e687241bff5037cb0f0d90ae4862e4d6981afb2651c309,0.1026719986547942,1.897101281416662,1.899634655855723,0.16833078721208614,341.4106011024925,2.55456581788954,0.051682133919586565,0.3456528138303932,0.4159821540300848,0.006633840550132263,0.0029290244552325905,0.18366764967462268,17.973096706396245,0.9925176142461904,1.0,0.0011480208486318588,517,3,1.3742297887802124,0.0,0.0,10905008,,
42,dp_fisher_wiener,b47a1595ee654f8a78e687241bff5037cb0f0d90ae4862e4d6981afb2651c309,0.10125757369388737,1.9023369230054858,1.9049241311939218,0.16879990021622798,352.95540848984706,2.419378915918475,0.0521112605873481,0.40779776635105286,0.5840281367888022,0.006275088256298235,0.002833219086175181,0.26369026163753134,19.68813932188915,0.9931453694780614,1.0,0.0011738138273358345,518,3,1.551033854484558,0.0,0.0,10905008,,
42,dp_fisher_wiener,b47a1595ee654f8a78e687241bff5037cb0f0d90ae4862e4d6981afb2651c309,0.08881128868604445,1.8977196524471613,1.8996894209681454,0.1664075741361867,456.59144117088596,3.3655293402364306,0.0455429724148979,0.3056220633900156,0.43204084482700444,0.006726007249860619,0.002190141797902589,0.1406823807329795,18.077674753836966,0.9926290135189462,1.0,0.0014641359448432922,519,3,1.4918437004089355,0.0,0.0,10905008,,
42,dp_fisher_wiener,b47a1595ee654f8a78e687241bff5037cb0f0d90ae4862e4d6981afb2651c309,0.10393369571581501,1.8943670801021757,1.8972091145411298,0.16741436280416822,332.2121679059014,2.2599032355423745,0.054715413452228724,0.4143054903040889,0.5468679249764087,0.0061540930359726236,0.003010124542429151,0.26748711026863425,19.487183941477223,0.9931974098065491,1.0,0.0015537822619080544,520,3,1.458382248878479,0.0,0.0,10905008,,
42,dp_fisher_wiener,b47a1595ee654f8a78e687241bff5037cb0f0d90ae4862e4d6981afb2651c309,0.09850814204877371,1.895798222495047,1.8988211299373525,0.164897063743261,370.3735527722135,2.5381549476099328,0.056601741954138404,0.37753122625328756,0.43816878066867204,0.006198791442358936,0.0026999768002109164,0.1908509994975291,18.493344060960446,0.9931470405254064,1.0,0.0012552225962281227,521,3,1.420911192893982,0.0,0.0,10905008,,
42,dp_fisher_wiener,b47a1595ee654f8a78e687241bff5037cb0f0d90ae4862e4d6981afb2651c309,0.10398329113493432,1.8968189617586129,1.8994946335633638,0.16952042847591975,332.755043634565,2.455134525626656,0.053084928726178406,0.36884557824923225,0.5134215046736937,0.006662243022143904,0.0030052136520143835,0.23159487128179906,18.868535843995762,0.9926217962053725,1.0,0.0011584721505641937,522,3,1.4708812236785889,0.0,0.0,10905008,,
42,dp_fisher_wiener,b47a1595ee654f8a78e687241bff5037cb0f0d90ae4862e4d6981afb2651c309,0.09566721198078598,1.9003485302247989,1.9026993383972604,0.1663340167697066,394.58473813052973,2.901828529513227,0.04969745346281588,0.32241710008794855,0.3953595316845158,0.006596484402507158,0.002534309878857142,0.15189357023795855,17.776796736048865,0.9926458672901016,1.0,0.0011529475450515747,523,3,1.339278221130371,0.0,0.0,10905008,,
42,dp_fisher_wiener,b47a1595ee654f8a78e687241bff5037cb0f0d90ae4862e4d6981afb2651c309,0.10487501668254466,1.9002598248081242,1.9034559771548991,0.17160282929966733,328.3083189298196,2.3569449543844856,0.057998815121906334,0.40348191734236805,0.4910683153307744,0.006465315962689819,0.003045917335169833,0.23135040934152357,18.80552159515445,0.9928209405047466,1.0,0.0011434899643063545,524,3,1.435553789138794,0.0,0.0,10905008,,
42,dp_fisher_wiener,b47a1595ee654f8a78e687241bff5037cb0f0d90ae4862e4d6981afb2651c309,0.10178902693832362,1.8920929707668845,1.894747236688283,0.16945662008669252,345.5278192035353,2.5865734672807332,0.05291873127783889,0.3558807410395288,0.4371231557188617,0.006670024874590248,0.002894122974550274,0.18966768363374548,18.164763593122306,0.9925141383022582,1.0,0.0012715552002191544,525,3,1.4049577713012695,0.0,0.0,10905008,,
42,dp_fisher_wiener,b47a1595ee654f8a78e687241bff5037cb0f0d90ae4862e4d6981afb2651c309,0.08916994387642867,1.8942043938450963,1.896055841795568,0.16167512204014886,451.24945740561435,3.2577665385142134,0.04426758979574425,0.2839343359327847,0.40734560755717586,0.006541358800107477,0.002216069146372592,0.1379997735146545,17.942950662060188,0.9927805640870057,1.0,0.0011565685272216797,526,3,1.425723671913147,0.0,0.0,10905008,,
42,dp_fisher_wiener,b47a1595ee654f8a78e687241bff5037cb0f0d90ae4862e4d6981afb2651c309,0.10981477926147648,1.9003189506658096,1.9036918254790574,0.16879939554343648,299.45489231673366,2.0928877726763084,0.05952958971398441,0.4130674859781822,0.4658494322784721,0.0061523240549216495,0.003339401110398619,0.2528569850354036,18.792063679130276,0.9930110082474055,1.0,0.0011841049417853355,527,3,1.3944931030273438,0.0,0.0,10905008,,
42,dp_fisher_wiener,b47a1595ee654f8a78e687241bff5037cb0f0d90ae4862e4d6981afb2651c309,0.08659999371446402,1.8980113283249367,1.899859515124505,0.1610096864639448,480.3545174529818,3.3222231383151364,0.044122427101295734,0.30510660287091956,0.43172534621077635,0.006298922718372388,0.0020817957644465443,0.14268535071950894,18.359412662668177,0.9930838099411871,1.0,0.0014328975230455399,528,3,1.4719772338867188,0.0,0.0,10905008,,
42,dp_fisher_wiener,b47a1595ee654f8a78e687241bff5037cb0f0d90ae4862e4d6981afb2651c309,0.08801759274410748,1.9001910912960367,1.902081606976468,0.1623797318721142,466.0747573281114,3.365830773576022,0.04460534033767388,0.2812309014376863,0.3948406398518276,0.006586764106329547,0.0021455785453891327,0.12861575002715692,17.777497366560443,0.9927783457038726,0.99609375,0.0016152504831552505,529,3,1.4003338813781738,0.0,0.0,10905008,,
42,dp_fisher_wiener,b47a1595ee654f8a78e687241bff5037cb0f0d90ae4862e4d6981afb2651c309,0.11241859790736528,1.8914361149126677,1.894412774213557,0.177165589793167,283.0785910858463,2.1425435299866256,0.056128644052093925,0.42547817099539964,0.5969188009847838,0.006843237778939677,0.0035325878798702012,0.3081389526162201,19.406536273585115,0.992431276693276,0.99609375,0.0013625621795654297,530,3,1.4417163133621216,0.0,0.0,10905008,,
42,dp_fisher_wiener,b47a1595ee654f8a78e687241bff5037cb0f0d90ae4862e4d6981afb2651c309,0.08243772535209225,1.8930592608336982,1.8946399050872407,0.16189275536249886,527.3226412082566,3.8008471825357493,0.040921312222144526,0.2687969776432024,0.4099717655060723,0.006650300745058629,0.0018963722049963013,0.11690584994948237,17.89912662236982,0.99279217904654,1.0,0.0011348146945238113,531,3,1.452039361000061,0.0,0.0,10905008,,
42,dp_fisher_wiener,b47a1595ee654f8a78e687241bff5037cb0f0d90ae4862e4d6981afb2651c309,0.08824429026160692,1.9039259647399673,1.9060003824595406,0.16410774368310221,465.507716166149,3.3397526106085813,0.046643952956784064,0.3007812342908467,0.3984855671395669,0.006534252190208561,0.0021481921032526683,0.13100558774665919,17.852167039140678,0.9928255698141518,1.0,0.00114388857036829,532,3,1.3817046880722046,0.0,0.0,10905008,,
42,dp_fisher_wiener,b47a1595ee654f8a78e687241bff5037cb0f0d90ae4862e4d6981afb2651c309,0.1013646061387863,1.8946705664061105,1.8972963456125544,0.1678843813651082,349.3773467436234,2.4854491218260875,0.05259928333345373,0.3796818449512925,0.5200822055110487,0.006451299797249109,0.0028622347992018093,0.23074379333211303,19.064247702327343,0.9928860610311714,1.0,0.0011577103286981583,533,3,1.3492426872253418,0.0,0.0,10905008,,
42,dp_fisher_wiener,b47a1595ee654f8a78e687241bff5037cb0f0d90ae4862e4d6981afb2651c309,0.11537086094518342,1.8971316946265087,1.9005473408804208,0.17407798336534985,270.39751265473063,1.9854075214740776,0.05993120231503981,0.4278865246335808,0.520683526843123,0.006507289167639889,0.0036982588711956406,0.29591776586038243,19.03173731650761,0.9926574490202184,1.0,0.0014214497059583664,534,3,1.3920953273773193,0.0,0.0,10905008,,
42,dp_fisher_wiener,b47a1595ee654f8a78e687241bff5037cb0f0d90ae4862e4d6981afb2651c309,0.09499174921355963,1.8943497425544453,1.8963849388471272,0.16578845480268323,397.6935583072243,2.9357704775354883,0.04645896488792711,0.31807775950526396,0.44693738788157394,0.006642901253761074,0.002514498862253091,0.1691766158299737,18.278888895639106,0.9926180084735827,1.0,0.001220191828906536,535,3,1.3659439086914062,0.0,0.0,10905008,,
42,dp_fisher_wiener,b47a1595ee654f8a78e687241bff5037cb0f0d90ae4862e4d6981afb2651c309,0.08584337605172121,1.89315039544072,1.8949155996712883,0.15969949735957747,486.35866137841606,3.4237264260616933,0.04320447863875171,0.2787658691670787,0.36204759892954,0.0063629437369439054,0.0020560957977593395,0.11699059076920194,17.55107588361363,0.9929604904817416,1.0,0.0011636950075626373,536,3,1.3783934116363525,0.0,0.0,10905008,,
42,dp_fisher_wiener,b47a1595ee654f8a78e687241bff5037cb0f0d90ae4862e4d6981afb2651c309,0.10297004550334718,1.896274544295577,1.8991498620285845,0.16940111554342793,339.1412533361445,2.6080757198065503,0.05501219889342419,0.33384232632004196,0.41284081189516486,0.006859755970574582,0.0029486238847924633,0.17745708212630365,17.794739569843443,0.9923097656385058,0.99609375,0.0011590085923671722,537,3,1.2786792516708374,0.0,0.0,10905008,,
42,dp_fisher_wiener,b47a1595ee654f8a78e687241bff5037cb0f0d90ae4862e4d6981afb2651c309,0.10468674290938074,1.8980923655247144,1.9009265096935617,0.1690067695180979,328.73905988920023,2.290842159486813,0.054588151485028095,0.4074134477040595,0.5792984509477371,0.006343583276676599,0.0030419263237095114,0.27778987528779797,19.605677215414975,0.9930314269309577,1.0,0.001170668751001358,538,3,1.4150075912475586,0.0,0.0,10905008,,
42,dp_fisher_wiener,b47a1595ee654f8a78e687241bff5037cb0f0d90ae4862e4d6981afb2651c309,0.09428069093813189,1.898529592544314,1.9010783646724037,0.16913200642606582,405.49847810342345,2.8635937415402104,0.0518123843949687,0.3775404990738225,0.5406893965751862,0.006528485437951641,0.0024661005007080923,0.20424253134787232,19.18135412855869,0.9929380900393686,1.0,0.0014536846429109573,539,3,1.4636765718460083,0.0,0.0,10905008,,
42,dp_fisher_wiener,b47a1595ee654f8a78e687241bff5037cb0f0d90ae4862e4d6981afb2651c309,0.11028250028213965,1.901088360612532,1.904133729109644,0.17392532439277633,297.16071753632525,2.1748756794363597,0.05655087398228968,0.41606217755226554,0.5648736249510212,0.0066077787188317215,0.003365182343777523,0.2876765143194092,19.31895806134586,0.9926811467630479,1.0,0.0015650196000933647,540,3,1.3365075588226318,0.0,0.0,10905008,,
42,dp_fisher_wiener,b47a1595ee654f8a78e687241bff5037cb0f0d90ae4862e4d6981afb2651c309,0.09939970180394608,1.8960598646265354,1.8987215816419483,0.1711743453507289,363.8596751488226,2.672301404777816,0.05293457668667591,0.3754938843953431,0.4921166967686796,0.006696726552884533,0.0027483122428708247,0.20196290412196272,18.662055343308587,0.9926556813318649,1.0,0.0014509689062833786,541,3,1.324972152709961,0.0,0.0,10905008,,
42,dp_fisher_wiener,b47a1595ee654f8a78e687241bff5037cb0f0d90ae4862e4d6981afb2651c309,0.10724862346402213,1.8964629230960015,1.8994327706820973,0.16989750714231913,312.68371225490705,2.264989711257547,0.0559013440723949,0.3928076983670512,0.5122645387260313,0.006516876168684267,0.003198119891507362,0.2513909070358877,18.954548242010297,0.992756291349738,0.99609375,0.0011596893891692162,542,3,1.3349061012268066,0.0,0.0,10905008,,
42,dp_fisher_wiener,b47a1595ee654f8a78e687241bff5037cb0f0d90ae4862e4d6981afb2651c309,0.09588128205481798,1.8986530860699335,1.9010410774497548,0.16471038106480562,392.1241353320702,2.6695381412936117,0.050108165528590785,0.3729926064794052,0.5187523392139788,0.006240959831680065,0.0025502128274866253,0.21197522584937872,19.197086805857158,0.9931921095878677,1.0,0.0011428501456975937,543,3,1.373716115951538,0.0,0.0,10905008,,
42,dp_fisher_wiener,b47a1595ee654f8a78e687241bff5037cb0f0d90ae4862e4d6981afb2651c309,0.0988946027387135,1.8973868993310234,1.9001621190177798,0.17088091604394798,368.10067578031635,2.6331715666068836,0.05406458008775622,0.39136872326424105,0.5131757851654524,0.006548911569218441,0.002716648095735302,0.21287782021417423,18.940970291968434,0.9928465994771016,1.0,0.0011722557246685028,544,3,1.4055455923080444,0.0,0.0,10905008,,
42,dp_fisher_wiener,b47a1595ee654f8a78e687241bff5037cb0f0d90ae4862e4d6981afb2651c309,0.0811019775650046,1.8981396618591133,1.9000398003909078,0.1683720248415528,547.7639412302744,4.048354548846418,0.044759467189514734,0.3038560257430874,0.4272554953282451,0.006894955972434906,0.001825603922743976,0.1131260752774467,17.921561597619437,0.992609308053844,1.0,0.0014212531968951225,545,3,1.4075422286987305,0.0,0.0,10905008,,
42,dp_fisher_wiener,b47a1595ee654f8a78e687241bff5037cb0f0d90ae4862e4d6981afb2651c309,0.09003321915131464,1.9013921012168653,1.9035203056804353,0.1665157441377471,446.00303436331126,3.153765865680039,0.047273912843628405,0.34248746370152033,0.5056033581522148,0.006534728279740046,0.002242137211698349,0.1734780782361301,18.88582415744247,0.9929288241947024,1.0,0.0013856859877705574,546,3,1.401620626449585,0.0,0.0,10905008,,
42,dp_fisher_wiener,b47a1595ee654f8a78e687241bff5037cb0f0d90ae4862e4d6981afb2651c309,0.09746522035183898,1.8978906115203469,1.9005614517924134,0.17156766886022892,379.17789987377853,2.78210632379116,0.05302491922620796,0.37395318030899793,0.512096263063429,0.006727185317198981,0.0026372845047861046,0.20075908064694364,18.815182149413193,0.9926627941008258,1.0,0.0011441297829151154,547,3,1.3266656398773193,0.0,0.0,10905008,,
42,dp_fisher_wiener,b47a1595ee654f8a78e687241bff5037cb0f0d90ae4862e4d6981afb2651c309,0.12049386822415455,1.903480451076031,1.9067403978553623,0.17179286962943363,249.55538647472375,1.8886113621583596,0.05862856966181859,0.4012380231061552,0.47621985668514727,0.006476411239368379,0.004007126490263646,0.2946497886611707,18.664730820942392,0.992432095380361,0.9921875,0.001138586550951004,548,3,1.220591425895691,0.0,0.0,10905008,,
42,dp_fisher_wiener,b47a1595ee654f8a78e687241bff5037cb0f0d90ae4862e4d6981afb2651c309,0.09138557818265686,1.8958240845820462,1.8975454238715173,0.16579503288221234,430.36876576494853,3.148290618608712,0.04290740726456615,0.3150534254170164,0.49480177670827674,0.006679321902891197,0.002323588697480298,0.17213061934395396,18.696988759165624,0.9926846675013415,0.98828125,0.0011787358671426773,549,3,1.3382258415222168,0.0,0.0,10905008,,
42,dp_fisher_wiener,b47a1595ee654f8a78e687241bff5037cb0f0d90ae4862e4d6981afb2651c309,0.09150851682764069,1.9000568043452382,1.9022611537010474,0.17610151725014667,431.1318790939379,3.5336648852337516,0.04812761449640601,0.30392329824981384,0.42532555493276275,0.007598887242273978,0.0023194758921142463,0.12982589945015244,17.479714769791954,0.9918037494869109,0.9921875,0.0011466899886727333,550,3,1.268113374710083,0.14762681256979704,0.004597397521138191,10905008,,
42,dp_fisher_wiener,b47a1595ee654f8a78e687241bff5037cb0f0d90ae4862e4d6981afb2651c309,0.09732030437928738,1.8982092286203835,1.9005032126406995,0.18100701967771282,380.4356820882347,3.309374554671787,0.04916108364215981,0.30912545418235765,0.43599867656593305,0.008004104759927421,0.0026285652134549484,0.14318290287160915,17.361724067108987,0.9913010931663784,0.99609375,0.0013670679181814194,551,3,1.2690577507019043,0.0,0.0,10905008,,
42,dp_fisher_wiener,b47a1595ee654f8a78e687241bff5037cb0f0d90ae4862e4d6981afb2651c309,0.08606848442927598,1.9012242933632653,1.9031162305721654,0.17799331211236888,487.9534564391212,4.127013972551483,0.04458335269656831,0.27798920721154335,0.43563738795446677,0.007925547518643926,0.0020493757891629845,0.1126464403521991,17.400958710354487,0.9915421974819739,1.0,0.0013404786586761475,552,3,1.302731990814209,0.0,0.0,10905008,,
42,dp_fisher_wiener,b47a1595ee654f8a78e687241bff5037cb0f0d90ae4862e4d6981afb2651c309,0.09287051873796875,1.9018530165798637,1.9040961652386308,0.17763794576212275,419.37076973645225,3.473314496348489,0.04852631385571711,0.309840091273546,0.4400152399981814,0.0077256607827344915,0.002384524797739758,0.1358106808919204,17.555320831771347,0.9917177954521478,0.99609375,0.0011483319103717804,553,3,1.2771713733673096,0.0,0.0,10905008,,
42,dp_fisher_wiener,b47a1595ee654f8a78e687241bff5037cb0f0d90ae4862e4d6981afb2651c309,0.08801496208013726,1.8950464210573008,1.8969769034054855,0.1778708905814967,463.58213723861206,3.7814884010600402,0.04512115342735551,0.32228326975496213,0.5386257802249683,0.007707094009695777,0.002157115038614871,0.1507543270336749,18.443964795735038,0.9918428945006726,0.99609375,0.001174059696495533,554,3,1.3283424377441406,0.0,0.0,10905008,,
42,dp_fisher_wiener,b47a1595ee654f8a78e687241bff5037cb0f0d90ae4862e4d6981afb2651c309,0.09277525841080568,1.8985091742125175,1.9005387199229593,0.17650392207327,418.7560116918717,3.4961996102157538,0.046271877824127984,0.29520939447675254,0.4359988338177007,0.007722450968958116,0.0023880254180550357,0.1348245915277146,17.517301679236933,0.9916509864632407,0.99609375,0.001407315954566002,555,3,1.28351891040802,0.0,0.0,10905008,,
42,dp_fisher_wiener,b47a1595ee654f8a78e687241bff5037cb0f0d90ae4862e4d6981afb2651c309,0.12067578345036556,1.894850755278198,1.8978598527397932,0.19216488384012312,246.55270081066277,2.1556953359784496,0.05670821611617996,0.4333261566868172,0.6548941252701769,0.008025256907303957,0.004055927988795348,0.33098048363457433,19.117121504304038,0.991256654950889,0.9921875,0.001147707924246788,556,3,1.2909526824951172,0.0,0.0,10905008,,
42,dp_fisher_wiener,b47a1595ee654f8a78e687241bff5037cb0f0d90ae4862e4d6981afb2651c309,0.09851455127601462,1.898587795796819,1.9009549586947787,0.1833343045013532,371.41599502504357,3.1787291687520693,0.04992545851635908,0.34512428274430124,0.533510084403489,0.007997222920335443,0.002692398855437706,0.17961509326669547,18.242034307175118,0.9914415932234236,1.0,0.0011429982259869576,557,3,1.3202155828475952,0.0,0.0,10905008,,
42,dp_fisher_wiener,b47a1595ee654f8a78e687241bff5037cb0f0d90ae4862e4d6981afb2651c309,0.08626224815183735,1.89657746547125,1.898393930645921,0.17726299959776656,483.39218759429946,4.001167013711198,0.04376719777763837,0.2972303435082275,0.4828730148576202,0.007778840357746991,0.0020687136150090465,0.12841579648310059,17.929180768459418,0.9917227313216982,0.9921875,0.0011804159730672836,558,3,1.303405523300171,0.0,0.0,10905008,,
42,dp_fisher_wiener,b47a1595ee654f8a78e687241bff5037cb0f0d90ae4862e4d6981afb2651c309,0.08073805783586058,1.8988528798226234,1.9007019044780085,0.17953639978074068,553.1285033032489,4.524285986508498,0.04412939677088842,0.31940393232787334,0.5484327703075461,0.007816633085756202,0.0018078981536376786,0.12684624979482614,18.461036703803888,0.9918205517172077,1.0,0.001411384902894497,559,3,1.416071891784668,0.0,0.0,10905008,,
42,dp_fisher_wiener,b47a1595ee654f8a78e687241bff5037cb0f0d90ae4862e4d6981afb2651c309,0.08926043525785454,1.901381445247967,1.9031714196248306,0.17763447459326026,453.7540375534695,3.7445487820621635,0.043494405800248326,0.3054737572242959,0.5038582851947401,0.00774369610864295,0.0022038371388736658,0.14339684643638087,18.133601028147595,0.9917476243247315,0.9921875,0.0011470559984445572,560,3,1.2758595943450928,0.0,0.0,10905008,,
42,dp_fisher_wiener,b47a1595ee654f8a78e687241bff5037cb0f0d90ae4862e4d6981afb2651c309,0.09488078939499382,1.9039081852252295,1.906144087702694,0.17617194983843143,402.657157426285,3.253621183309398,0.04843971270104103,0.32152027193747,0.4442222078878044,0.007456368346584101,0.0024835023578879596,0.14795767182058506,17.750729120498974,0.9919196241186793,0.9921875,0.0011395122855901718,561,3,1.2220313549041748,0.0,0.0,10905008,,
42,dp_fisher_wiener,b47a1595ee654f8a78e687241bff5037cb0f0d90ae4862e4d6981afb2651c309,0.09287850019461366,1.9046809382547447,1.9067551414541166,0.1824483080517078,420.54655849106473,3.5773700290968433,0.04667540949606287,0.32616042966659453,0.5636502854259061,0.008000104524866075,0.002377858003336979,0.1675328538804047,18.479140698380757,0.9914935220444281,0.99609375,0.0011788653209805489,562,3,1.3040316104888916,0.0,0.0,10905008,,
42,dp_fisher_wiener,b47a1595ee654f8a78e687241bff5037cb0f0d90ae4862e4d6981afb2651c309,0.09171366989014863,1.9007602804963344,1.9032304089743988,0.18288296960922595,429.5231265829497,3.560975550312813,0.051009779137470415,0.3548825897450227,0.5369004531208008,0.00785363475847207,0.00232816334672428,0.1591609483178011,18.348230702583987,0.9917094672441947,0.9921875,0.0014128535985946655,563,3,1.2283514738082886,0.0,0.0,10905008,,
42,dp_fisher_wiener,b47a1595ee654f8a78e687241bff5037cb0f0d90ae4862e4d6981afb2651c309,0.11407827745757086,1.897660531945895,1.9010257565322364,0.18723434041660053,276.71400521814513,2.365503490017093,0.05947754919800927,0.40465227137497456,0.5181286924480095,0.007811909893178341,0.0036138394915520796,0.23968964775019488,18.216804175521126,0.991451450069715,0.9765625,0.0011307531967759132,564,3,1.2192323207855225,0.0,0.0,10905008,,
42,dp_fisher_wiener,b47a1595ee654f8a78e687241bff5037cb0f0d90ae4862e4d6981afb2651c309,0.0977069313295656,1.895350523436886,1.898063931791762,0.18281934227654234,376.2948995028426,2.9876457853204426,0.05348961647158713,0.4044055673608241,0.6079638528184053,0.007481760741599637,0.002657490179155135,0.21594622229391422,19.098739426074328,0.992060360665885,0.9921875,0.0018523447215557098,565,3,1.3162941932678223,0.0,0.0,10905008,,
42,dp_fisher_wiener,b47a1595ee654f8a78e687241bff5037cb0f0d90ae4862e4d6981afb2651c309,0.09088806823948348,1.8966914121865481,1.899445515099281,0.18797374649281748,435.49142677177684,3.7696413759906484,0.05420506587814732,0.36451359018530105,0.5515593090735207,0.008273802225048742,0.0022962564551304585,0.1530761298745783,18.238870833324263,0.9913439366558068,0.984375,0.001643589697778225,566,3,1.2900619506835938,0.0,0.0,10905008,,
42,dp_fisher_wiener,b47a1595ee654f8a78e687241bff5037cb0f0d90ae4862e4d6981afb2651c309,0.09157405997212621,1.8998308939915303,1.9020648289624076,0.17855163951574385,430.4125765149604,3.5627890989150814,0.048452795315875145,0.31771209759651386,0.4957447103431547,0.007755989622802803,0.002323352184495742,0.14850323580086972,18.056208694401782,0.9917223861631509,0.98828125,0.001566222868859768,567,3,1.2790184020996094,0.0,0.0,10905008,,
42,dp_fisher_wiener,b47a1595ee654f8a78e687241bff5037cb0f0d90ae4862e4d6981afb2651c309,0.10694480648788705,1.9011613774440757,1.9042396943273765,0.18755795500695924,316.02291001167174,2.5928036545200714,0.056841608987736644,0.4227861844086266,0.630566914808282,0.007706469807009763,0.003164327547883652,0.25891495190180897,19.128756986785234,0.9917955199690314,0.98828125,0.0012560104951262474,568,3,1.343393087387085,0.0,0.0,10905008,,
42,dp_fisher_wiener,b47a1595ee654f8a78e687241bff5037cb0f0d90ae4862e4d6981afb2651c309,0.0951608025912523,1.90031128486818,1.90299951634591,0.18632857805156672,398.779938674356,3.404595494912043,0.053232248661547285,0.36498806783643795,0.562688318874885,0.008075053595644033,0.002507648712755068,0.17473873354568256,18.43122485869413,0.9914624704887893,0.98046875,0.001141691580414772,569,3,1.2774507999420166,0.0,0.0,10905008,,
42,dp_fisher_wiener,b47a1595ee654f8a78e687241bff5037cb0f0d90ae4862e4d6981afb2651c309,0.10254419898092235,1.8936338398893025,1.8965371450536976,0.1810666859290416,341.01212263620585,2.778689390923191,0.055325636069418,0.3792053907808118,0.5344352411397181,0.007609711823999061,0.002932447070133717,0.2059477537908107,18.465268774932465,0.9918516404360007,1.0,0.0011589005589485168,570,3,1.2736351490020752,0.0,0.0,10905008,,
42,dp_fisher_wiener,b47a1595ee654f8a78e687241bff5037cb0f0d90ae4862e4d6981afb2651c309,0.08904026011688305,1.8994371057066624,1.9014819017505906,0.17969755541653148,455.0687313538534,3.775556779759125,0.04636588636780074,0.32143522979976435,0.5293553386275739,0.007839602455829004,0.0021974702522375854,0.14838030578169606,18.29453256922825,0.991703326289799,0.96875,0.0011475356295704842,571,3,1.248155117034912,0.0,0.0,10905008,,
42,dp_fisher_wiener,b47a1595ee654f8a78e687241bff5037cb0f0d90ae4862e4d6981afb2651c309,0.08461609778620113,1.8984745678625115,1.9001915213599467,0.1783112448327921,503.3888373079673,4.276902677587143,0.04254708019627113,0.2761352070789779,0.5174677979408825,0.00805867038957335,0.0019865359057381466,0.12756054176269893,18.076199357141284,0.9915037792644389,0.98828125,0.0011904183775186539,572,3,1.3108162879943848,0.0,0.0,10905008,,
42,dp_fisher_wiener,b47a1595ee654f8a78e687241bff5037cb0f0d90ae4862e4d6981afb2651c309,0.09419456159155652,1.8972527845698213,1.8995570653230829,0.1839769480167,405.6941445463423,3.5074779711512916,0.04924197641593187,0.3346762457355453,0.5154626613698432,0.008131704409325495,0.0024649110994817086,0.15624887127249776,18.020156281019275,0.9913543786167471,0.98828125,0.0013588331639766693,573,3,1.173912763595581,0.0,0.0,10905008,,
42,dp_fisher_wiener,b47a1595ee654f8a78e687241bff5037cb0f0d90ae4862e4d6981afb2651c309,0.10361771812274559,1.9005171009929105,1.9033567437248566,0.18024796072893662,336.4151268313717,2.743666783999114,0.05460428028926708,0.36858987824306094,0.49248136772216716,0.007514471885597547,0.0029725179403357646,0.1948120537550244,18.164913402246246,0.9918444012614998,0.9921875,0.0013404712080955505,574,3,1.203829050064087,0.0,0.0,10905008,,
42,dp_fisher_wiener,b47a1595ee654f8a78e687241bff5037cb0f0d90ae4862e4d6981afb2651c309,0.09517173454426438,1.8953421686301093,1.8976241595898882,0.1788682635048298,396.60600090110813,3.2909242215967986,0.04903974529571828,0.33023882855936126,0.4875000054747445,0.007702131827000144,0.00252139402232258,0.1595895301958591,18.013636771914182,0.9917022833388331,0.98046875,0.0011529233306646347,575,3,1.1934154033660889,0.0,0.0,10905008,,
42,dp_fisher_wiener,b47a1595ee654f8a78e687241bff5037cb0f0d90ae4862e4d6981afb2651c309,0.08555283742989557,1.8970921298242653,1.8988875037655648,0.1808014110460202,491.70883183345103,4.171115956666865,0.04350273090102629,0.30640011988345617,0.5656304301253844,0.008070225016510694,0.0020337238933341175,0.14254077405610874,18.456471216624507,0.9915171018159005,0.97265625,0.0011792443692684174,576,3,1.3379013538360596,0.0,0.0,10905008,,
42,dp_fisher_wiener,b47a1595ee654f8a78e687241bff5037cb0f0d90ae4862e4d6981afb2651c309,0.09000535537078472,1.8982522554587917,1.9005972840949035,0.18338292409832513,444.8065226491864,3.793368914484309,0.04971642635310704,0.3332329324254559,0.504011838673608,0.008045591382445812,0.002248168470912843,0.14083533091748285,17.968827655528933,0.9914718676068628,0.98828125,0.001413772813975811,577,3,1.191802740097046,0.0,0.0,10905008,,
42,dp_fisher_wiener,b47a1595ee654f8a78e687241bff5037cb0f0d90ae4862e4d6981afb2651c309,0.12277670865831754,1.8947803085617292,1.8982253789611978,0.18749808778164653,238.1692843408709,1.9679138980594537,0.060374044639329515,0.4466708699113422,0.6410730609557891,0.007596762942777187,0.004198694230034172,0.35431798812472637,19.26278952898834,0.9917373312704656,0.9765625,0.0012127067893743515,578,3,1.1963634490966797,0.0,0.0,10905008,,
42,dp_fisher_wiener,b47a1595ee654f8a78e687241bff5037cb0f0d90ae4862e4d6981afb2651c309,0.07896692293927868,1.8956623845477798,1.897472043138869,0.17814503462297418,576.2773548726288,4.728027913556671,0.04371419278015055,0.30170503082335715,0.4737950846734312,0.007809644008930396,0.0017352755429030883,0.10527560820235864,17.829593130285595,0.9917955687941263,0.97265625,0.0011552590876817703,579,3,1.2693758010864258,0.0,0.0,10905008,,
42,dp_fisher_wiener,b47a1595ee654f8a78e687241bff5037cb0f0d90ae4862e4d6981afb2651c309,0.08817702979861201,1.8967198115764408,1.8989042314953453,0.17917187851942648,462.6956638091424,3.8809119990963796,0.04797674025212203,0.3070771480918362,0.45139170966910536,0.007888874826273424,0.002161247831109129,0.12366394131961865,17.57538513225374,0.9916123873581488,0.96875,0.0011442219838500023,580,3,1.219977617263794,0.0,0.0,10905008,,
42,dp_fisher_wiener,b47a1595ee654f8a78e687241bff5037cb0f0d90ae4862e4d6981afb2651c309,0.10823790387850128,1.8941193744406455,1.8971715478049813,0.1882292855001253,306.2357905124448,2.6127121901857295,0.056702189384727694,0.40583575907751157,0.5944595003025727,0.007934164214738713,0.0032654576339395114,0.2446612221388626,18.746210870777468,0.991468299032543,0.98828125,0.0014329561963677406,581,3,1.2450544834136963,0.0,0.0,10905008,,
42,dp_fisher_wiener,b47a1595ee654f8a78e687241bff5037cb0f0d90ae4862e4d6981afb2651c309,0.09657131221043264,1.8944946361389947,1.8971657962552404,0.18626674284711556,384.8491172051042,3.335502208588974,0.0530919719147511,0.3589711469086136,0.5653526362561399,0.008232985585080151,0.0025984209270241026,0.1784315186906406,18.36762066487948,0.991332961258138,0.98828125,0.0011484678834676743,582,3,1.2055602073669434,0.0,0.0,10905008,,
42,dp_fisher_wiener,b47a1595ee654f8a78e687241bff5037cb0f0d90ae4862e4d6981afb2651c309,0.09256919248973232,1.8993481708373547,1.9019147907372391,0.1830592626061404,420.9942993716124,3.6412183225108157,0.052043582216932574,0.32096581442854294,0.4579591014878303,0.008146512035400972,0.0023753290754189573,0.13352997755108256,17.498549910113596,0.9913509082475824,0.9609375,0.0014320975169539452,583,3,1.1856002807617188,0.0,0.0,10905008,,
42,dp_fisher_wiener,b47a1595ee654f8a78e687241bff5037cb0f0d90ae4862e4d6981afb2651c309,0.0924812298924083,1.895073731841138,1.897186777332312,0.18010866910311318,419.89918340792946,3.468667921002457,0.04720890128410089,0.33995881081143253,0.5751308817843598,0.007805217040952205,0.0023815240405250003,0.17548365591150564,18.673817035565147,0.991739283956569,0.96484375,0.0012024780735373497,584,3,1.2163455486297607,0.0,0.0,10905008,,
42,dp_fisher_wiener,b47a1595ee654f8a78e687241bff5037cb0f0d90ae4862e4d6981afb2651c309,0.07813697277629769,1.8993332780535446,1.901082013926849,0.17608962968858463,590.8662607810624,4.8027821209194315,0.04292075394541564,0.28308890108092993,0.4743334963676652,0.00776389042698894,0.0016924303623531308,0.10339873015800909,17.860043969472848,0.9918716257134579,0.96875,0.0011502262204885483,585,3,1.2572546005249023,0.0,0.0,10905008,,
42,dp_fisher_wiener,b47a1595ee654f8a78e687241bff5037cb0f0d90ae4862e4d6981afb2651c309,0.10898733055410054,1.8938792484796545,1.8968816173275822,0.18895935027003039,301.9621715521292,2.672393946929454,0.0562540954916901,0.3845879288725311,0.5743379292934776,0.008228758946071956,0.003311673097247212,0.23114293196952918,18.438331576880312,0.9911499048599623,0.95703125,0.0011872323229908943,586,3,1.1745672225952148,0.0,0.0,10905008,,
42,dp_fisher_wiener,b47a1595ee654f8a78e687241bff5037cb0f0d90ae4862e4d6981afb2651c309,0.08039897529725175,1.899524241734536,1.9010237784222686,0.1777237059429538,558.1984850910782,4.700971293582586,0.03979006630215225,0.2681349310032148,0.4586584907656812,0.007962586033048296,0.0017914774521142873,0.10319214651065357,17.60435299693096,0.9915783159232074,0.98828125,0.0014177802950143814,587,3,1.2301290035247803,0.0,0.0,10905008,,
42,dp_fisher_wiener,b47a1595ee654f8a78e687241bff5037cb0f0d90ae4862e4d6981afb2651c309,0.08155375533439811,1.8977076186615922,1.8993548152864865,0.17492023579483265,541.4653553531663,4.416031339593371,0.04165772627924656,0.2760880174405196,0.47838405231589337,0.00771052554734445,0.0018468402271039621,0.11458348805125222,17.926927126962454,0.9918442956766609,0.95703125,0.0012211380526423454,588,3,1.2099353075027466,0.0,0.0,10905008,,
42,dp_fisher_wiener,b47a1595ee654f8a78e687241bff5037cb0f0d90ae4862e4d6981afb2651c309,0.07649405682900277,1.8936819442700443,1.8953311481035409,0.1747003149191137,612.8563470861584,4.9444018448581994,0.04173011703505498,0.27837545985532525,0.4490643364564147,0.007643971829128921,0.0016317037501256963,0.0958585377237889,17.689894878198437,0.9919322009662377,0.953125,0.0011472636833786964,589,3,1.2735507488250732,0.0,0.0,10905008,,
42,dp_fisher_wiener,b47a1595ee654f8a78e687241bff5037cb0f0d90ae4862e4d6981afb2651c309,0.09258034590307707,1.895521250260614,1.8976254279797569,0.1803730436642795,419.1984970651485,3.527099525171664,0.04710926006614845,0.3255991754712244,0.519221928336797,0.007843772808160357,0.00238550473554689,0.15790951615263252,18.20828019618918,0.9915860873789761,0.9296875,0.0011747656390070915,590,3,1.1147301197052002,0.0,0.0,10905008,,
42,dp_fisher_wiener,b47a1595ee654f8a78e687241bff5037cb0f0d90ae4862e4d6981afb2651c309,0.09986311672902777,1.8952969949208587,1.8974826422624178,0.1808203471226066,360.20050341308496,2.928320541963525,0.04818845963016144,0.37285639879251914,0.6270121718609414,0.007657796364426458,0.0027762315444424235,0.22731486808233295,19.131721580811213,0.991870304138347,0.96484375,0.0014126161113381386,591,3,1.1776342391967773,0.0,0.0,10905008,,
42,dp_fisher_wiener,b47a1595ee654f8a78e687241bff5037cb0f0d90ae4862e4d6981afb2651c309,0.08250765792447555,1.8970040702859747,1.8989812631759317,0.17743279163423437,528.6253755847905,4.246087627178458,0.04567546424289464,0.32052217444243075,0.5013172844607529,0.007629250366788895,0.001891698821205051,0.12430334181941922,18.176308110966907,0.9919676810397532,0.953125,0.0012052301317453384,592,3,1.1956449747085571,0.0,0.0,10905008,,
42,dp_fisher_wiener,b47a1595ee654f8a78e687241bff5037cb0f0d90ae4862e4d6981afb2651c309,0.07973004499862946,1.897617824534652,1.899306037120215,0.18201544282972898,566.4655247017989,4.823416021253646,0.04215395462207572,0.3040436819620061,0.5294497675247334,0.00811735180454332,0.001765332498158359,0.11514283270878123,18.144103931401684,0.9914850669442038,0.95703125,0.0011469591408967972,593,3,1.224954605102539,0.0,0.0,10905008,,
42,dp_fisher_wiener,b47a1595ee654f8a78e687241bff5037cb0f0d90ae4862e4d6981afb2651c309,0.08277924369971286,1.8990125699258678,1.9008324995687198,0.1788962717196477,526.2750368791025,4.196832629708695,0.04374928393542838,0.3409399497202184,0.5937459965566724,0.007613698492404634,0.0019001471279807473,0.14818090726291167,18.920050196885548,0.9920254005308794,0.94921875,0.0011593149974942207,594,3,1.3023855686187744,0.0,0.0,10905008,,
42,dp_fisher_wiener,b47a1595ee654f8a78e687241bff5037cb0f0d90ae4862e4d6981afb2651c309,0.07654697607758759,1.9035925842213557,1.9053874037946383,0.17779598237767763,618.4319672984245,5.127157050990785,0.043523237152862285,0.27291415851872514,0.45746687886666,0.007951667314824058,0.0016169927376126546,0.09302710886146484,17.59901454335374,0.9917094242825335,0.94140625,0.0011735288426280022,595,3,1.238884687423706,0.0,0.0,10905008,,
42,dp_fisher_wiener,b47a1595ee654f8a78e687241bff5037cb0f0d90ae4862e4d6981afb2651c309,0.08508045735947434,1.8944273145270873,1.8964465627770213,0.17678624008267946,495.78828668683104,4.06181037686384,0.046152307832833264,0.3021695190957278,0.46816104610472353,0.007733350791918868,0.002016989966713823,0.12210439669730772,17.820275640860494,0.9918073692220397,0.9609375,0.0014209048822522163,596,3,1.1878232955932617,0.0,0.0,10905008,,
42,dp_fisher_wiener,b47a1595ee654f8a78e687241bff5037cb0f0d90ae4862e4d6981afb2651c309,0.07897117563382053,1.899283952514039,1.9010538884069572,0.18146431411375133,578.4190540003967,4.889065408728136,0.04317236347708054,0.302689325405229,0.5317106591286512,0.008058837668088556,0.001728850377461267,0.11406709152246254,18.194029587304033,0.9915475374213322,0.9609375,0.0012441305443644524,597,3,1.2550814151763916,0.0,0.0,10905008,,
42,dp_fisher_wiener,b47a1595ee654f8a78e687241bff5037cb0f0d90ae4862e4d6981afb2651c309,0.08125803309587291,1.903240762227198,1.905244691349505,0.17745394006108944,548.5987952415016,4.515709640281226,0.04597316410857929,0.2869760044714227,0.46414190598150123,0.007832344234724472,0.0018228257307930454,0.10801999806262123,17.7275901451834,0.9917686482736585,0.95703125,0.001146840862929821,598,3,1.1435480117797852,0.0,0.0,10905008,,
42,dp_fisher_wiener,b47a1595ee654f8a78e687241bff5037cb0f0d90ae4862e4d6981afb2651c309,0.09398786824625009,1.897768600147928,1.9000039586833806,0.1832251019086225,407.70206811000025,3.3523620141419284,0.048503086825795155,0.3713889741836403,0.634755985300528,0.007784446549660853,0.002452771467464605,0.20000283382202186,19.113790635215675,0.9917774221021697,0.98046875,0.0011408468708395958,599,3,1.1546106338500977,0.0,0.0,10905008,1.1283080680847168,0.6494
42,dp_fisher_wiener,b47a1595ee654f8a78e687241bff5037cb0f0d90ae4862e4d6981afb2651c309,0.08935965077950449,1.8975352503660943,1.9000041537588592,0.1992546215372911,450.9171767800066,4.255479443506839,0.05112653429990618,0.38491077562021386,0.7015090617057564,0.009191728546926552,0.0022177021665386004,0.16925414607237646,18.826360950785592,0.9905626140172925,0.94921875,0.0014198524877429008,600,3,1.2957539558410645,0.15460315998643637,0.0047852275893092155,10905008,,
42,dp_fisher_wiener,b47a1595ee654f8a78e687241bff5037cb0f0d90ae4862e4d6981afb2651c309,0.09366359849540294,1.8950011561065154,1.8972033225775853,0.19557051003979145,409.33349188466093,3.888187617605403,0.048182448442654076,0.35239232364851214,0.6380106019566849,0.00913567612191872,0.002442995796120945,0.17061213617800355,18.44087200842764,0.9905011739945777,0.9453125,0.001416018232703209,601,3,1.1482492685317993,0.0,0.0,10905008,,
42,dp_fisher_wiener,b47a1595ee654f8a78e687241bff5037cb0f0d90ae4862e4d6981afb2651c309,0.09379402532900995,1.8992705718118907,1.9020503694586541,0.20190327006679246,410.03726563648223,3.9928836769332197,0.05427163098511592,0.38114097289485716,0.5943647830616657,0.009342487675663425,0.002438802722805687,0.15515551122088328,18.035905352117403,0.990262144415742,0.96484375,0.0015309518203139305,602,3,1.1368212699890137,0.0,0.0,10905008,,
42,dp_fisher_wiener,b47a1595ee654f8a78e687241bff5037cb0f0d90ae4862e4d6981afb2651c309,0.08743121245103176,1.8895534753865932,1.891678226843014,0.1919867178182269,467.0736554977481,4.308680349283352,0.0473977608670991,0.34453960004905154,0.6055494385824596,0.008879058105571035,0.0021409899447298697,0.14601495381104848,18.337827075955385,0.9907751586959224,0.953125,0.0011138226836919785,603,3,1.176712989807129,0.0,0.0,10905008,,
42,dp_fisher_wiener,b47a1595ee654f8a78e687241bff5037cb0f0d90ae4862e4d6981afb2651c309,0.1227133184580929,1.900152714008432,1.9038152364554106,0.20487217610710892,239.7693198748546,2.3344071206269392,0.06204572387907544,0.4351210598789465,0.6370653045943835,0.009087833368867837,0.0041706753827189256,0.2923681008779991,18.45723598018458,0.9902639456881109,0.92578125,0.0011412780731916428,604,3,1.0556974411010742,0.0,0.0,10905008,,
42,dp_fisher_wiener,b47a1595ee654f8a78e687241bff5037cb0f0d90ae4862e4d6981afb2651c309,0.08527591134111508,1.896194846023224,1.8980435990535212,0.19406732828542056,494.4395298018361,4.613408708277374,0.04413326509424471,0.34398766274984904,0.663197543579893,0.009005114766562823,0.0020224920128513848,0.1489499878398532,18.671536566953964,0.9906694177342069,0.9453125,0.0013805720955133438,605,3,1.2440953254699707,0.0,0.0,10905008,,
42,dp_fisher_wiener,b47a1595ee654f8a78e687241bff5037cb0f0d90ae4862e4d6981afb2651c309,0.09201515897464933,1.9021050722886408,1.9046853192742623,0.19468349032888235,427.31707380493356,3.850303546766741,0.05217749916299944,0.3843047393465868,0.6470371001213979,0.008734729403944921,0.0023401826446516065,0.17335224965261806,18.69679727645204,0.9909895864621517,0.98046875,0.0011116638779640198,606,3,1.226335883140564,0.0,0.0,10905008,,
42,dp_fisher_wiener,b47a1595ee654f8a78e687241bff5037cb0f0d90ae4862e4d6981afb2651c309,0.08713362744957792,1.8970393854601497,1.899119175162602,0.19208334080944625,474.00301729266556,4.365832560590002,0.046796434431748406,0.33882293380810996,0.6098230372919077,0.008891869726371569,0.002109691211629092,0.14468703907540642,18.362107352461667,0.990789441414266,0.9453125,0.0011486951261758804,607,3,1.1314008235931396,0.0,0.0,10905008,,
42,dp_fisher_wiener,b47a1595ee654f8a78e687241bff5037cb0f0d90ae4862e4d6981afb2651c309,0.10631717768169681,1.8972730842967118,1.9001576195717902,0.200115678946077,318.45847626572254,3.0110170075964438,0.05508670358401392,0.40692065547425915,0.6819214218394488,0.009050777812420826,0.0031401268122530687,0.23658958214098086,18.77048429920253,0.9905450247614599,0.953125,0.0013786191120743752,608,3,1.153224229812622,0.0,0.0,10905008,,
42,dp_fisher_wiener,b47a1595ee654f8a78e687241bff5037cb0f0d90ae4862e4d6981afb2651c309,0.0931780046124783,1.8955427849173785,1.8977541924502035,0.19796913367440663,413.8475334521518,4.056387735612619,0.04826886706048722,0.3430428533116689,0.6166193096363277,0.009390391166409377,0.0024163488218546083,0.1586693585065762,18.173334369114478,0.9901983522729381,0.95703125,0.001105600968003273,609,3,1.175117015838623,0.0,0.0,10905008,,
42,dp_fisher_wiener,b47a1595ee654f8a78e687241bff5037cb0f0d90ae4862e4d6981afb2651c309,0.0848917805633188,1.897604234720986,1.899549641105517,0.1959871176290862,499.6662271160816,4.863715525168558,0.04524981429382221,0.3175512611393096,0.6104773154881874,0.00941691579090782,0.002001335983087451,0.12974207751313674,18.117608437826288,0.9902660711066283,0.93359375,0.0014043264091014862,610,3,1.2012076377868652,0.0,0.0,10905008,,
42,dp_fisher_wiener,b47a1595ee654f8a78e687241bff5037cb0f0d90ae4862e4d6981afb2651c309,0.09152956279163416,1.9041708357344778,1.9061289349560693,0.1916479887106891,432.8017843801212,4.090815672805568,0.04539137040322219,0.30884396624330773,0.5572891194246882,0.009005363986121421,0.002310526518074794,0.14298492440327604,17.915792926006933,0.9905480619062985,0.9375,0.0013851635158061981,611,3,1.0380111932754517,0.0,0.0,10905008,,
42,dp_fisher_wiener,b47a1595ee654f8a78e687241bff5037cb0f0d90ae4862e4d6981afb2651c309,0.09638598577718983,1.9011066569815707,1.903304662379209,0.19569850806989048,389.0318677826708,3.6986392334179703,0.04811172640511361,0.350610603007832,0.6614753686375322,0.009115469706972275,0.0025704835071524907,0.18653032484999213,18.607346247309795,0.9904927088505686,0.95703125,0.001122754067182541,612,3,1.1610937118530273,0.0,0.0,10905008,,
42,dp_fisher_wiener,b47a1595ee654f8a78e687241bff5037cb0f0d90ae4862e4d6981afb2651c309,0.07839175866207472,1.8995345785991278,1.9012411848356852,0.19080229880099278,587.1561202528029,5.552406365604393,0.042376397084714405,0.28179367957787177,0.5262875072516499,0.00910889830407857,0.0017031245444677323,0.09840192976622338,17.6175720744311,0.9905435604363415,0.9375,0.0011161426082253456,613,3,1.1947543621063232,0.0,0.0,10905008,,
42,dp_fisher_wiener,b47a1595ee654f8a78e687241bff5037cb0f0d90ae4862e4d6981afb2651c309,0.07196482168434502,1.898599215984012,1.899996250015892,0.18937881510226556,696.0270002273616,6.541336949702642,0.038343746691664446,0.26290675371302813,0.5606243440969352,0.009125012592235375,0.0014367258733928086,0.08826985085306745,17.884384796165648,0.9906018919559672,0.921875,0.0011295955628156662,614,3,1.2294013500213623,0.0,0.0,10905008,,
42,dp_fisher_wiener,b47a1595ee654f8a78e687241bff5037cb0f0d90ae4862e4d6981afb2651c309,0.07490210214754087,1.9031849487320114,1.9044957669558378,0.19232635479740348,645.6155408188338,6.355083784956079,0.03715894653139017,0.2410744271523945,0.5278146214796652,0.009516732537357558,0.001548909430763054,0.08590522448931698,17.439935527617102,0.9901565507904376,0.9609375,0.0013833362609148026,615,3,1.1885991096496582,0.0,0.0,10905008,,
42,dp_fisher_wiener,b47a1595ee654f8a78e687241bff5037cb0f0d90ae4862e4d6981afb2651c309,0.09029442454923088,1.8998859500011394,1.9021481094818533,0.19112615607871725,442.7241297833084,3.971926333390845,0.048773105879836146,0.35633073046082375,0.6093006206137417,0.008611016926564165,0.0022587429340400317,0.1598247318962303,18.49777177413702,0.9910284394588255,0.94140625,0.0011158529669046402,616,3,1.032418966293335,0.0,0.0,10905008,,
42,dp_fisher_wiener,b47a1595ee654f8a78e687241bff5037cb0f0d90ae4862e4d6981afb2651c309,0.08383192671710911,1.8991930013481066,1.901066970862662,0.1948575045638897,513.2385944458354,4.9662025883736325,0.04439152216193894,0.3090182868586024,0.5817551539366261,0.009339471951114856,0.0019484115393488114,0.12136643924479054,17.94417917205253,0.990323793568692,0.953125,0.0011763684451580048,617,3,1.0579488277435303,0.0,0.0,10905008,,
42,dp_fisher_wiener,b47a1595ee654f8a78e687241bff5037cb0f0d90ae4862e4d6981afb2651c309,0.08320181087022836,1.8966731777299897,1.8988837012320312,0.19499392782305774,519.6601898102492,4.8696372384665505,0.04846083451709133,0.3462467173726473,0.6350357708497589,0.00915006757338769,0.001924334439050277,0.13355324364692062,18.41373887777523,0.9906291893549835,0.9609375,0.0011325599625706673,618,3,1.1903287172317505,0.0,0.0,10905008,,
42,dp_fisher_wiener,b47a1595ee654f8a78e687241bff5037cb0f0d90ae4862e4d6981afb2651c309,0.08376285486277255,1.8934135036877617,1.8958033916845793,0.19637911738704478,510.96128876979435,4.877824683197767,0.05060526427140145,0.3452158945004214,0.5862764140306439,0.009301098909519977,0.00195709542353947,0.12336164770629733,17.995681598852165,0.9904536316343252,0.9453125,0.0013247514143586159,619,3,1.0881733894348145,0.0,0.0,10905008,,
42,dp_fisher_wiener,b47a1595ee654f8a78e687241bff5037cb0f0d90ae4862e4d6981afb2651c309,0.09662724648272038,1.8943061681223792,1.8969068931290733,0.1991863131057133,384.32721501711006,3.6247915331052885,0.052366263049298395,0.39403820534461265,0.7298323739967874,0.009167248976223105,0.002601949486840527,0.20714905595687053,19.009840971621163,0.9905684755295227,0.91015625,0.001536911353468895,620,3,1.1954116821289062,0.0,0.0,10905008,,
42,dp_fisher_wiener,b47a1595ee654f8a78e687241bff5037cb0f0d90ae4862e4d6981afb2651c309,0.0939237191460071,1.8959304316724583,1.8981937917464742,0.18999670161575336,407.4686801086839,3.5779494246782186,0.04882377438563947,0.37424469121045273,0.6707253522516918,0.008453505041092126,0.0024541763544124054,0.19472139567338537,18.995079061095478,0.9912190811236758,0.92578125,0.0014844788238406181,621,3,1.1168231964111328,0.0,0.0,10905008,,
42,dp_fisher_wiener,b47a1595ee654f8a78e687241bff5037cb0f0d90ae4862e4d6981afb2651c309,0.07826249269646712,1.8970253499542156,1.8988258292590048,0.19003073950519125,587.5419985689656,5.494926721875438,0.04360286857948158,0.2884620348712095,0.5175847035381211,0.009037220741521898,0.001702005988120145,0.09747822810729072,17.57946542307597,0.9906476018135597,0.94140625,0.001118863932788372,622,3,1.0862165689468384,0.0,0.0,10905008,,
42,dp_fisher_wiener,b47a1595ee654f8a78e687241bff5037cb0f0d90ae4862e4d6981afb2651c309,0.09436654059873385,1.8913454370102538,1.8935649230189784,0.20012559203156485,401.70352531611206,3.86815917367443,0.04842375018650392,0.3841420759840301,0.735551115932786,0.009336927823319685,0.0024893981179291264,0.1961115688632921,18.96408856947168,0.9903706118321233,0.921875,0.001118573360145092,623,3,1.1981303691864014,0.0,0.0,10905008,,
42,dp_fisher_wiener,b47a1595ee654f8a78e687241bff5037cb0f0d90ae4862e4d6981afb2651c309,0.08352172496380436,1.890353946024848,1.8922552667220986,0.1922030316365287,512.2563444551281,4.6822412056927005,0.04482230809786587,0.35055901359380354,0.6777487517411376,0.008865615119045685,0.0019521476125786972,0.14923562437819568,18.833598527667785,0.9908595740074791,0.95703125,0.0013816989958286285,624,3,1.1545871496200562,0.0,0.0,10905008,,
42,dp_fisher_wiener,b47a1595ee654f8a78e687241bff5037cb0f0d90ae4862e4d6981afb2651c309,0.09039475555603958,1.8979342792712703,1.8999890571710032,0.19346521684633866,440.8347992973909,4.259557397631501,0.04650710180100303,0.30861469027709565,0.5451170623552547,0.00924172046417803,0.0022684234581098325,0.13380152933317999,17.707369474564356,0.9903375200768649,0.93359375,0.0011437181383371353,625,3,1.0012708902359009,0.0,0.0,10905008,,
42,dp_fisher_wiener,b47a1595ee654f8a78e687241bff5037cb0f0d90ae4862e4d6981afb2651c309,0.09102920358800184,1.8959296269992667,1.8981451716875288,0.19117962231258367,433.79339997829453,3.877496465103315,0.0483030917690195,0.36504784424706044,0.6278726912264566,0.008559961479390487,0.0023052448468074372,0.16908957937642513,18.653997837462907,0.9910614212542278,0.92578125,0.0011253049597144127,626,3,1.08986496925354,0.0,0.0,10905008,,
42,dp_fisher_wiener,b47a1595ee654f8a78e687241bff5037cb0f0d90ae4862e4d6981afb2651c309,0.10410210468943701,1.8999799485887723,1.9029653578206425,0.20063405418971597,333.1033614649181,3.1002710294119415,0.05600780895468764,0.4187615478773143,0.7153777737810222,0.009002706442107947,0.0030020711754743636,0.2385521518651517,19.00162353707213,0.9906927657055854,0.91796875,0.0011114776134490967,627,3,1.1060880422592163,0.0,0.0,10905008,,
42,dp_fisher_wiener,b47a1595ee654f8a78e687241bff5037cb0f0d90ae4862e4d6981afb2651c309,0.08146613697155179,1.8979397289739115,1.8998004730983558,0.18958909916195035,542.763441445944,4.837278558639314,0.04427022960594898,0.3391705099692048,0.6741795072702577,0.008681560803576273,0.0018424232796243698,0.14307611811878,18.901777358638626,0.9910876853721923,0.9296875,0.0011243494227528572,628,3,1.170102834701538,0.0,0.0,10905008,,
42,dp_fisher_wiener,b47a1595ee654f8a78e687241bff5037cb0f0d90ae4862e4d6981afb2651c309,0.08473529421773286,1.9012802643206022,1.902828668267701,0.19028136949865304,503.4584063401454,4.703583548223954,0.0405316021675749,0.2981667009506725,0.6522327250136073,0.009066744726382586,0.0019862614016714444,0.14288531615682667,18.569511966968427,0.9906574535473248,0.93359375,0.0011389628052711487,629,3,1.098092794418335,0.0,0.0,10905008,,
42,dp_fisher_wiener,b47a1595ee654f8a78e687241bff5037cb0f0d90ae4862e4d6981afb2651c309,0.07793812119426953,1.8928026007333731,1.8942285049563805,0.1903544590372668,589.8081689516746,5.657295047511684,0.03886097495749384,0.26775568481491296,0.5737270310726644,0.009277317492878445,0.0016954665134809761,0.10485088711689942,17.91282892408471,0.9904082456884831,0.9296875,0.0013861795887351036,630,3,1.057292103767395,0.0,0.0,10905008,,
42,dp_fisher_wiener,b47a1595ee654f8a78e687241bff5037cb0f0d90ae4862e4d6981afb2651c309,0.09181049479557782,1.8966899076625374,1.8988001921316033,0.19698487412037183,426.7838832442593,4.107704259712498,0.04714837097356244,0.34856201954613625,0.6713462448981901,0.009336354928474682,0.0023431062866747492,0.16848498360946648,18.56769210558054,0.9903752123241252,0.93359375,0.0011127563193440437,631,3,1.1497504711151123,0.0,0.0,10905008,,
42,dp_fisher_wiener,b47a1595ee654f8a78e687241bff5037cb0f0d90ae4862e4d6981afb2651c309,0.08975726484594315,1.9030375439554856,1.9052548662223594,0.19944907178876042,449.5267006059477,4.457764229399544,0.04824435186473556,0.333005080593224,0.6226484372304188,0.009617710555803285,0.0022245619637890923,0.1440176456102535,18.111711993817895,0.9900834272505072,0.9140625,0.001140969805419445,632,3,1.046217441558838,0.0,0.0,10905008,,
42,dp_fisher_wiener,b47a1595ee654f8a78e687241bff5037cb0f0d90ae4862e4d6981afb2651c309,0.10673858729110423,1.90194467738645,1.9051066194747128,0.20453858570661035,317.5066746523353,3.012790947869653,0.05761245967231459,0.43294049690867137,0.7239997701168712,0.009180717940719034,0.0031495400876436225,0.24837559701575426,18.968617834262233,0.9905110941331619,0.91796875,0.001386960968375206,633,3,1.0076326131820679,0.0,0.0,10905008,,
42,dp_fisher_wiener,b47a1595ee654f8a78e687241bff5037cb0f0d90ae4862e4d6981afb2651c309,0.08624963060911173,1.9000770309054498,1.901720207559975,0.19028032961624358,485.3197089498776,4.469977603106328,0.04171991478226777,0.31664918476834997,0.6639016978390164,0.008901836468078989,0.0020604974028956514,0.15367252917103294,18.726241673576162,0.9907896227565596,0.93359375,0.0011189719662070274,634,3,1.11900794506073,0.0,0.0,10905008,,
42,dp_fisher_wiener,b47a1595ee654f8a78e687241bff5037cb0f0d90ae4862e4d6981afb2651c309,0.08001906253294666,1.8981640500993193,1.8998155859737316,0.1907127962273348,562.7047349442421,5.312464477872246,0.041690001551604336,0.2869615027361963,0.6017383416436607,0.009164293707291708,0.001777130949400374,0.11668851574012405,18.173086851366776,0.9905590549573087,0.921875,0.0011095581576228142,635,3,1.0722546577453613,0.0,0.0,10905008,,
42,dp_fisher_wiener,b47a1595ee654f8a78e687241bff5037cb0f0d90ae4862e4d6981afb2651c309,0.0832125246504161,1.897422596135559,1.8992947965766047,0.19118584061413765,519.9370181551562,4.795916118318059,0.04439409667576664,0.32270523398680817,0.5985558346405495,0.008901139321705248,0.0019233098720370207,0.1293326959901258,18.276590697099813,0.9907759671828453,0.91015625,0.0014004828408360481,636,3,1.0309957265853882,0.0,0.0,10905008,,
42,dp_fisher_wiener,b47a1595ee654f8a78e687241bff5037cb0f0d90ae4862e4d6981afb2651c309,0.08672503791729051,1.8978662340534638,1.900047258712076,0.19873423976370003,478.89709362259646,4.566277662389837,0.04795610800455835,0.3676333986225695,0.7103828560829644,0.009294530525768998,0.0020881312774364705,0.15959629771313008,18.83265013658973,0.9904650127904365,0.921875,0.0011512991040945053,637,3,1.1126868724822998,0.0,0.0,10905008,,
42,dp_fisher_wiener,b47a1595ee654f8a78e687241bff5037cb0f0d90ae4862e4d6981afb2651c309,0.08607704146366284,1.8947096914898907,1.896747385756316,0.19061337957203303,484.51886363396375,4.477639155862423,0.046350893700259584,0.3220106456156911,0.5832648137350981,0.008921722906705625,0.0020639031313757442,0.13492932791145767,18.154170469575934,0.9907585865237977,0.921875,0.001114560291171074,638,3,1.007629632949829,0.0,0.0,10905008,,
42,dp_fisher_wiener,b47a1595ee654f8a78e687241bff5037cb0f0d90ae4862e4d6981afb2651c309,0.08496384095373383,1.894432305704473,1.8963787005658357,0.19182447784015616,497.1528204284995,4.579262047486353,0.04529835379307706,0.3361873258058948,0.6731822408037761,0.008953875969361074,0.002011453940861259,0.1512278119510995,18.76121576014778,0.9907890253070712,0.921875,0.001417582854628563,639,3,1.0673105716705322,0.0,0.0,10905008,,
42,dp_fisher_wiener,b47a1595ee654f8a78e687241bff5037cb0f0d90ae4862e4d6981afb2651c309,0.08855713161904948,1.8923918262389314,1.8945711306300757,0.19473584959777554,456.6411493942385,4.291130743915147,0.04796615524462453,0.3511634198454873,0.6571284462078227,0.009121100625927834,0.0021899033873727046,0.1577712898307739,18.576030204861244,0.9906028382470428,0.9140625,0.0015949094668030739,640,3,0.9844863414764404,0.0,0.0,10905008,,
42,dp_fisher_wiener,b47a1595ee654f8a78e687241bff5037cb0f0d90ae4862e4d6981afb2651c309,0.08726312505789395,1.9007344970588733,1.902655503763953,0.1930496654888165,474.44010150547325,4.376028999937987,0.044934773958543915,0.34311196847537667,0.6703076304754471,0.008937768225080337,0.002107747630723548,0.15807517990539777,18.750450747607097,0.9907764352421919,0.91796875,0.001164603978395462,641,3,1.0288703441619873,0.0,0.0,10905008,,
42,dp_fisher_wiener,b47a1595ee654f8a78e687241bff5037cb0f0d90ae4862e4d6981afb2651c309,0.09837029867336763,1.8963366544544291,1.8991715111705822,0.2015660566759918,371.62326894822,3.540233074212172,0.0546949233793547,0.40467193898825754,0.682649249104184,0.009221620527856291,0.0026908971624048537,0.19919914530398872,18.693903698053095,0.9904735968653662,0.90625,0.001116461120545864,642,3,1.070087194442749,0.0,0.0,10905008,,
42,dp_fisher_wiener,b47a1595ee654f8a78e687241bff5037cb0f0d90ae4862e4d6981afb2651c309,0.07811804276076335,1.8985400026185002,1.8999885960070564,0.19208154064771388,590.658961275369,5.6581567651168,0.039094080753236164,0.28221359443984373,0.620730804342506,0.009312373769849235,0.0016930243429755512,0.11285117933411452,18.2384289910121,0.9904206028587157,0.91796875,0.0014144442975521088,643,3,1.0854344367980957,0.0,0.0,10905008,,
42,dp_fisher_wiener,b47a1595ee654f8a78e687241bff5037cb0f0d90ae4862e4d6981afb2651c309,0.07830943990594813,1.8971194016030335,1.898795936236442,0.1905303825462283,586.8959268719909,5.577068694889818,0.042020463623938305,0.27591737896113244,0.5509114855982169,0.009186003467504146,0.0017038796046283773,0.10218664163492233,17.779552215822097,0.9904973463956163,0.90625,0.0014350973069667816,644,3,0.9461625814437866,0.0,0.0,10905008,,
42,dp_fisher_wiener,b47a1595ee654f8a78e687241bff5037cb0f0d90ae4862e4d6981afb2651c309,0.08101037720757265,1.895217855781499,1.896983795952779,0.1912108557416611,547.3145201605355,5.126596079840685,0.04314120799693741,0.3060044505785631,0.6014789601596812,0.009070287913612658,0.0018271029965622504,0.121160873952116,18.21599367191154,0.9906331809389315,0.90625,0.001117061823606491,645,3,0.9209136366844177,0.0,0.0,10905008,,
42,dp_fisher_wiener,b47a1595ee654f8a78e687241bff5037cb0f0d90ae4862e4d6981afb2651c309,0.07470800295121037,1.9021745270098485,1.9037130215927298,0.1897350426114831,648.2857394923568,5.930882448045526,0.04020677177719543,0.29907888854262804,0.6426177330688955,0.008931307548709147,0.0015425296885345776,0.11098676497012545,18.570376610335856,0.990851437743042,0.921875,0.0011130012571811676,646,3,1.111977219581604,0.0,0.0,10905008,,
42,dp_fisher_wiener,b47a1595ee654f8a78e687241bff5037cb0f0d90ae4862e4d6981afb2651c309,0.07598408284147844,1.895168049810669,1.8965293694747578,0.1868026475210457,622.0856748458568,5.70826815726824,0.037941826533175634,0.2716516535204274,0.6160264568391555,0.008917319199085965,0.0016074956236121387,0.11104905088968156,18.39365051584259,0.9908239839171975,0.953125,0.0013847053050994873,647,3,1.0891947746276855,0.0,0.0,10905008,,
42,dp_fisher_wiener,b47a1595ee654f8a78e687241bff5037cb0f0d90ae4862e4d6981afb2651c309,0.07270851025234404,1.900933577379078,1.9022410336948485,0.18982677464170125,683.5391455233841,6.458654656193152,0.03708726056505864,0.2599936667931236,0.5939569964170978,0.00919695318036437,0.0014629740028200809,0.0944816862333,18.101110265799065,0.9905511561430093,0.93359375,0.0011450797319412231,648,3,1.076931357383728,0.0,0.0,10905008,,
42,dp_fisher_wiener,b47a1595ee654f8a78e687241bff5037cb0f0d90ae4862e4d6981afb2651c309,0.105872416413826,1.8972127845665994,1.9000494102239824,0.20145582940759166,321.1193189811237,2.986788142002352,0.05463330566832107,0.4293435131761568,0.7669869819998639,0.009013036715001919,0.003114107251732465,0.26500277301590114,19.299168524706403,0.9906988213867721,0.94140625,0.0011100387200713158,649,3,1.0700931549072266,0.0,0.0,10905008,,
42,dp_fisher_wiener,b47a1595ee654f8a78e687241bff5037cb0f0d90ae4862e4d6981afb2651c309,0.07548974609334966,1.8947120257389152,1.896225110993603,0.20143136437591458,629.9564019559682,6.501618172066857,0.03994085975901561,0.30325239416121447,0.6884023409308232,0.01011433778914589,0.0015874114410446762,0.10804244182648264,18.32904884585281,0.989679256926546,0.8984375,0.0014649825170636177,650,3,1.145861029624939,0.1449947403743863,0.004484044387936592,10905008,,
42,dp_fisher_wiener,b47a1595ee654f8a78e687241bff5037cb0f0d90ae4862e4d6981afb2651c309,0.09270181796505488,1.8960519087272565,1.8984736235452477,0.21123076647478975,418.33475173741107,4.464395590821395,0.050521870830189906,0.37910096712438335,0.7210434999560887,0.010377369552833873,0.002390430141723098,0.16609258320883766,18.418741831440926,0.989328174213883,0.9140625,0.0011163512244820595,651,3,0.998251736164093,0.0,0.0,10905008,,
42,dp_fisher_wiener,b47a1595ee654f8a78e687241bff5037cb0f0d90ae4862e4d6981afb2651c309,0.09740070263022925,1.897001367481972,1.8996048057306814,0.2066789640368364,379.32468710007043,3.878576528839563,0.052347932575674314,0.38268549103376187,0.7107086968650034,0.00994566609233901,0.0026362639551337757,0.18838514212071406,18.54057755267342,0.9897750484987146,0.91796875,0.0014736372977495193,652,3,0.9813796281814575,0.0,0.0,10905008,,
42,dp_fisher_wiener,b47a1595ee654f8a78e687241bff5037cb0f0d90ae4862e4d6981afb2651c309,0.08486990028407164,1.8968820268170838,1.8989235106871172,0.2063782874441074,499.54343889770036,5.309845913319154,0.046388189749118236,0.3296719274539587,0.6893733664901704,0.010420834732910847,0.0020018279132391435,0.13242766853217056,18.205519921876565,0.9893706022342432,0.91015625,0.0015077432617545128,653,3,1.0191702842712402,0.0,0.0,10905008,,
42,dp_fisher_wiener,b47a1595ee654f8a78e687241bff5037cb0f0d90ae4862e4d6981afb2651c309,0.07971891700035393,1.8968456065776518,1.8986513547986756,0.20743280996582938,566.162611416329,6.141374865496115,0.043634231783634424,0.3130802511943201,0.6742420197415854,0.010607854010908281,0.001766277001832987,0.1122657016273555,18.031882805205868,0.9891526308137322,0.91015625,0.001104162074625492,654,3,1.0456454753875732,0.0,0.0,10905008,,
42,dp_fisher_wiener,b47a1595ee654f8a78e687241bff5037cb0f0d90ae4862e4d6981afb2651c309,0.08207757949150364,1.9052022652597256,1.9071129694623707,0.20702431216265493,538.806836563919,5.757193614230933,0.04478638869257976,0.3181234328625424,0.6481074707870544,0.010444179238240767,0.0018559526939719033,0.11517006545934999,17.927727110735937,0.9893149210003642,0.90234375,0.001114475540816784,655,3,0.986669659614563,0.0,0.0,10905008,,
42,dp_fisher_wiener,b47a1595ee654f8a78e687241bff5037cb0f0d90ae4862e4d6981afb2651c309,0.07220132538088071,1.8949751229154919,1.8963653491220178,0.19861597519192195,688.8373480548839,7.186524143197557,0.038284564906946796,0.25096206721557063,0.5366948725753865,0.010155784849740938,0.0014517215168888002,0.07671799926615719,17.230139541909146,0.989567168267678,0.8984375,0.001414211466908455,656,3,0.9461767673492432,0.0,0.0,10905008,,
42,dp_fisher_wiener,b47a1595ee654f8a78e687241bff5037cb0f0d90ae4862e4d6981afb2651c309,0.08503469813516298,1.8973983255036047,1.8989943825667757,0.20461659713420155,497.8799957705356,5.266663331160172,0.041150994561115706,0.31656454857822186,0.7227942429353207,0.010325580064847713,0.002008516125083101,0.14059683650672958,18.4510022600315,0.989421821772518,0.90625,0.001369544304907322,657,3,1.052698016166687,0.0,0.0,10905008,,
42,dp_fisher_wiener,b47a1595ee654f8a78e687241bff5037cb0f0d90ae4862e4d6981afb2651c309,0.08996354609652138,1.9033474371733308,1.9051858620498217,0.20746850772619144,447.6133304796557,4.8257957079270355,0.0440355364097734,0.3235893988708592,0.725830358920361,0.010515051210948772,0.002234071087214007,0.1542129074517001,18.390237369483724,0.9892188293347867,0.91796875,0.0011169062927365303,658,3,1.079613208770752,0.0,0.0,10905008,,
42,dp_fisher_wiener,b47a1595ee654f8a78e687241bff5037cb0f0d90ae4862e4d6981afb2651c309,0.07785215460513448,1.9006568313280847,1.9023393810478952,0.2035132341620208,596.0272953200327,6.290476914918514,0.04206477239513827,0.29513732031103046,0.6699927027444278,0.01035779881238581,0.0016777755107637974,0.10852666377978709,18.108026012709946,0.9894459918793834,0.90625,0.0011434778571128845,659,3,1.0094376802444458,0.0,0.0,10905008,,
42,dp_fisher_wiener,b47a1595ee654f8a78e687241bff5037cb0f0d90ae4862e4d6981afb2651c309,0.08335018088825996,1.8955050006117258,1.8970872936420151,0.19930706771402457,517.1741097833177,5.343797888694921,0.04094369666166652,0.28731293176591655,0.6515600860707326,0.010047881756323438,0.001933584804302662,0.1253843060872099,18.11879956191449,0.9896673136036676,0.91796875,0.0013899179175496101,660,3,1.0214083194732666,0.0,0.0,10905008,,
42,dp_fisher_wiener,b47a1595ee654f8a78e687241bff5037cb0f0d90ae4862e4d6981afb2651c309,0.06966692084383863,1.899624305281503,1.9010417011182983,0.20204905459537056,743.5021066669418,7.72955183370687,0.03866109012446323,0.28992603006632917,0.6737411890135938,0.010214037652536147,0.0013449861013529632,0.08871834685957136,18.192956439331503,0.989603860211835,0.9296875,0.0011250795796513557,661,3,1.062986969947815,0.0,0.0,10905008,,
42,dp_fisher_wiener,b47a1595ee654f8a78e687241bff5037cb0f0d90ae4862e4d6981afb2651c309,0.09296923869268445,1.8988549513816566,1.901182800124295,0.20588708724847452,417.1622809864409,4.362566751374237,0.04947395272192138,0.3480950198576355,0.6554834512537473,0.010117813045223457,0.0023971486528441164,0.15529949656611314,18.114750812071268,0.9895422789877908,0.91796875,0.0011363355442881584,662,3,0.9444147944450378,0.0,0.0,10905008,,
42,dp_fisher_wiener,b47a1595ee654f8a78e687241bff5037cb0f0d90ae4862e4d6981afb2651c309,0.08861749596341341,1.8956331640943906,1.8975651146070305,0.2065431942361593,457.5827539844757,4.853967412707526,0.04514022496490932,0.3385898697141839,0.7332652838472977,0.010355874416115116,0.0021853970482163527,0.154740751253872,18.500743486495935,0.9893921539427798,0.87890625,0.0013976721093058586,663,3,0.9472332000732422,0.0,0.0,10905008,,
42,dp_fisher_wiener,b47a1595ee654f8a78e687241bff5037cb0f0d90ae4862e4d6981afb2651c309,0.07230111920076147,1.898125261321987,1.8995193459118995,0.1963044263553532,689.2228984316308,6.96138158832666,0.03830599532422192,0.25972582321039406,0.576799992450433,0.009835190737024933,0.0014509094257953213,0.08509083030093131,17.682424590536858,0.9898996658350067,0.8984375,0.0011079059913754463,664,3,0.9323713779449463,0.0,0.0,10905008,,
42,dp_fisher_wiener,b47a1595ee654f8a78e687241bff5037cb0f0d90ae4862e4d6981afb2651c309,0.07089448897561294,1.8959465786370493,1.8971995992780581,0.19861937476066835,715.199561707803,7.350332724609193,0.036352589600569994,0.2674771725914851,0.689133389314534,0.010115237050412399,0.0013982111474074288,0.0952576773389778,18.333272273557796,0.989722682845253,0.8828125,0.0011423397809267044,665,3,1.1042397022247314,0.0,0.0,10905008,,
42,dp_fisher_wiener,b47a1595ee654f8a78e687241bff5037cb0f0d90ae4862e4d6981afb2651c309,0.10421618230036697,1.8979509443486702,1.9012173321433814,0.21214141311866946,331.6650023181783,3.439959734186805,0.05872325122284368,0.4184700125513039,0.7174944405112498,0.010092442584745547,0.003015090506740634,0.21434956485500484,18.5182225276844,0.9896282100609284,0.91015625,0.0013853656128048897,666,3,0.9903602004051208,0.0,0.0,10905008,,
42,dp_fisher_wiener,b47a1595ee654f8a78e687241bff5037cb0f0d90ae4862e4d6981afb2651c309,0.08989196922668456,1.896312141491952,1.898361356379894,0.20302485597817319,445.01829191501986,4.48632255236517,0.04646031461045638,0.35746341882430677,0.7536125925458291,0.009889151077384587,0.0022470986430079753,0.17124238683117315,18.819891348771893,0.9899187906792366,0.89453125,0.0011499114334583282,667,3,1.0630240440368652,0.0,0.0,10905008,,
42,dp_fisher_wiener,b47a1595ee654f8a78e687241bff5037cb0f0d90ae4862e4d6981afb2651c309,0.06600372131675594,1.897070133911657,1.898203844121389,0.20158867291855329,826.0948786729391,8.935135042500198,0.03455716555680418,0.2280485531216596,0.5675294564176192,0.010621487798901163,0.0012105147067085155,0.06468046347467582,17.27803052763543,0.9891838876221442,0.890625,0.001112661324441433,668,3,0.9250109195709229,0.0,0.0,10905008,,
42,dp_fisher_wiener,b47a1595ee654f8a78e687241bff5037cb0f0d90ae4862e4d6981afb2651c309,0.08270487023100348,1.8944538175997083,1.8962558278853225,0.2067597228141577,524.6937319881029,5.672403932535878,0.04358550303454832,0.31549329929510905,0.7226249442515253,0.010615530184037129,0.0019058737295459037,0.1297374576542334,18.329712591771273,0.9891891143600264,0.87109375,0.0014072759076952934,669,3,0.9832943677902222,0.0,0.0,10905008,,
42,dp_fisher_wiener,b47a1595ee654f8a78e687241bff5037cb0f0d90ae4862e4d6981afb2651c309,0.10118791933649293,1.8963990264998443,1.8993199119712108,0.21018418039687936,351.238501479586,3.5220204471615495,0.05548168926690636,0.43150152061111124,0.7948837352285364,0.009855431241835863,0.0028470682903200353,0.229628538993888,19.066279781418036,0.9899725672660482,0.8984375,0.0012309672310948372,670,3,1.007814884185791,0.0,0.0,10905008,,
42,dp_fisher_wiener,b47a1595ee654f8a78e687241bff5037cb0f0d90ae4862e4d6981afb2651c309,0.08359694034968218,1.8954091751317648,1.896901116569657,0.201250060526402,514.0734704775404,5.320239419307387,0.039874958153733576,0.30640407391154745,0.753822336942137,0.010139369372749871,0.0019452472404920922,0.14462150130051665,18.71258057464049,0.9896508189493541,0.8984375,0.0011226218193769455,671,3,1.010023832321167,0.0,0.0,10905008,,
42,dp_fisher_wiener,b47a1595ee654f8a78e687241bff5037cb0f0d90ae4862e4d6981afb2651c309,0.09605093753639828,1.8970018518318983,1.899281957789442,0.206919666272565,390.0607873451591,4.078161683784055,0.04901037749844409,0.36270245514628374,0.7340821542332101,0.010212527887162062,0.0025637029722919693,0.184280387937323,18.56611410771247,0.9895448047686624,0.921875,0.0014072982594370842,672,3,0.984187662601471,0.0,0.0,10905008,,
42,dp_fisher_wiener,b47a1595ee654f8a78e687241bff5037cb0f0d90ae4862e4d6981afb2651c309,0.08267982012602942,1.8958820214113608,1.8977802713235503,0.20464737677249023,525.8036179334915,5.539751103421383,0.04473086142339086,0.3205346236919149,0.6786992517140835,0.010305128896187028,0.0019018507399846864,0.12525652878840338,18.186239419069988,0.9894642202630858,0.859375,0.0011737225577235222,673,3,0.9279066324234009,0.0,0.0,10905008,,
42,dp_fisher_wiener,b47a1595ee654f8a78e687241bff5037cb0f0d90ae4862e4d6981afb2651c309,0.07247743324196747,1.9010232079101743,1.9022089591551659,0.2001275236997877,687.9695688324932,7.247436556991949,0.03540604287465438,0.24934546409068428,0.6136221718599323,0.010293056324748804,0.0014535526644098337,0.08665377074146519,17.753566939679768,0.9894654692804377,0.88671875,0.0011057555675506592,674,3,0.9579357504844666,0.0,0.0,10905008,,
42,dp_fisher_wiener,b47a1595ee654f8a78e687241bff5037cb0f0d90ae4862e4d6981afb2651c309,0.07817462642826345,1.8974526594511285,1.899028204339159,0.20262082969007314,589.1288206957746,6.138625180755589,0.04072860935299057,0.304664788832789,0.6723763086606228,0.010180613872026407,0.0016974216244506036,0.11210582196624057,18.198384364372963,0.9895801648720834,0.8671875,0.0014083851128816605,675,3,0.9652040600776672,0.0,0.0,10905008,,
42,dp_fisher_wiener,b47a1595ee654f8a78e687241bff5037cb0f0d90ae4862e4d6981afb2651c309,0.09762889329690339,1.8984302363154775,1.9008723108374583,0.21338932776794378,378.12252731697066,4.083617214118568,0.05067780654206675,0.38745839691013106,0.7816409485061523,0.010554690570863933,0.0026446453930964314,0.1958525567193065,18.695617972114775,0.989200280546379,0.890625,0.0012247199192643166,676,3,1.0049281120300293,0.0,0.0,10905008,,
42,dp_fisher_wiener,b47a1595ee654f8a78e687241bff5037cb0f0d90ae4862e4d6981afb2651c309,0.08048050832471834,1.9000795904248284,1.9016255121773222,0.2032775129812137,557.3938395153035,5.9155028845278155,0.04036181738366398,0.28983968346323535,0.6732198528059221,0.010387495923067881,0.0017940636027030895,0.1162743401909116,18.116460480270153,0.989387211581545,0.87109375,0.0011132322251796722,677,3,0.9885138869285583,0.0,0.0,10905008,,
42,dp_fisher_wiener,b47a1595ee654f8a78e687241bff5037cb0f0d90ae4862e4d6981afb2651c309,0.11261009766018619,1.8942770568857246,1.8974719993931828,0.21197068224737034,282.96474412643715,2.9059950110000505,0.05802155498618034,0.4348878988193803,0.7798828154531797,0.010003292235872499,0.0035340091678489572,0.27552059410164387,18.91886394307656,0.9897301869885926,0.8984375,0.001139090396463871,678,3,0.8764899969100952,0.0,0.0,10905008,,
42,dp_fisher_wiener,b47a1595ee654f8a78e687241bff5037cb0f0d90ae4862e4d6981afb2651c309,0.08450120722952863,1.901172430111493,1.9030612121170023,0.205379032399976,506.19422752978636,5.25376367591093,0.04454242793357944,0.34015831924262374,0.7252256058410466,0.01017375485327146,0.0019755262811661212,0.14082335036946528,18.529918606772096,0.9896210517817485,0.91796875,0.0013924939557909966,679,3,1.0146379470825195,0.0,0.0,10905008,,
42,dp_fisher_wiener,b47a1595ee654f8a78e687241bff5037cb0f0d90ae4862e4d6981afb2651c309,0.07626911896487575,1.9019900440825759,1.903647599948775,0.20522547482633968,621.8977983831605,6.535072410003478,0.04175588936879211,0.3168881358265297,0.716183596406537,0.010328064062982211,0.0016079812509831365,0.11150296787740983,18.410054463190853,0.9894917260890908,0.90234375,0.0011121993884444237,680,3,0.9524728059768677,0.0,0.0,10905008,,
42,dp_fisher_wiener,b47a1595ee654f8a78e687241bff5037cb0f0d90ae4862e4d6981afb2651c309,0.07926832387894664,1.9016683826107943,1.9032978810787229,0.2052035804864365,575.5329881851843,6.1352212627125065,0.04137188259767426,0.3025153132035876,0.6493734726496466,0.010381046379447074,0.0017375198648366863,0.1086883987735687,17.962534118910504,0.9893399311791721,0.87109375,0.0011138338595628738,681,3,0.8463648557662964,0.0,0.0,10905008,,
42,dp_fisher_wiener,b47a1595ee654f8a78e687241bff5037cb0f0d90ae4862e4d6981afb2651c309,0.07744532766971415,1.8988129458795469,1.900344662539608,0.20060506893073657,601.1376438461127,6.235729159010577,0.040146720624998876,0.2844905684638621,0.6391999154001506,0.010140022235172361,0.0016635125250765157,0.10486338597522082,17.99597801304545,0.9896267864392716,0.8671875,0.0014049401506781578,682,3,0.9491124153137207,0.0,0.0,10905008,,
42,dp_fisher_wiener,b47a1595ee654f8a78e687241bff5037cb0f0d90ae4862e4d6981afb2651c309,0.07789524279471893,1.8997970142856533,1.9013856981217965,0.2024841277101535,594.8295439467128,6.209679106006499,0.040870421474676955,0.2976441401485665,0.6831200947247105,0.010234086821326007,0.0016811538868763704,0.11221616766186288,18.244479635671553,0.9895605738329617,0.8671875,0.0013923775404691696,683,3,0.9360537528991699,0.0,0.0,10905008,,
42,dp_fisher_wiener,b47a1595ee654f8a78e687241bff5037cb0f0d90ae4862e4d6981afb2651c309,0.08261094582861507,1.898484815807171,1.9004797384759895,0.21016261890314408,528.1278462675037,5.813709438154075,0.04586996671018993,0.32591324207216466,0.7040320800497084,0.010805927448612052,0.0018934809192899095,0.12336482145032722,18.139304012143526,0.9889918521069466,0.85546875,0.0011232830584049225,684,3,0.8608306646347046,0.0,0.0,10905008,,
42,dp_fisher_wiener,b47a1595ee654f8a78e687241bff5037cb0f0d90ae4862e4d6981afb2651c309,0.07981581007865031,1.9021309412000662,1.903830052797675,0.2032374608202921,567.9406688326151,6.0207135442404995,0.042240313460704684,0.28729324903394826,0.6413504100876236,0.010387880292257283,0.0017607473011190084,0.1087089927886704,17.90568440314049,0.9893990448745038,0.9296875,0.0011248085647821426,685,3,0.9626579284667969,0.0,0.0,10905008,,
42,dp_fisher_wiener,b47a1595ee654f8a78e687241bff5037cb0f0d90ae4862e4d6981afb2651c309,0.07616467098636535,1.8981289106379367,1.8997639346057897,0.2005813928742087,621.075313457187,6.312426049069089,0.041503547631028884,0.30814542398772743,0.6988249875791323,0.01000493455918577,0.0016101106873188796,0.11246306255909809,18.44154172938324,0.9898362953537317,0.8828125,0.0013835504651069641,686,3,1.0354527235031128,0.0,0.0,10905008,,
42,dp_fisher_wiener,b47a1595ee654f8a78e687241bff5037cb0f0d90ae4862e4d6981afb2651c309,0.05969775999974669,1.9027490786362142,1.9036592360472,0.19635792416261139,1015.8906638782581,10.451977049419677,0.030922184187750605,0.20778076019523356,0.5635551683003618,0.01010902159863046,0.0009843578992069207,0.05487573414335199,17.46227312233539,0.9897115138261874,0.890625,0.001169697381556034,687,3,1.0239818096160889,0.0,0.0,10905008,,
42,dp_fisher_wiener,b47a1595ee654f8a78e687241bff5037cb0f0d90ae4862e4d6981afb2651c309,0.08401904253085919,1.895574838766607,1.8974180434019332,0.1998448362849246,509.0101172072803,5.004914436934255,0.044067644933252714,0.34740715620846463,0.7687412450854223,0.009667066031648089,0.0019645974923733,0.15622807557172919,19.004854975350696,0.9901673576462632,0.86328125,0.0011174725368618965,688,3,1.0305460691452026,0.0,0.0,10905008,,
42,dp_fisher_wiener,b47a1595ee654f8a78e687241bff5037cb0f0d90ae4862e4d6981afb2651c309,0.07532064381993168,1.8965308396804947,1.8979190497174014,0.2007977983004156,634.0036689791966,6.6900513530293395,0.03826688576324513,0.26576445764139156,0.6758721978525492,0.010361848109622259,0.0015772779382074319,0.10288109761905796,18.1442735996761,0.989447929593532,0.8828125,0.0011454913765192032,689,3,0.9472626447677612,0.0,0.0,10905008,,
42,dp_fisher_wiener,b47a1595ee654f8a78e687241bff5037cb0f0d90ae4862e4d6981afb2651c309,0.09610406617530937,1.8992448451287465,1.9014966080682103,0.20764904309491353,390.5515685588287,4.040163207512682,0.04868722989434872,0.376810626086208,0.7929503608574697,0.010145039063070302,0.0025604813304976417,0.20013078141236887,18.929922773489928,0.9896552375338803,0.84765625,0.0013612844049930573,690,3,0.9209274053573608,0.0,0.0,10905008,,
42,dp_fisher_wiener,b47a1595ee654f8a78e687241bff5037cb0f0d90ae4862e4d6981afb2651c309,0.07958719141304708,1.894988180418594,1.8965899609369683,0.19841262465773393,566.9263631644133,5.6513905994503375,0.041099265249756586,0.313629080675027,0.7150912789092102,0.009759811780519682,0.0017638975091229584,0.12923893966318775,18.64920039018475,0.9900315261969749,0.8515625,0.0011213207617402077,691,3,0.9462676048278809,0.0,0.0,10905008,,
42,dp_fisher_wiener,b47a1595ee654f8a78e687241bff5037cb0f0d90ae4862e4d6981afb2651c309,0.06979222080465657,1.9025419440754232,1.904030384695713,0.20190800501505593,743.1122907695536,7.719743761350696,0.03964590175547049,0.28510866606068574,0.6482764224957601,0.010213629229850054,0.0013456916433973163,0.08541333789266221,18.02580138305984,0.9896116053290491,0.8984375,0.0014142999425530434,692,3,0.9763602018356323,0.0,0.0,10905008,,
42,dp_fisher_wiener,b47a1595ee654f8a78e687241bff5037cb0f0d90ae4862e4d6981afb2651c309,0.07756135496158524,1.902334928420895,1.903922303183738,0.20236884133802815,601.5658708588633,6.173804197639308,0.04082635489991772,0.3130977020072373,0.7413882325880363,0.010071919191413398,0.0016623283471945988,0.12236304244074284,18.669334556703596,0.9897371102705291,0.89453125,0.0012401621788740158,693,3,0.975935697555542,0.0,0.0,10905008,,
42,dp_fisher_wiener,b47a1595ee654f8a78e687241bff5037cb0f0d90ae4862e4d6981afb2651c309,0.09754585834408584,1.8924073806667845,1.8947869374507111,0.2086295663749769,376.36705182656067,3.983508669378599,0.05011950690580887,0.3719145947599674,0.7404257582915366,0.01032308602767803,0.0026569807187996107,0.19057256312328108,18.556719721052755,0.9894158942711776,0.85546875,0.0011211913079023361,694,3,0.7873594760894775,0.0,0.0,10905008,,
42,dp_fisher_wiener,b47a1595ee654f8a78e687241bff5037cb0f0d90ae4862e4d6981afb2651c309,0.05917686541269143,1.900871275193195,1.9017432049949128,0.19376874804839556,1031.8142034920543,10.464440581418797,0.030289508843685576,0.19198278356087262,0.5224268139736438,0.0099491586300701,0.0009691667320819788,0.050890603618586445,17.202391036807953,0.9898582123157442,0.859375,0.0011452212929725647,695,3,0.8680520057678223,0.0,0.0,10905008,,
42,dp_fisher_wiener,b47a1595ee654f8a78e687241bff5037cb0f0d90ae4862e4d6981afb2651c309,0.07483924293747256,1.898054634799097,1.89940177959181,0.2068236960392772,643.2186782645726,7.094030973823882,0.03769487041019892,0.27922254086331344,0.715991173563037,0.010837297324549657,0.0015546812205752734,0.10271361931583738,18.199866798006447,0.9889710432648475,0.88671875,0.0013903109356760979,696,3,0.9792919158935547,0.0,0.0,10905008,,
42,dp_fisher_wiener,b47a1595ee654f8a78e687241bff5037cb0f0d90ae4862e4d6981afb2651c309,0.09080034056738356,1.8976707241900095,1.8998325161425154,0.2089123354460407,436.7840394682853,4.6592858832784625,0.047691579583449405,0.35516953326695316,0.7466887028404201,0.010440117417330051,0.002289460945266618,0.163744769838422,18.544341974037543,0.9893327469361081,0.86328125,0.0011079926043748856,697,3,0.9305627346038818,0.0,0.0,10905008,,
42,dp_fisher_wiener,b47a1595ee654f8a78e687241bff5037cb0f0d90ae4862e4d6981afb2651c309,0.07348501594878305,1.8978947298142679,1.8993386527744165,0.20163473341434796,667.0319768056245,6.915655297234778,0.0389866428334938,0.2939754447772845,0.724294814044812,0.010210030148940806,0.001499178502061442,0.10635102920384364,18.508883509377398,0.9896321982487983,0.88671875,0.001123584806919098,698,3,0.9541108012199402,0.0,0.0,10905008,,
42,dp_fisher_wiener,b47a1595ee654f8a78e687241bff5037cb0f0d90ae4862e4d6981afb2651c309,0.06606343548560156,1.893265879879687,1.8943689158996682,0.19897253352770763,821.2982686289891,8.582188629967575,0.034128550660456926,0.2471901837934267,0.6455854355848054,0.01024408903195569,0.001217584448874968,0.07673252199340429,17.994803795818125,0.9895504605844456,0.90625,0.0013912450522184372,699,3,0.8830423355102539,0.0,0.0,10905008,0.8722250716209412,0.7049
42,dp_fisher_wiener,b47a1595ee654f8a78e687241bff5037cb0f0d90ae4862e4d6981afb2651c309,0.10397735029195206,1.8908454875199727,1.8940289606248588,0.22240554853214006,330.7003016707412,3.7853567933619465,0.05803997822219611,0.4183959540227508,0.7811018714570275,0.011235600892823274,0.0030238859621690498,0.21022133189078065,18.42111374285934,0.9885535127296928,0.87890625,0.0011507850140333176,700,3,0.9323774576187134,0.14663026109337807,0.0045784590765833855,10905008,,
42,dp_fisher_wiener,b47a1595ee654f8a78e687241bff5037cb0f0d90ae4862e4d6981afb2651c309,0.07791973001571241,1.9005898503499925,1.90233576738311,0.21936588782394448,594.9520059461225,7.196509098974378,0.042876343261351424,0.30712652546674457,0.7503263475768426,0.011928390871528267,0.0016808078464157264,0.10572711995616221,17.986683349858403,0.9879040510376494,0.91015625,0.0015173722058534622,701,3,1.1147587299346924,0.0,0.0,10905008,,
42,dp_fisher_wiener,b47a1595ee654f8a78e687241bff5037cb0f0d90ae4862e4d6981afb2651c309,0.08642507439384182,1.9048874887208056,1.9068993782756096,0.2143622227915607,485.8018167288873,5.487919790867899,0.04592787480130556,0.33545802253487783,0.7531589696609419,0.011117213603628242,0.002058452573519122,0.13945419012464894,18.30890702303891,0.988703377381709,0.91015625,0.0013857875019311905,702,4,0.9286645650863647,0.0,0.0,10905008,,
42,dp_fisher_wiener,b47a1595ee654f8a78e687241bff5037cb0f0d90ae4862e4d6981afb2651c309,0.0733164014220001,1.8988144774613753,1.9000174423051306,0.21251642774989632,670.7532532917414,7.915319285134252,0.0356962730034231,0.2564464330568139,0.7141370035196413,0.011593149375693987,0.0014908611995635603,0.09183692156376473,17.895801050120173,0.9881993575934408,0.91015625,0.0014986610040068626,703,4,0.99715256690979,0.0,0.0,10905008,,
42,dp_fisher_wiener,b47a1595ee654f8a78e687241bff5037cb0f0d90ae4862e4d6981afb2651c309,0.09302203085520315,1.9005549808740905,1.9028273421545316,0.21559918373806608,417.43536722043086,4.779756813988179,0.04885672795969257,0.3434573798008611,0.7041944149545063,0.011212435914497703,0.002395580438099529,0.15045386908798503,17.979926023530844,0.9885497080762138,0.88671875,0.0011386731639504433,704,4,0.8386121988296509,0.0,0.0,10905008,,
42,dp_fisher_wiener,b47a1595ee654f8a78e687241bff5037cb0f0d90ae4862e4d6981afb2651c309,0.09487096827492428,1.8963675078058386,1.8988194370750409,0.2181816347358219,399.55663307249733,4.592917892285439,0.0508097649579713,0.3687397963118099,0.7496179069999039,0.011243262573723184,0.0025027741178987573,0.16686653752084069,18.239475991300655,0.9885049639722767,0.86328125,0.001109980046749115,705,4,0.8150516748428345,0.0,0.0,10905008,,
42,dp_fisher_wiener,b47a1595ee654f8a78e687241bff5037cb0f0d90ae4862e4d6981afb2651c309,0.0738153885192558,1.9019646736585696,1.9036058599282741,0.20522693199178452,663.9128470236091,7.092782750888273,0.0416123826268101,0.2944198686656087,0.6760115673424176,0.010523434683131484,0.001506221794470914,0.09675770191626477,18.077966172472234,0.989316696035204,0.89453125,0.0011038659140467644,706,4,0.8227067589759827,0.0,0.0,10905008,,
42,dp_fisher_wiener,b47a1595ee654f8a78e687241bff5037cb0f0d90ae4862e4d6981afb2651c309,0.06313287001152502,1.8975684486642648,1.898607976302408,0.20963857695348664,903.4077994227965,10.526094660918867,0.033087298236431355,0.22590005149305134,0.625275510481696,0.0114944729477265,0.0011069198211347598,0.06021414461775472,17.35582356664612,0.9883484571777649,0.86328125,0.0011398633942008018,707,4,0.9718078970909119,0.0,0.0,10905008,,
42,dp_fisher_wiener,b47a1595ee654f8a78e687241bff5037cb0f0d90ae4862e4d6981afb2651c309,0.07446499487419991,1.8941049320022274,1.8955664831980228,0.20883322598595735,646.9991973222666,7.249055689248713,0.039261676649854346,0.28809131932878645,0.7073055800856765,0.011027911844822762,0.0015455969713070378,0.0991311299837543,18.071137983548503,0.9887958814798405,0.8828125,0.0013912711292505264,708,4,0.8989520072937012,0.0,0.0,10905008,,
42,dp_fisher_wiener,b47a1595ee654f8a78e687241bff5037cb0f0d90ae4862e4d6981afb2651c309,0.09386615147011841,1.8983466551926462,1.9004376398334373,0.21776811431662627,409.00914515411665,4.714237798654784,0.046959912594208786,0.359505498342956,0.8136078457117228,0.01130616488789183,0.0024449331065920818,0.17594089398704268,18.570998128744908,0.988474003932413,0.859375,0.0011390987783670425,709,4,1.00571608543396,0.0,0.0,10905008,,
42,dp_fisher_wiener,b47a1595ee654f8a78e687241bff5037cb0f0d90ae4862e4d6981afb2651c309,0.0700503547706938,1.9032646569473903,1.9044295409874898,0.21304164693352612,738.2061986345067,8.751914037229021,0.035015579721328585,0.24617636883177538,0.6762290005525806,0.011648228363636182,0.0013546350621895084,0.07864230385820711,17.63833915214006,0.988144350381485,0.91796875,0.001116149127483368,710,4,0.9670023322105408,0.0,0.0,10905008,,
42,dp_fisher_wiener,b47a1595ee654f8a78e687241bff5037cb0f0d90ae4862e4d6981afb2651c309,0.06564611200673451,1.8993251342958934,1.9005613643408377,0.21062422101864295,837.1063028665857,9.699405330984002,0.03609579833651094,0.24855026294210467,0.689070192272244,0.011487331028394157,0.001194591411321685,0.07165784041764714,17.780443271523964,0.9884131736939901,0.87109375,0.0011106589809060097,711,4,0.997870683670044,0.0,0.0,10905008,,
42,dp_fisher_wiener,b47a1595ee654f8a78e687241bff5037cb0f0d90ae4862e4d6981afb2651c309,0.07204576549861606,1.8995129802728545,1.9011356137101054,0.20728845919602296,695.1325272186664,7.56000611921338,0.041460735056003443,0.29858159829586595,0.6901522790151254,0.010746979671417835,0.0014385746036201506,0.09238275047899261,18.076584988390735,0.9891243671915915,0.85546875,0.001162043772637844,712,4,0.9011213183403015,0.0,0.0,10905008,,
42,dp_fisher_wiener,b47a1595ee654f8a78e687241bff5037cb0f0d90ae4862e4d6981afb2651c309,0.060979167596268,1.8969910849287523,1.8980076554768632,0.20337358371848327,967.759841039662,10.63207655007485,0.03273031395665512,0.22353387806149277,0.6181205180902061,0.010850503212866094,0.0010333142142543298,0.05886480148339211,17.55623279743897,0.989013724170813,0.86328125,0.0011042142286896706,713,4,0.9236781597137451,0.0,0.0,10905008,,
42,dp_fisher_wiener,b47a1595ee654f8a78e687241bff5037cb0f0d90ae4862e4d6981afb2651c309,0.07732870729502271,1.897924460444278,1.8994854592788133,0.2099447007263604,602.3880469944028,6.78139453873274,0.04053341486468253,0.29275484938354357,0.74786738853629,0.011108864855357578,0.0016600594995567406,0.1117579859949598,18.281549122177584,0.9887424815738519,0.85546875,0.001137230545282364,714,4,0.8806254863739014,0.0,0.0,10905008,,
42,dp_fisher_wiener,b47a1595ee654f8a78e687241bff5037cb0f0d90ae4862e4d6981afb2651c309,0.07201633911417087,1.8977843692957752,1.8992967368555984,0.20703647924968588,694.4350765590082,7.589092511836577,0.03995066382234813,0.29143990414073695,0.710950090223022,0.010796070184064565,0.0014400194252312305,0.09482912976735372,18.185734142483696,0.9890715593609714,0.84375,0.0011421022936701775,715,4,0.8614645004272461,0.0,0.0,10905008,,
42,dp_fisher_wiener,b47a1595ee654f8a78e687241bff5037cb0f0d90ae4862e4d6981afb2651c309,0.09117517922546979,1.8945856482112655,1.8964209570489727,0.2171152937514967,431.79263941578864,5.053104053750061,0.04415848857577842,0.33962088897003656,0.7839853648021842,0.011474621051172081,0.0023159264623695696,0.15823201869003853,18.34569603450123,0.9882973826034055,0.9296875,0.001519700512290001,716,4,0.9509035348892212,0.0,0.0,10905008,,
42,dp_fisher_wiener,b47a1595ee654f8a78e687241bff5037cb0f0d90ae4862e4d6981afb2651c309,0.08396457739194928,1.8936490943562505,1.8955791486238212,0.2169892147537952,508.6356496091957,5.945206300311745,0.045122300951558156,0.3353667297507624,0.7655730355834084,0.011523730372305847,0.0019660438677985242,0.13061310213877894,18.22393540213624,0.988311463608817,0.85546875,0.0015391986817121506,717,4,0.880456805229187,0.0,0.0,10905008,,
42,dp_fisher_wiener,b47a1595ee654f8a78e687241bff5037cb0f0d90ae4862e4d6981afb2651c309,0.07515454680241095,1.9023645188261433,1.9040034651347433,0.21239925969294382,640.7327959831764,7.215948158601338,0.0415342211097247,0.3133694951138998,0.7602296182713546,0.011111902571811959,0.0015607129931412675,0.10677741597531078,18.35156360454452,0.9887379759490432,0.85546875,0.001471562311053276,718,4,0.9076606035232544,0.0,0.0,10905008,,
42,dp_fisher_wiener,b47a1595ee654f8a78e687241bff5037cb0f0d90ae4862e4d6981afb2651c309,0.09551727234895968,1.8960154715754334,1.8984998145518703,0.22103358480170507,394.0215088624339,4.621430092523248,0.05114832752435153,0.37455371800144904,0.7944926397909415,0.0115791962644738,0.0025379325173825696,0.17413719048061624,18.364114629348144,0.9882711222900894,0.87109375,0.001114487648010254,719,4,0.8772128224372864,0.0,0.0,10905008,,
42,dp_fisher_wiener,b47a1595ee654f8a78e687241bff5037cb0f0d90ae4862e4d6981afb2651c309,0.09255693831021596,1.8937785790311148,1.896342969272542,0.21730874016064886,418.6397277549544,4.7530855025985765,0.05209141088638835,0.37465523907360593,0.7352506200471832,0.011161787134516392,0.002388688730631721,0.15734799896216836,18.18701663419836,0.9886463582228885,0.8515625,0.001115008257329464,720,4,0.7750070095062256,0.0,0.0,10905008,,
42,dp_fisher_wiener,b47a1595ee654f8a78e687241bff5037cb0f0d90ae4862e4d6981afb2651c309,0.07423043205074414,1.8904167220109516,1.8919877965371497,0.21177099094323334,648.5614392992849,7.447232352305835,0.040773091549276726,0.29649419588314496,0.7271113982509307,0.011335202875403926,0.0015418739678674876,0.09890552019243647,18.07171655063878,0.9885173063012351,0.86328125,0.0011377092450857162,721,4,0.9514423608779907,0.0,0.0,10905008,,
42,dp_fisher_wiener,b47a1595ee654f8a78e687241bff5037cb0f0d90ae4862e4d6981afb2651c309,0.06969963301666313,1.8964245416130034,1.897566563226343,0.20528636979044104,740.3040934362754,8.162347112865474,0.03474550133552306,0.2567562069624176,0.7233771196710407,0.010869066916182455,0.0013507962588078766,0.08990055123132866,18.23172505196367,0.9889743320545805,0.83203125,0.0013837656006217003,722,4,0.9418884515762329,0.0,0.0,10905008,,
42,dp_fisher_wiener,b47a1595ee654f8a78e687241bff5037cb0f0d90ae4862e4d6981afb2651c309,0.07486084403290205,1.9004169803289563,1.9018156284925423,0.2089909446290428,644.4487203314907,7.163367107886514,0.038357851991694836,0.2919995751023025,0.7546846142390544,0.010956567802457524,0.001551713842036811,0.10688151468415646,18.38090965289722,0.9888845041011178,0.85546875,0.0011732075363397598,723,4,0.9163165092468262,0.0,0.0,10905008,,
42,dp_fisher_wiener,b47a1595ee654f8a78e687241bff5037cb0f0d90ae4862e4d6981afb2651c309,0.0622004591108513,1.8963669802627334,1.8973808475262737,0.20515368355038874,929.5175387991594,10.399843164563613,0.032686778579343816,0.22416594352265695,0.6564263360475863,0.01104533584354168,0.0010758269295629934,0.06393659185764256,17.740070709478907,0.9888115686574389,0.88671875,0.0011052675545215607,724,4,0.9269375801086426,0.0,0.0,10905008,,
42,dp_fisher_wiener,b47a1595ee654f8a78e687241bff5037cb0f0d90ae4862e4d6981afb2651c309,0.0726763488214784,1.895092960511317,1.8966923051627531,0.21009759591638832,679.9466450835811,7.587471631806377,0.04115582790492994,0.30607356332732255,0.7224770432827382,0.010967000632875855,0.0014707036309995632,0.09688607182703463,18.187361831836693,0.9888410779188835,0.8671875,0.0011128317564725876,725,4,0.8761045336723328,0.0,0.0,10905008,,
42,dp_fisher_wiener,b47a1595ee654f8a78e687241bff5037cb0f0d90ae4862e4d6981afb2651c309,0.0668874226344374,1.8940595254779469,1.8951098142296496,0.20461695305760638,801.8595831669392,8.88088602448981,0.0333453581336769,0.2414672331376884,0.6875563244476047,0.01090197834718835,0.0012471011393624684,0.0786510712512422,17.9980296587703,0.988924636917835,0.8515625,0.0011584172025322914,726,4,0.885454535484314,0.0,0.0,10905008,,
42,dp_fisher_wiener,b47a1595ee654f8a78e687241bff5037cb0f0d90ae4862e4d6981afb2651c309,0.08476350177176196,1.8973183246071696,1.8989374675090365,0.21107897506422205,501.0287211027882,5.640717226108569,0.041412410026805235,0.31331322629782127,0.7555371802550124,0.011056108118475676,0.0019958935640645363,0.1363926419220244,18.346535637750787,0.988741728790135,0.84375,0.0011284342035651207,727,4,0.853428065776825,0.0,0.0,10905008,,
42,dp_fisher_wiener,b47a1595ee654f8a78e687241bff5037cb0f0d90ae4862e4d6981afb2651c309,0.07308466171264891,1.8995606444452962,1.9011246977683174,0.21229846487159035,675.5443158860406,7.676511769166205,0.04061319323804987,0.30320565819296874,0.729049745975256,0.011217912024761823,0.001480287786154946,0.09620359227811255,18.128451329771092,0.9886365533857011,0.87890625,0.001123557798564434,728,4,0.8708318471908569,0.0,0.0,10905008,,
42,dp_fisher_wiener,b47a1595ee654f8a78e687241bff5037cb0f0d90ae4862e4d6981afb2651c309,0.06662734563605618,1.893481541018943,1.8946152210723388,0.20598761019218506,807.6387123413743,8.980124708792104,0.03459349081552721,0.25522050424069376,0.7244490138293358,0.01098414765087542,0.0012381773984996565,0.08166281299001336,18.192414631767665,0.9888810125473606,0.87109375,0.0013626683503389359,729,4,0.948879599571228,0.0,0.0,10905008,,
42,dp_fisher_wiener,b47a1595ee654f8a78e687241bff5037cb0f0d90ae4862e4d6981afb2651c309,0.07107714650596243,1.8987438217291202,1.900207789332376,0.2073806695251604,713.6294746482014,7.829653004770999,0.039291414760745796,0.2884527815174539,0.6825929873335652,0.010786698133585152,0.0014012874122033014,0.08867486130861045,18.01273296836024,0.9890284058003229,0.87890625,0.0011116750538349152,730,4,0.7936460971832275,0.0,0.0,10905008,,
42,dp_fisher_wiener,b47a1595ee654f8a78e687241bff5037cb0f0d90ae4862e4d6981afb2651c309,0.08172998590684914,1.8994457338560757,1.9010275190902,0.2109965359397736,540.1208381149162,6.098923710290292,0.040842007077512156,0.30327488701518474,0.7599925599727769,0.011148517967259984,0.001851437547457218,0.12621218045569688,18.33592202444293,0.9887082236420011,0.88671875,0.0011099930852651596,731,4,1.0636903047561646,0.0,0.0,10905008,,
42,dp_fisher_wiener,b47a1595ee654f8a78e687241bff5037cb0f0d90ae4862e4d6981afb2651c309,0.11405852278216495,1.8986535542908785,1.902308138703512,0.22536017553459833,277.09964415970103,3.114967824097726,0.061989513534114624,0.45270452093925695,0.8024598427444543,0.011010410386286485,0.0036088101193898466,0.26301700839931463,18.626198017121524,0.9887586725939582,0.82421875,0.0011399835348129272,732,4,0.8011981844902039,0.0,0.0,10905008,,
42,dp_fisher_wiener,b47a1595ee654f8a78e687241bff5037cb0f0d90ae4862e4d6981afb2651c309,0.11222118199814898,1.8970527772683656,1.9003816847520154,0.22573011857843428,285.7650745538698,3.2843516962088413,0.05916378450800638,0.4379076156568191,0.8386912780252207,0.011290848517643762,0.003499377947012926,0.25993597896988113,18.7087554571345,0.9885068121031396,0.859375,0.0013862866908311844,733,4,0.866301953792572,0.0,0.0,10905008,,
42,dp_fisher_wiener,b47a1595ee654f8a78e687241bff5037cb0f0d90ae4862e4d6981afb2651c309,0.07217776712516766,1.9030513349696296,1.9046470466222216,0.21132490430642545,695.1749617796625,7.782483311730815,0.04104662263637427,0.3056451451392194,0.7339666829006906,0.01104688564898401,0.0014384867907896895,0.0955745729571976,18.224364876559694,0.9888050005543851,0.859375,0.0011102920398116112,734,4,0.9226519465446472,0.0,0.0,10905008,,
42,dp_fisher_wiener,b47a1595ee654f8a78e687241bff5037cb0f0d90ae4862e4d6981afb2651c309,0.05398468657613056,1.8937967710237544,1.8945652866506664,0.1983862525887176,1230.6245501597073,13.17970874179704,0.028480169512807633,0.18026517646561813,0.5732946387918875,0.010602221036312065,0.0008125955227585974,0.04393953448582686,17.32981025863418,0.9892902276814786,0.8984375,0.0011119134724140167,735,4,0.8207683563232422,0.0,0.0,10905008,,
42,dp_fisher_wiener,b47a1595ee654f8a78e687241bff5037cb0f0d90ae4862e4d6981afb2651c309,0.07310569234892224,1.898121370815226,1.8994938829001076,0.20995134464208828,674.132971518093,7.606502499933349,0.038011036392712645,0.28574182819113514,0.7567518992123934,0.011142573416817333,0.0014833868718224729,0.10074475533687835,18.31968015084654,0.9887166140490028,0.875,0.001139204017817974,736,4,0.9187310338020325,0.0,0.0,10905008,,
42,dp_fisher_wiener,b47a1595ee654f8a78e687241bff5037cb0f0d90ae4862e4d6981afb2651c309,0.06029725655357541,1.8996638565527149,1.9006508743637835,0.20633781360771297,992.5637590698959,11.183281675580645,0.032227214245651746,0.22309558190102097,0.6719021180990719,0.011160852117408927,0.0010074919526194966,0.06065271450432463,17.79608656123306,0.9887329337048765,0.83984375,0.00139653030782938,737,4,0.8473523855209351,0.0,0.0,10905008,,
42,dp_fisher_wiener,b47a1595ee654f8a78e687241bff5037cb0f0d90ae4862e4d6981afb2651c309,0.055049272661450745,1.9026945220159206,1.903365213521695,0.20585149419353616,1194.6342590258544,13.638467214866786,0.026642367506735556,0.17979845646154216,0.563683325385362,0.011244103188781053,0.0008370762784629756,0.041963857185170206,17.001103650018287,0.9885835626160727,0.890625,0.0011527929455041885,738,4,0.7971886396408081,0.0,0.0,10905008,,
42,dp_fisher_wiener,b47a1595ee654f8a78e687241bff5037cb0f0d90ae4862e4d6981afb2651c309,0.08010664904456287,1.8998441908983652,1.9018467438134654,0.21650702861070772,562.4693220413347,6.445801351042523,0.04604565154440499,0.3439061202185934,0.7493153083782446,0.011294727533620274,0.0017778747402874366,0.11794784384889818,18.2178884630811,0.988540172595285,0.890625,0.0011189263314008713,739,4,0.8882830739021301,0.0,0.0,10905008,,
42,dp_fisher_wiener,b47a1595ee654f8a78e687241bff5037cb0f0d90ae4862e4d6981afb2651c309,0.06239476506740148,1.8955533406380325,1.8964876793956003,0.20571195003039608,922.9447677524784,10.451592136814904,0.03142102950900172,0.21508373929767757,0.6479490617879535,0.011184388484825216,0.0010834884542203116,0.06277011286629705,17.6292862137026,0.9886758205886325,0.86328125,0.0011387746781110764,740,4,0.8152910470962524,0.0,0.0,10905008,,
42,dp_fisher_wiener,b47a1595ee654f8a78e687241bff5037cb0f0d90ae4862e4d6981afb2651c309,0.07944585792019015,1.8963002996082772,1.8977596496994262,0.20712309283894512,569.7334373787156,6.2907724288754965,0.03929353778474573,0.2888623591144218,0.7176134396300389,0.010835113333395848,0.0017552067936229627,0.11624797506444352,18.210571051692725,0.9889583934939523,0.87109375,0.0013878922909498215,741,4,0.8312588930130005,0.0,0.0,10905008,,
42,dp_fisher_wiener,b47a1595ee654f8a78e687241bff5037cb0f0d90ae4862e4d6981afb2651c309,0.06677656243493467,1.8964817881328382,1.8976790316516878,0.20822362775024025,806.5833191111212,9.106241571656856,0.0355177141669115,0.2592859786125152,0.7124113690503623,0.01116337666367495,0.0012397975213242589,0.07911995414093444,18.049352627715653,0.988710104268348,0.90234375,0.0011470522731542587,742,4,0.8900405168533325,0.0,0.0,10905008,,
42,dp_fisher_wiener,b47a1595ee654f8a78e687241bff5037cb0f0d90ae4862e4d6981afb2651c309,0.07546551981293241,1.8996885419818725,1.9016493706574131,0.21042387131984652,633.6766010236917,6.871974735530395,0.04581183371655982,0.3412222892412989,0.7629140875204073,0.010753942443313175,0.001578092039707087,0.11195416518389022,18.50907926449082,0.989155391370887,0.83984375,0.0013796007260680199,743,4,0.9334140419960022,0.0,0.0,10905008,,
42,dp_fisher_wiener,b47a1595ee654f8a78e687241bff5037cb0f0d90ae4862e4d6981afb2651c309,0.060216754596976306,1.8992957561283583,1.9001872692247863,0.20599725170866326,994.8337372577622,11.18623396439135,0.03064654675781219,0.2216535739244634,0.6913520387330275,0.011103561882042309,0.0010051930913404883,0.06258733013564118,17.942369302530498,0.9887556748977745,0.8125,0.0011667031794786453,744,4,0.798310399055481,0.0,0.0,10905008,,
42,dp_fisher_wiener,b47a1595ee654f8a78e687241bff5037cb0f0d90ae4862e4d6981afb2651c309,0.08628877165865992,1.9039630142415136,1.905852250354846,0.21495534484203602,486.864873210218,5.563693920843222,0.04452133695081277,0.32956419161574046,0.7772827921054017,0.01128112369800361,0.0020539579971579516,0.14152014017504833,18.382266917036286,0.9885724063760102,0.875,0.001112758181989193,745,4,1.018805742263794,0.0,0.0,10905008,,
42,dp_fisher_wiener,b47a1595ee654f8a78e687241bff5037cb0f0d90ae4862e4d6981afb2651c309,0.09047203125383693,1.9036477892138626,1.9054302915930053,0.21426436709376676,442.73567210535526,5.073896336838743,0.04343360978331286,0.32405606240021473,0.7494771204231779,0.0112386627603646,0.002258684047576785,0.15062575078406845,18.240437398704344,0.9885396712835239,0.85546875,0.0011346591636538506,746,4,0.7714986801147461,0.0,0.0,10905008,,
42,dp_fisher_wiener,b47a1595ee654f8a78e687241bff5037cb0f0d90ae4862e4d6981afb2651c309,0.07909013574420069,1.904118456807055,1.9059326076595642,0.21237723729788832,579.6198944934343,6.547288474768631,0.04367525547674619,0.3097115978842521,0.6873361956181253,0.011118742899093655,0.0017252685929868231,0.10665230431578934,17.911135265128614,0.9887041688234512,0.87890625,0.0013893786817789078,747,4,0.7073773145675659,0.0,0.0,10905008,,
42,dp_fisher_wiener,b47a1595ee654f8a78e687241bff5037cb0f0d90ae4862e4d6981afb2651c309,0.07654109602682858,1.895730847655173,1.8975188533336331,0.21198796617699286,613.4285719407053,6.915177125513857,0.043517799575194825,0.3169213595459875,0.7312378746307479,0.011136044174278761,0.0016301816471725932,0.10704434577114362,18.173277324677926,0.9887270051611153,0.85546875,0.0011877762153744698,748,4,0.8448108434677124,0.0,0.0,10905008,,
42,dp_fisher_wiener,b47a1595ee654f8a78e687241bff5037cb0f0d90ae4862e4d6981afb2651c309,0.07487638983698601,1.8947766304234874,1.8963385221654387,0.21120021010157086,640.3630223621053,7.282254488844273,0.04059337081075612,0.29670822274924136,0.7579393399701795,0.011242255459501816,0.0015616142170930777,0.1052821520945776,18.287809993900204,0.9886279278557025,0.859375,0.001111714169383049,749,4,0.9461387991905212,0.0,0.0,10905008,,
42,dp_fisher_wiener,b47a1595ee654f8a78e687241bff5037cb0f0d90ae4862e4d6981afb2651c309,0.08997773592909285,1.8992538728259007,1.9015835373004446,0.22676244941991291,445.54945755475916,5.498336073808955,0.049534339225869015,0.367649140443014,0.833321901185132,0.012224013280352395,0.002244419744924282,0.1530040982606357,18.33598982806038,0.9876594259501894,0.83203125,0.0014668051153421402,750,4,0.8908083438873291,0.14374075178056955,0.00446936022490263,10905008,,
42,dp_fisher_wiener,b47a1595ee654f8a78e687241bff5037cb0f0d90ae4862e4d6981afb2651c309,0.05807944294790726,1.9011092576664013,1.9020468846451726,0.2132683223599872,1071.4434855747536,12.909134646422459,0.031407506934832304,0.2143956595774392,0.6510320476618788,0.01192822149573011,0.0009333203413587805,0.05093981976632767,17.370266723532726,0.9879516420415828,0.87890625,0.0011010486632585526,751,4,0.9899065494537354,0.0,0.0,10905008,,
42,dp_fisher_wiener,b47a1595ee654f8a78e687241bff5037cb0f0d90ae4862e4d6981afb2651c309,0.10106409213553742,1.8984821833701893,1.9011974211693516,0.22771286060119408,352.87370179424397,4.307493292545418,0.05342637176980006,0.3926065124456674,0.8239146174328063,0.012046410133605412,0.002833875108338065,0.19382298128801279,18.350245626863806,0.9877931019777273,0.8515625,0.0011218078434467316,752,4,0.9336414933204651,0.0,0.0,10905008,,
42,dp_fisher_wiener,b47a1595ee654f8a78e687241bff5037cb0f0d90ae4862e4d6981afb2651c309,0.07997719828655828,1.9019017656560726,1.9035903583993228,0.21823454090211578,565.5145599640381,6.729628178768423,0.04211099777957483,0.314476012356624,0.7813322583587407,0.011737135757489756,0.001768301067097151,0.11771446585807749,18.23273627054884,0.9880999913084563,0.88671875,0.0011440040543675423,753,4,0.8658601641654968,0.0,0.0,10905008,,
42,dp_fisher_wiener,b47a1595ee654f8a78e687241bff5037cb0f0d90ae4862e4d6981afb2651c309,0.06155324846946702,1.894621468694544,1.8955498054545952,0.21163395760875786,947.4208819643742,11.32346876571387,0.0313144071915313,0.21783428308162042,0.6995624935275473,0.01182531858706945,0.0010554971066949618,0.06244112432247944,17.720136668485495,0.9880481114768838,0.83984375,0.0013911351561546326,754,4,0.896152913570404,0.0,0.0,10905008,,
42,dp_fisher_wiener,b47a1595ee654f8a78e687241bff5037cb0f0d90ae4862e4d6981afb2651c309,0.06563095760570424,1.8987146782379267,1.8998800223440406,0.21332710380765674,836.95466325145,9.93358214944959,0.035022962284488,0.25097524494659856,0.6955296202742166,0.011728533876169093,0.0011948078476350286,0.07085491311305814,17.730719030167844,0.9881312780899549,0.8515625,0.0014788433909416199,755,4,0.8382017016410828,0.0,0.0,10905008,,
42,dp_fisher_wiener,b47a1595ee654f8a78e687241bff5037cb0f0d90ae4862e4d6981afb2651c309,0.059901291987197604,1.898271891113372,1.8991669969924698,0.21258399625360566,1004.2560447416217,12.076330784175285,0.030709905136419618,0.21392458958146773,0.6810438957981824,0.011913541068647317,0.0009957619921305146,0.056923262586152774,17.57134238114372,0.9879748487973712,0.83984375,0.001118379645049572,756,4,0.8143280744552612,0.0,0.0,10905008,,
42,dp_fisher_wiener,b47a1595ee654f8a78e687241bff5037cb0f0d90ae4862e4d6981afb2651c309,0.08497204018614747,1.901128580077076,1.9031236085871892,0.22176656964828143,500.5769983261298,5.996361762320536,0.045790702311570404,0.3477359270606724,0.8137054318752442,0.011834285929752778,0.0019976946667647644,0.1373580975997074,18.373251568512966,0.988021100085761,0.84375,0.001110035926103592,757,4,0.8235841989517212,0.0,0.0,10905008,,
42,dp_fisher_wiener,b47a1595ee654f8a78e687241bff5037cb0f0d90ae4862e4d6981afb2651c309,0.055850314170750315,1.8925310391863008,1.893303457478756,0.2113130215732505,1148.2455765133868,13.727688280974556,0.028576765506703038,0.2098075449971324,0.7033195789272381,0.011845413090695386,0.0008708938402494017,0.051709187725803976,17.736024963789845,0.9880446408314026,0.87890625,0.0012127719819545746,758,4,0.9643630981445312,0.0,0.0,10905008,,
42,dp_fisher_wiener,b47a1595ee654f8a78e687241bff5037cb0f0d90ae4862e4d6981afb2651c309,0.07579696403046794,1.8996002306988526,1.9011707852142292,0.2190209445236477,628.0884478725411,7.6293654069212105,0.04064627378150388,0.29766897112520907,0.7808017772863907,0.012018561875563851,0.0015921324507923368,0.10343499166645401,18.126882893113997,0.987853039754574,0.8828125,0.001114274375140667,759,4,0.821652352809906,0.0,0.0,10905008,,
42,dp_fisher_wiener,b47a1595ee654f8a78e687241bff5037cb0f0d90ae4862e4d6981afb2651c309,0.07406243379492461,1.9035662379700347,1.9049795462306633,0.21484488598820722,660.6022185821781,7.755667515797836,0.038514749224541046,0.2860066850667595,0.7566061533538347,0.01158022017605043,0.0015137702715617173,0.09890381054912165,18.15153052042684,0.988259701076328,0.89453125,0.0014237584546208382,760,4,0.8207634091377258,0.0,0.0,10905008,,
42,dp_fisher_wiener,b47a1595ee654f8a78e687241bff5037cb0f0d90ae4862e4d6981afb2651c309,0.06775339973066272,1.8952880668010073,1.8967513427052063,0.21384612590657132,782.5070734615167,9.20493206763716,0.03944913394776009,0.27832648697383683,0.7329496575497407,0.01167074550358524,0.0012779437192283233,0.08025780454814986,17.97975547232181,0.9882366148756772,0.90234375,0.0015127062797546387,761,4,0.8753694295883179,0.0,0.0,10905008,,
42,dp_fisher_wiener,b47a1595ee654f8a78e687241bff5037cb0f0d90ae4862e4d6981afb2651c309,0.08814238458624228,1.895888505563258,1.8982290061317917,0.21976064392775055,462.6536531116117,5.372591013058901,0.04975426819183672,0.36973576136915476,0.7832156816172171,0.011458550204899946,0.002161444080567465,0.14773918765849006,18.34751702293168,0.9883874449560192,0.8515625,0.00115886889398098,762,4,0.7699735164642334,0.0,0.0,10905008,,
42,dp_fisher_wiener,b47a1595ee654f8a78e687241bff5037cb0f0d90ae4862e4d6981afb2651c309,0.07582778691079224,1.8976996123345198,1.8993787470283734,0.21825373100025047,626.3227338692361,7.47591578290315,0.04209547455698406,0.3141787220094251,0.793187403598136,0.011829241024996977,0.0015966209523452888,0.10705840089279871,18.264189276805354,0.9880637962209721,0.8046875,0.0011155474931001663,763,4,0.8376412391662598,0.0,0.0,10905008,,
42,dp_fisher_wiener,b47a1595ee654f8a78e687241bff5037cb0f0d90ae4862e4d6981afb2651c309,0.057215643708436695,1.8952050172118524,1.8963342225686575,0.21172669885540873,1097.1924690258181,12.877309089298192,0.03481593305415717,0.24542851455205628,0.7152758065525531,0.011685850848148997,0.0009114171195343114,0.05578666234368206,17.86813196484234,0.9882634000388937,0.8515625,0.0011169575154781342,764,4,0.8891885280609131,0.0,0.0,10905008,,
42,dp_fisher_wiener,b47a1595ee654f8a78e687241bff5037cb0f0d90ae4862e4d6981afb2651c309,0.06881429219389108,1.894868079588662,1.8962272661585418,0.21690464998200137,758.2294789526069,9.247404787224701,0.03788949084515262,0.26774539162232036,0.7471624430369453,0.012079352981591936,0.001318861937641772,0.08157755709630501,17.913713608659002,0.9878039498015875,0.86328125,0.0014060838147997856,765,4,0.8784268498420715,0.0,0.0,10905008,,
42,dp_fisher_wiener,b47a1595ee654f8a78e687241bff5037cb0f0d90ae4862e4d6981afb2651c309,0.04986425027296359,1.8964867648039374,1.8971395187593605,0.21077052645587085,1446.5086829083366,17.356359846799087,0.026230324564002833,0.1786432701184174,0.6071736347725947,0.011898559058912421,0.0006913197351756994,0.035277474732644774,17.078185339473666,0.988001205902271,0.8515625,0.00151118915528059,766,4,0.8392844200134277,0.0,0.0,10905008,,
42,dp_fisher_wiener,b47a1595ee654f8a78e687241bff5037cb0f0d90ae4862e4d6981afb2651c309,0.061932677384086136,1.9006379554786845,1.9016877535299785,0.21437989496259985,941.8008652574656,11.354533016755692,0.033229562192119234,0.23507759148707777,0.6901127215897056,0.011930591982426294,0.0010617955840013333,0.06141846452384573,17.622580395940567,0.9879438069812683,0.8203125,0.0011155065149068832,767,4,0.7794221639633179,0.0,0.0,10905008,,
42,dp_fisher_wiener,b47a1595ee654f8a78e687241bff5037cb0f0d90ae4862e4d6981afb2651c309,0.056067281337200285,1.8966850605271988,1.897690417545204,0.21040910953710357,1144.3831399827789,13.319514104973827,0.032699015261056175,0.23502060576460815,0.7303921067810843,0.011574999237804544,0.0008738332161173379,0.055139604830245714,18.000350997538096,0.988360966148828,0.80859375,0.0011359425261616707,768,4,0.9600216746330261,0.0,0.0,10905008,,
42,dp_fisher_wiener,b47a1595ee654f8a78e687241bff5037cb0f0d90ae4862e4d6981afb2651c309,0.06579675753530022,1.8986663427775803,1.8998819716132478,0.2160687509951447,832.699529627201,10.079013604296383,0.03578561393531164,0.2595805827449072,0.753295670976388,0.011987257464369983,0.0012009133717373816,0.07546704048230779,17.982456381000542,0.9878959777858816,0.82421875,0.0011263545602560043,769,4,0.9879430532455444,0.0,0.0,10905008,,
42,dp_fisher_wiener,b47a1595ee654f8a78e687241bff5037cb0f0d90ae4862e4d6981afb2651c309,0.07954116019642131,1.8975411437951533,1.899026896966692,0.22034234322713953,569.1130704544805,6.9766476079560595,0.03961435147854141,0.3063317943208951,0.8185163555360194,0.012102909661456466,0.0017571200728935773,0.11883353331791119,18.301375700522865,0.9877411924446179,0.84765625,0.0013996465131640434,770,4,0.9117833375930786,0.0,0.0,10905008,,
42,dp_fisher_wiener,b47a1595ee654f8a78e687241bff5037cb0f0d90ae4862e4d6981afb2651c309,0.06797575700961776,1.8962456742248566,1.897643866608677,0.2169353391432471,778.1818557085585,9.422720646365178,0.03847197565533778,0.27606999738357973,0.7434849916143981,0.012009515865890486,0.0012850466667239033,0.07955465658124865,17.917467055558912,0.9878913642392974,0.84375,0.0013334667310118675,771,4,0.7949525117874146,0.0,0.0,10905008,,
42,dp_fisher_wiener,b47a1595ee654f8a78e687241bff5037cb0f0d90ae4862e4d6981afb2651c309,0.08256465772971686,1.8956856627984746,1.8974966899830652,0.2179289707765404,527.1622235699142,6.215769665048988,0.04368039226820701,0.3317230162003205,0.8031185225290767,0.011639513019224218,0.0018969492788786756,0.13088821670086007,18.388448316685633,0.9882090002144797,0.87109375,0.0011194627732038498,772,4,0.9258993268013,0.0,0.0,10905008,,
42,dp_fisher_wiener,b47a1595ee654f8a78e687241bff5037cb0f0d90ae4862e4d6981afb2651c309,0.06585617758645457,1.8944337071730357,1.8958010972411108,0.21313118802994802,827.4957748873387,9.6487173749696,0.03812474672341513,0.2819571306947619,0.7739610302062971,0.011580797047792446,0.0012084653844973362,0.08076344920712075,18.249806430450658,0.9883398590448628,0.84765625,0.0011504348367452621,773,4,0.8678126335144043,0.0,0.0,10905008,,
42,dp_fisher_wiener,b47a1595ee654f8a78e687241bff5037cb0f0d90ae4862e4d6981afb2651c309,0.07623099809724447,1.9101647656708278,1.9115901661933639,0.21829313209683662,627.8825995930622,7.567450614586321,0.038630624098051805,0.2850646305115101,0.7951961681686519,0.011955165734704112,0.0015926544237342374,0.10593518511272797,18.22918677318279,0.9879476663002147,0.8515625,0.0013789935037493706,774,4,0.8977494239807129,0.0,0.0,10905008,,
42,dp_fisher_wiener,b47a1595ee654f8a78e687241bff5037cb0f0d90ae4862e4d6981afb2651c309,0.05839121088620709,1.8983473289175172,1.8994170539129567,0.2100631509731727,1056.9547332193763,12.267135879281218,0.03368563128797406,0.23279486943312483,0.6584686179766309,0.011505120513521639,0.0009461143114999157,0.05414863604225406,17.576439092072224,0.9883938871800939,0.85546875,0.0011136513203382492,775,4,0.8155759572982788,0.0,0.0,10905008,,
42,dp_fisher_wiener,b47a1595ee654f8a78e687241bff5037cb0f0d90ae4862e4d6981afb2651c309,0.05986135267307425,1.8988323534810672,1.8995567294213194,0.21442716118120433,1006.1904548814107,12.419801782613375,0.02785525125541827,0.1970060739727847,0.7123375937246351,0.012212804664557113,0.0009938476308031727,0.057968259501546986,17.658704536765054,0.9876566094198601,0.87109375,0.0011085504665970802,776,4,0.9433773756027222,0.0,0.0,10905008,,
42,dp_fisher_wiener,b47a1595ee654f8a78e687241bff5037cb0f0d90ae4862e4d6981afb2651c309,0.07814110318223112,1.900294414005324,1.9020487628503335,0.217817267795134,591.4018884019899,6.95393310999031,0.04298198236982648,0.32576798561145565,0.7927724886043335,0.011633478561780876,0.0016908975426812075,0.11522753456372507,18.33438976467899,0.9882416115904222,0.84375,0.0014140121638774872,777,4,0.9457951784133911,0.0,0.0,10905008,,
42,dp_fisher_wiener,b47a1595ee654f8a78e687241bff5037cb0f0d90ae4862e4d6981afb2651c309,0.06885248934359489,1.9001922027596594,1.9013980975539109,0.21592423996897045,761.6505673138201,9.220252113900097,0.035614377898329413,0.25741084227145133,0.7458150736250231,0.011988018903100507,0.0013129380357656266,0.08168230179719775,17.9388373728669,0.9878943802977586,0.87109375,0.0015248749405145645,778,4,0.8894696235656738,0.0,0.0,10905008,,
42,dp_fisher_wiener,b47a1595ee654f8a78e687241bff5037cb0f0d90ae4862e4d6981afb2651c309,0.07209206154663034,1.8984815715374286,1.8998147813642785,0.21762387785806314,693.4862937228438,8.475330664490407,0.03746011308009261,0.27117407745617206,0.7445519084497033,0.012094200281940429,0.0014419895661369334,0.08877280502927998,17.893178246179037,0.9877786616098929,0.84375,0.0011088782921433449,779,4,0.770335853099823,0.0,0.0,10905008,,
42,dp_fisher_wiener,b47a1595ee654f8a78e687241bff5037cb0f0d90ae4862e4d6981afb2651c309,0.0591754999277681,1.8938696075836756,1.8949854815338862,0.21196228063852962,1024.2743044486158,11.988192189821483,0.034465182117550126,0.2571247700638912,0.7236374093037524,0.011616838967949947,0.0009763009726700757,0.06081584746914853,17.944330405879857,0.9882959163011791,0.83203125,0.0011101961135864258,780,4,0.8112314939498901,0.0,0.0,10905008,,
42,dp_fisher_wiener,b47a1595ee654f8a78e687241bff5037cb0f0d90ae4862e4d6981afb2651c309,0.07490004738128235,1.8969154556845396,1.8984326754612522,0.21821656410987395,641.4041495233492,7.768196712473163,0.03997531010485297,0.29516994417376724,0.7774094537716464,0.01199634387025454,0.0015590794050281804,0.10103437196751808,18.116009112671094,0.9878887644892166,0.85546875,0.0014047455042600632,781,4,0.9098964333534241,0.0,0.0,10905008,,
42,dp_fisher_wiener,b47a1595ee654f8a78e687241bff5037cb0f0d90ae4862e4d6981afb2651c309,0.07754757294826567,1.900144174598479,1.9016762488978531,0.21743772971892283,600.3944777298271,7.169881411156595,0.040137882677395646,0.30174197833852356,0.8081060156350893,0.011830991829363887,0.0016655716148732238,0.11376547808120488,18.34447185091151,0.9880580490375845,0.828125,0.0016162153333425522,782,4,0.9455222487449646,0.0,0.0,10905008,,
42,dp_fisher_wiener,b47a1595ee654f8a78e687241bff5037cb0f0d90ae4862e4d6981afb2651c309,0.07221359499103105,1.8982496412217469,1.8998240180714425,0.2189387414105325,690.9851611567439,8.335967591173299,0.04079797283215072,0.3060824796383323,0.7853217936566751,0.01196663360759404,0.0014472090806319348,0.09497448225275683,18.17075655532821,0.9879361120038871,0.8671875,0.0015005208551883698,783,4,0.845262348651886,0.0,0.0,10905008,,
42,dp_fisher_wiener,b47a1595ee654f8a78e687241bff5037cb0f0d90ae4862e4d6981afb2651c309,0.06912295345520707,1.8951251910578533,1.896369061813113,0.21309821318421154,751.6769563150124,8.910705314443575,0.036214224133833885,0.25844014930732323,0.7310620693273482,0.011744726481093445,0.001330358728426083,0.08280948957789783,17.941113440697755,0.9881455654060163,0.8515625,0.002309327945113182,784,4,0.7675906419754028,0.0,0.0,10905008,,
42,dp_fisher_wiener,b47a1595ee654f8a78e687241bff5037cb0f0d90ae4862e4d6981afb2651c309,0.0748271605503531,1.9010919654800358,1.9028603781030156,0.2194943010961319,645.4873295710208,7.704328881154145,0.043284074794029494,0.3238987516074154,0.7940315794427326,0.011820434644582292,0.0015492170860823946,0.10406785595793527,18.27204328783155,0.9880643220583862,0.81640625,0.0013656578958034515,785,4,0.8788252472877502,0.0,0.0,10905008,,
42,dp_fisher_wiener,b47a1595ee654f8a78e687241bff5037cb0f0d90ae4862e4d6981afb2651c309,0.08522998080916701,1.8966523997296356,1.8985473241856565,0.21886992771700786,495.21148499984974,5.8535330298573065,0.04466808235883986,0.3389907107929081,0.8352505142425687,0.011701066962177206,0.002019339272517807,0.1441453306305152,18.53591286823312,0.9881797308682018,0.8359375,0.001112501136958599,786,4,0.8589891791343689,0.0,0.0,10905008,,
42,dp_fisher_wiener,b47a1595ee654f8a78e687241bff5037cb0f0d90ae4862e4d6981afb2651c309,0.06611883567661297,1.8975005984076636,1.8985257230626336,0.21303457015485988,823.5945204324174,9.882351681549626,0.032913294952402694,0.23260451976274682,0.711317741646142,0.011863902360188402,0.0012141897195308456,0.07279853316242817,17.778360769230673,0.9880009501807294,0.77734375,0.0011436417698860168,787,4,0.7127383351325989,0.0,0.0,10905008,,
42,dp_fisher_wiener,b47a1595ee654f8a78e687241bff5037cb0f0d90ae4862e4d6981afb2651c309,0.06966791013381123,1.900632647887537,1.9018512402046461,0.21400906965732416,744.2704973809425,8.78409524900534,0.0358016545984593,0.2689166178393547,0.7771630029908051,0.011688037139711418,0.0013435975271257566,0.08933872101028081,18.227705345646413,0.9881977113429676,0.8125,0.0013899048790335655,788,4,0.7468051910400391,0.0,0.0,10905008,,
42,dp_fisher_wiener,b47a1595ee654f8a78e687241bff5037cb0f0d90ae4862e4d6981afb2651c309,0.07083342570553276,1.9030598567288217,1.904261496827538,0.21409843536568915,721.8191578386852,8.54594625391544,0.035557616594889346,0.26301129933574297,0.7775702644398976,0.011735168021814102,0.0013853885546549873,0.09179561323553291,18.2125033174966,0.9881605438687692,0.85546875,0.00111459381878376,789,4,0.8403528928756714,0.0,0.0,10905008,,
42,dp_fisher_wiener,b47a1595ee654f8a78e687241bff5037cb0f0d90ae4862e4d6981afb2651c309,0.07227773473178163,1.8988358934751408,1.900165382273918,0.21607213204146242,690.1854497153619,8.291488054950829,0.03740653417281107,0.2752066010270979,0.7625809333805209,0.011898282429327223,0.0014488859482921716,0.09286153741593324,18.06801668743512,0.9879865794644497,0.859375,0.0011377688497304916,790,4,0.8437732458114624,0.0,0.0,10905008,,
42,dp_fisher_wiener,b47a1595ee654f8a78e687241bff5037cb0f0d90ae4862e4d6981afb2651c309,0.06397694874259294,1.897612139383062,1.8988102965510067,0.21340315367476378,879.7673755962986,10.354442065328396,0.03556863019565306,0.2656108372465811,0.7690566331743464,0.011681962009730247,0.0011366641085975872,0.07482981641892504,18.184425324953914,0.9882304773369126,0.79296875,0.001383141614496708,791,4,0.7486810684204102,0.0,0.0,10905008,,
42,dp_fisher_wiener,b47a1595ee654f8a78e687241bff5037cb0f0d90ae4862e4d6981afb2651c309,0.09224492572116674,1.9015665009741896,1.903861022260062,0.22725476143215134,424.95022645853965,5.249279370190783,0.04908498945469238,0.3693888951529031,0.8481699077553241,0.012236832507190841,0.0023532167713287895,0.1631081941248106,18.408138442794765,0.9876473077472251,0.80859375,0.0015055648982524872,792,4,0.7922186255455017,0.0,0.0,10905008,,
42,dp_fisher_wiener,b47a1595ee654f8a78e687241bff5037cb0f0d90ae4862e4d6981afb2651c309,0.053535492953725096,1.8985037564279632,1.8991015953430872,0.2126027600161012,1257.590677836124,15.353234223244973,0.025260345279783002,0.17848069611748235,0.6900250206984215,0.012097025513573102,0.0007951712884604568,0.04535727269004586,17.561862417817537,0.9877915489564074,0.81640625,0.001100596971809864,793,4,0.7969440817832947,0.0,0.0,10905008,,
42,dp_fisher_wiener,b47a1595ee654f8a78e687241bff5037cb0f0d90ae4862e4d6981afb2651c309,0.059191939379164615,1.893672001338446,1.8948788398494265,0.21143513721956558,1023.4918218998341,11.869857353720157,0.03600099364366917,0.2644873463540217,0.7213740133774823,0.011517826114643658,0.0009770473767519504,0.06119354299988068,17.967899753371817,0.9884025870068178,0.81640625,0.001109209842979908,794,4,0.8370546102523804,0.0,0.0,10905008,,
42,dp_fisher_wiener,b47a1595ee654f8a78e687241bff5037cb0f0d90ae4862e4d6981afb2651c309,0.05945929215228414,1.8967242935983633,1.8977829189088908,0.2141438144780251,1017.5808935765601,12.194995020724663,0.033464699192575574,0.24655555834706647,0.7151342947697302,0.011897007988547842,0.0009827228538088033,0.059071895712898476,17.789498519129612,0.9880156996876596,0.8046875,0.0011872798204421997,795,4,0.7755521535873413,0.0,0.0,10905008,,
42,dp_fisher_wiener,b47a1595ee654f8a78e687241bff5037cb0f0d90ae4862e4d6981afb2651c309,0.06331608296218481,1.9017413433086812,1.9028633652816462,0.21543412339292423,902.1418229385824,10.870613853522388,0.034352793056022436,0.2507725192748903,0.7188644428998558,0.011935683477336525,0.0011084731627815905,0.06676131654511283,17.797997091872745,0.987950216277403,0.8203125,0.0011103292927145958,796,4,0.7157129049301147,0.0,0.0,10905008,,
42,dp_fisher_wiener,b47a1595ee654f8a78e687241bff5037cb0f0d90ae4862e4d6981afb2651c309,0.0701847642852482,1.8977926976510917,1.8991939398912259,0.21708340122184305,731.1590350253872,8.801932034851552,0.03843519730204452,0.28530084126250543,0.7546330156108174,0.011921526586851973,0.0013676915033430338,0.08657491607801503,18.014039300071598,0.9879616723404868,0.83984375,0.0012114960700273514,797,4,0.7711250185966492,0.0,0.0,10905008,,
42,dp_fisher_wiener,b47a1595ee654f8a78e687241bff5037cb0f0d90ae4862e4d6981afb2651c309,0.10649917177785741,1.8956721344013183,1.8984311626457826,0.23024183891340694,316.83561321599166,3.9376894142329975,0.05393700290852363,0.40153672520527184,0.8511183050353245,0.012250193368091604,0.0031562108494092773,0.21928705514610464,18.41846986847372,0.987571821948098,0.83984375,0.0011100517585873604,798,4,0.8294294476509094,0.0,0.0,10905008,,
42,dp_fisher_wiener,b47a1595ee654f8a78e687241bff5037cb0f0d90ae4862e4d6981afb2651c309,0.05131813989462843,1.8989526909810628,1.899745204153416,0.2107237566461322,1369.2617537673646,16.183826656303307,0.028946502830626785,0.2042321215927932,0.650977339944589,0.011739051293941238,0.0007303205518365086,0.04049919524212862,17.439328706418237,0.9881806187810541,0.8203125,0.0011494653299450874,799,4,0.8747864961624146,0.0,0.0,10905008,0.7797892967224122,0.7335
42,dp_fisher_wiener,b47a1595ee654f8a78e687241bff5037cb0f0d90ae4862e4d6981afb2651c309,0.0725557405396423,1.894691742415524,1.8960483839852709,0.22005929946025657,681.9202173094704,8.463704010810106,0.03782464217796271,0.2860556777887832,0.7832336310429362,0.012276521545769144,0.0014664472095508232,0.09355832338820946,18.048159966563585,0.9875884248685257,0.83984375,0.001123509369790554,800,4,0.8118200302124023,0.1463133068755269,0.004613211378455162,10905008,,
42,dp_fisher_wiener,b47a1595ee654f8a78e687241bff5037cb0f0d90ae4862e4d6981afb2651c309,0.06127843288653686,1.900178929226679,1.9010239459559302,0.2142827368503748,961.5540363668323,11.655317330325804,0.029903942828876207,0.2248846748016588,0.7917192187334969,0.012048330559042022,0.0010399831542612498,0.06833931444303985,18.176443127620672,0.9878786663156639,0.75,0.0013264790177345276,801,4,0.8973804712295532,0.0,0.0,10905008,,
42,dp_fisher_wiener,b47a1595ee654f8a78e687241bff5037cb0f0d90ae4862e4d6981afb2651c309,0.08926946915388469,1.8918423670045426,1.8937086534093008,0.22914111351751962,449.12164879812514,5.918177207410258,0.04446592120124142,0.3254047756509942,0.8305347500954318,0.013034764393704658,0.002226568241700865,0.14187002100912446,18.042546225696377,0.9868227745795689,0.80078125,0.0011092806234955788,802,4,0.7644566893577576,0.0,0.0,10905008,,
42,dp_fisher_wiener,b47a1595ee654f8a78e687241bff5037cb0f0d90ae4862e4d6981afb2651c309,0.051622757137638975,1.901790111642306,1.9023841586077403,0.21709756128151075,1357.1966447737484,17.25286344024524,0.025073577068557354,0.1703796122765741,0.7024002813814569,0.0126295751127195,0.0007368129028871725,0.040978226573520286,17.451959362919947,0.9872878676007067,0.8046875,0.0011203335598111153,803,4,0.8272192478179932,0.0,0.0,10905008,,
42,dp_fisher_wiener,b47a1595ee654f8a78e687241bff5037cb0f0d90ae4862e4d6981afb2651c309,0.0772969429279383,1.8953181842567555,1.8969631442672206,0.22436881161329533,601.22858773681,7.669610946024571,0.04164568700798079,0.30247483504253825,0.8036993698992151,0.012630582780692944,0.001663260896486356,0.10583531717330785,18.036702380892766,0.9872434360200786,0.82421875,0.0013951966539025307,804,4,0.7584697008132935,0.0,0.0,10905008,,
42,dp_fisher_wiener,b47a1595ee654f8a78e687241bff5037cb0f0d90ae4862e4d6981afb2651c309,0.061175136212379196,1.8977747999929189,1.8988320823499756,0.21651070373689688,962.3642042412207,11.82927932578921,0.03338668735041165,0.2396898753079499,0.749420497005413,0.012213055915679805,0.0010391076427463002,0.06376197502376608,17.879012213179465,0.9877081054411071,0.796875,0.0014687376096844673,805,4,0.770240306854248,0.0,0.0,10905008,,
42,dp_fisher_wiener,b47a1595ee654f8a78e687241bff5037cb0f0d90ae4862e4d6981afb2651c309,0.06595451439655049,1.8961108553703878,1.8973804313282745,0.22007856107599452,826.491506527772,10.367070777079746,0.036623239339282604,0.26482058863085156,0.7634552615423854,0.012439045100150824,0.001209933788637469,0.07426054892539015,17.879965497896627,0.9874565307747315,0.79296875,0.0011074477806687355,806,4,0.875266432762146,0.0,0.0,10905008,,
42,dp_fisher_wiener,b47a1595ee654f8a78e687241bff5037cb0f0d90ae4862e4d6981afb2651c309,0.06188285079737292,1.8914264251481496,1.8924327407438726,0.2211938818895708,934.1965941302963,12.086897237409755,0.032607378783218094,0.23632199813973215,0.7917496915819627,0.012867087917414435,0.0010704384987290103,0.06586722317192029,17.891076341854347,0.9870617198635167,0.7734375,0.0011152811348438263,807,4,0.9087570905685425,0.0,0.0,10905008,,
42,dp_fisher_wiener,b47a1595ee654f8a78e687241bff5037cb0f0d90ae4862e4d6981afb2651c309,0.0933598682994385,1.9009574349719645,1.9033828867428428,0.2294850597316136,414.5952520403948,5.2204482612342415,0.050487765419892146,0.37054649454503275,0.8286497087116624,0.012470590011728825,0.0024119909597699893,0.16027273806080655,18.224839804768212,0.9874083259865114,0.796875,0.001384166069328785,808,4,0.7382644414901733,0.0,0.0,10905008,,
42,dp_fisher_wiener,b47a1595ee654f8a78e687241bff5037cb0f0d90ae4862e4d6981afb2651c309,0.0710676300151877,1.9021854726518515,1.9036896734537125,0.22242890386796801,716.4106867684102,8.97249801032122,0.03982316381363575,0.29127495289807603,0.7952298213868989,0.012443680941347646,0.0013958474074591682,0.08920346720108299,18.055437904788565,0.9874757619113809,0.81640625,0.001233861781656742,809,4,0.7850862145423889,0.0,0.0,10905008,,
42,dp_fisher_wiener,b47a1595ee654f8a78e687241bff5037cb0f0d90ae4862e4d6981afb2651c309,0.06655160148493794,1.896294036766886,1.8976683300012671,0.22554437315711715,811.8846625231901,10.609587149025176,0.038177660953886035,0.2767522835343811,0.7906976828084149,0.012966781681044622,0.0012317020457882832,0.0751076078606207,17.851782670302278,0.9869321498006262,0.7890625,0.0010988470166921616,810,4,0.7373409271240234,0.0,0.0,10905008,,
42,dp_fisher_wiener,b47a1595ee654f8a78e687241bff5037cb0f0d90ae4862e4d6981afb2651c309,0.0589014622561767,1.9050570008191257,1.9062486829814524,0.22087591052244082,1046.0773439235447,13.151546095285262,0.035675043141023086,0.25472149072477046,0.7409566694361301,0.012496553955307405,0.0009559522587123121,0.056681162220976584,17.730025425448098,0.9874277498010292,0.73046875,0.0011306097730994225,811,4,0.7229903340339661,0.0,0.0,10905008,,
42,dp_fisher_wiener,b47a1595ee654f8a78e687241bff5037cb0f0d90ae4862e4d6981afb2651c309,0.054493200177758716,1.8963140514233134,1.8968557123996819,0.2165349304624332,1210.977014433615,15.496969783082445,0.02430264127399864,0.16265251993925106,0.7014374532248155,0.012696906349288562,0.0008257795050971094,0.04561998468196898,17.42291034619117,0.9872029199577118,0.7890625,0.0013900157064199448,812,4,0.8300540447235107,0.0,0.0,10905008,,
42,dp_fisher_wiener,b47a1595ee654f8a78e687241bff5037cb0f0d90ae4862e4d6981afb2651c309,0.06486002141066631,1.8975197493474267,1.8984774679263734,0.21622005665303892,855.8909493439832,10.506173559405033,0.03184432134707139,0.24102649588479105,0.7580409173051795,0.012136164215425793,0.0011683731444157525,0.07297813663498166,17.95611203917111,0.9877248689597024,0.78125,0.0011133747175335884,813,4,0.722491979598999,0.0,0.0,10905008,,
42,dp_fisher_wiener,b47a1595ee654f8a78e687241bff5037cb0f0d90ae4862e4d6981afb2651c309,0.06119314402289248,1.899061137515087,1.9000038749966521,0.21974118738339085,963.1021631018365,12.314959404133289,0.03150553715571319,0.21998716091106776,0.7167775242356231,0.012676847148041834,0.0010383114461211458,0.05870847058636786,17.5237312470529,0.9872132366887565,0.828125,0.0011045001447200775,814,4,0.7007150650024414,0.0,0.0,10905008,,
42,dp_fisher_wiener,b47a1595ee654f8a78e687241bff5037cb0f0d90ae4862e4d6981afb2651c309,0.06699840921947436,1.9004593676291983,1.9016218318031064,0.22367501576063045,804.6151304574635,10.445493192131075,0.03496144355007453,0.2546300957210063,0.780071830828172,0.012867818284526048,0.0012428302202177038,0.07534275228729147,17.826296758246578,0.9870180253928491,0.80078125,0.0011492520570755005,815,4,0.7797374725341797,0.0,0.0,10905008,,
42,dp_fisher_wiener,b47a1595ee654f8a78e687241bff5037cb0f0d90ae4862e4d6981afb2651c309,0.08250670496306713,1.8959557082920204,1.8977905383680764,0.22658055156001247,528.0534549887119,6.728550860723208,0.043965375636076276,0.3301108744853554,0.863088003875834,0.01266058133243031,0.001893747669682795,0.1290991980035307,18.336014326695885,0.9872578224852915,0.79296875,0.0013927388936281204,816,4,0.9826105833053589,0.0,0.0,10905008,,
42,dp_fisher_wiener,b47a1595ee654f8a78e687241bff5037cb0f0d90ae4862e4d6981afb2651c309,0.06317943436725218,1.8984533993972956,1.899665862224307,0.22151518950288346,902.9182170250342,11.50269470336847,0.03581375028965372,0.25530149311635164,0.7577598374327036,0.012661313125133094,0.0011075200177531395,0.06628334521891222,17.77052833516538,0.9872605353547249,0.82421875,0.0011118939146399498,817,4,0.8465884923934937,0.0,0.0,10905008,,
42,dp_fisher_wiener,b47a1595ee654f8a78e687241bff5037cb0f0d90ae4862e4d6981afb2651c309,0.07823542342840947,1.8984976333806636,1.9003687798007554,0.22730992362049424,588.8616144386056,7.594786053044252,0.044489369076801434,0.31783500020898453,0.8074976255845338,0.012801788561180963,0.0016981918592022679,0.10711674292491472,17.99870603829396,0.9871025961502302,0.796875,0.0011419514194130898,818,4,0.7393028140068054,0.0,0.0,10905008,,
42,dp_fisher_wiener,b47a1595ee654f8a78e687241bff5037cb0f0d90ae4862e4d6981afb2651c309,0.06704665902108872,1.9061367650441008,1.9072833756947272,0.222669254703476,808.2651110518954,10.319430727418387,0.034673022318353425,0.2574943384654407,0.801335356837892,0.012659697320822104,0.0012372178213604249,0.07831359308523098,18.01390982708622,0.9872326163949035,0.78125,0.001384904608130455,819,4,0.8303184509277344,0.0,0.0,10905008,,
42,dp_fisher_wiener,b47a1595ee654f8a78e687241bff5037cb0f0d90ae4862e4d6981afb2651c309,0.07359156474904811,1.896707123868074,1.8981497731512282,0.22081943026899714,664.2697507310158,8.268552228260384,0.03898108873484822,0.2891240002332099,0.8285813138539176,0.01237407584564783,0.0015054125206131904,0.1008040277094982,18.25822361003848,0.9875524179459343,0.80078125,0.0011088289320468903,820,4,0.8864144682884216,0.0,0.0,10905008,,
42,dp_fisher_wiener,b47a1595ee654f8a78e687241bff5037cb0f0d90ae4862e4d6981afb2651c309,0.06375574380024106,1.8975468109466502,1.898563837809015,0.22151071515334858,885.821798196441,11.425683055956965,0.03273817156243651,0.23680990826609546,0.7352827512610323,0.012766060774599125,0.0011288952267710462,0.06502062014802491,17.60397470231691,0.9871016009323582,0.8046875,0.0011134957894682884,821,4,0.7789459824562073,0.0,0.0,10905008,,
42,dp_fisher_wiener,b47a1595ee654f8a78e687241bff5037cb0f0d90ae4862e4d6981afb2651c309,0.08890456928728949,1.8990642077523827,1.901185099182335,0.2305153469474246,456.2796844283256,5.922537477692049,0.04722386946348242,0.34716430153564326,0.8575784789989307,0.01290314050857533,0.002191638229797823,0.14566235084971946,18.225784471374084,0.9870199404448375,0.796875,0.0014211013913154602,822,4,0.888782262802124,0.0,0.0,10905008,,
42,dp_fisher_wiener,b47a1595ee654f8a78e687241bff5037cb0f0d90ae4862e4d6981afb2651c309,0.06308527503613204,1.8994490550693794,1.9002485043197161,0.21890043174265794,906.565730385901,11.56313379658905,0.029269068889125664,0.21285318365934053,0.7539384020655904,0.01261840536835273,0.0011030639767540928,0.06590708317919289,17.763313894243623,0.9872451236473899,0.81640625,0.0015360601246356964,823,4,0.8224296569824219,0.0,0.0,10905008,,
42,dp_fisher_wiener,b47a1595ee654f8a78e687241bff5037cb0f0d90ae4862e4d6981afb2651c309,0.08834147147191786,1.8958932467927998,1.8984086066301737,0.2327168350672404,460.5730281394961,5.963869442830073,0.05172152901501444,0.37497828959674906,0.8432920604519315,0.012868055779385731,0.0021712083399914395,0.14228744312951896,18.16465076559257,0.9870511969254481,0.79296875,0.0011135432869195938,824,4,0.9445646405220032,0.0,0.0,10905008,,
42,dp_fisher_wiener,b47a1595ee654f8a78e687241bff5037cb0f0d90ae4862e4d6981afb2651c309,0.0634642192816167,1.8979194706546294,1.8989989108246101,0.22150987735537536,894.3297515942958,11.55571327291706,0.033713722286212264,0.23301062697531263,0.7659984786832826,0.012834677643793936,0.0011181558009993192,0.06673370897668371,17.758429414270957,0.9870789121659949,0.78515625,0.0011043371632695198,825,4,0.6948168277740479,0.0,0.0,10905008,,
42,dp_fisher_wiener,b47a1595ee654f8a78e687241bff5037cb0f0d90ae4862e4d6981afb2651c309,0.06264579828519035,1.8960358537347335,1.8973957390303546,0.22153517555959537,916.0289419420556,11.523663292399856,0.03820811079770935,0.2802140117471998,0.7723159742565722,0.012508165473786378,0.0010916685641229097,0.06740501415886058,17.906013994000766,0.9874199790369445,0.76171875,0.0014019180089235306,826,4,0.6725448966026306,0.0,0.0,10905008,,
42,dp_fisher_wiener,b47a1595ee654f8a78e687241bff5037cb0f0d90ae4862e4d6981afb2651c309,0.07354531664347964,1.9001940983308216,1.9016703995672135,0.22383981045331755,667.5532052383139,8.536065485008349,0.039402593563126136,0.2837481416890194,0.7854134819718077,0.012677125300020797,0.0014980079369970919,0.0928093398278692,17.92077568749231,0.9872129061503665,0.79296875,0.0012973956763744354,827,4,0.6633529663085938,0.0,0.0,10905008,,
42,dp_fisher_wiener,b47a1595ee654f8a78e687241bff5037cb0f0d90ae4862e4d6981afb2651c309,0.05850375940996141,1.9022010580133852,1.903256004166361,0.22193677919511548,1057.1711158953585,13.540170591626392,0.03339649915359826,0.24394457927238544,0.7893382474832347,0.012746316084612226,0.000945920660025428,0.05857781584013884,17.91878462812378,0.9871920728933699,0.74609375,0.0011173617094755173,828,4,1.0193895101547241,0.0,0.0,10905008,,
42,dp_fisher_wiener,b47a1595ee654f8a78e687241bff5037cb0f0d90ae4862e4d6981afb2651c309,0.05522365506581208,1.8991163013216101,1.8998912906078445,0.21753286133111316,1182.6407181992813,14.883921874752474,0.028564157181307323,0.207251778949605,0.741137991407576,0.012500665502033222,0.0008455653388921377,0.05013177874090374,17.729659414939498,0.9874146715518041,0.78515625,0.0011372007429599762,829,4,0.7867331504821777,0.0,0.0,10905008,,
42,dp_fisher_wiener,b47a1595ee654f8a78e687241bff5037cb0f0d90ae4862e4d6981afb2651c309,0.061073282383280525,1.8973643540209029,1.89825587918534,0.21844076043959398,965.159190948592,12.237765189907623,0.03068088515701281,0.2173808739448064,0.7410808096596597,0.012603190114859926,0.0010360985100797589,0.0609236801102196,17.69385079528237,0.9873204697166313,0.7421875,0.001418950967490673,830,4,0.596678614616394,0.0,0.0,10905008,,
42,dp_fisher_wiener,b47a1595ee654f8a78e687241bff5037cb0f0d90ae4862e4d6981afb2651c309,0.06034073567310375,1.8986223474148838,1.8994319523247423,0.2187047262829433,990.0473713677378,12.549626649737641,0.029298250107005014,0.2189740794096277,0.7981304814546449,0.012581494668353572,0.00101005267893756,0.06407456763991282,18.023416590788464,0.9873242159792849,0.75390625,0.0016345614567399025,831,4,0.7713576555252075,0.0,0.0,10905008,,
42,dp_fisher_wiener,b47a1595ee654f8a78e687241bff5037cb0f0d90ae4862e4d6981afb2651c309,0.07283403310412663,1.9031780211229763,1.904473527467922,0.2215765076758991,682.794648684125,8.604412975996633,0.03690288049009806,0.2712888138398743,0.8058091387039481,0.012499058750900688,0.0014645691815810288,0.09442016831015497,18.093548787729205,0.9873982419273839,0.7578125,0.0011641541495919228,832,4,0.6757510900497437,0.0,0.0,10905008,,
42,dp_fisher_wiener,b47a1595ee654f8a78e687241bff5037cb0f0d90ae4862e4d6981afb2651c309,0.0735392703336798,1.894826576779108,1.89631569906445,0.22002125113098794,663.8963822479726,8.237193059840616,0.03963143639976785,0.2864746371255784,0.7863359154143775,0.012307538472130806,0.0015062591490991133,0.09623578831237094,18.05436910034189,0.9875926525884251,0.75390625,0.0011102687567472458,833,4,0.5894031524658203,0.0,0.0,10905008,,
42,dp_fisher_wiener,b47a1595ee654f8a78e687241bff5037cb0f0d90ae4862e4d6981afb2651c309,0.07155796734171262,1.8994420402261745,1.9006064767664634,0.2206829130407783,704.5893925394262,8.841520906171683,0.03509268326863856,0.2706532063761436,0.8236841865837455,0.012427105224359797,0.0014192663278683616,0.09407075983605853,18.213907524144975,0.9874515270882758,0.71875,0.0011402023956179619,834,4,0.7044665813446045,0.0,0.0,10905008,,
42,dp_fisher_wiener,b47a1595ee654f8a78e687241bff5037cb0f0d90ae4862e4d6981afb2651c309,0.07114889499984994,1.8945077429752493,1.8959837943141191,0.22139574868981757,709.0166763336948,8.786298421446135,0.03950092799567669,0.30473939297471536,0.8281311756663831,0.012289385213100397,0.001410404061260095,0.09504133472642194,18.28568976608034,0.9876077690205012,0.78125,0.0013835346326231956,835,4,0.8359346985816956,0.0,0.0,10905008,,
42,dp_fisher_wiener,b47a1595ee654f8a78e687241bff5037cb0f0d90ae4862e4d6981afb2651c309,0.04595409852294205,1.8984673582572535,1.8989385583515064,0.21703315165490022,1706.7022717431407,21.88577314074881,0.0223523833868227,0.15025965421041174,0.6622358829227345,0.012744346391215177,0.0005859252759444903,0.030446500017027717,17.15695141480444,0.9871765723271759,0.7890625,0.0011092163622379303,836,4,0.7381060123443604,0.0,0.0,10905008,,
42,dp_fisher_wiener,b47a1595ee654f8a78e687241bff5037cb0f0d90ae4862e4d6981afb2651c309,0.06587035506014022,1.8972005641042293,1.898301839761956,0.22446922446674225,829.5574754806142,10.936502675345883,0.03406379698047219,0.24594108975665147,0.7814282022251238,0.013075210227745057,0.0012054619834386846,0.07204335336555141,17.764404005314876,0.9868164617900567,0.7890625,0.0011195596307516098,837,4,0.7020297050476074,0.0,0.0,10905008,,
42,dp_fisher_wiener,b47a1595ee654f8a78e687241bff5037cb0f0d90ae4862e4d6981afb2651c309,0.05538306313928916,1.897632524147978,1.8984311331885253,0.22160881306526936,1174.0059179565578,15.420236841385295,0.029003235760119216,0.19878431539411792,0.733330097380035,0.013058471645696642,0.0008517844623937442,0.047834019163353954,17.494071589406794,0.9868652818477942,0.765625,0.0013810759410262108,838,4,0.797824501991272,0.0,0.0,10905008,,
42,dp_fisher_wiener,b47a1595ee654f8a78e687241bff5037cb0f0d90ae4862e4d6981afb2651c309,0.059375285233707026,1.9029814720700684,1.9037558676315023,0.22206169858600136,1027.2063649423285,13.463833802370429,0.028633985043854355,0.20368230760879044,0.7801366130114649,0.013018815105954836,0.0009735142166610447,0.0583366518168301,17.775992009972146,0.986892766378913,0.73046875,0.0012095440179109573,839,4,0.8104085922241211,0.0,0.0,10905008,,
42,dp_fisher_wiener,b47a1595ee654f8a78e687241bff5037cb0f0d90ae4862e4d6981afb2651c309,0.08986483405264478,1.898611267048796,1.900795426701527,0.23046000331286995,446.36748778302723,5.74986300993834,0.047929722976935714,0.356185935628197,0.8567803414785495,0.012775265534240856,0.002240306534964257,0.15024741310422898,18.264995573352895,0.9871185443220908,0.7578125,0.00110672228038311,840,4,0.7825931310653687,0.0,0.0,10905008,,
42,dp_fisher_wiener,b47a1595ee654f8a78e687241bff5037cb0f0d90ae4862e4d6981afb2651c309,0.0601278923298098,1.900660868322585,1.9014766824265197,0.21668004240203323,999.2112271139237,12.360080020935937,0.029375911788641577,0.22563673446712587,0.7856111116637323,0.012284871847769751,0.001000789395262782,0.06399995696301525,18.05836986750401,0.9876301629870264,0.79296875,0.0011256840080022812,841,4,0.8821085095405579,0.0,0.0,10905008,,
42,dp_fisher_wiener,b47a1595ee654f8a78e687241bff5037cb0f0d90ae4862e4d6981afb2651c309,0.055964082962314476,1.8946139930961687,1.8953888640492853,0.22029237721516873,1146.1004882134403,14.970295267021921,0.028606250790783258,0.19361970382393662,0.7273865415540365,0.012966096023162054,0.0008725238405920675,0.048947817283396686,17.48956027375597,0.9869380604746503,0.74609375,0.0013907505199313164,842,4,0.7590013742446899,0.0,0.0,10905008,,
42,dp_fisher_wiener,b47a1595ee654f8a78e687241bff5037cb0f0d90ae4862e4d6981afb2651c309,0.06570353950686718,1.8975419566784615,1.8984935720747573,0.2199328021664068,834.0752660155229,10.653927336433743,0.031783967251355655,0.23165045454081692,0.7785492369617736,0.012662302455543914,0.0011989325670154407,0.07371708571102417,17.887734001344043,0.9872266595467747,0.8203125,0.0011217975988984108,843,4,0.8289936780929565,0.0,0.0,10905008,,
42,dp_fisher_wiener,b47a1595ee654f8a78e687241bff5037cb0f0d90ae4862e4d6981afb2651c309,0.06591265501267107,1.8986397026413253,1.8995672455840837,0.22041555773843546,829.7504658232258,10.694208548013037,0.03141825579008444,0.22255863549328325,0.780748552874413,0.012790364582408028,0.0012051816069514449,0.07356661256306628,17.85628263685882,0.9871115365540651,0.76171875,0.0011211084201931953,844,4,0.6723655462265015,0.0,0.0,10905008,,
42,dp_fisher_wiener,b47a1595ee654f8a78e687241bff5037cb0f0d90ae4862e4d6981afb2651c309,0.05630182381411642,1.9006138353865467,1.9015615096004779,0.22164178972098686,1139.5748232705082,14.701909439971478,0.03163194247743055,0.228044637325278,0.7444982086575741,0.012823608755562009,0.0008775202639299438,0.050946054047788854,17.63853397417189,0.9870987765438922,0.796875,0.0013877805322408676,845,4,0.7272706031799316,0.0,0.0,10905008,,
42,dp_fisher_wiener,b47a1595ee654f8a78e687241bff5037cb0f0d90ae4862e4d6981afb2651c309,0.06328834109597745,1.901781784730734,1.9026222578854854,0.21878050910643373,902.9712905245998,11.357961806646307,0.02990900213043755,0.23027831239653082,0.816287702062439,0.012484184095791367,0.0011074549215945623,0.07241176726932377,18.15483089028739,0.9874215692948062,0.77734375,0.0011207526549696922,846,4,0.8257051110267639,0.0,0.0,10905008,,
42,dp_fisher_wiener,b47a1595ee654f8a78e687241bff5037cb0f0d90ae4862e4d6981afb2651c309,0.06976908357711326,1.8948910286232579,1.896312955289694,0.22305312531311935,737.6365740696773,9.379054776318505,0.038768811761402726,0.28806194181561584,0.8293298946639994,0.01263935737307102,0.0013556811510539693,0.08895285363187574,18.170023268089043,0.9872849922224302,0.71875,0.001111513003706932,847,4,0.6858423948287964,0.0,0.0,10905008,,
42,dp_fisher_wiener,b47a1595ee654f8a78e687241bff5037cb0f0d90ae4862e4d6981afb2651c309,0.06569021463500604,1.8939201452147083,1.8950812587070804,0.2221680963791737,831.2314475173358,10.72666286079229,0.035001945271392707,0.2530488226031922,0.7803609871741581,0.012801763190974598,0.0012030343687726357,0.07333373331564456,17.850257598976796,0.9870954559132394,0.73828125,0.0014074994251132011,848,4,0.7481582760810852,0.0,0.0,10905008,,
42,dp_fisher_wiener,b47a1595ee654f8a78e687241bff5037cb0f0d90ae4862e4d6981afb2651c309,0.0676970944612297,1.8940301807361561,1.8953113830604977,0.22250982928135832,782.7692045106511,10.031084179459363,0.03677821316940958,0.26959948690504826,0.8081973778858287,0.012738054271597781,0.001277515765846549,0.08105514942496593,18.024143419319905,0.9871851318094105,0.8125,0.0013993242755532265,849,4,0.7995562553405762,0.0,0.0,10905008,,
42,dp_fisher_wiener,b47a1595ee654f8a78e687241bff5037cb0f0d90ae4862e4d6981afb2651c309,0.08226266781969493,1.9006350484059178,1.9024130275875486,0.23121297409080813,533.8163696795749,7.101808548559127,0.043223951467868886,0.3198601860339044,0.8568782096779242,0.013222951411989368,0.001873303361701335,0.1213944437174921,18.1159069662049,0.986696158169859,0.765625,0.0012065917253494263,850,4,0.8687179684638977,0.14351975079625845,0.004489641636610031,10905008,,
42,dp_fisher_wiener,b47a1595ee654f8a78e687241bff5037cb0f0d90ae4862e4d6981afb2651c309,0.07736616045533522,1.8942065594926758,1.895723996841209,0.23001284051031598,599.4494748656201,8.055299840308203,0.04001129788017892,0.29997534889615596,0.8536940735033248,0.01334732103091728,0.0016681973072990406,0.10669782734563596,18.05908160007842,0.9865621704946664,0.75,0.0013943538069725037,851,4,0.802787721157074,0.0,0.0,10905008,,
42,dp_fisher_wiener,b47a1595ee654f8a78e687241bff5037cb0f0d90ae4862e4d6981afb2651c309,0.07165018961169141,1.8988694781678779,1.9005742097298661,0.22746201353039686,702.3531580646762,9.121892943625713,0.042631368228514516,0.3081172367537207,0.8150696218196576,0.012906568352803153,0.0014237851546939982,0.08991422011397397,18.003839210178455,0.987012384241628,0.75,0.0011141607537865639,852,4,0.7520263195037842,0.0,0.0,10905008,,
42,dp_fisher_wiener,b47a1595ee654f8a78e687241bff5037cb0f0d90ae4862e4d6981afb2651c309,0.06854950975624703,1.8974232925908385,1.898560236018786,0.22580332039116438,766.160484010526,10.08987784632951,0.03463378519056436,0.2672536786690869,0.845452555083427,0.01308064934815833,0.0013052095750910246,0.08436070267007251,18.104599370106456,0.9868305948206694,0.78515625,0.0011289380490779877,853,4,0.9856513142585754,0.0,0.0,10905008,,
42,dp_fisher_wiener,b47a1595ee654f8a78e687241bff5037cb0f0d90ae4862e4d6981afb2651c309,0.06410180654142016,1.9016057918740488,1.9025351750117925,0.22788114245351024,880.0360125728603,11.989577786356861,0.03134142527971087,0.2318377437481323,0.8266332548444855,0.013549245624953934,0.0011363171341508768,0.06932618666371819,17.85397756492163,0.9863760373268123,0.796875,0.0013875747099518776,854,4,0.8358458280563354,0.0,0.0,10905008,,
42,dp_fisher_wiener,b47a1595ee654f8a78e687241bff5037cb0f0d90ae4862e4d6981afb2651c309,0.07537617937338285,1.8959554335580835,1.8973375614955248,0.22832246543215842,632.6856849413952,8.462264184901096,0.038193394823537494,0.28279317896577993,0.8252428388275564,0.013263792656832129,0.0015805636568438286,0.09833905528158406,17.93914039906779,0.98662485277238,0.73046875,0.001421966589987278,855,4,0.6967077255249023,0.0,0.0,10905008,,
42,dp_fisher_wiener,b47a1595ee654f8a78e687241bff5037cb0f0d90ae4862e4d6981afb2651c309,0.046601061125973745,1.8949042208815305,1.89551242661157,0.2263606948017562,1653.4189636584772,22.891551090331188,0.025341704540163167,0.17529176292854212,0.6795489610671596,0.013768108882934836,0.0006048073848908627,0.029851320448132868,16.93346460439542,0.9861550208425859,0.7578125,0.0011152252554893494,856,4,0.9040942192077637,0.0,0.0,10905008,,
42,dp_fisher_wiener,b47a1595ee654f8a78e687241bff5037cb0f0d90ae4862e4d6981afb2651c309,0.07432454049726597,1.8940520695659169,1.8953107738935653,0.22955204841779803,649.4105837132366,8.866219659821391,0.036537102995987225,0.2707893880548821,0.8386090137930047,0.013550326902044782,0.001539857872504696,0.09529944933320311,17.916097531968912,0.9863472818549966,0.7578125,0.0011121248826384544,857,4,0.7313982248306274,0.0,0.0,10905008,,
42,dp_fisher_wiener,b47a1595ee654f8a78e687241bff5037cb0f0d90ae4862e4d6981afb2651c309,0.0601341586528759,1.9016170857258519,1.9025400771914316,0.22238267120163427,1000.0084352455721,12.942535812504953,0.03114879917784238,0.23437304248915117,0.808802938841978,0.012866423228737253,0.0009999915645487667,0.06286099112798176,17.983848873058832,0.9870575733600456,0.73828125,0.0014310525730252266,858,4,0.7984592914581299,0.0,0.0,10905008,,
42,dp_fisher_wiener,b47a1595ee654f8a78e687241bff5037cb0f0d90ae4862e4d6981afb2651c309,0.05709266348385964,1.902735889949599,1.9036442916832612,0.22330443432927058,1110.6990786977697,14.488184483904016,0.03090283289806548,0.23135689458896982,0.8163989885995876,0.012967522675213011,0.0009003338697871048,0.05668250438543491,17.990454415851058,0.9869557967934154,0.71875,0.0014737099409103394,859,4,0.7931575775146484,0.0,0.0,10905008,,
42,dp_fisher_wiener,b47a1595ee654f8a78e687241bff5037cb0f0d90ae4862e4d6981afb2651c309,0.06491085655454089,1.8952197413067506,1.8964146777908846,0.22199130709345485,852.4805181725333,10.889478478780452,0.03551718396944431,0.26411547499766735,0.8076233736328737,0.012704297734667134,0.0011730473347427218,0.07457165015385854,18.03258215992872,0.9872261262906966,0.80078125,0.0011602714657783508,860,4,0.7352588176727295,0.0,0.0,10905008,,
42,dp_fisher_wiener,b47a1595ee654f8a78e687241bff5037cb0f0d90ae4862e4d6981afb2651c309,0.05853131588016072,1.8996612387606402,1.9005538068469923,0.22220228245023133,1053.3573908301496,13.80237509949028,0.030644319618288115,0.2119827156862237,0.7548015914138778,0.013030309256331382,0.000949345405854827,0.05499235737528038,17.628780836101313,0.9868967786055891,0.78515625,0.0011196192353963852,861,4,0.7330483198165894,0.0,0.0,10905008,,
42,dp_fisher_wiener,b47a1595ee654f8a78e687241bff5037cb0f0d90ae4862e4d6981afb2651c309,0.04446151425580727,1.896803589424775,1.8972995318715877,0.21593489923631706,1820.0202750147964,23.06853228810703,0.022870015040554043,0.15635306821341893,0.6832243921166203,0.012597598498372206,0.0005494444282966742,0.029798841085067168,17.342755996322968,0.9873251234589059,0.75,0.001137634739279747,862,4,0.754589319229126,0.0,0.0,10905008,,
42,dp_fisher_wiener,b47a1595ee654f8a78e687241bff5037cb0f0d90ae4862e4d6981afb2651c309,0.06362506083463974,1.9027888059621156,1.9040790389401576,0.22549218406436425,894.3855095381871,11.6516394783214,0.03697938909718468,0.2693013495810846,0.7767033806850269,0.012950459327198098,0.0011180860927286756,0.06705717738454645,17.779700229307622,0.9869724639385823,0.75390625,0.0013895165175199509,863,4,0.6724855303764343,0.0,0.0,10905008,,
42,dp_fisher_wiener,b47a1595ee654f8a78e687241bff5037cb0f0d90ae4862e4d6981afb2651c309,0.06136693722361545,1.897081786042027,1.8979762873927146,0.22594066501017504,955.6595664807245,12.90277058587827,0.03073925316730922,0.22446447755068796,0.7922837745637825,0.013404441020590276,0.001046397728656391,0.06184845314208456,17.716320535025858,0.9864985701619773,0.78125,0.0011229077354073524,864,4,0.7703919410705566,0.0,0.0,10905008,,
42,dp_fisher_wiener,b47a1595ee654f8a78e687241bff5037cb0f0d90ae4862e4d6981afb2651c309,0.06880447002449754,1.8948151600114254,1.8960853934467083,0.2219825763130107,758.4036132946142,9.653552965972983,0.036599133456728786,0.27203737190796273,0.8253155225317739,0.012665780083840986,0.0013185591184677278,0.08591869595474273,18.139880700591434,0.9872712197084164,0.7265625,0.0011193566024303436,865,4,0.758301317691803,0.0,0.0,10905008,,
42,dp_fisher_wiener,b47a1595ee654f8a78e687241bff5037cb0f0d90ae4862e4d6981afb2651c309,0.07871238527980433,1.8987922214367705,1.9004871664265486,0.2337038667143887,581.9273125054982,7.999823881534569,0.04223226997101333,0.30575899819631536,0.8301347013845943,0.013656601968414046,0.001718427677045783,0.10445691029408846,17.838059167147467,0.9862528812282604,0.70703125,0.0013989917933940887,866,4,0.6431831121444702,0.0,0.0,10905008,,
42,dp_fisher_wiener,b47a1595ee654f8a78e687241bff5037cb0f0d90ae4862e4d6981afb2651c309,0.05143226066617963,1.9046459986528232,1.9054473325834496,0.22121298607370662,1371.3784148880322,17.780686482432593,0.029073211133387115,0.199763580048928,0.7551898914265539,0.01292427108314656,0.0007291933347976301,0.04260816196043059,17.666501090093213,0.9870344419239825,0.80859375,0.0011892328038811684,867,4,0.747769832611084,0.0,0.0,10905008,,
42,dp_fisher_wiener,b47a1595ee654f8a78e687241bff5037cb0f0d90ae4862e4d6981afb2651c309,0.07027365206104016,1.8994891007466557,1.9007718226391705,0.22771552519126004,730.614965294439,9.734428326917183,0.03673263884462119,0.2724709872146908,0.8365916516542008,0.013235288626657514,0.0013687099872012965,0.08651502670897154,18.007801096541264,0.9866763907265552,0.7890625,0.0011100182309746742,868,4,0.8165785074234009,0.0,0.0,10905008,,
42,dp_fisher_wiener,b47a1595ee654f8a78e687241bff5037cb0f0d90ae4862e4d6981afb2651c309,0.060089362245932997,1.8950360220758213,1.8961531107793104,0.22007531707297545,994.5800646224137,12.548026916052109,0.03443005207811423,0.25469701585071874,0.796285061908538,0.01256772544749742,0.0010054494708803693,0.06370479668055633,18.018118836333365,0.9873835929731687,0.75390625,0.001415417529642582,869,4,0.6996617317199707,0.0,0.0,10905008,,
42,dp_fisher_wiener,b47a1595ee654f8a78e687241bff5037cb0f0d90ae4862e4d6981afb2651c309,0.07185535195437043,1.9063278219436077,1.9078634120652487,0.23250913330562434,703.8448390826038,9.649983655795564,0.04019334069930901,0.28128807280932994,0.7888328367043997,0.013609032398705182,0.0014207676809983474,0.08235326123559633,17.631577324463514,0.986289615097028,0.76171875,0.0015024514868855476,870,4,0.6133062839508057,0.0,0.0,10905008,,
42,dp_fisher_wiener,b47a1595ee654f8a78e687241bff5037cb0f0d90ae4862e4d6981afb2651c309,0.06798842414582693,1.9023148055261652,1.9036349741084229,0.22553282255010004,782.8793281181913,10.155527440344027,0.03726834288382144,0.27861349614075437,0.8220223263041516,0.012882743434049866,0.0012773360642783723,0.08150428273373185,18.048752552847557,0.9870279785458737,0.76953125,0.0011081723496317863,871,4,0.7612578868865967,0.0,0.0,10905008,,
42,dp_fisher_wiener,b47a1595ee654f8a78e687241bff5037cb0f0d90ae4862e4d6981afb2651c309,0.08769216606607727,1.8963006798677744,1.8979893519753694,0.22536323847755224,467.61970780625114,5.970728651720984,0.042349584203504556,0.317875925527409,0.8593482898300356,0.012675154261375767,0.002138489852279732,0.14498502816443554,18.31215963309121,0.9872316573659184,0.7578125,0.0011366158723831177,872,4,0.8022950887680054,0.0,0.0,10905008,,
42,dp_fisher_wiener,b47a1595ee654f8a78e687241bff5037cb0f0d90ae4862e4d6981afb2651c309,0.06887336794749638,1.8963348848312709,1.8975234277511668,0.22909162207101072,758.1016242646841,10.33326508164169,0.035399751851634055,0.2601750961392256,0.8182979914495072,0.013542117731193685,0.001319084365185014,0.07970718525820907,17.812248998337658,0.9863695515866208,0.7421875,0.0013832906261086464,873,4,0.7738900184631348,0.0,0.0,10905008,,
42,dp_fisher_wiener,b47a1595ee654f8a78e687241bff5037cb0f0d90ae4862e4d6981afb2651c309,0.06423855462321977,1.8941807155102826,1.8950559283456394,0.22432324500278594,869.4633898912284,11.667219550376629,0.030570257014543866,0.21865262087532808,0.815722611296306,0.013348436591854475,0.0011501346823613728,0.07028470039843733,17.86112097724893,0.9865811261451354,0.7421875,0.0011196359992027283,874,4,0.7221657037734985,0.0,0.0,10905008,,
42,dp_fisher_wiener,b47a1595ee654f8a78e687241bff5037cb0f0d90ae4862e4d6981afb2651c309,0.09572949757496253,1.8938115644866582,1.8961598343859005,0.23583933886200056,391.36498684721226,5.258851910175163,0.04975806763346063,0.3674459243636675,0.8684098469509823,0.01332574712230957,0.002555159591425068,0.16651417211764602,18.140331716049477,0.9865627941003656,0.72265625,0.0011395756155252457,875,4,0.6225855350494385,0.0,0.0,10905008,,
42,dp_fisher_wiener,b47a1595ee654f8a78e687241bff5037cb0f0d90ae4862e4d6981afb2651c309,0.07115555774967128,1.9025396883148118,1.9039887334867633,0.22901243037956112,714.907405757735,9.473248851489675,0.03904263884394882,0.29289279991611267,0.8436443758318211,0.013166862048344184,0.0013987825440726974,0.08962462143175351,18.066771299952723,0.9867489848682623,0.7734375,0.0013926709070801735,876,4,0.8905357718467712,0.0,0.0,10905008,,
42,dp_fisher_wiener,b47a1595ee654f8a78e687241bff5037cb0f0d90ae4862e4d6981afb2651c309,0.055899693242080606,1.8975728032113266,1.8982411715930527,0.2221372942327657,1152.3331217283223,15.17858337898837,0.02667853688901595,0.20294433315999824,0.7709232701703126,0.013052641698953656,0.0008678046138080742,0.051254817712440566,17.713127380101565,0.986827955308428,0.75390625,0.0011079935356974602,877,4,0.7419021129608154,0.0,0.0,10905008,,
42,dp_fisher_wiener,b47a1595ee654f8a78e687241bff5037cb0f0d90ae4862e4d6981afb2651c309,0.0671650383770064,1.8982426551866283,1.8994546685814289,0.22313992385312642,798.7611282230587,10.265362678390526,0.03571962926068395,0.2666960651222296,0.8286687052880358,0.012778535577075355,0.001251938739185607,0.08118633375873549,18.118998513144927,0.9871483947882839,0.765625,0.0011395448818802834,878,4,0.786024808883667,0.0,0.0,10905008,,
42,dp_fisher_wiener,b47a1595ee654f8a78e687241bff5037cb0f0d90ae4862e4d6981afb2651c309,0.05568639639153182,1.9000792652330323,1.9006851662664164,0.2228917266123028,1164.247216481491,15.560304864402244,0.025527891271033772,0.18246739539542867,0.8029790936228319,0.013303609718119938,0.0008589241060840805,0.051842929476716315,17.807347420603552,0.9866348790496375,0.75390625,0.001393827609717846,879,4,0.8587197065353394,0.0,0.0,10905008,,
42,dp_fisher_wiener,b47a1595ee654f8a78e687241bff5037cb0f0d90ae4862e4d6981afb2651c309,0.05425297525188278,1.8980487022598076,1.8988747093773117,0.2236314541855325,1223.9610104531887,16.155929425932094,0.029507350698468177,0.222592647253321,0.7929989718114663,0.013117982413761988,0.0008170194892807194,0.049389882889021595,17.814055794927086,0.9868002907870851,0.67578125,0.001115545630455017,880,4,0.7911919355392456,0.0,0.0,10905008,,
42,dp_fisher_wiener,b47a1595ee654f8a78e687241bff5037cb0f0d90ae4862e4d6981afb2651c309,0.04852590662422908,1.9008658018983466,1.9013053957514598,0.22391403988593145,1534.4600936862048,20.905752219493102,0.02181911247246782,0.15020554119414753,0.6976386605120171,0.013535852390427055,0.0006516950187819945,0.03358840116125559,17.121449293769885,0.9863758254088799,0.703125,0.0011104419827461243,881,4,0.704933762550354,0.0,0.0,10905008,,
42,dp_fisher_wiener,b47a1595ee654f8a78e687241bff5037cb0f0d90ae4862e4d6981afb2651c309,0.049409303061930004,1.8978958593997717,1.8985023638312206,0.22106720038748578,1475.4595249761496,19.423824565590852,0.025285850421062874,0.17820592166915636,0.7589142647911882,0.013104310255384574,0.0006777549520419855,0.03925104727476787,17.627785487586365,0.9868354067076835,0.7734375,0.001384371891617775,882,4,0.9757592678070068,0.0,0.0,10905008,,
42,dp_fisher_wiener,b47a1595ee654f8a78e687241bff5037cb0f0d90ae4862e4d6981afb2651c309,0.058946267758509946,1.898717294417603,1.899630482057655,0.2247213166140652,1037.5474973687824,13.865699731389334,0.03100333485557646,0.21876395420457492,0.7785951837687275,0.01330805777559447,0.0009638112975530491,0.05638830603164394,17.67197034959559,0.9866360819465626,0.75390625,0.0011708913370966911,883,4,0.6564726233482361,0.0,0.0,10905008,,
42,dp_fisher_wiener,b47a1595ee654f8a78e687241bff5037cb0f0d90ae4862e4d6981afb2651c309,0.045583151331420796,1.9006056649743592,1.9013052568468198,0.22712476323202715,1738.5026061376295,24.013245694849083,0.027332105300839765,0.18198436866624648,0.7334831599951348,0.013762720146566763,0.0005752076505310023,0.030655649527587748,17.26685867857103,0.9861873973555946,0.734375,0.0011266646906733513,884,4,0.7654702663421631,0.0,0.0,10905008,,
42,dp_fisher_wiener,b47a1595ee654f8a78e687241bff5037cb0f0d90ae4862e4d6981afb2651c309,0.05023709813282991,1.9005629714486774,1.9013448307652583,0.2201746569259603,1431.2497932770825,18.461728097363554,0.02877112360517969,0.19924007420472437,0.7545084016679849,0.012860941273105884,0.0006986900569702965,0.040989808377858775,17.68391324567527,0.987100974138772,0.7265625,0.0011178022250533104,885,4,0.6613490581512451,0.0,0.0,10905008,,
42,dp_fisher_wiener,b47a1595ee654f8a78e687241bff5037cb0f0d90ae4862e4d6981afb2651c309,0.05696050069094321,1.8999719659114962,1.9009413755237836,0.22606464960539263,1112.6198133622356,14.86224391813408,0.03199682266520677,0.23799450875214645,0.8126566686254973,0.013298305746346972,0.0008987796079863077,0.05492423292081606,17.86110789401655,0.9866421182333455,0.76171875,0.0011504534631967545,886,4,0.8798549175262451,0.0,0.0,10905008,,
42,dp_fisher_wiener,b47a1595ee654f8a78e687241bff5037cb0f0d90ae4862e4d6981afb2651c309,0.06507589536139363,1.8967963138837225,1.8979058884907565,0.22745391865182463,849.5737585589989,11.459980923840028,0.03418961723202323,0.25127415242627393,0.8068574544912295,0.013397893292422374,0.0011770608374954204,0.07088579454984728,17.79760300969986,0.9865109052529181,0.75,0.001133626326918602,887,4,0.7855204343795776,0.0,0.0,10905008,,
42,dp_fisher_wiener,b47a1595ee654f8a78e687241bff5037cb0f0d90ae4862e4d6981afb2651c309,0.07053644442584749,1.899872843797251,1.9011536307670136,0.22897841869505392,725.474149263067,9.785234596761391,0.036702646720999856,0.2699824544839339,0.8326522116542967,0.01341873597548149,0.0013784088665523488,0.08553228810841915,17.927520318313064,0.9865119458678183,0.74609375,0.0013838186860084534,888,4,0.7254725694656372,0.0,0.0,10905008,,
42,dp_fisher_wiener,b47a1595ee654f8a78e687241bff5037cb0f0d90ae4862e4d6981afb2651c309,0.0501378234735469,1.8989695929723656,1.8994381476319633,0.2212355400547885,1434.514912692655,19.01219203626343,0.022542247305929936,0.1652543686015147,0.7643781392668818,0.013177072309663666,0.0006970997587782964,0.04043749659841566,17.634893284129042,0.9867466055124019,0.75390625,0.001159830018877983,889,4,0.7821812629699707,0.0,0.0,10905008,,
42,dp_fisher_wiener,b47a1595ee654f8a78e687241bff5037cb0f0d90ae4862e4d6981afb2651c309,0.05168168515510386,1.9019089308368946,1.9027521056550398,0.22236325444416402,1354.2726360228519,17.701419913514183,0.029891927437977327,0.21040445995203436,0.7451946824950273,0.013019668498294132,0.0007384037549204807,0.042263330434836065,17.576698202676422,0.9869292050635433,0.7421875,0.0011109784245491028,890,4,0.7701650857925415,0.0,0.0,10905008,,
42,dp_fisher_wiener,b47a1595ee654f8a78e687241bff5037cb0f0d90ae4862e4d6981afb2651c309,0.05622316449947933,1.9021534293217195,1.9029404121661024,0.22156762015937695,1144.6178567802567,14.910843164420427,0.02876729714916335,0.2054798172319623,0.7861846348225614,0.01296153305571064,0.0008736540267651546,0.05299167692926941,17.82868179592545,0.9869730818228193,0.74609375,0.0011437227949500084,891,4,0.7314648032188416,0.0,0.0,10905008,,
42,dp_fisher_wiener,b47a1595ee654f8a78e687241bff5037cb0f0d90ae4862e4d6981afb2651c309,0.06269606295622013,1.8987689790894695,1.8997584708138626,0.22453473856808398,917.1993027647783,12.117802234355288,0.03227930964732592,0.23846774887299577,0.8009661588366127,0.013118912764092017,0.0010902755777625985,0.06656602246703154,17.857163228766467,0.9867882561643643,0.7109375,0.0013336613774299622,892,4,0.7018223404884338,0.0,0.0,10905008,,
42,dp_fisher_wiener,b47a1595ee654f8a78e687241bff5037cb0f0d90ae4862e4d6981afb2651c309,0.05737214963347273,1.8975215472867497,1.8986682047071686,0.22694808005281375,1093.8837919211012,14.625908560808822,0.03508879664811784,0.2555542193827827,0.8251299086462042,0.013338642525552039,0.0009141738885624173,0.05655089833352391,17.914106953595464,0.986629376293145,0.70703125,0.0011157868430018425,893,4,0.7827960848808289,0.0,0.0,10905008,,
42,dp_fisher_wiener,b47a1595ee654f8a78e687241bff5037cb0f0d90ae4862e4d6981afb2651c309,0.073599474083055,1.8961224573532138,1.8975695646603778,0.22969880913247423,663.7176117441801,8.937325352699578,0.03904751719992273,0.28883680531100286,0.8512375725807181,0.0133716894768553,0.0015066648558371366,0.09591381380830492,18.038645017226457,0.9865344459834194,0.78515625,0.0011958833783864975,894,4,0.6960738897323608,0.0,0.0,10905008,,
42,dp_fisher_wiener,b47a1595ee654f8a78e687241bff5037cb0f0d90ae4862e4d6981afb2651c309,0.07966698376421902,1.893401186149687,1.895077542627044,0.22795535690462876,564.844026104915,7.387396672384621,0.04205219325655287,0.3145267165010336,0.8738390658491483,0.013019260640547668,0.0017704002408204993,0.11882740007601687,18.268451346998155,0.986921351150113,0.75390625,0.0011101886630058289,895,4,0.7712218761444092,0.0,0.0,10905008,,
42,dp_fisher_wiener,b47a1595ee654f8a78e687241bff5037cb0f0d90ae4862e4d6981afb2651c309,0.06197675208385178,1.8965302554745616,1.897633852560772,0.2287165329368285,936.4011200225312,12.772008597702115,0.03413146006195334,0.2502125819173537,0.8124083215356178,0.013568538804564401,0.001067918414829875,0.06394099022992476,17.772412819367375,0.9863605368205975,0.6953125,0.0011114869266748428,896,4,0.6663050055503845,0.0,0.0,10905008,,
42,dp_fisher_wiener,b47a1595ee654f8a78e687241bff5037cb0f0d90ae4862e4d6981afb2651c309,0.07416278704303556,1.895114163485155,1.8965975065801455,0.22403672323005494,652.9781816991191,8.305544781076705,0.03954489185705999,0.3012631559405934,0.8470310506308503,0.012622401673725187,0.0015314447371209251,0.1027681798127269,18.267573345615205,0.9872805171537853,0.7109375,0.001123504713177681,897,4,0.7554295063018799,0.0,0.0,10905008,,
42,dp_fisher_wiener,b47a1595ee654f8a78e687241bff5037cb0f0d90ae4862e4d6981afb2651c309,0.07891252094321359,1.8994597483622353,1.9014783407359788,0.23086222731220762,579.3864768628681,7.470429525844805,0.046316857624146966,0.35692328857739103,0.8818560234992208,0.012823089219376037,0.0017259636525410675,0.11869615952181921,18.374050215322693,0.9871063101674518,0.74609375,0.0012684520334005356,898,4,0.8419153690338135,0.0,0.0,10905008,,
42,dp_fisher_wiener,b47a1595ee654f8a78e687241bff5037cb0f0d90ae4862e4d6981afb2651c309,0.06498026099629589,1.8952374621427395,1.8964733177489335,0.22473792443239896,850.6763552889153,11.172037209376336,0.03614460982145806,0.2587174533657486,0.816059928494999,0.01307953756674991,0.0011755352003680192,0.07334411991759958,17.951296631014912,0.9868668769974465,0.703125,0.0011208252981305122,899,4,0.6384550333023071,0.0,0.0,10905008,0.7065917737007141,0.7694
42,dp_fisher_wiener,b47a1595ee654f8a78e687241bff5037cb0f0d90ae4862e4d6981afb2651c309,0.05677705467251223,1.8919241967541565,1.8928907426770434,0.22656545081967494,1110.3547222758264,15.07691429868874,0.03201663058586062,0.23139050340127656,0.8199907913144133,0.013533897758321967,0.0009006130920395176,0.05456627908758574,17.823860835483895,0.986421533590831,0.7265625,0.001125561073422432,900,4,0.846422553062439,0.14644083846360445,0.004620247520506382,10905008,,
42,dp_fisher_wiener,b47a1595ee654f8a78e687241bff5037cb0f0d90ae4862e4d6981afb2651c309,0.05489096237068081,1.896497554797322,1.897279424518254,0.22543708507366766,1193.7211369508111,16.28377879456199,0.028706820259475452,0.1927996483536122,0.7297745322846847,0.013572175505861605,0.0008377165895061429,0.04504393803486509,17.30539235883454,0.9863588083594197,0.734375,0.0013056164607405663,901,4,0.5921221375465393,0.0,0.0,10905008,,
42,dp_fisher_wiener,b47a1595ee654f8a78e687241bff5037cb0f0d90ae4862e4d6981afb2651c309,0.052912048143861745,1.896948869491887,1.8976295054625827,0.2223388930224864,1285.292888092162,16.977966963870266,0.026802844994061995,0.19981082706490003,0.7828934713194711,0.013130480212147667,0.0007780327806270674,0.0463895283941417,17.754220614845984,0.9867905851489873,0.77734375,0.0011717220768332481,902,4,0.7451799511909485,0.0,0.0,10905008,,
42,dp_fisher_wiener,b47a1595ee654f8a78e687241bff5037cb0f0d90ae4862e4d6981afb2651c309,0.05604869448070719,1.8967184194395978,1.8974740321898285,0.22584707794508205,1145.1825479309239,15.585547007647765,0.028247969484177373,0.20488499057781825,0.7970859823148491,0.013542205897126078,0.0008732232267145212,0.051397386728618245,17.698157586926726,0.9863903383475386,0.69921875,0.0011126166209578514,903,4,0.8153592944145203,0.0,0.0,10905008,,
42,dp_fisher_wiener,b47a1595ee654f8a78e687241bff5037cb0f0d90ae4862e4d6981afb2651c309,0.08251527204683003,1.9008542830621344,1.9027918682923841,0.23901177787189343,530.6754290001319,7.4356876039880975,0.045152263969287225,0.3373752726386227,0.8910856378648658,0.013941074938869591,0.0018843909953339959,0.12044650499622367,18.056231820690705,0.9859882572328703,0.7265625,0.0011100750416517258,904,4,0.7729771137237549,0.0,0.0,10905008,,
42,dp_fisher_wiener,b47a1595ee654f8a78e687241bff5037cb0f0d90ae4862e4d6981afb2651c309,0.04721336670186095,1.8951155722409785,1.8958055827999813,0.2278677089777105,1611.1703448618687,22.448057309487275,0.027064128551004055,0.19118943228169089,0.7916328317763417,0.013897255342376656,0.0006206668355957383,0.035355200200190375,17.55594759979721,0.9860672352981984,0.70703125,0.001390860415995121,905,4,0.7463122606277466,0.0,0.0,10905008,,
42,dp_fisher_wiener,b47a1595ee654f8a78e687241bff5037cb0f0d90ae4862e4d6981afb2651c309,0.054024454742989565,1.902737478186911,1.9033519705891582,0.22760496295787105,1240.4434216465143,17.25066230680164,0.025564426247468238,0.17786577216297414,0.7846323681466458,0.01383351311078618,0.0008061633301499066,0.04572532212077067,17.53733733532706,0.9860931486226925,0.7421875,0.0011497382074594498,906,4,0.7706862688064575,0.0,0.0,10905008,,
42,dp_fisher_wiener,b47a1595ee654f8a78e687241bff5037cb0f0d90ae4862e4d6981afb2651c309,0.08181858356811143,1.8976065664144395,1.8995725333105762,0.2349526187676391,537.9085351109032,7.304322235292263,0.04555198363025902,0.33812358200453574,0.8542613509758198,0.01348432815880802,0.0018590521149551308,0.11777497200876032,18.017614449086924,0.9864208842981377,0.78125,0.0010980013757944107,907,4,0.6885003447532654,0.0,0.0,10905008,,
42,dp_fisher_wiener,b47a1595ee654f8a78e687241bff5037cb0f0d90ae4862e4d6981afb2651c309,0.07376020618125612,1.892333669373319,1.8936515251465205,0.23377311260647002,658.1898627348379,9.315387607264322,0.037336195851712994,0.27284558457540115,0.8695405076803896,0.014079034155209108,0.0015193184465965895,0.09383519629502447,17.90716955760701,0.9858469597684847,0.6953125,0.0011589257046580315,908,4,0.695109486579895,0.0,0.0,10905008,,
42,dp_fisher_wiener,b47a1595ee654f8a78e687241bff5037cb0f0d90ae4862e4d6981afb2651c309,0.06039150533154307,1.8973567673766847,1.898286542088268,0.22936546024090013,987.0662236236777,13.656275085947096,0.03129886243030182,0.23280075318401225,0.8216797963097107,0.013760406361407813,0.0010131032506151155,0.060495776865444925,17.760713489116895,0.9861647833153393,0.76953125,0.0011106422170996666,909,4,0.7383586168289185,0.0,0.0,10905008,,
42,dp_fisher_wiener,b47a1595ee654f8a78e687241bff5037cb0f0d90ae4862e4d6981afb2651c309,0.06185307669676282,1.904245946163943,1.9048522647195523,0.2300903776536972,947.8147543751745,13.426824543333865,0.026036663313331005,0.18968081679934792,0.8414709024355008,0.014078097438024108,0.0010550584859776407,0.0630625708083683,17.764951358881937,0.98583391482212,0.73046875,0.0013774465769529343,910,4,0.7992541790008545,0.0,0.0,10905008,,
42,dp_fisher_wiener,b47a1595ee654f8a78e687241bff5037cb0f0d90ae4862e4d6981afb2651c309,0.08357755760272362,1.8992276006658024,1.90117830698694,0.23859034472131566,516.3862563558072,7.267572249172438,0.0453085619177971,0.3296020485787996,0.8724147918445216,0.014013689087291495,0.0019365348855596384,0.1205579536387544,17.941705424386598,0.9859260928041377,0.734375,0.001172470860183239,911,4,0.8296510577201843,0.0,0.0,10905008,,
42,dp_fisher_wiener,b47a1595ee654f8a78e687241bff5037cb0f0d90ae4862e4d6981afb2651c309,0.06984355282169752,1.9024074916938998,1.9037830602049552,0.23356605797833724,741.915507565895,10.285109900451584,0.03803124014047817,0.28379692473799806,0.8690984933332331,0.013802094593728121,0.0013478623773151273,0.08487299906596261,17.991239972444262,0.9861370873157881,0.734375,0.0011076228693127632,912,4,0.7501697540283203,0.0,0.0,10905008,,
42,dp_fisher_wiener,b47a1595ee654f8a78e687241bff5037cb0f0d90ae4862e4d6981afb2651c309,0.062367808866924355,1.8974707110232476,1.8986582801879888,0.2301746036349561,925.61245274093,12.708646348231126,0.03545960479490937,0.2590200119901126,0.8400457577586026,0.013683118454462802,0.001080365758673005,0.06632674237500351,17.88117856020139,0.9862700136427566,0.73046875,0.0013978062197566032,913,4,0.7199106812477112,0.0,0.0,10905008,,
42,dp_fisher_wiener,b47a1595ee654f8a78e687241bff5037cb0f0d90ae4862e4d6981afb2651c309,0.05524490543495741,1.8972363006914088,1.8980097821645783,0.22543131874993408,1179.3925553519236,15.927593105554461,0.028551480265637943,0.2111891918474167,0.7870774982082115,0.013433173656305522,0.000847894108822549,0.04967987395957888,17.678388670462162,0.9864950876336528,0.7578125,0.0014637662097811699,914,4,0.7980431318283081,0.0,0.0,10905008,,
42,dp_fisher_wiener,b47a1595ee654f8a78e687241bff5037cb0f0d90ae4862e4d6981afb2651c309,0.07168322811814115,1.8991742807152117,1.900262445146457,0.23106441607433373,701.931174664989,9.745102339006731,0.034037237460003804,0.2552061596024782,0.8759175872489594,0.013807039243035174,0.0014246410985840358,0.09037912995102847,18.02362687030456,0.9861167266952418,0.703125,0.0011025071144104004,915,4,0.9444304704666138,0.0,0.0,10905008,,
42,dp_fisher_wiener,b47a1595ee654f8a78e687241bff5037cb0f0d90ae4862e4d6981afb2651c309,0.04790314977095803,1.8976102634434193,1.89803818043206,0.2311000964979898,1569.2274630292745,22.88901611097953,0.021551076188758046,0.1435479056060089,0.7674941072182154,0.014525299603516497,0.0006372562443136915,0.03367162302002712,17.229499501299546,0.9854138315507251,0.74609375,0.0011474192142486572,916,4,0.7770195007324219,0.0,0.0,10905008,,
42,dp_fisher_wiener,b47a1595ee654f8a78e687241bff5037cb0f0d90ae4862e4d6981afb2651c309,0.0788397906107485,1.8988588351082558,1.9005535322258236,0.2343970447142858,580.0887390824644,7.973860405716303,0.04222714142722402,0.31370615337717417,0.8650094656455113,0.013667559532301577,0.0017238741807340647,0.10910268805504907,18.013298854711138,0.9862540679235965,0.6875,0.0013840440660715103,917,4,0.6176199316978455,0.0,0.0,10905008,,
42,dp_fisher_wiener,b47a1595ee654f8a78e687241bff5037cb0f0d90ae4862e4d6981afb2651c309,0.05531851509827496,1.9026064258353836,1.9032423819174562,0.2305949923773378,1182.924128636537,16.85733417075362,0.026027043868060477,0.18220268684380747,0.792403588313455,0.014178701382355876,0.0008453627544359602,0.0472446990865498,17.47309977223772,0.9857494375483075,0.7265625,0.001114831306040287,918,4,0.631018340587616,0.0,0.0,10905008,,
42,dp_fisher_wiener,b47a1595ee654f8a78e687241bff5037cb0f0d90ae4862e4d6981afb2651c309,0.055567680856092,1.895073962321403,1.8958567870634446,0.2283278402152174,1163.0751738671265,16.159077877701318,0.028739893342880806,0.20988522010185245,0.8073215304607292,0.013825895256184145,0.0008597896525905093,0.05020482837116925,17.66353272093834,0.9861065920408487,0.7109375,0.0011129258200526237,919,4,0.7947925925254822,0.0,0.0,10905008,,
42,dp_fisher_wiener,b47a1595ee654f8a78e687241bff5037cb0f0d90ae4862e4d6981afb2651c309,0.04824380041493818,1.9001354157281938,1.9007012262526741,0.22645837342882985,1551.2653104677572,21.382511283017475,0.024417457391817114,0.1759154768457983,0.7651363912837088,0.013707091358854836,0.0006446350555396216,0.035983836933711016,17.4679355041754,0.9862160836455731,0.7421875,0.001413486897945404,920,4,0.7141281962394714,0.0,0.0,10905008,,
42,dp_fisher_wiener,b47a1595ee654f8a78e687241bff5037cb0f0d90ae4862e4d6981afb2651c309,0.060714148837363514,1.9019544804582813,1.9028892039015928,0.22706616546351885,981.3420656851483,13.222362692070359,0.031344847123262694,0.23592097416700633,0.8444768567887505,0.013400592238230202,0.0010190126712139535,0.06421601392924796,17.994637593501686,0.9865262448697385,0.703125,0.0014944430440664291,921,4,0.7813137769699097,0.0,0.0,10905008,,
42,dp_fisher_wiener,b47a1595ee654f8a78e687241bff5037cb0f0d90ae4862e4d6981afb2651c309,0.05588493971393386,1.8941691913234335,1.8951525156722728,0.22651766814414792,1148.809354773127,15.554777886258833,0.032335131153186224,0.23121398820867575,0.8087162576537611,0.013500877847507297,0.0008704664490454246,0.052141821979821694,17.774341655789087,0.9864600877233226,0.65625,0.0011233426630496979,922,4,0.5813030004501343,0.0,0.0,10905008,,
42,dp_fisher_wiener,b47a1595ee654f8a78e687241bff5037cb0f0d90ae4862e4d6981afb2651c309,0.05309282004472006,1.890909374397784,1.8917329766153277,0.22775715097078597,1268.4397470234035,17.568892028841656,0.029541972880779265,0.21369600179261616,0.7985327650609437,0.013786239100521763,0.0007883701232097348,0.04566433020625917,17.62846933858047,0.9861492104216499,0.66015625,0.0011104615405201912,923,4,0.7336776256561279,0.0,0.0,10905008,,
42,dp_fisher_wiener,b47a1595ee654f8a78e687241bff5037cb0f0d90ae4862e4d6981afb2651c309,0.07166369460967166,1.8967823592269433,1.8984049699627896,0.23472491722345687,700.5459310549388,9.726550722688394,0.04150705480813415,0.3055351740130908,0.8645870883575858,0.01384566788662234,0.0014274581515292292,0.08913704252511635,17.954948352575702,0.9861157558819325,0.6875,0.0011905459687113762,924,4,0.7200462818145752,0.0,0.0,10905008,,
42,dp_fisher_wiener,b47a1595ee654f8a78e687241bff5037cb0f0d90ae4862e4d6981afb2651c309,0.05734914369696315,1.898031203433646,1.8990436186887714,0.2345679151091406,1095.3497673935221,15.74958832293604,0.0327483120948657,0.2420345427464967,0.8548667540616192,0.01433176025479743,0.0009129503921612698,0.054456042015293867,17.755988926964744,0.9856214071598252,0.69140625,0.0011123651638627052,925,4,0.7640280723571777,0.0,0.0,10905008,,
42,dp_fisher_wiener,b47a1595ee654f8a78e687241bff5037cb0f0d90ae4862e4d6981afb2651c309,0.06965229736959992,1.8985989245269115,1.8999068705983413,0.23005897877037806,743.0115587324923,10.098284528720473,0.037102205382213475,0.27419041438695463,0.8486994516782341,0.013509348432071485,0.0013458740823621962,0.08455201238492167,17.981195182370865,0.9864089805736745,0.7421875,0.0014155413955450058,926,4,0.6841720342636108,0.0,0.0,10905008,,
42,dp_fisher_wiener,b47a1595ee654f8a78e687241bff5037cb0f0d90ae4862e4d6981afb2651c309,0.059708160941410036,1.9031970047434978,1.9041941612371687,0.23209330067323314,1016.0149571250261,14.21291015815645,0.03237419850775012,0.2439922706699753,0.8345940155123873,0.0139153643998087,0.000984237478697047,0.059031059926031484,17.779806823101534,0.9860111211370646,0.7265625,0.0014513088390231133,927,4,0.7976940870285034,0.0,0.0,10905008,,
42,dp_fisher_wiener,b47a1595ee654f8a78e687241bff5037cb0f0d90ae4862e4d6981afb2651c309,0.06968586321309013,1.89887692883982,1.9001788861327014,0.23071716106082882,742.5133517740306,10.18199694412947,0.03701349205245202,0.2687424356165135,0.8552388577208291,0.013668038408115556,0.0013467771285251276,0.08427077089088962,17.96381234027902,0.9862871193901098,0.74609375,0.0011142631992697716,928,4,0.6664096713066101,0.0,0.0,10905008,,
42,dp_fisher_wiener,b47a1595ee654f8a78e687241bff5037cb0f0d90ae4862e4d6981afb2651c309,0.07884726665909395,1.8958826511980975,1.897533086561102,0.23008104460831177,578.1621007681375,7.684226308996567,0.041699208461364046,0.31370965133882134,0.8602117270598162,0.013194229724585026,0.0017296187323767585,0.11276431805400942,18.142213173976344,0.9867092182299994,0.734375,0.0011116061359643936,929,4,0.6202235817909241,0.0,0.0,10905008,,
42,dp_fisher_wiener,b47a1595ee654f8a78e687241bff5037cb0f0d90ae4862e4d6981afb2651c309,0.053111522545579555,1.9031625766610112,1.9038556668247617,0.22683141711360158,1284.0273528732807,17.626672657735867,0.026995749334025446,0.18889658730277833,0.799139241253269,0.013671557159985932,0.0007787996084409797,0.04552292918084634,17.668044739957285,0.9862723542311714,0.70703125,0.0011470206081867218,930,4,0.6539827585220337,0.0,0.0,10905008,,
42,dp_fisher_wiener,b47a1595ee654f8a78e687241bff5037cb0f0d90ae4862e4d6981afb2651c309,0.06314576734657934,1.900100607919743,1.9011764285346786,0.23052902446978407,905.4504801797364,12.580948743685589,0.03363930199263093,0.23926386955182735,0.8067677418671552,0.013825248907336692,0.0011044226289994648,0.06444821041866779,17.660755655844348,0.9861053155097066,0.69140625,0.001382259652018547,931,4,0.6565108299255371,0.0,0.0,10905008,,
42,dp_fisher_wiener,b47a1595ee654f8a78e687241bff5037cb0f0d90ae4862e4d6981afb2651c309,0.08090707817758991,1.8961121405915689,1.8978556673709377,0.2354084803150533,549.2309502281305,7.649404078784358,0.04285523761285534,0.31214738474571746,0.8612109477622129,0.013835106948887668,0.0018207276910224965,0.11333707982188572,17.941270210889396,0.9860725181718092,0.73046875,0.0011169910430908203,932,4,0.6598775386810303,0.0,0.0,10905008,,
42,dp_fisher_wiener,b47a1595ee654f8a78e687241bff5037cb0f0d90ae4862e4d6981afb2651c309,0.05436444801109019,1.8993138512145737,1.9001398494718802,0.23282952146236202,1220.5722872172398,17.510015231187772,0.02949579938975822,0.21387654313973073,0.8397979196454779,0.014311769783872394,0.0008192878128842752,0.04807485108137447,17.684814524372243,0.9856542579128159,0.6953125,0.0011073658242821693,933,4,0.8849036693572998,0.0,0.0,10905008,,
42,dp_fisher_wiener,b47a1595ee654f8a78e687241bff5037cb0f0d90ae4862e4d6981afb2651c309,0.04792355365286791,1.9010904855000255,1.9017808276772588,0.22816720843567992,1573.6478300054043,21.86392358121735,0.027002108282364438,0.18943521401970576,0.7781442899959686,0.01385326760853242,0.0006354661954834427,0.03569442283795717,17.495079107427273,0.9861062156574535,0.6796875,0.0014080619439482689,934,4,0.6906004548072815,0.0,0.0,10905008,,
42,dp_fisher_wiener,b47a1595ee654f8a78e687241bff5037cb0f0d90ae4862e4d6981afb2651c309,0.04733617318120065,1.8965835627444918,1.8972741182746677,0.22788804338611635,1605.3054277884214,22.342270738958042,0.02706045615084757,0.19054964318009998,0.7981917445509601,0.013880812181138825,0.0006229344162444551,0.035820750411893164,17.596923533024732,0.9860822306134402,0.75,0.001481248065829277,935,4,0.791867196559906,0.0,0.0,10905008,,
42,dp_fisher_wiener,b47a1595ee654f8a78e687241bff5037cb0f0d90ae4862e4d6981afb2651c309,0.054680163925939156,1.8982156700200679,1.899237296630006,0.2260956489570679,1205.1233259312478,16.143740385854464,0.03307394893996565,0.23621654227379357,0.7845159786298644,0.013342843681534194,0.0008297905933341093,0.04878899844209962,17.693533950628012,0.9866040760821096,0.65625,0.0015193270519375801,936,5,0.5981491208076477,0.0,0.0,10905008,,
42,dp_fisher_wiener,b47a1595ee654f8a78e687241bff5037cb0f0d90ae4862e4d6981afb2651c309,0.059023191122540196,1.9000001029975917,1.900749677843863,0.2298877245932658,1036.2436363004283,14.614371475666434,0.02822345500016673,0.19970491629093648,0.7988751004618966,0.01402311853185618,0.0009650240201067487,0.05497590706843603,17.556342798754216,0.9858967804831706,0.69921875,0.0013259109109640121,937,5,0.7294309735298157,0.0,0.0,10905008,,
42,dp_fisher_wiener,b47a1595ee654f8a78e687241bff5037cb0f0d90ae4862e4d6981afb2651c309,0.07370121563443403,1.8978537263484652,1.899303387401861,0.2335527125869778,663.0956384662966,9.203462479711172,0.03906409594041066,0.29009079013473527,0.8658243985935081,0.013804528979815385,0.0015080780837716985,0.09458713166070415,17.97408226889759,0.9861204599369773,0.66015625,0.0011057453230023384,938,5,0.6281309723854065,0.0,0.0,10905008,,
42,dp_fisher_wiener,b47a1595ee654f8a78e687241bff5037cb0f0d90ae4862e4d6981afb2651c309,0.044416911816009895,1.8955377282053696,1.8961020674609503,0.22725908455893723,1821.244048781104,25.50519105835727,0.02441630342799232,0.16352694214811245,0.7391038524258919,0.013962893011186337,0.0005490752324830433,0.02906443668030321,17.237300550810414,0.9859957312830095,0.69140625,0.0011292286217212677,939,5,0.6433504223823547,0.0,0.0,10905008,,
42,dp_fisher_wiener,b47a1595ee654f8a78e687241bff5037cb0f0d90ae4862e4d6981afb2651c309,0.04650901340879559,1.8968372399628557,1.8975210274174998,0.22671192071911048,1663.3585722047585,22.852694704964513,0.026954811367589798,0.19579515621801158,0.7878580265213505,0.013689346533256994,0.0006011932822229269,0.03460026027894779,17.600652459523776,0.9862611134563324,0.72265625,0.0013802647590637207,940,5,0.8595909476280212,0.0,0.0,10905008,,
42,dp_fisher_wiener,b47a1595ee654f8a78e687241bff5037cb0f0d90ae4862e4d6981afb2651c309,0.054118960694296954,1.9011319230209667,1.9020093424449178,0.22355693544133762,1234.0297025655914,16.256298537475075,0.030435838130064164,0.21878901489717376,0.7964806211730214,0.013132971026957926,0.0008103532658729838,0.049145823245479094,17.82812227091337,0.9868266553846531,0.6640625,0.0013402625918388367,941,5,0.6848758459091187,0.0,0.0,10905008,,
42,dp_fisher_wiener,b47a1595ee654f8a78e687241bff5037cb0f0d90ae4862e4d6981afb2651c309,0.09372845320508778,1.9012458789349451,1.9036477562459877,0.24069833013290007,411.4657316610047,5.681341905567016,0.050227866700636975,0.37255717732634425,0.8921137918154751,0.01371881761332293,0.0024303360473036076,0.1580410475494159,18.13103570998334,0.9861924299682722,0.71484375,0.0011124936863780022,942,5,0.8107938766479492,0.0,0.0,10905008,,
42,dp_fisher_wiener,b47a1595ee654f8a78e687241bff5037cb0f0d90ae4862e4d6981afb2651c309,0.05384685233330771,1.8928367159547372,1.8936279704381527,0.22603360489456742,1235.678983640773,16.791253438746125,0.02890937233003094,0.2179206834710702,0.8211537048054656,0.013525750955250536,0.0008092716740301412,0.049131204303409476,17.832630695903745,0.986411314215875,0.67578125,0.0011155502870678902,943,5,0.7323874235153198,0.0,0.0,10905008,,
42,dp_fisher_wiener,b47a1595ee654f8a78e687241bff5037cb0f0d90ae4862e4d6981afb2651c309,0.06817270332413473,1.899040857186984,1.900064626028373,0.234873986665271,775.9747420331513,11.178463908001849,0.03295281310195638,0.2454784951741926,0.876971613306495,0.014336067225245278,0.001288701739394801,0.07883297601305182,17.865555068359026,0.9855942941148964,0.734375,0.0013804808259010315,944,5,0.8631069660186768,0.0,0.0,10905008,,
42,dp_fisher_wiener,b47a1595ee654f8a78e687241bff5037cb0f0d90ae4862e4d6981afb2651c309,0.06480771181138285,1.8965417302444996,1.8977065171543754,0.2300680401445513,856.38968989313,11.783619616475807,0.035042724397556735,0.25618983037826654,0.8471271595745907,0.013699526207268341,0.0011676927122819755,0.07220572418789252,17.91243058009574,0.9862403532462622,0.73046875,0.0016181832179427147,945,5,0.7347201108932495,0.0,0.0,10905008,,
42,dp_fisher_wiener,b47a1595ee654f8a78e687241bff5037cb0f0d90ae4862e4d6981afb2651c309,0.059993350937634506,1.8980600569739636,1.8992130789497743,0.23011054119482294,1000.9529395692523,13.771498608628214,0.03500759415335446,0.2529374860674804,0.8362110415308809,0.013709592003341079,0.0009990479673821836,0.06093652833399916,17.852913670615482,0.9862416123034208,0.703125,0.0012499606236815453,946,5,0.83109450340271,0.0,0.0,10905008,,
42,dp_fisher_wiener,b47a1595ee654f8a78e687241bff5037cb0f0d90ae4862e4d6981afb2651c309,0.06096115182064375,1.9013857732352935,1.9021780434787283,0.2246574465016217,972.8237210508247,12.968318240879219,0.02901764642086207,0.2188169675134901,0.8410265965856142,0.0132742044190001,0.0010279354605482439,0.06512790031105262,18.018012284454606,0.9866694058129385,0.69921875,0.0011114003136754036,947,5,0.819870114326477,0.0,0.0,10905008,,
42,dp_fisher_wiener,b47a1595ee654f8a78e687241bff5037cb0f0d90ae4862e4d6981afb2651c309,0.05209529529650144,1.8983321100476651,1.8990479990271518,0.2252071422096701,1327.844989853244,18.05997746576893,0.02745548290485353,0.18832078035959393,0.7459689307835561,0.01353034357713441,0.0007530999531366788,0.041520687468675266,17.414119144824745,0.9863990318118684,0.69921875,0.0011450964957475662,948,5,0.5357756614685059,0.0,0.0,10905008,,
42,dp_fisher_wiener,b47a1595ee654f8a78e687241bff5037cb0f0d90ae4862e4d6981afb2651c309,0.03983401007067036,1.8906436525415675,1.8910823409266455,0.2246060505225376,2252.741211246318,31.215104710883814,0.02154369959302877,0.13994195760051614,0.644287562384421,0.013788536420056396,0.00044390362922168744,0.020741982953554845,16.69561576351175,0.986143501723571,0.7109375,0.0013999072834849358,949,5,0.7017735838890076,0.0,0.0,10905008,,
42,dp_fisher_wiener,b47a1595ee654f8a78e687241bff5037cb0f0d90ae4862e4d6981afb2651c309,0.06039665532427846,1.899677333685088,1.90074575862288,0.2341589548859275,989.3134289941191,14.12853058572788,0.03357278301347886,0.24538733096961207,0.8496736083471912,0.014220807612890326,0.0010108020071478542,0.06039402348556584,17.7632786747836,0.9857188529219814,0.68359375,0.001346088945865631,950,5,0.6782711744308472,0.14438789058476686,0.004516195505857468,10905008,,
42,dp_fisher_wiener,b47a1595ee654f8a78e687241bff5037cb0f0d90ae4862e4d6981afb2651c309,0.0647171240100181,1.8963217126609742,1.8974076928974828,0.23258049625301452,858.5895865150172,12.086683805717414,0.0338297036904462,0.2544277000726068,0.8598521707331256,0.01400509572924274,0.0011647008250122437,0.07150758211310106,17.881377100142718,0.9859226293964577,0.67578125,0.0011381851509213448,951,5,0.7409852743148804,0.0,0.0,10905008,,
42,dp_fisher_wiener,b47a1595ee654f8a78e687241bff5037cb0f0d90ae4862e4d6981afb2651c309,0.0564423369747524,1.8959695508337708,1.8968433134297766,0.23167780316044068,1128.373146192715,16.076189985349927,0.030355023524560685,0.21587769989926306,0.8153196691536834,0.014192948597697097,0.0008862316540055558,0.05090993560472847,17.59255289324358,0.9857527715547036,0.68359375,0.0013831807300448418,952,5,0.5898173451423645,0.0,0.0,10905008,,
42,dp_fisher_wiener,b47a1595ee654f8a78e687241bff5037cb0f0d90ae4862e4d6981afb2651c309,0.06989473719406591,1.9004443252249805,1.901912823030233,0.2351720180058165,739.3010955056019,10.337724204456821,0.03937687605198954,0.29471209089155004,0.8826615692856888,0.013940186597237888,0.0013526288624138105,0.08564544715753873,18.01525630686958,0.9860168958665155,0.72265625,0.001175866462290287,953,5,0.8815854787826538,0.0,0.0,10905008,,
42,dp_fisher_wiener,b47a1595ee654f8a78e687241bff5037cb0f0d90ae4862e4d6981afb2651c309,0.0869540170073822,1.894906953964788,1.896527432168334,0.23892583618180727,474.893777781539,6.8536206236982755,0.041552608883968466,0.3086877709295925,0.8945336039330128,0.014342867172861514,0.0021057340539161256,0.1313300785459909,17.949606832078118,0.9855680976581479,0.6875,0.001115395687520504,954,5,0.817979097366333,0.0,0.0,10905008,,
42,dp_fisher_wiener,b47a1595ee654f8a78e687241bff5037cb0f0d90ae4862e4d6981afb2651c309,0.05116949146373668,1.8979255714269871,1.898569680197098,0.23083797487638583,1375.7393281649013,19.63411787253585,0.02606141504621366,0.19032332805172592,0.8166917304477236,0.014214804545187313,0.0007268818875387518,0.0417619830714626,17.593172651775724,0.9857283153352021,0.6484375,0.0011661266908049583,955,5,0.6745908260345459,0.0,0.0,10905008,,
42,dp_fisher_wiener,b47a1595ee654f8a78e687241bff5037cb0f0d90ae4862e4d6981afb2651c309,0.061878673098007944,1.898330877953677,1.8994218291541607,0.23027827432231393,941.1564853550892,12.988152627072473,0.03391424286706362,0.25004026888414155,0.8593274262698866,0.013762417053419747,0.0010625225616559028,0.0663440713166459,17.9546395816727,0.9861997947959009,0.68359375,0.0011381246149539948,956,5,0.6185773611068726,0.0,0.0,10905008,,
42,dp_fisher_wiener,b47a1595ee654f8a78e687241bff5037cb0f0d90ae4862e4d6981afb2651c309,0.07105874743087873,1.8954760607734034,1.8969135975798228,0.23862661166543514,711.5435920841294,10.334119709392985,0.03895268860009236,0.2893126212128271,0.8703500245745427,0.014452933301858793,0.0014053952715288329,0.08463235689141681,17.79737947212439,0.9854764770221298,0.75,0.0012436900287866592,957,5,0.7709481716156006,0.0,0.0,10905008,,
42,dp_fisher_wiener,b47a1595ee654f8a78e687241bff5037cb0f0d90ae4862e4d6981afb2651c309,0.07857701033125762,1.8936366406725111,1.895333481352375,0.23723806343528325,580.7674862058954,8.209890419488607,0.04231402598414624,0.3155744799748482,0.8863389670929229,0.01406034225057448,0.0017218594766223497,0.10854295884178532,17.99603950687693,0.985863722376883,0.72265625,0.0011164303869009018,958,5,0.7438974380493164,0.0,0.0,10905008,,
42,dp_fisher_wiener,b47a1595ee654f8a78e687241bff5037cb0f0d90ae4862e4d6981afb2651c309,0.06470163530960611,1.8983120770012623,1.8995353875533065,0.23913178089046272,860.8048523605047,12.808303627401067,0.035931772175688645,0.2504776132742488,0.8474526078854983,0.014842949382874414,0.0011617034883326244,0.06632702339669874,17.565952137900606,0.9851205489928705,0.703125,0.001405215822160244,959,5,0.7708420157432556,0.0,0.0,10905008,,
42,dp_fisher_wiener,b47a1595ee654f8a78e687241bff5037cb0f0d90ae4862e4d6981afb2651c309,0.053402262441551135,1.9003889248050554,1.9012506765232269,0.2305292239932674,1266.3847377583686,17.750832422486692,0.030177314344556463,0.21825062670722997,0.839323102821282,0.013980475669539279,0.0007896494405161345,0.04740690048325161,17.78407229041199,0.9859830651039726,0.67578125,0.0013721566647291183,960,5,0.664156436920166,0.0,0.0,10905008,,
42,dp_fisher_wiener,b47a1595ee654f8a78e687241bff5037cb0f0d90ae4862e4d6981afb2651c309,0.06296970527540413,1.898625533436171,1.8996528984411067,0.23432422337521655,909.107651262519,13.09048478521799,0.032884817628543915,0.2360790553900781,0.8498102324282439,0.014342201683101671,0.00109997974206771,0.06517646740332476,17.727061304175592,0.9856007319187832,0.67578125,0.0011182250455021858,961,5,0.7023918032646179,0.0,0.0,10905008,,
42,dp_fisher_wiener,b47a1595ee654f8a78e687241bff5037cb0f0d90ae4862e4d6981afb2651c309,0.058682484453165824,1.8969363856882937,1.8977340410695376,0.231125958439917,1044.9332506108763,14.83759720262993,0.029051075250064697,0.21262144682422524,0.8542058979064747,0.014149687628149252,0.000956998927084312,0.057773298570962375,17.808157130015452,0.9858004353924505,0.69140625,0.0011268137022852898,962,5,0.6436975002288818,0.0,0.0,10905008,,
42,dp_fisher_wiener,b47a1595ee654f8a78e687241bff5037cb0f0d90ae4862e4d6981afb2651c309,0.05639312391982815,1.900402877062951,1.9009331952935833,0.2331183117423294,1135.6357402187855,16.64082820804519,0.02423565071067234,0.1750849876084318,0.8312014268539564,0.014589517248249383,0.0008805640437950829,0.050167944380945746,17.55665357926074,0.9853466850164168,0.6484375,0.0013882601633667946,963,5,0.6241469979286194,0.0,0.0,10905008,,
42,dp_fisher_wiener,b47a1595ee654f8a78e687241bff5037cb0f0d90ae4862e4d6981afb2651c309,0.05493621240075405,1.8965344733727265,1.897282069802784,0.22896162252341332,1191.801850544671,16.65250061979734,0.02808337205533929,0.20608432249799516,0.8464162560222387,0.013926861420819147,0.0008390656544217988,0.05099489314455464,17.83730741159853,0.9860274586650606,0.6484375,0.0011109169572591782,964,5,0.6653255820274353,0.0,0.0,10905008,,
42,dp_fisher_wiener,b47a1595ee654f8a78e687241bff5037cb0f0d90ae4862e4d6981afb2651c309,0.053307612417227264,1.898211995020789,1.899066929284256,0.234707913610317,1267.9757968924346,18.472121709808963,0.03006935353891331,0.21728627841788814,0.8383345124933277,0.014525641964782244,0.0007886585864640545,0.04551672920412386,17.612820098815142,0.9854318025982235,0.7265625,0.0011102426797151566,965,5,0.8129379153251648,0.0,0.0,10905008,,
42,dp_fisher_wiener,b47a1595ee654f8a78e687241bff5037cb0f0d90ae4862e4d6981afb2651c309,0.056888213370260815,1.897294647177148,1.8980208075122804,0.2318707625178612,1112.3077768869432,16.049882103420284,0.027748440191382326,0.1917480174685053,0.7945680034705545,0.014352458715805589,0.0008990317432549659,0.049771392598746016,17.432047657667358,0.9855706465090668,0.66015625,0.0013964977115392685,966,5,0.48660701513290405,0.0,0.0,10905008,,
42,dp_fisher_wiener,b47a1595ee654f8a78e687241bff5037cb0f0d90ae4862e4d6981afb2651c309,0.08311426028938132,1.8991414610259276,1.9011065462871406,0.24221236297342513,522.1118403519815,7.528869682695438,0.04549040168328638,0.33692620268001383,0.8935098656549088,0.014332426040465236,0.0019152984524940342,0.11940323699281244,17.94779642580149,0.9855799675456167,0.73828125,0.001400969922542572,967,5,0.7749813199043274,0.0,0.0,10905008,,
42,dp_fisher_wiener,b47a1595ee654f8a78e687241bff5037cb0f0d90ae4862e4d6981afb2651c309,0.054394398778200174,1.8950379565419904,1.8956031472328783,0.2294766653559442,1213.745029113767,17.31126350993853,0.024736573120728952,0.1761934187882685,0.834293150468525,0.014216870487305142,0.0008238962678940115,0.04834896778677085,17.685146705630046,0.9857373145968114,0.65625,0.0011088093742728233,968,5,0.7517375946044922,0.0,0.0,10905008,,
42,dp_fisher_wiener,b47a1595ee654f8a78e687241bff5037cb0f0d90ae4862e4d6981afb2651c309,0.07058608436109151,1.899365622413188,1.9008646742556548,0.23454275754600765,724.0673502860094,10.09247861918246,0.03979567664304749,0.2931958800355125,0.8720323947620505,0.0138905056084573,0.0013810869933632722,0.08670329449215347,17.978145642645007,0.9860614090454526,0.65234375,0.001111217774450779,969,5,0.6600584983825684,0.0,0.0,10905008,,
42,dp_fisher_wiener,b47a1595ee654f8a78e687241bff5037cb0f0d90ae4862e4d6981afb2651c309,0.036207467116165286,1.9010304546489896,1.9012318354012656,0.22975545873840564,2756.651456234456,39.928904861083744,0.015083669691287166,0.10533463310362605,0.7032297811188285,0.014429486323461794,0.00036275895415625756,0.01767927800070817,16.878463826860525,0.9855154322209398,0.65625,0.001401481218636036,970,5,0.7105570435523987,0.0,0.0,10905008,,
42,dp_fisher_wiener,b47a1595ee654f8a78e687241bff5037cb0f0d90ae4862e4d6981afb2651c309,0.05803238964177273,1.9007956058080733,1.901898367753019,0.23306048634355572,1072.8275809676886,15.110012572508928,0.03425345428653028,0.2513142491387911,0.8509913927016427,0.014040264654519703,0.0009321162295257096,0.056496291776696586,17.82549872941336,0.9859157120486448,0.734375,0.0016124332323670387,971,5,0.8624863624572754,0.0,0.0,10905008,,
42,dp_fisher_wiener,b47a1595ee654f8a78e687241bff5037cb0f0d90ae4862e4d6981afb2651c309,0.038804662713939314,1.8956764818968752,1.896158454894685,0.22749180005295938,2386.495491147002,33.47494373301113,0.022651355297396404,0.1615185726620964,0.7903378174625673,0.013994726791061599,0.00041902446622893127,0.02366397624337002,17.518483381104748,0.9859731795609163,0.640625,0.001155337318778038,972,5,0.8296051025390625,0.0,0.0,10905008,,
42,dp_fisher_wiener,b47a1595ee654f8a78e687241bff5037cb0f0d90ae4862e4d6981afb2651c309,0.05693092570098028,1.8978062980967916,1.8987261677908824,0.23794010920484843,1111.2384906845193,16.594946689598856,0.03114560487845049,0.2240577945397662,0.8514088692413881,0.014880797389185752,0.0008998968340947146,0.0514878420916735,17.575119660692003,0.9850662600074519,0.66015625,0.0011125113815069199,973,5,0.5847374796867371,0.0,0.0,10905008,,
42,dp_fisher_wiener,b47a1595ee654f8a78e687241bff5037cb0f0d90ae4862e4d6981afb2651c309,0.05886064104837204,1.8945756531497102,1.895305025196857,0.2336177461008294,1036.0338100683696,15.138694705969794,0.027917135420844102,0.2033570930007474,0.8550636594383481,0.014559972122343367,0.0009652194648407217,0.05668445523489264,17.688379053610465,0.9853878371932991,0.62890625,0.0011375900357961655,974,5,0.701225221157074,0.0,0.0,10905008,,
42,dp_fisher_wiener,b47a1595ee654f8a78e687241bff5037cb0f0d90ae4862e4d6981afb2651c309,0.05995323763451623,1.898428434243284,1.899516935107346,0.23261764855034303,1002.6819054679503,14.106140674479413,0.03393180929080543,0.25105009504576115,0.8505463573234121,0.01401977210777621,0.0009973252676329215,0.0605053610821881,17.82957034421802,0.9859315894726431,0.6875,0.0013167327269911766,975,5,0.671718955039978,0.0,0.0,10905008,,
42,dp_fisher_wiener,b47a1595ee654f8a78e687241bff5037cb0f0d90ae4862e4d6981afb2651c309,0.06636232708924653,1.9010957933926618,1.9021920384720992,0.22882666743359337,820.662876448358,11.151283468378834,0.03395797282140008,0.25207691841521707,0.8511319381754472,0.013533637923591198,0.0012185271546587156,0.07663330325030415,17.985823339099767,0.9864118582813981,0.65625,0.0011534243822097778,976,5,0.670018196105957,0.0,0.0,10905008,,
42,dp_fisher_wiener,b47a1595ee654f8a78e687241bff5037cb0f0d90ae4862e4d6981afb2651c309,0.05263270841035888,1.8984663323321616,1.8990219938960384,0.22837905603337147,1301.0511221602333,18.344949297589775,0.02441364452237689,0.17087807406476418,0.8111695808117373,0.014040756143370069,0.0007686093056653782,0.04440448093614442,17.617211589820737,0.985899901252823,0.6953125,0.00110719446092844,977,5,0.7262306809425354,0.0,0.0,10905008,,
42,dp_fisher_wiener,b47a1595ee654f8a78e687241bff5037cb0f0d90ae4862e4d6981afb2651c309,0.05615359354994845,1.9010423600087465,1.9018987840643693,0.23289620524915902,1146.11574774822,16.438355450751956,0.03001053043764951,0.21257206893142777,0.8169030609108453,0.014282303221683206,0.000872512223697557,0.04990496948354903,17.573722738276423,0.985657333927185,0.64453125,0.00111306831240654,978,5,0.6604152321815491,0.0,0.0,10905008,,
42,dp_fisher_wiener,b47a1595ee654f8a78e687241bff5037cb0f0d90ae4862e4d6981afb2651c309,0.05358326326193083,1.900185793634892,1.9008101703291442,0.2345983904780357,1257.5747696428787,18.503012283292865,0.02574539227029973,0.19022040681047303,0.8392927304869244,0.014658190804403491,0.0007951813472970746,0.04553017035530587,17.57833090537367,0.9852867497583924,0.64453125,0.0011269282549619675,979,5,0.6806005239486694,0.0,0.0,10905008,,
42,dp_fisher_wiener,b47a1595ee654f8a78e687241bff5037cb0f0d90ae4862e4d6981afb2651c309,0.05206879152419513,1.9028777098257497,1.9034566839030902,0.22950176394562652,1335.5703259684794,18.810620567816287,0.024795145870074344,0.18341751823673041,0.8226072312356449,0.014021274510167091,0.0007487437989502612,0.043927680263856524,17.68405030433755,0.9859156644902464,0.71484375,0.001394151709973812,980,5,0.7671751379966736,0.0,0.0,10905008,,
42,dp_fisher_wiener,b47a1595ee654f8a78e687241bff5037cb0f0d90ae4862e4d6981afb2651c309,0.056304569643101134,1.8960109045538747,1.8968178564077907,0.23570827046673318,1133.9512255314685,16.755644713651613,0.02917070772277588,0.21134732212046078,0.8354504675536297,0.014721383442540911,0.0008818721450877197,0.050046960533987196,17.53972081292842,0.9852236636493833,0.6796875,0.0011109933257102966,981,5,0.6301578283309937,0.0,0.0,10905008,,
42,dp_fisher_wiener,b47a1595ee654f8a78e687241bff5037cb0f0d90ae4862e4d6981afb2651c309,0.052631849807828326,1.8961910954849923,1.8969096054940076,0.23276887795401743,1297.976821899658,18.84352398682989,0.027522086075057565,0.19397500300483314,0.8308357616445294,0.014480655123237247,0.0007704297817700415,0.0442038436315043,17.5872697084753,0.9854823879218073,0.69140625,0.001111721619963646,982,5,0.7606936693191528,0.0,0.0,10905008,,
42,dp_fisher_wiener,b47a1595ee654f8a78e687241bff5037cb0f0d90ae4862e4d6981afb2651c309,0.05886447205996856,1.8994073348085898,1.9001011472384979,0.23561290944130633,1041.1893442255227,15.473955384571575,0.02727428155949488,0.1932627300521624,0.8407426438397639,0.014794994864965395,0.0009604401017520628,0.05457811631464598,17.545482570119916,0.9851381927116462,0.70703125,0.001106894575059414,983,5,0.6334684491157532,0.0,0.0,10905008,,
42,dp_fisher_wiener,b47a1595ee654f8a78e687241bff5037cb0f0d90ae4862e4d6981afb2651c309,0.06088816230582486,1.897238048408598,1.8981823069840618,0.23598699325150338,970.9076388874421,14.230329459795572,0.031542768459918366,0.2310614032795914,0.8603015200356197,0.014609865434091977,0.001029964086878422,0.06064940664532768,17.700044741033803,0.9853432717080092,0.6640625,0.0011398419737815857,984,5,0.6660990715026855,0.0,0.0,10905008,,
42,dp_fisher_wiener,b47a1595ee654f8a78e687241bff5037cb0f0d90ae4862e4d6981afb2651c309,0.06352785157907105,1.8986233421304664,1.899841682468186,0.23417372371617806,893.2011939826455,12.682181647853309,0.03589114988428684,0.25847805362511017,0.8554648325434253,0.014141468851300435,0.0011195685882293715,0.06772645509034028,17.817076392091252,0.9858014277933262,0.66796875,0.0014712633565068245,985,5,0.7816922068595886,0.0,0.0,10905008,,
42,dp_fisher_wiener,b47a1595ee654f8a78e687241bff5037cb0f0d90ae4862e4d6981afb2651c309,0.0672534446812212,1.9005058935413592,1.9018360540080372,0.23534740859309972,798.5633496553759,11.332218058806937,0.03745259694515088,0.27342542484066445,0.8716159049891418,0.014142930328220083,0.0012522488043186395,0.07717495241349155,17.897857443391015,0.9858092434824435,0.7109375,0.0015373919159173965,986,5,0.7099495530128479,0.0,0.0,10905008,,
42,dp_fisher_wiener,b47a1595ee654f8a78e687241bff5037cb0f0d90ae4862e4d6981afb2651c309,0.055762729467702665,1.8986002239690516,1.8993927291567143,0.23418272347834504,1159.2550823500665,16.91064791833824,0.02888822385506289,0.20552152580419888,0.8221592339397946,0.014536113963942755,0.000862622916132405,0.048789752053409845,17.52507619289507,0.9854124875743033,0.6796875,0.0011616647243499756,987,5,0.5130071043968201,0.0,0.0,10905008,,
42,dp_fisher_wiener,b47a1595ee654f8a78e687241bff5037cb0f0d90ae4862e4d6981afb2651c309,0.06852117853661474,1.904262851078701,1.905693031436434,0.23836830257383582,772.3322005857523,11.139637197617498,0.03884228116616988,0.28201048434037684,0.8573640029269777,0.014367814179962484,0.0012947796285436737,0.07726279248515004,17.757745425351636,0.9855766246840856,0.6796875,0.001116722822189331,988,5,0.810149073600769,0.0,0.0,10905008,,
42,dp_fisher_wiener,b47a1595ee654f8a78e687241bff5037cb0f0d90ae4862e4d6981afb2651c309,0.06547747552826318,1.8983545276236873,1.899567830660547,0.23577801094804787,840.5640096366242,12.056744756563505,0.03575899968983045,0.26517721990813214,0.8905860805623605,0.014298098563440937,0.001189677393157453,0.07410147036203739,17.943976162311564,0.9856563633247011,0.66015625,0.00141968484967947,989,5,0.8328729271888733,0.0,0.0,10905008,,
42,dp_fisher_wiener,b47a1595ee654f8a78e687241bff5037cb0f0d90ae4862e4d6981afb2651c309,0.07228664677192154,1.8999226435540493,1.9011877912489128,0.24015562260784426,690.8053288780864,10.218159007994121,0.03650691117808173,0.27380488730830094,0.9073319604249656,0.01473368093489631,0.0014475858219455467,0.08914546797501588,17.894549480251136,0.9852083378908117,0.65625,0.0015276819467544556,990,5,0.8974627256393433,0.0,0.0,10905008,,
42,dp_fisher_wiener,b47a1595ee654f8a78e687241bff5037cb0f0d90ae4862e4d6981afb2651c309,0.049321026166517214,1.9006487977297606,1.9012677941838907,0.2322539941691031,1485.044756067184,21.41098652602717,0.025518876015177844,0.18729342981866295,0.8285700752580745,0.014376462160544026,0.0006733803782701576,0.03880946679987107,17.606772181447607,0.9855822617880396,0.68359375,0.0011455751955509186,991,5,0.710066556930542,0.0,0.0,10905008,,
42,dp_fisher_wiener,b47a1595ee654f8a78e687241bff5037cb0f0d90ae4862e4d6981afb2651c309,0.050189914280060595,1.8963644809508888,1.8971336913234669,0.2289561122679874,1427.6137317654059,19.988115010786135,0.028550715373948956,0.1996868265101573,0.8096614528406059,0.013968432378204197,0.0007004695859615543,0.04060178032139753,17.63155793302945,0.9859989333486846,0.69140625,0.0011077532544732094,992,5,0.6616769433021545,0.0,0.0,10905008,,
42,dp_fisher_wiener,b47a1595ee654f8a78e687241bff5037cb0f0d90ae4862e4d6981afb2651c309,0.06653701871044825,1.896699133281868,1.8981023911763366,0.23558413101582806,812.5876469885211,11.534808041593191,0.038609333449832986,0.28262865435143963,0.8668201441660762,0.014146630173160236,0.0012306364777755112,0.07540597840221142,17.872759949647868,0.9858048444566707,0.6875,0.0011332444846630096,993,5,0.7287592887878418,0.0,0.0,10905008,,
42,dp_fisher_wiener,b47a1595ee654f8a78e687241bff5037cb0f0d90ae4862e4d6981afb2651c309,0.06371900207862519,1.896018116739119,1.8969561956070207,0.2346812486631654,885.415324385442,12.844124665973837,0.031513545142846516,0.2336159606931924,0.858219304158996,0.014444561503155994,0.0011294134766049065,0.06710376414043054,17.738939163265343,0.9854936725034827,0.6484375,0.001454053446650505,994,5,0.707764744758606,0.0,0.0,10905008,,
42,dp_fisher_wiener,b47a1595ee654f8a78e687241bff5037cb0f0d90ae4862e4d6981afb2651c309,0.04831509686018204,1.9020028480635287,1.9026523418507157,0.22937035637757747,1549.7320564479196,21.73955571830442,0.026137354994632902,0.1893786552773586,0.80487148913409,0.01397948317004055,0.0006452728363013924,0.03715171029905751,17.602354276425682,0.9859720552157082,0.69921875,0.0014474652707576752,995,5,0.8180850148200989,0.0,0.0,10905008,,
42,dp_fisher_wiener,b47a1595ee654f8a78e687241bff5037cb0f0d90ae4862e4d6981afb2651c309,0.04807822756605551,1.8983907188163511,1.8990225531792677,0.23398140333192302,1559.1012015078293,22.924117608305274,0.02579828927796174,0.1808694311300577,0.7902192940729471,0.014663050900749423,0.000641395182429461,0.03456598847822117,17.31523286599486,0.9852965813982256,0.68359375,0.0011118687689304352,996,5,0.5471369028091431,0.0,0.0,10905008,,
42,dp_fisher_wiener,b47a1595ee654f8a78e687241bff5037cb0f0d90ae4862e4d6981afb2651c309,0.048265062730783376,1.8979501781974437,1.8984715097474367,0.23514090080651923,1546.3359958767307,23.131084598191492,0.02351150224241347,0.16461765773474182,0.8312537322933643,0.014913265146498267,0.0006466899834427483,0.03604599377222883,17.461608684453516,0.9850413592777614,0.65234375,0.0011361893266439438,997,5,0.7425849437713623,0.0,0.0,10905008,,
42,dp_fisher_wiener,b47a1595ee654f8a78e687241bff5037cb0f0d90ae4862e4d6981afb2651c309,0.05833304260287898,1.898995160722714,1.9000652309005153,0.22997621999023832,1059.7866805409506,14.562611769396085,0.0336892598074511,0.2511688787052076,0.8654327314441586,0.013707090982826933,0.0009435861179113978,0.05957575627267775,18.002880207687927,0.9862589216898264,0.6875,0.0013814494013786316,998,5,0.9428725242614746,0.0,0.0,10905008,,
42,dp_fisher_wiener,b47a1595ee654f8a78e687241bff5037cb0f0d90ae4862e4d6981afb2651c309,0.06647354309467206,1.8984689135912285,1.8996628583515656,0.23510591674779158,815.6603004846241,11.687141870092717,0.03545170026314308,0.25758287984250516,0.8716107964429495,0.014286336226697569,0.0012260005779112502,0.07479841741207835,17.854017338932785,0.9856715573098929,0.70703125,0.0011297482997179031,999,5,0.7204393148422241,0.0,0.0,10905008,0.6731263277053833,0.7883
42,dp_fisher_wiener,b47a1595ee654f8a78e687241bff5037cb0f0d90ae4862e4d6981afb2651c309,0.05191737088373995,1.9001732712129717,1.9008404352399193,0.2319773063529453,1339.5564702577628,19.28307771709786,0.026504667315756618,0.18819117479250422,0.8285833221349027,0.014355317852234876,0.0007465157474371337,0.043088596478463304,17.613233740884063,0.9856048788197918,0.66015625,0.0011537494137883186,1000,5,0.5371042490005493,0.14757815934717655,0.004646671935915947,10905008,,
42,dp_fisher_wiener,b47a1595ee654f8a78e687241bff5037cb0f0d90ae4862e4d6981afb2651c309,0.05029688193833651,1.8969314559717319,1.8975630951965232,0.23673309518836816,1422.3980597388193,21.50556763315408,0.025809147853570896,0.17502649127174516,0.8315458634652,0.015093802255772157,0.0007030380790789677,0.03873168581583859,17.410875510607177,0.984880767035708,0.78125,0.0011744508519768715,1001,5,0.8832523822784424,0.0,0.0,10905008,,
42,dp_fisher_wiener,b47a1595ee654f8a78e687241bff5037cb0f0d90ae4862e4d6981afb2651c309,0.06243631848958534,1.8987284909921378,1.900029749349745,0.2354684778524327,924.8071092154062,13.121634000034437,0.03726458521737167,0.2785958522251257,0.880170080205186,0.014155899858728529,0.0010813065662866569,0.0672322986810036,17.936291194252895,0.9858114909917128,0.6640625,0.0011081025004386902,1002,5,0.6770720481872559,0.0,0.0,10905008,,
42,dp_fisher_wiener,b47a1595ee654f8a78e687241bff5037cb0f0d90ae4862e4d6981afb2651c309,0.05511570925979018,1.8994994656344728,1.900537098173289,0.2323707785589233,1187.7568677157626,16.76921255275076,0.03332133479055874,0.23788769557407602,0.8180660569016948,0.014082640796183342,0.0008419231467747127,0.04890764161904174,17.641042710264273,0.9858816117940065,0.703125,0.001262035220861435,1003,5,0.6459671854972839,0.0,0.0,10905008,,
42,dp_fisher_wiener,b47a1595ee654f8a78e687241bff5037cb0f0d90ae4862e4d6981afb2651c309,0.06469074881926877,1.895288687423789,1.8965366082847592,0.2399835058367041,858.3538987935596,12.792929313610243,0.03633918449959271,0.2653812695483056,0.8658774784965567,0.01485643336286786,0.001165020629796515,0.06790089524906623,17.655418841977095,0.9850959734305541,0.7265625,0.0011167684569954872,1004,5,0.6176548004150391,0.0,0.0,10905008,,
42,dp_fisher_wiener,b47a1595ee654f8a78e687241bff5037cb0f0d90ae4862e4d6981afb2651c309,0.04045029800152078,1.900413402276892,1.900843768257731,0.23497389334731578,2207.256060242084,33.116829832346944,0.021278262964946986,0.14005181873971198,0.7754257168186847,0.014959119425696332,0.00045305119664226193,0.02348450728434098,17.146341701361024,0.9849963806062874,0.71484375,0.0012253643944859505,1005,5,0.7870622873306274,0.0,0.0,10905008,,
42,dp_fisher_wiener,b47a1595ee654f8a78e687241bff5037cb0f0d90ae4862e4d6981afb2651c309,0.06400280708978456,1.8960945516430838,1.8974134622166168,0.23514410109481898,877.6511704921799,12.445732223652817,0.037465715771974197,0.27930172972809575,0.8912707097051618,0.0141543897024794,0.0011394048494173493,0.07174581104205212,17.991184854870404,0.9858192723463585,0.63671875,0.0012776963412761688,1006,5,0.6503597497940063,0.0,0.0,10905008,,
42,dp_fisher_wiener,b47a1595ee654f8a78e687241bff5037cb0f0d90ae4862e4d6981afb2651c309,0.052782925098262407,1.8962902798131507,1.896788550512067,0.23257528314181813,1290.692330794266,18.937855799282172,0.023352518929835524,0.16763309838330975,0.8410550902127735,0.014618778241807118,0.0007747779821589313,0.04457492651728562,17.599133650239608,0.9853273662921489,0.65625,0.0011136941611766815,1007,5,0.6576319932937622,0.0,0.0,10905008,,
42,dp_fisher_wiener,b47a1595ee654f8a78e687241bff5037cb0f0d90ae4862e4d6981afb2651c309,0.0559677637249258,1.891272969175013,1.8920930142903731,0.229791190501282,1141.9116982966736,16.094955213915416,0.029438830199490514,0.21463101953685007,0.8371078720300438,0.014046775893818784,0.0008757244550275822,0.0521881918522553,17.75204772005432,0.985905254112101,0.6875,0.0011509433388710022,1008,5,0.5751355886459351,0.0,0.0,10905008,,
42,dp_fisher_wiener,b47a1595ee654f8a78e687241bff5037cb0f0d90ae4862e4d6981afb2651c309,0.0654816102768113,1.9027939238512857,1.9038378429432374,0.23751417164609165,844.3933615118157,12.38250640312227,0.03313506688604136,0.24454103913478178,0.8544671884043272,0.01458368016789968,0.0011842821667570785,0.06938785285147114,17.67828258856978,0.985335618483607,0.6640625,0.0013078264892101288,1009,5,0.5761655569076538,0.0,0.0,10905008,,
42,dp_fisher_wiener,b47a1595ee654f8a78e687241bff5037cb0f0d90ae4862e4d6981afb2651c309,0.06711599585648362,1.8966993019460323,1.8979925773908322,0.24612278063698964,798.6286600925501,12.547175814978166,0.0369434777161413,0.2591448934006018,0.8635072679624953,0.01566163839885329,0.0012521463976284523,0.06903731829265274,17.414288044231434,0.9842890989993764,0.68359375,0.001380964182317257,1010,5,0.6959295272827148,0.0,0.0,10905008,,
42,dp_fisher_wiener,b47a1595ee654f8a78e687241bff5037cb0f0d90ae4862e4d6981afb2651c309,0.07536437244310643,1.895366425265701,1.8970540586456233,0.24534788023489357,632.4907698236675,9.695727404912285,0.04224655398563463,0.29219585905480405,0.8654991698309025,0.015290179818923466,0.00158105074023839,0.0894952263190072,17.528540625164595,0.9846705630066148,0.6875,0.0011211046949028969,1011,5,0.6386971473693848,0.0,0.0,10905008,,
42,dp_fisher_wiener,b47a1595ee654f8a78e687241bff5037cb0f0d90ae4862e4d6981afb2651c309,0.07541107804448607,1.9023926582423454,1.9036523152150202,0.23590288251583866,636.3997842763922,9.097387926892498,0.036505291399029575,0.26986685587310194,0.8818644041555032,0.014214595222961148,0.0015713393130089006,0.09748488686973517,17.926673155926764,0.9857049167022676,0.6796875,0.0011334875598549843,1012,5,0.6202987432479858,0.0,0.0,10905008,,
42,dp_fisher_wiener,b47a1595ee654f8a78e687241bff5037cb0f0d90ae4862e4d6981afb2651c309,0.04854158240235711,1.8964044545209842,1.8969743021352319,0.23575573423078555,1526.2795097266169,22.92263559675635,0.02453208261228509,0.17147845447542448,0.8413642689535811,0.014977371293479144,0.0006551879869988181,0.03680564173314904,17.49548467772733,0.9849813645202798,0.65625,0.0013904375955462456,1013,5,0.7511037588119507,0.0,0.0,10905008,,
42,dp_fisher_wiener,b47a1595ee654f8a78e687241bff5037cb0f0d90ae4862e4d6981afb2651c309,0.06772023493144748,1.8971762406057513,1.8984154621279445,0.2381608076440916,784.8351439309102,11.526568626033747,0.036129148620228896,0.26181945407340945,0.8857061395338205,0.014647286929630339,0.0012741529320069534,0.0770466967862376,17.815324657262348,0.9853133887859573,0.66796875,0.0011189337819814682,1014,5,0.8324739336967468,0.0,0.0,10905008,,
42,dp_fisher_wiener,b47a1595ee654f8a78e687241bff5037cb0f0d90ae4862e4d6981afb2651c309,0.0485512723986784,1.8935701814284596,1.8941092770799182,0.2315056278956429,1521.1133561609722,22.056522786829998,0.02391844206897991,0.1761525544489351,0.8373727216376341,0.014446713657869037,0.0006574132003543255,0.03810554386839838,17.63149743771502,0.9854997507598706,0.62890625,0.001133670099079609,1015,5,0.7957792282104492,0.0,0.0,10905008,,
42,dp_fisher_wiener,b47a1595ee654f8a78e687241bff5037cb0f0d90ae4862e4d6981afb2651c309,0.05497205824683131,1.9006061722270324,1.901242035264886,0.23230898615204523,1195.3642811727516,17.237948515867497,0.026021968900675378,0.19175309260675324,0.854113937217784,0.014365467281488433,0.0008365650667491297,0.049738854234374824,17.74196050922138,0.9855793344444332,0.671875,0.001381775364279747,1016,5,0.6887724995613098,0.0,0.0,10905008,,
42,dp_fisher_wiener,b47a1595ee654f8a78e687241bff5037cb0f0d90ae4862e4d6981afb2651c309,0.06362650313131918,1.8963163007240686,1.8973162125161038,0.23651440284970202,888.2709223678513,13.090579061699477,0.032478694633241816,0.2323270297643294,0.8638701958027379,0.014694690301702874,0.0011257826577132802,0.06618241454596858,17.69288052962503,0.9852628531092739,0.69140625,0.001125480979681015,1017,5,0.9334650039672852,0.0,0.0,10905008,,
42,dp_fisher_wiener,b47a1595ee654f8a78e687241bff5037cb0f0d90ae4862e4d6981afb2651c309,0.06613637811166889,1.8960881109976886,1.8972317026033714,0.2356149187667604,821.9326168790807,11.860896513070426,0.03471590940780769,0.2569707724353611,0.8765225000992952,0.014372221672019347,0.0012166447458529497,0.07419983624849227,17.852391615490333,0.9855695025729682,0.69921875,0.001148901879787445,1018,5,0.6647193431854248,0.0,0.0,10905008,,
42,dp_fisher_wiener,b47a1595ee654f8a78e687241bff5037cb0f0d90ae4862e4d6981afb2651c309,0.04596871365082455,1.9024329253471663,1.9031587809608101,0.23287102585683203,1712.7501141107932,24.554500159583185,0.027864150007647498,0.20810173567621448,0.8453295305445088,0.014312533559447983,0.0005838563321571631,0.03448383176478826,17.71309522247375,0.9856636995920889,0.6015625,0.0013926709070801735,1019,5,0.7448902130126953,0.0,0.0,10905008,,
42,dp_fisher_wiener,b47a1595ee654f8a78e687241bff5037cb0f0d90ae4862e4d6981afb2651c309,0.06350480876519733,1.8950519121632186,1.8961468362187428,0.24022145347186127,890.4898987893091,13.393118055609708,0.033982366624684075,0.25324540623913544,0.8764538013971772,0.014994719314635703,0.0011229773646072088,0.06563895993425344,17.667906880962462,0.9849598315783088,0.68359375,0.001125810667872429,1020,5,0.8007137775421143,0.0,0.0,10905008,,
42,dp_fisher_wiener,b47a1595ee654f8a78e687241bff5037cb0f0d90ae4862e4d6981afb2651c309,0.045097359360172576,1.9026347859482113,1.9031130980534154,0.23531398872327283,1779.95342893311,26.59105156167366,0.02245319109116347,0.15672358343411935,0.8174311100818764,0.014901343081290132,0.000561812451524318,0.030818898244229825,17.392257478540934,0.985060816126181,0.63671875,0.0011175554245710373,1021,5,0.676338791847229,0.0,0.0,10905008,,
42,dp_fisher_wiener,b47a1595ee654f8a78e687241bff5037cb0f0d90ae4862e4d6981afb2651c309,0.057003847410020556,1.8948409769898533,1.895582483172955,0.23652992801465736,1104.9361897095243,16.59309209734693,0.028041429419773972,0.1957118517840421,0.8517439546332722,0.014969607103203122,0.0009050296379149869,0.051494572821217895,17.550986575723403,0.9849827598626266,0.6796875,0.0013873791322112083,1022,5,0.7525789737701416,0.0,0.0,10905008,,
42,dp_fisher_wiener,b47a1595ee654f8a78e687241bff5037cb0f0d90ae4862e4d6981afb2651c309,0.06496861898500153,1.8992950861130213,1.90050250007703,0.23589658871758457,854.6289864905773,12.286723858842214,0.03567115276881437,0.26121919234845814,0.8698359896755935,0.014311636797481332,0.0011700983883886004,0.07111651198990393,17.83748066351103,0.9856233242107869,0.69140625,0.0011364920064806938,1023,5,0.8010506629943848,0.0,0.0,10905008,,
42,dp_fisher_wiener,b47a1595ee654f8a78e687241bff5037cb0f0d90ae4862e4d6981afb2651c309,0.06565500939374168,1.8997302994865115,1.9007791678427794,0.2396889432603871,837.2365188746463,12.557710288750364,0.033241594450157105,0.24243688325348975,0.8657893413719369,0.014945828358818582,0.0011944056156459398,0.069190119590234,17.628922442830778,0.9850010003079822,0.66796875,0.001139509491622448,1024,5,0.6336758136749268,0.0,0.0,10905008,,
42,dp_fisher_wiener,b47a1595ee654f8a78e687241bff5037cb0f0d90ae4862e4d6981afb2651c309,0.054410098170094186,1.8936744060255852,1.8946715523937225,0.24076830868762833,1211.2996727275406,18.55520061744105,0.03268038716604601,0.22892467641257228,0.825104397533653,0.015268542891110065,0.0008255595392098046,0.04461282332593247,17.32711307983964,0.9846815771231455,0.671875,0.0013862336054444313,1025,5,0.6652151346206665,0.0,0.0,10905008,,
42,dp_fisher_wiener,b47a1595ee654f8a78e687241bff5037cb0f0d90ae4862e4d6981afb2651c309,0.06532967955174715,1.8984895737711696,1.8997453344895405,0.23858150716431312,844.4916831026484,12.345830663646364,0.03640987489273205,0.27259262003738227,0.8829214609255767,0.014576256953312074,0.0011841442843953602,0.07172667201867106,17.822760574246033,0.9853807551801048,0.62890625,0.0010692821815609932,1026,5,0.6645032167434692,0.0,0.0,10905008,,
42,dp_fisher_wiener,b47a1595ee654f8a78e687241bff5037cb0f0d90ae4862e4d6981afb2651c309,0.0546666628571194,1.8963548710126452,1.8969981804675495,0.23016240497268145,1203.3559143137823,17.083230801457685,0.02617458967839212,0.1951524165859737,0.8477085810288414,0.014139025652559102,0.0008310093362821531,0.04982335861140697,17.77827096574596,0.9858036757053754,0.70703125,0.0013424595817923546,1027,5,0.7314022779464722,0.0,0.0,10905008,,
42,dp_fisher_wiener,b47a1595ee654f8a78e687241bff5037cb0f0d90ae4862e4d6981afb2651c309,0.044716149198438915,1.8975190815197582,1.8980376521972684,0.2286583028169849,1800.7088974154985,25.419223865723634,0.023374933561286115,0.1690780520538878,0.8183337719384374,0.014087288569267794,0.0005553368459137812,0.032259642712420065,17.64103063006605,0.985883768385773,0.66796875,0.0011186199262738228,1028,5,0.7246230244636536,0.0,0.0,10905008,,
42,dp_fisher_wiener,b47a1595ee654f8a78e687241bff5037cb0f0d90ae4862e4d6981afb2651c309,0.05902398216860013,1.901065089140798,1.9015912056560607,0.23392727031612276,1037.3778236787919,15.272356955137669,0.024432002380174962,0.18104512964741348,0.8719234698406245,0.014663459617674764,0.000963968938690478,0.05731983883625052,17.742419200415167,0.985277922270428,0.62890625,0.0011204313486814499,1029,5,0.706134021282196,0.0,0.0,10905008,,
42,dp_fisher_wiener,b47a1595ee654f8a78e687241bff5037cb0f0d90ae4862e4d6981afb2651c309,0.06428171886900079,1.8957178330697941,1.8965440269058649,0.2347035695390305,869.7059248504879,12.683334152571778,0.029796970795846037,0.22564238107221019,0.8772382547617116,0.014512250184183647,0.001149813944212956,0.06950409241470465,17.813828051270445,0.9854165255287313,0.609375,0.0012518996372818947,1030,5,0.7116555571556091,0.0,0.0,10905008,,
42,dp_fisher_wiener,b47a1595ee654f8a78e687241bff5037cb0f0d90ae4862e4d6981afb2651c309,0.05486140931808203,1.895546842250361,1.8964291695054445,0.23579019075131874,1193.809752018106,17.559745957710817,0.030543495573848667,0.22248045321822152,0.8488962916748836,0.014663971795227035,0.0008376544068072784,0.04849175447118864,17.62603019406926,0.9852910014112202,0.6171875,0.001387098804116249,1031,5,0.6248495578765869,0.0,0.0,10905008,,
42,dp_fisher_wiener,b47a1595ee654f8a78e687241bff5037cb0f0d90ae4862e4d6981afb2651c309,0.058032481621271205,1.8969671882923225,1.8976967784317373,0.2378112875067281,1068.506953574485,16.144157065370575,0.027859923721694865,0.20115483512886825,0.8776046144975488,0.015068260450850217,0.0009358853457691422,0.05450777155036659,17.652357795238593,0.984890919978238,0.6640625,0.0011079879477620125,1032,5,0.8271949291229248,0.0,0.0,10905008,,
42,dp_fisher_wiener,b47a1595ee654f8a78e687241bff5037cb0f0d90ae4862e4d6981afb2651c309,0.061736707794643714,1.8951096711719828,1.8960355852580772,0.23912385093417013,942.2838832711866,14.257606218981845,0.03127459828274442,0.2252259896673272,0.8424160730094965,0.015071294953107477,0.0010612513038701257,0.05931906706637653,17.473760748595595,0.9848690968060688,0.64453125,0.0011082952842116356,1033,5,0.7406799793243408,0.0,0.0,10905008,,
42,dp_fisher_wiener,b47a1595ee654f8a78e687241bff5037cb0f0d90ae4862e4d6981afb2651c309,0.04297183666113857,1.901903128082206,1.9023642824958393,0.2347232040122497,1958.885054007953,29.09383362569377,0.022024573146802187,0.15949588525856942,0.7919134043910792,0.014806309254799224,0.0005104944761368941,0.027303726524606477,17.28230877427943,0.9851477586363944,0.6328125,0.0013983622193336487,1034,5,0.6643383502960205,0.0,0.0,10905008,,
42,dp_fisher_wiener,b47a1595ee654f8a78e687241bff5037cb0f0d90ae4862e4d6981afb2651c309,0.055844537756432035,1.8944684245537398,1.8952565788739928,0.2378273607351044,1150.8357414562356,17.35897184830894,0.028843141753208613,0.20873470380220485,0.8621509086595005,0.015035832209248954,0.000868933735420568,0.04982444598731621,17.584558192922884,0.9849162037439517,0.63671875,0.0013421382755041122,1035,5,0.6478883624076843,0.0,0.0,10905008,,
42,dp_fisher_wiener,b47a1595ee654f8a78e687241bff5037cb0f0d90ae4862e4d6981afb2651c309,0.06034222019726962,1.8926618452350505,1.893736969521788,0.24001460234704122,983.7924459754114,14.872301898275728,0.03374410649632346,0.24495633371859926,0.8750083288070803,0.015063218922081538,0.0010164745661709203,0.05904605889675251,17.64094398603854,0.9848826833758355,0.61328125,0.0011173728853464127,1036,5,0.5449883341789246,0.0,0.0,10905008,,
42,dp_fisher_wiener,b47a1595ee654f8a78e687241bff5037cb0f0d90ae4862e4d6981afb2651c309,0.053266306674659564,1.9007077358522804,1.901499396086031,0.2377853277838591,1273.2846811245026,19.09090036791667,0.028865609634131047,0.20577068493483483,0.8315091141319555,0.014953544245098729,0.0007853703217132279,0.04367142464606112,17.451228734023314,0.9850065734309698,0.66015625,0.0011143218725919724,1037,5,0.6220653057098389,0.0,0.0,10905008,,
42,dp_fisher_wiener,b47a1595ee654f8a78e687241bff5037cb0f0d90ae4862e4d6981afb2651c309,0.06187337656273678,1.899569904583309,1.9004204125469981,0.23841804113216136,942.546806757778,14.153869900564834,0.03002173349728876,0.21983892048781084,0.8660402609030273,0.014947434799519543,0.0010609552677583872,0.06147074661589575,17.629714141734794,0.9849833771659063,0.671875,0.0014264294877648354,1038,5,0.6090440154075623,0.0,0.0,10905008,,
42,dp_fisher_wiener,b47a1595ee654f8a78e687241bff5037cb0f0d90ae4862e4d6981afb2651c309,0.07595210997679223,1.8968625063121134,1.8984211198863892,0.23896770170477719,623.7233718861884,9.021911521878353,0.04051660085338856,0.29832827853832317,0.8891861234831472,0.01439569846408794,0.0016032748569326414,0.09903025953828623,17.90759935105085,0.9855353960929941,0.66796875,0.0013375729322433472,1039,5,0.7396641373634338,0.0,0.0,10905008,,
42,dp_fisher_wiener,b47a1595ee654f8a78e687241bff5037cb0f0d90ae4862e4d6981afb2651c309,0.05001829836534949,1.8950676185163544,1.895675539503506,0.23677674081250416,1435.4616545991223,21.604325914718768,0.025344760154406464,0.19060356562851635,0.8475636761580717,0.015000196080083709,0.0006966399948031225,0.039362602463782245,17.520753994133347,0.9849495625010296,0.67578125,0.0011075017973780632,1040,5,0.6483071446418762,0.0,0.0,10905008,,
42,dp_fisher_wiener,b47a1595ee654f8a78e687241bff5037cb0f0d90ae4862e4d6981afb2651c309,0.06627483185682521,1.9041712107139743,1.9054236661548574,0.2405786317049118,825.49551918015,12.21381369937172,0.03628279483122946,0.27041141557822534,0.8801033564722622,0.014733292586106232,0.0012113936133356807,0.07236342990527228,17.76233863491432,0.9852042640867408,0.65625,0.0011077029630541801,1041,5,0.6465014219284058,0.0,0.0,10905008,,
42,dp_fisher_wiener,b47a1595ee654f8a78e687241bff5037cb0f0d90ae4862e4d6981afb2651c309,0.06508547570769113,1.8952119214312342,1.8963527941724738,0.2369919873560693,847.9053824303296,12.414966435731033,0.03468426304828655,0.25316621450769156,0.8829311431454526,0.014588502901910725,0.0011793768744542956,0.0713787137164569,17.81916109343621,0.9853580756851161,0.671875,0.0013774428516626358,1042,5,0.7718663215637207,0.0,0.0,10905008,,
42,dp_fisher_wiener,b47a1595ee654f8a78e687241bff5037cb0f0d90ae4862e4d6981afb2651c309,0.059131344924333064,1.8964939742232638,1.897332681027292,0.2328810631375603,1028.6495019714398,14.862441854089367,0.02976341499756675,0.2092629525117351,0.8299222180992936,0.014387209227369252,0.0009721484313142532,0.05607811563054301,17.61060831629279,0.9855515004619154,0.70703125,0.0015522288158535957,1043,5,0.7289391756057739,0.0,0.0,10905008,,
42,dp_fisher_wiener,b47a1595ee654f8a78e687241bff5037cb0f0d90ae4862e4d6981afb2651c309,0.053840390573744415,1.902184467292422,1.9031594571936028,0.23691810273119301,1248.2134513911024,18.392645338722037,0.03224925744673604,0.22392238189522426,0.8506746649981048,0.014717041169822675,0.000801145027351113,0.04630779856596147,17.61942993556298,0.985264823641967,0.671875,0.0011390922591090202,1044,5,0.7385766506195068,0.0,0.0,10905008,,
42,dp_fisher_wiener,b47a1595ee654f8a78e687241bff5037cb0f0d90ae4862e4d6981afb2651c309,0.059017854420897985,1.8977912547967004,1.8988800646739896,0.24173661114289652,1034.0226414302374,15.790189157302759,0.03398370684467579,0.24254868893469628,0.8651854682551984,0.015236753096974861,0.0009670968116611492,0.05491446259874483,17.54216785941638,0.9847293584060619,0.66015625,0.0011192969977855682,1045,5,0.8211690187454224,0.0,0.0,10905008,,
42,dp_fisher_wiener,b47a1595ee654f8a78e687241bff5037cb0f0d90ae4862e4d6981afb2651c309,0.05589152201217967,1.898853565471112,1.899679931587389,0.23290871160881232,1154.226592980214,16.539743763500585,0.02949273586477577,0.21902806475510492,0.8500932669267122,0.014281637077385795,0.000866381008513766,0.05157004467774967,17.746885833866305,0.9856702801130319,0.640625,0.0011415882036089897,1046,5,0.6896255016326904,0.0,0.0,10905008,,
42,dp_fisher_wiener,b47a1595ee654f8a78e687241bff5037cb0f0d90ae4862e4d6981afb2651c309,0.05249946279575457,1.9000654889105564,1.9007576050734045,0.23458130494043772,1309.8676627447858,19.218387690251838,0.02699104116507521,0.1954864682438948,0.828856819315588,0.014616735937752857,0.0007634359012584797,0.043291406219609654,17.53629113338114,0.9853279928676344,0.67578125,0.0013788817450404167,1047,5,0.6918621063232422,0.0,0.0,10905008,,
42,dp_fisher_wiener,b47a1595ee654f8a78e687241bff5037cb0f0d90ae4862e4d6981afb2651c309,0.062132820007774925,1.897885813294578,1.8989130886013041,0.23742182222497052,933.035199658446,13.811988896048694,0.032889166336173885,0.23416307532653696,0.8691833611557682,0.014772836360768296,0.0010717709257986787,0.06305934981940581,17.6964751654303,0.9851967118699263,0.58203125,0.0011029168963432312,1048,5,0.5407391786575317,0.0,0.0,10905008,,
42,dp_fisher_wiener,b47a1595ee654f8a78e687241bff5037cb0f0d90ae4862e4d6981afb2651c309,0.06173410444809627,1.8944213168873274,1.8954017453676988,0.23553438653531888,941.6788991712962,13.721806622282262,0.03216259439001176,0.24044469964797036,0.8947656835287331,0.014532681502309769,0.0010619331075777082,0.06538237990997345,17.893635635073753,0.9854283592481959,0.640625,0.0017479285597801208,1049,5,0.703348696231842,0.0,0.0,10905008,,
42,dp_fisher_wiener,b47a1595ee654f8a78e687241bff5037cb0f0d90ae4862e4d6981afb2651c309,0.05754618384416728,1.9002302663286486,1.901232736494045,0.23943184382072408,1090.3838350943033,16.29813250695257,0.032549592780700055,0.24193227813784535,0.8800573730559769,0.014904538368546782,0.0009171082397890322,0.05415181930415926,17.7119245605954,0.9850528483801867,0.66015625,0.0011326009407639503,1050,5,0.7657716274261475,0.14499869383871555,0.004540007561445236,10905008,,
42,dp_fisher_wiener,b47a1595ee654f8a78e687241bff5037cb0f0d90ae4862e4d6981afb2651c309,0.07187480572498486,1.9042997266362596,1.9057277627576914,0.24740215365826207,701.967883037327,10.918518549635278,0.038718512562464606,0.2803084876949541,0.8907487994229846,0.015493965439530587,0.0014245665990860943,0.08189840057468946,17.595926625406722,0.9844458431596768,0.6328125,0.0012255897745490074,1051,5,0.6818630695343018,0.0,0.0,10905008,,
42,dp_fisher_wiener,b47a1595ee654f8a78e687241bff5037cb0f0d90ae4862e4d6981afb2651c309,0.05895498203935746,1.8929447397057801,1.8938415621510838,0.24010213543413972,1030.9434622067984,15.760484102793587,0.030773304896811907,0.22416363398337016,0.8783669174681215,0.015242508800138258,0.0009699852963531543,0.055896506680640855,17.606195155315977,0.9847125621524841,0.625,0.0013765646144747734,1052,5,0.6176021099090576,0.0,0.0,10905008,,
42,dp_fisher_wiener,b47a1595ee654f8a78e687241bff5037cb0f0d90ae4862e4d6981afb2651c309,0.07875609250456922,1.904852364622946,1.9068432355048959,0.2471581852245812,584.9979198897994,8.808870687188255,0.045916656993688985,0.3250022364435508,0.8989859615762619,0.015028167136437467,0.0017094077873420087,0.10225688799555611,17.76846893280085,0.984942047847204,0.6171875,0.00114396121352911,1053,5,0.6889564990997314,0.0,0.0,10905008,,
42,dp_fisher_wiener,b47a1595ee654f8a78e687241bff5037cb0f0d90ae4862e4d6981afb2651c309,0.06552608460778762,1.8953343467309642,1.8964862006263403,0.2385447205142748,836.6488704967487,12.403228405817803,0.03484887244835538,0.2540451502761209,0.882274433569147,0.014777263768166824,0.001195244546464378,0.07136190582899954,17.760096688456866,0.9851751088859415,0.66796875,0.0011355970054864883,1054,5,0.7715264558792114,0.0,0.0,10905008,,
42,dp_fisher_wiener,b47a1595ee654f8a78e687241bff5037cb0f0d90ae4862e4d6981afb2651c309,0.04490852164780934,1.8935849463159944,1.8944130962572794,0.23464886777673763,1777.9193932203632,26.103241511510106,0.030289673885640772,0.21031530012339456,0.8006712185257736,0.01465962438719378,0.0005624551952788871,0.030719865317847737,17.373313739522874,0.9853180961909518,0.59765625,0.0011601904407143593,1055,5,0.47142404317855835,0.0,0.0,10905008,,
42,dp_fisher_wiener,b47a1595ee654f8a78e687241bff5037cb0f0d90ae4862e4d6981afb2651c309,0.05629880093101648,1.8969382801990293,1.8976588428098664,0.2409873522664964,1135.2933939737547,17.58836757260563,0.027630219960302328,0.20258862107627915,0.8750373954341322,0.015439137749885166,0.0008808295767352434,0.049922400548747706,17.534035709374493,0.9845076456306701,0.65234375,0.0011083325371146202,1056,5,0.7037225961685181,0.0,0.0,10905008,,
42,dp_fisher_wiener,b47a1595ee654f8a78e687241bff5037cb0f0d90ae4862e4d6981afb2651c309,0.05154118974414639,1.8962085536083881,1.896916274129008,0.23845658245160162,1353.5157814219133,20.599842362683006,0.02731412282479947,0.19505867710406274,0.8612650928693968,0.015182735732765917,0.0007388166531554975,0.04191056241913406,17.537868123035715,0.9847804934043425,0.63671875,0.0011351527646183968,1057,5,0.6776257157325745,0.0,0.0,10905008,,
42,dp_fisher_wiener,b47a1595ee654f8a78e687241bff5037cb0f0d90ae4862e4d6981afb2651c309,0.06331717787783903,1.8959461112782139,1.8970373854010059,0.23981509925459954,896.6209435493184,13.437067899806172,0.033918520244464435,0.2519118408008762,0.8909221520272252,0.01493992057943274,0.0011152985070722722,0.0665093325643807,17.754914683750922,0.9850136582281793,0.6484375,0.00110579002648592,1058,5,0.7011251449584961,0.0,0.0,10905008,,
42,dp_fisher_wiener,b47a1595ee654f8a78e687241bff5037cb0f0d90ae4862e4d6981afb2651c309,0.0756282730767821,1.8908285340501996,1.8924532777352285,0.24583574962012245,625.0804665223804,9.628923613010702,0.04145560509798297,0.29800013287655513,0.8968242989981734,0.01534100324574284,0.001599794031940174,0.09352283800989579,17.66853604716422,0.9845957054672044,0.640625,0.0011094426736235619,1059,5,0.6480344533920288,0.0,0.0,10905008,,
42,dp_fisher_wiener,b47a1595ee654f8a78e687241bff5037cb0f0d90ae4862e4d6981afb2651c309,0.06498171441896543,1.8939102829874233,1.8949990498546876,0.23970736470144743,849.4473652437542,12.80269027722823,0.033895739368973804,0.24463968328912214,0.8824833557248274,0.015033870558684603,0.0011772359779772172,0.06910337244801956,17.68635716101192,0.9849282123871785,0.69140625,0.0011046482250094414,1060,5,0.7885832190513611,0.0,0.0,10905008,,
42,dp_fisher_wiener,b47a1595ee654f8a78e687241bff5037cb0f0d90ae4862e4d6981afb2651c309,0.05981372553370963,1.8967140365242385,1.8976441638702768,0.240877704477988,1005.546153749643,15.463105975516388,0.031306583928043884,0.21785703291854353,0.854322348225941,0.015331168770414808,0.0009944844361357754,0.05541718910662998,17.46046502388188,0.9846221817687326,0.68359375,0.0011420473456382751,1061,5,0.6643896102905273,0.0,0.0,10905008,,
42,dp_fisher_wiener,b47a1595ee654f8a78e687241bff5037cb0f0d90ae4862e4d6981afb2651c309,0.05623996428653841,1.894868996659794,1.8957517685312304,0.2381023758868789,1135.1893484962875,17.093185824735578,0.03052602423569309,0.21623180070717712,0.8665308928622407,0.015025918973756306,0.0008809103089349764,0.05080128530530346,17.609430074815368,0.9849424363896886,0.64453125,0.001405264250934124,1062,5,0.7450648546218872,0.0,0.0,10905008,,
42,dp_fisher_wiener,b47a1595ee654f8a78e687241bff5037cb0f0d90ae4862e4d6981afb2651c309,0.0507199920898482,1.8972728801904553,1.8979436262801574,0.23870935792036274,1399.269098828785,21.428561729678876,0.026583982272400945,0.18291896423184492,0.8408888081386775,0.015277651546004686,0.0007146588175555488,0.03933514255991224,17.40681971434973,0.9846858894063987,0.6484375,0.0015023928135633469,1063,5,0.6155980825424194,0.0,0.0,10905008,,
42,dp_fisher_wiener,b47a1595ee654f8a78e687241bff5037cb0f0d90ae4862e4d6981afb2651c309,0.05955315905429323,1.89949482608745,1.9006225844164044,0.24571821115036616,1017.3411741982836,15.980674817172188,0.034598134707581774,0.24763034932908415,0.8852753462265132,0.01567121079018125,0.0009829544159615988,0.05552763744907736,17.519758172736807,0.9842917251139851,0.6171875,0.0011604418978095055,1064,5,0.677983283996582,0.0,0.0,10905008,,
42,dp_fisher_wiener,b47a1595ee654f8a78e687241bff5037cb0f0d90ae4862e4d6981afb2651c309,0.04483478981972801,1.8993641164573285,1.8999327353234352,0.23832239086367057,1794.676521140003,27.41456527471589,0.024479685449894085,0.17314252500067032,0.8307210791439116,0.015237687721320545,0.0005572034780212292,0.03037735667326512,17.365361610915016,0.9847245088728891,0.64453125,0.0011122645810246468,1065,5,0.7804925441741943,0.0,0.0,10905008,,
42,dp_fisher_wiener,b47a1595ee654f8a78e687241bff5037cb0f0d90ae4862e4d6981afb2651c309,0.05095339335544444,1.8934268052122034,1.8942148500988176,0.23961753072585545,1380.8637151539851,21.12131520200751,0.02891251677713699,0.21199493766976396,0.8667088172237036,0.015251110392045263,0.000724184427934683,0.04115484139074526,17.54571749692921,0.9847042724273146,0.55859375,0.0011105863377451897,1066,5,0.5519075393676758,0.0,0.0,10905008,,
42,dp_fisher_wiener,b47a1595ee654f8a78e687241bff5037cb0f0d90ae4862e4d6981afb2651c309,0.054560974313849236,1.8980450364273918,1.8987718543619752,0.23658246389614646,1210.1767134396098,18.035891914421065,0.027686093768976468,0.20363525845873012,0.8740470376049664,0.01486047433073161,0.0008263256006815442,0.04860191051293427,17.695021329519463,0.9850964807749822,0.6328125,0.0011350279673933983,1067,5,0.7937613725662231,0.0,0.0,10905008,,
42,dp_fisher_wiener,b47a1595ee654f8a78e687241bff5037cb0f0d90ae4862e4d6981afb2651c309,0.0495146842628973,1.898627895931141,1.899309653968273,0.23589427084715142,1470.3193974473002,21.836055066892257,0.026801250115065664,0.1952987310309742,0.8613437347567953,0.014829307589676453,0.0006801243330721177,0.039504260723752335,17.64055625219011,0.9851487676046463,0.6328125,0.0012756986543536186,1068,5,0.6708778142929077,0.0,0.0,10905008,,
42,dp_fisher_wiener,b47a1595ee654f8a78e687241bff5037cb0f0d90ae4862e4d6981afb2651c309,0.04586095842969589,1.90110204118803,1.9017346743784453,0.24010771303875264,1718.4013405057322,26.521616889063505,0.025849961890612838,0.18044416907033412,0.8466676336278769,0.015402867147458588,0.0005819362310494705,0.03198797776891082,17.40111387799978,0.9845661102189022,0.6328125,0.0013928627595305443,1069,5,0.6860037446022034,0.0,0.0,10905008,,
42,dp_fisher_wiener,b47a1595ee654f8a78e687241bff5037cb0f0d90ae4862e4d6981afb2651c309,0.04875115453576447,1.898244929585219,1.8988591776915915,0.2395147495234789,1516.1238735709644,23.371308966624284,0.02543458379948585,0.17976018486524944,0.8529620182950522,0.015383369599284227,0.000659576712042428,0.03657156386445179,17.438782178633126,0.9845848288691802,0.640625,0.0011667320504784584,1070,5,0.6977643966674805,0.0,0.0,10905008,,
42,dp_fisher_wiener,b47a1595ee654f8a78e687241bff5037cb0f0d90ae4862e4d6981afb2651c309,0.059360719821421215,1.900773009127947,1.901832703723186,0.24178543228924562,1025.326531389617,15.648461311309884,0.03345299657219286,0.238406451942268,0.86532906302413,0.015218235583453662,0.0009752990575213519,0.05545679820826498,17.54816987051008,0.9847380704270889,0.62890625,0.0011149952188134193,1071,5,0.554884135723114,0.0,0.0,10905008,,
42,dp_fisher_wiener,b47a1595ee654f8a78e687241bff5037cb0f0d90ae4862e4d6981afb2651c309,0.05529114352104557,1.8965462267203483,1.8975191209994913,0.23864871800301574,1176.5644479937107,17.588277798853753,0.03216065657906008,0.2364886536293529,0.8675189607473849,0.0149029868837872,0.000849932191456087,0.049475470750584824,17.650056560378133,0.9850511565015919,0.62890625,0.001116572879254818,1072,5,0.5533466339111328,0.0,0.0,10905008,,
42,dp_fisher_wiener,b47a1595ee654f8a78e687241bff5037cb0f0d90ae4862e4d6981afb2651c309,0.06252464890743903,1.9022623042988627,1.9033107311044628,0.24018825589615664,925.6318296024591,13.923015409891828,0.033188831633493426,0.23872000008045194,0.868443206281291,0.014983928381317155,0.0010803431426654872,0.06261486567787765,17.631157332195762,0.9849583657728498,0.65234375,0.0011375555768609047,1073,5,0.7449643611907959,0.0,0.0,10905008,,
42,dp_fisher_wiener,b47a1595ee654f8a78e687241bff5037cb0f0d90ae4862e4d6981afb2651c309,0.046571706437734804,1.898936706711004,1.8995057545456546,0.2373577249162489,1662.5575075808592,25.1891176679292,0.024475816525001352,0.17524341803894922,0.8183049282744401,0.015094859326158144,0.0006014829532084797,0.03260689314596766,17.340860961753222,0.9848491751093926,0.6640625,0.001370161771774292,1074,5,0.6031270623207092,0.0,0.0,10905008,,
42,dp_fisher_wiener,b47a1595ee654f8a78e687241bff5037cb0f0d90ae4862e4d6981afb2651c309,0.04499000468615714,1.895632773569033,1.8962164282098535,0.23968485534952264,1775.3187512178963,27.562268315188398,0.024834086665254287,0.17082371633110363,0.8173462412867974,0.015496409689506212,0.0005632791287872443,0.02970972555278478,17.221749796215477,0.9844747495083502,0.62890625,0.001351596787571907,1075,5,0.579105019569397,0.0,0.0,10905008,,
42,dp_fisher_wiener,b47a1595ee654f8a78e687241bff5037cb0f0d90ae4862e4d6981afb2651c309,0.04490239775636684,1.8980137896511027,1.8984889443656199,0.23889072498494304,1786.7330107172297,27.603168903424326,0.022406446471637885,0.15991751354502812,0.8200544026215023,0.015410442432501477,0.0005596807097118144,0.029782962578211274,17.26027556538727,0.984551038830174,0.65234375,0.0011044051498174667,1076,5,0.7679615616798401,0.0,0.0,10905008,,
42,dp_fisher_wiener,b47a1595ee654f8a78e687241bff5037cb0f0d90ae4862e4d6981afb2651c309,0.05135972727878248,1.8981848997293547,1.8989561089025428,0.23865313142776906,1365.9399601214961,20.629141162858076,0.028535933071559102,0.2111886012191201,0.8586930618541305,0.015061635319374145,0.0007320965992763509,0.0417382480256775,17.559658254199135,0.9848974759029544,0.68359375,0.0011092964559793472,1077,5,0.689656138420105,0.0,0.0,10905008,,
42,dp_fisher_wiener,b47a1595ee654f8a78e687241bff5037cb0f0d90ae4862e4d6981afb2651c309,0.08343500427530257,1.9013360462122928,1.903257221944868,0.2506232128722301,519.3034148426639,8.124032206733133,0.044933398196396974,0.31607565945526545,0.9024204076235312,0.015582282496285864,0.0019256565069171543,0.11152100024807443,17.62777834306838,0.9843559045164525,0.6171875,0.0013799229636788368,1078,5,0.5168004631996155,0.0,0.0,10905008,,
42,dp_fisher_wiener,b47a1595ee654f8a78e687241bff5037cb0f0d90ae4862e4d6981afb2651c309,0.07431274043791956,1.8992649166682551,1.900843909773994,0.24472390488272194,653.19753580589,9.895293518684895,0.040786423146119063,0.2960108555596305,0.9091536422195432,0.015107544574927986,0.0015309304536565342,0.09212953112599294,17.794433984046197,0.984850993801632,0.6484375,0.0013387259095907211,1079,5,0.6863276362419128,0.0,0.0,10905008,,
42,dp_fisher_wiener,b47a1595ee654f8a78e687241bff5037cb0f0d90ae4862e4d6981afb2651c309,0.06116744359946085,1.8967894114869381,1.8975993210243278,0.23988873943017888,961.6069038583892,14.718205130925798,0.029355093861325666,0.21196697180085886,0.8840203358185509,0.015253590097031113,0.0010399259777774132,0.060268809275864456,17.630901836386883,0.9846941561340026,0.625,0.001114480197429657,1080,5,0.7394295930862427,0.0,0.0,10905008,,
42,dp_fisher_wiener,b47a1595ee654f8a78e687241bff5037cb0f0d90ae4862e4d6981afb2651c309,0.07293913909264564,1.895890540998153,1.8973422966776894,0.24321443642880275,675.6242878352341,10.185893805250808,0.03911744034789853,0.28983396306436154,0.9053365546209526,0.01501634614070478,0.001480112568208365,0.08923608983330794,17.8024578532515,0.9849237305575788,0.6640625,0.0011074347421526909,1081,5,0.7142246961593628,0.0,0.0,10905008,,
42,dp_fisher_wiener,b47a1595ee654f8a78e687241bff5037cb0f0d90ae4862e4d6981afb2651c309,0.06742600440600903,1.8995927801026002,1.9005793340455697,0.24282155646634926,793.7178937038958,12.260094505179136,0.03236613288339184,0.2373164967924446,0.8980980330732032,0.015385914866763018,0.0012598934806839844,0.07354179890575455,17.66200419916502,0.9845535868569577,0.65625,0.0012696394696831703,1082,5,0.823113203048706,0.0,0.0,10905008,,
42,dp_fisher_wiener,b47a1595ee654f8a78e687241bff5037cb0f0d90ae4862e4d6981afb2651c309,0.06874056089284207,1.8970527402439428,1.898170914826986,0.23965689897583106,761.6100510667308,11.430361244229475,0.034368852269000695,0.24733329080405708,0.8831612192085536,0.014977748530829125,0.0013130078816416192,0.0774213587187761,17.705934553935172,0.9849918455931397,0.6328125,0.0013402514159679413,1083,5,0.5144875645637512,0.0,0.0,10905008,,
42,dp_fisher_wiener,b47a1595ee654f8a78e687241bff5037cb0f0d90ae4862e4d6981afb2651c309,0.05503170234065229,1.8979615190085737,1.8988827095034224,0.23490976736357683,1189.4574501213856,17.29619131702155,0.031225757236652496,0.22547985673029813,0.8591856431356146,0.014513647967800112,0.0008407194385704788,0.0497692980670368,17.723104260962778,0.9854587557417446,0.62890625,0.0011136382818222046,1084,5,0.6582905650138855,0.0,0.0,10905008,,
42,dp_fisher_wiener,b47a1595ee654f8a78e687241bff5037cb0f0d90ae4862e4d6981afb2651c309,0.04879136615913254,1.9011655517058519,1.9019013522688115,0.23904548836893544,1518.2871474821482,23.066798872258257,0.02790462840396585,0.19765242638266206,0.8487380978415916,0.015166728825103854,0.0006586369391573991,0.036857668491310495,17.478817747627794,0.9848073541882346,0.62890625,0.001114971935749054,1085,5,0.8872066140174866,0.0,0.0,10905008,,
42,dp_fisher_wiener,b47a1595ee654f8a78e687241bff5037cb0f0d90ae4862e4d6981afb2651c309,0.05065504355299897,1.9006467670821188,1.9014086450730052,0.23441309325272783,1407.8534069589534,20.524347412663985,0.02835790163525182,0.2042798745681915,0.8662395522483106,0.014562607729881478,0.0007103012250189177,0.04225143097739114,17.743988580026837,0.9854215308843893,0.66796875,0.0011104969307780266,1086,5,0.6652168035507202,0.0,0.0,10905008,,
42,dp_fisher_wiener,b47a1595ee654f8a78e687241bff5037cb0f0d90ae4862e4d6981afb2651c309,0.051692745209235426,1.9027295658825558,1.9034090961476717,0.23557671975548483,1354.8616184665595,20.02460553814474,0.026722206729459574,0.19133410438173276,0.8496070232622448,0.0147456359573875,0.0007380827576747638,0.042526500498475096,17.60554585648508,0.9852201839175257,0.609375,0.0014320248737931252,1087,5,0.6197541952133179,0.0,0.0,10905008,,
42,dp_fisher_wiener,b47a1595ee654f8a78e687241bff5037cb0f0d90ae4862e4d6981afb2651c309,0.05514855249649399,1.895517771871794,1.8964420450263444,0.24296266600613983,1181.3742090029496,18.405416161135424,0.03129561985583592,0.22742940480010465,0.8686526774009233,0.015529865499368403,0.0008464718393631573,0.047346838249550896,17.476784678053573,0.9844203335227167,0.609375,0.001512361690402031,1088,5,0.7710667848587036,0.0,0.0,10905008,,
42,dp_fisher_wiener,b47a1595ee654f8a78e687241bff5037cb0f0d90ae4862e4d6981afb2651c309,0.03550903108766211,1.9009082501170158,1.901188314567036,0.23749937449687814,2865.7920033537216,44.223197546173544,0.017225193258672274,0.11301525835919976,0.7772543928115044,0.015404061143460138,0.00034894367701367494,0.01760691570145137,17.029279505399913,0.9845685948266976,0.56640625,0.0015712715685367584,1089,5,0.7360696792602539,0.0,0.0,10905008,,
42,dp_fisher_wiener,b47a1595ee654f8a78e687241bff5037cb0f0d90ae4862e4d6981afb2651c309,0.06759501195736903,1.8977293619251114,1.898907273648856,0.2382478226792606,788.2051274330869,11.561219550025852,0.03521900793709916,0.2641181040607109,0.8772540536666132,0.014589100947883508,0.00126870527097117,0.07628824052050492,17.790968540982625,0.985332219814817,0.62890625,0.001279604621231556,1090,5,0.7176198959350586,0.0,0.0,10905008,,
42,dp_fisher_wiener,b47a1595ee654f8a78e687241bff5037cb0f0d90ae4862e4d6981afb2651c309,0.06195903010783357,1.9004309758932114,1.9012864213001057,0.2384963756224911,940.7949540188413,14.154833910087506,0.030097499903119256,0.21588095775633676,0.8767289063703104,0.014998087838244948,0.0010629308708209827,0.06213473545416431,17.66829432715866,0.984954390061705,0.62890625,0.001114008016884327,1091,5,0.6471830606460571,0.0,0.0,10905008,,
42,dp_fisher_wiener,b47a1595ee654f8a78e687241bff5037cb0f0d90ae4862e4d6981afb2651c309,0.05196355322459751,1.8940224183106629,1.8948894620373682,0.23681031498139013,1328.5336222909946,19.78961764419793,0.030393295215103727,0.21710589679586495,0.8518947260816939,0.01487130563133834,0.0007527095911241795,0.043118563162604005,17.580368299762096,0.9851041649890154,0.6875,0.0011051427572965622,1092,5,0.681671142578125,0.0,0.0,10905008,,
42,dp_fisher_wiener,b47a1595ee654f8a78e687241bff5037cb0f0d90ae4862e4d6981afb2651c309,0.03935804233710346,1.8981489259299327,1.8984509466312591,0.2355210567184913,2325.91366195058,35.34878387664559,0.01803889218326589,0.12201087486924984,0.7673904238899177,0.015149657644494488,0.0004299385724040755,0.021778098969162715,17.046135560442437,0.9848021943140438,0.6640625,0.0011358829215168953,1093,5,0.5784716606140137,0.0,0.0,10905008,,
42,dp_fisher_wiener,b47a1595ee654f8a78e687241bff5037cb0f0d90ae4862e4d6981afb2651c309,0.03540831974459723,1.8988514818626023,1.8991797509677377,0.2351791434358094,2875.8839601756526,43.47852824672281,0.018592161742325326,0.12319797646602734,0.7759629847372315,0.015095661961603921,0.0003477191754082585,0.017873824287844883,17.109888419220987,0.9848816819980264,0.609375,0.0013813376426696777,1094,5,0.47601962089538574,0.0,0.0,10905008,,
42,dp_fisher_wiener,b47a1595ee654f8a78e687241bff5037cb0f0d90ae4862e4d6981afb2651c309,0.07267264909931798,1.8934858229325593,1.894874419936823,0.2427981171874264,678.8629894848679,10.308914139708317,0.03827667107644619,0.27735189929171844,0.8936357801560624,0.015138872897599622,0.0014730512861942735,0.0869530608042709,17.710670061336124,0.984814440764361,0.671875,0.0011539971455931664,1095,5,0.7040693759918213,0.0,0.0,10905008,,
42,dp_fisher_wiener,b47a1595ee654f8a78e687241bff5037cb0f0d90ae4862e4d6981afb2651c309,0.0553648538602304,1.8981022420098168,1.8989485668352812,0.23814901312953432,1175.35995051928,17.627587372795784,0.02986067824863404,0.2179340036286647,0.8871418397443793,0.014981494282086602,0.0008508031937209375,0.050381029859800766,17.724379288709077,0.9850023923607377,0.6015625,0.0011054612696170807,1096,5,0.6390936374664307,0.0,0.0,10905008,,
42,dp_fisher_wiener,b47a1595ee654f8a78e687241bff5037cb0f0d90ae4862e4d6981afb2651c309,0.05701692974158613,1.893007814384161,1.893766273916201,0.2371704142601232,1102.2932756807877,16.538868293353346,0.028353538272431096,0.21201445511429676,0.8628646726920822,0.014944489085880829,0.0009071995826832078,0.05237987506338191,17.614616159686307,0.984995945581602,0.6328125,0.0011268071830272675,1097,5,0.6923642158508301,0.0,0.0,10905008,,
42,dp_fisher_wiener,b47a1595ee654f8a78e687241bff5037cb0f0d90ae4862e4d6981afb2651c309,0.04872684154724674,1.8999925616290163,1.900590782364353,0.23486039040442833,1520.432968884903,22.475912485386544,0.02509396174946686,0.18214928612022388,0.8455654603324108,0.014743109226682323,0.0006577073899627122,0.037721666687182145,17.58558151033226,0.98521742625598,0.609375,0.001377561129629612,1098,5,0.5825466513633728,0.0,0.0,10905008,,
42,dp_fisher_wiener,b47a1595ee654f8a78e687241bff5037cb0f0d90ae4862e4d6981afb2651c309,0.061892735922883746,1.898422051511286,1.8992382678262074,0.23818447763306633,940.819213587624,14.136862100541618,0.029478855507361547,0.21735092363651803,0.8786905334952182,0.014964434897403827,0.0010629034625317401,0.06241219378985399,17.687756260872625,0.984973880320078,0.60546875,0.0013183895498514175,1099,5,0.7618030905723572,0.0,0.0,10905008,0.6485368265151977,0.8048
42,dp_fisher_wiener,b47a1595ee654f8a78e687241bff5037cb0f0d90ae4862e4d6981afb2651c309,0.04513951743156563,1.9026111446724772,1.9031437698134526,0.2413279741558186,1776.5860540819233,27.79642752561854,0.02365707794483541,0.16704716190427749,0.8572087160263535,0.015615131011821541,0.0005628773214848346,0.030899730901607695,17.395409453736054,0.9843540213198538,0.58984375,0.0015462618321180344,1100,5,0.5945634841918945,0.14722090121358633,0.004637356847524643,10905008,,
42,dp_fisher_wiener,b47a1595ee654f8a78e687241bff5037cb0f0d90ae4862e4d6981afb2651c309,0.036106045774676764,1.9031863255318295,1.9034924973835605,0.24077443508567153,2778.4511151253496,43.84749897253557,0.01796327024355147,0.12160556245618896,0.8072629541185271,0.015758001012432746,0.0003599127563514933,0.01843788656351746,17.09513897948732,0.98421872577357,0.66796875,0.0011188657954335213,1101,5,0.8744821548461914,0.0,0.0,10905008,,
42,dp_fisher_wiener,b47a1595ee654f8a78e687241bff5037cb0f0d90ae4862e4d6981afb2651c309,0.06666337940689633,1.9006043521383618,1.9016704538536555,0.24461932099696584,812.8469622719737,12.688666952049909,0.03351541611048038,0.24204425766222556,0.9097857770460475,0.015572181755596612,0.0012302438788472792,0.07187550216609286,17.665896787543577,0.9843898451479962,0.625,0.0011180024594068527,1102,5,0.7304459810256958,0.0,0.0,10905008,,
42,dp_fisher_wiener,b47a1595ee654f8a78e687241bff5037cb0f0d90ae4862e4d6981afb2651c309,0.07378844797917725,1.893048552184788,1.894616118519365,0.24450024586100397,658.1831409526804,9.991198666650744,0.040708465444103344,0.30002492737459185,0.9053777175329306,0.015127294113870114,0.0015193339628368746,0.09093305817393528,17.770685507645073,0.984820032533519,0.58984375,0.0011554975062608719,1103,5,0.6233758330345154,0.0,0.0,10905008,,
42,dp_fisher_wiener,b47a1595ee654f8a78e687241bff5037cb0f0d90ae4862e4d6981afb2651c309,0.06525452136266882,1.8953243986623043,1.896429711693618,0.2483200211253681,843.6181010808173,13.643935066353366,0.034138124951352745,0.24139183035024234,0.8859958488893803,0.016128167091192885,0.0011853704875271274,0.06511795950744029,17.398466726784477,0.9838268820348101,0.64453125,0.0013872049748897552,1104,5,0.6098398566246033,0.0,0.0,10905008,,
42,dp_fisher_wiener,b47a1595ee654f8a78e687241bff5037cb0f0d90ae4862e4d6981afb2651c309,0.05526306582176342,1.8995722905300365,1.900481300787258,0.24021211645167911,1181.5217000713442,17.975881706891204,0.030984079706226988,0.22062039176884563,0.8796240615389744,0.015180719493197155,0.0008463661730562383,0.049041420682117864,17.630047448018427,0.9847858217874451,0.63671875,0.001418950967490673,1105,5,0.5967431664466858,0.0,0.0,10905008,,
42,dp_fisher_wiener,b47a1595ee654f8a78e687241bff5037cb0f0d90ae4862e4d6981afb2651c309,0.0701811424179661,1.8947798511803646,1.89609486069036,0.24397834732226684,728.9145993311987,11.191954275508614,0.037237624346149904,0.27233052042978456,0.9041514040928922,0.015310583737154177,0.0013719028274563607,0.08101636679879516,17.712494117468225,0.98464572628155,0.640625,0.00110640749335289,1106,5,0.8573448657989502,0.0,0.0,10905008,,
42,dp_fisher_wiener,b47a1595ee654f8a78e687241bff5037cb0f0d90ae4862e4d6981afb2651c309,0.057139757337831325,1.8970971419268283,1.898026155273939,0.24385124550874548,1102.3064687072797,17.36016273526618,0.031307052238795686,0.2170395875224321,0.866342615570953,0.015724955521986893,0.0009071887248073398,0.04998018924721224,17.411002518966438,0.9842510561009223,0.6484375,0.0011126548051834106,1107,5,0.7224185466766357,0.0,0.0,10905008,,
42,dp_fisher_wiener,b47a1595ee654f8a78e687241bff5037cb0f0d90ae4862e4d6981afb2651c309,0.05750646748095865,1.899463965332435,1.9001821658968099,0.24380781134631926,1091.0100140412187,17.293923228699153,0.02761850977715302,0.19822172635865992,0.8699474493618679,0.01579751720013049,0.0009165818707687435,0.0504748974621873,17.409041818907312,0.9841487034893146,0.6328125,0.0014046309515833855,1108,5,0.5399843454360962,0.0,0.0,10905008,,
42,dp_fisher_wiener,b47a1595ee654f8a78e687241bff5037cb0f0d90ae4862e4d6981afb2651c309,0.049909346294664446,1.8954872982786224,1.8962545355562082,0.24121501850258478,1442.3743603798657,22.39956228240541,0.02852948804420454,0.20265992118257678,0.8619449299589079,0.015510181355311124,0.0006933012864530578,0.0385287260884768,17.448626430948483,0.9844703546473885,0.5703125,0.0015106508508324623,1109,5,0.7203104496002197,0.0,0.0,10905008,,
42,dp_fisher_wiener,b47a1595ee654f8a78e687241bff5037cb0f0d90ae4862e4d6981afb2651c309,0.06281130854625656,1.897644868876154,1.8989183646773273,0.2470823270995661,912.7549535788847,14.400563281216307,0.036806852886864944,0.2635693715524717,0.9047374123908056,0.015748357866533058,0.0010955843031311785,0.0629409184186175,17.59287274035683,0.9842229689088532,0.55859375,0.0011166306212544441,1110,5,0.5498251914978027,0.0,0.0,10905008,,
42,dp_fisher_wiener,b47a1595ee654f8a78e687241bff5037cb0f0d90ae4862e4d6981afb2651c309,0.061594441759242544,1.8966081794609746,1.8973765259083866,0.24175773859774366,948.1393939111541,14.77899565040892,0.02870323209043206,0.2072070813937171,0.8872395852669955,0.01554320115608865,0.0010546972377247779,0.0602044025946695,17.565004422790057,0.9844126341070586,0.625,0.0011110687628388405,1111,5,0.6150749921798706,0.0,0.0,10905008,,
42,dp_fisher_wiener,b47a1595ee654f8a78e687241bff5037cb0f0d90ae4862e4d6981afb2651c309,0.06177967050287619,1.896563876979346,1.897483266080591,0.24599570291689934,942.4184361786047,15.084677339206296,0.031157508040085026,0.2222896196273561,0.9017905150454015,0.015980059828609724,0.001061099784711979,0.05988023398328492,17.51527261867392,0.9839936521187248,0.6171875,0.0011414531618356705,1112,5,0.7088196277618408,0.0,0.0,10905008,,
42,dp_fisher_wiener,b47a1595ee654f8a78e687241bff5037cb0f0d90ae4862e4d6981afb2651c309,0.06035710552853933,1.898335441126384,1.8993589682259178,0.24276708098929206,989.211376480239,15.295196530708221,0.032842096268324426,0.23404318919784775,0.8884231850565161,0.015430004754593501,0.0010109062870701816,0.05820559344387505,17.602538235499402,0.9845379896608887,0.62890625,0.001383000984787941,1113,5,0.8115411996841431,0.0,0.0,10905008,,
42,dp_fisher_wiener,b47a1595ee654f8a78e687241bff5037cb0f0d90ae4862e4d6981afb2651c309,0.05671466011948008,1.8945299674909761,1.8951943040064607,0.24393556263231275,1115.8666317910388,17.83851181220185,0.026674367780140852,0.19308658048753274,0.9046704091499252,0.015963344429471497,0.0008961644440283731,0.0507871930011038,17.53366500667444,0.9840137599745545,0.6328125,0.0011767875403165817,1114,5,0.8484487533569336,0.0,0.0,10905008,,
42,dp_fisher_wiener,b47a1595ee654f8a78e687241bff5037cb0f0d90ae4862e4d6981afb2651c309,0.055905308403488986,1.8975941260621823,1.8982287729805936,0.24127161852775983,1152.1275436130445,18.009712719683133,0.026075929480947373,0.18719015883656523,0.8694590251504549,0.01557435406883353,0.0008679594591964943,0.04845499095216237,17.46839075773592,0.9843682994825381,0.64453125,0.0011119069531559944,1115,5,0.7437809705734253,0.0,0.0,10905008,,
42,dp_fisher_wiener,b47a1595ee654f8a78e687241bff5037cb0f0d90ae4862e4d6981afb2651c309,0.0661244653955199,1.8975024244649932,1.898594403772315,0.2435178860597807,823.4558725698655,12.732459577786688,0.03392330705386974,0.2484531112368103,0.9077862071537917,0.015415655194026125,0.0012143941564836831,0.07151238475828924,17.70021591775757,0.9845377754875348,0.59765625,0.0011101635172963142,1116,5,0.7466848492622375,0.0,0.0,10905008,,
42,dp_fisher_wiener,b47a1595ee654f8a78e687241bff5037cb0f0d90ae4862e4d6981afb2651c309,0.06339376270913656,1.894978729920914,1.8958599805378749,0.24429306601092932,893.5433341777746,14.172017688586894,0.030616987883954387,0.2177294912641549,0.8679144488372843,0.015791821295774472,0.0011191399023429281,0.06150764206014943,17.400446974127885,0.984139529504046,0.69140625,0.001207049936056137,1117,5,0.6618161201477051,0.0,0.0,10905008,,
42,dp_fisher_wiener,b47a1595ee654f8a78e687241bff5037cb0f0d90ae4862e4d6981afb2651c309,0.0413246242530761,1.8987775667598654,1.8992794882713626,0.2361250071369573,2111.204763331068,31.890907724212024,0.023023243285826507,0.15381868243942676,0.820411139448579,0.015091963278402098,0.00047366319780197145,0.025748708559349784,17.35285808073737,0.9848944506576968,0.59375,0.0011146347969770432,1118,5,0.645805835723877,0.0,0.0,10905008,,
42,dp_fisher_wiener,b47a1595ee654f8a78e687241bff5037cb0f0d90ae4862e4d6981afb2651c309,0.05731631697209477,1.901022246180077,1.9019422056665003,0.24330741610273687,1100.0637317479482,17.123661055447744,0.031114525728470583,0.2233586456320342,0.8780050011657204,0.01553147980875551,0.0009090382409993394,0.05138854326212433,17.522841529126506,0.9844339372699485,0.61328125,0.0011852812021970749,1119,5,0.7169432640075684,0.0,0.0,10905008,,
42,dp_fisher_wiener,b47a1595ee654f8a78e687241bff5037cb0f0d90ae4862e4d6981afb2651c309,0.04811701983098168,1.8976237906146,1.8982231246559904,0.23826383458005504,1555.3308653344857,23.73229868319958,0.025128019992132534,0.18050235308706586,0.8647351958760184,0.015231631247088612,0.0006429500126667552,0.036501770319456,17.54136718178768,0.9847413182544351,0.5703125,0.0011091949418187141,1120,5,0.6901688575744629,0.0,0.0,10905008,,
42,dp_fisher_wiener,b47a1595ee654f8a78e687241bff5037cb0f0d90ae4862e4d6981afb2651c309,0.055543034448650844,1.8978763266341043,1.8986397834998827,0.24151319373606678,1167.5530209256747,18.134741025935035,0.028369617531451556,0.20379089793663946,0.8784822570921212,0.015500371603849978,0.0008564921521788733,0.048541620710003903,17.533908839960716,0.9844677366244556,0.58203125,0.0011717677116394043,1121,5,0.6913690567016602,0.0,0.0,10905008,,
42,dp_fisher_wiener,b47a1595ee654f8a78e687241bff5037cb0f0d90ae4862e4d6981afb2651c309,0.05465409703269042,1.9001150329803655,1.9007908706892593,0.23778445126094447,1208.688362708996,18.213406267549875,0.02674020270109621,0.19713111106123174,0.8743606406388599,0.01502440779246599,0.0008273431188033262,0.048148071431914734,17.648932365260926,0.9849312636495285,0.6640625,0.001117146573960781,1122,5,0.7953741550445557,0.0,0.0,10905008,,
42,dp_fisher_wiener,b47a1595ee654f8a78e687241bff5037cb0f0d90ae4862e4d6981afb2651c309,0.055643247542898774,1.902159727872951,1.903188417130812,0.24285420040153516,1168.6084626909558,17.901875114381486,0.03310065761005174,0.24594725470352394,0.8751740019074498,0.015283658567217159,0.0008557186017411195,0.04900022269714444,17.578670804727558,0.9846810324536296,0.58984375,0.0012564361095428467,1123,5,0.5827106833457947,0.0,0.0,10905008,,
42,dp_fisher_wiener,b47a1595ee654f8a78e687241bff5037cb0f0d90ae4862e4d6981afb2651c309,0.05592602185222917,1.8990156597394128,1.8998837169275402,0.2442741685557842,1152.9998103325865,18.171440741857104,0.030236254807383497,0.2182230015122864,0.8688914927732335,0.015715992320014652,0.0008673028310312971,0.04795065029455143,17.42623736839128,0.9842398579956311,0.62890625,0.001397920772433281,1124,5,0.5500428080558777,0.0,0.0,10905008,,
42,dp_fisher_wiener,b47a1595ee654f8a78e687241bff5037cb0f0d90ae4862e4d6981afb2651c309,0.05092722727297904,1.8969837224707062,1.8975190711254932,0.2392389648459268,1387.4813208576231,21.470098241970376,0.023929973706468297,0.17007838027645597,0.8696657588079674,0.01542958987157285,0.0007207304232362854,0.04062289249858464,17.509979881914454,0.9845258470011737,0.6015625,0.0011143814772367477,1125,5,0.6389325261116028,0.0,0.0,10905008,,
42,dp_fisher_wiener,b47a1595ee654f8a78e687241bff5037cb0f0d90ae4862e4d6981afb2651c309,0.06063094179812238,1.895164073060536,1.896069555321509,0.24181410286450988,977.0234799463822,15.06842346807504,0.030919346042011825,0.23043382182884253,0.8931350526977369,0.015374569486181707,0.0010235168552782106,0.05945784573217794,17.641141704238322,0.98457721459376,0.65625,0.0011047115549445152,1126,5,0.7435904741287231,0.0,0.0,10905008,,
42,dp_fisher_wiener,b47a1595ee654f8a78e687241bff5037cb0f0d90ae4862e4d6981afb2651c309,0.04906078215968396,1.8964710119134485,1.8970479672052831,0.2389794573495418,1494.250747974106,22.97177463820924,0.0246890445425893,0.18022021580813655,0.866218762824414,0.015329359147588838,0.0006692317209411157,0.03781639323637201,17.521035868022327,0.9846265597194127,0.6640625,0.001144389621913433,1127,5,0.8152599930763245,0.0,0.0,10905008,,
42,dp_fisher_wiener,b47a1595ee654f8a78e687241bff5037cb0f0d90ae4862e4d6981afb2651c309,0.053869800453410256,1.8966745780623395,1.8974914217051533,0.2391397173261701,1239.6380911728486,18.849760705144966,0.02935503559715842,0.20914546971184753,0.8749325987552088,0.01518068518981425,0.0008066870538876431,0.04649307932055371,17.60683223487502,0.9847941420650397,0.6484375,0.0013861078768968582,1128,5,0.6346467137336731,0.0,0.0,10905008,,
42,dp_fisher_wiener,b47a1595ee654f8a78e687241bff5037cb0f0d90ae4862e4d6981afb2651c309,0.05743390778451616,1.8967912350103668,1.8975706410976736,0.24052316911545696,1090.6925207005577,16.78502639149131,0.028701235982808798,0.20927973446593434,0.8816911742634973,0.0153414060203475,0.0009168486816561855,0.0526925230914062,17.594513292069102,0.9846106706767316,0.6484375,0.0013484247028827667,1129,5,0.7286496162414551,0.0,0.0,10905008,,
42,dp_fisher_wiener,b47a1595ee654f8a78e687241bff5037cb0f0d90ae4862e4d6981afb2651c309,0.043153254976015194,1.8995448565445705,1.8999376733861955,0.2358817395839844,1937.6350784100002,29.276979657868214,0.020458383508834825,0.14651183569660556,0.8318177449669589,0.015066411111845238,0.0005160930510626966,0.028493538040602867,17.42018366527368,0.9848903542343564,0.6171875,0.0011135628446936607,1130,5,0.7769980430603027,0.0,0.0,10905008,,
42,dp_fisher_wiener,b47a1595ee654f8a78e687241bff5037cb0f0d90ae4862e4d6981afb2651c309,0.048829116355192374,1.8973009781109786,1.8980227635648224,0.2374824624347483,1509.7836950822445,22.7621167024996,0.027642208846626534,0.19450072400335836,0.839899098677744,0.015048871446055758,0.0006623465353597121,0.03696651009865633,17.467231824552623,0.9849235908583227,0.62109375,0.0011264532804489136,1131,5,0.4849976897239685,0.0,0.0,10905008,,
42,dp_fisher_wiener,b47a1595ee654f8a78e687241bff5037cb0f0d90ae4862e4d6981afb2651c309,0.049034987464108504,1.8975680143540197,1.8982238333909702,0.24092931833399403,1497.5542536830922,23.31481871959225,0.026288220071455266,0.1859035693402168,0.853589820082307,0.015531588243368961,0.0006677554399945234,0.03669870957042166,17.40033358100719,0.9844314029610312,0.6171875,0.0011073462665081024,1132,5,0.7584579586982727,0.0,0.0,10905008,,
42,dp_fisher_wiener,b47a1595ee654f8a78e687241bff5037cb0f0d90ae4862e4d6981afb2651c309,0.05593709207734139,1.8953042991481241,1.896251600353678,0.24477473094590974,1148.0429188153216,18.129412508009132,0.0316802726155499,0.23069887951935522,0.8810895492067322,0.01574675191558164,0.0008710475743468176,0.048738363248813456,17.478290642657047,0.9842084192055188,0.609375,0.0013104025274515152,1133,5,0.5198927521705627,0.0,0.0,10905008,,
42,dp_fisher_wiener,b47a1595ee654f8a78e687241bff5037cb0f0d90ae4862e4d6981afb2651c309,0.053741269406343266,1.8965185606290205,1.8973573847150218,0.24184607776587022,1245.3698674231907,19.353402876292673,0.029767251245090942,0.21091685359949125,0.8738207428814482,0.01551428316258859,0.000802974301700898,0.045226427396229694,17.50690635643213,0.984459714834492,0.55078125,0.00111360102891922,1134,5,0.5631096959114075,0.0,0.0,10905008,,
42,dp_fisher_wiener,b47a1595ee654f8a78e687241bff5037cb0f0d90ae4862e4d6981afb2651c309,0.04755230386804209,1.8986336895430254,1.899401769726172,0.24276764001937903,1594.186912259355,25.074903227396394,0.028666762882894867,0.19479267070404194,0.8492501470405115,0.01571741182509746,0.0006272790172014634,0.03389341729719886,17.326545976104924,0.984271039340141,0.6796875,0.0011379700154066086,1135,5,0.8207837343215942,0.0,0.0,10905008,,
42,dp_fisher_wiener,b47a1595ee654f8a78e687241bff5037cb0f0d90ae4862e4d6981afb2651c309,0.061284422017191614,1.8979688102213577,1.899075035951692,0.2455224250366208,959.1310559308251,15.074581225639262,0.03418076111071169,0.24657317461650324,0.8907839973410681,0.01568453662347669,0.0010426103852543677,0.059213776547717596,17.54300713532048,0.9842830850566032,0.71484375,0.001384667120873928,1136,5,0.7076053619384766,0.0,0.0,10905008,,
42,dp_fisher_wiener,b47a1595ee654f8a78e687241bff5037cb0f0d90ae4862e4d6981afb2651c309,0.06059220560514578,1.8988986692016716,1.8998928646729165,0.24270086404656735,982.132442562031,15.13936827338546,0.0323498996190123,0.23773696256477111,0.8908076190801748,0.015371646086673189,0.001018192614754388,0.05900563505241085,17.63063545782327,0.9845852070277934,0.61328125,0.0014057951048016548,1137,5,0.6897393465042114,0.0,0.0,10905008,,
42,dp_fisher_wiener,b47a1595ee654f8a78e687241bff5037cb0f0d90ae4862e4d6981afb2651c309,0.06161236794793739,1.8969281894639014,1.8979602787791305,0.2437688460400136,947.9075449458071,14.754064348894637,0.032977984624390846,0.2400820240412096,0.8911715452134122,0.015530872949929527,0.001054955206410414,0.060534012781477825,17.58765443910091,0.9844351229953191,0.61328125,0.001554827205836773,1138,5,0.6464518308639526,0.0,0.0,10905008,,
42,dp_fisher_wiener,b47a1595ee654f8a78e687241bff5037cb0f0d90ae4862e4d6981afb2651c309,0.0637363906021832,1.9001619224044515,1.9011103640213314,0.24276825000672295,888.8045934323881,13.761858452697227,0.03163991847151483,0.22922173993377687,0.8905542871095466,0.015432706816679517,0.0011251066962781502,0.06492500660816772,17.61218292648814,0.9845164408978268,0.5703125,0.001173633150756359,1139,5,0.7087981700897217,0.0,0.0,10905008,,
42,dp_fisher_wiener,b47a1595ee654f8a78e687241bff5037cb0f0d90ae4862e4d6981afb2651c309,0.053043902762016086,1.8931371514688988,1.8937488496765091,0.23853322116900383,1273.7764519702837,19.571436226735695,0.02553505997764902,0.18353630281404418,0.860758143729767,0.01533316703373732,0.0007850671113424231,0.04407131991736726,17.49249273167358,0.9846351090911933,0.59765625,0.001112205907702446,1140,5,0.5696914792060852,0.0,0.0,10905008,,
42,dp_fisher_wiener,b47a1595ee654f8a78e687241bff5037cb0f0d90ae4862e4d6981afb2651c309,0.059299398197211375,1.8952016831582024,1.8962114441403475,0.24288350369736383,1021.4339645751251,15.841097708662101,0.032659931919568834,0.2362340095713596,0.8946432102329205,0.01548118449133948,0.000979015809535275,0.05657641037962756,17.618456837285407,0.9844913148984165,0.59765625,0.0011243121698498726,1141,5,0.6291458010673523,0.0,0.0,10905008,,
42,dp_fisher_wiener,b47a1595ee654f8a78e687241bff5037cb0f0d90ae4862e4d6981afb2651c309,0.04958046980125767,1.898078453133687,1.8987086755199551,0.24087302489662982,1465.5716075078615,22.795705191802185,0.02576535773969213,0.18593570283461244,0.8750821591522907,0.015518215243761914,0.0006823276286672743,0.03847689475860693,17.51207057832432,0.984445860526352,0.57421875,0.0014270516112446785,1142,5,0.7910223603248596,0.0,0.0,10905008,,
42,dp_fisher_wiener,b47a1595ee654f8a78e687241bff5037cb0f0d90ae4862e4d6981afb2651c309,0.04589587709347475,1.8983971509635302,1.8988405240688917,0.24030671606108453,1710.9085591427086,26.775145216593316,0.0217445220904137,0.1565741079402102,0.8630145675311033,0.015613888902508607,0.0005844847722464255,0.032305780855032454,17.425070411544226,0.984350335338785,0.609375,0.0016232011839747429,1143,5,0.8161138892173767,0.0,0.0,10905008,,
42,dp_fisher_wiener,b47a1595ee654f8a78e687241bff5037cb0f0d90ae4862e4d6981afb2651c309,0.04726208196056525,1.902902344049169,1.9034203060195414,0.2417282620099411,1621.0906615735882,25.37410821455815,0.023372905541514683,0.17453594584176027,0.8650224017678554,0.015607310469930448,0.0006168686448303512,0.034189439492726174,17.436992844666854,0.9843475082448994,0.58984375,0.0015325779095292091,1144,5,0.7121874690055847,0.0,0.0,10905008,,
42,dp_fisher_wiener,b47a1595ee654f8a78e687241bff5037cb0f0d90ae4862e4d6981afb2651c309,0.03408846382049697,1.8926022642143392,1.892999032621472,0.24181887876446762,3082.5054240194486,49.41418421424224,0.020641979961978082,0.13453195464328688,0.7533877447958289,0.01600452762206537,0.00032441143212497505,0.015271153464331083,16.72775690050242,0.9839694737179749,0.60546875,0.0011144503951072693,1145,5,0.520673394203186,0.0,0.0,10905008,,
42,dp_fisher_wiener,b47a1595ee654f8a78e687241bff5037cb0f0d90ae4862e4d6981afb2651c309,0.04010047395400948,1.9054864983551694,1.9060218583054502,0.2444104090566869,2257.9417825583814,36.175105942569175,0.023868005557032834,0.16188131428849276,0.8132357804393444,0.0159976191109934,0.00044288121469845585,0.02251377833139543,17.06161125199209,0.9839787251283465,0.6171875,0.001109302043914795,1146,5,0.6029050350189209,0.0,0.0,10905008,,
42,dp_fisher_wiener,b47a1595ee654f8a78e687241bff5037cb0f0d90ae4862e4d6981afb2651c309,0.05372031738323702,1.895486018598005,1.8963115514595639,0.23916603597538383,1244.9847475103834,18.858426542712156,0.02952831513961618,0.22039295918516563,0.8906109604020217,0.015101232112307959,0.0008032226914047923,0.04737089844876818,17.70675652226487,0.9848524838714543,0.6015625,0.0011099427938461304,1147,5,0.7297370433807373,0.0,0.0,10905008,,
42,dp_fisher_wiener,b47a1595ee654f8a78e687241bff5037cb0f0d90ae4862e4d6981afb2651c309,0.052936304951590955,1.896111794771385,1.8969947553141056,0.24044934551737807,1282.9822039493836,19.662865586383884,0.03062847223224913,0.21675092309273214,0.8773601031651899,0.015303913582145919,0.0007794340377945868,0.04468427793785512,17.58375376468181,0.9846740932759235,0.609375,0.0011323578655719757,1148,5,0.7940149903297424,0.0,0.0,10905008,,
42,dp_fisher_wiener,b47a1595ee654f8a78e687241bff5037cb0f0d90ae4862e4d6981afb2651c309,0.057708682217614486,1.893334812601575,1.8943383014530701,0.24186975498515564,1076.397117125888,16.569536735811763,0.032616149570708824,0.2382104134465059,0.8964089525026648,0.015359160072272731,0.000929025156040523,0.054220833905705826,17.66138718268784,0.984606483543871,0.609375,0.0013771727681159973,1149,5,0.7643027305603027,0.0,0.0,10905008,,
42,dp_fisher_wiener,b47a1595ee654f8a78e687241bff5037cb0f0d90ae4862e4d6981afb2651c309,0.04927998208503747,1.9014591337835236,1.9022480796200536,0.24160282537892583,1488.7881700673418,23.032010050895526,0.02895922900315413,0.204382141221122,0.8784429438784914,0.015456383804862691,0.0006716872283736086,0.03817444713716743,17.546056648580674,0.9845296929986707,0.5859375,0.0011545093730092049,1150,5,0.6658263802528381,0.14485829416662455,0.004499698989093304,10905008,,
42,dp_fisher_wiener,b47a1595ee654f8a78e687241bff5037cb0f0d90ae4862e4d6981afb2651c309,0.0352538464353349,1.900120219920134,1.9003961279321937,0.24031259046666784,2905.0201009935686,45.85599835858925,0.01710114971556578,0.11813082088847636,0.8105040635966331,0.015758204587327088,0.00034423169700378056,0.017705138165567978,17.11248461116805,0.9842149118545194,0.5703125,0.0013748779892921448,1151,5,0.6744426488876343,0.0,0.0,10905008,,
42,dp_fisher_wiener,b47a1595ee654f8a78e687241bff5037cb0f0d90ae4862e4d6981afb2651c309,0.0364505793468651,1.8998997288244117,1.9002241114082983,0.23676512582584175,2716.7676072755976,41.47410588718509,0.018489610403471638,0.13221073728593835,0.787545659965634,0.015225411546739594,0.0003680844826657391,0.019039441800775485,17.1370670112861,0.9847340251790015,0.66015625,0.001152893528342247,1152,5,0.5893470048904419,0.0,0.0,10905008,,
42,dp_fisher_wiener,b47a1595ee654f8a78e687241bff5037cb0f0d90ae4862e4d6981afb2651c309,0.05082395282103689,1.899565746288201,1.9003853615925996,0.24552060401243106,1396.9207893900457,22.384007210845766,0.02949509035398981,0.20210601280566495,0.879962892671509,0.016005241762283802,0.0007158602028173904,0.03935775694041623,17.40202119619593,0.9839761800519746,0.63671875,0.0011147093027830124,1153,5,0.6409666538238525,0.0,0.0,10905008,,
42,dp_fisher_wiener,b47a1595ee654f8a78e687241bff5037cb0f0d90ae4862e4d6981afb2651c309,0.044420927956014565,1.8974801888664594,1.8979831350320135,0.2393349533119421,1824.6486357550643,28.32790470714661,0.02302291923320499,0.1578935003794219,0.849774678826236,0.015508834269941148,0.0005480507205044014,0.030029312140335485,17.387246304275173,0.9844748714070004,0.6015625,0.00113711878657341,1154,5,0.8386425375938416,0.0,0.0,10905008,,
42,dp_fisher_wiener,b47a1595ee654f8a78e687241bff5037cb0f0d90ae4862e4d6981afb2651c309,0.048287668437084645,1.898939925456083,1.8996967062456285,0.24000213769719814,1546.5001948734641,23.63900900684051,0.028378528906169966,0.2076802782058915,0.8557648935931432,0.015245564882112168,0.0006466213214106136,0.036296183894669896,17.49210945208242,0.9847145127526039,0.6328125,0.0014026695862412453,1155,5,0.5872801542282104,0.0,0.0,10905008,,
42,dp_fisher_wiener,b47a1595ee654f8a78e687241bff5037cb0f0d90ae4862e4d6981afb2651c309,0.053057560295574194,1.8926720154323313,1.893334871803623,0.2424226215703349,1272.4952471495747,20.13683267690727,0.026502637221883795,0.1903438579035901,0.874489283431211,0.01578450329668067,0.0007858575518333153,0.043537892494735934,17.43523571161163,0.9841753179652272,0.62109375,0.0011711334809660912,1156,5,0.7312607169151306,0.0,0.0,10905008,,
42,dp_fisher_wiener,b47a1595ee654f8a78e687241bff5037cb0f0d90ae4862e4d6981afb2651c309,0.049319829290176476,1.8990456322943265,1.8995224617339839,0.2413335704897928,1482.6125482768864,23.360968518746873,0.02264905992808519,0.16173256622324592,0.882014810469633,0.015734315611696793,0.00067448505056215,0.03780944903812743,17.48628019893053,0.9842433759609746,0.59765625,0.0011062240228056908,1157,5,0.6598988771438599,0.0,0.0,10905008,,
42,dp_fisher_wiener,b47a1595ee654f8a78e687241bff5037cb0f0d90ae4862e4d6981afb2651c309,0.038373259682644725,1.8926503301944628,1.892970298302317,0.24030277388382332,2432.671034652891,38.592661261719996,0.018473331413510412,0.12959071717983967,0.8051356387183548,0.015822031590370923,0.0004110707880662102,0.020918157054400865,17.066068027420382,0.9841356843107988,0.62109375,0.0011371038854122162,1158,5,0.614885687828064,0.0,0.0,10905008,,
42,dp_fisher_wiener,b47a1595ee654f8a78e687241bff5037cb0f0d90ae4862e4d6981afb2651c309,0.04380211344687239,1.8965460291751068,1.897092222584498,0.2417318825160766,1874.7209965058855,29.543577086755825,0.02401231224744285,0.17329764938014272,0.8668175972811254,0.015728353049404335,0.0005334127058598695,0.029397325888676232,17.412444697079852,0.9842410805971603,0.62890625,0.0013712970539927483,1159,5,0.9727417826652527,0.0,0.0,10905008,,
42,dp_fisher_wiener,b47a1595ee654f8a78e687241bff5037cb0f0d90ae4862e4d6981afb2651c309,0.06620536528563194,1.898494934150719,1.8996280947299837,0.24462710590641437,822.3042084650881,12.789152317134153,0.03453661265009088,0.2521913283076029,0.9084065163631715,0.015522025295071708,0.001216094955464444,0.07117038925605407,17.673318538294808,0.9844471763789184,0.6171875,0.0011158417910337448,1160,5,0.9142131805419922,0.0,0.0,10905008,,
42,dp_fisher_wiener,b47a1595ee654f8a78e687241bff5037cb0f0d90ae4862e4d6981afb2651c309,0.058234973552645446,1.8977222191589576,1.898749414454244,0.24629148284962193,1061.9339849562373,16.875996032012914,0.03296911965937001,0.2377167226577259,0.889874935269511,0.01585715148532432,0.0009416781211179164,0.05284528927421059,17.49103798941024,0.9841082437598947,0.54296875,0.0011048316955566406,1161,5,0.5280675292015076,0.0,0.0,10905008,,
42,dp_fisher_wiener,b47a1595ee654f8a78e687241bff5037cb0f0d90ae4862e4d6981afb2651c309,0.04650998040971519,1.8974888978507094,1.8980339586144985,0.24066464458237508,1664.432447800991,25.94215886632627,0.023969685361735736,0.17712078059713474,0.8863632536459348,0.015549780666669278,0.000600805398175586,0.034246902846230894,17.558874749219,0.9844138109055773,0.58203125,0.001426233910024166,1162,5,0.8216606378555298,0.0,0.0,10905008,,
42,dp_fisher_wiener,b47a1595ee654f8a78e687241bff5037cb0f0d90ae4862e4d6981afb2651c309,0.055229245862895404,1.896367885768221,1.8973583525064937,0.24298242942260093,1178.9814115654935,18.281022294505785,0.03248330293720928,0.2357976302396751,0.8920264190197671,0.015476302592422017,0.0008481897932080595,0.0488881436377076,17.60710504185007,0.9844942234753078,0.63671875,0.0015234509482979774,1163,5,0.8422542214393616,0.0,0.0,10905008,,
42,dp_fisher_wiener,b47a1595ee654f8a78e687241bff5037cb0f0d90ae4862e4d6981afb2651c309,0.05935841087840074,1.901316695921172,1.9021662151536451,0.24141011133813642,1025.9929871170443,15.731195153683984,0.029911340547827757,0.2224272378550645,0.9107013456543978,0.01530734223649826,0.0009746655311220262,0.057987153960355,17.74476185847408,0.9846673463159987,0.59375,0.0011152392253279686,1164,5,0.6058971881866455,0.0,0.0,10905008,,
42,dp_fisher_wiener,b47a1595ee654f8a78e687241bff5037cb0f0d90ae4862e4d6981afb2651c309,0.04530697592797361,1.8982153173953313,1.8988346102176397,0.24157519541279612,1755.3381658772396,27.5432544683994,0.025596795264307956,0.17691348141072047,0.8483185215977223,0.015657520028122214,0.0005696907974497376,0.03086563225972224,17.338359727489387,0.9843088613898925,0.5625,0.0011050356552004814,1165,5,0.5091978311538696,0.0,0.0,10905008,,
42,dp_fisher_wiener,b47a1595ee654f8a78e687241bff5037cb0f0d90ae4862e4d6981afb2651c309,0.04937775478250235,1.8990540871818289,1.899684667239558,0.24475085636185162,1479.1492269326036,23.685183408248342,0.025764712569880426,0.1900173859081539,0.8798806172071804,0.015985267653287075,0.0006760643087130127,0.03721275704341984,17.407038379345664,0.9839872928457941,0.5859375,0.0013923607766628265,1166,5,0.7429395318031311,0.0,0.0,10905008,,
42,dp_fisher_wiener,b47a1595ee654f8a78e687241bff5037cb0f0d90ae4862e4d6981afb2651c309,0.051540712499263994,1.8950436847635852,1.8957552148238055,0.2442768935989492,1351.878358132074,21.59652961009891,0.027396328530233098,0.19688526290203687,0.8600338287622914,0.015932508327794474,0.0007397115233096896,0.039929490116139825,17.32231379640933,0.9840247981778971,0.5859375,0.0011689793318510056,1167,5,0.5553419589996338,0.0,0.0,10905008,,
42,dp_fisher_wiener,b47a1595ee654f8a78e687241bff5037cb0f0d90ae4862e4d6981afb2651c309,0.04390815146003745,1.8953273489643796,1.8958197488413393,0.24170151086203523,1863.280124037523,29.524592747311637,0.022793114254972505,0.1614261140185215,0.8436235967299642,0.01581297062321675,0.0005366879550639651,0.028632357195101293,17.271352540568227,0.98415450668613,0.60546875,0.0011048633605241776,1168,5,0.6213966012001038,0.0,0.0,10905008,,
42,dp_fisher_wiener,b47a1595ee654f8a78e687241bff5037cb0f0d90ae4862e4d6981afb2651c309,0.05559730855892103,1.89900269985609,1.899784006823263,0.24382535487590817,1166.6581735947047,18.404031672752104,0.028682608238409957,0.2085375862535161,0.881343636671671,0.01573311913438559,0.0008571490967187169,0.04801609241310144,17.483304416323364,0.9842250008706145,0.6015625,0.0011431602761149406,1169,5,0.7208981513977051,0.0,0.0,10905008,0.6319047325134277,0.818
