seed,run_id,method,config_fingerprint,step,epoch,train_loss,learning_rate,test_loss,test_accuracy,clip_rate,clean_clipped_norm,actual_noise_norm,noisy_gradient_norm,filtered_gradient_norm,relmse_noisy,relmse_filtered,cosine_noisy,cosine_filtered,signal_retention,noise_retention,snr_in,snr_out,snr_gain_db,mse_reduction,signal_amplitude_retention,effective_signal_lr,optimizer_update_norm,clean_reference_update_norm,update_to_clean_reference_ratio,lr_compensation_to_dp_sgd_0p5,refresh_time,diagnostic_spectrum_time,beta_observation_time,oracle_diagnostic_time,reconstruction_diagnostic_time,wiener_filter_time,beta_controller_time,active_state_bytes,diagnostics_finite,beta_diagnostics_finite,oracle_diagnostics_finite,oracle_diagnostic_error
42,dp_sgd_lr0p50,dp_sgd,6f5bfa6c60eeb2ad400161beec4006ab7b7da4908d9989b6db2c608560d2f56e,0,1,2.3067173957824707,0.5,,,1.0,0.10232851681315358,1.8980261676600805,1.9007811897798015,1.9007811897798015,344.041658491307,344.041658491307,0.053821285786439764,0.053821285786439764,1.0,1.0,0.0029066247508787923,0.0029066247503831705,0.0,0.0,1.0,0.5,0.9503905948899007,0.05116425840657679,18.57528330263377,0.49999999999949996,0.42263042088598013,0.0,0.0006275204941630363,0.0003612060099840164,0.03526768088340759,0.0,0.0,0,True,True,True,
42,dp_sgd_lr0p50,dp_sgd,6f5bfa6c60eeb2ad400161beec4006ab7b7da4908d9989b6db2c608560d2f56e,1,1,2.3015918731689453,0.5,,,1.0,0.10600191587291989,1.901920913581506,1.9048835638669426,1.9048835638669426,321.92705629167943,321.92705629167943,0.05575101717397003,0.05575101717397003,1.0,1.0,0.003106293740668647,0.003106293740404619,0.0,0.0,1.0,0.5,0.9524417819334713,0.053000957936459946,17.97027485913242,0.49999999999949996,0.0,0.0,0.0003831842914223671,0.00033330265432596207,0.005371402017772198,0.0,0.0,0,True,True,True,
42,dp_sgd_lr0p50,dp_sgd,6f5bfa6c60eeb2ad400161beec4006ab7b7da4908d9989b6db2c608560d2f56e,2,1,2.2845425605773926,0.5,,,1.0,0.09513276559401819,1.9008806983457207,1.90326455259703,1.90326455259703,399.2541850184902,399.2541850184902,0.05003448765468592,0.05003448765468592,1.0,1.0,0.0025046700508422146,0.002504670051232881,0.0,0.0,1.0,0.5,0.951632276298515,0.047566382797009095,20.006404109802226,0.49999999999949996,0.0,0.0,0.00037547480314970016,0.00033216923475265503,0.004795992746949196,0.0,0.0,0,True,True,True,
42,dp_sgd_lr0p50,dp_sgd,6f5bfa6c60eeb2ad400161beec4006ab7b7da4908d9989b6db2c608560d2f56e,3,1,2.2626092433929443,0.5,,,1.0,0.11387235923669624,1.896172515482665,1.8998442299605272,1.8998442299605272,277.280326934897,277.280326934897,0.062181833218807735,0.062181833218807735,1.0,1.0,0.0036064585287271167,0.0036064585295106843,0.0,0.0,1.0,0.5,0.9499221149802636,0.05693617961834812,16.683980578448576,0.49999999999949996,0.0,0.0,0.00036878231912851334,0.00035373959690332413,0.005562059581279755,0.0,0.0,0,True,True,True,
42,dp_sgd_lr0p50,dp_sgd,6f5bfa6c60eeb2ad400161beec4006ab7b7da4908d9989b6db2c608560d2f56e,4,1,2.240018844604492,0.5,,,1.0,0.10730851935941903,1.903180849141899,1.9059982050747188,1.9059982050747188,314.55146541552966,314.55146541552966,0.054385538460965104,0.054385538460965104,1.0,1.0,0.00317912999893947,0.0031791299987037206,0.0,0.0,1.0,0.5,0.9529991025373594,0.053654259679709514,17.761853545432373,0.49999999999949996,0.0,0.0,0.0003661196678876877,0.0003563566133379936,0.005121833644807339,0.0,0.0,0,True,True,True,
42,dp_sgd_lr0p50,dp_sgd,6f5bfa6c60eeb2ad400161beec4006ab7b7da4908d9989b6db2c608560d2f56e,5,1,2.2214467525482178,0.5,,,1.0,0.11255633889359888,1.8970184430508532,1.900127069232523,1.900127069232523,284.05549137029044,284.05549137029044,0.05721391808301863,0.05721391808301863,1.0,1.0,0.00352043889416383,0.0035204388938770478,0.0,0.0,1.0,0.5,0.9500635346162615,0.05627816944679944,16.881564271515415,0.49999999999949996,0.0,0.0,0.00036342814564704895,0.00032620783895254135,0.004827751778066158,0.0,0.0,0,True,True,True,
42,dp_sgd_lr0p50,dp_sgd,6f5bfa6c60eeb2ad400161beec4006ab7b7da4908d9989b6db2c608560d2f56e,6,1,2.1936545372009277,0.5,,,1.0,0.1262649870750261,1.9022060925617097,1.9061391774361969,1.9061391774361969,226.959966886124,226.959966886124,0.0642379238949017,0.0642379238949017,1.0,1.0,0.004406063384908514,0.004406063386018455,0.0,0.0,1.0,0.5,0.9530695887180984,0.06313249353751305,15.096340019212013,0.49999999999949996,0.0,0.0,0.0003661438822746277,0.00032401736825704575,0.004672668874263763,0.0,0.0,0,True,True,True,
42,dp_sgd_lr0p50,dp_sgd,6f5bfa6c60eeb2ad400161beec4006ab7b7da4908d9989b6db2c608560d2f56e,7,1,2.1727347373962402,0.5,,,1.0,0.12812125447810951,1.8973013566156989,1.901048175808382,1.901048175808382,219.295777650736,219.295777650736,0.06291303226221606,0.06291303226221606,1.0,1.0,0.004560051318140126,0.004560051318556735,0.0,0.0,1.0,0.5,0.950524087904191,0.06406062723905476,14.837882937709718,0.49999999999949996,0.0,0.0,0.0003704288974404335,0.00032742787152528763,0.0053098853677511215,0.0,0.0,0,True,True,True,
42,dp_sgd_lr0p50,dp_sgd,6f5bfa6c60eeb2ad400161beec4006ab7b7da4908d9989b6db2c608560d2f56e,8,1,2.122527599334717,0.5,,,1.0,0.12718755921773361,1.903927888618167,1.9082335676038336,1.9082335676038336,224.08445218737108,224.08445218737108,0.06714078970446007,0.06714078970446007,1.0,1.0,0.0044626032291689025,0.004462603227579741,0.0,0.0,1.0,0.5,0.9541167838019168,0.06359377960886681,15.0033036195553,0.49999999999949996,0.0,0.0,0.0005986848846077919,0.0005381554365158081,0.00521286204457283,0.0,0.0,0,True,True,True,
42,dp_sgd_lr0p50,dp_sgd,6f5bfa6c60eeb2ad400161beec4006ab7b7da4908d9989b6db2c608560d2f56e,9,1,2.1237258911132812,0.5,,,1.0,0.11061077232757607,1.8975386374748973,1.9007455491918528,1.9007455491918528,294.2973868505256,294.2973868505256,0.05806498379397475,0.05806498379397475,1.0,1.0,0.00339792347672421,0.0033979234760483207,0.0,0.0,1.0,0.5,0.9503727745959264,0.05530538616378804,17.184090745957253,0.49999999999949996,0.0,0.0,0.00045463163405656815,0.000485776923596859,0.004839561879634857,0.0,0.0,0,True,True,True,
42,dp_sgd_lr0p50,dp_sgd,6f5bfa6c60eeb2ad400161beec4006ab7b7da4908d9989b6db2c608560d2f56e,10,1,2.0718908309936523,0.5,,,1.0,0.12373728459846371,1.9047282534899146,1.9088313409580082,1.9088313409580082,236.95445878187,236.95445878187,0.06553582162677826,0.06553582162677826,1.0,1.0,0.004220220227444498,0.004220220226554659,0.0,0.0,1.0,0.5,0.9544156704790041,0.061868642299231856,15.426484807076935,0.49999999999949996,0.0,0.0,0.0003672465682029724,0.0003278590738773346,0.004820425994694233,0.0,0.0,0,True,True,True,
42,dp_sgd_lr0p50,dp_sgd,6f5bfa6c60eeb2ad400161beec4006ab7b7da4908d9989b6db2c608560d2f56e,11,1,2.034879446029663,0.5,,,1.0,0.1342551362487454,1.8974387059752846,1.902339102881028,1.902339102881028,199.74397658465753,199.74397658465753,0.07174047348546526,0.07174047348546526,1.0,1.0,0.005006408789105146,0.005006408788447271,0.0,0.0,1.0,0.5,0.951169551440514,0.0671275681243727,14.169581559457585,0.49999999999949996,0.0,0.0,0.00036298856139183044,0.00032707955688238144,0.00462286826223135,0.0,0.0,0,True,True,True,
42,dp_sgd_lr0p50,dp_sgd,6f5bfa6c60eeb2ad400161beec4006ab7b7da4908d9989b6db2c608560d2f56e,12,1,1.9379386901855469,0.5,,,1.0,0.14303205890687032,1.8986339671894568,1.904083687229245,1.904083687229245,176.20397929973595,176.20397929973595,0.07560615203603921,0.07560615203603921,1.0,1.0,0.005675240729097092,0.0056752407281829495,0.0,0.0,1.0,0.5,0.9520418436146225,0.07151602945343516,13.312286082957034,0.49999999999949996,0.0,0.0,0.0003691278398036957,0.0003243451938033104,0.004563887603580952,0.0,0.0,0,True,True,True,
42,dp_sgd_lr0p50,dp_sgd,6f5bfa6c60eeb2ad400161beec4006ab7b7da4908d9989b6db2c608560d2f56e,13,1,1.9198542833328247,0.5,,,1.0,0.11782346136168195,1.8924709283137984,1.8958841229042416,1.8958841229042416,257.9852516563226,257.9852516563226,0.060016128262466654,0.060016128262466654,1.0,1.0,0.0038761905710015007,0.0038761905713039185,0.0,0.0,1.0,0.5,0.9479420614521208,0.058911730680840976,16.09088801976608,0.49999999999949996,0.0,0.0,0.0003650430589914322,0.00033274292945861816,0.0045791249722242355,0.0,0.0,0,True,True,True,
42,dp_sgd_lr0p50,dp_sgd,6f5bfa6c60eeb2ad400161beec4006ab7b7da4908d9989b6db2c608560d2f56e,14,1,1.8729214668273926,0.5,,,1.0,0.12704141103422156,1.8976143431852739,1.90214288796967,1.90214288796967,223.11321334270352,223.11321334270352,0.06899806422199965,0.06899806422199965,1.0,1.0,0.0044820294816056245,0.004482029483015557,0.0,0.0,1.0,0.5,0.951071443984835,0.06352070551711078,14.97262091513875,0.49999999999949996,0.0,0.0,0.0003644786775112152,0.0003261985257267952,0.004637078382074833,0.0,0.0,0,True,True,True,
42,dp_sgd_lr0p50,dp_sgd,6f5bfa6c60eeb2ad400161beec4006ab7b7da4908d9989b6db2c608560d2f56e,15,1,1.8064799308776855,0.5,,,1.0,0.131941505230339,1.8955749547851493,1.9002673263500405,1.9002673263500405,206.40444949918697,206.40444949918697,0.07023668402716864,0.07023668402716864,1.0,1.0,0.004844856796297978,0.004844856796061562,0.0,0.0,1.0,0.5,0.9501336631750202,0.0659707526151695,14.402346880944046,0.49999999999949996,0.0,0.0,0.0003690086305141449,0.0003317026421427727,0.004902656190097332,0.0,0.0,0,True,True,True,
42,dp_sgd_lr0p50,dp_sgd,6f5bfa6c60eeb2ad400161beec4006ab7b7da4908d9989b6db2c608560d2f56e,16,1,1.7183341979980469,0.5,,,1.0,0.11993113818903305,1.8989570782180396,1.9026358368528915,1.9026358368528915,250.70695751750551,250.70695751750551,0.06216137273775364,0.06216137273775364,1.0,1.0,0.003988720575735812,0.0039887205773723716,0.0,0.0,1.0,0.5,0.9513179184264458,0.05996556909451652,15.864402402504231,0.49999999999949996,0.0,0.0,0.00036594830453395844,0.0003270469605922699,0.005027599632740021,0.0,0.0,0,True,True,True,
42,dp_sgd_lr0p50,dp_sgd,6f5bfa6c60eeb2ad400161beec4006ab7b7da4908d9989b6db2c608560d2f56e,17,1,1.686255693435669,0.5,,,1.0,0.1370396958327954,1.89692311022005,1.9017666670009439,1.9017666670009439,191.60493167582192,191.60493167582192,0.07132875615068572,0.07132875615068572,1.0,1.0,0.005219072344329751,0.005219072344963048,0.0,0.0,1.0,0.5,0.9508833335004719,0.0685198479163977,13.877487507660323,0.49999999999949996,0.0,0.0,0.0003718556836247444,0.0003262422978878021,0.004911454394459724,0.0,0.0,0,True,True,True,
42,dp_sgd_lr0p50,dp_sgd,6f5bfa6c60eeb2ad400161beec4006ab7b7da4908d9989b6db2c608560d2f56e,18,1,1.6356433629989624,0.5,,,1.0,0.1250394158765673,1.8957245046035043,1.8994855156777135,1.8994855156777135,229.85638670561352,229.85638670561352,0.06296284788409663,0.06296284788409663,1.0,1.0,0.004350542589954235,0.004350542589906221,0.0,0.0,1.0,0.5,0.9497427578388568,0.06251970793828365,15.191093962902137,0.49999999999949996,0.0,0.0,0.0003665294498205185,0.00033149588853120804,0.005014621652662754,0.0,0.0,0,True,True,True,
42,dp_sgd_lr0p50,dp_sgd,6f5bfa6c60eeb2ad400161beec4006ab7b7da4908d9989b6db2c608560d2f56e,19,1,1.5425090789794922,0.5,,,1.0,0.14528330133407966,1.8980744238246074,1.9042832618042955,1.9042832618042955,170.6848891616511,170.6848891616511,0.08081285714722547,0.08081285714722547,1.0,1.0,0.0058587494467965,0.0058587494467173306,0.0,0.0,1.0,0.5,0.9521416309021478,0.07264165066703983,13.107378785392356,0.49999999999949996,0.0,0.0,0.0003646351397037506,0.0003270413726568222,0.005052536725997925,0.0,0.0,0,True,True,True,
42,dp_sgd_lr0p50,dp_sgd,6f5bfa6c60eeb2ad400161beec4006ab7b7da4908d9989b6db2c608560d2f56e,20,1,1.5910682678222656,0.5,,,1.0,0.1305296520249943,1.8975379082490214,1.9022657752930057,1.9022657752930057,211.33068518193704,211.33068518193704,0.07048461957760964,0.07048461957760964,1.0,1.0,0.004731920492663516,0.004731920492689887,0.0,0.0,1.0,0.5,0.9511328876465028,0.06526482601249715,14.57343787984362,0.49999999999949996,0.0,0.0,0.0003655916079878807,0.0003274306654930115,0.004887220449745655,0.0,0.0,0,True,True,True,
42,dp_sgd_lr0p50,dp_sgd,6f5bfa6c60eeb2ad400161beec4006ab7b7da4908d9989b6db2c608560d2f56e,21,1,1.4090348482131958,0.5,,,1.0,0.13461935618500873,1.8966188087434441,1.9018916811643278,1.9018916811643278,198.49295070924103,198.49295070924103,0.07450536779440799,0.07450536779440799,1.0,1.0,0.005037962287181545,0.00503796228750141,0.0,0.0,1.0,0.5,0.9509458405821639,0.06730967809250436,14.127921385408225,0.49999999999949996,0.0,0.0,0.0003629932180047035,0.00032407231628894806,0.005090066231787205,0.0,0.0,0,True,True,True,
42,dp_sgd_lr0p50,dp_sgd,6f5bfa6c60eeb2ad400161beec4006ab7b7da4908d9989b6db2c608560d2f56e,22,1,1.3497674465179443,0.5,,,1.0,0.13258075722460982,1.8988214554296488,1.903601064014155,1.903601064014155,205.11965168003474,205.11965168003474,0.07082895868526372,0.07082895868526372,1.0,1.0,0.004875203286239624,0.0048752032851514335,0.0,0.0,1.0,0.5,0.9518005320070775,0.06629037861230491,14.35804941708456,0.49999999999949996,0.0,0.0,0.0003636060282588005,0.00032805185765028,0.005099287256598473,0.0,0.0,0,True,True,True,
42,dp_sgd_lr0p50,dp_sgd,6f5bfa6c60eeb2ad400161beec4006ab7b7da4908d9989b6db2c608560d2f56e,23,1,1.4118597507476807,0.5,,,1.0,0.1274733361297421,1.8950948817644555,1.89933726802671,1.89933726802671,221.01574489796184,221.01574489796184,0.06680072945087578,0.06680072945087578,1.0,1.0,0.004524564530006038,0.004524564530446127,0.0,0.0,1.0,0.5,0.949668634013355,0.06373666806487105,14.899878873992664,0.49999999999949996,0.0,0.0,0.00036606937646865845,0.00032813847064971924,0.005119673907756805,0.0,0.0,0,True,True,True,
42,dp_sgd_lr0p50,dp_sgd,6f5bfa6c60eeb2ad400161beec4006ab7b7da4908d9989b6db2c608560d2f56e,24,1,1.2725753784179688,0.5,,,1.0,0.13157365064584178,1.8981250156754164,1.9027209775559126,1.9027209775559126,208.1190218509761,208.1190218509761,0.06946365950427288,0.06946365950427288,1.0,1.0,0.0048049428209306555,0.004804942822472769,0.0,0.0,1.0,0.5,0.9513604887779563,0.06578682532292089,14.461261568614255,0.49999999999949996,0.0,0.0,0.00036472268402576447,0.00034703314304351807,0.00554285105317831,0.0,0.0,0,True,True,True,
42,dp_sgd_lr0p50,dp_sgd,6f5bfa6c60eeb2ad400161beec4006ab7b7da4908d9989b6db2c608560d2f56e,25,1,1.2233446836471558,0.5,,,1.0,0.11188974869279716,1.9017815316881237,1.905236906339021,1.905236906339021,288.89541838335845,288.89541838335845,0.060217691537362235,0.060217691537362235,1.0,1.0,0.0034614602250038697,0.0034614602250029737,0.0,0.0,1.0,0.5,0.9526184531695105,0.05594487434639858,17.02780575132004,0.49999999999949996,0.0,0.0,0.0006114402785897255,0.0005581136792898178,0.005439496599137783,0.0,0.0,0,True,True,True,
42,dp_sgd_lr0p50,dp_sgd,6f5bfa6c60eeb2ad400161beec4006ab7b7da4908d9989b6db2c608560d2f56e,26,1,1.142531156539917,0.5,,,0.98828125,0.11523543957593406,1.8959612879535974,1.9001339823673722,1.9001339823673722,270.69909605473435,270.69909605473435,0.0664933847803125,0.0664933847803125,1.0,1.0,0.0036941386746345835,0.0036941386753281953,0.0,0.0,1.0,0.5,0.9500669911836861,0.05761771978796703,16.489145954811118,0.49999999999949996,0.0,0.0,0.0006506424397230148,0.0005834205076098442,0.005667038261890411,0.0,0.0,0,True,True,True,
42,dp_sgd_lr0p50,dp_sgd,6f5bfa6c60eeb2ad400161beec4006ab7b7da4908d9989b6db2c608560d2f56e,27,1,1.1931443214416504,0.5,,,0.94140625,0.13097847724398598,1.9003109642461096,1.9048623257455002,1.9048623257455002,210.49872719853212,210.49872719853212,0.06908745090327907,0.06908745090327907,1.0,1.0,0.004750622548887344,0.004750622549423868,0.0,0.0,1.0,0.5,0.9524311628727501,0.06548923862199299,14.543323191703065,0.49999999999949996,0.0,0.0,0.00036599207669496536,0.00035574380308389664,0.005088146775960922,0.0,0.0,0,True,True,True,
42,dp_sgd_lr0p50,dp_sgd,6f5bfa6c60eeb2ad400161beec4006ab7b7da4908d9989b6db2c608560d2f56e,28,1,1.0248585939407349,0.5,,,0.9453125,0.13859075669931228,1.8962425158987866,1.901490469350703,1.901490469350703,187.20576875650278,187.20576875650278,0.07425695715798378,0.07425695715798378,1.0,1.0,0.005341715731251593,0.0053417157330776024,0.0,0.0,1.0,0.5,0.9507452346753515,0.06929537834965614,13.720182461004617,0.49999999999949996,0.0,0.0,0.0006522685289382935,0.0005877157673239708,0.005677239969372749,0.0,0.0,0,True,True,True,
42,dp_sgd_lr0p50,dp_sgd,6f5bfa6c60eeb2ad400161beec4006ab7b7da4908d9989b6db2c608560d2f56e,29,1,1.0719497203826904,0.5,,,0.92578125,0.11218048652916858,1.8999011478523968,1.9029723795886664,1.9029723795886664,286.831848522914,286.831848522914,0.05683057033581383,0.05683057033581383,1.0,1.0,0.003486363195265512,0.0034863631949714484,0.0,0.0,1.0,0.5,0.9514861897943332,0.05609024326458429,16.963488378702465,0.49999999999949996,0.0,0.0,0.0003636712208390236,0.00035129860043525696,0.0051092179492115974,0.0,0.0,0,True,True,True,
42,dp_sgd_lr0p50,dp_sgd,6f5bfa6c60eeb2ad400161beec4006ab7b7da4908d9989b6db2c608560d2f56e,30,1,1.0409553050994873,0.5,,,0.9140625,0.11428596149074305,1.8953658784279048,1.898937251326443,1.898937251326443,275.04283955926775,275.04283955926775,0.061312144282974525,0.061312144282974525,1.0,1.0,0.0036357972508049017,0.0036357972502175794,0.0,0.0,1.0,0.5,0.9494686256632215,0.057142980745371524,16.615665008401074,0.49999999999949996,0.0,0.0,0.0006456421688199043,0.0005814135074615479,0.005655902437865734,0.0,0.0,0,True,True,True,
42,dp_sgd_lr0p50,dp_sgd,6f5bfa6c60eeb2ad400161beec4006ab7b7da4908d9989b6db2c608560d2f56e,31,1,1.0381417274475098,0.5,,,0.96484375,0.11343881479603278,1.899308939810647,1.9029833254799797,1.9029833254799797,280.32889430865555,280.32889430865555,0.06216515203688733,0.06216515203688733,1.0,1.0,0.003567238412537542,0.003567238412590882,0.0,0.0,1.0,0.5,0.9514916627399899,0.05671940739801639,16.775416147180874,0.49999999999949996,0.0,0.0,0.00036712829023599625,0.00032799411565065384,0.005101192742586136,0.0,0.0,0,True,True,True,
42,dp_sgd_lr0p50,dp_sgd,6f5bfa6c60eeb2ad400161beec4006ab7b7da4908d9989b6db2c608560d2f56e,32,1,0.9927669763565063,0.5,,,0.93359375,0.13361799789522674,1.8944906046565437,1.8988517799676121,1.8988517799676121,201.02727767194344,201.02727767194344,0.06778554252813991,0.06778554252813991,1.0,1.0,0.004974449296257255,0.004974449295798036,0.0,0.0,1.0,0.5,0.9494258899838061,0.06680899894761337,14.211047986425658,0.49999999999949996,0.0,0.0,0.0005156043916940689,0.0005847541615366936,0.00556420162320137,0.0,0.0,0,True,True,True,
42,dp_sgd_lr0p50,dp_sgd,6f5bfa6c60eeb2ad400161beec4006ab7b7da4908d9989b6db2c608560d2f56e,33,1,0.97987300157547,0.5,,,0.91796875,0.11664033826383287,1.9010329312393544,1.9046502351959838,1.9046502351959838,265.63282396827907,265.63282396827907,0.06160289569200232,0.06160289569200232,1.0,1.0,0.0037645949961576932,0.0037645949963218905,0.0,0.0,1.0,0.5,0.9523251175979919,0.058320169131916434,16.32925850107816,0.49999999999949996,0.0,0.0,0.000646490603685379,0.0005847616121172905,0.00566795002669096,0.0,0.0,0,True,True,True,
42,dp_sgd_lr0p50,dp_sgd,6f5bfa6c60eeb2ad400161beec4006ab7b7da4908d9989b6db2c608560d2f56e,34,1,0.902695894241333,0.5,,,0.8984375,0.08603601298060042,1.9023218695818285,1.904332189151334,1.904332189151334,488.8858286072495,488.8858286072495,0.045943240678941205,0.045943240678941205,1.0,1.0,0.0020454673491220932,0.0020454673494358262,0.0,0.0,1.0,0.5,0.952166094575667,0.04301800649030021,22.13412875764546,0.49999999999949996,0.0,0.0,0.0003654332831501961,0.0003594588488340378,0.00512684416025877,0.0,0.0,0,True,True,True,
42,dp_sgd_lr0p50,dp_sgd,6f5bfa6c60eeb2ad400161beec4006ab7b7da4908d9989b6db2c608560d2f56e,35,1,0.9086583852767944,0.5,,,0.875,0.08738862156383038,1.8958824709854505,1.8980107713403318,1.8980107713403318,470.6662356579372,470.6662356579372,0.047361886504697095,0.047361886504697095,1.0,1.0,0.0021246478376994505,0.0021246478377084195,0.0,0.0,1.0,0.5,0.9490053856701659,0.04369431078191519,21.719197961150453,0.49999999999949996,0.0,0.0,0.000614432618021965,0.0005528507754206657,0.005357003770768642,0.0,0.0,0,True,True,True,
42,dp_sgd_lr0p50,dp_sgd,6f5bfa6c60eeb2ad400161beec4006ab7b7da4908d9989b6db2c608560d2f56e,36,1,0.835626482963562,0.5,,,0.8828125,0.10605550804259736,1.9029488292015921,1.9055734316628392,1.9055734316628392,321.9495058246756,321.9495058246756,0.052558113441297676,0.052558113441297676,1.0,1.0,0.0031060771388647145,0.0031060771385699347,0.0,0.0,1.0,0.5,0.9527867158314196,0.05302775402129868,17.96769886634768,0.49999999999949996,0.0,0.0,0.0006162077188491821,0.0005569262430071831,0.005402550101280212,0.0,0.0,0,True,True,True,
42,dp_sgd_lr0p50,dp_sgd,6f5bfa6c60eeb2ad400161beec4006ab7b7da4908d9989b6db2c608560d2f56e,37,1,0.926935613155365,0.5,,,0.87890625,0.11265231714721646,1.8959673156635963,1.899449836737395,1.899449836737395,283.25751075314247,283.25751075314247,0.06053948150296693,0.06053948150296693,1.0,1.0,0.003530356519980923,0.003530356519006411,0.0,0.0,1.0,0.5,0.9497249183686975,0.05632615857360823,16.861169701653193,0.49999999999949996,0.0,0.0,0.00036480557173490524,0.00032836198806762695,0.005141387693583965,0.0,0.0,0,True,True,True,
42,dp_sgd_lr0p50,dp_sgd,6f5bfa6c60eeb2ad400161beec4006ab7b7da4908d9989b6db2c608560d2f56e,38,1,0.9050621390342712,0.5,,,0.859375,0.08394203933310287,1.898807621075123,1.9007053963662373,1.9007053963662373,511.6852525894033,511.6852525894033,0.04467868837582818,0.04467868837582818,1.0,1.0,0.0019543264043614004,0.001954326404826202,0.0,0.0,1.0,0.5,0.9503526981831186,0.04197101966655144,22.64306909173936,0.49999999999949996,0.0,0.0,0.0006491774693131447,0.00057933758944273,0.005643435753881931,0.0,0.0,0,True,True,True,
42,dp_sgd_lr0p50,dp_sgd,6f5bfa6c60eeb2ad400161beec4006ab7b7da4908d9989b6db2c608560d2f56e,39,1,0.7856098413467407,0.5,,,0.859375,0.1057062393251002,1.9073994483677266,1.9101000588362544,1.9101000588362544,325.5982489771948,325.5982489771948,0.05320053986634324,0.05320053986634324,1.0,1.0,0.003071269587755894,0.003071269588109728,0.0,0.0,1.0,0.5,0.9550500294181272,0.0528531196625501,18.06988945019215,0.49999999999949996,0.0,0.0,0.0003651045262813568,0.0003327140584588051,0.005124212242662907,0.0,0.0,0,True,True,True,
42,dp_sgd_lr0p50,dp_sgd,6f5bfa6c60eeb2ad400161beec4006ab7b7da4908d9989b6db2c608560d2f56e,40,1,0.7292206883430481,0.5,,,0.828125,0.11659638082251342,1.9017360902582912,1.9052215783196507,1.9052215783196507,266.0298421212004,266.0298421212004,0.06046544259167298,0.06046544259167298,1.0,1.0,0.0037589767822760875,0.0037589767814169735,0.0,0.0,1.0,0.5,0.9526107891598253,0.05829819041125671,16.340314895255254,0.49999999999949996,0.0,0.0,0.000650160014629364,0.0005812635645270348,0.005656452849507332,0.0,0.0,0,True,True,True,
42,dp_sgd_lr0p50,dp_sgd,6f5bfa6c60eeb2ad400161beec4006ab7b7da4908d9989b6db2c608560d2f56e,41,1,0.737503170967102,0.5,,,0.8359375,0.1161584343577086,1.894693765102792,1.8979383778710615,1.8979383778710615,266.05814110042553,266.05814110042553,0.058509986191697255,0.058509986191697255,1.0,1.0,0.003758576962875759,0.003758576962499625,0.0,0.0,1.0,0.5,0.9489691889355307,0.0580792171788543,16.33922141196999,0.49999999999949996,0.0,0.0,0.0006612185388803482,0.0005817925557494164,0.0056190453469753265,0.0,0.0,0,True,True,True,
42,dp_sgd_lr0p50,dp_sgd,6f5bfa6c60eeb2ad400161beec4006ab7b7da4908d9989b6db2c608560d2f56e,42,1,0.7365867495536804,0.5,,,0.7890625,0.09059847209920713,1.9035523863260269,1.9054435476848304,1.9054435476848304,441.4565035806304,441.4565035806304,0.04463733013822431,0.04463733013822431,1.0,1.0,0.0022652288317579323,0.0022652288315498266,0.0,0.0,1.0,0.5,0.9527217738424152,0.045299236049603564,21.03174042004007,0.49999999999949996,0.0,0.0,0.000589241273701191,0.0005274489521980286,0.005212933756411076,0.0,0.0,0,True,True,True,
42,dp_sgd_lr0p50,dp_sgd,6f5bfa6c60eeb2ad400161beec4006ab7b7da4908d9989b6db2c608560d2f56e,43,1,0.689683198928833,0.5,,,0.83984375,0.0803411173125042,1.8965784244884045,1.898648397110085,1.898648397110085,557.270273291492,557.270273291492,0.04690820276672655,0.04690820276672655,1.0,1.0,0.0017944614090723708,0.0017944614092550398,0.0,0.0,1.0,0.5,0.9493241985550425,0.0401705586562521,23.632337470209873,0.49999999999949996,0.0,0.0,0.0006494997069239616,0.0005877632647752762,0.005660859867930412,0.0,0.0,0,True,True,True,
42,dp_sgd_lr0p50,dp_sgd,6f5bfa6c60eeb2ad400161beec4006ab7b7da4908d9989b6db2c608560d2f56e,44,1,0.5758751630783081,0.5,,,0.76953125,0.11301487157476692,1.8999354064208829,1.9031660374607058,1.9031660374607058,282.6223352593312,282.6223352593312,0.05825291083653202,0.05825291083653202,1.0,1.0,0.0035382907688588723,0.0035382907683222963,0.0,0.0,1.0,0.5,0.9515830187303529,0.05650743578738346,16.839961068025936,0.49999999999949996,0.0,0.0,0.0003625396639108658,0.00038268230855464935,0.005129785276949406,0.0,0.0,0,True,True,True,
42,dp_sgd_lr0p50,dp_sgd,6f5bfa6c60eeb2ad400161beec4006ab7b7da4908d9989b6db2c608560d2f56e,45,1,0.8194730877876282,0.5,,,0.76953125,0.09521545707750911,1.8996920862670403,1.9019177719169695,1.9019177719169695,398.0627270260938,398.0627270260938,0.04839301206095489,0.04839301206095489,1.0,1.0,0.002512166882240819,0.002512166882734845,0.0,0.0,1.0,0.5,0.9509588859584848,0.04760772853875456,19.974884648495507,0.49999999999949996,0.0,0.0,0.0006438428536057472,0.0005810651928186417,0.005668416619300842,0.0,0.0,0,True,True,True,
42,dp_sgd_lr0p50,dp_sgd,6f5bfa6c60eeb2ad400161beec4006ab7b7da4908d9989b6db2c608560d2f56e,46,1,0.6902878284454346,0.5,,,0.78515625,0.0888404136509117,1.8990899265855692,1.9012131932194336,1.9012131932194336,456.95129895078384,456.95129895078384,0.047250575395878215,0.047250575395878215,1.0,1.0,0.0021884170198643586,0.0021884170197500347,0.0,0.0,1.0,0.5,0.9506065966097168,0.04442020682545585,21.400319010751502,0.49999999999949996,0.0,0.0,0.0006107604131102562,0.0005700159817934036,0.005409347824752331,0.0,0.0,0,True,True,True,
42,dp_sgd_lr0p50,dp_sgd,6f5bfa6c60eeb2ad400161beec4006ab7b7da4908d9989b6db2c608560d2f56e,47,1,0.8967241048812866,0.5,,,0.7890625,0.09001493395382718,1.8951746277897303,1.8974829223350904,1.8974829223350904,443.2710133978505,443.2710133978505,0.049347428062070306,0.049347428062070306,1.0,1.0,0.0022559562201257054,0.002255956219403424,0.0,0.0,1.0,0.5,0.9487414611675452,0.04500746697691359,21.079645775958,0.49999999999949996,0.0,0.0,0.00039579998701810837,0.0003815600648522377,0.005131191574037075,0.0,0.0,0,True,True,True,
42,dp_sgd_lr0p50,dp_sgd,6f5bfa6c60eeb2ad400161beec4006ab7b7da4908d9989b6db2c608560d2f56e,48,1,0.6305900812149048,0.5,,,0.80078125,0.13807638380817752,1.9035180190167893,1.9088127356513822,1.9088127356513822,190.05319530079393,190.05319530079393,0.07446123644492067,0.07446123644492067,1.0,1.0,0.005261684752864004,0.005261684752397374,0.0,0.0,1.0,0.5,0.9544063678256911,0.06903819190408876,13.82432450052827,0.49999999999949996,0.0,0.0,0.0006492137908935547,0.0005866866558790207,0.005671782419085503,0.0,0.0,0,True,True,True,
42,dp_sgd_lr0p50,dp_sgd,6f5bfa6c60eeb2ad400161beec4006ab7b7da4908d9989b6db2c608560d2f56e,49,1,0.8472898006439209,0.5,,,0.734375,0.09326369443723008,1.9015851529318337,1.9035787467173595,1.9035787467173595,415.7251757039978,415.7251757039978,0.04586162553785256,0.04586162553785256,1.0,1.0,0.0024054352690845216,0.0024054352692295185,0.0,0.0,1.0,0.5,0.9517893733586797,0.04663184721861504,20.41071563981113,0.49999999999949996,0.0,0.0,0.00039626192301511765,0.0003389008343219757,0.005304809659719467,0.0,0.0,0,True,True,True,
42,dp_sgd_lr0p50,dp_sgd,6f5bfa6c60eeb2ad400161beec4006ab7b7da4908d9989b6db2c608560d2f56e,50,1,0.7072063684463501,0.5,,,0.74609375,0.06172118397256622,1.898905836126648,1.8997499258587565,1.8997499258587565,946.5386706536641,946.5386706536641,0.029917367977087116,0.029917367977087116,1.0,1.0,0.001056480871559783,0.001056480871600897,0.0,0.0,1.0,0.5,0.9498749629293782,0.03086059198628311,30.77954445335327,0.49999999999949996,0.09109618328511715,0.0,0.0005937386304140091,0.0005399221554398537,0.005288708955049515,0.0,0.0,0,True,True,True,
42,dp_sgd_lr0p50,dp_sgd,6f5bfa6c60eeb2ad400161beec4006ab7b7da4908d9989b6db2c608560d2f56e,51,1,0.6935529112815857,0.5,,,0.7421875,0.06898510384675538,1.8989874007953398,1.9006053360575896,1.9006053360575896,757.763219901276,757.763219901276,0.041591610490359275,0.041591610490359275,1.0,1.0,0.001319673446172111,0.0013196734462506516,0.0,0.0,1.0,0.5,0.9503026680287948,0.03449255192337769,27.550952742269157,0.49999999999949996,0.0,0.0,0.000619146041572094,0.0005524903535842896,0.005454163998365402,0.0,0.0,0,True,True,True,
42,dp_sgd_lr0p50,dp_sgd,6f5bfa6c60eeb2ad400161beec4006ab7b7da4908d9989b6db2c608560d2f56e,52,1,0.6274523735046387,0.5,,,0.73046875,0.10109887325712334,1.8959097970457768,1.8985810489024968,1.8985810489024968,351.6759834857487,351.6759834857487,0.053028435263042,0.053028435263042,1.0,1.0,0.0028435265609839623,0.002843526560832013,0.0,0.0,1.0,0.5,0.9492905244512484,0.05054943662856167,18.77944815503832,0.49999999999949996,0.0,0.0,0.0006452323868870735,0.0005782851949334145,0.005660969763994217,0.0,0.0,0,True,True,True,
42,dp_sgd_lr0p50,dp_sgd,6f5bfa6c60eeb2ad400161beec4006ab7b7da4908d9989b6db2c608560d2f56e,53,1,0.8150191903114319,0.5,,,0.7421875,0.11145351240729287,1.8981874924495818,1.9012814257685409,1.9012814257685409,290.06190542562007,290.06190542562007,0.05704737207014165,0.05704737207014165,1.0,1.0,0.0034475399258371317,0.003447539925171565,0.0,0.0,1.0,0.5,0.9506407128842704,0.055726756203646435,17.058963729975854,0.49999999999949996,0.0,0.0,0.0005889544263482094,0.0005266172811388969,0.005212618038058281,0.0,0.0,0,True,True,True,
42,dp_sgd_lr0p50,dp_sgd,6f5bfa6c60eeb2ad400161beec4006ab7b7da4908d9989b6db2c608560d2f56e,54,1,0.7728683352470398,0.5,,,0.796875,0.09879609934600876,1.8979723870115894,1.9001298242427802,1.9001298242427802,369.0627241539474,369.0627241539474,0.047822071335673406,0.047822071335673406,1.0,1.0,0.0027095665166123354,0.002709566515944687,0.0,0.0,1.0,0.5,0.9500649121213901,0.04939804967300438,19.23284255939683,0.49999999999949996,0.0,0.0,0.0005829622969031334,0.0005272161215543747,0.005214584060013294,0.0,0.0,0,True,True,True,
42,dp_sgd_lr0p50,dp_sgd,6f5bfa6c60eeb2ad400161beec4006ab7b7da4908d9989b6db2c608560d2f56e,55,1,0.633445143699646,0.5,,,0.75,0.0780584291555851,1.8971199089818414,1.8986334789562613,1.8986334789562613,590.6768479617971,590.6768479617971,0.03993896591896129,0.03993896591896129,1.0,1.0,0.0016929730753562208,0.001692973075564944,0.0,0.0,1.0,0.5,0.9493167394781307,0.03902921457779255,24.32323452376017,0.49999999999949996,0.0,0.0,0.00037094205617904663,0.00032841507345438004,0.005118840374052525,0.0,0.0,0,True,True,True,
42,dp_sgd_lr0p50,dp_sgd,6f5bfa6c60eeb2ad400161beec4006ab7b7da4908d9989b6db2c608560d2f56e,56,1,0.7057639956474304,0.5,,,0.69140625,0.06396662208475042,1.8973174476103658,1.8982295458535723,1.8982295458535723,879.7781387888033,879.7781387888033,0.031104567639103034,0.031104567639103034,1.0,1.0,0.0011366502026659057,0.0011366502025638762,0.0,0.0,1.0,0.5,0.9491147729267861,0.03198331104237521,29.675313216934086,0.49999999999949996,0.0,0.0,0.0006500361487269402,0.0005829110741615295,0.00555825512856245,0.0,0.0,0,True,True,True,
42,dp_sgd_lr0p50,dp_sgd,6f5bfa6c60eeb2ad400161beec4006ab7b7da4908d9989b6db2c608560d2f56e,57,1,0.6463232040405273,0.5,,,0.7265625,0.047837416537364584,1.902360212766911,1.9029411006039338,1.9029411006039338,1581.4303644716429,1581.4303644716429,0.024710443813403277,0.024710443813403277,1.0,1.0,0.0006323389394997745,0.0006323389396282872,0.0,0.0,1.0,0.5,0.9514705503019669,0.023918708268682292,39.77934508729243,0.49999999999949996,0.0,0.0,0.00037178490310907364,0.0003288630396127701,0.005157788284122944,0.0,0.0,0,True,True,True,
42,dp_sgd_lr0p50,dp_sgd,6f5bfa6c60eeb2ad400161beec4006ab7b7da4908d9989b6db2c608560d2f56e,58,1,0.7624819278717041,0.5,,,0.67578125,0.09423828645014443,1.8956015976661647,1.8978933987307511,1.8978933987307511,404.61256997650037,404.61256997650037,0.04913160654308844,0.04913160654308844,1.0,1.0,0.0024715000820295803,0.0024715000820079392,0.0,0.0,1.0,0.5,0.9489466993653756,0.04711914322507221,20.139302932832177,0.49999999999949996,0.0,0.0,0.0006498722359538078,0.000585438683629036,0.0056876689195632935,0.0,0.0,0,True,True,True,
42,dp_sgd_lr0p50,dp_sgd,6f5bfa6c60eeb2ad400161beec4006ab7b7da4908d9989b6db2c608560d2f56e,59,1,0.7598517537117004,0.5,,,0.640625,0.12834300766085643,1.8981022896303976,1.9023597798544936,1.9023597798544936,218.7231747124434,218.7231747124434,0.06686820760246467,0.06686820760246467,1.0,1.0,0.004571989233668168,0.004571989233563103,0.0,0.0,1.0,0.5,0.9511798899272468,0.06417150383042822,14.822465317719468,0.49999999999949996,0.0,0.0,0.0006319181993603706,0.0005533378571271896,0.005480220541357994,0.0,0.0,0,True,True,True,
42,dp_sgd_lr0p50,dp_sgd,6f5bfa6c60eeb2ad400161beec4006ab7b7da4908d9989b6db2c608560d2f56e,60,1,0.6414841413497925,0.5,,,0.7265625,0.11558919929126095,1.9007669308346935,1.9045702555253328,1.9045702555253328,270.4102966277462,270.4102966277462,0.06321617133250398,0.06321617133250398,1.0,1.0,0.003698084031546711,0.0036980840313328885,0.0,0.0,1.0,0.5,0.9522851277626664,0.057794599645630475,16.477060721679145,0.49999999999949996,0.0,0.0,0.00037259794771671295,0.0003256816416978836,0.0036325985565781593,0.0,0.0,0,True,True,True,
42,dp_sgd_lr0p50,dp_sgd,6f5bfa6c60eeb2ad400161beec4006ab7b7da4908d9989b6db2c608560d2f56e,61,1,0.580457866191864,0.5,,,0.70703125,0.10664426211864561,1.8992560846760669,1.9020893135132708,1.9020893135132708,317.1699732098252,317.1699732098252,0.054580767093494055,0.054580767093494055,1.0,1.0,0.003152883577822926,0.0031528835773113506,0.0,0.0,1.0,0.5,0.9510446567566354,0.053322131059322805,17.83583359938724,0.49999999999949996,0.0,0.0,0.0003754347562789917,0.0003271447494626045,0.0037909382954239845,0.0,0.0,0,True,True,True,
42,dp_sgd_lr0p50,dp_sgd,6f5bfa6c60eeb2ad400161beec4006ab7b7da4908d9989b6db2c608560d2f56e,62,1,0.7077398300170898,0.5,,,0.66796875,0.14291124221052315,1.9011891077197292,1.9069091855825118,1.9069091855825118,176.97741466150015,176.97741466150015,0.07743731444475141,0.07743731444475141,1.0,1.0,0.005650438514221903,0.005650438513859855,0.0,0.0,1.0,0.5,0.9534545927912559,0.07145562110526157,13.343311247317752,0.49999999999949996,0.0,0.0,0.00036351941525936127,0.0003269072622060776,0.004965454339981079,0.0,0.0,0,True,True,True,
42,dp_sgd_lr0p50,dp_sgd,6f5bfa6c60eeb2ad400161beec4006ab7b7da4908d9989b6db2c608560d2f56e,63,1,0.8233151435852051,0.5,,,0.65234375,0.11864639408973723,1.8968224173366084,1.9006066232743248,1.9006066232743248,255.5902365884893,255.5902365884893,0.06307584236963751,0.06307584236963751,1.0,1.0,0.003912512517208256,0.003912512517645715,0.0,0.0,1.0,0.5,0.9503033116371624,0.05932319704486862,16.01908459017118,0.49999999999949996,0.0,0.0,0.0003633759915828705,0.00035727769136428833,0.005551530979573727,0.0,0.0,0,True,True,True,
42,dp_sgd_lr0p50,dp_sgd,6f5bfa6c60eeb2ad400161beec4006ab7b7da4908d9989b6db2c608560d2f56e,64,1,0.5361288189888,0.5,,,0.71484375,0.0932929429536676,1.9028578212944838,1.9051941007725284,1.9051941007725284,416.0208459651553,416.0208459651553,0.04951089075362586,0.04951089075362586,1.0,1.0,0.002403725701688962,0.002403725701307751,0.0,0.0,1.0,0.5,0.9525970503862642,0.0466464714768338,20.421631480506175,0.49999999999949996,0.0,0.0,0.0006487257778644562,0.0005846396088600159,0.005692077800631523,0.0,0.0,0,True,True,True,
42,dp_sgd_lr0p50,dp_sgd,6f5bfa6c60eeb2ad400161beec4006ab7b7da4908d9989b6db2c608560d2f56e,65,1,0.7014706134796143,0.5,,,0.6953125,0.10567153285079463,1.8947081944156465,1.8975804335544617,1.8975804335544617,321.4908761494098,321.4908761494098,0.055004007163266096,0.055004007163266096,1.0,1.0,0.003110508179539836,0.003110508179433078,0.0,0.0,1.0,0.5,0.9487902167772309,0.052835766425397314,17.95734747406267,0.49999999999949996,0.0,0.0,0.000363839790225029,0.00032774172723293304,0.005097527988255024,0.0,0.0,0,True,True,True,
42,dp_sgd_lr0p50,dp_sgd,6f5bfa6c60eeb2ad400161beec4006ab7b7da4908d9989b6db2c608560d2f56e,66,1,0.6443934440612793,0.5,,,0.6328125,0.10309844513802834,1.9000712945330884,1.9029352502625863,1.9029352502625863,339.65308418515815,339.65308418515815,0.0548472614963463,0.0548472614963463,1.0,1.0,0.002944180537340577,0.002944180536835764,0.0,0.0,1.0,0.5,0.9514676251312931,0.05154922256901417,18.457458283468963,0.49999999999949996,0.0,0.0,0.00038573797792196274,0.0005024736747145653,0.00530153326690197,0.0,0.0,0,True,True,True,
42,dp_sgd_lr0p50,dp_sgd,6f5bfa6c60eeb2ad400161beec4006ab7b7da4908d9989b6db2c608560d2f56e,67,1,0.7900676727294922,0.5,,,0.61328125,0.09236464496134589,1.896671894524978,1.8987972442235723,1.8987972442235723,421.670177769438,421.670177769438,0.04731942864017037,0.04731942864017037,1.0,1.0,0.0023715217546859298,0.0023715217544088077,0.0,0.0,1.0,0.5,0.9493986221117862,0.046182322480672944,20.557619692871594,0.49999999999949996,0.0,0.0,0.0006122179329395294,0.000553768128156662,0.005455136299133301,0.0,0.0,0,True,True,True,
42,dp_sgd_lr0p50,dp_sgd,6f5bfa6c60eeb2ad400161beec4006ab7b7da4908d9989b6db2c608560d2f56e,68,1,0.674868106842041,0.5,,,0.65234375,0.09111264535342002,1.9018543225452773,1.9040306647194418,1.9040306647194418,435.7096550475112,435.7096550475112,0.04779888366192448,0.04779888366192448,1.0,1.0,0.002295106358775135,0.002295106358717977,0.0,0.0,1.0,0.5,0.9520153323597209,0.04555632267671001,20.89754564025702,0.49999999999949996,0.0,0.0,0.00036496110260486603,0.000326019711792469,0.005131261423230171,0.0,0.0,0,True,True,True,
42,dp_sgd_lr0p50,dp_sgd,6f5bfa6c60eeb2ad400161beec4006ab7b7da4908d9989b6db2c608560d2f56e,69,1,0.5862522721290588,0.5,,,0.61328125,0.05750747346079387,1.8933378593861907,1.8941935072788492,1.8941935072788492,1083.9460394445796,1083.9460394445796,0.030055474771688857,0.030055474771688857,1.0,1.0,0.0009225551487874325,0.0009225551489645586,0.0,0.0,1.0,0.5,0.9470967536394246,0.028753736730396936,32.93821469142359,0.49999999999949996,0.0,0.0,0.0006466824561357498,0.0005820514634251595,0.005694066174328327,0.0,0.0,0,True,True,True,
42,dp_sgd_lr0p50,dp_sgd,6f5bfa6c60eeb2ad400161beec4006ab7b7da4908d9989b6db2c608560d2f56e,70,1,0.4962150454521179,0.5,,,0.66015625,0.06056865963225028,1.895804071971959,1.8969239773564353,1.8969239773564353,979.6951937660502,979.6951937660502,0.03444935879958845,0.03444935879958845,1.0,1.0,0.001020725635983812,0.0010207256356114071,0.0,0.0,1.0,0.5,0.9484619886782176,0.03028432981612514,31.318572819857575,0.49999999999949996,0.0,0.0,0.0006659924983978271,0.0005837064236402512,0.005753553472459316,0.0,0.0,0,True,True,True,
42,dp_sgd_lr0p50,dp_sgd,6f5bfa6c60eeb2ad400161beec4006ab7b7da4908d9989b6db2c608560d2f56e,71,1,0.5311175584793091,0.5,,,0.640625,0.07797341863296299,1.900005684000963,1.9015539098110474,1.9015539098110474,593.7678093484446,593.7678093484446,0.040350284981039895,0.040350284981039895,1.0,1.0,0.0016841600101773265,0.0016841600103007235,0.0,0.0,1.0,0.5,0.9507769549055237,0.038986709316481495,24.387207116226115,0.49999999999949996,0.0,0.0,0.0005872743204236031,0.0005263546481728554,0.005211927928030491,0.0,0.0,0,True,True,True,
42,dp_sgd_lr0p50,dp_sgd,6f5bfa6c60eeb2ad400161beec4006ab7b7da4908d9989b6db2c608560d2f56e,72,1,0.5384560227394104,0.5,,,0.59375,0.06857152487208207,1.8938830566316454,1.8952127096525602,1.8952127096525602,762.8140837330533,762.8140837330533,0.037474663841940016,0.037474663841940016,1.0,1.0,0.0013109354180946113,0.0013109354184134658,0.0,0.0,1.0,0.5,0.9476063548262801,0.034285762436041034,27.638479866573487,0.49999999999949996,0.0,0.0,0.0006507383659482002,0.000586346723139286,0.005689486861228943,0.0,0.0,0,True,True,True,
42,dp_sgd_lr0p50,dp_sgd,6f5bfa6c60eeb2ad400161beec4006ab7b7da4908d9989b6db2c608560d2f56e,73,1,0.5190068483352661,0.5,,,0.58984375,0.06980571698272332,1.8994837208481183,1.9006259913844643,1.9006259913844643,740.4387984174856,740.4387984174856,0.03472252510029444,0.03472252510029444,1.0,1.0,0.0013505505140084086,0.0013505505138282372,0.0,0.0,1.0,0.5,0.9503129956922322,0.03490285849136166,27.227368666672504,0.49999999999949996,0.0,0.0,0.0003685448318719864,0.00032762158662080765,0.005123305134475231,0.0,0.0,0,True,True,True,
42,dp_sgd_lr0p50,dp_sgd,6f5bfa6c60eeb2ad400161beec4006ab7b7da4908d9989b6db2c608560d2f56e,74,1,0.4503723978996277,0.5,,,0.64453125,0.07109352339795669,1.9023578991064998,1.903426710935182,1.903426710935182,716.0187171873906,716.0187171873906,0.03370480444915193,0.03370480444915193,1.0,1.0,0.0013966115351425373,0.0013966115350685666,0.0,0.0,1.0,0.5,0.951713355467591,0.035546761698978344,26.773559951824552,0.49999999999949996,0.0,0.0,0.0005380827933549881,0.0005858605727553368,0.005594381131231785,0.0,0.0,0,True,True,True,
42,dp_sgd_lr0p50,dp_sgd,6f5bfa6c60eeb2ad400161beec4006ab7b7da4908d9989b6db2c608560d2f56e,75,1,0.5720635652542114,0.5,,,0.5625,0.07116779538161748,1.898796153076099,1.900163635640521,1.900163635640521,711.8519206196173,711.8519206196173,0.03793474715421432,0.03793474715421432,1.0,1.0,0.0014047865445552968,0.0014047865443030088,0.0,0.0,1.0,0.5,0.9500818178202605,0.03558389769080874,26.699768138074578,0.49999999999949996,0.0,0.0,0.00036605168133974075,0.00032941997051239014,0.005131405778229237,0.0,0.0,0,True,True,True,
42,dp_sgd_lr0p50,dp_sgd,6f5bfa6c60eeb2ad400161beec4006ab7b7da4908d9989b6db2c608560d2f56e,76,1,0.7520444989204407,0.5,,,0.57421875,0.055452452388253776,1.9034475513604072,1.9041843596203736,1.9041843596203736,1178.2577735298955,1178.2577735298955,0.027845320864372174,0.027845320864372174,1.0,1.0,0.0008487107169076065,0.0008487107166597364,0.0,0.0,1.0,0.5,0.9520921798101868,0.027726226194126888,34.33904683276099,0.49999999999949996,0.0,0.0,0.00047530699521303177,0.0005871718749403954,0.005580959841609001,0.0,0.0,0,True,True,True,
42,dp_sgd_lr0p50,dp_sgd,6f5bfa6c60eeb2ad400161beec4006ab7b7da4908d9989b6db2c608560d2f56e,77,1,0.6285820603370667,0.5,,,0.6171875,0.07307354761029838,1.8994639206796995,1.90085974274852,1.90085974274852,675.681009704679,675.681009704679,0.03831577554077148,0.03831577554077148,1.0,1.0,0.0014799883161575305,0.0014799883160677753,0.0,0.0,1.0,0.5,0.95042987137426,0.03653677380514919,26.012966454479386,0.49999999999949996,0.0,0.0,0.000619271770119667,0.0005558338016271591,0.005435032770037651,0.0,0.0,0,True,True,True,
42,dp_sgd_lr0p50,dp_sgd,6f5bfa6c60eeb2ad400161beec4006ab7b7da4908d9989b6db2c608560d2f56e,78,1,0.553588330745697,0.5,,,0.62109375,0.07722692449643807,1.892971699784333,1.8944232228365396,1.8944232228365396,600.8288291489228,600.8288291489228,0.039171057293502703,0.039171057293502703,1.0,1.0,0.001664367539168441,0.0016643675391127114,0.0,0.0,1.0,0.5,0.9472116114182698,0.03861346224821904,24.53060555162798,0.49999999999949996,0.0,0.0,0.0005982089787721634,0.0005315355956554413,0.005231741815805435,0.0,0.0,0,True,True,True,
42,dp_sgd_lr0p50,dp_sgd,6f5bfa6c60eeb2ad400161beec4006ab7b7da4908d9989b6db2c608560d2f56e,79,1,0.6069541573524475,0.5,,,0.62109375,0.06886762209187208,1.9014579648463126,1.9029211929313496,1.9029211929313496,762.330476961625,762.330476961625,0.039334035633248235,0.039334035633248235,1.0,1.0,0.001311767048556835,0.0013117670483772143,0.0,0.0,1.0,0.5,0.9514605964656748,0.03443381104593604,27.63157976236664,0.49999999999949996,0.0,0.0,0.0005881739780306816,0.0005264095962047577,0.005240536294877529,0.0,0.0,0,True,True,True,
42,dp_sgd_lr0p50,dp_sgd,6f5bfa6c60eeb2ad400161beec4006ab7b7da4908d9989b6db2c608560d2f56e,80,1,0.5935759544372559,0.5,,,0.64453125,0.07234367642471846,1.8938571881591928,1.8952782506845671,1.8952782506845671,685.3198363995713,685.3198363995713,0.03872109162775796,0.03872109162775796,1.0,1.0,0.0014591727054951388,0.0014591727058490414,0.0,0.0,1.0,0.5,0.9476391253422836,0.03617183821235923,26.19825732252377,0.49999999999949996,0.0,0.0,0.0006486671045422554,0.0005974462255835533,0.005723665468394756,0.0,0.0,0,True,True,True,
42,dp_sgd_lr0p50,dp_sgd,6f5bfa6c60eeb2ad400161beec4006ab7b7da4908d9989b6db2c608560d2f56e,81,1,0.6032316088676453,0.5,,,0.578125,0.067378515219748,1.899638125311323,1.901010858557549,1.901010858557549,794.8750793795606,794.8750793795606,0.038087860246475584,0.038087860246475584,1.0,1.0,0.001258059317396139,0.0012580593172330124,0.0,0.0,1.0,0.5,0.9505054292787745,0.033689257609874,28.213902492525587,0.49999999999949996,0.0,0.0,0.0004005599766969681,0.0004948815330862999,0.005135921761393547,0.0,0.0,0,True,True,True,
42,dp_sgd_lr0p50,dp_sgd,6f5bfa6c60eeb2ad400161beec4006ab7b7da4908d9989b6db2c608560d2f56e,82,1,0.7424112558364868,0.5,,,0.60546875,0.073849935995718,1.8983959835797273,1.8999139130295601,1.8999139130295601,660.8050695973728,660.8050695973728,0.03998110531096221,0.03998110531096221,1.0,1.0,0.0015133055810629033,0.0015133055809230004,0.0,0.0,1.0,0.5,0.9499569565147801,0.036924967997859,25.726683271442084,0.49999999999949996,0.0,0.0,0.0006461981683969498,0.0005788514390587807,0.005657890811562538,0.0,0.0,0,True,True,True,
42,dp_sgd_lr0p50,dp_sgd,6f5bfa6c60eeb2ad400161beec4006ab7b7da4908d9989b6db2c608560d2f56e,83,1,0.8751938939094543,0.5,,,0.625,0.12123019994966257,1.8992199810345387,1.9031080636400417,1.9031080636400417,245.43070700354923,245.43070700354923,0.06388971854792204,0.06388971854792204,1.0,1.0,0.00407446978473325,0.004074469784244038,0.0,0.0,1.0,0.5,0.9515540318200209,0.060615099974831284,15.698300129826208,0.49999999999949996,0.0,0.0,0.0003631468862295151,0.0003276970237493515,0.005130245350301266,0.0,0.0,0,True,True,True,
42,dp_sgd_lr0p50,dp_sgd,6f5bfa6c60eeb2ad400161beec4006ab7b7da4908d9989b6db2c608560d2f56e,84,1,0.4455476701259613,0.5,,,0.6875,0.10794290104981895,1.897344126356748,1.9006189526140254,1.9006189526140254,308.9612706511904,308.9612706511904,0.058709143960407516,0.058709143960407516,1.0,1.0,0.0032366516288796364,0.0032366516290941354,0.0,0.0,1.0,0.5,0.9503094763070127,0.053971450524909474,17.607632684446905,0.49999999999949996,0.0,0.0,0.00038324110209941864,0.00032674428075551987,0.005304686725139618,0.0,0.0,0,True,True,True,
42,dp_sgd_lr0p50,dp_sgd,6f5bfa6c60eeb2ad400161beec4006ab7b7da4908d9989b6db2c608560d2f56e,85,1,0.6309938430786133,0.5,,,0.54296875,0.06978966994086137,1.9004846250409644,1.9015260328290007,1.9015260328290007,741.560232786977,741.560232786977,0.03326896813741888,0.03326896813741888,1.0,1.0,0.0013485081259497266,0.001348508126106151,0.0,0.0,1.0,0.5,0.9507630164145003,0.03489483497043069,27.24652565896686,0.49999999999949996,0.0,0.0,0.000615573488175869,0.0005536871030926704,0.005437915213406086,0.0,0.0,0,True,True,True,
42,dp_sgd_lr0p50,dp_sgd,6f5bfa6c60eeb2ad400161beec4006ab7b7da4908d9989b6db2c608560d2f56e,86,1,0.680579423904419,0.5,,,0.58984375,0.08749153701484076,1.9023015746442595,1.9042602203111423,1.9042602203111423,472.7446716097045,472.7446716097045,0.04534775320357425,0.04534775320357425,1.0,1.0,0.002115306760548072,0.002115306760246741,0.0,0.0,1.0,0.5,0.9521301101555711,0.04374576850742038,21.765079060670768,0.49999999999949996,0.0,0.0,0.0006470708176493645,0.0005892282351851463,0.005695009604096413,0.0,0.0,0,True,True,True,
42,dp_sgd_lr0p50,dp_sgd,6f5bfa6c60eeb2ad400161beec4006ab7b7da4908d9989b6db2c608560d2f56e,87,1,0.5163575410842896,0.5,,,0.63671875,0.0683086405240165,1.8989845499126494,1.9001786326871397,1.9001786326871397,772.8435351156427,772.8435351156427,0.03544947451755518,0.03544947451755518,1.0,1.0,0.0012939229667435553,0.0012939229666062192,0.0,0.0,1.0,0.5,0.9500893163435699,0.03415432026200825,27.81754428216771,0.49999999999949996,0.0,0.0,0.00038134027272462845,0.00033710431307554245,0.005125335417687893,0.0,0.0,0,True,True,True,
42,dp_sgd_lr0p50,dp_sgd,6f5bfa6c60eeb2ad400161beec4006ab7b7da4908d9989b6db2c608560d2f56e,88,1,0.4651721119880676,0.5,,,0.6015625,0.08135835263757878,1.8981857472442436,1.8999441467910552,1.8999441467910552,544.3436029968088,544.3436029968088,0.04301373885054971,0.04301373885054971,1.0,1.0,0.0018370749547588763,0.00183707495434518,0.0,0.0,1.0,0.5,0.9499720733955276,0.04067917631878939,23.35278536437303,0.49999999999949996,0.0,0.0,0.0006461283192038536,0.000578584149479866,0.005674880929291248,0.0,0.0,0,True,True,True,
42,dp_sgd_lr0p50,dp_sgd,6f5bfa6c60eeb2ad400161beec4006ab7b7da4908d9989b6db2c608560d2f56e,89,1,0.6451380252838135,0.5,,,0.59375,0.09033878708305863,1.8901305885388489,1.8919983218941263,1.8919983218941263,437.75902692282466,437.75902692282466,0.04453846981149888,0.04453846981149888,1.0,1.0,0.0022843618026715962,0.002284361802869115,0.0,0.0,1.0,0.5,0.9459991609470632,0.04516939354152932,20.94336644250838,0.49999999999949996,0.0,0.0,0.0006160791963338852,0.0005565248429775238,0.005493177101016045,0.0,0.0,0,True,True,True,
42,dp_sgd_lr0p50,dp_sgd,6f5bfa6c60eeb2ad400161beec4006ab7b7da4908d9989b6db2c608560d2f56e,90,1,0.617498517036438,0.5,,,0.6171875,0.10403074364316277,1.902002357329648,1.9049942496481083,1.9049942496481083,334.27099627386855,334.27099627386855,0.05604184891008778,0.05604184891008778,1.0,1.0,0.002991584705386828,0.0029915847053122416,0.0,0.0,1.0,0.5,0.9524971248240541,0.052015371821581384,18.311839201552097,0.49999999999949996,0.0,0.0,0.00039022229611873627,0.0004433998838067055,0.005128288641571999,0.0,0.0,0,True,True,True,
42,dp_sgd_lr0p50,dp_sgd,6f5bfa6c60eeb2ad400161beec4006ab7b7da4908d9989b6db2c608560d2f56e,91,1,0.42995965480804443,0.5,,,0.62109375,0.11862529161053603,1.8969888695515127,1.900472784470273,1.900472784470273,255.7260551916846,255.7260551916846,0.06055157018229472,0.06055157018229472,1.0,1.0,0.003910434543633376,0.003910434543950048,0.0,0.0,1.0,0.5,0.9502363922351365,0.059312645805268016,16.0208060071857,0.49999999999949996,0.0,0.0,0.0006511779502034187,0.0005880286917090416,0.005675741471350193,0.0,0.0,0,True,True,True,
42,dp_sgd_lr0p50,dp_sgd,6f5bfa6c60eeb2ad400161beec4006ab7b7da4908d9989b6db2c608560d2f56e,92,1,0.6150347590446472,0.5,,,0.53515625,0.08641782222293459,1.8918319114970497,1.8936072422868953,1.8936072422868953,479.245957701803,479.245957701803,0.043352249078197375,0.043352249078197375,1.0,1.0,0.002086611235410853,0.0020866112352115624,0.0,0.0,1.0,0.5,0.9468036211434476,0.043208911111467296,21.912230527611268,0.49999999999949996,0.0,0.0,0.0006517916917800903,0.0005904827266931534,0.005746354348957539,0.0,0.0,0,True,True,True,
42,dp_sgd_lr0p50,dp_sgd,6f5bfa6c60eeb2ad400161beec4006ab7b7da4908d9989b6db2c608560d2f56e,93,1,0.5506272912025452,0.5,,,0.6015625,0.08359756907193897,1.8975994170267847,1.899272155265571,1.899272155265571,515.254482745441,515.254482745441,0.0420083919811998,0.0420083919811998,1.0,1.0,0.0019407885488512602,0.0019407885493807813,0.0,0.0,1.0,0.5,0.9496360776327855,0.04179878453596948,22.719227081659934,0.49999999999949996,0.0,0.0,0.0005896370857954025,0.000527355819940567,0.005371465347707272,0.0,0.0,0,True,True,True,
42,dp_sgd_lr0p50,dp_sgd,6f5bfa6c60eeb2ad400161beec4006ab7b7da4908d9989b6db2c608560d2f56e,94,1,0.5099111795425415,0.5,,,0.546875,0.12555185866196245,1.8966509574706083,1.900348190482007,1.900348190482007,228.2067764960361,228.2067764960361,0.06245311851035654,0.06245311851035654,1.0,1.0,0.004381990821178149,0.0043819908212529846,0.0,0.0,1.0,0.5,0.9501740952410035,0.06277592933098122,15.13596222870948,0.49999999999949996,0.0,0.0,0.0003651576116681099,0.0003284420818090439,0.00401777308434248,0.0,0.0,0,True,True,True,
42,dp_sgd_lr0p50,dp_sgd,6f5bfa6c60eeb2ad400161beec4006ab7b7da4908d9989b6db2c608560d2f56e,95,1,0.778759241104126,0.5,,,0.58984375,0.09210379135779875,1.8948760775791655,1.896769465934502,1.896769465934502,423.25939821465175,423.25939821465175,0.04482597727680427,0.04482597727680427,1.0,1.0,0.0023626173549835747,0.002362617355640344,0.0,0.0,1.0,0.5,0.948384732967251,0.04605189567889938,20.5938261382191,0.49999999999949996,0.0,0.0,0.0003649722784757614,0.0003244606778025627,0.005457289516925812,0.0,0.0,0,True,True,True,
42,dp_sgd_lr0p50,dp_sgd,6f5bfa6c60eeb2ad400161beec4006ab7b7da4908d9989b6db2c608560d2f56e,96,1,0.620065450668335,0.5,,,0.62109375,0.06320203369623131,1.902742710817095,1.9037495188199418,1.9037495188199418,906.3543583217479,906.3543583217479,0.032525137883027626,0.032525137883027626,1.0,1.0,0.0011033212237220665,0.0011033212236314428,0.0,0.0,1.0,0.5,0.9518747594099709,0.03160101684811566,30.121649691048116,0.49999999999949996,0.0,0.0,0.0006423508748412132,0.0005810707807540894,0.005659984424710274,0.0,0.0,0,True,True,True,
42,dp_sgd_lr0p50,dp_sgd,6f5bfa6c60eeb2ad400161beec4006ab7b7da4908d9989b6db2c608560d2f56e,97,1,0.6741634607315063,0.5,,,0.5859375,0.10055250715015925,1.8965473950998037,1.899442959180195,1.899442959180195,355.747284098859,355.747284098859,0.05524353498984002,0.05524353498984002,1.0,1.0,0.002810984214352925,0.002810984213583813,0.0,0.0,1.0,0.5,0.9497214795900975,0.05027625357507962,18.89006065563236,0.49999999999949996,0.0,0.0,0.00036663562059402466,0.0003294944763183594,0.00512306485325098,0.0,0.0,0,True,True,True,
42,dp_sgd_lr0p50,dp_sgd,6f5bfa6c60eeb2ad400161beec4006ab7b7da4908d9989b6db2c608560d2f56e,98,1,0.7475640773773193,0.5,,,0.55859375,0.09702141197022941,1.89347557066361,1.8963314434772778,1.8963314434772778,380.8765469385136,380.8765469385136,0.05499466868424273,0.05499466868424273,1.0,1.0,0.0026255226475126615,0.0026255226473109673,0.0,0.0,1.0,0.5,0.9481657217386389,0.048510705985114706,19.545494184521534,0.49999999999949996,0.0,0.0,0.00038725603371858597,0.0005844421684741974,0.005583686754107475,0.0,0.0,0,True,True,True,
42,dp_sgd_lr0p50,dp_sgd,6f5bfa6c60eeb2ad400161beec4006ab7b7da4908d9989b6db2c608560d2f56e,99,1,0.6762344837188721,0.5,0.5617019121170044,0.836,0.55078125,0.08263026062925956,1.8933930173558362,1.8951934621454651,1.8951934621454651,525.0531847234123,525.0531847234123,0.04357877401390217,0.04357877401390217,1.0,1.0,0.0019045689635804044,0.0019045689636213998,0.0,0.0,1.0,0.5,0.9475967310727326,0.04131513031462978,22.935828202247027,0.49999999999949996,0.0,0.0,0.0006532501429319382,0.0006010988727211952,0.005696550942957401,0.0,0.0,0,True,True,True,
42,dp_sgd_lr0p50,dp_sgd,6f5bfa6c60eeb2ad400161beec4006ab7b7da4908d9989b6db2c608560d2f56e,100,1,0.7274300456047058,0.5,,,0.61328125,0.05765843602946613,1.8980099713969083,1.89889428372252,1.89889428372252,1083.6056557644476,1083.6056557644476,0.030515621576469146,0.030515621576469146,1.0,1.0,0.0009228449430650657,0.0009228449428896287,0.0,0.0,1.0,0.5,0.94944714186126,0.028829218014733066,32.93350313363044,0.49999999999949996,0.09188104048371315,0.0,0.00038487929850816727,0.00033378787338733673,0.004478903487324715,0.0,0.0,0,True,True,True,
42,dp_sgd_lr0p50,dp_sgd,6f5bfa6c60eeb2ad400161beec4006ab7b7da4908d9989b6db2c608560d2f56e,101,1,0.535354495048523,0.5,,,0.60546875,0.05387367766880346,1.903199834744216,1.9041029410900336,1.9041029410900336,1248.0027302005876,1248.0027302005876,0.030906165401760954,0.030906165401760954,1.0,1.0,0.0008012802980763121,0.0008012802980784032,0.0,0.0,1.0,0.5,0.9520514705450168,0.02693683883440173,35.34384551812307,0.49999999999949996,0.0,0.0,0.00036866962909698486,0.00032835081219673157,0.005079014226794243,0.0,0.0,0,True,True,True,
42,dp_sgd_lr0p50,dp_sgd,6f5bfa6c60eeb2ad400161beec4006ab7b7da4908d9989b6db2c608560d2f56e,102,1,0.5741755962371826,0.5,,,0.6015625,0.08322226503084518,1.8975732632706146,1.8995661515788493,1.8995661515788493,519.8978742439795,519.8978742439795,0.04583961266502638,0.04583961266502638,1.0,1.0,0.0019234546809977033,0.0019234546806884425,0.0,0.0,1.0,0.5,0.9497830757894247,0.04161113251542259,22.82521571395769,0.49999999999949996,0.0,0.0,0.0003889724612236023,0.0004172930493950844,0.0055696917697787285,0.0,0.0,0,True,True,True,
42,dp_sgd_lr0p50,dp_sgd,6f5bfa6c60eeb2ad400161beec4006ab7b7da4908d9989b6db2c608560d2f56e,103,1,0.49089688062667847,0.5,,,0.546875,0.12023208100927747,1.8956897338882903,1.899262666005553,1.899262666005553,248.5958006747986,248.5958006747986,0.0613413140212456,0.0613413140212456,1.0,1.0,0.004022594095379343,0.0040225940963360155,0.0,0.0,1.0,0.5,0.9496313330027765,0.060116040504638736,15.79663805226333,0.49999999999949996,0.0,0.0,0.0006558448076248169,0.0005875108763575554,0.00557797122746706,0.0,0.0,0,True,True,True,
42,dp_sgd_lr0p50,dp_sgd,6f5bfa6c60eeb2ad400161beec4006ab7b7da4908d9989b6db2c608560d2f56e,104,1,0.6679498553276062,0.5,,,0.53125,0.07779553868657074,1.9009760316540183,1.9023994120208052,1.9023994120208052,597.0956365130114,597.0956365130114,0.03873627103724234,0.03873627103724234,1.0,1.0,0.0016747735851402447,0.0016747735848273281,0.0,0.0,1.0,0.5,0.9511997060104026,0.03889776934328537,24.453836866358692,0.49999999999949996,0.0,0.0,0.0005859965458512306,0.0005248412489891052,0.007634091190993786,0.0,0.0,0,True,True,True,
42,dp_sgd_lr0p50,dp_sgd,6f5bfa6c60eeb2ad400161beec4006ab7b7da4908d9989b6db2c608560d2f56e,105,1,0.4280887246131897,0.5,,,0.49609375,0.05958544225885212,1.8983688179456786,1.8993618832417347,1.8993618832417347,1015.0346056641512,1015.0346056641512,0.032347530929140535,0.032347530929140535,1.0,1.0,0.0009851880853498115,0.0009851880854025781,0.0,0.0,1.0,0.5,0.9496809416208674,0.02979272112942606,31.876273988648787,0.49999999999949996,0.0,0.0,0.0006009023636579514,0.0005265586078166962,0.005230198614299297,0.0,0.0,0,True,True,True,
42,dp_sgd_lr0p50,dp_sgd,6f5bfa6c60eeb2ad400161beec4006ab7b7da4908d9989b6db2c608560d2f56e,106,1,0.4283290505409241,0.5,,,0.5390625,0.09789381620007319,1.8994961345583623,1.9016919822573572,1.9016919822573572,376.50115275910554,376.50115275910554,0.048156572885624395,0.048156572885624395,1.0,1.0,0.002656034364216668,0.0026560343642321824,0.0,0.0,1.0,0.5,0.9508459911286786,0.048946908100036594,19.426068530537922,0.49999999999949996,0.0,0.0,0.0006208885461091995,0.0005709026008844376,0.005431008525192738,0.0,0.0,0,True,True,True,
42,dp_sgd_lr0p50,dp_sgd,6f5bfa6c60eeb2ad400161beec4006ab7b7da4908d9989b6db2c608560d2f56e,107,1,0.680892825126648,0.5,,,0.55859375,0.07941785214847576,1.8999734028931203,1.9012776097274389,1.9012776097274389,572.3461528993713,572.3461528993713,0.03730184487576203,0.03730184487576203,1.0,1.0,0.001747194411590623,0.001747194411510561,0.0,0.0,1.0,0.5,0.9506388048637194,0.03970892607423788,23.940179169351275,0.49999999999949996,0.0,0.0,0.0003948099911212921,0.00040160492062568665,0.005127246491611004,0.0,0.0,0,True,True,True,
42,dp_sgd_lr0p50,dp_sgd,6f5bfa6c60eeb2ad400161beec4006ab7b7da4908d9989b6db2c608560d2f56e,108,1,0.5543931722640991,0.5,,,0.52734375,0.04891374830079555,1.899960403619863,1.9006255098462892,1.9006255098462892,1508.7844904546564,1508.7844904546564,0.02646295493829778,0.02646295493829778,1.0,1.0,0.0006627851796650032,0.0006627851797506945,0.0,0.0,1.0,0.5,0.9503127549231446,0.024456874150397774,38.856672730960256,0.49999999999949996,0.0,0.0,0.0006563067436218262,0.0005874214693903923,0.0056936535984277725,0.0,0.0,0,True,True,True,
42,dp_sgd_lr0p50,dp_sgd,6f5bfa6c60eeb2ad400161beec4006ab7b7da4908d9989b6db2c608560d2f56e,109,1,0.46314284205436707,0.5,,,0.5390625,0.10222094369133605,1.901165626139885,1.9037698848526057,1.9037698848526057,345.90762455668704,345.90762455668704,0.05230631703615011,0.05230631703615011,1.0,1.0,0.0028909452377223976,0.002890945236608056,0.0,0.0,1.0,0.5,0.9518849424263028,0.051110471845668026,18.62406876778536,0.49999999999949996,0.0,0.0,0.0003648679703474045,0.0004098108038306236,0.005125303752720356,0.0,0.0,0,True,True,True,
42,dp_sgd_lr0p50,dp_sgd,6f5bfa6c60eeb2ad400161beec4006ab7b7da4908d9989b6db2c608560d2f56e,110,1,0.6039823293685913,0.5,,,0.5625,0.13167759792333295,1.896333109376255,1.9010371166066464,1.9010371166066464,207.3984300155402,207.3984300155402,0.07031256819717924,0.07031256819717924,1.0,1.0,0.004821637270191096,0.004821637268997334,0.0,0.0,1.0,0.5,0.9505185583033232,0.06583879896166647,14.437057985251363,0.49999999999949996,0.0,0.0,0.000622057355940342,0.0005566319450736046,0.005440093576908112,0.0,0.0,0,True,True,True,
42,dp_sgd_lr0p50,dp_sgd,6f5bfa6c60eeb2ad400161beec4006ab7b7da4908d9989b6db2c608560d2f56e,111,1,0.6260335445404053,0.5,,,0.4453125,0.08501439862105459,1.8970272044717758,1.8989452454839806,1.8989452454839806,497.9229497745268,497.9229497745268,0.04493460909759984,0.04493460909759984,1.0,1.0,0.002008342857693521,0.002008342857847466,0.0,0.0,1.0,0.5,0.9494726227419903,0.042507199310527294,22.33674855366225,0.49999999999949996,0.0,0.0,0.0006340350955724716,0.000556514598429203,0.005473418161273003,0.0,0.0,0,True,True,True,
42,dp_sgd_lr0p50,dp_sgd,6f5bfa6c60eeb2ad400161beec4006ab7b7da4908d9989b6db2c608560d2f56e,112,1,0.3567718267440796,0.5,,,0.50390625,0.058766800621720724,1.897354537206605,1.8983237470530754,1.8983237470530754,1042.3963576001115,1042.3963576001115,0.031966865700732594,0.031966865700732594,1.0,1.0,0.0009593279873046028,0.0009593279874524962,0.0,0.0,1.0,0.5,0.9491618735265377,0.029383400310860362,32.30265603887296,0.49999999999949996,0.0,0.0,0.0005900459364056587,0.0005240896716713905,0.005242501385509968,0.0,0.0,0,True,True,True,
42,dp_sgd_lr0p50,dp_sgd,6f5bfa6c60eeb2ad400161beec4006ab7b7da4908d9989b6db2c608560d2f56e,113,1,0.5525888800621033,0.5,,,0.49609375,0.08182296524749862,1.8971620267845282,1.899048024417688,1.899048024417688,537.5989578866689,537.5989578866689,0.0445814421850662,0.0445814421850662,1.0,1.0,0.0018601226531044846,0.0018601226534932245,0.0,0.0,1.0,0.5,0.949524012208844,0.04091148262374931,23.209230056953047,0.49999999999949996,0.0,0.0,0.0006591472774744034,0.0005871700122952461,0.005699286237359047,0.0,0.0,0,True,True,True,
42,dp_sgd_lr0p50,dp_sgd,6f5bfa6c60eeb2ad400161beec4006ab7b7da4908d9989b6db2c608560d2f56e,114,1,0.431022047996521,0.5,,,0.484375,0.07822889047362959,1.8969330807643472,1.8982461518947649,1.8982461518947649,587.9896468356064,587.9896468356064,0.03738475516632289,0.03738475516632289,1.0,1.0,0.0017007102169537055,0.0017007102171999544,0.0,0.0,1.0,0.5,0.9491230759473824,0.039114445236814795,24.265282817556,0.49999999999949996,0.0,0.0,0.0005886424332857132,0.0005278699100017548,0.005226702429354191,0.0,0.0,0,True,True,True,
42,dp_sgd_lr0p50,dp_sgd,6f5bfa6c60eeb2ad400161beec4006ab7b7da4908d9989b6db2c608560d2f56e,115,1,0.5203636884689331,0.5,,,0.47265625,0.04654725149717386,1.898658526053968,1.899191664932781,1.899191664932781,1663.8173296870546,1663.8173296870546,0.023706596030569935,0.023706596030569935,1.0,1.0,0.0006010275176820454,0.0006010275178007609,0.0,0.0,1.0,0.5,0.9495958324663905,0.02327362574858693,40.801370731126596,0.49999999999949996,0.0,0.0,0.0006264001131057739,0.0005508596077561378,0.005445101298391819,0.0,0.0,0,True,True,True,
42,dp_sgd_lr0p50,dp_sgd,6f5bfa6c60eeb2ad400161beec4006ab7b7da4908d9989b6db2c608560d2f56e,116,1,0.4642378091812134,0.5,,,0.48828125,0.049404338720943346,1.9026010540975042,1.9032842066968325,1.9032842066968325,1483.0824121015853,1483.0824121015853,0.02680401157161338,0.02680401157161338,1.0,1.0,0.0006742713630950429,0.0006742713630806309,0.0,0.0,1.0,0.5,0.9516421033484163,0.024702169360471673,38.52463682127879,0.49999999999949996,0.0,0.0,0.0005598627030849457,0.0005289800465106964,0.005128347314894199,0.0,0.0,0,True,True,True,
42,dp_sgd_lr0p50,dp_sgd,6f5bfa6c60eeb2ad400161beec4006ab7b7da4908d9989b6db2c608560d2f56e,117,1,0.556876540184021,0.5,,,0.5625,0.120254999692408,1.8992467652012195,1.9036991600704676,1.9036991600704676,249.4344918715549,249.4344918715549,0.06856587629830162,0.06856587629830162,1.0,1.0,0.004009068643343511,0.004009068642616792,0.0,0.0,1.0,0.5,0.9518495800352338,0.060127499846204,15.830519852880528,0.49999999999949996,0.0,0.0,0.0006151441484689713,0.0005562100559473038,0.005436765030026436,0.0,0.0,0,True,True,True,
42,dp_sgd_lr0p50,dp_sgd,6f5bfa6c60eeb2ad400161beec4006ab7b7da4908d9989b6db2c608560d2f56e,118,1,0.7666426301002502,0.5,,,0.45703125,0.1316224207291651,1.8961562019494538,1.9008038212317817,1.9008038212317817,207.53362597842207,207.53362597842207,0.06988990340316573,0.06988990340316573,1.0,1.0,0.004818496256823332,0.0048184962566593876,0.0,0.0,1.0,0.5,0.9504019106158909,0.06581121036458255,14.441337658681396,0.49999999999949996,0.0,0.0,0.0003683697432279587,0.0004232283681631088,0.005122586153447628,0.0,0.0,0,True,True,True,
42,dp_sgd_lr0p50,dp_sgd,6f5bfa6c60eeb2ad400161beec4006ab7b7da4908d9989b6db2c608560d2f56e,119,1,0.7379612922668457,0.5,,,0.4765625,0.07083706235764463,1.9000848151568035,1.9012182995662439,1.9012182995662439,719.4902106809963,719.4902106809963,0.03462590740277455,0.03462590740277455,1.0,1.0,0.0013898729752750043,0.0013898729753454577,0.0,0.0,1.0,0.5,0.9506091497831219,0.035418531178822314,26.839315977187592,0.49999999999949996,0.0,0.0,0.0006473418325185776,0.0005804933607578278,0.005686607211828232,0.0,0.0,0,True,True,True,
42,dp_sgd_lr0p50,dp_sgd,6f5bfa6c60eeb2ad400161beec4006ab7b7da4908d9989b6db2c608560d2f56e,120,1,0.5779459476470947,0.5,,,0.5,0.07486632727696577,1.9000130292796564,1.9016069556762623,1.9016069556762623,644.0804266267957,644.0804266267957,0.04096639110765583,0.04096639110765583,1.0,1.0,0.001552601132530219,0.0015526011322590353,0.0,0.0,1.0,0.5,0.9508034778381311,0.03743316363848288,25.400029957266682,0.49999999999949996,0.0,0.0,0.0005862973630428314,0.0005226396024227142,0.005224674940109253,0.0,0.0,0,True,True,True,
42,dp_sgd_lr0p50,dp_sgd,6f5bfa6c60eeb2ad400161beec4006ab7b7da4908d9989b6db2c608560d2f56e,121,1,0.41307002305984497,0.5,,,0.484375,0.06782970918578056,1.8967158835420637,1.898072200606388,1.898072200606388,781.9241955419398,781.9241955419398,0.03785682313712191,0.03785682313712191,1.0,1.0,0.001278896350162546,0.0012788963501522076,0.0,0.0,1.0,0.5,0.949036100303194,0.03391485459289028,27.982903411125392,0.49999999999949996,0.0,0.0,0.0006474088877439499,0.0005931174382567406,0.005675863474607468,0.0,0.0,0,True,True,True,
42,dp_sgd_lr0p50,dp_sgd,6f5bfa6c60eeb2ad400161beec4006ab7b7da4908d9989b6db2c608560d2f56e,122,1,0.6800302267074585,0.5,,,0.49609375,0.09210908203959016,1.8926301592572277,1.8950132830209838,1.8950132830209838,422.2081422078016,422.2081422078016,0.05015959139032283,0.05015959139032283,1.0,1.0,0.002368500035675946,0.0023685000362444163,0.0,0.0,1.0,0.5,0.9475066415104919,0.04605454101979508,20.57357690488464,0.49999999999949996,0.0,0.0,0.0003912411630153656,0.0005299672484397888,0.005124582909047604,0.0,0.0,0,True,True,True,
42,dp_sgd_lr0p50,dp_sgd,6f5bfa6c60eeb2ad400161beec4006ab7b7da4908d9989b6db2c608560d2f56e,123,1,0.4068899154663086,0.5,,,0.54296875,0.07399999026198162,1.9024572974010459,1.9039280136819137,1.9039280136819137,660.9468079524621,660.9468079524621,0.03930037605596537,0.03930037605596537,1.0,1.0,0.0015129810565467357,0.0015129810563836005,0.0,0.0,1.0,0.5,0.9519640068409568,0.03699999513099081,25.728760326724288,0.49999999999949996,0.0,0.0,0.0006325608119368553,0.0005544945597648621,0.005462018772959709,0.0,0.0,0,True,True,True,
42,dp_sgd_lr0p50,dp_sgd,6f5bfa6c60eeb2ad400161beec4006ab7b7da4908d9989b6db2c608560d2f56e,124,1,0.6768193244934082,0.5,,,0.50390625,0.12935913841526622,1.8974757749009727,1.9021439401233688,1.9021439401233688,215.15837284702138,215.15837284702138,0.07004608867353813,0.07004608867353813,1.0,1.0,0.004647739182573981,0.004647739180862569,0.0,0.0,1.0,0.5,0.9510719700616844,0.06467956920763311,14.70436463474064,0.49999999999949996,0.0,0.0,0.0005882726982235909,0.000525251030921936,0.005213129334151745,0.0,0.0,0,True,True,True,
42,dp_sgd_lr0p50,dp_sgd,6f5bfa6c60eeb2ad400161beec4006ab7b7da4908d9989b6db2c608560d2f56e,125,1,0.5757354497909546,0.5,,,0.5078125,0.12873607838078382,1.8997072340941585,1.9041235080281274,1.9041235080281274,217.75733980132225,217.75733980132225,0.0680696345716045,0.0680696345716045,1.0,1.0,0.004592267708871559,0.004592267707865034,0.0,0.0,1.0,0.5,0.9520617540140637,0.06436803919039191,14.790908127295962,0.49999999999949996,0.0,0.0,0.0006150808185338974,0.0005673002451658249,0.0054261209443211555,0.0,0.0,0,True,True,True,
42,dp_sgd_lr0p50,dp_sgd,6f5bfa6c60eeb2ad400161beec4006ab7b7da4908d9989b6db2c608560d2f56e,126,1,0.5443238019943237,0.5,,,0.44921875,0.09611480068601726,1.8915511805645724,1.8938916475101493,1.8938916475101493,387.307274400513,387.307274400513,0.04971064520000223,0.04971064520000223,1.0,1.0,0.002581929300035238,0.0025819293001496713,0.0,0.0,1.0,0.5,0.9469458237550746,0.04805740034300863,19.704474586152504,0.49999999999949996,0.0,0.0,0.0004339022561907768,0.0005285553634166718,0.005123225972056389,0.0,0.0,0,True,True,True,
42,dp_sgd_lr0p50,dp_sgd,6f5bfa6c60eeb2ad400161beec4006ab7b7da4908d9989b6db2c608560d2f56e,127,1,0.4603305160999298,0.5,,,0.45703125,0.06236376239354614,1.8943471549177133,1.895399534153197,1.895399534153197,922.6872587954365,922.6872587954365,0.03332151693865694,0.03332151693865694,1.0,1.0,0.0010837908405152321,0.0010837908405596111,0.0,0.0,1.0,0.5,0.9476997670765985,0.03118188119677307,30.39264247932164,0.49999999999949996,0.0,0.0,0.0006177546456456184,0.0005596950650215149,0.005423203110694885,0.0,0.0,0,True,True,True,
42,dp_sgd_lr0p50,dp_sgd,6f5bfa6c60eeb2ad400161beec4006ab7b7da4908d9989b6db2c608560d2f56e,128,1,0.4386228621006012,0.5,,,0.4921875,0.04505792889036576,1.895174695926848,1.8956774125341016,1.8956774125341016,1769.1149292658272,1769.1149292658272,0.023040025359454326,0.023040025359454326,1.0,1.0,0.0005652544009236063,0.000565254400868047,0.0,0.0,1.0,0.5,0.9478387062670508,0.02252896444518288,42.07200506402525,0.49999999999949996,0.0,0.0,0.0006118752062320709,0.0005592005327343941,0.00532941147685051,0.0,0.0,0,True,True,True,
42,dp_sgd_lr0p50,dp_sgd,6f5bfa6c60eeb2ad400161beec4006ab7b7da4908d9989b6db2c608560d2f56e,129,1,0.45037657022476196,0.5,,,0.44140625,0.06398772682118024,1.8988924950268187,1.8999167250252167,1.8999167250252167,880.6582175376897,880.6582175376897,0.032841962306601996,0.032841962306601996,1.0,1.0,0.0011355143003735058,0.0011355143004207096,0.0,0.0,1.0,0.5,0.9499583625126083,0.03199386341059012,29.691892794931285,0.49999999999949996,0.0,0.0,0.00036408379673957825,0.0003470303490757942,0.005295764654874802,0.0,0.0,0,True,True,True,
42,dp_sgd_lr0p50,dp_sgd,6f5bfa6c60eeb2ad400161beec4006ab7b7da4908d9989b6db2c608560d2f56e,130,1,0.5657933950424194,0.5,,,0.44921875,0.059117277259998775,1.8991838469101616,1.900149599927436,1.900149599927436,1032.060527200587,1032.060527200587,0.031888024827346595,0.031888024827346595,1.0,1.0,0.0009689354193460318,0.000968935419169475,0.0,0.0,1.0,0.5,0.950074799963718,0.029558638629999388,32.14203508572058,0.49999999999949996,0.0,0.0,0.0006500612944364548,0.0005860850214958191,0.00570356659591198,0.0,0.0,0,True,True,True,
42,dp_sgd_lr0p50,dp_sgd,6f5bfa6c60eeb2ad400161beec4006ab7b7da4908d9989b6db2c608560d2f56e,131,1,0.5884432792663574,0.5,,,0.42578125,0.04155602663001375,1.8923387890228112,1.8928691618231372,1.8928691618231372,2073.6227605738864,2073.6227605738864,0.023738043041760273,0.023738043041760273,1.0,1.0,0.0004822477928164205,0.0004822477927395277,0.0,0.0,1.0,0.5,0.9464345809115686,0.020778013315006876,45.54981106795511,0.49999999999949996,0.0,0.0,0.00040301866829395294,0.0005272859707474709,0.005106108263134956,0.0,0.0,0,True,True,True,
42,dp_sgd_lr0p50,dp_sgd,6f5bfa6c60eeb2ad400161beec4006ab7b7da4908d9989b6db2c608560d2f56e,132,1,0.5563318729400635,0.5,,,0.48828125,0.06787878423405312,1.8960669612800025,1.8972160276620151,1.8972160276620151,780.2597983635004,780.2597983635004,0.03481213449913654,0.03481213449913654,1.0,1.0,0.0012816244049482794,0.0012816244053335119,0.0,0.0,1.0,0.5,0.9486080138310076,0.03393939211702656,27.950059050325894,0.49999999999949996,0.0,0.0,0.0006512608379125595,0.0005862442776560783,0.005668602883815765,0.0,0.0,0,True,True,True,
42,dp_sgd_lr0p50,dp_sgd,6f5bfa6c60eeb2ad400161beec4006ab7b7da4908d9989b6db2c608560d2f56e,133,1,0.6715362071990967,0.5,,,0.4765625,0.05120450978028151,1.9001402842986186,1.9009171079894158,1.9009171079894158,1377.066474634439,1377.066474634439,0.0286362715223659,0.0286362715223659,1.0,1.0,0.0007261813558301782,0.0007261813558324303,0.0,0.0,1.0,0.5,0.9504585539947079,0.025602254890140754,37.12401731941192,0.49999999999949996,0.0,0.0,0.00045279785990715027,0.0005321139469742775,0.0051205940544605255,0.0,0.0,0,True,True,True,
42,dp_sgd_lr0p50,dp_sgd,6f5bfa6c60eeb2ad400161beec4006ab7b7da4908d9989b6db2c608560d2f56e,134,1,0.44239240884780884,0.5,,,0.4609375,0.04386788660605934,1.9004720961962123,1.9008340948187668,1.9008340948187668,1876.8500239870123,1876.8500239870123,0.019790348024836892,0.019790348024836892,1.0,1.0,0.0005328076227187124,0.0005328076229904032,0.0,0.0,1.0,0.5,0.9504170474093834,0.02193394330302967,43.33087918736319,0.49999999999949996,0.0,0.0,0.0006684018298983574,0.0005855318158864975,0.005695817060768604,0.0,0.0,0,True,True,True,
42,dp_sgd_lr0p50,dp_sgd,6f5bfa6c60eeb2ad400161beec4006ab7b7da4908d9989b6db2c608560d2f56e,135,1,0.7110373377799988,0.5,,,0.484375,0.0440397874748239,1.8950051212657666,1.8954019232831683,1.8954019232831683,1851.5282669956775,1851.5282669956775,0.02062666973134972,0.02062666973134972,1.0,1.0,0.0005400943735559291,0.0005400943735584702,0.0,0.0,1.0,0.5,0.9477009616415841,0.02201989373741195,43.038398500007084,0.49999999999949996,0.0,0.0,0.0005899090319871902,0.0005251942202448845,0.005133049562573433,0.0,0.0,0,True,True,True,
42,dp_sgd_lr0p50,dp_sgd,6f5bfa6c60eeb2ad400161beec4006ab7b7da4908d9989b6db2c608560d2f56e,136,1,0.44835376739501953,0.5,,,0.47265625,0.046685309259914105,1.8961507941955917,1.8967706874460808,1.8967706874460808,1649.6251311399537,1649.6251311399537,0.025582476990293434,0.025582476990293434,1.0,1.0,0.000606198329950191,0.0006061983301009001,0.0,0.0,1.0,0.5,0.9483853437230404,0.023342654629957053,40.62885557434804,0.49999999999949996,0.0,0.0,0.0006462400779128075,0.0006013205274939537,0.005687345750629902,0.0,0.0,0,True,True,True,
42,dp_sgd_lr0p50,dp_sgd,6f5bfa6c60eeb2ad400161beec4006ab7b7da4908d9989b6db2c608560d2f56e,137,1,0.593681812286377,0.5,,,0.4453125,0.07442351000033383,1.9005669492771606,1.9019640134096103,1.9019640134096103,652.1478217579071,652.1478217579071,0.03832982775674913,0.03832982775674913,1.0,1.0,0.001533394679021721,0.0015333946793525664,0.0,0.0,1.0,0.5,0.9509820067048051,0.037211755000166914,25.55595689251914,0.49999999999949996,0.0,0.0,0.0005503548309206963,0.0005253395065665245,0.005120338872075081,0.0,0.0,0,True,True,True,
42,dp_sgd_lr0p50,dp_sgd,6f5bfa6c60eeb2ad400161beec4006ab7b7da4908d9989b6db2c608560d2f56e,138,1,0.5356142520904541,0.5,,,0.484375,0.10814122096450443,1.9006503271167545,1.9034831244969843,1.9034831244969843,308.9028477837022,308.9028477837022,0.0545820013356804,0.0545820013356804,1.0,1.0,0.0032372637775564504,0.0032372637770622646,0.0,0.0,1.0,0.5,0.9517415622484922,0.054070610482252215,17.601827568477034,0.49999999999949996,0.0,0.0,0.0006662569940090179,0.0005828440189361572,0.005666221491992474,0.0,0.0,0,True,True,True,
42,dp_sgd_lr0p50,dp_sgd,6f5bfa6c60eeb2ad400161beec4006ab7b7da4908d9989b6db2c608560d2f56e,139,1,0.49071621894836426,0.5,,,0.42578125,0.05510803285278912,1.8932056679737654,1.8938344115404784,1.8938344115404784,1180.2276219020064,1180.2276219020064,0.02595672393867833,0.02595672393867833,1.0,1.0,0.0008472941838616507,0.0008472941839201164,0.0,0.0,1.0,0.5,0.9469172057702392,0.02755401642639456,34.36585037485867,0.49999999999949996,0.0,0.0,0.000588427297770977,0.0005243429914116859,0.00518984068185091,0.0,0.0,0,True,True,True,
42,dp_sgd_lr0p50,dp_sgd,6f5bfa6c60eeb2ad400161beec4006ab7b7da4908d9989b6db2c608560d2f56e,140,1,0.5686949491500854,0.5,,,0.4609375,0.05906763576827494,1.9009445200563384,1.9017140504136292,1.9017140504136292,1035.713667666736,1035.713667666736,0.028555421159603304,0.028555421159603304,1.0,1.0,0.0009655178172611306,0.0009655178174027964,0.0,0.0,1.0,0.5,0.9508570252068146,0.02953381788413747,32.195533571205566,0.49999999999949996,0.0,0.0,0.0006499653682112694,0.0005837548524141312,0.005724024027585983,0.0,0.0,0,True,True,True,
42,dp_sgd_lr0p50,dp_sgd,6f5bfa6c60eeb2ad400161beec4006ab7b7da4908d9989b6db2c608560d2f56e,141,1,0.38442620635032654,0.5,,,0.41796875,0.052622980518074895,1.8999080668186223,1.9006851165577359,1.9006851165577359,1303.509763040036,1303.509763040036,0.02860650008372994,0.02860650008372994,1.0,1.0,0.0007671595779278341,0.0007671595780980011,0.0,0.0,1.0,0.5,0.9503425582788679,0.026311490259037448,36.11891796650804,0.49999999999949996,0.0,0.0,0.0005913199856877327,0.0005294457077980042,0.005230034701526165,0.0,0.0,0,True,True,True,
42,dp_sgd_lr0p50,dp_sgd,6f5bfa6c60eeb2ad400161beec4006ab7b7da4908d9989b6db2c608560d2f56e,142,1,0.6023402214050293,0.5,,,0.484375,0.08288784809876197,1.8990858094188647,1.9006566543530046,1.9006566543530046,524.9373173960277,524.9373173960277,0.04074867446951129,0.04074867446951129,1.0,1.0,0.001904989351518597,0.0019049893515645656,0.0,0.0,1.0,0.5,0.9503283271765023,0.041443924049380985,22.93046203880798,0.49999999999949996,0.0,0.0,0.0003651324659585953,0.00035340897738933563,0.005105934105813503,0.0,0.0,0,True,True,True,
42,dp_sgd_lr0p50,dp_sgd,6f5bfa6c60eeb2ad400161beec4006ab7b7da4908d9989b6db2c608560d2f56e,143,1,0.6049333810806274,0.5,,,0.41796875,0.07799050503696996,1.898362580945987,1.8999989339826462,1.8999989339826462,592.4815954800263,592.4815954800263,0.04149623277624842,0.04149623277624842,1.0,1.0,0.0016878161405589666,0.0016878161402993797,0.0,0.0,1.0,0.5,0.9499994669913231,0.03899525251848498,24.36192627593914,0.49999999999949996,0.0,0.0,0.0006766403093934059,0.000589136965572834,0.00574744027107954,0.0,0.0,0,True,True,True,
42,dp_sgd_lr0p50,dp_sgd,6f5bfa6c60eeb2ad400161beec4006ab7b7da4908d9989b6db2c608560d2f56e,144,1,0.49493134021759033,0.5,,,0.4453125,0.09472269282466733,1.8976867428844226,1.900150879476622,1.900150879476622,401.36636518651403,401.36636518651403,0.050922393372615705,0.050922393372615705,1.0,1.0,0.0024914892891524966,0.0024914892896329846,0.0,0.0,1.0,0.5,0.950075439738311,0.047361346412333666,20.060144224929292,0.49999999999949996,0.0,0.0,0.0005902545526623726,0.0005268789827823639,0.0052064210176467896,0.0,0.0,0,True,True,True,
42,dp_sgd_lr0p50,dp_sgd,6f5bfa6c60eeb2ad400161beec4006ab7b7da4908d9989b6db2c608560d2f56e,145,1,0.6719498634338379,0.5,,,0.46875,0.1115509466342875,1.8947268033909375,1.8979277629853293,1.8979277629853293,288.5005712320056,288.5005712320056,0.05805841240519842,0.05805841240519842,1.0,1.0,0.0034661976426909108,0.0034661976425583406,0.0,0.0,1.0,0.5,0.9489638814926646,0.05577547331714375,17.01399961376871,0.49999999999949996,0.0,0.0,0.0006109438836574554,0.0005526235327124596,0.005415015853941441,0.0,0.0,0,True,True,True,
42,dp_sgd_lr0p50,dp_sgd,6f5bfa6c60eeb2ad400161beec4006ab7b7da4908d9989b6db2c608560d2f56e,146,1,0.5761955976486206,0.5,,,0.45703125,0.07586002076806006,1.8986123740608483,1.900379451844849,1.900379451844849,626.3927168121836,626.3927168121836,0.04324227426663068,0.04324227426663068,1.0,1.0,0.0015964425718662865,0.001596442571442075,0.0,0.0,1.0,0.5,0.9501897259224245,0.03793001038403003,25.051132764715486,0.49999999999949996,0.0,0.0,0.0003660004585981369,0.00032716523855924606,0.005104361101984978,0.0,0.0,0,True,True,True,
42,dp_sgd_lr0p50,dp_sgd,6f5bfa6c60eeb2ad400161beec4006ab7b7da4908d9989b6db2c608560d2f56e,147,1,0.7085593938827515,0.5,,,0.453125,0.06036016618083833,1.8971943202193398,1.8981176780531253,1.8981176780531253,987.9222754378259,987.9222754378259,0.031193755565743348,0.031193755565743348,1.0,1.0,0.0010122253790482364,0.0010122253788884886,0.0,0.0,1.0,0.5,0.9490588390265626,0.030180083090419165,31.446528366132966,0.49999999999949996,0.0,0.0,0.000615287572145462,0.0005536284297704697,0.005419153720140457,0.0,0.0,0,True,True,True,
42,dp_sgd_lr0p50,dp_sgd,6f5bfa6c60eeb2ad400161beec4006ab7b7da4908d9989b6db2c608560d2f56e,148,1,0.4539373517036438,0.5,,,0.42578125,0.055875192445482,1.900387893674084,1.9013097298189456,1.9013097298189456,1156.7684796619023,1156.7684796619023,0.031187998781338554,0.031187998781338554,1.0,1.0,0.0008644772201708826,0.0008644772202766289,0.0,0.0,1.0,0.5,0.9506548649094728,0.027937596222741,34.02779742738278,0.49999999999949996,0.0,0.0,0.00037124380469322205,0.0003268532454967499,0.0051062991842627525,0.0,0.0,0,True,True,True,
42,dp_sgd_lr0p50,dp_sgd,6f5bfa6c60eeb2ad400161beec4006ab7b7da4908d9989b6db2c608560d2f56e,149,1,0.5454890727996826,0.5,,,0.4609375,0.04666777896904778,1.8951108082774928,1.8957458666727778,1.8957458666727778,1649.0542847021254,1649.0542847021254,0.025914344075855283,0.025914344075855283,1.0,1.0,0.0006064081751688323,0.0006064081749543126,0.0,0.0,1.0,0.5,0.9478729333363889,0.02333388948452389,40.62215748147945,0.49999999999949996,0.0,0.0,0.0006542745977640152,0.0005922233685851097,0.005641905590891838,0.0,0.0,0,True,True,True,
42,dp_sgd_lr0p50,dp_sgd,6f5bfa6c60eeb2ad400161beec4006ab7b7da4908d9989b6db2c608560d2f56e,150,1,0.5009716749191284,0.5,,,0.45703125,0.055032417698843476,1.8997203725338858,1.9005535331867154,1.9005535331867154,1191.6320475241591,1191.6320475241591,0.02961413098181384,0.02961413098181384,1.0,1.0,0.0008391852180773611,0.0008391852183958512,0.0,0.0,1.0,0.5,0.9502767665933577,0.027516208849421738,34.5351633198842,0.49999999999949996,0.08881276659667492,0.0,0.0006332136690616608,0.0005666594952344894,0.005655266344547272,0.0,0.0,0,True,True,True,
42,dp_sgd_lr0p50,dp_sgd,6f5bfa6c60eeb2ad400161beec4006ab7b7da4908d9989b6db2c608560d2f56e,151,1,0.6445764303207397,0.5,,,0.4765625,0.06061195999570651,1.8988433838813799,1.899994757819478,1.899994757819478,981.435211765545,981.435211765545,0.03494062510403584,0.03494062510403584,1.0,1.0,0.0010189159587300559,0.0010189159586368685,0.0,0.0,1.0,0.5,0.949997378909739,0.030305979997853255,31.346862201640928,0.49999999999949996,0.0,0.0,0.0003856578841805458,0.0003392137587070465,0.00508077722042799,0.0,0.0,0,True,True,True,
42,dp_sgd_lr0p50,dp_sgd,6f5bfa6c60eeb2ad400161beec4006ab7b7da4908d9989b6db2c608560d2f56e,152,1,0.5091027617454529,0.5,,,0.4296875,0.051471380955412,1.8952986978137456,1.8960728287012298,1.8960728287012298,1355.8875955952024,1355.8875955952024,0.028610110368454858,0.028610110368454858,1.0,1.0,0.0007375242629779259,0.0007375242630933871,0.0,0.0,1.0,0.5,0.9480364143506149,0.025735690477706,36.83741903622252,0.49999999999949996,0.0,0.0,0.0006781183183193207,0.0006118966266512871,0.005840633064508438,0.0,0.0,0,True,True,True,
42,dp_sgd_lr0p50,dp_sgd,6f5bfa6c60eeb2ad400161beec4006ab7b7da4908d9989b6db2c608560d2f56e,153,1,0.2890988290309906,0.5,,,0.4296875,0.050239085994575404,1.8975413705341195,1.8982455850522642,1.8982455850522642,1426.589578307782,1426.589578307782,0.02724769483041564,0.02724769483041564,1.0,1.0,0.0007009724554343924,0.0007009724554021346,0.0,0.0,1.0,0.5,0.9491227925261321,0.025119542997287702,37.78423805683209,0.49999999999949996,0.0,0.0,0.0005908152088522911,0.0005295872688293457,0.005440770648419857,0.0,0.0,0,True,True,True,
42,dp_sgd_lr0p50,dp_sgd,6f5bfa6c60eeb2ad400161beec4006ab7b7da4908d9989b6db2c608560d2f56e,154,1,0.41194748878479004,0.5,,,0.44921875,0.06344845375839528,1.8955323683343834,1.896728661213721,1.896728661213721,892.524865138722,892.524865138722,0.035574376464971205,0.035574376464971205,1.0,1.0,0.0011204169640650755,0.0011204169644902402,0.0,0.0,1.0,0.5,0.9483643306068605,0.03172422687919764,29.894009212209756,0.49999999999949996,0.0,0.0,0.00038098637014627457,0.00033258087933063507,0.005294532515108585,0.0,0.0,0,True,True,True,
42,dp_sgd_lr0p50,dp_sgd,6f5bfa6c60eeb2ad400161beec4006ab7b7da4908d9989b6db2c608560d2f56e,155,1,0.731383204460144,0.5,,,0.46484375,0.06745497567639745,1.9007647632051738,1.9018373656975058,1.9018373656975058,794.0151053367633,794.0151053367633,0.033630689597642247,0.033630689597642247,1.0,1.0,0.0012594218838643178,0.00125942188383705,0.0,0.0,1.0,0.5,0.9509186828487529,0.033727487838198726,28.194174656067247,0.49999999999949996,0.0,0.0,0.0006536729633808136,0.0005869641900062561,0.005610054358839989,0.0,0.0,0,True,True,True,
42,dp_sgd_lr0p50,dp_sgd,6f5bfa6c60eeb2ad400161beec4006ab7b7da4908d9989b6db2c608560d2f56e,156,1,0.46329838037490845,0.5,,,0.4765625,0.1149634497531301,1.8983406051984755,1.9019345842540323,1.9019345842540323,272.6645640040583,272.6645640040583,0.061455157275639646,0.061455157275639646,1.0,1.0,0.0036675099442301426,0.003667509944477709,0.0,0.0,1.0,0.5,0.9509672921270161,0.05748172487656505,16.543819694912738,0.49999999999949996,0.0,0.0,0.0006523188203573227,0.000591084361076355,0.005707301199436188,0.0,0.0,0,True,True,True,
42,dp_sgd_lr0p50,dp_sgd,6f5bfa6c60eeb2ad400161beec4006ab7b7da4908d9989b6db2c608560d2f56e,157,1,0.6658329963684082,0.5,,,0.44140625,0.08743800090680882,1.8985954052743907,1.9007984839303937,1.9007984839303937,471.4812338552088,471.4812338552088,0.04818162747926722,0.04818162747926722,1.0,1.0,0.0021209751906605544,0.0021209751905945803,0.0,0.0,1.0,0.5,0.9503992419651969,0.04371900045340441,21.738814521992353,0.49999999999949996,0.0,0.0,0.0005867518484592438,0.0005309088155627251,0.005214720033109188,0.0,0.0,0,True,True,True,
42,dp_sgd_lr0p50,dp_sgd,6f5bfa6c60eeb2ad400161beec4006ab7b7da4908d9989b6db2c608560d2f56e,158,1,0.38311249017715454,0.5,,,0.40234375,0.053721030267525456,1.8946290856084669,1.8954397156812792,1.8954397156812792,1243.8262959977628,1243.8262959977628,0.0292575219399222,0.0292575219399222,1.0,1.0,0.0008039707818293412,0.000803970781787172,0.0,0.0,1.0,0.5,0.9477198578406396,0.026860515133762728,35.28301125595711,0.49999999999949996,0.0,0.0,0.000653369352221489,0.0005867686122655869,0.005675372667610645,0.0,0.0,0,True,True,True,
42,dp_sgd_lr0p50,dp_sgd,6f5bfa6c60eeb2ad400161beec4006ab7b7da4908d9989b6db2c608560d2f56e,159,1,0.6020132303237915,0.5,,,0.4296875,0.06728456277010059,1.8986175221371677,1.8999246382763502,1.8999246382763502,796.240199552133,796.240199552133,0.03712717058337667,0.03712717058337667,1.0,1.0,0.001255902427861986,0.0012559024276762967,0.0,0.0,1.0,0.5,0.9499623191381751,0.03364228138505029,28.237155151198372,0.49999999999949996,0.0,0.0,0.00039297621697187424,0.0003696279600262642,0.005113114602863789,0.0,0.0,0,True,True,True,
42,dp_sgd_lr0p50,dp_sgd,6f5bfa6c60eeb2ad400161beec4006ab7b7da4908d9989b6db2c608560d2f56e,160,1,0.5841982364654541,0.5,,,0.421875,0.0727640384859115,1.8992849864767751,1.9006478483765492,1.9006478483765492,681.313007670116,681.313007670116,0.03786507178809601,0.03786507178809601,1.0,1.0,0.0014677541578584387,0.001467754157726982,0.0,0.0,1.0,0.5,0.9503239241882746,0.03638201924295575,26.120703136787956,0.49999999999949996,0.0,0.0,0.0006484892219305038,0.0005834661424160004,0.005669500678777695,0.0,0.0,0,True,True,True,
42,dp_sgd_lr0p50,dp_sgd,6f5bfa6c60eeb2ad400161beec4006ab7b7da4908d9989b6db2c608560d2f56e,161,1,0.53713458776474,0.5,,,0.39453125,0.06588092936656437,1.8963528257565072,1.897414473939999,1.897414473939999,828.550248917737,828.550248917737,0.03347085391053509,0.03347085391053509,1.0,1.0,0.001206927402502788,0.0012069274021104714,0.0,0.0,1.0,0.5,0.9487072369699995,0.03294046468328218,28.80066344123807,0.49999999999949996,0.0,0.0,0.000590398907661438,0.0005299095064401627,0.005219891667366028,0.0,0.0,0,True,True,True,
42,dp_sgd_lr0p50,dp_sgd,6f5bfa6c60eeb2ad400161beec4006ab7b7da4908d9989b6db2c608560d2f56e,162,1,0.544061541557312,0.5,,,0.421875,0.07042416021954287,1.8985934889633689,1.899885922933203,1.899885922933203,726.8095421696717,726.8095421696717,0.0368796832169467,0.0368796832169467,1.0,1.0,0.0013758762671344299,0.0013758762667140465,0.0,0.0,1.0,0.5,0.9499429614666015,0.035212080109771435,26.977757589958806,0.49999999999949996,0.0,0.0,0.0006648357957601547,0.0005778167396783829,0.005718006752431393,0.0,0.0,0,True,True,True,
42,dp_sgd_lr0p50,dp_sgd,6f5bfa6c60eeb2ad400161beec4006ab7b7da4908d9989b6db2c608560d2f56e,163,1,0.5726949572563171,0.5,,,0.38671875,0.0467538357461897,1.9004275268069932,1.9011499432984023,1.9011499432984023,1652.2209739625036,1652.2209739625036,0.02774475462632953,0.02774475462632953,1.0,1.0,0.0006052459176474203,0.0006052459177313277,0.0,0.0,1.0,0.5,0.9505749716492011,0.02337691787309485,40.662972628337016,0.49999999999949996,0.0,0.0,0.00038430746644735336,0.0005260445177555084,0.005122187547385693,0.0,0.0,0,True,True,True,
42,dp_sgd_lr0p50,dp_sgd,6f5bfa6c60eeb2ad400161beec4006ab7b7da4908d9989b6db2c608560d2f56e,164,1,0.5595895648002625,0.5,,,0.42578125,0.04382649428932333,1.8963124251217627,1.8969477613519425,1.8969477613519425,1872.1744586267853,1872.1744586267853,0.02604604217298501,0.02604604217298501,1.0,1.0,0.0005341382555836071,0.0005341382556833208,0.0,0.0,1.0,0.5,0.9484738806759713,0.021913247144661665,43.28312798058995,0.49999999999949996,0.0,0.0,0.000657007098197937,0.0005897339433431625,0.005667239427566528,0.0,0.0,0,True,True,True,
42,dp_sgd_lr0p50,dp_sgd,6f5bfa6c60eeb2ad400161beec4006ab7b7da4908d9989b6db2c608560d2f56e,165,1,0.6001943349838257,0.5,,,0.3984375,0.0524481383178813,1.9023783404041181,1.9030157606492837,1.9030157606492837,1315.6295837834941,1315.6295837834941,0.02593157721819298,0.02593157721819298,1.0,1.0,0.0007600923633538165,0.0007600923635677904,0.0,0.0,1.0,0.5,0.9515078803246418,0.02622406915894065,36.28376185714709,0.49999999999949996,0.0,0.0,0.00036687031388282776,0.0003495877608656883,0.00510411337018013,0.0,0.0,0,True,True,True,
42,dp_sgd_lr0p50,dp_sgd,6f5bfa6c60eeb2ad400161beec4006ab7b7da4908d9989b6db2c608560d2f56e,166,1,0.8072465062141418,0.5,,,0.45703125,0.0585330312443332,1.9001246011922108,1.9013261757591795,1.9013261757591795,1053.8095516861097,1053.8095516861097,0.03591434407035525,0.03591434407035525,1.0,1.0,0.0009489380677066682,0.0009489380675631177,0.0,0.0,1.0,0.5,0.9506630878795898,0.0292665156221666,32.48296107812267,0.49999999999949996,0.0,0.0,0.0006527919322252274,0.0005920547991991043,0.005677117966115475,0.0,0.0,0,True,True,True,
42,dp_sgd_lr0p50,dp_sgd,6f5bfa6c60eeb2ad400161beec4006ab7b7da4908d9989b6db2c608560d2f56e,167,1,0.7634058594703674,0.5,,,0.47265625,0.08998934407884236,1.8909425619034481,1.8931872165823433,1.8931872165823433,441.5445226285646,441.5445226285646,0.04869539943443866,0.04869539943443866,1.0,1.0,0.00226477727302135,0.0022647772732619616,0.0,0.0,1.0,0.5,0.9465936082911717,0.04499467203942118,21.037904386563696,0.49999999999949996,0.0,0.0,0.0006473809480667114,0.0005796225741505623,0.005773531273007393,0.0,0.0,0,True,True,True,
42,dp_sgd_lr0p50,dp_sgd,6f5bfa6c60eeb2ad400161beec4006ab7b7da4908d9989b6db2c608560d2f56e,168,1,0.5857591032981873,0.5,,,0.4375,0.12149705625493834,1.900308408026206,1.9040701689519133,1.9040701689519133,244.63391672966068,244.63391672966068,0.0628357245334845,0.0628357245334845,1.0,1.0,0.004087740626076213,0.004087740626922547,0.0,0.0,1.0,0.5,0.9520350844759566,0.06074852812746917,15.671739115433732,0.49999999999949996,0.0,0.0,0.000592024065554142,0.000530012883245945,0.005206265486776829,0.0,0.0,0,True,True,True,
42,dp_sgd_lr0p50,dp_sgd,6f5bfa6c60eeb2ad400161beec4006ab7b7da4908d9989b6db2c608560d2f56e,169,1,0.5812562108039856,0.5,,,0.5234375,0.1626936567103293,1.898819355084773,1.90541059324127,1.90541059324127,136.2153525807187,136.2153525807187,0.08313565805726932,0.08313565805726932,1.0,1.0,0.007341316386266822,0.007341316387068239,0.0,0.0,1.0,0.5,0.952705296620635,0.08134682835516464,11.711646487916658,0.49999999999949996,0.0,0.0,0.000618291087448597,0.0005707498639822006,0.0054044052958488464,0.0,0.0,0,True,True,True,
42,dp_sgd_lr0p50,dp_sgd,6f5bfa6c60eeb2ad400161beec4006ab7b7da4908d9989b6db2c608560d2f56e,170,1,0.5412964820861816,0.5,,,0.38671875,0.1350865369915613,1.898587199595075,1.9037051683826027,1.9037051683826027,197.53177215863644,197.53177215863644,0.07331556613962793,0.07331556613962793,1.0,1.0,0.005062476729778083,0.00506247673040697,0.0,0.0,1.0,0.5,0.9518525841913014,0.06754326849578066,14.09248627398998,0.49999999999949996,0.0,0.0,0.0003857705742120743,0.0005379682406783104,0.005167410708963871,0.0,0.0,0,True,True,True,
42,dp_sgd_lr0p50,dp_sgd,6f5bfa6c60eeb2ad400161beec4006ab7b7da4908d9989b6db2c608560d2f56e,171,1,0.7937233448028564,0.5,,,0.45703125,0.14624222946369012,1.8954061652146714,1.9007149368158411,1.9007149368158411,167.9805424268799,167.9805424268799,0.0747208478982211,0.0747208478982211,1.0,1.0,0.00595307043009611,0.005953070430066961,0.0,0.0,1.0,0.5,0.9503574684079206,0.07312111473184506,12.99703200477922,0.49999999999949996,0.0,0.0,0.00037401728332042694,0.0003519924357533455,0.005353076383471489,0.0,0.0,0,True,True,True,
42,dp_sgd_lr0p50,dp_sgd,6f5bfa6c60eeb2ad400161beec4006ab7b7da4908d9989b6db2c608560d2f56e,172,1,0.6442745923995972,0.5,,,0.41015625,0.10604815536389162,1.8880392027266135,1.890895879399456,1.890895879399456,316.96826153671196,316.96826153671196,0.05495896979821961,0.05495896979821961,1.0,1.0,0.0031548900040106326,0.003154890003680194,0.0,0.0,1.0,0.5,0.945447939699728,0.05302407768194581,17.830540030379698,0.49999999999949996,0.0,0.0,0.0006537782028317451,0.000584813766181469,0.005672658793628216,0.0,0.0,0,True,True,True,
42,dp_sgd_lr0p50,dp_sgd,6f5bfa6c60eeb2ad400161beec4006ab7b7da4908d9989b6db2c608560d2f56e,173,1,0.6714880466461182,0.5,,,0.46484375,0.08933208214573289,1.900211059979798,1.90244013273661,1.90244013273661,452.46893751957134,452.46893751957134,0.048416328017948096,0.048416328017948096,1.0,1.0,0.002210096466193679,0.002210096465880186,0.0,0.0,1.0,0.5,0.951220066368305,0.044666041072866446,21.296269906599182,0.49999999999949996,0.0,0.0,0.00038882531225681305,0.00033483095467090607,0.005124365910887718,0.0,0.0,0,True,True,True,
42,dp_sgd_lr0p50,dp_sgd,6f5bfa6c60eeb2ad400161beec4006ab7b7da4908d9989b6db2c608560d2f56e,174,1,0.5695775747299194,0.5,,,0.44140625,0.11763381239511816,1.8902136425763203,1.8935364087476163,1.8935364087476163,258.20071589559564,258.20071589559564,0.059283845032229304,0.059283845032229304,1.0,1.0,0.0038729559538936654,0.003872955954660943,0.0,0.0,1.0,0.5,0.9467682043738082,0.05881690619755908,16.096871895601378,0.49999999999949996,0.0,0.0,0.0006689764559268951,0.000596378929913044,0.005663629621267319,0.0,0.0,0,True,True,True,
42,dp_sgd_lr0p50,dp_sgd,6f5bfa6c60eeb2ad400161beec4006ab7b7da4908d9989b6db2c608560d2f56e,175,1,0.41793960332870483,0.5,,,0.4140625,0.10656883101674386,1.9004531403330667,1.9036740161605086,1.9036740161605086,318.01962959039827,318.01962959039827,0.058188168752276136,0.058188168752276136,1.0,1.0,0.003144459985692227,0.00314445998522272,0.0,0.0,1.0,0.5,0.9518370080802543,0.05328441550837193,17.86332831056091,0.49999999999949996,0.0,0.0,0.0005968967452645302,0.0005326680839061737,0.0051859719678759575,0.0,0.0,0,True,True,True,
42,dp_sgd_lr0p50,dp_sgd,6f5bfa6c60eeb2ad400161beec4006ab7b7da4908d9989b6db2c608560d2f56e,176,1,0.3563460409641266,0.5,,,0.33984375,0.07774473820632691,1.8904218188836568,1.891948892555773,1.891948892555773,591.2558235976801,591.2558235976801,0.040180425852802036,0.040180425852802036,1.0,1.0,0.0016913152647689154,0.001691315265070333,0.0,0.0,1.0,0.5,0.9459744462778865,0.038872369103163454,24.335394730972734,0.49999999999949996,0.0,0.0,0.0006447546184062958,0.0005990276113152504,0.005681751295924187,0.0,0.0,0,True,True,True,
42,dp_sgd_lr0p50,dp_sgd,6f5bfa6c60eeb2ad400161beec4006ab7b7da4908d9989b6db2c608560d2f56e,177,1,0.6090056300163269,0.5,,,0.4453125,0.07739581274703063,1.8988686405865036,1.900704873468094,1.900704873468094,601.9423702704619,601.9423702704619,0.0440735282706075,0.0440735282706075,1.0,1.0,0.0016612886037303963,0.0016612886034421902,0.0,0.0,1.0,0.5,0.950352436734047,0.03869790637351531,24.558239082409536,0.49999999999949996,0.0,0.0,0.000479232519865036,0.0005357405170798302,0.00512070395052433,0.0,0.0,0,True,True,True,
42,dp_sgd_lr0p50,dp_sgd,6f5bfa6c60eeb2ad400161beec4006ab7b7da4908d9989b6db2c608560d2f56e,178,1,0.5164932012557983,0.5,,,0.375,0.0849528557257902,1.9043881782990861,1.9061269337747215,1.9061269337747215,502.5218949963706,502.5218949963706,0.042742118568144166,0.042742118568144166,1.0,1.0,0.0019899630440348964,0.0019899630438034053,0.0,0.0,1.0,0.5,0.9530634668873608,0.0424764278628951,22.43746743349535,0.49999999999949996,0.0,0.0,0.0006477907299995422,0.0005845054984092712,0.005685847252607346,0.0,0.0,0,True,True,True,
42,dp_sgd_lr0p50,dp_sgd,6f5bfa6c60eeb2ad400161beec4006ab7b7da4908d9989b6db2c608560d2f56e,179,1,0.5377545952796936,0.5,,,0.45703125,0.08367709926605241,1.901877923748347,1.903751732116418,1.903751732116418,516.5971922168542,516.5971922168542,0.04435919691855268,0.04435919691855268,1.0,1.0,0.0019357441637761167,0.0019357441638633555,0.0,0.0,1.0,0.5,0.951875866058209,0.041838549633026204,22.75116786754178,0.49999999999949996,0.0,0.0,0.0003681788221001625,0.0003265123814344406,0.00511707179248333,0.0,0.0,0,True,True,True,
42,dp_sgd_lr0p50,dp_sgd,6f5bfa6c60eeb2ad400161beec4006ab7b7da4908d9989b6db2c608560d2f56e,180,1,0.5957421064376831,0.5,,,0.40234375,0.08764963266858782,1.8973015398349327,1.8990679707117777,1.8990679707117777,468.56788315452553,468.56788315452553,0.04322095768381973,0.04322095768381973,1.0,1.0,0.0021341624891942773,0.0021341624896726833,0.0,0.0,1.0,0.5,0.9495339853558888,0.04382481633429391,21.666582196060236,0.49999999999949996,0.0,0.0,0.0005769776180386543,0.0005891500040888786,0.005560244433581829,0.0,0.0,0,True,True,True,
42,dp_sgd_lr0p50,dp_sgd,6f5bfa6c60eeb2ad400161beec4006ab7b7da4908d9989b6db2c608560d2f56e,181,1,0.45131728053092957,0.5,,,0.40234375,0.09468560016196745,1.8934028115618293,1.895839428874476,1.895839428874476,399.86939237169236,399.86939237169236,0.0506891775095201,0.0506891775095201,1.0,1.0,0.0025008165640210997,0.0025008165634737814,0.0,0.0,1.0,0.5,0.947919714437238,0.047342800080983724,20.022468311881035,0.49999999999949996,0.0,0.0,0.0004005059599876404,0.0005619591102004051,0.005328568629920483,0.0,0.0,0,True,True,True,
42,dp_sgd_lr0p50,dp_sgd,6f5bfa6c60eeb2ad400161beec4006ab7b7da4908d9989b6db2c608560d2f56e,182,1,0.5858420133590698,0.5,,,0.390625,0.0952292082622145,1.8971392089366244,1.8996214642119107,1.8996214642119107,396.8789385089478,396.8789385089478,0.05111439398259506,0.05111439398259506,1.0,1.0,0.0025196600344840575,0.0025196600339698334,0.0,0.0,1.0,0.5,0.9498107321059553,0.04761460413110725,19.94788677588697,0.49999999999949996,0.0,0.0,0.0006925519555807114,0.0006238613277673721,0.005864150822162628,0.0,0.0,0,True,True,True,
42,dp_sgd_lr0p50,dp_sgd,6f5bfa6c60eeb2ad400161beec4006ab7b7da4908d9989b6db2c608560d2f56e,183,1,0.782776415348053,0.5,,,0.36328125,0.07214044965406313,1.899640588016454,1.901009631571693,1.901009631571693,693.4021603685939,693.4021603685939,0.0379448874140795,0.0379448874140795,1.0,1.0,0.0014421645287000533,0.0014421645284282743,0.0,0.0,1.0,0.5,0.9505048157858464,0.036070224827031566,26.351507935353162,0.49999999999949996,0.0,0.0,0.0006156228482723236,0.0005504395812749863,0.005424316041171551,0.0,0.0,0,True,True,True,
42,dp_sgd_lr0p50,dp_sgd,6f5bfa6c60eeb2ad400161beec4006ab7b7da4908d9989b6db2c608560d2f56e,184,1,0.5288373827934265,0.5,,,0.44140625,0.07100320786280692,1.8968303531173023,1.8984114564890837,1.8984114564890837,713.6759153503427,713.6759153503427,0.04095947232585091,0.04095947232585091,1.0,1.0,0.0014011962268762673,0.0014011962269142053,0.0,0.0,1.0,0.5,0.9492057282445419,0.03550160393140346,26.73698151925387,0.49999999999949996,0.0,0.0,0.0006320159882307053,0.0005553336814045906,0.005434215068817139,0.0,0.0,0,True,True,True,
42,dp_sgd_lr0p50,dp_sgd,6f5bfa6c60eeb2ad400161beec4006ab7b7da4908d9989b6db2c608560d2f56e,185,1,0.527335524559021,0.5,,,0.41015625,0.09150966354117204,1.8970281301086191,1.8990388597332641,1.8990388597332641,429.74776289174656,429.74776289174656,0.04605491246572193,0.04605491246572193,1.0,1.0,0.0023269463769895297,0.002326946376854844,0.0,0.0,1.0,0.5,0.9495194298666321,0.04575483177058602,20.75233135173034,0.49999999999949996,0.0,0.0,0.00039539020508527756,0.00048570800572633743,0.005119494162499905,0.0,0.0,0,True,True,True,
42,dp_sgd_lr0p50,dp_sgd,6f5bfa6c60eeb2ad400161beec4006ab7b7da4908d9989b6db2c608560d2f56e,186,1,0.4038509726524353,0.5,,,0.44140625,0.059566358994634916,1.8925235287393933,1.8935664589865886,1.8935664589865886,1009.439897224117,1009.439897224117,0.03323250658550581,0.03323250658550581,1.0,1.0,0.0009906483808177268,0.0009906483805972267,0.0,0.0,1.0,0.5,0.9467832294932943,0.029783179497317458,31.78919260607421,0.49999999999949996,0.0,0.0,0.0006516026332974434,0.0005934629589319229,0.00565826240926981,0.0,0.0,0,True,True,True,
42,dp_sgd_lr0p50,dp_sgd,6f5bfa6c60eeb2ad400161beec4006ab7b7da4908d9989b6db2c608560d2f56e,187,1,0.47553080320358276,0.5,,,0.3515625,0.044931340694375384,1.8979835337666762,1.8984953135247884,1.8984953135247884,1784.3749808329562,1784.3749808329562,0.023222135480605487,0.023222135480605487,1.0,1.0,0.0005604203209784858,0.0005604203211255835,0.0,0.0,1.0,0.5,0.9492476567623942,0.022465670347187692,42.25325316584511,0.49999999999949996,0.0,0.0,0.0006547616794705391,0.0005865395069122314,0.0057481881231069565,0.0,0.0,0,True,True,True,
42,dp_sgd_lr0p50,dp_sgd,6f5bfa6c60eeb2ad400161beec4006ab7b7da4908d9989b6db2c608560d2f56e,188,1,0.6472064256668091,0.5,,,0.35546875,0.04211772975898067,1.8960079702790178,1.8965065206533132,1.8965065206533132,2026.5177391265554,2026.5177391265554,0.022939540573927216,0.022939540573927216,1.0,1.0,0.0004934573135624269,0.0004934573135926378,0.0,0.0,1.0,0.5,0.9482532603266566,0.021058864879490335,45.02869768660472,0.49999999999949996,0.0,0.0,0.0005857488140463829,0.0005243886262178421,0.005244933068752289,0.0,0.0,0,True,True,True,
42,dp_sgd_lr0p50,dp_sgd,6f5bfa6c60eeb2ad400161beec4006ab7b7da4908d9989b6db2c608560d2f56e,189,1,0.6338726282119751,0.5,,,0.3515625,0.03239834449806116,1.8960478406869377,1.8964347094613154,1.8964347094613154,3424.939811962273,3424.939811962273,0.02048169519073557,0.02048169519073557,1.0,1.0,0.0002919759335782573,0.0002919759335672382,0.0,0.0,1.0,0.5,0.9482173547306577,0.01619917224903058,58.53492635889886,0.49999999999949996,0.0,0.0,0.0006106644868850708,0.0005510253831744194,0.00541202537715435,0.0,0.0,0,True,True,True,
42,dp_sgd_lr0p50,dp_sgd,6f5bfa6c60eeb2ad400161beec4006ab7b7da4908d9989b6db2c608560d2f56e,190,1,0.5068031549453735,0.5,,,0.41796875,0.06371433597097198,1.8948960647511248,1.8959676697136008,1.8959676697136008,884.4972054191279,884.4972054191279,0.03361673596686271,0.03361673596686271,1.0,1.0,0.0011305858216697547,0.001130585821558458,0.0,0.0,1.0,0.5,0.9479838348568004,0.03185716798548599,29.757316634640627,0.49999999999949996,0.0,0.0,0.00036663003265857697,0.00032503437250852585,0.005115816369652748,0.0,0.0,0,True,True,True,
42,dp_sgd_lr0p50,dp_sgd,6f5bfa6c60eeb2ad400161beec4006ab7b7da4908d9989b6db2c608560d2f56e,191,1,0.49948030710220337,0.5,,,0.3984375,0.06342335942506766,1.8953706813600968,1.8963463479868976,1.8963463479868976,893.0789076567905,893.0789076567905,0.03210195292895186,0.03210195292895186,1.0,1.0,0.0011197218870333241,0.001119721886832398,0.0,0.0,1.0,0.5,0.9481731739934488,0.03171167971253383,29.899809236178363,0.49999999999949996,0.0,0.0,0.0006659878417849541,0.0005922010168433189,0.005718833766877651,0.0,0.0,0,True,True,True,
42,dp_sgd_lr0p50,dp_sgd,6f5bfa6c60eeb2ad400161beec4006ab7b7da4908d9989b6db2c608560d2f56e,192,1,0.48675429821014404,0.5,,,0.41796875,0.08851649981850974,1.8938124182936653,1.8958144713262879,1.8958144713262879,457.7469456869188,457.7469456869188,0.04595115187082645,0.04595115187082645,1.0,1.0,0.0021846131564492244,0.0021846131554659177,0.0,0.0,1.0,0.5,0.9479072356631439,0.04425824990925487,21.417639368598458,0.49999999999949996,0.0,0.0,0.000589471310377121,0.00053425133228302,0.005225018598139286,0.0,0.0,0,True,True,True,
42,dp_sgd_lr0p50,dp_sgd,6f5bfa6c60eeb2ad400161beec4006ab7b7da4908d9989b6db2c608560d2f56e,193,1,0.7527652978897095,0.5,,,0.4140625,0.07591131771604291,1.896171314089384,1.8977524530209757,1.8977524530209757,623.9389298502782,623.9389298502782,0.040820408569644626,0.040820408569644626,1.0,1.0,0.0016027209587100922,0.0016027209591056274,0.0,0.0,1.0,0.5,0.9488762265104879,0.037955658858021456,24.999598348032762,0.49999999999949996,0.0,0.0,0.0006478168070316315,0.0005949074402451515,0.0056830160319805145,0.0,0.0,0,True,True,True,
42,dp_sgd_lr0p50,dp_sgd,6f5bfa6c60eeb2ad400161beec4006ab7b7da4908d9989b6db2c608560d2f56e,194,1,0.6000587940216064,0.5,,,0.375,0.058648040416867206,1.9000534978081243,1.901024614017492,1.901024614017492,1049.6019925515825,1049.6019925515825,0.03197952144086665,0.03197952144086665,1.0,1.0,0.0009527420934843986,0.0009527420935980728,0.0,0.0,1.0,0.5,0.950512307008746,0.029324020208433603,32.41411989966383,0.49999999999949996,0.0,0.0,0.0003930293023586273,0.00045407842844724655,0.005098134279251099,0.0,0.0,0,True,True,True,
42,dp_sgd_lr0p50,dp_sgd,6f5bfa6c60eeb2ad400161beec4006ab7b7da4908d9989b6db2c608560d2f56e,195,1,0.3140169084072113,0.5,,,0.359375,0.04150479338094937,1.8958900048286793,1.896377460849561,1.896377460849561,2086.554636857356,2086.554636857356,0.022686240538511416,0.022686240538511416,1.0,1.0,0.00047925895720869326,0.00047925895733803516,0.0,0.0,1.0,0.5,0.9481887304247805,0.020752396690474684,45.690565023475436,0.49999999999949996,0.0,0.0,0.0006146030500531197,0.0005519278347492218,0.0054109543561935425,0.0,0.0,0,True,True,True,
42,dp_sgd_lr0p50,dp_sgd,6f5bfa6c60eeb2ad400161beec4006ab7b7da4908d9989b6db2c608560d2f56e,196,1,0.8934752941131592,0.5,,,0.453125,0.07302759695262805,1.9011539766539747,1.902693971213236,1.902693971213236,677.7360147498716,677.7360147498716,0.04026988856848592,0.04026988856848592,1.0,1.0,0.0014755007525773544,0.0014755007529582305,0.0,0.0,1.0,0.5,0.951346985606618,0.03651379847631402,26.054451338380716,0.49999999999949996,0.0,0.0,0.0006721960380673409,0.0005806470289826393,0.005663754418492317,0.0,0.0,0,True,True,True,
42,dp_sgd_lr0p50,dp_sgd,6f5bfa6c60eeb2ad400161beec4006ab7b7da4908d9989b6db2c608560d2f56e,197,1,0.6863702535629272,0.5,,,0.37890625,0.09178774986009772,1.9019546600599928,1.9039943126644725,1.9039943126644725,429.36918484857597,429.36918484857597,0.04631349884243056,0.04631349884243056,1.0,1.0,0.0023289980631323024,0.0023289980629115944,0.0,0.0,1.0,0.5,0.9519971563322362,0.04589387493004886,20.743446870906425,0.49999999999949996,0.0,0.0,0.0005827555432915688,0.000524706207215786,0.00521615706384182,0.0,0.0,0,True,True,True,
42,dp_sgd_lr0p50,dp_sgd,6f5bfa6c60eeb2ad400161beec4006ab7b7da4908d9989b6db2c608560d2f56e,198,1,0.6022810935974121,0.5,,,0.328125,0.08561556476058345,1.8966451062835727,1.898657904741419,1.898657904741419,490.7572202561561,490.7572202561561,0.046043602091786075,0.046043602091786075,1.0,1.0,0.002037667422073456,0.0020376674224319115,0.0,0.0,1.0,0.5,0.9493289523707095,0.042807782380291724,22.176550607433345,0.49999999999949996,0.0,0.0,0.0006492724642157555,0.0006034290418028831,0.0057057542726397514,0.0,0.0,0,True,True,True,
42,dp_sgd_lr0p50,dp_sgd,6f5bfa6c60eeb2ad400161beec4006ab7b7da4908d9989b6db2c608560d2f56e,199,1,0.5258074998855591,0.5,0.49885551488399504,0.8917,0.36328125,0.07789766405684895,1.9017732416316946,1.9033317098553888,1.9033317098553888,596.030653515501,596.030653515501,0.04046192157092568,0.04046192157092568,1.0,1.0,0.00167776605772998,0.0016777660578877278,0.0,0.0,1.0,0.5,0.9516658549276944,0.038948832028424474,24.43374564373957,0.49999999999949996,0.0,0.0,0.0005911635234951973,0.0005310587584972382,0.005220810882747173,0.0,0.0,0,True,True,True,
42,dp_sgd_lr0p50,dp_sgd,6f5bfa6c60eeb2ad400161beec4006ab7b7da4908d9989b6db2c608560d2f56e,200,1,0.4972268044948578,0.5,,,0.39453125,0.03969319854701634,1.9031958840028815,1.9036594553675463,1.9036594553675463,2298.977846176946,2298.977846176946,0.022102938164163817,0.022102938164163817,1.0,1.0,0.00043497591811420076,0.00043497591815264705,0.0,0.0,1.0,0.5,0.9518297276837732,0.01984659927350817,47.959336232799565,0.49999999999949996,0.09272733516991138,0.0,0.00041445810347795486,0.0003346716985106468,0.004147610627114773,0.0,0.0,0,True,True,True,
42,dp_sgd_lr0p50,dp_sgd,6f5bfa6c60eeb2ad400161beec4006ab7b7da4908d9989b6db2c608560d2f56e,201,1,0.42844077944755554,0.5,,,0.37890625,0.05664031081803605,1.8986364386308228,1.8993366370314018,1.8993366370314018,1123.6533922329832,1123.6533922329832,0.027270464169491037,0.027270464169491037,1.0,1.0,0.0008899541500967317,0.0008899541502328688,0.0,0.0,1.0,0.5,0.9496683185157009,0.028320155409018024,33.533301804543186,0.49999999999949996,0.0,0.0,0.0005147000774741173,0.0004361523315310478,0.005080835893750191,0.0,0.0,0,True,True,True,
42,dp_sgd_lr0p50,dp_sgd,6f5bfa6c60eeb2ad400161beec4006ab7b7da4908d9989b6db2c608560d2f56e,202,1,0.46002674102783203,0.5,,,0.38671875,0.07475428582337164,1.9018121481548782,1.903179644307714,1.903179644307714,647.2365597822243,647.2365597822243,0.03792595607825653,0.03792595607825653,1.0,1.0,0.0015450301511973383,0.0015450301513215683,0.0,0.0,1.0,0.5,0.951589822153857,0.03737714291168582,25.459137536991545,0.49999999999949996,0.0,0.0,0.0005246959626674652,0.00045907218009233475,0.0059911636635661125,0.0,0.0,0,True,True,True,
42,dp_sgd_lr0p50,dp_sgd,6f5bfa6c60eeb2ad400161beec4006ab7b7da4908d9989b6db2c608560d2f56e,203,1,0.5077154040336609,0.5,,,0.38671875,0.12289240366694917,1.8990694208839525,1.9028128129389585,1.9028128129389585,238.79850525720653,238.79850525720653,0.06272306499116914,0.06272306499116914,1.0,1.0,0.004187630901861897,0.004187630902245889,0.0,0.0,1.0,0.5,0.9514064064694793,0.06144620183347459,15.483567381958013,0.49999999999949996,0.0,0.0,0.0007159681990742683,0.0006384141743183136,0.0063897669315338135,0.0,0.0,0,True,True,True,
42,dp_sgd_lr0p50,dp_sgd,6f5bfa6c60eeb2ad400161beec4006ab7b7da4908d9989b6db2c608560d2f56e,204,1,0.7345384955406189,0.5,,,0.3359375,0.07921561882475818,1.898245476016811,1.8996039693187055,1.8996039693187055,574.2263382021106,574.2263382021106,0.03799374062111575,0.03799374062111575,1.0,1.0,0.0017414735850872667,0.001741473585218924,0.0,0.0,1.0,0.5,0.9498019846593527,0.03960780941237909,23.98016953541793,0.49999999999949996,0.0,0.0,0.0006962418556213379,0.0006117671728134155,0.006184807047247887,0.0,0.0,0,True,True,True,
42,dp_sgd_lr0p50,dp_sgd,6f5bfa6c60eeb2ad400161beec4006ab7b7da4908d9989b6db2c608560d2f56e,205,1,0.3101278245449066,0.5,,,0.29296875,0.035442048463919795,1.8955687513645967,1.895979822380033,1.895979822380033,2860.4966984841935,2860.4966984841935,0.02094377278755767,0.02094377278755767,1.0,1.0,0.00034958963586063273,0.0003495896359187394,0.0,0.0,1.0,0.5,0.9479899111900165,0.017721024231959898,53.49520991155917,0.49999999999949996,0.0,0.0,0.0005714800208806992,0.00048239994794130325,0.006669163703918457,0.0,0.0,0,True,True,True,
42,dp_sgd_lr0p50,dp_sgd,6f5bfa6c60eeb2ad400161beec4006ab7b7da4908d9989b6db2c608560d2f56e,206,1,0.3368011713027954,0.5,,,0.34765625,0.06058870227864812,1.8986739916366677,1.8998051376665255,1.8998051376665255,982.0135976676486,982.0135976676486,0.034609729498930514,0.034609729498930514,1.0,1.0,0.0010183158380926568,0.0010183158379166335,0.0,0.0,1.0,0.5,0.9499025688332627,0.03029435113932406,31.355765450571774,0.49999999999949996,0.0,0.0,0.0006315270438790321,0.0006050504744052887,0.006191026419401169,0.0,0.0,0,True,True,True,
42,dp_sgd_lr0p50,dp_sgd,6f5bfa6c60eeb2ad400161beec4006ab7b7da4908d9989b6db2c608560d2f56e,207,1,0.9390571713447571,0.5,,,0.41796875,0.06736569539629386,1.8977636179076356,1.8989924912755014,1.8989924912755014,793.6090988755697,793.6090988755697,0.035973144840536354,0.035973144840536354,1.0,1.0,0.001260066197824879,0.0012600661978560599,0.0,0.0,1.0,0.5,0.9494962456377507,0.03368284769814693,28.189310301747383,0.49999999999949996,0.0,0.0,0.000674346461892128,0.0005876971408724785,0.005940146744251251,0.0,0.0,0,True,True,True,
42,dp_sgd_lr0p50,dp_sgd,6f5bfa6c60eeb2ad400161beec4006ab7b7da4908d9989b6db2c608560d2f56e,208,1,0.6453231573104858,0.5,,,0.359375,0.07263626436802698,1.898519377106627,1.8999704022091743,1.8999704022091743,683.1610020126009,683.1610020126009,0.03908406919675931,0.03908406919675931,1.0,1.0,0.0014637837886884253,0.0014637837882494874,0.0,0.0,1.0,0.5,0.9499852011045872,0.03631813218401349,26.15732538956379,0.49999999999949996,0.0,0.0,0.0006615845486521721,0.000576450489461422,0.005956195294857025,0.0,0.0,0,True,True,True,
42,dp_sgd_lr0p50,dp_sgd,6f5bfa6c60eeb2ad400161beec4006ab7b7da4908d9989b6db2c608560d2f56e,209,1,0.6127661466598511,0.5,,,0.3515625,0.07689036241607759,1.8961090614312197,1.8977850153632756,1.8977850153632756,608.110933001923,608.110933001923,0.04204496876500937,0.04204496876500937,1.0,1.0,0.0016444368051304475,0.0016444368047364936,0.0,0.0,1.0,0.5,0.9488925076816378,0.038445181208038796,24.681702045367,0.49999999999949996,0.0,0.0,0.0006651720032095909,0.0005816807970404625,0.005955751985311508,0.0,0.0,0,True,True,True,
42,dp_sgd_lr0p50,dp_sgd,6f5bfa6c60eeb2ad400161beec4006ab7b7da4908d9989b6db2c608560d2f56e,210,1,0.3643238842487335,0.5,,,0.328125,0.046750711128984,1.8950788581603775,1.8957948427477607,1.8957948427477607,1643.153477412543,1643.153477412543,0.027642161597580296,0.027642161597580296,1.0,1.0,0.000608585876662524,0.0006085858765496932,0.0,0.0,1.0,0.5,0.9478974213738803,0.023375355564492,40.5511445042239,0.49999999999949996,0.0,0.0,0.0006660735234618187,0.000584716908633709,0.005987237207591534,0.0,0.0,0,True,True,True,
42,dp_sgd_lr0p50,dp_sgd,6f5bfa6c60eeb2ad400161beec4006ab7b7da4908d9989b6db2c608560d2f56e,211,1,0.4153618812561035,0.5,,,0.375,0.05991747132199178,1.9022098773318754,1.9033637830999575,1.9033637830999575,1007.88251587094,1007.88251587094,0.03499230400756279,0.03499230400756279,1.0,1.0,0.0009921791319666376,0.0009921791318406477,0.0,0.0,1.0,0.5,0.9516818915499787,0.02995873566099589,31.766423733202913,0.49999999999949996,0.0,0.0,0.0007164366543292999,0.0006105676293373108,0.006192921660840511,0.0,0.0,0,True,True,True,
42,dp_sgd_lr0p50,dp_sgd,6f5bfa6c60eeb2ad400161beec4006ab7b7da4908d9989b6db2c608560d2f56e,212,1,0.8124362826347351,0.5,,,0.421875,0.04607728908452509,1.9009079240502176,1.9015288967378612,1.9015288967378612,1701.9559764785056,1701.9559764785056,0.025590415087109446,0.025590415087109446,1.0,1.0,0.0005875592631942244,0.0005875592631383213,0.0,0.0,1.0,0.5,0.9507644483689306,0.023038644542262544,41.26824590672256,0.49999999999949996,0.0,0.0,0.0005701323971152306,0.000492418184876442,0.00616068672388792,0.0,0.0,0,True,True,True,
42,dp_sgd_lr0p50,dp_sgd,6f5bfa6c60eeb2ad400161beec4006ab7b7da4908d9989b6db2c608560d2f56e,213,1,0.5066981315612793,0.5,,,0.3515625,0.06340636247947638,1.9031560117550952,1.9040833748818955,1.9040833748818955,900.9135190314328,900.9135190314328,0.03127225063876261,0.03127225063876261,1.0,1.0,0.0011099844531427222,0.0011099844533534646,0.0,0.0,1.0,0.5,0.9520416874409477,0.03170318123973819,30.029847169330317,0.49999999999949996,0.0,0.0,0.0007587969303131104,0.0006794370710849762,0.006711111404001713,0.0,0.0,0,True,True,True,
42,dp_sgd_lr0p50,dp_sgd,6f5bfa6c60eeb2ad400161beec4006ab7b7da4908d9989b6db2c608560d2f56e,214,1,0.6447877883911133,0.5,,,0.375,0.07867107213947001,1.8913701099893234,1.8931208789237217,1.8931208789237217,577.9934343766053,577.9934343766053,0.04302214343259431,0.04302214343259431,1.0,1.0,0.0017301234587840896,0.0017301234584715022,0.0,0.0,1.0,0.5,0.9465604394618609,0.03933553606973501,24.063748305341804,0.49999999999949996,0.0,0.0,0.0005593346431851387,0.00048219505697488785,0.006609586998820305,0.0,0.0,0,True,True,True,
42,dp_sgd_lr0p50,dp_sgd,6f5bfa6c60eeb2ad400161beec4006ab7b7da4908d9989b6db2c608560d2f56e,215,1,0.5178897380828857,0.5,,,0.328125,0.08472936421032784,1.9006709192919446,1.9025760662018605,1.9025760662018605,503.20617833719933,503.20617833719933,0.044740837672398094,0.044740837672398094,1.0,1.0,0.0019872569990393232,0.0019872569995200537,0.0,0.0,1.0,0.5,0.9512880331009302,0.04236468210516392,22.454742625403085,0.49999999999949996,0.0,0.0,0.0006649699062108994,0.0006065750494599342,0.006101289764046669,0.0,0.0,0,True,True,True,
42,dp_sgd_lr0p50,dp_sgd,6f5bfa6c60eeb2ad400161beec4006ab7b7da4908d9989b6db2c608560d2f56e,216,1,0.5497472286224365,0.5,,,0.33984375,0.07833022268211026,1.8962359021577986,1.8977861725514147,1.8977861725514147,586.0383103320867,586.0383103320867,0.0404206506024125,0.0404206506024125,1.0,1.0,0.0017063730855241793,0.0017063730855616506,0.0,0.0,1.0,0.5,0.9488930862757073,0.03916511134105513,24.228019626661826,0.49999999999949996,0.0,0.0,0.0006928285583853722,0.0006073359400033951,0.006135077215731144,0.0,0.0,0,True,True,True,
42,dp_sgd_lr0p50,dp_sgd,6f5bfa6c60eeb2ad400161beec4006ab7b7da4908d9989b6db2c608560d2f56e,217,1,0.5646925568580627,0.5,,,0.4140625,0.06376848838059453,1.899316479299498,1.9004662707983642,1.9004662707983642,887.1201178828913,887.1201178828913,0.03480232555333111,0.03480232555333111,1.0,1.0,0.0011272430639272415,0.001127243064016042,0.0,0.0,1.0,0.5,0.9502331353991821,0.03188424419029726,29.802592455948705,0.49999999999949996,0.0,0.0,0.0006759902462363243,0.0005849478766322136,0.0059163132682442665,0.0,0.0,0,True,True,True,
42,dp_sgd_lr0p50,dp_sgd,6f5bfa6c60eeb2ad400161beec4006ab7b7da4908d9989b6db2c608560d2f56e,218,1,0.5389410853385925,0.5,,,0.39453125,0.06856012779016457,1.894320152196473,1.8954090416922544,1.8954090416922544,763.4199798821307,763.4199798821307,0.0339635334379314,0.0339635334379314,1.0,1.0,0.0013098949806649989,0.0013098949807970608,0.0,0.0,1.0,0.5,0.9477045208461272,0.034280063895082286,27.645937992386184,0.49999999999949996,0.0,0.0,0.0006943261250853539,0.0006305249407887459,0.005975403822958469,0.0,0.0,0,True,True,True,
42,dp_sgd_lr0p50,dp_sgd,6f5bfa6c60eeb2ad400161beec4006ab7b7da4908d9989b6db2c608560d2f56e,219,1,0.42144736647605896,0.5,,,0.359375,0.048375789587591,1.898331437134113,1.8990028226247408,1.8990028226247408,1539.8837866790423,1539.8837866790423,0.026613245737432355,0.026613245737432355,1.0,1.0,0.0006493996548460585,0.0006493996547709207,0.0,0.0,1.0,0.5,0.9495014113123704,0.0241878947937955,39.25523156801039,0.49999999999949996,0.0,0.0,0.0007543899118900299,0.0006627542898058891,0.006644691340625286,0.0,0.0,0,True,True,True,
42,dp_sgd_lr0p50,dp_sgd,6f5bfa6c60eeb2ad400161beec4006ab7b7da4908d9989b6db2c608560d2f56e,220,1,0.7232436537742615,0.5,,,0.41015625,0.04786222641759385,1.9000499689789778,1.9007026436858925,1.9007026436858925,1575.9565914571715,1575.9565914571715,0.026224855687501287,0.026224855687501287,1.0,1.0,0.0006345352435364772,0.0006345352433848843,0.0,0.0,1.0,0.5,0.9503513218429462,0.023931113208796925,39.71195629352885,0.49999999999949996,0.0,0.0,0.000707956962287426,0.0006150510162115097,0.0061933668330311775,0.0,0.0,0,True,True,True,
42,dp_sgd_lr0p50,dp_sgd,6f5bfa6c60eeb2ad400161beec4006ab7b7da4908d9989b6db2c608560d2f56e,221,1,0.5004492402076721,0.5,,,0.34765625,0.04272628191005323,1.8928101195378566,1.8933392387939327,1.8933392387939327,1962.5643009619932,1962.5643009619932,0.023665512812746658,0.023665512812746658,1.0,1.0,0.0005095374449447413,0.0005095374448980426,0.0,0.0,1.0,0.5,0.9466696193969664,0.021363140955026616,44.31322254276975,0.49999999999949996,0.0,0.0,0.0006203902885317802,0.00048188213258981705,0.005787445232272148,0.0,0.0,0,True,True,True,
42,dp_sgd_lr0p50,dp_sgd,6f5bfa6c60eeb2ad400161beec4006ab7b7da4908d9989b6db2c608560d2f56e,222,1,0.4796562194824219,0.5,,,0.3671875,0.05687255632618206,1.8969737445164274,1.897773806710502,1.897773806710502,1112.5438589094315,1112.5438589094315,0.029048685378580647,0.029048685378580647,1.0,1.0,0.0008988409685446484,0.0008988409684630758,0.0,0.0,1.0,0.5,0.948886903355251,0.02843627816309103,33.36888526268158,0.49999999999949996,0.0,0.0,0.0007786722853779793,0.0006738640367984772,0.00668413657695055,0.0,0.0,0,True,True,True,
42,dp_sgd_lr0p50,dp_sgd,6f5bfa6c60eeb2ad400161beec4006ab7b7da4908d9989b6db2c608560d2f56e,223,1,0.4249551296234131,0.5,,,0.34375,0.061148390197786055,1.898455820496541,1.899324861685857,1.899324861685857,963.8976766362534,963.8976766362534,0.03030615462611151,0.03030615462611151,1.0,1.0,0.0010374545182243974,0.0010374545179167374,0.0,0.0,1.0,0.5,0.9496624308429285,0.030574195098893028,31.06091354948707,0.49999999999949996,0.0,0.0,0.0007727760821580887,0.0006656553596258163,0.006404712796211243,0.0,0.0,0,True,True,True,
42,dp_sgd_lr0p50,dp_sgd,6f5bfa6c60eeb2ad400161beec4006ab7b7da4908d9989b6db2c608560d2f56e,224,1,0.506854772567749,0.5,,,0.328125,0.06673654135911297,1.9012766646402137,1.9022001302470541,1.9022001302470541,811.6396310862515,811.6396310862515,0.031376056709203716,0.031376056709203716,1.0,1.0,0.001232073892740861,0.0012320738927849545,0.0,0.0,1.0,0.5,0.9511000651235271,0.033368270679556486,28.503127244101627,0.49999999999949996,0.0,0.0,0.0005575176328420639,0.00047835614532232285,0.006309686228632927,0.0,0.0,0,True,True,True,
42,dp_sgd_lr0p50,dp_sgd,6f5bfa6c60eeb2ad400161beec4006ab7b7da4908d9989b6db2c608560d2f56e,225,1,0.6396161317825317,0.5,,,0.36328125,0.04809643748145246,1.900487378221389,1.9012146338593474,1.9012146338593474,1561.36399615569,1561.36399615569,0.027766758787842898,0.027766758787842898,1.0,1.0,0.0006404656454417948,0.000640465645531351,0.0,0.0,1.0,0.5,0.9506073169296737,0.02404821874072623,39.52921948768989,0.49999999999949996,0.0,0.0,0.0007876604795455933,0.0006689541041851044,0.006459980271756649,0.0,0.0,0,True,True,True,
42,dp_sgd_lr0p50,dp_sgd,6f5bfa6c60eeb2ad400161beec4006ab7b7da4908d9989b6db2c608560d2f56e,226,1,0.5953295230865479,0.5,,,0.3828125,0.049608584369367645,1.9013810430390694,1.9019920385873612,1.9019920385873612,1469.0096568407173,1469.0096568407173,0.02535556644828436,0.02535556644828436,1.0,1.0,0.0006807307187782599,0.0006807307186565148,0.0,0.0,1.0,0.5,0.9509960192936806,0.024804292184683822,38.33997810437673,0.49999999999949996,0.0,0.0,0.0005594193935394287,0.00048360787332057953,0.006306733004748821,0.0,0.0,0,True,True,True,
42,dp_sgd_lr0p50,dp_sgd,6f5bfa6c60eeb2ad400161beec4006ab7b7da4908d9989b6db2c608560d2f56e,227,1,0.8518282771110535,0.5,,,0.33984375,0.041048401842432906,1.8983238490087582,1.8987558263075703,1.8987558263075703,2138.6912921296926,2138.6912921296926,0.021331700364389902,0.021331700364389902,1.0,1.0,0.0004675756632507949,0.0004675756632946596,0.0,0.0,1.0,0.5,0.9493779131537852,0.020524200921216453,46.25651038750696,0.49999999999949996,0.0,0.0,0.0007692296057939529,0.0006700288504362106,0.0063335588201880455,0.0,0.0,0,True,True,True,
42,dp_sgd_lr0p50,dp_sgd,6f5bfa6c60eeb2ad400161beec4006ab7b7da4908d9989b6db2c608560d2f56e,228,1,0.49442997574806213,0.5,,,0.34375,0.06564799127638989,1.8991100236601797,1.9000429510223722,1.9000429510223722,836.8687831517371,836.8687831517371,0.03148296506299908,0.03148296506299908,1.0,1.0,0.0011949304597090823,0.0011949304599837556,0.0,0.0,1.0,0.5,0.9500214755111861,0.03282399563819494,28.942895494927832,0.49999999999949996,0.0,0.0,0.0005610911175608635,0.0004968065768480301,0.006288678385317326,0.0,0.0,0,True,True,True,
42,dp_sgd_lr0p50,dp_sgd,6f5bfa6c60eeb2ad400161beec4006ab7b7da4908d9989b6db2c608560d2f56e,229,1,0.5948089361190796,0.5,,,0.3515625,0.06585758079081826,1.896915270744435,1.8981957355109438,1.8981957355109438,829.6297530170845,829.6297530170845,0.03678379441597436,0.03678379441597436,1.0,1.0,0.0012053569633110382,0.0012053569634848345,0.0,0.0,1.0,0.5,0.9490978677554719,0.03292879039540913,28.822737073845587,0.49999999999949996,0.0,0.0,0.0007846327498555183,0.0006775055080652237,0.006503310985863209,0.0,0.0,0,True,True,True,
42,dp_sgd_lr0p50,dp_sgd,6f5bfa6c60eeb2ad400161beec4006ab7b7da4908d9989b6db2c608560d2f56e,230,1,0.48853355646133423,0.5,,,0.32421875,0.05333007177825886,1.8969264194884148,1.8976296066736495,1.8976296066736495,1265.1925731058238,1265.1925731058238,0.027234883094227294,0.027234883094227294,1.0,1.0,0.0007903935107627873,0.000790393510511744,0.0,0.0,1.0,0.5,0.9488148033368248,0.02666503588912943,35.58273115574717,0.49999999999949996,0.0,0.0,0.000555756501853466,0.00048803258687257767,0.0062923915684223175,0.0,0.0,0,True,True,True,
42,dp_sgd_lr0p50,dp_sgd,6f5bfa6c60eeb2ad400161beec4006ab7b7da4908d9989b6db2c608560d2f56e,231,1,0.608025848865509,0.5,,,0.38671875,0.0896829697173903,1.8956066692334754,1.8978843568081074,1.8978843568081074,446.76227548215724,446.76227548215724,0.04900895291127123,0.04900895291127123,1.0,1.0,0.0022383268569311607,0.0022383268567070817,0.0,0.0,1.0,0.5,0.9489421784040537,0.04484148485869515,21.16214887560494,0.49999999999949996,0.0,0.0,0.0007673492655158043,0.0006669936701655388,0.006358790211379528,0.0,0.0,0,True,True,True,
42,dp_sgd_lr0p50,dp_sgd,6f5bfa6c60eeb2ad400161beec4006ab7b7da4908d9989b6db2c608560d2f56e,232,1,0.589791476726532,0.5,,,0.35546875,0.07200100113032236,1.8988477259313983,1.9001513504669023,1.9001513504669023,695.5097257477073,695.5097257477073,0.0370455564272424,0.0370455564272424,1.0,1.0,0.0014377944157887618,0.0014377944157650546,0.0,0.0,1.0,0.5,0.9500756752334512,0.03600050056516118,26.390624027224742,0.49999999999949996,0.0,0.0,0.000567273236811161,0.0004870845004916191,0.0065945228561758995,0.0,0.0,0,True,True,True,
42,dp_sgd_lr0p50,dp_sgd,6f5bfa6c60eeb2ad400161beec4006ab7b7da4908d9989b6db2c608560d2f56e,233,1,0.6071807146072388,0.5,,,0.3359375,0.03858458237953917,1.8970484232538258,1.8975014672756076,1.8975014672756076,2417.292613384988,2417.292613384988,0.021907387403003048,0.021907387403003048,1.0,1.0,0.0004136859533640426,0.0004136859533682287,0.0,0.0,1.0,0.5,0.9487507336378038,0.019292291189769585,49.177711670230984,0.49999999999949996,0.0,0.0,0.0006950404495000839,0.0006262622773647308,0.0061470139771699905,0.0,0.0,0,True,True,True,
42,dp_sgd_lr0p50,dp_sgd,6f5bfa6c60eeb2ad400161beec4006ab7b7da4908d9989b6db2c608560d2f56e,234,2,0.6665138602256775,0.5,,,0.38671875,0.052827416710652074,1.8939710794045719,1.8946159231016229,1.8946159231016229,1285.3693450327617,1285.3693450327617,0.02614599117725069,0.02614599117725069,1.0,1.0,0.0007779865013164015,0.0007779865014799027,0.0,0.0,1.0,0.5,0.9473079615508114,0.026413708355326037,35.86425460489848,0.49999999999949996,0.0,0.0,0.0005584508180618286,0.00048753712326288223,0.006155824288725853,0.0,0.0,0,True,True,True,
42,dp_sgd_lr0p50,dp_sgd,6f5bfa6c60eeb2ad400161beec4006ab7b7da4908d9989b6db2c608560d2f56e,235,2,0.41712403297424316,0.5,,,0.375,0.07145219343197706,1.8970937781887727,1.8986858250244316,1.8986858250244316,704.9307716421599,704.9307716421599,0.04108816911058063,0.04108816911058063,1.0,1.0,0.0014185790151766504,0.0014185790150616794,0.0,0.0,1.0,0.5,0.9493429125122158,0.03572609671598853,26.572813706255875,0.49999999999949996,0.0,0.0,0.0007830634713172913,0.0006724363192915916,0.006497113034129143,0.0,0.0,0,True,True,True,
42,dp_sgd_lr0p50,dp_sgd,6f5bfa6c60eeb2ad400161beec4006ab7b7da4908d9989b6db2c608560d2f56e,236,2,0.5561563372612,0.5,,,0.36328125,0.058365220668162014,1.897395776952634,1.8983086898892918,1.8983086898892918,1056.8359922099667,1056.8359922099667,0.031010577845300286,0.031010577845300286,1.0,1.0,0.0009462206123535306,0.0009462206123373784,0.0,0.0,1.0,0.5,0.9491543449446459,0.029182610334081007,32.52465540423737,0.49999999999949996,0.0,0.0,0.0005548177286982536,0.0004842812195420265,0.006039631552994251,0.0,0.0,0,True,True,True,
42,dp_sgd_lr0p50,dp_sgd,6f5bfa6c60eeb2ad400161beec4006ab7b7da4908d9989b6db2c608560d2f56e,237,2,0.5527705550193787,0.5,,,0.35546875,0.06431834539707174,1.8954072998180098,1.896647164525215,1.896647164525215,868.4311053384585,868.4311053384585,0.03622650002968573,0.03622650002968573,1.0,1.0,0.0011515018216306937,0.00115150182179697,0.0,0.0,1.0,0.5,0.9483235822626075,0.03215917269853587,29.48843215348926,0.49999999999949996,0.0,0.0,0.0007094638422131538,0.0006047189235687256,0.006179154850542545,0.0,0.0,0,True,True,True,
42,dp_sgd_lr0p50,dp_sgd,6f5bfa6c60eeb2ad400161beec4006ab7b7da4908d9989b6db2c608560d2f56e,238,2,0.5245794057846069,0.5,,,0.37109375,0.05921436985450839,1.8945676796650435,1.8956088254018055,1.8956088254018055,1023.6842567210027,1023.6842567210027,0.03319665103930307,0.03319665103930307,1.0,1.0,0.0009768637088526273,0.0009768637089116903,0.0,0.0,1.0,0.5,0.9478044127009028,0.029607184927254195,32.01264878770731,0.49999999999949996,0.0,0.0,0.0005622580647468567,0.0004853634163737297,0.005936138331890106,0.0,0.0,0,True,True,True,
42,dp_sgd_lr0p50,dp_sgd,6f5bfa6c60eeb2ad400161beec4006ab7b7da4908d9989b6db2c608560d2f56e,239,2,0.7479526400566101,0.5,,,0.37109375,0.05863040647405384,1.8966672922439782,1.8975360031148276,1.8975360031148276,1046.4934141313638,1046.4934141313638,0.030262427176261868,0.030262427176261868,1.0,1.0,0.0009555721863179231,0.0009555721865933097,0.0,0.0,1.0,0.5,0.9487680015574138,0.02931520323702692,32.36436718019054,0.49999999999949996,0.0,0.0,0.0007614614441990852,0.0006723301485180855,0.006645157001912594,0.0,0.0,0,True,True,True,
42,dp_sgd_lr0p50,dp_sgd,6f5bfa6c60eeb2ad400161beec4006ab7b7da4908d9989b6db2c608560d2f56e,240,2,0.41895902156829834,0.5,,,0.3515625,0.050837568292352885,1.8996634768055631,1.9001525799487755,1.9001525799487755,1396.316301201271,1396.316301201271,0.022996894618264336,0.022996894618264336,1.0,1.0,0.0007161701104201678,0.0007161701104989963,0.0,0.0,1.0,0.5,0.9500762899743878,0.025418784146176442,37.37693685399676,0.49999999999949996,0.0,0.0,0.0007181214168667793,0.0006111469119787216,0.006113146431744099,0.0,0.0,0,True,True,True,
42,dp_sgd_lr0p50,dp_sgd,6f5bfa6c60eeb2ad400161beec4006ab7b7da4908d9989b6db2c608560d2f56e,241,2,0.4852670431137085,0.5,,,0.3515625,0.07098409729250259,1.895309358653072,1.896852033549025,1.896852033549025,712.9155482656469,712.9155482656469,0.040434872254890425,0.040434872254890425,1.0,1.0,0.0014026906864831612,0.00140269068647718,0.0,0.0,1.0,0.5,0.9484260167745125,0.035492048646251294,26.72221111271254,0.49999999999949996,0.0,0.0,0.0005534477531909943,0.0004816334694623947,0.006155466660857201,0.0,0.0,0,True,True,True,
42,dp_sgd_lr0p50,dp_sgd,6f5bfa6c60eeb2ad400161beec4006ab7b7da4908d9989b6db2c608560d2f56e,242,2,0.8187859058380127,0.5,,,0.40625,0.10391250991828459,1.8999349607709863,1.903083014321178,1.903083014321178,334.3041736482298,334.3041736482298,0.05757127210432428,0.05757127210432428,1.0,1.0,0.0029912878113192735,0.002991287811330389,0.0,0.0,1.0,0.5,0.951541507160589,0.051956254959142294,18.31428204150885,0.49999999999949996,0.0,0.0,0.0007624290883541107,0.0006975578144192696,0.0066759102046489716,0.0,0.0,0,True,True,True,
42,dp_sgd_lr0p50,dp_sgd,6f5bfa6c60eeb2ad400161beec4006ab7b7da4908d9989b6db2c608560d2f56e,243,2,0.6560907363891602,0.5,,,0.36328125,0.0766129238529358,1.8912219980341096,1.8930561015293161,1.8930561015293161,609.3698285576368,609.3698285576368,0.04416352276158562,0.04416352276158562,1.0,1.0,0.0016410395673778669,0.0016410395677756895,0.0,0.0,1.0,0.5,0.9465280507646581,0.0383064619264679,24.709357198189686,0.49999999999949996,0.0,0.0,0.0005579926073551178,0.0005067223682999611,0.0056507280096411705,0.0,0.0,0,True,True,True,
42,dp_sgd_lr0p50,dp_sgd,6f5bfa6c60eeb2ad400161beec4006ab7b7da4908d9989b6db2c608560d2f56e,244,2,0.4714112877845764,0.5,,,0.3515625,0.07550341654358855,1.8992088530263815,1.9006882833251157,1.9006882833251157,632.7209929123902,632.7209929123902,0.0394487158819906,0.0394487158819906,1.0,1.0,0.0015804754560479277,0.00158047545649049,0.0,0.0,1.0,0.5,0.9503441416625579,0.037751708271794276,25.17354008977184,0.49999999999949996,0.0,0.0,0.0007597766816616058,0.0006726561114192009,0.00669786985963583,0.0,0.0,0,True,True,True,
42,dp_sgd_lr0p50,dp_sgd,6f5bfa6c60eeb2ad400161beec4006ab7b7da4908d9989b6db2c608560d2f56e,245,2,0.7176142334938049,0.5,,,0.375,0.07303485215070976,1.8934264455259957,1.8947236933512033,1.8947236933512033,672.1041365094095,672.1041365094095,0.03702917730691624,0.03702917730691624,1.0,1.0,0.0014878646708020187,0.0014878646705899566,0.0,0.0,1.0,0.5,0.9473618466756016,0.03651742607535488,25.942733332156198,0.49999999999949996,0.0,0.0,0.0006935829296708107,0.0006307587027549744,0.006160443648695946,0.0,0.0,0,True,True,True,
42,dp_sgd_lr0p50,dp_sgd,6f5bfa6c60eeb2ad400161beec4006ab7b7da4908d9989b6db2c608560d2f56e,246,2,0.3724881410598755,0.5,,,0.3359375,0.06286985576708944,1.890205314648137,1.8911617417606839,1.8911617417606839,903.9263191794845,903.9263191794845,0.031830982033833284,0.031830982033833284,1.0,1.0,0.0011062848581004335,0.0011062848586624922,0.0,0.0,1.0,0.5,0.9455808708803419,0.03143492788354472,30.080580249883308,0.49999999999949996,0.0,0.0,0.0006915917620062828,0.0006090803071856499,0.006120422855019569,0.0,0.0,0,True,True,True,
42,dp_sgd_lr0p50,dp_sgd,6f5bfa6c60eeb2ad400161beec4006ab7b7da4908d9989b6db2c608560d2f56e,247,2,0.7460030913352966,0.5,,,0.38671875,0.07487786842473099,1.8967618546370602,1.8979955558622699,1.8979955558622699,641.680244274092,641.680244274092,0.03619633710274829,0.03619633710274829,1.0,1.0,0.0015584085823814396,0.0015584085824480202,0.0,0.0,1.0,0.5,0.9489977779311349,0.03743893421236549,25.347884438236704,0.49999999999949996,0.0,0.0,0.0005612662062048912,0.00048303790390491486,0.006322766654193401,0.0,0.0,0,True,True,True,
42,dp_sgd_lr0p50,dp_sgd,6f5bfa6c60eeb2ad400161beec4006ab7b7da4908d9989b6db2c608560d2f56e,248,2,0.6141526699066162,0.5,,,0.30859375,0.06974146776266851,1.8995803405208311,1.9011493085582862,1.9011493085582862,741.8791505466731,741.8791505466731,0.04082955713192768,0.04082955713192768,1.0,1.0,0.0013479284315474414,0.0013479284315015987,0.0,0.0,1.0,0.5,0.9505746542791431,0.03487073388133426,27.259955511309457,0.49999999999949996,0.0,0.0,0.0007512057200074196,0.0006960304453969002,0.006608491763472557,0.0,0.0,0,True,True,True,
42,dp_sgd_lr0p50,dp_sgd,6f5bfa6c60eeb2ad400161beec4006ab7b7da4908d9989b6db2c608560d2f56e,249,2,0.4889359772205353,0.5,,,0.34375,0.0656067671132789,1.900049481861623,1.9011312475953692,1.9011312475953692,838.750026499552,838.750026499552,0.03373860467383595,0.03373860467383595,1.0,1.0,0.00119225033463284,0.0011922503344661908,0.0,0.0,1.0,0.5,0.9505656237976846,0.03280338355663945,28.977670005517197,0.49999999999949996,0.0,0.0,0.0005614925175905228,0.000490809790790081,0.005797234363853931,0.0,0.0,0,True,True,True,
42,dp_sgd_lr0p50,dp_sgd,6f5bfa6c60eeb2ad400161beec4006ab7b7da4908d9989b6db2c608560d2f56e,250,2,0.5334369540214539,0.5,,,0.33203125,0.06222073639097285,1.8984151745841435,1.8993581584790384,1.8993581584790384,930.9194403303918,930.9194403303918,0.03153110920904427,0.03153110920904427,1.0,1.0,0.0010742068071824887,0.0010742068070533177,0.0,0.0,1.0,0.5,0.9496790792395192,0.031110368195486425,30.526127921133863,0.49999999999949996,0.11564533598721027,0.0,0.0005661286413669586,0.0004864595830440521,0.00633391086012125,0.0,0.0,0,True,True,True,
42,dp_sgd_lr0p50,dp_sgd,6f5bfa6c60eeb2ad400161beec4006ab7b7da4908d9989b6db2c608560d2f56e,251,2,0.3431338667869568,0.5,,,0.31640625,0.07388455854233529,1.898229244986483,1.8996793989917855,1.8996793989917855,660.0699389706741,660.0699389706741,0.039066389537149214,0.039066389537149214,1.0,1.0,0.001514990974101859,0.0015149909737441473,0.0,0.0,1.0,0.5,0.9498396994958928,0.036942279271167645,25.711453603013148,0.49999999999949996,0.0,0.0,0.000695827417075634,0.0006103888154029846,0.006136571988463402,0.0,0.0,0,True,True,True,
42,dp_sgd_lr0p50,dp_sgd,6f5bfa6c60eeb2ad400161beec4006ab7b7da4908d9989b6db2c608560d2f56e,252,2,0.38592642545700073,0.5,,,0.36328125,0.08501865899888311,1.8993544940396738,1.901274086802625,1.901274086802625,499.09538744890693,499.09538744890693,0.04492542831829384,0.04492542831829384,1.0,1.0,0.002003625008383285,0.002003625008621939,0.0,0.0,1.0,0.5,0.9506370434013125,0.042509329499441556,22.36302135491076,0.49999999999949996,0.0,0.0,0.000691436231136322,0.0006037624552845955,0.006131403148174286,0.0,0.0,0,True,True,True,
42,dp_sgd_lr0p50,dp_sgd,6f5bfa6c60eeb2ad400161beec4006ab7b7da4908d9989b6db2c608560d2f56e,253,2,0.6639149188995361,0.5,,,0.35546875,0.07644133982241365,1.899776543283798,1.9011029229444871,1.9011029229444871,617.6585549797828,617.6585549797828,0.037450020104461815,0.037450020104461815,1.0,1.0,0.0016190174842819396,0.0016190174844330192,0.0,0.0,1.0,0.5,0.9505514614722436,0.038220669911206824,24.87008897687214,0.49999999999949996,0.0,0.0,0.0007096929475665092,0.000623130239546299,0.00617363303899765,0.0,0.0,0,True,True,True,
42,dp_sgd_lr0p50,dp_sgd,6f5bfa6c60eeb2ad400161beec4006ab7b7da4908d9989b6db2c608560d2f56e,254,2,0.6258007287979126,0.5,,,0.3515625,0.056177017463352436,1.895658327383667,1.8963942213816978,1.8963942213816978,1138.6828242201918,1138.6828242201918,0.027908549231943237,0.027908549231943237,1.0,1.0,0.0008782076785672816,0.0008782076787037366,0.0,0.0,1.0,0.5,0.9481971106908489,0.028088508731676218,33.757474265188826,0.49999999999949996,0.0,0.0,0.0005856882780790329,0.00048822071403265,0.0060251811519265175,0.0,0.0,0,True,True,True,
42,dp_sgd_lr0p50,dp_sgd,6f5bfa6c60eeb2ad400161beec4006ab7b7da4908d9989b6db2c608560d2f56e,255,2,0.4830401539802551,0.5,,,0.328125,0.04656424859910145,1.8979597804623698,1.8985380027715917,1.8985380027715917,1661.3793631741155,1661.3793631741155,0.024679025740443124,0.024679025740443124,1.0,1.0,0.0006019094866015348,0.0006019094869062818,0.0,0.0,1.0,0.5,0.9492690013857958,0.023282124299550726,40.772439367284946,0.49999999999949996,0.0,0.0,0.0007603755220770836,0.0006711650639772415,0.0066643934696912766,0.0,0.0,0,True,True,True,
42,dp_sgd_lr0p50,dp_sgd,6f5bfa6c60eeb2ad400161beec4006ab7b7da4908d9989b6db2c608560d2f56e,256,2,0.6784133911132812,0.5,,,0.3046875,0.025945266658842128,1.9022980718849198,1.9024361644256769,1.9024361644256769,5375.772205869273,5375.772205869273,0.012141221389935297,0.012141221389935297,1.0,1.0,0.0001860197865940794,0.00018601978663580665,0.0,0.0,1.0,0.5,0.9512180822128384,0.012972633329421064,73.3249802090848,0.49999999999949996,0.0,0.0,0.000639740377664566,0.0005349060520529747,0.005904392339289188,0.0,0.0,0,True,True,True,
42,dp_sgd_lr0p50,dp_sgd,6f5bfa6c60eeb2ad400161beec4006ab7b7da4908d9989b6db2c608560d2f56e,257,2,0.5344337224960327,0.5,,,0.36328125,0.05738292467673223,1.8988910382252489,1.8995407634198076,1.8995407634198076,1095.0519695323135,1095.0519695323135,0.026425106537592277,0.026425106537592277,1.0,1.0,0.0009131986677519244,0.0009131986674336788,0.0,0.0,1.0,0.5,0.9497703817099038,0.028691462338366114,33.102892089497004,0.49999999999949996,0.0,0.0,0.0007621226832270622,0.0006700204685330391,0.006691873073577881,0.0,0.0,0,True,True,True,
42,dp_sgd_lr0p50,dp_sgd,6f5bfa6c60eeb2ad400161beec4006ab7b7da4908d9989b6db2c608560d2f56e,258,2,0.49676865339279175,0.5,,,0.34375,0.05021925581077983,1.8956081847755266,1.8962249607287611,1.8962249607287611,1424.8088526996642,1424.8088526996642,0.025521568628014742,0.025521568628014742,1.0,1.0,0.0007018485305649607,0.0007018485306185237,0.0,0.0,1.0,0.5,0.9481124803643806,0.025109627905389915,37.75892195212914,0.49999999999949996,0.0,0.0,0.0006642518565058708,0.0006088605150580406,0.005928083322942257,0.0,0.0,0,True,True,True,
42,dp_sgd_lr0p50,dp_sgd,6f5bfa6c60eeb2ad400161beec4006ab7b7da4908d9989b6db2c608560d2f56e,259,2,0.4798631966114044,0.5,,,0.28125,0.03430259351008598,1.8955737104937171,1.8957940377036324,1.8957940377036324,3053.707527120392,3053.707527120392,0.01546970028361394,0.01546970028361394,1.0,1.0,0.00032747078437235006,0.000327470784310055,0.0,0.0,1.0,0.5,0.9478970188518162,0.01715129675504299,55.26678433325105,0.49999999999949996,0.0,0.0,0.0006786016747355461,0.0005868459120392799,0.005934756249189377,0.0,0.0,0,True,True,True,
42,dp_sgd_lr0p50,dp_sgd,6f5bfa6c60eeb2ad400161beec4006ab7b7da4908d9989b6db2c608560d2f56e,260,2,0.36342859268188477,0.5,,,0.33984375,0.036967116982122634,1.8966971254440326,1.8970468260890658,1.8970468260890658,2632.4783492834886,2632.4783492834886,0.019202236829928505,0.019202236829928505,1.0,1.0,0.0003798701704574866,0.000379870170514914,0.0,0.0,1.0,0.5,0.9485234130445329,0.018483558491061317,51.31714293283534,0.49999999999949996,0.0,0.0,0.0005749380216002464,0.0004957271739840508,0.00617113895714283,0.0,0.0,0,True,True,True,
42,dp_sgd_lr0p50,dp_sgd,6f5bfa6c60eeb2ad400161beec4006ab7b7da4908d9989b6db2c608560d2f56e,261,2,0.48325568437576294,0.5,,,0.30859375,0.04296757142819329,1.902355991987874,1.9027239767420705,1.9027239767420705,1960.2071361010421,1960.2071361010421,0.019854483523623262,0.019854483523623262,1.0,1.0,0.0005101501678272267,0.0005101501678132295,0.0,0.0,1.0,0.5,0.9513619883710352,0.021483785714096645,44.28279079801628,0.49999999999949996,0.0,0.0,0.0007713641971349716,0.0006931880488991737,0.006600404158234596,0.0,0.0,0,True,True,True,
42,dp_sgd_lr0p50,dp_sgd,6f5bfa6c60eeb2ad400161beec4006ab7b7da4908d9989b6db2c608560d2f56e,262,2,0.5144430994987488,0.5,,,0.3125,0.0409567759818824,1.8993996919985812,1.8996508949586994,1.8996508949586994,2150.706763259106,2150.706763259106,0.016913041676174412,0.016913041676174412,1.0,1.0,0.00046496343271279684,0.0004649634327309783,0.0,0.0,1.0,0.5,0.9498254474793497,0.0204783879909412,46.38184645457112,0.49999999999949996,0.0,0.0,0.00056442990899086,0.0004863208159804344,0.006158339790999889,0.0,0.0,0,True,True,True,
42,dp_sgd_lr0p50,dp_sgd,6f5bfa6c60eeb2ad400161beec4006ab7b7da4908d9989b6db2c608560d2f56e,263,2,0.5565008521080017,0.5,,,0.34375,0.031987546010396835,1.9000882651310331,1.9004263332355722,1.9004263332355722,3528.4641070589305,3528.4641070589305,0.018983688304692777,0.018983688304692777,1.0,1.0,0.00028340942933834367,0.0002834094292862142,0.0,0.0,1.0,0.5,0.9502131666177861,0.015993773005198417,59.41144508237858,0.49999999999949996,0.0,0.0,0.0007594674825668335,0.0006878338754177094,0.00662672333419323,0.0,0.0,0,True,True,True,
42,dp_sgd_lr0p50,dp_sgd,6f5bfa6c60eeb2ad400161beec4006ab7b7da4908d9989b6db2c608560d2f56e,264,2,0.4650726914405823,0.5,,,0.30078125,0.04492279096134398,1.8968234829502564,1.897338271042577,1.897338271042577,1782.8728624897221,1782.8728624897221,0.023296213917992192,0.023296213917992192,1.0,1.0,0.0005608924901732642,0.0005608924902682666,0.0,0.0,1.0,0.5,0.9486691355212885,0.02246139548067199,42.23553858420693,0.49999999999949996,0.0,0.0,0.0005639949813485146,0.0004843287169933319,0.005980378016829491,0.0,0.0,0,True,True,True,
42,dp_sgd_lr0p50,dp_sgd,6f5bfa6c60eeb2ad400161beec4006ab7b7da4908d9989b6db2c608560d2f56e,265,2,0.611150860786438,0.5,,,0.37890625,0.056275542516340676,1.8950416069912646,1.895935447347041,1.895935447347041,1133.961000081532,1133.961000081532,0.030720640640021328,0.030720640640021328,1.0,1.0,0.0008818645435002252,0.0008818645437854485,0.0,0.0,1.0,0.5,0.9479677236735204,0.028137771258170338,33.690220698079266,0.49999999999949996,0.0,0.0,0.0007758894935250282,0.0006711864843964577,0.006678852252662182,0.0,0.0,0,True,True,True,
42,dp_sgd_lr0p50,dp_sgd,6f5bfa6c60eeb2ad400161beec4006ab7b7da4908d9989b6db2c608560d2f56e,266,2,0.2911188304424286,0.5,,,0.30078125,0.05146173549872182,1.8935036872275741,1.8944732013553078,1.8944732013553078,1353.8278802771733,1353.8278802771733,0.03241676421656888,0.03241676421656888,1.0,1.0,0.0007386463332527829,0.0007386463330537007,0.0,0.0,1.0,0.5,0.9472366006776539,0.02573086774936091,36.813239641495095,0.49999999999949996,0.0,0.0,0.0006920211017131805,0.0006026420742273331,0.006100999191403389,0.0,0.0,0,True,True,True,
42,dp_sgd_lr0p50,dp_sgd,6f5bfa6c60eeb2ad400161beec4006ab7b7da4908d9989b6db2c608560d2f56e,267,2,0.6510754823684692,0.5,,,0.3515625,0.07955914071060625,1.8985020844463607,1.9004316884568848,1.9004316884568848,569.4321568698819,569.4321568698819,0.04517325318663352,0.04517325318663352,1.0,1.0,0.0017561354549041409,0.001756135454599579,0.0,0.0,1.0,0.5,0.9502158442284424,0.03977957035530313,23.887031350952725,0.49999999999949996,0.0,0.0,0.0005568722262978554,0.00047748908400535583,0.0060919225215911865,0.0,0.0,0,True,True,True,
42,dp_sgd_lr0p50,dp_sgd,6f5bfa6c60eeb2ad400161beec4006ab7b7da4908d9989b6db2c608560d2f56e,268,2,0.7191957235336304,0.5,,,0.328125,0.06938169115829726,1.8988371737165735,1.9000982001044346,1.9000982001044346,749.0066744548272,749.0066744548272,0.03642656900550139,0.03642656900550139,1.0,1.0,0.0013351015870717686,0.0013351015872313556,0.0,0.0,1.0,0.5,0.9500491000522173,0.03469084557914863,27.386161512184938,0.49999999999949996,0.0,0.0,0.0007172590121626854,0.0006346721202135086,0.0063947224989533424,0.0,0.0,0,True,True,True,
42,dp_sgd_lr0p50,dp_sgd,6f5bfa6c60eeb2ad400161beec4006ab7b7da4908d9989b6db2c608560d2f56e,269,2,0.5529203414916992,0.5,,,0.3125,0.04502183363104993,1.8986993495942917,1.8992587013990443,1.8992587013990443,1778.5498629073184,1778.5498629073184,0.02427465785885828,0.02427465785885828,1.0,1.0,0.0005622558132116226,0.0005622558132991405,0.0,0.0,1.0,0.5,0.9496293506995221,0.022510916815524966,42.18528096565183,0.49999999999949996,0.0,0.0,0.0006652865558862686,0.000600709579885006,0.0059005143120884895,0.0,0.0,0,True,True,True,
42,dp_sgd_lr0p50,dp_sgd,6f5bfa6c60eeb2ad400161beec4006ab7b7da4908d9989b6db2c608560d2f56e,270,2,0.6198738813400269,0.5,,,0.37109375,0.05304997857107803,1.8993940489173782,1.8999240584571198,1.8999240584571198,1281.9164486960929,1281.9164486960929,0.02395044395193016,0.02395044395193016,1.0,1.0,0.0007800820409641745,0.0007800820409677269,0.0,0.0,1.0,0.5,0.9499620292285599,0.026524989285539015,35.81385157092786,0.49999999999949996,0.0,0.0,0.0006920769810676575,0.0005800258368253708,0.005972408689558506,0.0,0.0,0,True,True,True,
42,dp_sgd_lr0p50,dp_sgd,6f5bfa6c60eeb2ad400161beec4006ab7b7da4908d9989b6db2c608560d2f56e,271,2,0.6730570197105408,0.5,,,0.37109375,0.07525891023441975,1.8990483257030129,1.9005613225364275,1.9005613225364275,636.7312752337778,636.7312752337778,0.03989501466356432,0.03989501466356432,1.0,1.0,0.0015705212524012,0.0015705212519801386,0.0,0.0,1.0,0.5,0.9502806612682138,0.03762945511720987,25.253638626522346,0.49999999999949996,0.0,0.0,0.0005813604220747948,0.00048292241990566254,0.005926822312176228,0.0,0.0,0,True,True,True,
42,dp_sgd_lr0p50,dp_sgd,6f5bfa6c60eeb2ad400161beec4006ab7b7da4908d9989b6db2c608560d2f56e,272,2,0.45934921503067017,0.5,,,0.3671875,0.11161258729440622,1.9026948253452702,1.9054677193146645,1.9054677193146645,290.61091562532926,290.61091562532926,0.054113292839512196,0.054113292839512196,1.0,1.0,0.0034410269750799797,0.0034410269739077594,0.0,0.0,1.0,0.5,0.9527338596573323,0.05580629364720311,17.072157948049092,0.49999999999949996,0.0,0.0,0.0007564015686511993,0.0006695156916975975,0.00666934996843338,0.0,0.0,0,True,True,True,
42,dp_sgd_lr0p50,dp_sgd,6f5bfa6c60eeb2ad400161beec4006ab7b7da4908d9989b6db2c608560d2f56e,273,2,0.6160512566566467,0.5,,,0.3359375,0.08579504220043094,1.899914023071083,1.9018090884387011,1.9018090884387011,490.39215280349003,490.39215280349003,0.0446334460882523,0.0446334460882523,1.0,1.0,0.0020391843428713835,0.0020391843429977416,0.0,0.0,1.0,0.5,0.9509045442193506,0.04289752110021547,22.166887964824788,0.49999999999949996,0.0,0.0,0.0005907807499170303,0.0005857590585947037,0.005901518277823925,0.0,0.0,0,True,True,True,
42,dp_sgd_lr0p50,dp_sgd,6f5bfa6c60eeb2ad400161beec4006ab7b7da4908d9989b6db2c608560d2f56e,274,2,0.5276329517364502,0.5,,,0.3359375,0.08085887781363403,1.8977868995271279,1.8995065284914465,1.8995065284914465,550.857756673637,550.857756673637,0.04254159316232466,0.04254159316232466,1.0,1.0,0.0018153506739839505,0.0018153506737194774,0.0,0.0,1.0,0.5,0.9497532642457233,0.040429438906817015,23.491626149233767,0.49999999999949996,0.0,0.0,0.0006702644750475883,0.0006057042628526688,0.006094739772379398,0.0,0.0,0,True,True,True,
42,dp_sgd_lr0p50,dp_sgd,6f5bfa6c60eeb2ad400161beec4006ab7b7da4908d9989b6db2c608560d2f56e,275,2,0.540865421295166,0.5,,,0.3515625,0.09936262418676427,1.8972607672325164,1.9004902992237886,1.9004902992237886,364.5926814866431,364.5926814866431,0.05861618006875458,0.05861618006875458,1.0,1.0,0.002742786815744326,0.0027427868169883846,0.0,0.0,1.0,0.5,0.9502451496118943,0.049681312093382134,19.126812669654637,0.49999999999949996,0.0,0.0,0.0006954781711101532,0.0006011202931404114,0.006173541769385338,0.0,0.0,0,True,True,True,
42,dp_sgd_lr0p50,dp_sgd,6f5bfa6c60eeb2ad400161beec4006ab7b7da4908d9989b6db2c608560d2f56e,276,2,0.5427978038787842,0.5,,,0.34765625,0.0769706275386304,1.8972473449031682,1.8987363231445913,1.8987363231445913,607.572141997714,607.572141997714,0.039606083006629204,0.039606083006629204,1.0,1.0,0.0016458950809411757,0.0016458950806688855,0.0,0.0,1.0,0.5,0.9493681615722956,0.0384853137693152,24.66832327880278,0.49999999999949996,0.0,0.0,0.000620267353951931,0.0005945302546024323,0.005984056740999222,0.0,0.0,0,True,True,True,
42,dp_sgd_lr0p50,dp_sgd,6f5bfa6c60eeb2ad400161beec4006ab7b7da4908d9989b6db2c608560d2f56e,277,2,0.5493914484977722,0.5,,,0.3671875,0.06060938974075633,1.896849668338903,1.8976631396177819,1.8976631396177819,979.4584184103401,979.4584184103401,0.02938814283430207,0.02938814283430207,1.0,1.0,0.0010209723873224764,0.0010209723873216383,0.0,0.0,1.0,0.5,0.9488315698088909,0.030304694870378165,31.30972193701355,0.49999999999949996,0.0,0.0,0.0006986279040575027,0.0006053103134036064,0.006192243658006191,0.0,0.0,0,True,True,True,
42,dp_sgd_lr0p50,dp_sgd,6f5bfa6c60eeb2ad400161beec4006ab7b7da4908d9989b6db2c608560d2f56e,278,2,0.5547980070114136,0.5,,,0.328125,0.05481167869130817,1.898098532675373,1.8988053108952683,1.8988053108952683,1199.1991177674252,1199.1991177674252,0.027325466218842347,0.027325466218842347,1.0,1.0,0.0008338898727082036,0.0008338898727867496,0.0,0.0,1.0,0.5,0.9494026554476341,0.027405839345654086,34.6423491518987,0.49999999999949996,0.0,0.0,0.0007235901430249214,0.0006092805415391922,0.006177247501909733,0.0,0.0,0,True,True,True,
42,dp_sgd_lr0p50,dp_sgd,6f5bfa6c60eeb2ad400161beec4006ab7b7da4908d9989b6db2c608560d2f56e,279,2,0.40927088260650635,0.5,,,0.29296875,0.02847771231300233,1.8974094249873703,1.8976865488009838,1.8976865488009838,4439.273575129607,4439.273575129607,0.017233812963765676,0.017233812963765676,1.0,1.0,0.00022526207989726128,0.00022526207988198053,0.0,0.0,1.0,0.5,0.9488432744004919,0.014238856156501166,66.63760514924734,0.49999999999949996,0.0,0.0,0.0005632685497403145,0.0004808325320482254,0.005887872539460659,0.0,0.0,0,True,True,True,
42,dp_sgd_lr0p50,dp_sgd,6f5bfa6c60eeb2ad400161beec4006ab7b7da4908d9989b6db2c608560d2f56e,280,2,0.6165953278541565,0.5,,,0.328125,0.03566674454510518,1.8988529773190768,1.8992920390035013,1.8992920390035013,2834.3647416499025,2834.3647416499025,0.021698174965596426,0.021698174965596426,1.0,1.0,0.00035281274301751463,0.0003528127429751044,0.0,0.0,1.0,0.5,0.9496460195017506,0.01783337227255259,53.251062386562936,0.49999999999949996,0.0,0.0,0.0007217284291982651,0.0006307633593678474,0.006373021751642227,0.0,0.0,0,True,True,True,
42,dp_sgd_lr0p50,dp_sgd,6f5bfa6c60eeb2ad400161beec4006ab7b7da4908d9989b6db2c608560d2f56e,281,2,0.7591608166694641,0.5,,,0.34765625,0.04862745907200634,1.898731229849052,1.8993269118882756,1.8993269118882756,1524.6277952582636,1524.6277952582636,0.025049224589194743,0.025049224589194743,1.0,1.0,0.0006558977887500922,0.0006558977889793092,0.0,0.0,1.0,0.5,0.9496634559441378,0.02431372953600317,39.05873241284686,0.49999999999949996,0.0,0.0,0.0006628436967730522,0.0005871336907148361,0.005926456302404404,0.0,0.0,0,True,True,True,
42,dp_sgd_lr0p50,dp_sgd,6f5bfa6c60eeb2ad400161beec4006ab7b7da4908d9989b6db2c608560d2f56e,282,2,0.5858891606330872,0.5,,,0.3515625,0.05162188189937507,1.8956460281947694,1.896312561242814,1.896312561242814,1348.4871879740492,1348.4871879740492,0.02652068410273264,0.02652068410273264,1.0,1.0,0.0007415717468749922,0.0007415717466792656,0.0,0.0,1.0,0.5,0.948156280621407,0.025810940949687534,36.7346654441186,0.49999999999949996,0.0,0.0,0.0006645815446972847,0.0005882354453206062,0.005935255438089371,0.0,0.0,0,True,True,True,
42,dp_sgd_lr0p50,dp_sgd,6f5bfa6c60eeb2ad400161beec4006ab7b7da4908d9989b6db2c608560d2f56e,283,2,0.5952473878860474,0.5,,,0.33984375,0.04998819198811994,1.898353054378883,1.8988595288777619,1.8988595288777619,1442.1788172025465,1442.1788172025465,0.02329321975107628,0.02329321975107628,1.0,1.0,0.0006933952902867306,0.0006933952902174049,0.0,0.0,1.0,0.5,0.9494297644388809,0.02499409599405997,37.98616139693685,0.49999999999949996,0.0,0.0,0.0007093613967299461,0.000609339214861393,0.006160062737762928,0.0,0.0,0,True,True,True,
42,dp_sgd_lr0p50,dp_sgd,6f5bfa6c60eeb2ad400161beec4006ab7b7da4908d9989b6db2c608560d2f56e,284,2,0.41437387466430664,0.5,,,0.328125,0.05427960644234302,1.9015728071987277,1.902565491325177,1.902565491325177,1227.3050922816121,1227.3050922816121,0.032548418871861294,0.032548418871861294,1.0,1.0,0.0008147933272249932,0.0008147933272586431,0.0,0.0,1.0,0.5,0.9512827456625885,0.02713980322117151,35.05120276205432,0.49999999999949996,0.0,0.0,0.0005778269842267036,0.000482022762298584,0.005932622589170933,0.0,0.0,0,True,True,True,
42,dp_sgd_lr0p50,dp_sgd,6f5bfa6c60eeb2ad400161beec4006ab7b7da4908d9989b6db2c608560d2f56e,285,2,0.38124221563339233,0.5,,,0.265625,0.03738389776009734,1.9016205156345443,1.9019411633431171,1.9019411633431171,2587.489209750535,2587.489209750535,0.018404265039525424,0.018404265039525424,1.0,1.0,0.00038647504133190204,0.0003864750414176682,0.0,0.0,1.0,0.5,0.9509705816715586,0.01869194888004867,50.87594598740453,0.49999999999949996,0.0,0.0,0.0007589664310216904,0.0006694644689559937,0.006649143993854523,0.0,0.0,0,True,True,True,
42,dp_sgd_lr0p50,dp_sgd,6f5bfa6c60eeb2ad400161beec4006ab7b7da4908d9989b6db2c608560d2f56e,286,2,0.36825239658355713,0.5,,,0.30078125,0.07599463169046661,1.8964125089771298,1.898075596150715,1.898075596150715,622.7300074041024,622.7300074041024,0.04189354759212484,0.04189354759212484,1.0,1.0,0.0016058323638443947,0.0016058323643136096,0.0,0.0,1.0,0.5,0.9490377980753575,0.037997315845233304,24.976443123401207,0.49999999999949996,0.0,0.0,0.0007053324952721596,0.0006063291803002357,0.006051403470337391,0.0,0.0,0,True,True,True,
42,dp_sgd_lr0p50,dp_sgd,6f5bfa6c60eeb2ad400161beec4006ab7b7da4908d9989b6db2c608560d2f56e,287,2,0.6745932102203369,0.5,,,0.3359375,0.10532537289933043,1.8968007183261972,1.899803582794761,1.899803582794761,324.3227396957006,324.3227396957006,0.05620789863920026,0.05620789863920026,1.0,1.0,0.0030833483981044306,0.0030833483983288457,0.0,0.0,1.0,0.5,0.9499017913973805,0.052662686449665215,18.037473122212543,0.49999999999949996,0.0,0.0,0.0005589257925748825,0.0004813848063349724,0.006301245652139187,0.0,0.0,0,True,True,True,
42,dp_sgd_lr0p50,dp_sgd,6f5bfa6c60eeb2ad400161beec4006ab7b7da4908d9989b6db2c608560d2f56e,288,2,0.6458536386489868,0.5,,,0.31640625,0.04144990403671606,1.8909336853661245,1.8915375535873604,1.8915375535873604,2081.16032467432,2081.16032467432,0.02552297183380212,0.02552297183380212,1.0,1.0,0.0004805011836722238,0.00048050118364818643,0.0,0.0,1.0,0.5,0.9457687767936802,0.02072495201835803,45.634304769935774,0.49999999999949996,0.0,0.0,0.000779041089117527,0.0006701834499835968,0.006482558324933052,0.0,0.0,0,True,True,True,
42,dp_sgd_lr0p50,dp_sgd,6f5bfa6c60eeb2ad400161beec4006ab7b7da4908d9989b6db2c608560d2f56e,289,2,0.2742230296134949,0.5,,,0.30859375,0.02916340088019976,1.899296045493472,1.8994500152578764,1.8994500152578764,4241.397656497334,4241.397656497334,0.012956141870272926,0.012956141870272926,1.0,1.0,0.00023577133761369068,0.00023577133760473268,0.0,0.0,1.0,0.5,0.9497250076289382,0.01458170044009988,65.13129325795569,0.49999999999949996,0.0,0.0,0.0005542784929275513,0.0004863245412707329,0.006198599003255367,0.0,0.0,0,True,True,True,
42,dp_sgd_lr0p50,dp_sgd,6f5bfa6c60eeb2ad400161beec4006ab7b7da4908d9989b6db2c608560d2f56e,290,2,0.5363896489143372,0.5,,,0.3125,0.0537166863390924,1.8964168312030103,1.8970609630441626,1.8970609630441626,1246.3762757057355,1246.3762757057355,0.026147114854634237,0.026147114854634237,1.0,1.0,0.000802325926082739,0.0008023259261624955,0.0,0.0,1.0,0.5,0.9485304815220813,0.0268583431695462,35.31604594889059,0.49999999999949996,0.0,0.0,0.000760241411626339,0.0006972281262278557,0.006589903496205807,0.0,0.0,0,True,True,True,
42,dp_sgd_lr0p50,dp_sgd,6f5bfa6c60eeb2ad400161beec4006ab7b7da4908d9989b6db2c608560d2f56e,291,2,0.6068977117538452,0.5,,,0.29296875,0.04437932175102742,1.898277302635389,1.8987837012448994,1.8987837012448994,1829.6077385350711,1829.6077385350711,0.023095416671148956,0.023095416671148956,1.0,1.0,0.0005465652437022729,0.0005465652437179915,0.0,0.0,1.0,0.5,0.9493918506224497,0.02218966087551371,42.785324927039255,0.49999999999949996,0.0,0.0,0.0005722576752305031,0.0004860805347561836,0.006173909641802311,0.0,0.0,0,True,True,True,
42,dp_sgd_lr0p50,dp_sgd,6f5bfa6c60eeb2ad400161beec4006ab7b7da4908d9989b6db2c608560d2f56e,292,2,0.5201408863067627,0.5,,,0.328125,0.04593748387932363,1.8920996429980899,1.8928286048486431,1.8928286048486431,1696.4989660231147,1696.4989660231147,0.02800011988090928,0.02800011988090928,1.0,1.0,0.0005894492242868945,0.00058944922444099,0.0,0.0,1.0,0.5,0.9464143024243216,0.022968741939661814,41.20444667232183,0.49999999999949996,0.0,0.0,0.0007584206759929657,0.0006955713033676147,0.006576753221452236,0.0,0.0,0,True,True,True,
42,dp_sgd_lr0p50,dp_sgd,6f5bfa6c60eeb2ad400161beec4006ab7b7da4908d9989b6db2c608560d2f56e,293,2,0.7299818396568298,0.5,,,0.3125,0.038333788786867155,1.9022372757802133,1.9026023877573401,1.9026023877573401,2462.441285407676,2462.441285407676,0.019597674185706612,0.019597674185706612,1.0,1.0,0.00040610105314801563,0.0004061010531965552,0.0,0.0,1.0,0.5,0.9513011938786701,0.019166894393433578,49.63251606138894,0.49999999999949996,0.0,0.0,0.0005579404532909393,0.00048572197556495667,0.006088536232709885,0.0,0.0,0,True,True,True,
42,dp_sgd_lr0p50,dp_sgd,6f5bfa6c60eeb2ad400161beec4006ab7b7da4908d9989b6db2c608560d2f56e,294,2,0.5539494156837463,0.5,,,0.3203125,0.06526887949464664,1.8977020254741703,1.8987779692137587,1.8987779692137587,845.363958729986,845.363958729986,0.033667194146373015,0.033667194146373015,1.0,1.0,0.0011829224435677503,0.0011829224432401582,0.0,0.0,1.0,0.5,0.9493889846068794,0.03263443974732332,29.09162810603043,0.49999999999949996,0.0,0.0,0.0007648421451449394,0.0006994791328907013,0.006692822091281414,0.0,0.0,0,True,True,True,
42,dp_sgd_lr0p50,dp_sgd,6f5bfa6c60eeb2ad400161beec4006ab7b7da4908d9989b6db2c608560d2f56e,295,2,0.623019814491272,0.5,,,0.3125,0.051374033459012695,1.9030621078401009,1.9037137920668163,1.9037137920668163,1372.2037298128712,1372.2037298128712,0.02617602707182004,0.02617602707182004,1.0,1.0,0.0007287547598760757,0.0007287547599329468,0.0,0.0,1.0,0.5,0.9518568960334082,0.025687016729506348,37.055953442151434,0.49999999999949996,0.0,0.0,0.000555187463760376,0.00048781465739011765,0.006082641892135143,0.0,0.0,0,True,True,True,
42,dp_sgd_lr0p50,dp_sgd,6f5bfa6c60eeb2ad400161beec4006ab7b7da4908d9989b6db2c608560d2f56e,296,2,0.46338778734207153,0.5,,,0.328125,0.054454655799082194,1.899842103729934,1.9006374430222448,1.9006374430222448,1217.208514455118,1217.208514455118,0.02892784392859386,0.02892784392859386,1.0,1.0,0.0008215519262204134,0.0008215519261313578,0.0,0.0,1.0,0.5,0.9503187215111224,0.027227327899541097,34.9031210474472,0.49999999999949996,0.0,0.0,0.0007743937894701958,0.0006935810670256615,0.006658234633505344,0.0,0.0,0,True,True,True,
42,dp_sgd_lr0p50,dp_sgd,6f5bfa6c60eeb2ad400161beec4006ab7b7da4908d9989b6db2c608560d2f56e,297,2,0.48070430755615234,0.5,,,0.296875,0.03997838873948059,1.9025820536741584,1.9029967168137558,1.9029967168137558,2264.8331768130756,2264.8331768130756,0.020875113745117867,0.020875113745117867,1.0,1.0,0.0004415336235851075,0.0004415336236582952,0.0,0.0,1.0,0.5,0.9514983584068779,0.019989194369740296,47.600635661418075,0.49999999999949996,0.0,0.0,0.0005839327350258827,0.00048385001718997955,0.005955888889729977,0.0,0.0,0,True,True,True,
42,dp_sgd_lr0p50,dp_sgd,6f5bfa6c60eeb2ad400161beec4006ab7b7da4908d9989b6db2c608560d2f56e,298,2,0.3453044295310974,0.5,,,0.29296875,0.04873194140936576,1.900470695456877,1.901045335915796,1.901045335915796,1520.8799260360524,1520.8799260360524,0.024607225898353655,0.024607225898353655,1.0,1.0,0.0006575141025005088,0.0006575141023685673,0.0,0.0,1.0,0.5,0.950522667957898,0.02436597070468288,39.01025243111728,0.49999999999949996,0.0,0.0,0.0007633082568645477,0.0006717508658766747,0.006648596376180649,0.0,0.0,0,True,True,True,
42,dp_sgd_lr0p50,dp_sgd,6f5bfa6c60eeb2ad400161beec4006ab7b7da4908d9989b6db2c608560d2f56e,299,2,0.4884054362773895,0.5,0.4937848431348801,0.9001,0.34765625,0.05228473786997417,1.898105648583911,1.8986338707438288,1.8986338707438288,1317.9255969499643,1317.9255969499643,0.023870434621190227,0.023870434621190227,1.0,1.0,0.00075876817473474,0.000758768174328265,0.0,0.0,1.0,0.5,0.9493169353719144,0.026142368934987083,36.31334779554361,0.49999999999949996,0.0,0.0,0.0006817299872636795,0.0005810912698507309,0.00596227589994669,0.0,0.0,0,True,True,True,
42,dp_sgd_lr0p50,dp_sgd,6f5bfa6c60eeb2ad400161beec4006ab7b7da4908d9989b6db2c608560d2f56e,300,2,0.6139079332351685,0.5,,,0.30859375,0.04344121734902497,1.9006137291576042,1.9012481183414645,1.9012481183414645,1914.184300849231,1914.184300849231,0.026025351545469984,0.026025351545469984,1.0,1.0,0.0005224157355308833,0.0005224157354890689,0.0,0.0,1.0,0.5,0.9506240591707322,0.021720608674512486,43.765995390472305,0.49999999999949996,0.11905510351061821,0.0,0.0006000995635986328,0.0004889108240604401,0.006474316120147705,0.0,0.0,0,True,True,True,
42,dp_sgd_lr0p50,dp_sgd,6f5bfa6c60eeb2ad400161beec4006ab7b7da4908d9989b6db2c608560d2f56e,301,2,0.5652140378952026,0.5,,,0.33984375,0.056254758728576784,1.897674422739773,1.8984913881431267,1.8984913881431267,1137.9544417902914,1137.9544417902914,0.029335123671057634,0.029335123671057634,1.0,1.0,0.0008787698021640237,0.000878769802182459,0.0,0.0,1.0,0.5,0.9492456940715633,0.028127379364288392,33.74810293357846,0.49999999999949996,0.0,0.0,0.0006981128826737404,0.0006124190986156464,0.006234348751604557,0.0,0.0,0,True,True,True,
42,dp_sgd_lr0p50,dp_sgd,6f5bfa6c60eeb2ad400161beec4006ab7b7da4908d9989b6db2c608560d2f56e,302,2,0.6787753105163574,0.5,,,0.3046875,0.04603838135607458,1.895102261930928,1.8958795421670342,1.8958795421670342,1694.4361473083595,1694.4361473083595,0.029021543190705358,0.029021543190705358,1.0,1.0,0.0005901668240000878,0.0005901668239748077,0.0,0.0,1.0,0.5,0.9479397710835171,0.02301919067803729,41.18041265224716,0.49999999999949996,0.0,0.0,0.0007149865850806236,0.0006183907389640808,0.006161576136946678,0.0,0.0,0,True,True,True,
42,dp_sgd_lr0p50,dp_sgd,6f5bfa6c60eeb2ad400161beec4006ab7b7da4908d9989b6db2c608560d2f56e,303,2,0.31717169284820557,0.5,,,0.3046875,0.04583252761902217,1.890337973736757,1.8909291626276614,1.8909291626276614,1701.1056988354183,1701.1056988354183,0.025015926412397735,0.025015926412397735,1.0,1.0,0.000587852947767016,0.0005878529475519056,0.0,0.0,1.0,0.5,0.9454645813138307,0.022916263809511086,41.257361546002585,0.49999999999949996,0.0,0.0,0.0005637733265757561,0.0004946272820234299,0.006250639446079731,0.0,0.0,0,True,True,True,
42,dp_sgd_lr0p50,dp_sgd,6f5bfa6c60eeb2ad400161beec4006ab7b7da4908d9989b6db2c608560d2f56e,304,2,0.6954808235168457,0.5,,,0.390625,0.05084485954845445,1.8938788333223697,1.8944840016754285,1.8944840016754285,1387.4274296684123,1387.4274296684123,0.025319535614473594,0.025319535614473594,1.0,1.0,0.00072075841822725,0.000720758418368895,0.0,0.0,1.0,0.5,0.9472420008377143,0.025422429774227224,37.2600891894586,0.49999999999949996,0.0,0.0,0.0007571307942271233,0.0006687622517347336,0.006215614266693592,0.0,0.0,0,True,True,True,
42,dp_sgd_lr0p50,dp_sgd,6f5bfa6c60eeb2ad400161beec4006ab7b7da4908d9989b6db2c608560d2f56e,305,2,0.582504153251648,0.5,,,0.328125,0.049980604466003525,1.8956470090590818,1.8963774933414443,1.8963774933414443,1438.5068404807234,1438.5068404807234,0.027790455614717106,0.027790455614717106,1.0,1.0,0.0006951652723912171,0.0006951652723036739,0.0,0.0,1.0,0.5,0.9481887466707222,0.024990302233001763,37.94226807631875,0.49999999999949996,0.0,0.0,0.0005577867850661278,0.0004807254299521446,0.006585411727428436,0.0,0.0,0,True,True,True,
42,dp_sgd_lr0p50,dp_sgd,6f5bfa6c60eeb2ad400161beec4006ab7b7da4908d9989b6db2c608560d2f56e,306,2,0.41006290912628174,0.5,,,0.30859375,0.040252138675496624,1.8914990589523843,1.8919602057419789,1.8919602057419789,2208.1793203037855,2208.1793203037855,0.022092739267852064,0.022092739267852064,1.0,1.0,0.0004528617717717568,0.0004528617717025301,0.0,0.0,1.0,0.5,0.9459801028709894,0.020126069337748312,47.00272502041485,0.49999999999949996,0.0,0.0,0.0006638085469603539,0.0005877939984202385,0.005952636711299419,0.0,0.0,0,True,True,True,
42,dp_sgd_lr0p50,dp_sgd,6f5bfa6c60eeb2ad400161beec4006ab7b7da4908d9989b6db2c608560d2f56e,307,2,0.6473890542984009,0.5,,,0.3203125,0.0701418712791891,1.8991953364926437,1.9003451971205418,1.9003451971205418,733.1360482445132,733.1360482445132,0.03484343002496187,0.03484343002496187,1.0,1.0,0.0013640033145157105,0.0013640033144307027,0.0,0.0,1.0,0.5,0.9501725985602709,0.03507093563959455,27.092878510502235,0.49999999999949996,0.0,0.0,0.0006651077419519424,0.00057207141071558,0.005942303687334061,0.0,0.0,0,True,True,True,
42,dp_sgd_lr0p50,dp_sgd,6f5bfa6c60eeb2ad400161beec4006ab7b7da4908d9989b6db2c608560d2f56e,308,2,0.4190731644630432,0.5,,,0.3203125,0.05329810177570729,1.8995556298543543,1.9002349042949829,1.9002349042949829,1270.2246887177332,1270.2246887177332,0.026766619350390375,0.026766619350390375,1.0,1.0,0.0007872622918841041,0.0007872622919671083,0.0,0.0,1.0,0.5,0.9501174521474914,0.026649050887853645,35.652956501534995,0.49999999999949996,0.0,0.0,0.0005855057388544083,0.0004841173067688942,0.0059386929497122765,0.0,0.0,0,True,True,True,
42,dp_sgd_lr0p50,dp_sgd,6f5bfa6c60eeb2ad400161beec4006ab7b7da4908d9989b6db2c608560d2f56e,309,2,0.6584388613700867,0.5,,,0.296875,0.037143105488072634,1.896728407809731,1.8970274897310615,1.8970274897310615,2607.6774642249306,2607.6774642249306,0.017841334400857466,0.017841334400857466,1.0,1.0,0.0003834830085369111,0.00038348300860715145,0.0,0.0,1.0,0.5,0.9485137448655308,0.018571552744036317,51.073475540113,0.49999999999949996,0.0,0.0,0.0007613152265548706,0.0006931042298674583,0.006564178504049778,0.0,0.0,0,True,True,True,
42,dp_sgd_lr0p50,dp_sgd,6f5bfa6c60eeb2ad400161beec4006ab7b7da4908d9989b6db2c608560d2f56e,310,2,0.33624765276908875,0.5,,,0.30078125,0.0554233519104053,1.900220353995267,1.9011302517284787,1.9011302517284787,1175.4992488436299,1175.4992488436299,0.03098971953467384,0.03098971953467384,1.0,1.0,0.0008507023723391591,0.0008507023722234986,0.0,0.0,1.0,0.5,0.9505651258642394,0.02771167595520265,34.301971752505146,0.49999999999949996,0.0,0.0,0.0005609234794974327,0.0004930468276143074,0.006615570746362209,0.0,0.0,0,True,True,True,
42,dp_sgd_lr0p50,dp_sgd,6f5bfa6c60eeb2ad400161beec4006ab7b7da4908d9989b6db2c608560d2f56e,311,2,0.46444159746170044,0.5,,,0.328125,0.04895911293226835,1.8954533038818027,1.8959353796316674,1.8959353796316674,1498.853196075292,1498.853196075292,0.022756843529610306,0.022756843529610306,1.0,1.0,0.0006671767469963078,0.0006671767470074716,0.0,0.0,1.0,0.5,0.9479676898158337,0.024479556466134176,38.72487195952911,0.49999999999949996,0.0,0.0,0.0006919605657458305,0.0006118882447481155,0.006151705980300903,0.0,0.0,0,True,True,True,
42,dp_sgd_lr0p50,dp_sgd,6f5bfa6c60eeb2ad400161beec4006ab7b7da4908d9989b6db2c608560d2f56e,312,2,0.48486050963401794,0.5,,,0.28125,0.058542442324905374,1.896039552866142,1.8970127130580354,1.8970127130580354,1048.9459536802165,1048.9459536802165,0.0320490589348536,0.0320490589348536,1.0,1.0,0.0009533379638859847,0.0009533379640009245,0.0,0.0,1.0,0.5,0.9485063565290177,0.029271221162452687,32.404058280742284,0.49999999999949996,0.0,0.0,0.0007000192999839783,0.000604335218667984,0.006140337325632572,0.0,0.0,0,True,True,True,
42,dp_sgd_lr0p50,dp_sgd,6f5bfa6c60eeb2ad400161beec4006ab7b7da4908d9989b6db2c608560d2f56e,313,2,0.6577771902084351,0.5,,,0.31640625,0.060845552198646256,1.8983717195802126,1.8993526211851013,1.8993526211851013,973.4302478129292,973.4302478129292,0.03213445404305338,0.03213445404305338,1.0,1.0,0.0010272949725739244,0.0010272949725378003,0.0,0.0,1.0,0.5,0.9496763105925506,0.030422776099323128,31.215964889623073,0.49999999999949996,0.0,0.0,0.0005569607019424438,0.0004863627254962921,0.006189558655023575,0.0,0.0,0,True,True,True,
42,dp_sgd_lr0p50,dp_sgd,6f5bfa6c60eeb2ad400161beec4006ab7b7da4908d9989b6db2c608560d2f56e,314,2,0.42299434542655945,0.5,,,0.30078125,0.053018593878804685,1.8927809903665291,1.8935999846787541,1.8935999846787541,1274.5131478886667,1274.5131478886667,0.029443380590337277,0.029443380590337277,1.0,1.0,0.0007846133257240636,0.0007846133257345218,0.0,0.0,1.0,0.5,0.9467999923393771,0.026509296939402342,35.71577150717929,0.49999999999949996,0.0,0.0,0.0007469505071640015,0.0006407331675291061,0.006336493417620659,0.0,0.0,0,True,True,True,
42,dp_sgd_lr0p50,dp_sgd,6f5bfa6c60eeb2ad400161beec4006ab7b7da4908d9989b6db2c608560d2f56e,315,2,0.39877790212631226,0.5,,,0.27734375,0.03078954005330719,1.8975092024692082,1.8977014256034521,1.8977014256034521,3798.056128702239,3798.056128702239,0.01435513951789645,0.01435513951789645,1.0,1.0,0.0002632925804828893,0.00026329258044475225,0.0,0.0,1.0,0.5,0.9488507128017261,0.015394770026653595,61.63461429416012,0.49999999999949996,0.0,0.0,0.0005914643406867981,0.0004900824278593063,0.006410688161849976,0.0,0.0,0,True,True,True,
42,dp_sgd_lr0p50,dp_sgd,6f5bfa6c60eeb2ad400161beec4006ab7b7da4908d9989b6db2c608560d2f56e,316,2,0.6524161100387573,0.5,,,0.3125,0.029018538033097403,1.8975819601986745,1.897816408417432,1.897816408417432,4276.121415944775,4276.121415944775,0.01572400143362837,0.01572400143362837,1.0,1.0,0.00023385678317818255,0.0002338567831962255,0.0,0.0,1.0,0.5,0.948908204208716,0.014509269016548702,65.40013856390894,0.49999999999949996,0.0,0.0,0.000690186396241188,0.000605633482336998,0.0061415499076247215,0.0,0.0,0,True,True,True,
42,dp_sgd_lr0p50,dp_sgd,6f5bfa6c60eeb2ad400161beec4006ab7b7da4908d9989b6db2c608560d2f56e,317,2,0.4768596291542053,0.5,,,0.296875,0.05125299230802329,1.8990293341640971,1.8997121621754545,1.8997121621754545,1372.8557106928802,1372.8557106928802,0.026809974341622606,0.026809974341622606,1.0,1.0,0.0007284086680269854,0.0007284086681617251,0.0,0.0,1.0,0.5,0.9498560810877272,0.025626496154011646,37.06539026412975,0.49999999999949996,0.0,0.0,0.0006972299888730049,0.0006119543686509132,0.006132175214588642,0.0,0.0,0,True,True,True,
42,dp_sgd_lr0p50,dp_sgd,6f5bfa6c60eeb2ad400161beec4006ab7b7da4908d9989b6db2c608560d2f56e,318,2,0.8009711503982544,0.5,,,0.2890625,0.04337946869662242,1.896808486907017,1.8974997995020078,1.8974997995020078,1911.9587178125773,1911.9587178125773,0.027364188899559185,0.027364188899559185,1.0,1.0,0.0005230238446844626,0.0005230238446380505,0.0,0.0,1.0,0.5,0.9487498997510039,0.02168973434831121,43.74188657507154,0.49999999999949996,0.0,0.0,0.0005582524463534355,0.0004842802882194519,0.006569886580109596,0.0,0.0,0,True,True,True,
42,dp_sgd_lr0p50,dp_sgd,6f5bfa6c60eeb2ad400161beec4006ab7b7da4908d9989b6db2c608560d2f56e,319,2,0.4245467782020569,0.5,,,0.30859375,0.036515365993276275,1.8964323054415702,1.8968319446648172,1.8968319446648172,2697.263487996131,2697.263487996131,0.02056861557812598,0.02056861557812598,1.0,1.0,0.00037074612980902,0.00037074612974274604,0.0,0.0,1.0,0.5,0.9484159723324086,0.018257682996638137,51.94612988160098,0.49999999999949996,0.0,0.0,0.0006960853934288025,0.0006117122247815132,0.006151560693979263,0.0,0.0,0,True,True,True,
42,dp_sgd_lr0p50,dp_sgd,6f5bfa6c60eeb2ad400161beec4006ab7b7da4908d9989b6db2c608560d2f56e,320,2,0.6010744571685791,0.5,,,0.296875,0.03041841597085418,1.895490026190683,1.8957201980013287,1.8957201980013287,3883.0216997358593,3883.0216997358593,0.015589316004430883,0.015589316004430883,1.0,1.0,0.000257531395971079,0.0002575313959428206,0.0,0.0,1.0,0.5,0.9478600990006644,0.01520920798542709,62.321463408650075,0.49999999999949996,0.0,0.0,0.0006883973255753517,0.0006028003990650177,0.006148232147097588,0.0,0.0,0,True,True,True,
42,dp_sgd_lr0p50,dp_sgd,6f5bfa6c60eeb2ad400161beec4006ab7b7da4908d9989b6db2c608560d2f56e,321,2,0.43040069937705994,0.5,,,0.26953125,0.02643789702883988,1.893610063869003,1.893826454425033,1.893826454425033,5130.117260110486,5130.117260110486,0.015164416096826614,0.015164416096826614,1.0,1.0,0.00019492731800588357,0.0001949273179776865,0.0,0.0,1.0,0.5,0.9469132272125165,0.01321894851441994,71.63302180259947,0.49999999999949996,0.0,0.0,0.0005753841251134872,0.0004916638135910034,0.005711255595088005,0.0,0.0,0,True,True,True,
42,dp_sgd_lr0p50,dp_sgd,6f5bfa6c60eeb2ad400161beec4006ab7b7da4908d9989b6db2c608560d2f56e,322,2,0.46092134714126587,0.5,,,0.30859375,0.03859206589186883,1.8963348704145218,1.8966052350081943,1.8966052350081943,2414.537787914425,2414.537787914425,0.01717918960685355,0.01717918960685355,1.0,1.0,0.00041415794125634474,0.0004141579412840739,0.0,0.0,1.0,0.5,0.9483026175040972,0.019296032945934415,49.14495223510464,0.49999999999949996,0.0,0.0,0.0005629248917102814,0.00048697181046009064,0.006077189929783344,0.0,0.0,0,True,True,True,
42,dp_sgd_lr0p50,dp_sgd,6f5bfa6c60eeb2ad400161beec4006ab7b7da4908d9989b6db2c608560d2f56e,323,2,0.6190971732139587,0.5,,,0.3046875,0.03337059948249428,1.8966760563386598,1.8968880723142159,1.8968880723142159,3230.4149084214387,3230.4149084214387,0.015149164759188127,0.015149164759188127,1.0,1.0,0.00030955775881754674,0.00030955775875475837,0.0,0.0,1.0,0.5,0.9484440361571079,0.01668529974124714,56.84309247113193,0.49999999999949996,0.0,0.0,0.0005996823310852051,0.0005288422107696533,0.006112953647971153,0.0,0.0,0,True,True,True,
42,dp_sgd_lr0p50,dp_sgd,6f5bfa6c60eeb2ad400161beec4006ab7b7da4908d9989b6db2c608560d2f56e,324,2,0.39712828397750854,0.5,,,0.23828125,0.02716394669050006,1.8954881578745395,1.8957374494358437,1.8957374494358437,4869.186524538118,4869.186524538118,0.016341172085136024,0.016341172085136024,1.0,1.0,0.00020537311388771373,0.0002053731138741397,0.0,0.0,1.0,0.5,0.9478687247179218,0.01358197334525003,69.78873397506905,0.49999999999949996,0.0,0.0,0.0006953440606594086,0.000606033019721508,0.006173228845000267,0.0,0.0,0,True,True,True,
42,dp_sgd_lr0p50,dp_sgd,6f5bfa6c60eeb2ad400161beec4006ab7b7da4908d9989b6db2c608560d2f56e,325,2,0.322648286819458,0.5,,,0.3046875,0.038394583857465754,1.898850421417816,1.899187064869389,1.899187064869389,2445.916240385169,2445.916240385169,0.018875378885697878,0.018875378885697878,1.0,1.0,0.0004088447440718119,0.00040884474400910997,0.0,0.0,1.0,0.5,0.9495935324346945,0.019197291928732877,49.464973284276546,0.49999999999949996,0.0,0.0,0.000565188005566597,0.000492357648909092,0.00606958381831646,0.0,0.0,0,True,True,True,
42,dp_sgd_lr0p50,dp_sgd,6f5bfa6c60eeb2ad400161beec4006ab7b7da4908d9989b6db2c608560d2f56e,326,2,0.6833856105804443,0.5,,,0.26953125,0.042489426995326776,1.8993117533501267,1.8999696668211377,1.8999696668211377,1998.1623088142885,1998.1623088142885,0.026663094836392908,0.026663094836392908,1.0,1.0,0.0005004598450459287,0.0005004598449404766,0.0,0.0,1.0,0.5,0.9499848334105688,0.021244713497663388,44.71629299544742,0.49999999999949996,0.0,0.0,0.0007802480831742287,0.0006692511960864067,0.006582947447896004,0.0,0.0,0,True,True,True,
42,dp_sgd_lr0p50,dp_sgd,6f5bfa6c60eeb2ad400161beec4006ab7b7da4908d9989b6db2c608560d2f56e,327,2,0.5902494192123413,0.5,,,0.328125,0.04945321730237308,1.8929953830331134,1.8937028646977718,1.8937028646977718,1465.2441878824109,1465.2441878824109,0.02736068733346471,0.02736068733346471,1.0,1.0,0.0006824800998091923,0.0006824800998729089,0.0,0.0,1.0,0.5,0.9468514323488859,0.02472660865118654,38.29281425801824,0.49999999999949996,0.0,0.0,0.0005609821528196335,0.00048289820551872253,0.006327101960778236,0.0,0.0,0,True,True,True,
42,dp_sgd_lr0p50,dp_sgd,6f5bfa6c60eeb2ad400161beec4006ab7b7da4908d9989b6db2c608560d2f56e,328,2,0.8062928915023804,0.5,,,0.30859375,0.04528388879894089,1.8953902406308756,1.8958764653412183,1.8958764653412183,1751.9021657215535,1751.9021657215535,0.022678611149357607,0.022678611149357607,1.0,1.0,0.0005708081302018359,0.0005708081301458381,0.0,0.0,1.0,0.5,0.9479382326706092,0.022641944399470443,41.866467645372076,0.49999999999949996,0.0,0.0,0.0007255785167217255,0.0006336700171232224,0.00633945781737566,0.0,0.0,0,True,True,True,
42,dp_sgd_lr0p50,dp_sgd,6f5bfa6c60eeb2ad400161beec4006ab7b7da4908d9989b6db2c608560d2f56e,329,2,0.6074841022491455,0.5,,,0.29296875,0.042707356441332195,1.8922531817953552,1.8926795917240307,1.8926795917240307,1963.1483018861193,1963.1483018861193,0.021265582910926232,0.021265582910926232,1.0,1.0,0.0005093858668194797,0.0005093858669242309,0.0,0.0,1.0,0.5,0.9463397958620153,0.021353678220666097,44.31741389180577,0.49999999999949996,0.0,0.0,0.0005610259249806404,0.0004814807325601578,0.006161930970847607,0.0,0.0,0,True,True,True,
42,dp_sgd_lr0p50,dp_sgd,6f5bfa6c60eeb2ad400161beec4006ab7b7da4908d9989b6db2c608560d2f56e,330,2,0.5112037658691406,0.5,,,0.32421875,0.04491969688385232,1.901189075563769,1.901464169430088,1.901464169430088,1791.335720146538,1791.335720146538,0.01793555306597189,0.01793555306597189,1.0,1.0,0.000558242650027838,0.0005582426501108325,0.0,0.0,1.0,0.5,0.950732084715044,0.02245984844192616,42.33029831572536,0.49999999999949996,0.0,0.0,0.0007627550512552261,0.0006369100883603096,0.006316974759101868,0.0,0.0,0,True,True,True,
42,dp_sgd_lr0p50,dp_sgd,6f5bfa6c60eeb2ad400161beec4006ab7b7da4908d9989b6db2c608560d2f56e,331,2,0.4885742962360382,0.5,,,0.296875,0.037549022897117125,1.8962781599599952,1.8966639734281232,1.8966639734281232,2550.39122537145,2550.39122537145,0.020172583915169077,0.020172583915169077,1.0,1.0,0.0003920967063179971,0.000392096706409981,0.0,0.0,1.0,0.5,0.9483319867140616,0.018774511448558562,50.51167319383746,0.49999999999949996,0.0,0.0,0.0005553532391786575,0.0004827585071325302,0.006590323522686958,0.0,0.0,0,True,True,True,
42,dp_sgd_lr0p50,dp_sgd,6f5bfa6c60eeb2ad400161beec4006ab7b7da4908d9989b6db2c608560d2f56e,332,2,0.6124919652938843,0.5,,,0.29296875,0.040594502736460134,1.9028066808255624,1.9034265276161395,1.9034265276161395,2197.1255939770836,2197.1255939770836,0.02593027647931291,0.02593027647931291,1.0,1.0,0.00045514011676627263,0.00045514011672656785,0.0,0.0,1.0,0.5,0.9517132638080698,0.020297251368230067,46.88877555366114,0.49999999999949996,0.0,0.0,0.0006905011832714081,0.000606004148721695,0.006166105158627033,0.0,0.0,0,True,True,True,
42,dp_sgd_lr0p50,dp_sgd,6f5bfa6c60eeb2ad400161beec4006ab7b7da4908d9989b6db2c608560d2f56e,333,2,0.6017370223999023,0.5,,,0.33203125,0.0432782207932578,1.8999452073613945,1.9004051307463632,1.9004051307463632,1927.2735283627003,1927.2735283627003,0.0220124240547751,0.0220124240547751,1.0,1.0,0.0005188677085786382,0.0005188677086321471,0.0,0.0,1.0,0.5,0.9502025653731816,0.0216391103966289,43.9113506938483,0.49999999999949996,0.0,0.0,0.0006929906085133553,0.00063291285187006,0.006155776791274548,0.0,0.0,0,True,True,True,
42,dp_sgd_lr0p50,dp_sgd,6f5bfa6c60eeb2ad400161beec4006ab7b7da4908d9989b6db2c608560d2f56e,334,2,0.5423846244812012,0.5,,,0.2890625,0.05767891368250196,1.9001214664342803,1.900910216974354,1.900910216974354,1085.2469749675163,1085.2469749675163,0.028843407209974425,0.028843407209974425,1.0,1.0,0.0009214492394499152,0.0009214492391375091,0.0,0.0,1.0,0.5,0.950455108487177,0.02883945684125098,32.95676176170979,0.49999999999949996,0.0,0.0,0.0005575241521000862,0.00048775412142276764,0.006096338853240013,0.0,0.0,0,True,True,True,
42,dp_sgd_lr0p50,dp_sgd,6f5bfa6c60eeb2ad400161beec4006ab7b7da4908d9989b6db2c608560d2f56e,335,2,0.5436763763427734,0.5,,,0.296875,0.060446872677422596,1.8973512840806428,1.898208359057436,1.898208359057436,985.2531167014238,985.2531167014238,0.030097864394596895,0.030097864394596895,1.0,1.0,0.001014967608601924,0.0010149676087451028,0.0,0.0,1.0,0.5,0.949104179528718,0.030223436338711298,31.402920861175115,0.49999999999949996,0.0,0.0,0.0007818955928087234,0.0006670542061328888,0.006560119800269604,0.0,0.0,0,True,True,True,
42,dp_sgd_lr0p50,dp_sgd,6f5bfa6c60eeb2ad400161beec4006ab7b7da4908d9989b6db2c608560d2f56e,336,2,0.4282773733139038,0.5,,,0.3046875,0.050453978716328174,1.9012450284185032,1.9020085289274655,1.9020085289274655,1419.9901876603135,1419.9901876603135,0.028392917117245526,0.028392917117245526,1.0,1.0,0.0007042302181359205,0.0007042302182091436,0.0,0.0,1.0,0.5,0.9510042644637328,0.025226989358164087,37.697889784785836,0.49999999999949996,0.0,0.0,0.0005588121712207794,0.0004912978038191795,0.0062302108854055405,0.0,0.0,0,True,True,True,
42,dp_sgd_lr0p50,dp_sgd,6f5bfa6c60eeb2ad400161beec4006ab7b7da4908d9989b6db2c608560d2f56e,337,2,0.5531190633773804,0.5,,,0.28125,0.040756667788349694,1.8965411121759752,1.8969293308732913,1.8969293308732913,2165.3454112377763,2165.3454112377763,0.020267106682289038,0.020267106682289038,1.0,1.0,0.0004618200838572371,0.00046182008386891414,0.0,0.0,1.0,0.5,0.9484646654366456,0.020378333894174847,46.54279738056612,0.49999999999949996,0.0,0.0,0.0007497817277908325,0.0006366707384586334,0.00635458342730999,0.0,0.0,0,True,True,True,
42,dp_sgd_lr0p50,dp_sgd,6f5bfa6c60eeb2ad400161beec4006ab7b7da4908d9989b6db2c608560d2f56e,338,2,0.40899330377578735,0.5,,,0.29296875,0.03897519710099944,1.8977436689964604,1.8981764732812783,1.8981764732812783,2370.819343450469,2370.819343450469,0.021369826081231745,0.021369826081231745,1.0,1.0,0.00042179510729233044,0.00042179510727782734,0.0,0.0,1.0,0.5,0.9490882366406391,0.01948759855049972,48.702164822027264,0.49999999999949996,0.0,0.0,0.0005601346492767334,0.00048299599438905716,0.0062533095479011536,0.0,0.0,0,True,True,True,
42,dp_sgd_lr0p50,dp_sgd,6f5bfa6c60eeb2ad400161beec4006ab7b7da4908d9989b6db2c608560d2f56e,339,2,0.5930594205856323,0.5,,,0.30078125,0.05166741536359803,1.8918431979091686,1.8924602192192852,1.8924602192192852,1340.716030208834,1340.716030208834,0.02559108709507656,0.02559108709507656,1.0,1.0,0.0007458701000758219,0.0007458701002583739,0.0,0.0,1.0,0.5,0.9462301096096426,0.025833707681799014,36.62773153695146,0.49999999999949996,0.0,0.0,0.0007511656731367111,0.0006422298029065132,0.00634960550814867,0.0,0.0,0,True,True,True,
42,dp_sgd_lr0p50,dp_sgd,6f5bfa6c60eeb2ad400161beec4006ab7b7da4908d9989b6db2c608560d2f56e,340,2,0.49152612686157227,0.5,,,0.33203125,0.06920103993556896,1.89351161012364,1.8947029838797036,1.8947029838797036,748.7049469569156,748.7049469569156,0.03547242422372868,0.03547242422372868,1.0,1.0,0.0013356396319476236,0.0013356396317555491,0.0,0.0,1.0,0.5,0.9473514919398518,0.03460051996778448,27.379689461156165,0.49999999999949996,0.0,0.0,0.0005653733387589455,0.0004869047552347183,0.006154422648251057,0.0,0.0,0,True,True,True,
42,dp_sgd_lr0p50,dp_sgd,6f5bfa6c60eeb2ad400161beec4006ab7b7da4908d9989b6db2c608560d2f56e,341,2,0.5728963017463684,0.5,,,0.3125,0.04526110212309119,1.900655518061142,1.901305146189556,1.901305146189556,1763.4232867284597,1763.4232867284597,0.02625308941709239,0.02625308941709239,1.0,1.0,0.0005670788216519463,0.0005670788214961748,0.0,0.0,1.0,0.5,0.950652573094778,0.022630551061545594,42.00748671419423,0.49999999999949996,0.0,0.0,0.0007445663213729858,0.000657232478260994,0.006436945870518684,0.0,0.0,0,True,True,True,
42,dp_sgd_lr0p50,dp_sgd,6f5bfa6c60eeb2ad400161beec4006ab7b7da4908d9989b6db2c608560d2f56e,342,2,0.5084487795829773,0.5,,,0.24609375,0.045925151924212676,1.8972714796055692,1.8979282523620267,1.8979282523620267,1706.702218789095,1706.702218789095,0.026397222437702077,0.026397222437702077,1.0,1.0,0.000585925294123711,0.0005859252942852987,0.0,0.0,1.0,0.5,0.9489641261810133,0.022962575962106338,41.326553593364316,0.49999999999949996,0.0,0.0,0.0005741249769926071,0.0004920829087495804,0.006613411009311676,0.0,0.0,0,True,True,True,
42,dp_sgd_lr0p50,dp_sgd,6f5bfa6c60eeb2ad400161beec4006ab7b7da4908d9989b6db2c608560d2f56e,343,2,0.28287264704704285,0.5,,,0.25390625,0.041742630915506354,1.9049461756152062,1.9053979613434626,1.9053979613434626,2082.599607872905,2082.599607872905,0.02177562507926216,0.02177562507926216,1.0,1.0,0.00048016910962889517,0.0004801691095703909,0.0,0.0,1.0,0.5,0.9526989806717313,0.020871315457753177,45.64633132753408,0.49999999999949996,0.0,0.0,0.0006671939045190811,0.0005861669778823853,0.005953977815806866,0.0,0.0,0,True,True,True,
42,dp_sgd_lr0p50,dp_sgd,6f5bfa6c60eeb2ad400161beec4006ab7b7da4908d9989b6db2c608560d2f56e,344,2,0.6372988224029541,0.5,,,0.30859375,0.044602028281929475,1.8972481355795605,1.8979608458353294,1.8979608458353294,1809.41860570304,1809.41860570304,0.02772631006369137,0.02772631006369137,1.0,1.0,0.000552663709959199,0.0005526637097987915,0.0,0.0,1.0,0.5,0.9489804229176647,0.022301014140964737,42.55324071257949,0.49999999999949996,0.0,0.0,0.0006658816710114479,0.0005812719464302063,0.005884278565645218,0.0,0.0,0,True,True,True,
42,dp_sgd_lr0p50,dp_sgd,6f5bfa6c60eeb2ad400161beec4006ab7b7da4908d9989b6db2c608560d2f56e,345,2,0.48803913593292236,0.5,,,0.23046875,0.03759739504621794,1.9009378118957507,1.9013368889222386,1.9013368889222386,2556.3499565966586,2556.3499565966586,0.02050046664461872,0.02050046664461872,1.0,1.0,0.0003911827473823733,0.0003911827472802491,0.0,0.0,1.0,0.5,0.9506684444611193,0.01879869752310897,50.570974039127194,0.49999999999949996,0.0,0.0,0.0005528796464204788,0.0005270112305879593,0.006338908337056637,0.0,0.0,0,True,True,True,
42,dp_sgd_lr0p50,dp_sgd,6f5bfa6c60eeb2ad400161beec4006ab7b7da4908d9989b6db2c608560d2f56e,346,2,0.5231419801712036,0.5,,,0.30078125,0.06490760646599511,1.9004754256268552,1.9014718001634543,1.9014718001634543,857.3009948091415,857.3009948091415,0.03241436503131333,0.03241436503131333,1.0,1.0,0.001166451463158502,0.0011664514633522543,0.0,0.0,1.0,0.5,0.9507359000817271,0.032453803232997555,29.295053440324274,0.49999999999949996,0.0,0.0,0.0007022805511951447,0.0006051929667592049,0.006157928146421909,0.0,0.0,0,True,True,True,
42,dp_sgd_lr0p50,dp_sgd,6f5bfa6c60eeb2ad400161beec4006ab7b7da4908d9989b6db2c608560d2f56e,347,2,0.5189328193664551,0.5,,,0.2734375,0.04831390399963604,1.8951033495170588,1.8956968083732801,1.8956968083732801,1538.5851420779281,1538.5851420779281,0.025024520350671053,0.025024520350671053,1.0,1.0,0.0006499477813887962,0.0006499477814751329,0.0,0.0,1.0,0.5,0.9478484041866401,0.02415695199981802,39.237086042748416,0.49999999999949996,0.0,0.0,0.0006878683343529701,0.0006322497501969337,0.006160130724310875,0.0,0.0,0,True,True,True,
42,dp_sgd_lr0p50,dp_sgd,6f5bfa6c60eeb2ad400161beec4006ab7b7da4908d9989b6db2c608560d2f56e,348,2,0.32242047786712646,0.5,,,0.2890625,0.05411512490388832,1.8980341323241052,1.8986338463093604,1.8986338463093604,1230.185788558847,1230.185788558847,0.02533150697358864,0.02533150697358864,1.0,1.0,0.0008128853454157819,0.0008128853453203172,0.0,0.0,1.0,0.5,0.9493169231546802,0.02705756245194416,35.08508664834974,0.49999999999949996,0.0,0.0,0.000641409307718277,0.0005340240895748138,0.005866608582437038,0.0,0.0,0,True,True,True,
42,dp_sgd_lr0p50,dp_sgd,6f5bfa6c60eeb2ad400161beec4006ab7b7da4908d9989b6db2c608560d2f56e,349,2,0.4035642147064209,0.5,,,0.30859375,0.05722805888561958,1.8952205362694454,1.896222681665378,1.896222681665378,1096.7344273115973,1096.7344273115973,0.03259682237452874,0.03259682237452874,1.0,1.0,0.0009117977650666647,0.0009117977649767157,0.0,0.0,1.0,0.5,0.948111340832689,0.02861402944280979,33.13449238928488,0.49999999999949996,0.0,0.0,0.0007565207779407501,0.0006663613021373749,0.006666442379355431,0.0,0.0,0,True,True,True,
42,dp_sgd_lr0p50,dp_sgd,6f5bfa6c60eeb2ad400161beec4006ab7b7da4908d9989b6db2c608560d2f56e,350,2,0.4231582581996918,0.5,,,0.32421875,0.08893661008018378,1.8956700300120723,1.8979893083571346,1.8979893083571346,454.3226035731008,454.3226035731008,0.04949111317335389,0.04949111317335389,1.0,1.0,0.002201079127493586,0.002201079128176705,0.0,0.0,1.0,0.5,0.9489946541785673,0.04446830504009189,21.340922558249716,0.49999999999949996,0.11545086745172739,0.0,0.0006766747683286667,0.0005828803405165672,0.005984749644994736,0.0,0.0,0,True,True,True,
42,dp_sgd_lr0p50,dp_sgd,6f5bfa6c60eeb2ad400161beec4006ab7b7da4908d9989b6db2c608560d2f56e,351,2,0.5451706647872925,0.5,,,0.28125,0.09545018193737753,1.899526456632655,1.9019237987438684,1.9019237987438684,396.03828616923295,396.03828616923295,0.05019339304846885,0.05019339304846885,1.0,1.0,0.002525008401492394,0.002525008401928224,0.0,0.0,1.0,0.5,0.9509618993719342,0.047725090968688766,19.925826856483326,0.49999999999949996,0.0,0.0,0.0005756961181759834,0.00048473384231328964,0.005749625153839588,0.0,0.0,0,True,True,True,
42,dp_sgd_lr0p50,dp_sgd,6f5bfa6c60eeb2ad400161beec4006ab7b7da4908d9989b6db2c608560d2f56e,352,2,0.6367601156234741,0.5,,,0.3203125,0.04854855729129209,1.897000859013744,1.8976215661976255,1.8976215661976255,1526.8008664752128,1526.8008664752128,0.02557514404389548,0.02557514404389548,1.0,1.0,0.0006549642599326373,0.0006549642600549483,0.0,0.0,1.0,0.5,0.9488107830988127,0.024274278645646043,39.08708460137534,0.49999999999949996,0.0,0.0,0.0007781991735100746,0.0006721839308738708,0.006682422943413258,0.0,0.0,0,True,True,True,
42,dp_sgd_lr0p50,dp_sgd,6f5bfa6c60eeb2ad400161beec4006ab7b7da4908d9989b6db2c608560d2f56e,353,2,0.42658647894859314,0.5,,,0.28125,0.039925028651115274,1.8944314338438666,1.8948290109989598,1.8948290109989598,2251.475934644067,2251.475934644067,0.020492307420004838,0.020492307420004838,1.0,1.0,0.00044415309263807904,0.0004441530926869527,0.0,0.0,1.0,0.5,0.9474145054994799,0.019962514325557637,47.459678174861125,0.49999999999949996,0.0,0.0,0.0005694041028618813,0.000499943271279335,0.0062929121777415276,0.0,0.0,0,True,True,True,
42,dp_sgd_lr0p50,dp_sgd,6f5bfa6c60eeb2ad400161beec4006ab7b7da4908d9989b6db2c608560d2f56e,354,2,0.6263202428817749,0.5,,,0.3046875,0.042079753121744085,1.8971257718379109,1.8975932842121135,1.8975932842121135,2032.5717306270146,2032.5717306270146,0.022196445413046807,0.022196445413046807,1.0,1.0,0.0004919875566342213,0.000491987556576656,0.0,0.0,1.0,0.5,0.9487966421060567,0.021039876560872042,45.09516200420316,0.49999999999949996,0.0,0.0,0.0007643289864063263,0.0006724093109369278,0.0061904750764369965,0.0,0.0,0,True,True,True,
42,dp_sgd_lr0p50,dp_sgd,6f5bfa6c60eeb2ad400161beec4006ab7b7da4908d9989b6db2c608560d2f56e,355,2,0.37578386068344116,0.5,,,0.28125,0.03794130088253148,1.8954264302660166,1.8957676266839516,1.8957676266839516,2495.6830504133004,2495.6830504133004,0.018998778827977267,0.018998778827977267,1.0,1.0,0.0004006919064259584,0.00040069190644587924,0.0,0.0,1.0,0.5,0.9478838133419758,0.01897065044126574,49.96580461100765,0.49999999999949996,0.0,0.0,0.0005610380321741104,0.0004830760881304741,0.006606730632483959,0.0,0.0,0,True,True,True,
42,dp_sgd_lr0p50,dp_sgd,6f5bfa6c60eeb2ad400161beec4006ab7b7da4908d9989b6db2c608560d2f56e,356,2,0.6678103804588318,0.5,,,0.32421875,0.04792853682527417,1.8989843297742273,1.899531967467288,1.899531967467288,1569.8364904380974,1569.8364904380974,0.024040363483018797,0.024040363483018797,1.0,1.0,0.0006370090169615866,0.0006370090169208044,0.0,0.0,1.0,0.5,0.949765983733644,0.023964268412637085,39.63258829103963,0.49999999999949996,0.0,0.0,0.000668019987642765,0.0005807895213365555,0.005969129502773285,0.0,0.0,0,True,True,True,
42,dp_sgd_lr0p50,dp_sgd,6f5bfa6c60eeb2ad400161beec4006ab7b7da4908d9989b6db2c608560d2f56e,357,2,0.35434481501579285,0.5,,,0.26953125,0.053117014405165947,1.8991446607102365,1.8997818396438693,1.8997818396438693,1278.3470719360357,1278.3470719360357,0.025973514761121006,0.025973514761121006,1.0,1.0,0.0007822601714343565,0.0007822601714638631,0.0,0.0,1.0,0.5,0.9498909198219346,0.026558507202582973,35.76597557010984,0.49999999999949996,0.0,0.0,0.0006967596709728241,0.0006102267652750015,0.006133892573416233,0.0,0.0,0,True,True,True,
42,dp_sgd_lr0p50,dp_sgd,6f5bfa6c60eeb2ad400161beec4006ab7b7da4908d9989b6db2c608560d2f56e,358,2,0.5956244468688965,0.5,,,0.27734375,0.0670376130216948,1.891309482949342,1.8923941602013699,1.8923941602013699,795.9542678950037,795.9542678950037,0.03388787341491426,0.03388787341491426,1.0,1.0,0.0012563535872755895,0.0012563535875490621,0.0,0.0,1.0,0.5,0.9461970801006849,0.0335188065108474,28.228841613625075,0.49999999999949996,0.0,0.0,0.0007412834092974663,0.000612407922744751,0.006177789531648159,0.0,0.0,0,True,True,True,
42,dp_sgd_lr0p50,dp_sgd,6f5bfa6c60eeb2ad400161beec4006ab7b7da4908d9989b6db2c608560d2f56e,359,2,0.7226147651672363,0.5,,,0.37890625,0.09228856963634723,1.89621746596235,1.8985341937873066,1.8985341937873066,422.1632795941709,422.1632795941709,0.0493929854967526,0.0493929854967526,1.0,1.0,0.0023687517323714665,0.0023687517315146554,0.0,0.0,1.0,0.5,0.9492670968936533,0.04614428481817361,20.571715448913388,0.49999999999949996,0.0,0.0,0.0005559651181101799,0.0004890915006399155,0.006203603930771351,0.0,0.0,0,True,True,True,
42,dp_sgd_lr0p50,dp_sgd,6f5bfa6c60eeb2ad400161beec4006ab7b7da4908d9989b6db2c608560d2f56e,360,2,0.8348584175109863,0.5,,,0.3203125,0.057569814050727836,1.8979918883846263,1.8988841041277746,1.8988841041277746,1086.9236799854575,1086.9236799854575,0.030653191650185582,0.030653191650185582,1.0,1.0,0.0009200277978223619,0.0009200277980168268,0.0,0.0,1.0,0.5,0.9494420520638873,0.028784907025363918,32.98402357854758,0.49999999999949996,0.0,0.0,0.0007699280977249146,0.0006769336760044098,0.006471441127359867,0.0,0.0,0,True,True,True,
42,dp_sgd_lr0p50,dp_sgd,6f5bfa6c60eeb2ad400161beec4006ab7b7da4908d9989b6db2c608560d2f56e,361,2,0.5491851568222046,0.5,,,0.265625,0.05359532507234204,1.8982539551347644,1.8989124043226298,1.8989124043226298,1254.454194297842,1254.454194297842,0.026395552242294642,0.026395552242294642,1.0,1.0,0.0007971594373051784,0.0007971594374252544,0.0,0.0,1.0,0.5,0.9494562021613149,0.02679766253617102,35.430560439528065,0.49999999999949996,0.0,0.0,0.0005640070885419846,0.00048400089144706726,0.006579265929758549,0.0,0.0,0,True,True,True,
42,dp_sgd_lr0p50,dp_sgd,6f5bfa6c60eeb2ad400161beec4006ab7b7da4908d9989b6db2c608560d2f56e,362,2,0.6476074457168579,0.5,,,0.30859375,0.05276159983764899,1.8961797053274763,1.896780777368386,1.896780777368386,1291.5852491750807,1291.5852491750807,0.02529861699290527,0.02529861699290527,1.0,1.0,0.0007742423508469041,0.0007742423507853411,0.0,0.0,1.0,0.5,0.948390388684193,0.026380799918824496,35.95002394038484,0.49999999999949996,0.0,0.0,0.0007639303803443909,0.000674782320857048,0.006183947436511517,0.0,0.0,0,True,True,True,
42,dp_sgd_lr0p50,dp_sgd,6f5bfa6c60eeb2ad400161beec4006ab7b7da4908d9989b6db2c608560d2f56e,363,2,0.4730744957923889,0.5,,,0.3125,0.05281797500074592,1.8901491488954856,1.8909353688907398,1.8909353688907398,1280.644700329751,1280.644700329751,0.028848465485041205,0.028848465485041205,1.0,1.0,0.0007808567039583854,0.0007808567039920978,0.0,0.0,1.0,0.5,0.9454676844453699,0.02640898750037296,35.80098193451062,0.49999999999949996,0.0,0.0,0.0005718320608139038,0.00048185884952545166,0.006568881683051586,0.0,0.0,0,True,True,True,
42,dp_sgd_lr0p50,dp_sgd,6f5bfa6c60eeb2ad400161beec4006ab7b7da4908d9989b6db2c608560d2f56e,364,2,0.4342060983181,0.5,,,0.30859375,0.043516238620958964,1.8984321995922329,1.898823853774124,1.898823853774124,1903.2133855962352,1903.2133855962352,0.020457991410166052,0.020457991410166052,1.0,1.0,0.0005254271575850478,0.0005254271576216307,0.0,0.0,1.0,0.5,0.949411926887062,0.021758119310479482,43.63483411850567,0.49999999999949996,0.0,0.0,0.0007272893562912941,0.0006361380219459534,0.006151512265205383,0.0,0.0,0,True,True,True,
42,dp_sgd_lr0p50,dp_sgd,6f5bfa6c60eeb2ad400161beec4006ab7b7da4908d9989b6db2c608560d2f56e,365,2,0.39445799589157104,0.5,,,0.26171875,0.029083094946624918,1.8953323222805492,1.8955567776304447,1.8955567776304447,4247.070744129418,4247.070744129418,0.015388654653958988,0.015388654653958988,1.0,1.0,0.0002354564025569181,0.00023545640255777,0.0,0.0,1.0,0.5,0.9477783888152224,0.014541547473312459,65.17727157233205,0.49999999999949996,0.0,0.0,0.0005585905164480209,0.00048460718244314194,0.0057276105508208275,0.0,0.0,0,True,True,True,
42,dp_sgd_lr0p50,dp_sgd,6f5bfa6c60eeb2ad400161beec4006ab7b7da4908d9989b6db2c608560d2f56e,366,2,0.5987345576286316,0.5,,,0.3515625,0.05381640008523339,1.9008362835554895,1.901579191559738,1.901579191559738,1247.5562599215332,1247.5562599215332,0.027952243669565575,0.027952243669565575,1.0,1.0,0.0008015670569576879,0.0008015670569387329,0.0,0.0,1.0,0.5,0.950789595779869,0.026908200042616695,35.33456694385696,0.49999999999949996,0.0,0.0,0.0007597748190164566,0.0006983214989304543,0.0066602518782019615,0.0,0.0,0,True,True,True,
42,dp_sgd_lr0p50,dp_sgd,6f5bfa6c60eeb2ad400161beec4006ab7b7da4908d9989b6db2c608560d2f56e,367,2,0.6884597539901733,0.5,,,0.33984375,0.06223047223108398,1.900304727762127,1.9011719672891023,1.9011719672891023,932.4816717196272,932.4816717196272,0.030299096736632433,0.030299096736632433,1.0,1.0,0.0010724071368581006,0.0010724071370711978,0.0,0.0,1.0,0.5,0.9505859836445512,0.03111523611554199,30.550498800142,0.49999999999949996,0.0,0.0,0.0005591893568634987,0.00048365723341703415,0.00620247982442379,0.0,0.0,0,True,True,True,
42,dp_sgd_lr0p50,dp_sgd,6f5bfa6c60eeb2ad400161beec4006ab7b7da4908d9989b6db2c608560d2f56e,368,2,0.476282000541687,0.5,,,0.28515625,0.04234525450256644,1.9026376535487823,1.9030697464524882,1.9030697464524882,2018.8436189436277,2018.8436189436277,0.021328400109327194,0.021328400109327194,1.0,1.0,0.0004953330659485616,0.0004953330660660879,0.0,0.0,1.0,0.5,0.9515348732262441,0.02117262725128322,44.941747752331125,0.49999999999949996,0.0,0.0,0.0007295887917280197,0.0006645508110523224,0.006393713876605034,0.0,0.0,0,True,True,True,
42,dp_sgd_lr0p50,dp_sgd,6f5bfa6c60eeb2ad400161beec4006ab7b7da4908d9989b6db2c608560d2f56e,369,2,0.5761644244194031,0.5,,,0.33984375,0.05441719978101219,1.8952359826630765,1.8958909898303982,1.8958909898303982,1212.9815816988064,1212.9815816988064,0.026386040453362004,0.026386040453362004,1.0,1.0,0.0008244148260367672,0.0008244148260705832,0.0,0.0,1.0,0.5,0.9479454949151991,0.027208599890506096,34.839921888488135,0.49999999999949996,0.0,0.0,0.0005740495398640633,0.0004848809912800789,0.0062051210552453995,0.0,0.0,0,True,True,True,
42,dp_sgd_lr0p50,dp_sgd,6f5bfa6c60eeb2ad400161beec4006ab7b7da4908d9989b6db2c608560d2f56e,370,2,0.49885648488998413,0.5,,,0.31640625,0.03935858170504606,1.898983468819217,1.8994561240007315,1.8994561240007315,2327.8955366240357,2327.8955366240357,0.022367941580141517,0.022367941580141517,1.0,1.0,0.0004295725403573767,0.00042957254037709574,0.0,0.0,1.0,0.5,0.9497280620003657,0.01967929085252303,48.2602787401937,0.49999999999949996,0.0,0.0,0.0007836455479264259,0.0006728386506438255,0.006486214697360992,0.0,0.0,0,True,True,True,
42,dp_sgd_lr0p50,dp_sgd,6f5bfa6c60eeb2ad400161beec4006ab7b7da4908d9989b6db2c608560d2f56e,371,2,0.505207896232605,0.5,,,0.3046875,0.053955887344931425,1.8944319638944447,1.8951282752719816,1.8951282752719816,1232.7651455541302,1232.7651455541302,0.02713824485257897,0.02713824485257897,1.0,1.0,0.0008111845173938001,0.0008111845174137978,0.0,0.0,1.0,0.5,0.9475641376359908,0.026977943672465712,35.12366061346522,0.49999999999949996,0.0,0.0,0.0005611628293991089,0.0004895171150565147,0.006250246427953243,0.0,0.0,0,True,True,True,
42,dp_sgd_lr0p50,dp_sgd,6f5bfa6c60eeb2ad400161beec4006ab7b7da4908d9989b6db2c608560d2f56e,372,2,0.46037325263023376,0.5,,,0.29296875,0.05461446363285075,1.8961233632901426,1.896923852883644,1.896923852883644,1205.3629361146072,1205.3629361146072,0.02904954027342445,0.02904954027342445,1.0,1.0,0.0008296256419563397,0.0008296256418961546,0.0,0.0,1.0,0.5,0.948461926441822,0.027307231816425376,34.73299427723708,0.49999999999949996,0.0,0.0,0.0007606856524944305,0.0006730621680617332,0.0064494311809539795,0.0,0.0,0,True,True,True,
42,dp_sgd_lr0p50,dp_sgd,6f5bfa6c60eeb2ad400161beec4006ab7b7da4908d9989b6db2c608560d2f56e,373,2,0.35558223724365234,0.5,,,0.3125,0.05975424834419194,1.895710276613143,1.896578046801986,1.896578046801986,1006.4827899762571,1006.4827899762571,0.03027216967014432,0.03027216967014432,1.0,1.0,0.0009935589656165352,0.0009935589655140618,0.0,0.0,1.0,0.5,0.948289023400993,0.02987712417209597,31.739635244242052,0.49999999999949996,0.0,0.0,0.0005625532940030098,0.0004983274266123772,0.006586824543774128,0.0,0.0,0,True,True,True,
42,dp_sgd_lr0p50,dp_sgd,6f5bfa6c60eeb2ad400161beec4006ab7b7da4908d9989b6db2c608560d2f56e,374,2,0.7431188225746155,0.5,,,0.31640625,0.04496838497285595,1.8944659158794583,1.8950219198346467,1.8950219198346467,1774.839196903463,1774.839196903463,0.0242273882072813,0.0242273882072813,1.0,1.0,0.000563431324510911,0.0005634313243429319,0.0,0.0,1.0,0.5,0.9475109599173234,0.022484192486427974,42.14120477963012,0.49999999999949996,0.0,0.0,0.0006210217252373695,0.0006093345582485199,0.006165950559079647,0.0,0.0,0,True,True,True,
42,dp_sgd_lr0p50,dp_sgd,6f5bfa6c60eeb2ad400161beec4006ab7b7da4908d9989b6db2c608560d2f56e,375,2,0.5017032623291016,0.5,,,0.28515625,0.06461396404662431,1.8953426482566962,1.896616570680108,1.896616570680108,860.44417447456,860.44417447456,0.036743286224956706,0.036743286224956706,1.0,1.0,0.0011621904470105336,0.0011621904472055686,0.0,0.0,1.0,0.5,0.948308285340054,0.032306982023312156,29.353044633708535,0.49999999999949996,0.0,0.0,0.0006695101037621498,0.0005817124620079994,0.005960012786090374,0.0,0.0,0,True,True,True,
42,dp_sgd_lr0p50,dp_sgd,6f5bfa6c60eeb2ad400161beec4006ab7b7da4908d9989b6db2c608560d2f56e,376,2,0.41345643997192383,0.5,,,0.26953125,0.05824545626671243,1.8972918486651023,1.8983024923027962,1.8983024923027962,1061.0703481738663,1061.0703481738663,0.03268829804362486,0.03268829804362486,1.0,1.0,0.0009424445810082122,0.0009424445810963621,0.0,0.0,1.0,0.5,0.9491512461513981,0.029122728133356215,32.59142624868582,0.49999999999949996,0.0,0.0,0.0006640059873461723,0.0005814237520098686,0.005925970152020454,0.0,0.0,0,True,True,True,
42,dp_sgd_lr0p50,dp_sgd,6f5bfa6c60eeb2ad400161beec4006ab7b7da4908d9989b6db2c608560d2f56e,377,2,0.494180828332901,0.5,,,0.33984375,0.04418174271471067,1.9055885801426902,1.906063469605732,1.906063469605732,1860.2555041254443,1860.2555041254443,0.02233699422934362,0.02233699422934362,1.0,1.0,0.0005375605648093825,0.0005375605647751975,0.0,0.0,1.0,0.5,0.953031734802866,0.022090871357355334,43.14142793839614,0.49999999999949996,0.0,0.0,0.0006634779274463654,0.0005767159163951874,0.005913078784942627,0.0,0.0,0,True,True,True,
42,dp_sgd_lr0p50,dp_sgd,6f5bfa6c60eeb2ad400161beec4006ab7b7da4908d9989b6db2c608560d2f56e,378,2,0.5848870277404785,0.5,,,0.3203125,0.033032641233524826,1.89727754632159,1.8977261784574453,1.8977261784574453,3298.945436934236,3298.945436934236,0.02228308989920238,0.02228308989920238,1.0,1.0,0.00030312717145530567,0.00030312717148518064,0.0,0.0,1.0,0.5,0.9488630892287226,0.016516320616762413,57.45002844085453,0.49999999999949996,0.0,0.0,0.0006608674302697182,0.000576539896428585,0.005896954797208309,0.0,0.0,0,True,True,True,
42,dp_sgd_lr0p50,dp_sgd,6f5bfa6c60eeb2ad400161beec4006ab7b7da4908d9989b6db2c608560d2f56e,379,2,0.40571773052215576,0.5,,,0.30859375,0.04984818922711358,1.896971083879257,1.89755826415721,1.89755826415721,1448.1803415258516,1448.1803415258516,0.024912372174655438,0.024912372174655438,1.0,1.0,0.0006905217333247655,0.0006905217331684598,0.0,0.0,1.0,0.5,0.948779132078605,0.02492409461355679,38.06674411853963,0.49999999999949996,0.0,0.0,0.000741652213037014,0.0006116870790719986,0.006157572381198406,0.0,0.0,0,True,True,True,
42,dp_sgd_lr0p50,dp_sgd,6f5bfa6c60eeb2ad400161beec4006ab7b7da4908d9989b6db2c608560d2f56e,380,2,0.5341329574584961,0.5,,,0.30859375,0.04455906049731673,1.8986463826591238,1.8991402065545933,1.8991402065545933,1815.5830573661065,1815.5830573661065,0.022812393938947823,0.022812393938947823,1.0,1.0,0.0005507872501006859,0.0005507872501593109,0.0,0.0,1.0,0.5,0.9495701032772966,0.022279530248658364,42.62074166899715,0.49999999999949996,0.0,0.0,0.0005588969215750694,0.0004897993057966232,0.0062407804653048515,0.0,0.0,0,True,True,True,
42,dp_sgd_lr0p50,dp_sgd,6f5bfa6c60eeb2ad400161beec4006ab7b7da4908d9989b6db2c608560d2f56e,381,2,0.4809950888156891,0.5,,,0.30078125,0.03563552796958336,1.898602958696748,1.8989929479910588,1.8989929479910588,2838.5850496624453,2838.5850496624453,0.020325453648886774,0.020325453648886774,1.0,1.0,0.0003522881934896296,0.0003522881935307791,0.0,0.0,1.0,0.5,0.9494964739955294,0.01781776398479168,53.28931704071741,0.49999999999949996,0.0,0.0,0.0007763942703604698,0.0006631482392549515,0.0064438823610544205,0.0,0.0,0,True,True,True,
42,dp_sgd_lr0p50,dp_sgd,6f5bfa6c60eeb2ad400161beec4006ab7b7da4908d9989b6db2c608560d2f56e,382,2,0.44844621419906616,0.5,,,0.3046875,0.052311463650755154,1.8984164576139881,1.8992176257734952,1.8992176257734952,1317.0104989469469,1317.0104989469469,0.029083961121499198,0.029083961121499198,1.0,1.0,0.0007592953893942905,0.0007592953895103577,0.0,0.0,1.0,0.5,0.9496088128867476,0.026155731825377577,36.30595462555877,0.49999999999949996,0.0,0.0,0.0005682893097400665,0.0004914682358503342,0.006628026254475117,0.0,0.0,0,True,True,True,
42,dp_sgd_lr0p50,dp_sgd,6f5bfa6c60eeb2ad400161beec4006ab7b7da4908d9989b6db2c608560d2f56e,383,2,0.42940765619277954,0.5,,,0.23046875,0.04152510228588918,1.897236757948365,1.897723455311398,1.897723455311398,2087.476708938891,2087.476708938891,0.022659822408302336,0.022659822408302336,1.0,1.0,0.0004790472608090126,0.00047904726065761455,0.0,0.0,1.0,0.5,0.948861727655699,0.02076255114294459,45.70063288838352,0.49999999999949996,0.0,0.0,0.000764818862080574,0.0006741508841514587,0.0063205743208527565,0.0,0.0,0,True,True,True,
42,dp_sgd_lr0p50,dp_sgd,6f5bfa6c60eeb2ad400161beec4006ab7b7da4908d9989b6db2c608560d2f56e,384,2,0.5787501335144043,0.5,,,0.28515625,0.04382227118575361,1.8964727206846643,1.897004108570912,1.897004108570912,1872.851899497641,1872.851899497641,0.02367466851654975,0.02367466851654975,1.0,1.0,0.0005339450491238666,0.0005339450490987857,0.0,0.0,1.0,0.5,0.948502054285456,0.021911135592876805,43.28858493991158,0.49999999999949996,0.0,0.0,0.0005698800086975098,0.00048010051250457764,0.0065825460478663445,0.0,0.0,0,True,True,True,
42,dp_sgd_lr0p50,dp_sgd,6f5bfa6c60eeb2ad400161beec4006ab7b7da4908d9989b6db2c608560d2f56e,385,2,0.41338562965393066,0.5,,,0.30078125,0.042039934096275045,1.8961832346473697,1.8967434683336062,1.8967434683336062,2034.4009569445138,2034.4009569445138,0.024406393432363258,0.024406393432363258,1.0,1.0,0.0004915451873045786,0.0004915451873554904,0.0,0.0,1.0,0.5,0.9483717341668031,0.021019967048137522,45.11766036311251,0.49999999999949996,0.0,0.0,0.0006058504804968834,0.0005893874913454056,0.005954410880804062,0.0,0.0,0,True,True,True,
42,dp_sgd_lr0p50,dp_sgd,6f5bfa6c60eeb2ad400161beec4006ab7b7da4908d9989b6db2c608560d2f56e,386,2,0.47751232981681824,0.5,,,0.27734375,0.04822453565592799,1.899479709210288,1.9001435834330673,1.9001435834330673,1551.4336536689175,1551.4336536689175,0.026453620007301566,0.026453620007301566,1.0,1.0,0.0006445651073797911,0.0006445651074681577,0.0,0.0,1.0,0.5,0.9500717917165337,0.024112267827963996,39.4020089049979,0.49999999999949996,0.0,0.0,0.0006910907104611397,0.0006003091111779213,0.006137343123555183,0.0,0.0,0,True,True,True,
42,dp_sgd_lr0p50,dp_sgd,6f5bfa6c60eeb2ad400161beec4006ab7b7da4908d9989b6db2c608560d2f56e,387,2,0.43972036242485046,0.5,,,0.3125,0.05037669552581183,1.9005901288309852,1.9012648356427602,1.9012648356427602,1423.3692709506997,1423.3692709506997,0.026639062140636573,0.026639062140636573,1.0,1.0,0.0007025583733009501,0.000702558373043781,0.0,0.0,1.0,0.5,0.9506324178213801,0.025188347762905915,37.740959698182564,0.49999999999949996,0.0,0.0,0.0006654262542724609,0.0006001526489853859,0.005874199792742729,0.0,0.0,0,True,True,True,
42,dp_sgd_lr0p50,dp_sgd,6f5bfa6c60eeb2ad400161beec4006ab7b7da4908d9989b6db2c608560d2f56e,388,2,0.48855942487716675,0.5,,,0.2578125,0.03770763562912799,1.9002883282945588,1.9006232440333646,1.9006232440333646,2539.688180748712,2539.688180748712,0.018800933212476053,0.018800933212476053,1.0,1.0,0.00039374912513929843,0.00039374912515645734,0.0,0.0,1.0,0.5,0.9503116220166823,0.018853817814563995,50.404200958820745,0.49999999999949996,0.0,0.0,0.0006383275613188744,0.0006711464375257492,0.006641062907874584,0.0,0.0,0,True,True,True,
42,dp_sgd_lr0p50,dp_sgd,6f5bfa6c60eeb2ad400161beec4006ab7b7da4908d9989b6db2c608560d2f56e,389,2,0.5364396572113037,0.5,,,0.3203125,0.038896792226681735,1.9038817574112772,1.9044595847835342,1.9044595847835342,2395.8099859962226,2395.8099859962226,0.025065174272731014,0.025065174272731014,1.0,1.0,0.00041739537157949925,0.00041739537172570126,0.0,0.0,1.0,0.5,0.9522297923917671,0.019448396113340868,48.96186743592761,0.49999999999949996,0.0,0.0,0.0006926264613866806,0.0006077205762267113,0.006146291270852089,0.0,0.0,0,True,True,True,
42,dp_sgd_lr0p50,dp_sgd,6f5bfa6c60eeb2ad400161beec4006ab7b7da4908d9989b6db2c608560d2f56e,390,2,0.48951026797294617,0.5,,,0.29296875,0.03649974326028613,1.8981988827558083,1.8983961122059796,1.8983961122059796,2704.6047553480535,2704.6047553480535,0.015016614577394125,0.015016614577394125,1.0,1.0,0.000369739791838979,0.00036973979184267076,0.0,0.0,1.0,0.5,0.9491980561029898,0.018249871630143064,52.01121823143135,0.49999999999949996,0.0,0.0,0.000621492974460125,0.0005652029067277908,0.005913861095905304,0.0,0.0,0,True,True,True,
42,dp_sgd_lr0p50,dp_sgd,6f5bfa6c60eeb2ad400161beec4006ab7b7da4908d9989b6db2c608560d2f56e,391,2,0.6771038770675659,0.5,,,0.30078125,0.052117662599536964,1.9007040037872345,1.9016525895394816,1.9016525895394816,1330.0229009588265,1330.0229009588265,0.03189956587028722,0.03189956587028722,1.0,1.0,0.0007518667527533991,0.0007518667526884899,0.0,0.0,1.0,0.5,0.9508262947697408,0.026058831299768482,36.48767988845688,0.49999999999949996,0.0,0.0,0.0006906548514962196,0.0006079124286770821,0.006165706552565098,0.0,0.0,0,True,True,True,
42,dp_sgd_lr0p50,dp_sgd,6f5bfa6c60eeb2ad400161beec4006ab7b7da4908d9989b6db2c608560d2f56e,392,2,0.4542980194091797,0.5,,,0.31640625,0.052538600767319206,1.8928477785123559,1.893470861584444,1.893470861584444,1297.999050357786,1297.999050357786,0.025731200667716687,0.025731200667716687,1.0,1.0,0.0007704165880258523,0.0007704165880596115,0.0,0.0,1.0,0.5,0.946735430792222,0.026269300383659603,36.03961342438659,0.49999999999949996,0.0,0.0,0.0007230201736092567,0.0006189616397023201,0.006108151748776436,0.0,0.0,0,True,True,True,
42,dp_sgd_lr0p50,dp_sgd,6f5bfa6c60eeb2ad400161beec4006ab7b7da4908d9989b6db2c608560d2f56e,393,2,0.6552385091781616,0.5,,,0.31640625,0.06100632224938885,1.8934838245931696,1.8942568947559641,1.8942568947559641,963.3265054817514,963.3265054817514,0.02877235176101346,0.02877235176101346,1.0,1.0,0.0010380696410205595,0.0010380696407582691,0.0,0.0,1.0,0.5,0.9471284473779821,0.030503161124694426,31.05017356972113,0.49999999999949996,0.0,0.0,0.0005574570968747139,0.00048459600657224655,0.006253251805901527,0.0,0.0,0,True,True,True,
42,dp_sgd_lr0p50,dp_sgd,6f5bfa6c60eeb2ad400161beec4006ab7b7da4908d9989b6db2c608560d2f56e,394,2,0.673832356929779,0.5,,,0.3046875,0.08811650947582415,1.8934412445735604,1.8954561205198395,1.8954561205198395,461.73106593697423,461.73106593697423,0.04609803410252974,0.04609803410252974,1.0,1.0,0.0021657628729001934,0.0021657628728763505,0.0,0.0,1.0,0.5,0.9477280602599197,0.04405825473791208,21.510794421525055,0.49999999999949996,0.0,0.0,0.0007353946566581726,0.0006602844223380089,0.00640393141657114,0.0,0.0,0,True,True,True,
42,dp_sgd_lr0p50,dp_sgd,6f5bfa6c60eeb2ad400161beec4006ab7b7da4908d9989b6db2c608560d2f56e,395,2,0.628650426864624,0.5,,,0.2734375,0.05974102609430524,1.8909458258722236,1.892020763334178,1.892020763334178,1001.8733356520565,1001.8733356520565,0.03377580052508552,0.03377580052508552,1.0,1.0,0.0009981301668924962,0.0009981301667159436,0.0,0.0,1.0,0.5,0.946010381667089,0.02987051304715262,31.670376070945867,0.49999999999949996,0.0,0.0,0.0005973540246486664,0.00048470310866832733,0.005723186768591404,0.0,0.0,0,True,True,True,
42,dp_sgd_lr0p50,dp_sgd,6f5bfa6c60eeb2ad400161beec4006ab7b7da4908d9989b6db2c608560d2f56e,396,2,0.6983052492141724,0.5,,,0.3046875,0.03133218830912233,1.9007783054739233,1.901107979298083,1.901107979298083,3680.2852113322824,3680.2852113322824,0.0187614845091693,0.0187614845091693,1.0,1.0,0.0002717180711706534,0.0002717180711865204,0.0,0.0,1.0,0.5,0.9505539896490415,0.015666094154561164,60.675876208213204,0.49999999999949996,0.0,0.0,0.0007542520761489868,0.0006724605336785316,0.006644818931818008,0.0,0.0,0,True,True,True,
42,dp_sgd_lr0p50,dp_sgd,6f5bfa6c60eeb2ad400161beec4006ab7b7da4908d9989b6db2c608560d2f56e,397,2,0.38667091727256775,0.5,,,0.21875,0.032885052514789986,1.8969932502497509,1.8973680984155388,1.8973680984155388,3327.625865328409,3327.625865328409,0.020063579471369726,0.020063579471369726,1.0,1.0,0.0003005145528811804,0.00030051455281961364,0.0,0.0,1.0,0.5,0.9486840492077694,0.016442526257394993,57.69697638301801,0.49999999999949996,0.0,0.0,0.0007196115329861641,0.0006102509796619415,0.006146463565528393,0.0,0.0,0,True,True,True,
42,dp_sgd_lr0p50,dp_sgd,6f5bfa6c60eeb2ad400161beec4006ab7b7da4908d9989b6db2c608560d2f56e,398,2,0.7274890542030334,0.5,,,0.328125,0.04805769595428392,1.8923335282303468,1.8929187699667538,1.8929187699667538,1550.491812996619,1550.491812996619,0.02487008824038777,0.02487008824038777,1.0,1.0,0.0006449566461328455,0.0006449566462574726,0.0,0.0,1.0,0.5,0.9464593849833769,0.02402884797714196,39.38846281121474,0.49999999999949996,0.0,0.0,0.000561288557946682,0.0004825219511985779,0.006126035936176777,0.0,0.0,0,True,True,True,
42,dp_sgd_lr0p50,dp_sgd,6f5bfa6c60eeb2ad400161beec4006ab7b7da4908d9989b6db2c608560d2f56e,399,2,0.3613608479499817,0.5,0.48659125080108645,0.9082,0.28515625,0.050133196606932,1.8981648754823015,1.8988529703490022,1.8988529703490022,1433.5639497395168,1433.5639497395168,0.026923762989917846,0.026923762989917846,1.0,1.0,0.0006975621839427173,0.0006975621840071181,0.0,0.0,1.0,0.5,0.9494264851745011,0.025066598303466,37.8761598858568,0.49999999999949996,0.0,0.0,0.000786718912422657,0.0006770668551325798,0.006529410369694233,0.0,0.0,0,True,True,True,
42,dp_sgd_lr0p50,dp_sgd,6f5bfa6c60eeb2ad400161beec4006ab7b7da4908d9989b6db2c608560d2f56e,400,2,0.4263043701648712,0.5,,,0.2890625,0.03795528619092755,1.9005045943123111,1.9010439846270388,1.9010439846270388,2507.224981823162,2507.224981823162,0.02419193592702873,0.02419193592702873,1.0,1.0,0.00039884733382738004,0.00039884733388187774,0.0,0.0,1.0,0.5,0.9505219923135194,0.018977643095463775,50.086408911896775,0.49999999999949996,0.11803039908409119,0.0,0.0007043695077300072,0.0005811881273984909,0.00601274985820055,0.0,0.0,0,True,True,True,
42,dp_sgd_lr0p50,dp_sgd,6f5bfa6c60eeb2ad400161beec4006ab7b7da4908d9989b6db2c608560d2f56e,401,2,0.23646362125873566,0.5,,,0.265625,0.06573671162020055,1.892229237328471,1.8931480628616708,1.8931480628616708,828.5744674447607,828.5744674447607,0.03133571181028971,0.03133571181028971,1.0,1.0,0.0012068921250400193,0.0012068921250737695,0.0,0.0,1.0,0.5,0.9465740314308354,0.03286835581010027,28.798946831139002,0.49999999999949996,0.0,0.0,0.0005884552374482155,0.0004878072068095207,0.005837749689817429,0.0,0.0,0,True,True,True,
42,dp_sgd_lr0p50,dp_sgd,6f5bfa6c60eeb2ad400161beec4006ab7b7da4908d9989b6db2c608560d2f56e,402,2,0.3440297842025757,0.5,,,0.234375,0.04100295480572512,1.8954512232218184,1.8958172588266464,1.8958172588266464,2136.9527351839456,2136.9527351839456,0.01974025031629572,0.01974025031629572,1.0,1.0,0.00046795606797491704,0.00046795606786945686,0.0,0.0,1.0,0.5,0.9479086294133232,0.02050147740286256,46.23611317078707,0.49999999999949996,0.0,0.0,0.000763176940381527,0.0006805118173360825,0.006683811545372009,0.0,0.0,0,True,True,True,
42,dp_sgd_lr0p50,dp_sgd,6f5bfa6c60eeb2ad400161beec4006ab7b7da4908d9989b6db2c608560d2f56e,403,2,0.7101016044616699,0.5,,,0.34375,0.04542526763099627,1.8943496142515823,1.8948038829361524,1.8948038829361524,1739.1028952687195,1739.1028952687195,0.021985952922074434,0.021985952922074434,1.0,1.0,0.000575009105117142,0.0005750091050812524,0.0,0.0,1.0,0.5,0.9474019414680762,0.022712633815498134,41.71255298361289,0.49999999999949996,0.0,0.0,0.000568043440580368,0.0004876619204878807,0.006187489256262779,0.0,0.0,0,True,True,True,
42,dp_sgd_lr0p50,dp_sgd,6f5bfa6c60eeb2ad400161beec4006ab7b7da4908d9989b6db2c608560d2f56e,404,2,0.6947740912437439,0.5,,,0.2734375,0.030996677518393138,1.9001413886887795,1.90031989635429,1.90031989635429,3757.8682097232754,3757.8682097232754,0.013914305791980013,0.013914305791980013,1.0,1.0,0.0002661083207685338,0.00026610832084409926,0.0,0.0,1.0,0.5,0.950159948177145,0.015498338759196569,61.307212526376205,0.49999999999949996,0.0,0.0,0.0007190005853772163,0.0006718356162309647,0.0064599113538861275,0.0,0.0,0,True,True,True,
42,dp_sgd_lr0p50,dp_sgd,6f5bfa6c60eeb2ad400161beec4006ab7b7da4908d9989b6db2c608560d2f56e,405,2,0.6453992128372192,0.5,,,0.28515625,0.04881428425057157,1.8968878226955428,1.8976748680480982,1.8976748680480982,1510.043455210545,1510.043455210545,0.028981519311152046,0.028981519311152046,1.0,1.0,0.0006622325974325183,0.0006622325975598615,0.0,0.0,1.0,0.5,0.9488374340240491,0.024407142125285785,38.87540086072505,0.49999999999949996,0.0,0.0,0.0005804914981126785,0.00048173684626817703,0.005746433511376381,0.0,0.0,0,True,True,True,
42,dp_sgd_lr0p50,dp_sgd,6f5bfa6c60eeb2ad400161beec4006ab7b7da4908d9989b6db2c608560d2f56e,406,2,0.7192411422729492,0.5,,,0.29296875,0.06217344220839319,1.8937985571918332,1.894975614024706,1.894975614024706,927.8071978595409,927.8071978595409,0.035330760251062,0.035330760251062,1.0,1.0,0.0010778101334501752,0.001077810133555753,0.0,0.0,1.0,0.5,0.947487807012353,0.031086721104196594,30.478859568562438,0.49999999999949996,0.0,0.0,0.0007654447108507156,0.0006678970530629158,0.006679430603981018,0.0,0.0,0,True,True,True,
42,dp_sgd_lr0p50,dp_sgd,6f5bfa6c60eeb2ad400161beec4006ab7b7da4908d9989b6db2c608560d2f56e,407,2,0.764513373374939,0.5,,,0.29296875,0.06499010056614968,1.8999163777981816,1.9008859022173556,1.9008859022173556,854.6229573646069,854.6229573646069,0.03200891531381368,0.03200891531381368,1.0,1.0,0.001170106643105698,0.0011701066424650642,0.0,0.0,1.0,0.5,0.9504429511086778,0.03249505028307484,29.24885306530732,0.49999999999949996,0.0,0.0,0.0007257992401719093,0.0006150621920824051,0.006117519922554493,0.0,0.0,0,True,True,True,
42,dp_sgd_lr0p50,dp_sgd,6f5bfa6c60eeb2ad400161beec4006ab7b7da4908d9989b6db2c608560d2f56e,408,2,0.47185707092285156,0.5,,,0.24609375,0.05491519351322797,1.9036807839633745,1.9044149171975748,1.9044149171975748,1201.7197959769815,1201.7197959769815,0.02778377841042281,0.02778377841042281,1.0,1.0,0.000832140739476741,0.0008321407394833487,0.0,0.0,1.0,0.5,0.9522074585987874,0.027457596756613984,34.67919887543474,0.49999999999949996,0.0,0.0,0.0005556019023060799,0.00048345234245061874,0.006200747564435005,0.0,0.0,0,True,True,True,
42,dp_sgd_lr0p50,dp_sgd,6f5bfa6c60eeb2ad400161beec4006ab7b7da4908d9989b6db2c608560d2f56e,409,2,0.835107684135437,0.5,,,0.24609375,0.042792895934388786,1.8991603194733382,1.8996838727624152,1.8996838727624152,1969.6084550950488,1969.6084550950488,0.023496060686916766,0.023496060686916766,1.0,1.0,0.0005077151232097978,0.0005077151231676995,0.0,0.0,1.0,0.5,0.9498419363812076,0.021396447967194393,44.39250560621736,0.49999999999949996,0.0,0.0,0.0007714936509728432,0.0006860066205263138,0.00672466866672039,0.0,0.0,0,True,True,True,
42,dp_sgd_lr0p50,dp_sgd,6f5bfa6c60eeb2ad400161beec4006ab7b7da4908d9989b6db2c608560d2f56e,410,2,0.4534393548965454,0.5,,,0.2421875,0.050422199099038965,1.8973301329581673,1.8979520581632472,1.8979520581632472,1415.9314956423486,1415.9314956423486,0.025615649546596234,0.025615649546596234,1.0,1.0,0.0007062488564481961,0.0007062488563944431,0.0,0.0,1.0,0.5,0.9489760290816236,0.025211099549519483,37.6411995510156,0.49999999999949996,0.0,0.0,0.0005883499979972839,0.0004826551303267479,0.005771590396761894,0.0,0.0,0,True,True,True,
42,dp_sgd_lr0p50,dp_sgd,6f5bfa6c60eeb2ad400161beec4006ab7b7da4908d9989b6db2c608560d2f56e,411,2,0.6816391944885254,0.5,,,0.3046875,0.04654805860709632,1.8910568390718066,1.8916308847295282,1.8916308847295282,1650.463863344311,1650.463863344311,0.024634135350717172,0.024634135350717172,1.0,1.0,0.0006058902722728555,0.0006058902724094832,0.0,0.0,1.0,0.5,0.9458154423647641,0.02327402930354816,40.63823371486152,0.49999999999949996,0.0,0.0,0.0007352018728852272,0.0006356285884976387,0.006396083161234856,0.0,0.0,0,True,True,True,
42,dp_sgd_lr0p50,dp_sgd,6f5bfa6c60eeb2ad400161beec4006ab7b7da4908d9989b6db2c608560d2f56e,412,2,0.5859977006912231,0.5,,,0.32421875,0.05366117220740755,1.9007840591615597,1.9017036181417772,1.9017036181417772,1254.715465894459,1254.715465894459,0.031240961377529016,0.031240961377529016,1.0,1.0,0.0007969934434015805,0.0007969934433618119,0.0,0.0,1.0,0.5,0.9508518090708886,0.026830586103703775,35.43909944271367,0.49999999999949996,0.0,0.0,0.0006657913327217102,0.0005806861445307732,0.005919056013226509,0.0,0.0,0,True,True,True,
42,dp_sgd_lr0p50,dp_sgd,6f5bfa6c60eeb2ad400161beec4006ab7b7da4908d9989b6db2c608560d2f56e,413,2,0.5274406671524048,0.5,,,0.2578125,0.04091857484664305,1.895883845988162,1.8963578225295636,1.8963578225295636,2146.75485387877,2146.75485387877,0.022370687583267296,0.022370687583267296,1.0,1.0,0.00046581937271303315,0.00046581937271764035,0.0,0.0,1.0,0.5,0.9481789112647818,0.020459287423321523,46.34466937189654,0.49999999999949996,0.0,0.0,0.0006680935621261597,0.0006181113421916962,0.005880453623831272,0.0,0.0,0,True,True,True,
42,dp_sgd_lr0p50,dp_sgd,6f5bfa6c60eeb2ad400161beec4006ab7b7da4908d9989b6db2c608560d2f56e,414,2,0.6534954905509949,0.5,,,0.30078125,0.0634241037946929,1.8959354732687503,1.8968965857604605,1.8968965857604605,893.5902596718728,893.5902596718728,0.03186776294245297,0.03186776294245297,1.0,1.0,0.0011190811324625766,0.0011190811324304358,0.0,0.0,1.0,0.5,0.9484482928802302,0.03171205189734645,29.908133851461212,0.49999999999949996,0.0,0.0,0.0007839435711503029,0.0006721224635839462,0.00627276673913002,0.0,0.0,0,True,True,True,
42,dp_sgd_lr0p50,dp_sgd,6f5bfa6c60eeb2ad400161beec4006ab7b7da4908d9989b6db2c608560d2f56e,415,2,0.7508423328399658,0.5,,,0.27734375,0.04826921765233889,1.8986093162722735,1.8992221346484655,1.8992221346484655,1547.143850000524,1547.143850000524,0.025401422284526347,0.025401422284526347,1.0,1.0,0.0006463523088497454,0.0006463523088135989,0.0,0.0,1.0,0.5,0.9496110673242327,0.024134608826169444,39.34644535258478,0.49999999999949996,0.0,0.0,0.0006373357027769089,0.0006719715893268585,0.00669235922396183,0.0,0.0,0,True,True,True,
42,dp_sgd_lr0p50,dp_sgd,6f5bfa6c60eeb2ad400161beec4006ab7b7da4908d9989b6db2c608560d2f56e,416,2,0.4148959815502167,0.5,,,0.33203125,0.04893482301599984,1.903303735670982,1.9041383172313688,1.9041383172313688,1512.7952630958728,1512.7952630958728,0.0299008224758255,0.0299008224758255,1.0,1.0,0.0006610279817611685,0.0006610279817695851,0.0,0.0,1.0,0.5,0.9520691586156844,0.02446741150799992,38.911723794954035,0.49999999999949996,0.0,0.0,0.0006980188190937042,0.0006321091204881668,0.006189219653606415,0.0,0.0,0,True,True,True,
42,dp_sgd_lr0p50,dp_sgd,6f5bfa6c60eeb2ad400161beec4006ab7b7da4908d9989b6db2c608560d2f56e,417,2,0.4325985908508301,0.5,,,0.26953125,0.028004365647196317,1.8969636552297526,1.897142384928929,1.897142384928929,4588.455674513922,4588.455674513922,0.013762578314123862,0.013762578314123862,1.0,1.0,0.0002179382497425007,0.00021793824972104382,0.0,0.0,1.0,0.5,0.9485711924644645,0.014002182823598159,67.74452271813463,0.49999999999949996,0.0,0.0,0.000574897974729538,0.0004992010071873665,0.00571111124008894,0.0,0.0,0,True,True,True,
42,dp_sgd_lr0p50,dp_sgd,6f5bfa6c60eeb2ad400161beec4006ab7b7da4908d9989b6db2c608560d2f56e,418,2,0.4853864908218384,0.5,,,0.28125,0.032695332983380974,1.8988932949004542,1.899193298169879,1.899193298169879,3373.102915752322,3373.102915752322,0.01778268642143263,0.01778268642143263,1.0,1.0,0.00029646293755054907,0.0002964629375984268,0.0,0.0,1.0,0.5,0.9495966490849395,0.016347666491690487,58.08759614159804,0.49999999999949996,0.0,0.0,0.0008525848388671875,0.0007026717066764832,0.005930153653025627,0.0,0.0,0,True,True,True,
42,dp_sgd_lr0p50,dp_sgd,6f5bfa6c60eeb2ad400161beec4006ab7b7da4908d9989b6db2c608560d2f56e,419,2,0.48073065280914307,0.5,,,0.28125,0.03807566782761201,1.8919043205894972,1.892456255844595,1.892456255844595,2468.8987453367463,2468.8987453367463,0.02455348749808914,0.02455348749808914,1.0,1.0,0.00040503888675011424,0.0004050388867621426,0.0,0.0,1.0,0.5,0.9462281279222975,0.019037833913806004,49.702509863078596,0.49999999999949996,0.0,0.0,0.0007661664858460426,0.0007040398195385933,0.006624976173043251,0.0,0.0,0,True,True,True,
42,dp_sgd_lr0p50,dp_sgd,6f5bfa6c60eeb2ad400161beec4006ab7b7da4908d9989b6db2c608560d2f56e,420,2,0.631942093372345,0.5,,,0.265625,0.047260773954767736,1.8981904142390367,1.8986270610438802,1.8986270610438802,1613.1616639992692,1613.1616639992692,0.021684072392219006,0.021684072392219006,1.0,1.0,0.0006199006719964205,0.0006199006720055922,0.0,0.0,1.0,0.5,0.9493135305219401,0.023630386977383868,40.17342294860995,0.49999999999949996,0.0,0.0,0.0005628624930977821,0.00048663001507520676,0.0065625691786408424,0.0,0.0,0,True,True,True,
42,dp_sgd_lr0p50,dp_sgd,6f5bfa6c60eeb2ad400161beec4006ab7b7da4908d9989b6db2c608560d2f56e,421,2,0.5326873660087585,0.5,,,0.3046875,0.04393084562718723,1.8977408665746704,1.8983297982148173,1.8983297982148173,1866.0990571158964,1866.0990571158964,0.024974720704480275,0.024974720704480275,1.0,1.0,0.0005358772331341784,0.0005358772332009526,0.0,0.0,1.0,0.5,0.9491648991074086,0.021965422813593614,43.211774574937515,0.49999999999949996,0.0,0.0,0.0006930120289325714,0.0006000334396958351,0.00614996999502182,0.0,0.0,0,True,True,True,
42,dp_sgd_lr0p50,dp_sgd,6f5bfa6c60eeb2ad400161beec4006ab7b7da4908d9989b6db2c608560d2f56e,422,2,0.6676892638206482,0.5,,,0.26953125,0.03566835013942118,1.8990497488891378,1.8993499079171372,1.8993499079171372,2834.696980542486,2834.696980542486,0.017804232161245766,0.017804232161245766,1.0,1.0,0.0003527713918199216,0.0003527713917954249,0.0,0.0,1.0,0.5,0.9496749539585686,0.01783417506971059,53.25028773089921,0.49999999999949996,0.0,0.0,0.0006903009489178658,0.0006034811958670616,0.006158391013741493,0.0,0.0,0,True,True,True,
42,dp_sgd_lr0p50,dp_sgd,6f5bfa6c60eeb2ad400161beec4006ab7b7da4908d9989b6db2c608560d2f56e,423,2,0.38777369260787964,0.5,,,0.21875,0.03300171539167954,1.8962693905817343,1.8964987755006857,1.8964987755006857,3301.61964459423,3301.61964459423,0.015650971641202806,0.015650971641202806,1.0,1.0,0.0003028816480174669,0.0003028816480889467,0.0,0.0,1.0,0.5,0.9482493877503428,0.01650085769583977,57.466672652534356,0.49999999999949996,0.0,0.0,0.0005608787760138512,0.0004893960431218147,0.006322095170617104,0.0,0.0,0,True,True,True,
42,dp_sgd_lr0p50,dp_sgd,6f5bfa6c60eeb2ad400161beec4006ab7b7da4908d9989b6db2c608560d2f56e,424,2,0.40505683422088623,0.5,,,0.2734375,0.03181509499773511,1.8932720977659658,1.8936411003493798,1.8936411003493798,3541.274725847929,3541.274725847929,0.0199977273570311,0.0199977273570311,1.0,1.0,0.0002823841911255085,0.0002823841910980216,0.0,0.0,1.0,0.5,0.9468205501746899,0.015907547498867556,59.52020889345596,0.49999999999949996,0.0,0.0,0.0007012765854597092,0.0006196284666657448,0.006119408644735813,0.0,0.0,0,True,True,True,
42,dp_sgd_lr0p50,dp_sgd,6f5bfa6c60eeb2ad400161beec4006ab7b7da4908d9989b6db2c608560d2f56e,425,2,0.3987113833427429,0.5,,,0.2578125,0.034915656312526376,1.897182257190523,1.8974244732543564,1.8974244732543564,2952.4169405659227,2952.4169405659227,0.016137536195371328,0.016137536195371328,1.0,1.0,0.0003387055484743851,0.00033870554849932725,0.0,0.0,1.0,0.5,0.9487122366271782,0.017457828156263188,54.34308483741572,0.49999999999949996,0.0,0.0,0.0007144864648580551,0.000614827498793602,0.006170526146888733,0.0,0.0,0,True,True,True,
42,dp_sgd_lr0p50,dp_sgd,6f5bfa6c60eeb2ad400161beec4006ab7b7da4908d9989b6db2c608560d2f56e,426,2,0.44356682896614075,0.5,,,0.32421875,0.05042391683146552,1.9021651377740538,1.9026199972708466,1.9026199972708466,1423.0602240413095,1423.0602240413095,0.022270810172943464,0.022270810172943464,1.0,1.0,0.0007027109483578626,0.0007027109484969933,0.0,0.0,1.0,0.5,0.9513099986354233,0.02521195841573276,37.7324911818058,0.49999999999949996,0.0,0.0,0.000562950037419796,0.0004871245473623276,0.006628026254475117,0.0,0.0,0,True,True,True,
42,dp_sgd_lr0p50,dp_sgd,6f5bfa6c60eeb2ad400161beec4006ab7b7da4908d9989b6db2c608560d2f56e,427,2,0.4185253083705902,0.5,,,0.2890625,0.03548012047822428,1.8954903859604042,1.8957476880851398,1.8957476880851398,2854.1250672631104,2854.1250672631104,0.016609333215819155,0.016609333215819155,1.0,1.0,0.0003503700698597147,0.00035037006983982356,0.0,0.0,1.0,0.5,0.9478738440425699,0.01774006023911214,53.43126411145593,0.49999999999949996,0.0,0.0,0.000692564994096756,0.000605105422437191,0.0061255041509866714,0.0,0.0,0,True,True,True,
42,dp_sgd_lr0p50,dp_sgd,6f5bfa6c60eeb2ad400161beec4006ab7b7da4908d9989b6db2c608560d2f56e,428,2,0.422041654586792,0.5,,,0.22265625,0.04106900224582563,1.901619589265914,1.9020030128629095,1.9020030128629095,2143.9713665692143,2143.9713665692143,0.020131392141737117,0.020131392141737117,1.0,1.0,0.00046642413933309097,0.0004664241392259773,0.0,0.0,1.0,0.5,0.9510015064314548,0.020534501122912815,46.3123745102332,0.49999999999949996,0.0,0.0,0.000690218061208725,0.0006263405084609985,0.006164112128317356,0.0,0.0,0,True,True,True,
42,dp_sgd_lr0p50,dp_sgd,6f5bfa6c60eeb2ad400161beec4006ab7b7da4908d9989b6db2c608560d2f56e,429,2,0.4237567186355591,0.5,,,0.26171875,0.046766101331462605,1.8989712552187057,1.899341526131494,1.899341526131494,1648.8245637969178,1648.8245637969178,0.020227870167866518,0.020227870167866518,1.0,1.0,0.0006064926624089629,0.0006064926623099932,0.0,0.0,1.0,0.5,0.949670763065747,0.023383050665731302,40.61363834005244,0.49999999999949996,0.0,0.0,0.0005617709830403328,0.0004940563812851906,0.006552083417773247,0.0,0.0,0,True,True,True,
42,dp_sgd_lr0p50,dp_sgd,6f5bfa6c60eeb2ad400161beec4006ab7b7da4908d9989b6db2c608560d2f56e,430,2,0.6220369338989258,0.5,,,0.27734375,0.03606372361878177,1.8996382260099935,1.9000319590169863,1.9000319590169863,2774.6018271172193,2774.6018271172193,0.02040686528587242,0.02040686528587242,1.0,1.0,0.0003604120740704014,0.00036041207402976366,0.0,0.0,1.0,0.5,0.9500159795084931,0.018031861809390884,52.68540705880106,0.49999999999949996,0.0,0.0,0.0006950683891773224,0.0006128819659352303,0.006146503612399101,0.0,0.0,0,True,True,True,
42,dp_sgd_lr0p50,dp_sgd,6f5bfa6c60eeb2ad400161beec4006ab7b7da4908d9989b6db2c608560d2f56e,431,2,0.6669535636901855,0.5,,,0.296875,0.06259315951125533,1.8939008087352387,1.8950664403751594,1.8950664403751594,915.5049798311189,915.5049798311189,0.035131387964763644,0.035131387964763644,1.0,1.0,0.001092293348233835,0.001092293348080629,0.0,0.0,1.0,0.5,0.9475332201875797,0.03129657975562766,30.275935183841327,0.49999999999949996,0.0,0.0,0.0007142443209886551,0.0006052898243069649,0.006175517104566097,0.0,0.0,0,True,True,True,
42,dp_sgd_lr0p50,dp_sgd,6f5bfa6c60eeb2ad400161beec4006ab7b7da4908d9989b6db2c608560d2f56e,432,2,0.38572174310684204,0.5,,,0.30078125,0.08435611440772997,1.8957454885511944,1.8979870634328406,1.8979870634328406,505.04133917683157,505.04133917683157,0.048779590502388434,0.048779590502388434,1.0,1.0,0.001980035934264501,0.0019800359345699538,0.0,0.0,1.0,0.5,0.9489935317164203,0.042178057203864985,22.499697582252786,0.49999999999949996,0.0,0.0,0.0005610864609479904,0.00048265233635902405,0.006220395676791668,0.0,0.0,0,True,True,True,
42,dp_sgd_lr0p50,dp_sgd,6f5bfa6c60eeb2ad400161beec4006ab7b7da4908d9989b6db2c608560d2f56e,433,2,0.6824142932891846,0.5,,,0.27734375,0.0803573151239914,1.9014766015807099,1.9034557660761238,1.9034557660761238,559.9266462847887,559.9266462847887,0.045725014864487545,0.045725014864487545,1.0,1.0,0.0017859482246112678,0.0017859482242870415,0.0,0.0,1.0,0.5,0.9517278830380619,0.0401786575619957,23.687398752580464,0.49999999999949996,0.0,0.0,0.0007036961615085602,0.000607057474553585,0.006163205020129681,0.0,0.0,0,True,True,True,
42,dp_sgd_lr0p50,dp_sgd,6f5bfa6c60eeb2ad400161beec4006ab7b7da4908d9989b6db2c608560d2f56e,434,2,0.3104025721549988,0.5,,,0.2578125,0.05023586838663642,1.8976312632203396,1.8984678829961066,1.8984678829961066,1426.9075151807087,1426.9075151807087,0.029880797990100544,0.029880797990100544,1.0,1.0,0.0007008162680233876,0.0007008162680744361,0.0,0.0,1.0,0.5,0.9492339414980533,0.02511793419331821,37.79108322183495,0.49999999999949996,0.0,0.0,0.0007297210395336151,0.0006079496815800667,0.006159797310829163,0.0,0.0,0,True,True,True,
42,dp_sgd_lr0p50,dp_sgd,6f5bfa6c60eeb2ad400161beec4006ab7b7da4908d9989b6db2c608560d2f56e,435,2,0.48923009634017944,0.5,,,0.30078125,0.04336114069838308,1.9029896314856332,1.9035567996378098,1.9035567996378098,1926.0672490877885,1926.0672490877885,0.024467658935499733,0.024467658935499733,1.0,1.0,0.0005191926709420326,0.0005191926709980157,0.0,0.0,1.0,0.5,0.9517783998189049,0.02168057034919154,43.90006279564948,0.49999999999949996,0.0,0.0,0.0005552629008889198,0.00048489030450582504,0.006594241596758366,0.0,0.0,0,True,True,True,
42,dp_sgd_lr0p50,dp_sgd,6f5bfa6c60eeb2ad400161beec4006ab7b7da4908d9989b6db2c608560d2f56e,436,2,0.8650233149528503,0.5,,,0.3359375,0.038812726787236934,1.8996643527835382,1.9001404731619551,1.9001404731619551,2395.551081226895,2395.551081226895,0.02247870352387776,0.02247870352387776,1.0,1.0,0.0004174404825564167,0.00041744048261322227,0.0,0.0,1.0,0.5,0.9500702365809776,0.019406363393618467,48.95663434007628,0.49999999999949996,0.0,0.0,0.0006572091951966286,0.0005810055881738663,0.005937054753303528,0.0,0.0,0,True,True,True,
42,dp_sgd_lr0p50,dp_sgd,6f5bfa6c60eeb2ad400161beec4006ab7b7da4908d9989b6db2c608560d2f56e,437,2,0.5977658033370972,0.5,,,0.27734375,0.050172554990436914,1.9004628745733887,1.901087205066514,1.901087205066514,1434.7834046129828,1434.7834046129828,0.0256373753976605,0.0256373753976605,1.0,1.0,0.0006969693100626633,0.000696969309996843,0.0,0.0,1.0,0.5,0.950543602533257,0.025086277495218457,37.890978550984435,0.49999999999949996,0.0,0.0,0.0006977533921599388,0.0006105555221438408,0.006167449057102203,0.0,0.0,0,True,True,True,
42,dp_sgd_lr0p50,dp_sgd,6f5bfa6c60eeb2ad400161beec4006ab7b7da4908d9989b6db2c608560d2f56e,438,2,0.33603635430336,0.5,,,0.2421875,0.046535437293536756,1.8994562417134069,1.9000131058162968,1.9000131058162968,1666.0613410703452,1666.0613410703452,0.02421078221123423,0.02421078221123423,1.0,1.0,0.0006002179961126193,0.0006002179960758198,0.0,0.0,1.0,0.5,0.9500065529081484,0.023267718646768378,40.82938113914594,0.49999999999949996,0.0,0.0,0.0006912443786859512,0.0006039412692189217,0.006131158210337162,0.0,0.0,0,True,True,True,
42,dp_sgd_lr0p50,dp_sgd,6f5bfa6c60eeb2ad400161beec4006ab7b7da4908d9989b6db2c608560d2f56e,439,2,0.500859260559082,0.5,,,0.2890625,0.04924925415715001,1.8971912260622736,1.8977592911259344,1.8977592911259344,1483.9624070743098,1483.9624070743098,0.024508396825938552,0.024508396825938552,1.0,1.0,0.0006738715177825652,0.0006738715178975597,0.0,0.0,1.0,0.5,0.9488796455629672,0.024624627078575004,38.53376713063076,0.49999999999949996,0.0,0.0,0.0005618268623948097,0.0004850439727306366,0.006615336053073406,0.0,0.0,0,True,True,True,
42,dp_sgd_lr0p50,dp_sgd,6f5bfa6c60eeb2ad400161beec4006ab7b7da4908d9989b6db2c608560d2f56e,440,2,0.4563188850879669,0.5,,,0.25,0.04222334390140124,1.8955228654596064,1.8961867712938028,1.8961867712938028,2015.3607951501908,2015.3607951501908,0.026854666502531373,0.026854666502531373,1.0,1.0,0.0004961890703864201,0.0004961890702893372,0.0,0.0,1.0,0.5,0.9480933856469014,0.02111167195070062,44.90849364351406,0.49999999999949996,0.0,0.0,0.0006854953244328499,0.0006089061498641968,0.006113613955676556,0.0,0.0,0,True,True,True,
42,dp_sgd_lr0p50,dp_sgd,6f5bfa6c60eeb2ad400161beec4006ab7b7da4908d9989b6db2c608560d2f56e,441,2,0.45722872018814087,0.5,,,0.24609375,0.04417604104521772,1.9013462808253119,1.9017897373033135,1.9017897373033135,1852.460060291694,1852.460060291694,0.021651556651908033,0.021651556651908033,1.0,1.0,0.0005398227043717423,0.0005398227045046809,0.0,0.0,1.0,0.5,0.9508948686516567,0.02208802052260886,43.050252856985956,0.49999999999949996,0.0,0.0,0.0006972616538405418,0.0006067650392651558,0.006160451099276543,0.0,0.0,0,True,True,True,
42,dp_sgd_lr0p50,dp_sgd,6f5bfa6c60eeb2ad400161beec4006ab7b7da4908d9989b6db2c608560d2f56e,442,2,0.6531181931495667,0.5,,,0.33203125,0.029213141496174183,1.901701058297838,1.9018996927566139,1.9018996927566139,4237.678171622921,4237.678171622921,0.014479124836422757,0.014479124836422757,1.0,1.0,0.00023597827827613827,0.00023597827822137543,0.0,0.0,1.0,0.5,0.9509498463783069,0.014606570748087092,65.10425086858537,0.49999999999949996,0.0,0.0,0.0005984390154480934,0.00048575177788734436,0.005797172896564007,0.0,0.0,0,True,True,True,
42,dp_sgd_lr0p50,dp_sgd,6f5bfa6c60eeb2ad400161beec4006ab7b7da4908d9989b6db2c608560d2f56e,443,2,0.7562026977539062,0.5,,,0.30078125,0.07128973742885396,1.90426755796366,1.9057140516584463,1.9057140516584463,713.5130273175896,713.5130273175896,0.03898685537308742,0.03898685537308742,1.0,1.0,0.0014015161062474238,0.0014015161063099593,0.0,0.0,1.0,0.5,0.9528570258292232,0.03564486871442698,26.73195498169502,0.49999999999949996,0.0,0.0,0.0007304567843675613,0.0006425492465496063,0.0063944971188902855,0.0,0.0,0,True,True,True,
42,dp_sgd_lr0p50,dp_sgd,6f5bfa6c60eeb2ad400161beec4006ab7b7da4908d9989b6db2c608560d2f56e,444,2,0.5139873027801514,0.5,,,0.28125,0.07867624244220585,1.8937209674967634,1.895441275432595,1.895441275432595,579.3549948682436,579.3549948682436,0.04260980709560727,0.04260980709560727,1.0,1.0,0.0017260574409401408,0.0017260574408818335,0.0,0.0,1.0,0.5,0.9477206377162976,0.039338121221102924,24.091659903264556,0.49999999999949996,0.0,0.0,0.0005790768191218376,0.0004891781136393547,0.005984189920127392,0.0,0.0,0,True,True,True,
42,dp_sgd_lr0p50,dp_sgd,6f5bfa6c60eeb2ad400161beec4006ab7b7da4908d9989b6db2c608560d2f56e,445,2,0.6610787510871887,0.5,,,0.375,0.052139528402851396,1.8943569050937186,1.895036332038536,1.895036332038536,1320.047056829109,1320.047056829109,0.026785469431591765,0.026785469431591765,1.0,1.0,0.0007575487513558646,0.0007575487515512603,0.0,0.0,1.0,0.5,0.947518166019268,0.026069764201425698,36.3454827846546,0.49999999999949996,0.0,0.0,0.0007621524855494499,0.0007088230922818184,0.006611451506614685,0.0,0.0,0,True,True,True,
42,dp_sgd_lr0p50,dp_sgd,6f5bfa6c60eeb2ad400161beec4006ab7b7da4908d9989b6db2c608560d2f56e,446,2,0.4947987198829651,0.5,,,0.265625,0.03729729691638382,1.8954795018863322,1.8958481995188752,1.8958481995188752,2582.7565306795354,2582.7565306795354,0.01972098277546967,0.01972098277546967,1.0,1.0,0.00038718322358389525,0.00038718322371654733,0.0,0.0,1.0,0.5,0.9479240997594376,0.01864864845819191,50.8307131121991,0.49999999999949996,0.0,0.0,0.0005543529987335205,0.0004803137853741646,0.006615275517106056,0.0,0.0,0,True,True,True,
42,dp_sgd_lr0p50,dp_sgd,6f5bfa6c60eeb2ad400161beec4006ab7b7da4908d9989b6db2c608560d2f56e,447,2,0.4373054504394531,0.5,,,0.26953125,0.03511192495487901,1.8990657270640061,1.899388298635885,1.899388298635885,2925.3020294835333,2925.3020294835333,0.018429127973607465,0.018429127973607465,1.0,1.0,0.0003418450433869025,0.0003418450434422655,0.0,0.0,1.0,0.5,0.9496941493179425,0.017555962477439506,54.0952482943765,0.49999999999949996,0.0,0.0,0.0006398642435669899,0.0006026932969689369,0.006154719740152359,0.0,0.0,0,True,True,True,
42,dp_sgd_lr0p50,dp_sgd,6f5bfa6c60eeb2ad400161beec4006ab7b7da4908d9989b6db2c608560d2f56e,448,2,0.4704947769641876,0.5,,,0.28515625,0.04954586055559383,1.9038650535814676,1.904432148451197,1.904432148451197,1476.582007951701,1476.582007951701,0.024452193925471145,0.024452193925471145,1.0,1.0,0.0006772397294611134,0.000677239729466426,0.0,0.0,1.0,0.5,0.9522160742255985,0.024772930277796916,38.43776507297555,0.49999999999949996,0.0,0.0,0.0006923042237758636,0.0006302027031779289,0.006189486011862755,0.0,0.0,0,True,True,True,
42,dp_sgd_lr0p50,dp_sgd,6f5bfa6c60eeb2ad400161beec4006ab7b7da4908d9989b6db2c608560d2f56e,449,2,0.4725041091442108,0.5,,,0.26953125,0.04652566122099629,1.8934615355398647,1.8940527901628768,1.8940527901628768,1656.257530975054,1656.257530975054,0.024988195829285208,0.024988195829285208,1.0,1.0,0.0006037708392782617,0.000603770839571249,0.0,0.0,1.0,0.5,0.9470263950814384,0.023262830610498143,40.70985216276091,0.49999999999949996,0.0,0.0,0.0005874494090676308,0.0004850979894399643,0.005731579847633839,0.0,0.0,0,True,True,True,
42,dp_sgd_lr0p50,dp_sgd,6f5bfa6c60eeb2ad400161beec4006ab7b7da4908d9989b6db2c608560d2f56e,450,2,0.4810090959072113,0.5,,,0.3125,0.04543104060291403,1.904848607611661,1.9053004504982285,1.9053004504982285,1757.9865999628296,1757.9865999628296,0.021866784469047,0.021866784469047,1.0,1.0,0.0005688325494269224,0.0005688325494831009,0.0,0.0,1.0,0.5,0.9526502252491142,0.022715520301457015,41.9382964847198,0.49999999999949996,0.11808037478476763,0.0,0.0006063599139451981,0.0006207888945937157,0.0061532966792583466,0.0,0.0,0,True,True,True,
42,dp_sgd_lr0p50,dp_sgd,6f5bfa6c60eeb2ad400161beec4006ab7b7da4908d9989b6db2c608560d2f56e,451,2,0.43711087107658386,0.5,,,0.25,0.04003071634951577,1.9020369294395392,1.9024115707477833,1.9024115707477833,2257.621673081623,2257.621673081623,0.019878969675464462,0.019878969675464462,1.0,1.0,0.0004429440110798971,0.00044294401114242565,0.0,0.0,1.0,0.5,0.9512057853738917,0.020015358174757886,47.52379532862764,0.49999999999949996,0.0,0.0,0.0006829323247075081,0.0005854172632098198,0.005950412712991238,0.0,0.0,0,True,True,True,
42,dp_sgd_lr0p50,dp_sgd,6f5bfa6c60eeb2ad400161beec4006ab7b7da4908d9989b6db2c608560d2f56e,452,2,0.5899581909179688,0.5,,,0.2734375,0.03536488363356713,1.8920428190523362,1.892303583371377,1.892303583371377,2862.315183600134,2862.315183600134,0.016717430227174798,0.016717430227174798,1.0,1.0,0.00034936753469000663,0.00034936753470109314,0.0,0.0,1.0,0.5,0.9461517916856885,0.017682441816783565,53.50798274558019,0.49999999999949996,0.0,0.0,0.0006657643243670464,0.0005877707153558731,0.00586183276027441,0.0,0.0,0,True,True,True,
42,dp_sgd_lr0p50,dp_sgd,6f5bfa6c60eeb2ad400161beec4006ab7b7da4908d9989b6db2c608560d2f56e,453,2,0.5723989009857178,0.5,,,0.2734375,0.040108139450835335,1.9007822148542326,1.9010806005924443,1.9010806005924443,2245.9479471374843,2245.9479471374843,0.017987721006933462,0.017987721006933462,1.0,1.0,0.000445246293732058,0.0004452462937333398,0.0,0.0,1.0,0.5,0.9505403002962222,0.020054069725417668,47.39887281054252,0.49999999999949996,0.0,0.0,0.0007606856524944305,0.0006598290055990219,0.006830964237451553,0.0,0.0,0,True,True,True,
42,dp_sgd_lr0p50,dp_sgd,6f5bfa6c60eeb2ad400161beec4006ab7b7da4908d9989b6db2c608560d2f56e,454,2,0.44840654730796814,0.5,,,0.2734375,0.03691539858110137,1.900005983517938,1.9002914043223225,1.9002914043223225,2649.078409690394,2649.078409690394,0.017444262865217542,0.017444262865217542,1.0,1.0,0.0003774897698791724,0.000377489769764147,0.0,0.0,1.0,0.5,0.9501457021611612,0.018457699290550685,51.47693042090604,0.49999999999949996,0.0,0.0,0.0007139807567000389,0.0006082542240619659,0.006155394949018955,0.0,0.0,0,True,True,True,
42,dp_sgd_lr0p50,dp_sgd,6f5bfa6c60eeb2ad400161beec4006ab7b7da4908d9989b6db2c608560d2f56e,455,2,0.4191987216472626,0.5,,,0.2421875,0.026719806944374612,1.8962295050988713,1.89644376188524,1.89644376188524,5036.341459358836,5036.341459358836,0.015062911037854227,0.015062911037854227,1.0,1.0,0.00019855683072099868,0.0001985568307341374,0.0,0.0,1.0,0.5,0.94822188094262,0.013359903472187306,70.97520448749172,0.49999999999949996,0.0,0.0,0.0005569085478782654,0.00048546306788921356,0.00625003594905138,0.0,0.0,0,True,True,True,
42,dp_sgd_lr0p50,dp_sgd,6f5bfa6c60eeb2ad400161beec4006ab7b7da4908d9989b6db2c608560d2f56e,456,2,0.5004141926765442,0.5,,,0.2734375,0.052778242507876896,1.8977529155821018,1.8985520637456241,1.8985520637456241,1292.9135466896294,1292.9135466896294,0.029038038286090338,0.029038038286090338,1.0,1.0,0.000773446919325056,0.0007734469194760897,0.0,0.0,1.0,0.5,0.9492760318728121,0.026389121253938448,35.972248666490366,0.49999999999949996,0.0,0.0,0.0007735546678304672,0.0006648730486631393,0.006315230391919613,0.0,0.0,0,True,True,True,
42,dp_sgd_lr0p50,dp_sgd,6f5bfa6c60eeb2ad400161beec4006ab7b7da4908d9989b6db2c608560d2f56e,457,2,0.36051440238952637,0.5,,,0.27734375,0.06883674596350225,1.8967531592520956,1.8977314644332133,1.8977314644332133,759.2432990339418,759.2432990339418,0.032344885860203926,0.032344885860203926,1.0,1.0,0.001317100856946753,0.0013171008568547851,0.0,0.0,1.0,0.5,0.9488657322166066,0.03441837298175113,27.56858183540906,0.49999999999949996,0.0,0.0,0.0005572624504566193,0.00048197247087955475,0.006368868984282017,0.0,0.0,0,True,True,True,
42,dp_sgd_lr0p50,dp_sgd,6f5bfa6c60eeb2ad400161beec4006ab7b7da4908d9989b6db2c608560d2f56e,458,2,0.6793529987335205,0.5,,,0.296875,0.05001296333394681,1.9000204448337346,1.9007528763416008,1.9007528763416008,1443.2825885538418,1443.2825885538418,0.027798104667131254,0.027798104667131254,1.0,1.0,0.0006928650061537308,0.0006928650063115908,0.0,0.0,1.0,0.5,0.9503764381708004,0.025006481666973404,38.00520404227748,0.49999999999949996,0.0,0.0,0.000714670866727829,0.0006059333682060242,0.006131268106400967,0.0,0.0,0,True,True,True,
42,dp_sgd_lr0p50,dp_sgd,6f5bfa6c60eeb2ad400161beec4006ab7b7da4908d9989b6db2c608560d2f56e,459,2,0.5578830242156982,0.5,,,0.28125,0.05261466401461496,1.8976431039101371,1.8983849090412186,1.8983849090412186,1300.8148018628228,1300.8148018628228,0.027953817984385277,0.027953817984385277,1.0,1.0,0.0007687489396695417,0.0007687489394630247,0.0,0.0,1.0,0.5,0.9491924545206093,0.02630733200730748,36.08090908727909,0.49999999999949996,0.0,0.0,0.0005623484030365944,0.0004905015230178833,0.006275529973208904,0.0,0.0,0,True,True,True,
42,dp_sgd_lr0p50,dp_sgd,6f5bfa6c60eeb2ad400161beec4006ab7b7da4908d9989b6db2c608560d2f56e,460,2,0.8420591354370117,0.5,,,0.2890625,0.05653024279197894,1.8996057421688295,1.900341819641507,1.900341819641507,1129.1853782060969,1129.1853782060969,0.027892132200965813,0.027892132200965813,1.0,1.0,0.0008855941805370075,0.0008855941805204744,0.0,0.0,1.0,0.5,0.9501709098207535,0.02826512139598947,33.61637462919075,0.49999999999949996,0.0,0.0,0.0007692752406001091,0.0006730621680617332,0.006244315765798092,0.0,0.0,0,True,True,True,
42,dp_sgd_lr0p50,dp_sgd,6f5bfa6c60eeb2ad400161beec4006ab7b7da4908d9989b6db2c608560d2f56e,461,2,0.5299418568611145,0.5,,,0.296875,0.060893618718255896,1.899519458817089,1.9003642514795471,1.9003642514795471,973.0696483762622,973.0696483762622,0.029891735741843978,0.029891735741843978,1.0,1.0,0.0010276756667919032,0.0010276756666228325,0.0,0.0,1.0,0.5,0.9501821257397736,0.030446809359127948,31.20793757076228,0.49999999999949996,0.0,0.0,0.0005634510889649391,0.0004848223179578781,0.006587338633835316,0.0,0.0,0,True,True,True,
42,dp_sgd_lr0p50,dp_sgd,6f5bfa6c60eeb2ad400161beec4006ab7b7da4908d9989b6db2c608560d2f56e,462,2,0.313571035861969,0.5,,,0.23828125,0.0674000886403493,1.8936727031909977,1.8947981873163486,1.8947981873163486,789.3850597158521,789.3850597158521,0.034479154875800846,0.034479154875800846,1.0,1.0,0.0012668088754296315,0.0012668088756285,0.0,0.0,1.0,0.5,0.9473990936581743,0.03370004432017465,28.112695776571957,0.49999999999949996,0.0,0.0,0.0006634248420596123,0.000593254342675209,0.005921203643083572,0.0,0.0,0,True,True,True,
42,dp_sgd_lr0p50,dp_sgd,6f5bfa6c60eeb2ad400161beec4006ab7b7da4908d9989b6db2c608560d2f56e,463,2,0.4257560968399048,0.5,,,0.24609375,0.029250628402608888,1.8950860793744018,1.8952991460249158,1.8952991460249158,4197.4688429096595,4197.4688429096595,0.015000389755923195,0.015000389755923195,1.0,1.0,0.00023823881397479443,0.00023823881402471687,0.0,0.0,1.0,0.5,0.9476495730124579,0.014625314201304444,64.79515994693236,0.49999999999949996,0.0,0.0,0.0006649494171142578,0.0005888333544135094,0.005950332619249821,0.0,0.0,0,True,True,True,
42,dp_sgd_lr0p50,dp_sgd,6f5bfa6c60eeb2ad400161beec4006ab7b7da4908d9989b6db2c608560d2f56e,464,2,0.669654369354248,0.5,,,0.28125,0.04656997064653899,1.8997202293437083,1.9002546579535895,1.9002546579535895,1664.0538112749446,1664.0538112749446,0.023727819543042792,0.023727819543042792,1.0,1.0,0.0006009421046140705,0.0006009421047134739,0.0,0.0,1.0,0.5,0.9501273289767947,0.023284985323269496,40.80429150996695,0.49999999999949996,0.0,0.0,0.0006677368655800819,0.0005837036296725273,0.0059549445286393166,0.0,0.0,0,True,True,True,
42,dp_sgd_lr0p50,dp_sgd,6f5bfa6c60eeb2ad400161beec4006ab7b7da4908d9989b6db2c608560d2f56e,465,2,0.5738483667373657,0.5,,,0.25390625,0.05185021148793027,1.9017610740198345,1.9024572443953287,1.9024572443953287,1345.2742928761102,1345.2742928761102,0.02705127976981777,0.02705127976981777,1.0,1.0,0.0007433428297286685,0.000743342829916434,0.0,0.0,1.0,0.5,0.9512286221976644,0.025925105743965136,36.69140760910496,0.49999999999949996,0.0,0.0,0.0005555292591452599,0.0005343342199921608,0.005921931006014347,0.0,0.0,0,True,True,True,
42,dp_sgd_lr0p50,dp_sgd,6f5bfa6c60eeb2ad400161beec4006ab7b7da4908d9989b6db2c608560d2f56e,466,2,0.30734914541244507,0.5,,,0.25,0.04710468579755161,1.8936516771446616,1.8943372100005342,1.8943372100005342,1616.1139199366205,1616.1139199366205,0.02698378204676123,0.02698378204676123,1.0,1.0,0.0006187682608341464,0.0006187682610605892,0.0,0.0,1.0,0.5,0.9471686050002671,0.023552342898775804,40.215472788878394,0.49999999999949996,0.0,0.0,0.0006910515949130058,0.0006019221618771553,0.006141349673271179,0.0,0.0,0,True,True,True,
42,dp_sgd_lr0p50,dp_sgd,6f5bfa6c60eeb2ad400161beec4006ab7b7da4908d9989b6db2c608560d2f56e,467,2,0.5033502578735352,0.5,,,0.28515625,0.042856210319774296,1.89685787536055,1.8972912189835376,1.8972912189835376,1959.0343650292928,1959.0343650292928,0.021404468197734356,0.021404468197734356,1.0,1.0,0.0005104555679605453,0.0005104555679536506,0.0,0.0,1.0,0.5,0.9486456094917688,0.021428105159887148,44.27109174465587,0.49999999999949996,0.0,0.0,0.0006794324144721031,0.0006105005741119385,0.005811762996017933,0.0,0.0,0,True,True,True,
42,dp_sgd_lr0p50,dp_sgd,6f5bfa6c60eeb2ad400161beec4006ab7b7da4908d9989b6db2c608560d2f56e,468,3,0.47045958042144775,0.5,,,0.25390625,0.04619978066566568,1.899077170965649,1.899761359959269,1.899761359959269,1689.6836376158044,1689.6836376158044,0.02696605336169541,0.02696605336169541,1.0,1.0,0.0005918267640575854,0.0005918267638826012,0.0,0.0,1.0,0.5,0.9498806799796345,0.02309989033283284,41.120570974677264,0.49999999999949996,0.0,0.0,0.0007585762068629265,0.0006356369704008102,0.006339230574667454,0.0,0.0,0,True,True,True,
42,dp_sgd_lr0p50,dp_sgd,6f5bfa6c60eeb2ad400161beec4006ab7b7da4908d9989b6db2c608560d2f56e,469,3,0.6189018487930298,0.5,,,0.265625,0.043587028979527674,1.9033672754296174,1.903813516930601,1.903813516930601,1906.9120439854557,1906.9120439854557,0.02168403750724349,0.02168403750724349,1.0,1.0,0.0005244080358228562,0.0005244080359477252,0.0,0.0,1.0,0.5,0.9519067584653005,0.021793514489763837,43.67844199102085,0.49999999999949996,0.0,0.0,0.0005587050691246986,0.0004901513457298279,0.006204902194440365,0.0,0.0,0,True,True,True,
42,dp_sgd_lr0p50,dp_sgd,6f5bfa6c60eeb2ad400161beec4006ab7b7da4908d9989b6db2c608560d2f56e,470,3,0.66302090883255,0.5,,,0.2734375,0.045477976157494576,1.895816714324178,1.8962879858371813,1.8962879858371813,1737.762560408551,1737.762560408551,0.02235265972288714,0.02235265972288714,1.0,1.0,0.0005754526091764334,0.0005754526092858591,0.0,0.0,1.0,0.5,0.9481439929185906,0.022738988078747288,41.69684198757573,0.49999999999949996,0.0,0.0,0.0007238686084747314,0.0006474480032920837,0.00642374437302351,0.0,0.0,0,True,True,True,
42,dp_sgd_lr0p50,dp_sgd,6f5bfa6c60eeb2ad400161beec4006ab7b7da4908d9989b6db2c608560d2f56e,471,3,0.518740177154541,0.5,,,0.25390625,0.031245433233963203,1.8987581013624142,1.899140237893193,1.899140237893193,3692.8883523574805,3692.8883523574805,0.020455130648661658,0.020455130648661658,1.0,1.0,0.0002707907479350247,0.0002707907478621197,0.0,0.0,1.0,0.5,0.9495701189465965,0.015622716616981601,60.781369986168094,0.49999999999949996,0.0,0.0,0.0005607428029179573,0.00048424210399389267,0.00648063700646162,0.0,0.0,0,True,True,True,
42,dp_sgd_lr0p50,dp_sgd,6f5bfa6c60eeb2ad400161beec4006ab7b7da4908d9989b6db2c608560d2f56e,472,3,0.5424774885177612,0.5,,,0.2890625,0.0542702193013715,1.8930101076959407,1.8937458577709996,1.8937458577709996,1216.697771351863,1216.697771351863,0.027883329058969515,0.027883329058969515,1.0,1.0,0.0008218967957417232,0.0008218967958444127,0.0,0.0,1.0,0.5,0.9468729288854998,0.02713510965068575,34.89475226154747,0.49999999999949996,0.0,0.0,0.000697081908583641,0.0006117038428783417,0.00620272196829319,0.0,0.0,0,True,True,True,
42,dp_sgd_lr0p50,dp_sgd,6f5bfa6c60eeb2ad400161beec4006ab7b7da4908d9989b6db2c608560d2f56e,473,3,0.7661089897155762,0.5,,,0.2578125,0.04449323178292794,1.9033913035405423,1.9040316039756118,1.9040316039756118,1830.0723402704577,1830.0723402704577,0.02607249593054602,0.02607249593054602,1.0,1.0,0.0005464264868058703,0.000546426486792882,0.0,0.0,1.0,0.5,0.9520158019878059,0.02224661589146397,42.79373575692026,0.49999999999949996,0.0,0.0,0.0006934432312846184,0.0006108656525611877,0.006193837150931358,0.0,0.0,0,True,True,True,
42,dp_sgd_lr0p50,dp_sgd,6f5bfa6c60eeb2ad400161beec4006ab7b7da4908d9989b6db2c608560d2f56e,474,3,0.5151021480560303,0.5,,,0.25390625,0.03643965039932774,1.9023897319055698,1.9026897897342352,1.9026897897342352,2725.527589702677,2725.527589702677,0.017809553363921028,0.017809553363921028,1.0,1.0,0.00036690144066958935,0.0003669014407273926,0.0,0.0,1.0,0.5,0.9513448948671176,0.01821982519966387,52.21482008688282,0.49999999999949996,0.0,0.0,0.0005591372027993202,0.0004817396402359009,0.0063499566167593,0.0,0.0,0,True,True,True,
42,dp_sgd_lr0p50,dp_sgd,6f5bfa6c60eeb2ad400161beec4006ab7b7da4908d9989b6db2c608560d2f56e,475,3,0.5595666170120239,0.5,,,0.29296875,0.045862633896913405,1.8999020283169563,1.9003762162618658,1.9003762162618658,1716.1072544267029,1716.1072544267029,0.0224047439524924,0.0224047439524924,1.0,1.0,0.000582714161335077,0.0005827141612778134,0.0,0.0,1.0,0.5,0.9501881081309329,0.022931316948456702,41.436264224390534,0.49999999999949996,0.0,0.0,0.0007424307987093925,0.0006322544068098068,0.006254046224057674,0.0,0.0,0,True,True,True,
42,dp_sgd_lr0p50,dp_sgd,6f5bfa6c60eeb2ad400161beec4006ab7b7da4908d9989b6db2c608560d2f56e,476,3,0.5210307240486145,0.5,,,0.265625,0.03425711489685567,1.8992007978405812,1.899516282250061,1.899516282250061,3073.5494099798866,3073.5494099798866,0.018225871715115968,0.018225871715115968,1.0,1.0,0.00032535673443237446,0.0003253567344215703,0.0,0.0,1.0,0.5,0.9497581411250305,0.017128557448427836,55.44881079035389,0.49999999999949996,0.0,0.0,0.0005613453686237335,0.0004883632063865662,0.006295233033597469,0.0,0.0,0,True,True,True,
42,dp_sgd_lr0p50,dp_sgd,6f5bfa6c60eeb2ad400161beec4006ab7b7da4908d9989b6db2c608560d2f56e,477,3,0.3475266396999359,0.5,,,0.2421875,0.046280461191732826,1.8979656878463276,1.898354283713166,1.898354283713166,1681.8271427583556,1681.8271427583556,0.020585310251126268,0.020585310251126268,1.0,1.0,0.0005945914262584373,0.0005945914260965358,0.0,0.0,1.0,0.5,0.949177141856583,0.023140230595866413,41.01848241672743,0.49999999999949996,0.0,0.0,0.0005544479936361313,0.0005317628383636475,0.006097444333136082,0.0,0.0,0,True,True,True,
42,dp_sgd_lr0p50,dp_sgd,6f5bfa6c60eeb2ad400161beec4006ab7b7da4908d9989b6db2c608560d2f56e,478,3,0.7033111453056335,0.5,,,0.24609375,0.044574312443294975,1.8989714323686426,1.8996162094856135,1.8996162094856135,1814.962083849717,1814.962083849717,0.02619521452412672,0.02619521452412672,1.0,1.0,0.0005509756971756225,0.0005509756972508428,0.0,0.0,1.0,0.5,0.9498081047428067,0.022287156221647487,42.61683703628561,0.49999999999949996,0.0,0.0,0.0006090449169278145,0.0005828049033880234,0.005955596454441547,0.0,0.0,0,True,True,True,
42,dp_sgd_lr0p50,dp_sgd,6f5bfa6c60eeb2ad400161beec4006ab7b7da4908d9989b6db2c608560d2f56e,479,3,0.6875406503677368,0.5,,,0.3125,0.03440773730917657,1.895457250451944,1.8957344947363866,1.8957344947363866,3034.6999655580653,3034.6999655580653,0.017132066547494045,0.017132066547494045,1.0,1.0,0.0003295218672370979,0.0003295218671556151,0.0,0.0,1.0,0.5,0.9478672473681933,0.017203868654588284,55.09616856208097,0.49999999999949996,0.0,0.0,0.0006950041279196739,0.0006150593981146812,0.006186339072883129,0.0,0.0,0,True,True,True,
42,dp_sgd_lr0p50,dp_sgd,6f5bfa6c60eeb2ad400161beec4006ab7b7da4908d9989b6db2c608560d2f56e,480,3,0.5349013209342957,0.5,,,0.296875,0.03354490426506107,1.8936656486297332,1.8939821553920884,1.8939821553920884,3186.7903121775944,3186.7903121775944,0.01829018212084166,0.01829018212084166,1.0,1.0,0.00031379535556191613,0.0003137953555440381,0.0,0.0,1.0,0.5,0.9469910776960442,0.016772452132530535,56.461098839738135,0.49999999999949996,0.0,0.0,0.0006959391757845879,0.0006420072168111801,0.006209880113601685,0.0,0.0,0,True,True,True,
42,dp_sgd_lr0p50,dp_sgd,6f5bfa6c60eeb2ad400161beec4006ab7b7da4908d9989b6db2c608560d2f56e,481,3,0.47626176476478577,0.5,,,0.21484375,0.039141743042692335,1.8975064265662107,1.8979565503250344,1.8979565503250344,2350.0991613456567,2350.0991613456567,0.02181002450005781,0.02181002450005781,1.0,1.0,0.0004255139594936996,0.00042551395931513956,0.0,0.0,1.0,0.5,0.9489782751625172,0.019570871521346168,48.489321187304654,0.49999999999949996,0.0,0.0,0.0005609765648841858,0.00048023276031017303,0.006033779121935368,0.0,0.0,0,True,True,True,
42,dp_sgd_lr0p50,dp_sgd,6f5bfa6c60eeb2ad400161beec4006ab7b7da4908d9989b6db2c608560d2f56e,482,3,0.3524869382381439,0.5,,,0.25,0.036615408829268184,1.899646462310188,1.8999151367240943,1.8999151367240943,2691.6450645944037,2691.6450645944037,0.01697328721256863,0.01697328721256863,1.0,1.0,0.0003715200092343989,0.00037152000925957837,0.0,0.0,1.0,0.5,0.9499575683620471,0.018307704414634092,51.88840429119115,0.49999999999949996,0.0,0.0,0.0007760422304272652,0.0006811721250414848,0.006545711308717728,0.0,0.0,0,True,True,True,
42,dp_sgd_lr0p50,dp_sgd,6f5bfa6c60eeb2ad400161beec4006ab7b7da4908d9989b6db2c608560d2f56e,483,3,0.5181698799133301,0.5,,,0.265625,0.03661910670255822,1.8949526785606414,1.8954825181600181,1.8954825181600181,2677.8191700083003,2677.8191700083003,0.024126490015361764,0.024126490015361764,1.0,1.0,0.0003734382106357417,0.00037343821063834344,0.0,0.0,1.0,0.5,0.9477412590800091,0.01830955335127911,51.76211788705581,0.49999999999949996,0.0,0.0,0.0005585690960288048,0.0004917234182357788,0.006225320510566235,0.0,0.0,0,True,True,True,
42,dp_sgd_lr0p50,dp_sgd,6f5bfa6c60eeb2ad400161beec4006ab7b7da4908d9989b6db2c608560d2f56e,484,3,0.4662359952926636,0.5,,,0.26953125,0.07010425138305311,1.8978392728857845,1.8993258252442418,1.8993258252442418,732.8754043665743,732.8754043665743,0.03965161905029649,0.03965161905029649,1.0,1.0,0.0013644884162275156,0.0013644884163787042,0.0,0.0,1.0,0.5,0.9496629126221209,0.035052125691526555,27.092876504907604,0.49999999999949996,0.0,0.0,0.0007699159905314445,0.0006706118583679199,0.006365441717207432,0.0,0.0,0,True,True,True,
42,dp_sgd_lr0p50,dp_sgd,6f5bfa6c60eeb2ad400161beec4006ab7b7da4908d9989b6db2c608560d2f56e,485,3,0.5164939165115356,0.5,,,0.29296875,0.06331389879982832,1.8955190006299671,1.8964318959225344,1.8964318959225344,896.3098491846956,896.3098491846956,0.031107991064963772,0.031107991064963772,1.0,1.0,0.001115685608787948,0.0011156856092070847,0.0,0.0,1.0,0.5,0.9482159479612672,0.03165694939991416,29.952852877665006,0.49999999999949996,0.0,0.0,0.0005545523017644882,0.0004823552444577217,0.006591697223484516,0.0,0.0,0,True,True,True,
42,dp_sgd_lr0p50,dp_sgd,6f5bfa6c60eeb2ad400161beec4006ab7b7da4908d9989b6db2c608560d2f56e,486,3,0.4297945499420166,0.5,,,0.30078125,0.05623460552010593,1.9013362594171985,1.9019428922634352,1.9019428922634352,1143.1693053507845,1143.1693053507845,0.025569279098658804,0.025569279098658804,1.0,1.0,0.0008747610655769386,0.0008747610656830312,0.0,0.0,1.0,0.5,0.9509714461317176,0.028117302760052965,33.82157435986242,0.49999999999949996,0.0,0.0,0.0007014451548457146,0.0006023673340678215,0.006310067139565945,0.0,0.0,0,True,True,True,
42,dp_sgd_lr0p50,dp_sgd,6f5bfa6c60eeb2ad400161beec4006ab7b7da4908d9989b6db2c608560d2f56e,487,3,0.5462314486503601,0.5,,,0.26953125,0.03649686193342478,1.8963354149847176,1.8967705924778804,1.8967705924778804,2699.723345007529,2699.723345007529,0.021543118040565173,0.021543118040565173,1.0,1.0,0.00037040832391149845,0.000370408323930743,0.0,0.0,1.0,0.5,0.9483852962389402,0.01824843096671239,51.97078575779763,0.49999999999949996,0.0,0.0,0.0006890073418617249,0.0006038947030901909,0.006170213222503662,0.0,0.0,0,True,True,True,
42,dp_sgd_lr0p50,dp_sgd,6f5bfa6c60eeb2ad400161beec4006ab7b7da4908d9989b6db2c608560d2f56e,488,3,0.7454245686531067,0.5,,,0.265625,0.038823266388618126,1.898345888273601,1.8987429808756315,1.8987429808756315,2390.928274387312,2390.928274387312,0.020450555285404046,0.020450555285404046,1.0,1.0,0.0004182475944798119,0.0004182475942956003,0.0,0.0,1.0,0.5,0.9493714904378158,0.019411633194309063,48.907347510936745,0.49999999999949996,0.0,0.0,0.0007006078958511353,0.0005908487364649773,0.005969015881419182,0.0,0.0,0,True,True,True,
42,dp_sgd_lr0p50,dp_sgd,6f5bfa6c60eeb2ad400161beec4006ab7b7da4908d9989b6db2c608560d2f56e,489,3,0.6367754936218262,0.5,,,0.3125,0.06322876819094614,1.8989356096811234,1.9000250029383694,1.9000250029383694,901.967802989759,901.967802989759,0.03386338365173157,0.03386338365173157,1.0,1.0,0.0011086870245643834,0.00110868702434975,0.0,0.0,1.0,0.5,0.9500125014691847,0.03161438409547307,30.050008204182255,0.49999999999949996,0.0,0.0,0.0005642436444759369,0.00048756785690784454,0.00604788213968277,0.0,0.0,0,True,True,True,
42,dp_sgd_lr0p50,dp_sgd,6f5bfa6c60eeb2ad400161beec4006ab7b7da4908d9989b6db2c608560d2f56e,490,3,0.4803696870803833,0.5,,,0.20703125,0.050152072691567476,1.8965495065085736,1.897170834020658,1.897170834020658,1430.0479335753535,1430.0479335753535,0.025604436699251245,0.025604436699251245,1.0,1.0,0.0006992772592608002,0.0006992772591726936,0.0,0.0,1.0,0.5,0.948585417010329,0.025076036345783738,37.82836345792723,0.49999999999949996,0.0,0.0,0.0007601995021104813,0.0007025012746453285,0.0066464971750974655,0.0,0.0,0,True,True,True,
42,dp_sgd_lr0p50,dp_sgd,6f5bfa6c60eeb2ad400161beec4006ab7b7da4908d9989b6db2c608560d2f56e,491,3,0.30327582359313965,0.5,,,0.23828125,0.02723289830781686,1.9002593569288198,1.9005796530663195,1.9005796530663195,4868.9804428134,4868.9804428134,0.018924743387854003,0.018924743387854003,1.0,1.0,0.00020538180639590367,0.00020538180641469276,0.0,0.0,1.0,0.5,0.9502898265331597,0.01361644915390843,69.78984136922372,0.49999999999949996,0.0,0.0,0.0005679763853549957,0.0004882626235485077,0.0063577694818377495,0.0,0.0,0,True,True,True,
42,dp_sgd_lr0p50,dp_sgd,6f5bfa6c60eeb2ad400161beec4006ab7b7da4908d9989b6db2c608560d2f56e,492,3,0.3993871808052063,0.5,,,0.20703125,0.028741085270221633,1.89433321643883,1.8946365916932022,1.8946365916932022,4344.16609955587,4344.16609955587,0.0181394650556996,0.0181394650556996,1.0,1.0,0.00023019377617521965,0.00023019377619074718,0.0,0.0,1.0,0.5,0.9473182958466011,0.014370542635110816,65.92084375896465,0.49999999999949996,0.0,0.0,0.000768076628446579,0.0006712190806865692,0.006213178858160973,0.0,0.0,0,True,True,True,
42,dp_sgd_lr0p50,dp_sgd,6f5bfa6c60eeb2ad400161beec4006ab7b7da4908d9989b6db2c608560d2f56e,493,3,0.5979493856430054,0.5,,,0.296875,0.05410300680575114,1.9022121978391773,1.903014835938775,1.903014835938775,1236.1612352601703,1236.1612352601703,0.02904731849074063,0.02904731849074063,1.0,1.0,0.0008089559607065549,0.0008089559606495506,0.0,0.0,1.0,0.5,0.9515074179693875,0.02705150340287557,35.173920050338815,0.49999999999949996,0.0,0.0,0.0005671326071023941,0.0004822453483939171,0.006588301621377468,0.0,0.0,0,True,True,True,
42,dp_sgd_lr0p50,dp_sgd,6f5bfa6c60eeb2ad400161beec4006ab7b7da4908d9989b6db2c608560d2f56e,494,3,0.7190572023391724,0.5,,,0.28515625,0.05309846819416148,1.8922738822963667,1.8931771459256013,1.8931771459256013,1270.0008307130418,1270.0008307130418,0.031030686741689142,0.031030686741689142,1.0,1.0,0.0007874010594808756,0.0007874010594976838,0.0,0.0,1.0,0.5,0.9465885729628006,0.02654923409708074,35.65408212778651,0.49999999999949996,0.0,0.0,0.0006943782791495323,0.0006131567060947418,0.006150107830762863,0.0,0.0,0,True,True,True,
42,dp_sgd_lr0p50,dp_sgd,6f5bfa6c60eeb2ad400161beec4006ab7b7da4908d9989b6db2c608560d2f56e,495,3,0.4837024509906769,0.5,,,0.265625,0.03879372885971545,1.897230738394157,1.8977423067177341,1.8977423067177341,2391.7580936975473,2391.7580936975473,0.023406125837899645,0.023406125837899645,1.0,1.0,0.0004181024836793992,0.00041810248371291033,0.0,0.0,1.0,0.5,0.9488711533588671,0.019396864429857726,48.91879080462843,0.49999999999949996,0.0,0.0,0.0006928686052560806,0.0006367089226841927,0.006168435327708721,0.0,0.0,0,True,True,True,
42,dp_sgd_lr0p50,dp_sgd,6f5bfa6c60eeb2ad400161beec4006ab7b7da4908d9989b6db2c608560d2f56e,496,3,0.5655603408813477,0.5,,,0.28125,0.053642914826436794,1.8978756520571036,1.8986067448274406,1.8986067448274406,1251.7303189421268,1251.7303189421268,0.027753170200772708,0.027753170200772708,1.0,1.0,0.0007988941264100198,0.0007988941262638441,0.0,0.0,1.0,0.5,0.9493033724137203,0.026821457413218397,35.393429885375376,0.49999999999949996,0.0,0.0,0.0005658511072397232,0.0004867725074291229,0.006131697446107864,0.0,0.0,0,True,True,True,
42,dp_sgd_lr0p50,dp_sgd,6f5bfa6c60eeb2ad400161beec4006ab7b7da4908d9989b6db2c608560d2f56e,497,3,0.5169156789779663,0.5,,,0.30078125,0.05947279429040151,1.896552022140904,1.8973597897793413,1.8973597897793413,1016.9341493928714,1016.9341493928714,0.02925175941727981,0.02925175941727981,1.0,1.0,0.0009833478404811327,0.000983347840645026,0.0,0.0,1.0,0.5,0.9486798948896706,0.029736397145200755,31.902987111230384,0.49999999999949996,0.0,0.0,0.0007845954969525337,0.0006760638207197189,0.0064091309905052185,0.0,0.0,0,True,True,True,
42,dp_sgd_lr0p50,dp_sgd,6f5bfa6c60eeb2ad400161beec4006ab7b7da4908d9989b6db2c608560d2f56e,498,3,0.5304642915725708,0.5,,,0.25390625,0.03590711744288439,1.9022607909224332,1.9025856701549944,1.9025856701549944,2806.5903531913427,2806.5903531913427,0.01848339415884574,0.01848339415884574,1.0,1.0,0.00035630422447901334,0.00035630422449946903,0.0,0.0,1.0,0.5,0.9512928350774972,0.017953558721442196,52.98631039028313,0.49999999999949996,0.0,0.0,0.0005604308098554611,0.0004831422120332718,0.006579482927918434,0.0,0.0,0,True,True,True,
42,dp_sgd_lr0p50,dp_sgd,6f5bfa6c60eeb2ad400161beec4006ab7b7da4908d9989b6db2c608560d2f56e,499,3,0.39735209941864014,0.5,0.49828995382785796,0.9078,0.21484375,0.03815579899889615,1.8971253988968673,1.8974755925964524,1.8974755925964524,2472.128104927482,2472.128104927482,0.01923150551814169,0.01923150551814169,1.0,1.0,0.0004045097813983145,0.00040450978144603234,0.0,0.0,1.0,0.5,0.9487377962982262,0.019077899499448076,49.72967785452186,0.49999999999949996,0.0,0.0,0.000612686388194561,0.000611831434071064,0.006135269068181515,0.0,0.0,0,True,True,True,
42,dp_sgd_lr0p50,dp_sgd,6f5bfa6c60eeb2ad400161beec4006ab7b7da4908d9989b6db2c608560d2f56e,500,3,0.30576661229133606,0.5,,,0.23828125,0.04985599409880606,1.8997892027333148,1.9005659608032388,1.9005659608032388,1452.0316054259938,1452.0316054259938,0.028692941470844027,0.028692941470844027,1.0,1.0,0.0006886902432843609,0.0006886902433226999,0.0,0.0,1.0,0.5,0.9502829804016194,0.02492799704940303,38.12111251779274,0.49999999999949996,0.11831090692430735,0.0,0.0007219519466161728,0.0006009414792060852,0.00603597704321146,0.0,0.0,0,True,True,True,
42,dp_sgd_lr0p50,dp_sgd,6f5bfa6c60eeb2ad400161beec4006ab7b7da4908d9989b6db2c608560d2f56e,501,3,0.6850932836532593,0.5,,,0.2890625,0.07208356759210038,1.900398022456616,1.90183264131322,1.90183264131322,695.0508742900536,695.0508742900536,0.03884573644989325,0.03884573644989325,1.0,1.0,0.001438743603953739,0.0014387436044510124,0.0,0.0,1.0,0.5,0.95091632065661,0.03604178379605019,26.38371968521816,0.49999999999949996,0.0,0.0,0.0005844878032803535,0.00048499368131160736,0.005819589830935001,0.0,0.0,0,True,True,True,
42,dp_sgd_lr0p50,dp_sgd,6f5bfa6c60eeb2ad400161beec4006ab7b7da4908d9989b6db2c608560d2f56e,502,3,0.3631635010242462,0.5,,,0.265625,0.0534779627646506,1.9000791653140763,1.9008464086913348,1.9008464086913348,1262.3903980161824,1262.3903980161824,0.028410893520912032,0.028410893520912032,1.0,1.0,0.0007921479767443864,0.000792147976577189,0.0,0.0,1.0,0.5,0.9504232043456674,0.0267389813823253,35.544480573907016,0.49999999999949996,0.0,0.0,0.0007621608674526215,0.000673564150929451,0.006736790761351585,0.0,0.0,0,True,True,True,
42,dp_sgd_lr0p50,dp_sgd,6f5bfa6c60eeb2ad400161beec4006ab7b7da4908d9989b6db2c608560d2f56e,503,3,0.31837132573127747,0.5,,,0.20703125,0.03820567657457665,1.8955004108657352,1.8957939004271538,1.8957939004271538,2461.4554264394133,2461.4554264394133,0.017757668646104653,0.017757668646104653,1.0,1.0,0.0004062637042187574,0.00040626370420276443,0.0,0.0,1.0,0.5,0.9478969502135769,0.019102838287288326,49.620738861340776,0.49999999999949996,0.0,0.0,0.0005602100864052773,0.0004828311502933502,0.006050344556570053,0.0,0.0,0,True,True,True,
42,dp_sgd_lr0p50,dp_sgd,6f5bfa6c60eeb2ad400161beec4006ab7b7da4908d9989b6db2c608560d2f56e,504,3,0.6267560720443726,0.5,,,0.27734375,0.041358739279354274,1.89709423041685,1.897605061333782,1.897605061333782,2103.9878253355914,2103.9878253355914,0.023247173381797825,0.023247173381797825,1.0,1.0,0.00047528792104850257,0.00047528792094421934,0.0,0.0,1.0,0.5,0.948802530666891,0.020679369639677137,45.88159828627266,0.49999999999949996,0.0,0.0,0.0007584886625409126,0.0006658593192696571,0.0067407237365841866,0.0,0.0,0,True,True,True,
42,dp_sgd_lr0p50,dp_sgd,6f5bfa6c60eeb2ad400161beec4006ab7b7da4908d9989b6db2c608560d2f56e,505,3,0.3487033545970917,0.5,,,0.265625,0.033094306308012834,1.8980438353433924,1.898343680746471,1.898343680746471,3289.3183785938695,3289.3183785938695,0.017776243142871937,0.017776243142871937,1.0,1.0,0.00030401435312387077,0.00030401435306794773,0.0,0.0,1.0,0.5,0.9491718403732355,0.016547153154006417,57.36163988341761,0.49999999999949996,0.0,0.0,0.0005749939009547234,0.0004883818328380585,0.006094370037317276,0.0,0.0,0,True,True,True,
42,dp_sgd_lr0p50,dp_sgd,6f5bfa6c60eeb2ad400161beec4006ab7b7da4908d9989b6db2c608560d2f56e,506,3,0.8394718766212463,0.5,,,0.30859375,0.050413321546637344,1.89739985281968,1.8981072698865966,1.8981072698865966,1416.5343165555769,1416.5343165555769,0.02730962168211517,0.02730962168211517,1.0,1.0,0.0007059483049008222,0.0007059483049670848,0.0,0.0,1.0,0.5,0.9490536349432983,0.025206660773318672,37.65090677580839,0.49999999999949996,0.0,0.0,0.0007527293637394905,0.0007047364488244057,0.006649264134466648,0.0,0.0,0,True,True,True,
42,dp_sgd_lr0p50,dp_sgd,6f5bfa6c60eeb2ad400161beec4006ab7b7da4908d9989b6db2c608560d2f56e,507,3,0.44060376286506653,0.5,,,0.27734375,0.041978991489993046,1.8920345368086862,1.8925321522629737,1.8925321522629737,2031.3937758605066,2031.3937758605066,0.02294305235533443,0.02294305235533443,1.0,1.0,0.0004922728479901222,0.0004922728478405788,0.0,0.0,1.0,0.5,0.9462660761314868,0.020989495744996523,45.08283989204338,0.49999999999949996,0.0,0.0,0.0005554566159844398,0.0004843892529606819,0.0061464738100767136,0.0,0.0,0,True,True,True,
42,dp_sgd_lr0p50,dp_sgd,6f5bfa6c60eeb2ad400161beec4006ab7b7da4908d9989b6db2c608560d2f56e,508,3,0.5668493509292603,0.5,,,0.28515625,0.06399001773447109,1.9016500605764575,1.9027680272016378,1.9027680272016378,883.1546135591593,883.1546135591593,0.034280802343682165,0.034280802343682165,1.0,1.0,0.0011323045641186817,0.0011323045640711923,0.0,0.0,1.0,0.5,0.9513840136008189,0.031995008867235546,29.735388338815163,0.49999999999949996,0.0,0.0,0.0007805600762367249,0.0006697485223412514,0.006504544988274574,0.0,0.0,0,True,True,True,
42,dp_sgd_lr0p50,dp_sgd,6f5bfa6c60eeb2ad400161beec4006ab7b7da4908d9989b6db2c608560d2f56e,509,3,0.2820371091365814,0.5,,,0.27734375,0.05786844514444769,1.898835507683756,1.8997890123095553,1.8997890123095553,1076.6909468396589,1076.6909468396589,0.03170320261442226,0.03170320261442226,1.0,1.0,0.0009287716244260615,0.000928771624293731,0.0,0.0,1.0,0.5,0.9498945061547777,0.028934222572223844,32.82944629844052,0.49999999999949996,0.0,0.0,0.0005557434633374214,0.00048156455159187317,0.006237274967133999,0.0,0.0,0,True,True,True,
42,dp_sgd_lr0p50,dp_sgd,6f5bfa6c60eeb2ad400161beec4006ab7b7da4908d9989b6db2c608560d2f56e,510,3,0.5887142419815063,0.5,,,0.2578125,0.05022415395448522,1.8938351046729747,1.8942603227683954,1.8942603227683954,1421.867297125505,1421.867297125505,0.02172238633351343,0.02172238633351343,1.0,1.0,0.0007033005130822809,0.0007033005130023573,0.0,0.0,1.0,0.5,0.9471301613841977,0.02511207697724261,37.71612209554797,0.49999999999949996,0.0,0.0,0.0007946444675326347,0.0006688712164759636,0.006373780779540539,0.0,0.0,0,True,True,True,
42,dp_sgd_lr0p50,dp_sgd,6f5bfa6c60eeb2ad400161beec4006ab7b7da4908d9989b6db2c608560d2f56e,511,3,0.5172336101531982,0.5,,,0.2421875,0.024437492079903853,1.894558686395599,1.8947319268150247,1.8947319268150247,6010.392814117034,6010.392814117034,0.013537599592820172,0.013537599592820172,1.0,1.0,0.0001663784762913407,0.00016637847622500565,0.0,0.0,1.0,0.5,0.9473659634075123,0.012218746039951926,77.53381240860178,0.49999999999949996,0.0,0.0,0.000557292252779007,0.0004952391609549522,0.006600247696042061,0.0,0.0,0,True,True,True,
42,dp_sgd_lr0p50,dp_sgd,6f5bfa6c60eeb2ad400161beec4006ab7b7da4908d9989b6db2c608560d2f56e,512,3,0.5118664503097534,0.5,,,0.2421875,0.049671476504454415,1.8979379926301512,1.898497043496651,1.898497043496651,1459.9900611575113,1459.9900611575113,0.02433509990023745,0.02433509990023745,1.0,1.0,0.000684936169224051,0.0006849361691138124,0.0,0.0,1.0,0.5,0.9492485217483255,0.024835738252227207,38.221071267127655,0.49999999999949996,0.0,0.0,0.001385747455060482,0.0012718690559267998,0.006605030037462711,0.0,0.0,0,True,True,True,
42,dp_sgd_lr0p50,dp_sgd,6f5bfa6c60eeb2ad400161beec4006ab7b7da4908d9989b6db2c608560d2f56e,513,3,0.41465097665786743,0.5,,,0.25,0.041171977427920864,1.8996973025310162,1.900330046040437,1.900330046040437,2128.949500029139,2128.949500029139,0.02619859565977155,0.02619859565977155,1.0,1.0,0.00046971522781358185,0.00046971522772389876,0.0,0.0,1.0,0.5,0.9501650230202185,0.020585988713960432,46.155909059141095,0.49999999999949996,0.0,0.0,0.0007604751735925674,0.0006723031401634216,0.006755671463906765,0.0,0.0,0,True,True,True,
42,dp_sgd_lr0p50,dp_sgd,6f5bfa6c60eeb2ad400161beec4006ab7b7da4908d9989b6db2c608560d2f56e,514,3,0.6222491264343262,0.5,,,0.25,0.05213596388739272,1.8952039471862283,1.8959300602921856,1.8959300602921856,1321.4084813549755,1321.4084813549755,0.027674073847158524,0.027674073847158524,1.0,1.0,0.0007567682618522495,0.0007567682617051831,0.0,0.0,1.0,0.5,0.9479650301460928,0.02606798194369636,36.36510997119822,0.49999999999949996,0.0,0.0,0.0006022481247782707,0.0004980871453881264,0.005896040238440037,0.0,0.0,0,True,True,True,
42,dp_sgd_lr0p50,dp_sgd,6f5bfa6c60eeb2ad400161beec4006ab7b7da4908d9989b6db2c608560d2f56e,515,3,0.5436426997184753,0.5,,,0.26171875,0.04284860839001673,1.9014283480748193,1.901959713313108,1.901959713313108,1969.184846863855,1969.184846863855,0.023663590678445545,0.023663590678445545,1.0,1.0,0.0005078243421625313,0.0005078243422628022,0.0,0.0,1.0,0.5,0.950979856656554,0.021424304195008365,44.38789927346786,0.49999999999949996,0.0,0.0,0.0007344232872128487,0.0006455592811107635,0.0064539834856987,0.0,0.0,0,True,True,True,
42,dp_sgd_lr0p50,dp_sgd,6f5bfa6c60eeb2ad400161beec4006ab7b7da4908d9989b6db2c608560d2f56e,516,3,0.34547507762908936,0.5,,,0.2265625,0.026328526053946668,1.8963817273218264,1.896599799989771,1.896599799989771,5187.98163312279,5187.98163312279,0.015223257354303512,0.015223257354303512,1.0,1.0,0.00019275318790116667,0.00019275318791920091,0.0,0.0,1.0,0.5,0.9482998999948855,0.013164263026973334,72.03592772187858,0.49999999999949996,0.0,0.0,0.0006048819050192833,0.0004920586943626404,0.005839022807776928,0.0,0.0,0,True,True,True,
42,dp_sgd_lr0p50,dp_sgd,6f5bfa6c60eeb2ad400161beec4006ab7b7da4908d9989b6db2c608560d2f56e,517,3,0.36006832122802734,0.5,,,0.2265625,0.04610853107936665,1.8971012813137913,1.8976839669010208,1.8976839669010208,1692.8499344912593,1692.8499344912593,0.02478395457250078,0.02478395457250078,1.0,1.0,0.0005907198146478811,0.0005907198147392845,0.0,0.0,1.0,0.5,0.9488419834505104,0.023054265539683327,41.15689488247244,0.49999999999949996,0.0,0.0,0.0007673446089029312,0.0006794948130846024,0.0067501310259103775,0.0,0.0,0,True,True,True,
42,dp_sgd_lr0p50,dp_sgd,6f5bfa6c60eeb2ad400161beec4006ab7b7da4908d9989b6db2c608560d2f56e,518,3,0.6437825560569763,0.5,,,0.296875,0.04089398946764502,1.9023369228870097,1.9026967880673236,1.9026967880673236,2163.993304758372,2163.993304758372,0.019545443943085748,0.019545443943085748,1.0,1.0,0.0004621086383228944,0.0004621086382373626,0.0,0.0,1.0,0.5,0.9513483940336618,0.02044699473382251,46.52754140017731,0.49999999999949996,0.0,0.0,0.0005657346919178963,0.00048868078738451,0.006129022687673569,0.0,0.0,0,True,True,True,
42,dp_sgd_lr0p50,dp_sgd,6f5bfa6c60eeb2ad400161beec4006ab7b7da4908d9989b6db2c608560d2f56e,519,3,0.4695439040660858,0.5,,,0.29296875,0.04207647680517708,1.897719652645968,1.8982084321218724,1.8982084321218724,2034.1612380811375,2034.1612380811375,0.022698166600229823,0.022698166600229823,1.0,1.0,0.0004916031142045585,0.0004916031142218542,0.0,0.0,1.0,0.5,0.9491042160609362,0.02103823840258854,45.11329313099929,0.49999999999949996,0.0,0.0,0.0007600393146276474,0.0006969030946493149,0.006578044034540653,0.0,0.0,0,True,True,True,
42,dp_sgd_lr0p50,dp_sgd,6f5bfa6c60eeb2ad400161beec4006ab7b7da4908d9989b6db2c608560d2f56e,520,3,0.5242546796798706,0.5,,,0.2578125,0.02782521769919741,1.8943670804665858,1.8946317841402212,1.8946317841402212,4635.014893242212,4635.014893242212,0.0168555938421815,0.0168555938421815,1.0,1.0,0.00021574903678651022,0.00021574903678558385,0.0,0.0,1.0,0.5,0.9473158920701106,0.013912608849598706,68.09045681100596,0.49999999999949996,0.0,0.0,0.0005633393302559853,0.0004899557679891586,0.006119668483734131,0.0,0.0,0,True,True,True,
42,dp_sgd_lr0p50,dp_sgd,6f5bfa6c60eeb2ad400161beec4006ab7b7da4908d9989b6db2c608560d2f56e,521,3,0.43182069063186646,0.5,,,0.2109375,0.04425191221600056,1.8957982226324757,1.89640568896642,1.89640568896642,1835.3552520271162,1835.3552520271162,0.025392572510071692,0.025392572510071692,1.0,1.0,0.0005448536453008622,0.0005448536454779729,0.0,0.0,1.0,0.5,0.94820284448321,0.02212595610800028,42.85477381461066,0.49999999999949996,0.0,0.0,0.0007305163890123367,0.0006409222260117531,0.006441131234169006,0.0,0.0,0,True,True,True,
42,dp_sgd_lr0p50,dp_sgd,6f5bfa6c60eeb2ad400161beec4006ab7b7da4908d9989b6db2c608560d2f56e,522,3,0.8223670721054077,0.5,,,0.25,0.037753419354502556,1.8968189617129954,1.8971715615009999,1.8971715615009999,2524.2896137369103,2524.2896137369103,0.019288600192799616,0.019288600192799616,1.0,1.0,0.00039615105725437927,0.00039615105721520585,0.0,0.0,1.0,0.5,0.9485857807504999,0.018876709677251278,50.251648561582165,0.49999999999949996,0.0,0.0,0.0005893297493457794,0.0004859818145632744,0.0058095818385481834,0.0,0.0,0,True,True,True,
42,dp_sgd_lr0p50,dp_sgd,6f5bfa6c60eeb2ad400161beec4006ab7b7da4908d9989b6db2c608560d2f56e,523,3,0.4778291583061218,0.5,,,0.25,0.03912107565020083,1.9003485301179763,1.900765529855446,1.900765529855446,2359.6356202510387,2359.6356202510387,0.020948913775392576,0.020948913775392576,1.0,1.0,0.000423794246350602,0.00042379424636173767,0.0,0.0,1.0,0.5,0.950382764927723,0.019560537825100414,48.586739964766664,0.49999999999949996,0.0,0.0,0.0007608719170093536,0.0006779665127396584,0.006688997149467468,0.0,0.0,0,True,True,True,
42,dp_sgd_lr0p50,dp_sgd,6f5bfa6c60eeb2ad400161beec4006ab7b7da4908d9989b6db2c608560d2f56e,524,3,0.5415858626365662,0.5,,,0.28515625,0.03728104439582005,1.9002598252401945,1.90068511594795,1.90068511594795,2598.063925211244,2598.063925211244,0.021213681469971647,0.021213681469971647,1.0,1.0,0.0003849019993605147,0.00038490199943698564,0.0,0.0,1.0,0.5,0.950342557973975,0.018640522197910025,50.98261453370362,0.49999999999949996,0.0,0.0,0.0005680890753865242,0.000487268902361393,0.006186024285852909,0.0,0.0,0,True,True,True,
42,dp_sgd_lr0p50,dp_sgd,6f5bfa6c60eeb2ad400161beec4006ab7b7da4908d9989b6db2c608560d2f56e,525,3,0.6478654742240906,0.5,,,0.328125,0.052397614635704325,1.8920929706851932,1.89269283962668,1.89269283962668,1303.9529205757506,1303.9529205757506,0.02528866834854225,0.02528866834854225,1.0,1.0,0.0007668988533680703,0.000766898853339767,0.0,0.0,1.0,0.5,0.94634641981334,0.026198807317852162,36.12173669953163,0.49999999999949996,0.0,0.0,0.0007690107449889183,0.0007125064730644226,0.006653684191405773,0.0,0.0,0,True,True,True,
42,dp_sgd_lr0p50,dp_sgd,6f5bfa6c60eeb2ad400161beec4006ab7b7da4908d9989b6db2c608560d2f56e,526,3,0.5201546549797058,0.5,,,0.2109375,0.028778733577410537,1.894204394379402,1.8944482083016028,1.8944482083016028,4332.2181919756795,4332.2181919756795,0.01606701699296161,0.01606701699296161,1.0,1.0,0.0002308286320030115,0.00023082863206649792,0.0,0.0,1.0,0.5,0.9472241041508014,0.014389366788705268,65.82806026103133,0.49999999999949996,0.0,0.0,0.0005797296762466431,0.0004872102290391922,0.006344021297991276,0.0,0.0,0,True,True,True,
42,dp_sgd_lr0p50,dp_sgd,6f5bfa6c60eeb2ad400161beec4006ab7b7da4908d9989b6db2c608560d2f56e,527,3,0.42826300859451294,0.5,,,0.2109375,0.03487746658912601,1.900318950720622,1.90054834869618,1.90054834869618,2968.678283902713,2968.678283902713,0.01575249015399889,0.01575249015399889,1.0,1.0,0.00033685024227786,0.00033685024237164416,0.0,0.0,1.0,0.5,0.95027417434809,0.017438733294563004,54.49215595205367,0.49999999999949996,0.0,0.0,0.0007216203957796097,0.0006507271900773048,0.006439501419663429,0.0,0.0,0,True,True,True,
42,dp_sgd_lr0p50,dp_sgd,6f5bfa6c60eeb2ad400161beec4006ab7b7da4908d9989b6db2c608560d2f56e,528,3,0.589085578918457,0.5,,,0.3125,0.053319779103468495,1.8980113288874914,1.898876221006821,1.898876221006821,1267.1292538066568,1267.1292538066568,0.03025698037988814,0.03025698037988814,1.0,1.0,0.0007891854731029395,0.0007891854732850676,0.0,0.0,1.0,0.5,0.9494381105034105,0.026659889551734248,35.612979889709855,0.49999999999949996,0.0,0.0,0.0005618855357170105,0.0004901522770524025,0.006130809895694256,0.0,0.0,0,True,True,True,
42,dp_sgd_lr0p50,dp_sgd,6f5bfa6c60eeb2ad400161beec4006ab7b7da4908d9989b6db2c608560d2f56e,529,3,0.23914432525634766,0.5,,,0.21484375,0.0625562399909712,1.9001910911187017,1.9012611983573455,1.9012611983573455,922.6846186556046,922.6846186556046,0.03355275706706046,0.03355275706706046,1.0,1.0,0.0010837939416408942,0.0010837939416284002,0.0,0.0,1.0,0.5,0.9506305991786728,0.0312781199954856,30.392830492545123,0.49999999999949996,0.0,0.0,0.0007217992097139359,0.0006529083475470543,0.006471007131040096,0.0,0.0,0,True,True,True,
42,dp_sgd_lr0p50,dp_sgd,6f5bfa6c60eeb2ad400161beec4006ab7b7da4908d9989b6db2c608560d2f56e,530,3,0.3826538324356079,0.5,,,0.26171875,0.033676819439051583,1.8914361146727525,1.8918123370736983,1.8918123370736983,3154.432342972181,3154.432342972181,0.02007111954360983,0.02007111954360983,1.0,1.0,0.000317014248647908,0.00031701424857045834,0.0,0.0,1.0,0.5,0.9459061685368492,0.016838409719525792,56.175504945921496,0.49999999999949996,0.0,0.0,0.000598374754190445,0.0004913611337542534,0.005859718658030033,0.0,0.0,0,True,True,True,
42,dp_sgd_lr0p50,dp_sgd,6f5bfa6c60eeb2ad400161beec4006ab7b7da4908d9989b6db2c608560d2f56e,531,3,0.5888844728469849,0.5,,,0.2734375,0.051447020271557876,1.8930592608494021,1.8937161147362873,1.8937161147362873,1353.9666472750844,1353.9666472750844,0.026348979293738996,0.026348979293738996,1.0,1.0,0.0007385706299593482,0.0007385706298924769,0.0,0.0,1.0,0.5,0.9468580573681437,0.025723510135778938,36.8090533653238,0.49999999999949996,0.0,0.0,0.0007432587444782257,0.0006386721506714821,0.0064460719004273415,0.0,0.0,0,True,True,True,
42,dp_sgd_lr0p50,dp_sgd,6f5bfa6c60eeb2ad400161beec4006ab7b7da4908d9989b6db2c608560d2f56e,532,3,0.4684336185455322,0.5,,,0.234375,0.027910373840771274,1.9039259645641242,1.9040046976818565,1.9040046976818565,4653.3830684573895,4653.3830684573895,0.010150255149720382,0.010150255149720382,1.0,1.0,0.00021489741635379953,0.00021489741640790967,0.0,0.0,1.0,0.5,0.9520023488409283,0.013955186920385637,68.21853080176457,0.49999999999949996,0.0,0.0,0.0006980951875448227,0.0005826875567436218,0.006017343141138554,0.0,0.0,0,True,True,True,
42,dp_sgd_lr0p50,dp_sgd,6f5bfa6c60eeb2ad400161beec4006ab7b7da4908d9989b6db2c608560d2f56e,533,3,0.36338376998901367,0.5,,,0.27734375,0.03198011335617561,1.8946705664759689,1.8949727655164992,1.8949727655164992,3510.002443953855,3510.002443953855,0.01788698495855243,0.01788698495855243,1.0,1.0,0.0002849000862505071,0.000284900086252148,0.0,0.0,1.0,0.5,0.9474863827582496,0.015990056678087804,59.25472321792305,0.49999999999949996,0.0,0.0,0.000566849485039711,0.00048337411135435104,0.006239047273993492,0.0,0.0,0,True,True,True,
42,dp_sgd_lr0p50,dp_sgd,6f5bfa6c60eeb2ad400161beec4006ab7b7da4908d9989b6db2c608560d2f56e,534,3,0.41574668884277344,0.5,,,0.27734375,0.03300156248818289,1.8971316948367383,1.8973159555672965,1.8973159555672965,3304.653688105961,3304.653688105961,0.014280030455473675,0.014280030455473675,1.0,1.0,0.0003026035686222475,0.000302603568725322,0.0,0.0,1.0,0.5,0.9486579777836482,0.016500781244091444,57.491700768159056,0.49999999999949996,0.0,0.0,0.0007941592484712601,0.0006736842915415764,0.006378497928380966,0.0,0.0,0,True,True,True,
42,dp_sgd_lr0p50,dp_sgd,6f5bfa6c60eeb2ad400161beec4006ab7b7da4908d9989b6db2c608560d2f56e,535,3,0.4745897352695465,0.5,,,0.21875,0.0320586690418741,1.894349742859281,1.8945825715602653,1.8945825715602653,3491.6391158053866,3491.6391158053866,0.01572275079857001,0.01572275079857001,1.0,1.0,0.0002863984409213689,0.0002863984409510065,0.0,0.0,1.0,0.5,0.9472912857801327,0.01602933452093705,59.097355818715435,0.49999999999949996,0.0,0.0,0.0005649672821164131,0.00048586446791887283,0.006625032052397728,0.0,0.0,0,True,True,True,
42,dp_sgd_lr0p50,dp_sgd,6f5bfa6c60eeb2ad400161beec4006ab7b7da4908d9989b6db2c608560d2f56e,536,3,0.5948243141174316,0.5,,,0.265625,0.025975566051814704,1.8931503953135895,1.8933582506415947,1.8933582506415947,5311.781372572742,5311.781372572742,0.014861170714859347,0.014861170714859347,1.0,1.0,0.00018826076006838745,0.00018826076005879638,0.0,0.0,1.0,0.5,0.9466791253207973,0.012987783025907352,72.88997077942565,0.49999999999949996,0.0,0.0,0.0006373431533575058,0.000615270808339119,0.006151135079562664,0.0,0.0,0,True,True,True,
42,dp_sgd_lr0p50,dp_sgd,6f5bfa6c60eeb2ad400161beec4006ab7b7da4908d9989b6db2c608560d2f56e,537,3,0.3653641939163208,0.5,,,0.19921875,0.04336303459190226,1.8962745445637406,1.8968258314320539,1.8968258314320539,1912.3311357820485,1912.3311357820485,0.024141864042230468,0.024141864042230468,1.0,1.0,0.0005229219881205127,0.0005229219882299688,0.0,0.0,1.0,0.5,0.9484129157160269,0.02168151729595113,43.74292180415775,0.49999999999949996,0.0,0.0,0.000666406936943531,0.0005906745791435242,0.005958864465355873,0.0,0.0,0,True,True,True,
42,dp_sgd_lr0p50,dp_sgd,6f5bfa6c60eeb2ad400161beec4006ab7b7da4908d9989b6db2c608560d2f56e,538,3,0.32501208782196045,0.5,,,0.2421875,0.04677482726753185,1.8980923656381052,1.8985307206902915,1.8985307206902915,1646.6841293435052,1646.6841293435052,0.02168921099292628,0.02168921099292628,1.0,1.0,0.000607281008982176,0.0006072810090122004,0.0,0.0,1.0,0.5,0.9492653603451457,0.023387413633765924,40.588727559598176,0.49999999999949996,0.0,0.0,0.0005664005875587463,0.0004848334938287735,0.006614889018237591,0.0,0.0,0,True,True,True,
42,dp_sgd_lr0p50,dp_sgd,6f5bfa6c60eeb2ad400161beec4006ab7b7da4908d9989b6db2c608560d2f56e,539,3,0.29928940534591675,0.5,,,0.23828125,0.05000728308098565,1.8985295923573549,1.899293588299912,1.899293588299912,1441.3459165030868,1441.3459165030868,0.02843932664821883,0.02843932664821883,1.0,1.0,0.0006937959778773879,0.0006937959777466041,0.0,0.0,1.0,0.5,0.949646794149956,0.025003641540492824,37.98033948671215,0.49999999999949996,0.0,0.0,0.0006954120472073555,0.0006136270239949226,0.00620109960436821,0.0,0.0,0,True,True,True,
42,dp_sgd_lr0p50,dp_sgd,6f5bfa6c60eeb2ad400161beec4006ab7b7da4908d9989b6db2c608560d2f56e,540,3,0.4500539302825928,0.5,,,0.25390625,0.04321294896142508,1.901088360485628,1.9014957056364974,1.9014957056364974,1935.4270035045668,1935.4270035045668,0.020788334344166572,0.020788334344166572,1.0,1.0,0.0005166818472892346,0.0005166818472638089,0.0,0.0,1.0,0.5,0.9507478528182487,0.02160647448071254,44.00291466444238,0.49999999999949996,0.0,0.0,0.0006742849946022034,0.0006099008023738861,0.0060203662142157555,0.0,0.0,0,True,True,True,
42,dp_sgd_lr0p50,dp_sgd,6f5bfa6c60eeb2ad400161beec4006ab7b7da4908d9989b6db2c608560d2f56e,541,3,0.38877546787261963,0.5,,,0.25,0.035506217311332716,1.8960598647858466,1.896441258447507,1.896441258447507,2851.6438001987513,2851.6438001987513,0.020101797339058224,0.020101797339058224,1.0,1.0,0.00035067493322160685,0.00035067493334812257,0.0,0.0,1.0,0.5,0.9482206292237535,0.017753108655666358,53.411526260652565,0.49999999999949996,0.0,0.0,0.0005659312009811401,0.0004868973046541214,0.00620402954518795,0.0,0.0,0,True,True,True,
42,dp_sgd_lr0p50,dp_sgd,6f5bfa6c60eeb2ad400161beec4006ab7b7da4908d9989b6db2c608560d2f56e,542,3,0.47727644443511963,0.5,,,0.21875,0.052249842406041275,1.8964629234032995,1.8970710524347825,1.8970710524347825,1317.4032881078017,1317.4032881078017,0.025408190273779715,0.025408190273779715,1.0,1.0,0.0007590690023779558,0.0007590690024247065,0.0,0.0,1.0,0.5,0.9485355262173912,0.026124921203020637,36.30768945903696,0.49999999999949996,0.0,0.0,0.0007977383211255074,0.0006831074133515358,0.006407516077160835,0.0,0.0,0,True,True,True,
42,dp_sgd_lr0p50,dp_sgd,6f5bfa6c60eeb2ad400161beec4006ab7b7da4908d9989b6db2c608560d2f56e,543,3,0.5941980481147766,0.5,,,0.31640625,0.0517376222603909,1.8986530860441286,1.8991792065745874,1.8991792065745874,1346.72309369329,1346.72309369329,0.02378865201934025,0.02378865201934025,1.0,1.0,0.0007425431436567353,0.0007425431436317852,0.0,0.0,1.0,0.5,0.9495896032872937,0.02586881113019545,36.707895019658416,0.49999999999949996,0.0,0.0,0.0005666278302669525,0.0004934677854180336,0.006408462300896645,0.0,0.0,0,True,True,True,
42,dp_sgd_lr0p50,dp_sgd,6f5bfa6c60eeb2ad400161beec4006ab7b7da4908d9989b6db2c608560d2f56e,544,3,0.41096094250679016,0.5,,,0.27734375,0.034481593974262516,1.8973868997893102,1.8975972548456324,1.8975972548456324,3027.8693219773036,3027.8693219773036,0.015185757889056432,0.015185757889056432,1.0,1.0,0.00033026524358245114,0.0003302652435836131,0.0,0.0,1.0,0.5,0.9487986274228162,0.017240796987131258,55.032179085223206,0.49999999999949996,0.0,0.0,0.0007576560601592064,0.0006441147997975349,0.006421844474971294,0.0,0.0,0,True,True,True,
42,dp_sgd_lr0p50,dp_sgd,6f5bfa6c60eeb2ad400161beec4006ab7b7da4908d9989b6db2c608560d2f56e,545,3,0.6257760524749756,0.5,,,0.25390625,0.0313724835759832,1.898139661771012,1.8985089276997886,1.8985089276997886,3660.652686865617,3660.652686865617,0.02003163220073441,0.02003163220073441,1.0,1.0,0.0002731753281516414,0.00027317532810280996,0.0,0.0,1.0,0.5,0.9492544638498943,0.0156862417879916,60.51509830200813,0.49999999999949996,0.0,0.0,0.0005611665546894073,0.0004883827641606331,0.006163057871162891,0.0,0.0,0,True,True,True,
42,dp_sgd_lr0p50,dp_sgd,6f5bfa6c60eeb2ad400161beec4006ab7b7da4908d9989b6db2c608560d2f56e,546,3,0.6076061129570007,0.5,,,0.234375,0.048524012747084365,1.9013921013898638,1.902251598773965,1.902251598773965,1535.4297618666947,1535.4297618666947,0.030463186632348357,0.030463186632348357,1.0,1.0,0.0006512834545809974,0.0006512834545163445,0.0,0.0,1.0,0.5,0.9511257993869825,0.024262006373542182,39.202273080967736,0.49999999999949996,0.0,0.0,0.0007320474833250046,0.0006659356877207756,0.006461819633841515,0.0,0.0,0,True,True,True,
42,dp_sgd_lr0p50,dp_sgd,6f5bfa6c60eeb2ad400161beec4006ab7b7da4908d9989b6db2c608560d2f56e,547,3,0.366318941116333,0.5,,,0.22265625,0.03867044130624587,1.8978906110809635,1.8983854961061888,1.8983854961061888,2408.7076828016657,2408.7076828016657,0.022980919874155604,0.022980919874155604,1.0,1.0,0.0004151603810089009,0.0004151603809037348,0.0,0.0,1.0,0.5,0.9491927480530944,0.019335220653122934,49.09138432049359,0.49999999999949996,0.0,0.0,0.0005824239924550056,0.00048748403787612915,0.00591505691409111,0.0,0.0,0,True,True,True,
42,dp_sgd_lr0p50,dp_sgd,6f5bfa6c60eeb2ad400161beec4006ab7b7da4908d9989b6db2c608560d2f56e,548,3,0.3499358892440796,0.5,,,0.22265625,0.030029547390468363,1.9034804510959697,1.9036825855913557,1.9036825855913557,4017.9013398662264,4017.9013398662264,0.014618054945624494,0.014618054945624494,1.0,1.0,0.00024888615082920197,0.00024888615085356177,0.0,0.0,1.0,0.5,0.9518412927956779,0.015014773695234181,63.39364895219212,0.49999999999949996,0.0,0.0,0.0007258858531713486,0.0006376970559358597,0.006416922435164452,0.0,0.0,0,True,True,True,
42,dp_sgd_lr0p50,dp_sgd,6f5bfa6c60eeb2ad400161beec4006ab7b7da4908d9989b6db2c608560d2f56e,549,3,0.605308473110199,0.5,,,0.26953125,0.0517470594014112,1.8958240844201033,1.8962974464886675,1.8962974464886675,1342.2231386883686,1342.2231386883686,0.02279070707728985,0.02279070707728985,1.0,1.0,0.0007450326035978511,0.000745032603652983,0.0,0.0,1.0,0.5,0.9481487232443337,0.0258735297007056,36.6455112300287,0.49999999999949996,0.0,0.0,0.0006834836676716805,0.0005945749580860138,0.006049539893865585,0.0,0.0,0,True,True,True,
42,dp_sgd_lr0p50,dp_sgd,6f5bfa6c60eeb2ad400161beec4006ab7b7da4908d9989b6db2c608560d2f56e,550,3,0.3650696277618408,0.5,,,0.21484375,0.05504507974745825,1.9000568047688282,1.9007010112399472,1.9007010112399472,1191.5057960186764,1191.5057960186764,0.026181474057168155,0.026181474057168155,1.0,1.0,0.0008392741378271995,0.0008392741379921283,0.0,0.0,1.0,0.5,0.9503505056199736,0.027522539873729126,34.52989840129451,0.49999999999949996,0.1160258473828435,0.0,0.0006789360195398331,0.0006167162209749222,0.006023148074746132,0.0,0.0,0,True,True,True,
42,dp_sgd_lr0p50,dp_sgd,6f5bfa6c60eeb2ad400161beec4006ab7b7da4908d9989b6db2c608560d2f56e,551,3,0.6508935689926147,0.5,,,0.21875,0.044383097311326024,1.898209228611119,1.898743977800183,1.898743977800183,1829.1652731062595,1829.1652731062595,0.023734279413035346,0.023734279413035346,1.0,1.0,0.0005466974549510706,0.0005466974549433623,0.0,0.0,1.0,0.5,0.9493719889000914,0.022191548655663012,42.780790272383385,0.49999999999949996,0.0,0.0,0.0005645230412483215,0.0004889983683824539,0.006356111727654934,0.0,0.0,0,True,True,True,
42,dp_sgd_lr0p50,dp_sgd,6f5bfa6c60eeb2ad400161beec4006ab7b7da4908d9989b6db2c608560d2f56e,552,3,0.36623507738113403,0.5,,,0.2109375,0.05467721069375025,1.9012242938901864,1.9020730192149342,1.9020730192149342,1209.0771324760271,1209.0771324760271,0.0298920639087992,0.0298920639087992,1.0,1.0,0.0008270770927718769,0.0008270770930765653,0.0,0.0,1.0,0.5,0.9510365096074671,0.027338605346875124,34.78730891740189,0.49999999999949996,0.0,0.0,0.0007570348680019379,0.0006409371271729469,0.006329314783215523,0.0,0.0,0,True,True,True,
42,dp_sgd_lr0p50,dp_sgd,6f5bfa6c60eeb2ad400161beec4006ab7b7da4908d9989b6db2c608560d2f56e,553,3,0.5590738654136658,0.5,,,0.27734375,0.060762881208194605,1.9018530163811411,1.902926359303134,1.902926359303134,979.6640736133336,979.6640736133336,0.03362511072624737,0.03362511072624737,1.0,1.0,0.0010207580605059218,0.0010207580604621432,0.0,0.0,1.0,0.5,0.951463179651567,0.030381440604097303,31.31725029167753,0.49999999999949996,0.0,0.0,0.0005620475858449936,0.0004895143210887909,0.0062115369364619255,0.0,0.0,0,True,True,True,
42,dp_sgd_lr0p50,dp_sgd,6f5bfa6c60eeb2ad400161beec4006ab7b7da4908d9989b6db2c608560d2f56e,554,3,0.5804699063301086,0.5,,,0.26953125,0.060256259291544635,1.895046421223439,1.8962049066313302,1.8962049066313302,989.0889988214677,989.0889988214677,0.03510874976565124,0.03510874976565124,1.0,1.0,0.0010110313641298553,0.0010110313642549005,0.0,0.0,1.0,0.5,0.9481024533156651,0.030128129645772318,31.469011333640392,0.49999999999949996,0.0,0.0,0.0007805721834301949,0.0006592152640223503,0.0064409393817186356,0.0,0.0,0,True,True,True,
42,dp_sgd_lr0p50,dp_sgd,6f5bfa6c60eeb2ad400161beec4006ab7b7da4908d9989b6db2c608560d2f56e,555,3,0.3102111220359802,0.5,,,0.25390625,0.05211764526107872,1.8985091739877078,1.8989907058395874,1.8989907058395874,1326.9538808756017,1326.9538808756017,0.022960612649204203,0.022960612649204203,1.0,1.0,0.0007536056934938155,0.0007536056934846718,0.0,0.0,1.0,0.5,0.9494953529197937,0.02605882263053936,36.43661750744664,0.49999999999949996,0.0,0.0,0.0005730167031288147,0.0004944242537021637,0.006703544408082962,0.0,0.0,0,True,True,True,
42,dp_sgd_lr0p50,dp_sgd,6f5bfa6c60eeb2ad400161beec4006ab7b7da4908d9989b6db2c608560d2f56e,556,3,0.5335003137588501,0.5,,,0.27734375,0.0610428308327984,1.8948507556149026,1.8958036372104747,1.8958036372104747,963.5642692067709,963.5642692067709,0.031705586546399905,0.031705586546399905,1.0,1.0,0.0010378134927674077,0.0010378134931372468,0.0,0.0,1.0,0.5,0.9479018186052374,0.0305214154163992,31.05694167986952,0.49999999999949996,0.0,0.0,0.0006988560780882835,0.0006049321964383125,0.006195410154759884,0.0,0.0,0,True,True,True,
42,dp_sgd_lr0p50,dp_sgd,6f5bfa6c60eeb2ad400161beec4006ab7b7da4908d9989b6db2c608560d2f56e,557,3,0.6480734348297119,0.5,,,0.3125,0.07197205770481613,1.8985877958019264,1.8998411492475922,1.8998411492475922,695.8786795498094,695.8786795498094,0.03635029959884535,0.03635029959884535,1.0,1.0,0.0014370320994079166,0.0014370320993491359,0.0,0.0,1.0,0.5,0.9499205746237961,0.035986028852408064,26.396926943324942,0.49999999999949996,0.0,0.0,0.0007025375962257385,0.00061027891933918,0.006262165494263172,0.0,0.0,0,True,True,True,
42,dp_sgd_lr0p50,dp_sgd,6f5bfa6c60eeb2ad400161beec4006ab7b7da4908d9989b6db2c608560d2f56e,558,3,0.38533520698547363,0.5,,,0.25390625,0.046970709286728564,1.8965774651896092,1.897262689542192,1.897262689542192,1630.372852301842,1630.372852301842,0.02696424531008137,0.02696424531008137,1.0,1.0,0.0006133566307453008,0.0006133566305713518,0.0,0.0,1.0,0.5,0.948631344771096,0.023485354643364282,40.39246411800456,0.49999999999949996,0.0,0.0,0.0005691498517990112,0.0004952186718583107,0.0066488804295659065,0.0,0.0,0,True,True,True,
42,dp_sgd_lr0p50,dp_sgd,6f5bfa6c60eeb2ad400161beec4006ab7b7da4908d9989b6db2c608560d2f56e,559,3,0.5796682238578796,0.5,,,0.26171875,0.0333086997695378,1.8988528795659192,1.8992931019024295,1.8992931019024295,3249.8796216458513,3249.8796216458513,0.02198361518680512,0.02198361518680512,1.0,1.0,0.0003077037046042821,0.0003077037045520976,0.0,0.0,1.0,0.5,0.9496465509512148,0.0166543498847689,57.02093191657307,0.49999999999949996,0.0,0.0,0.0007059089839458466,0.00061002466827631,0.006175154820084572,0.0,0.0,0,True,True,True,
42,dp_sgd_lr0p50,dp_sgd,6f5bfa6c60eeb2ad400161beec4006ab7b7da4908d9989b6db2c608560d2f56e,560,3,0.5153716802597046,0.5,,,0.24609375,0.03272794015011873,1.9013814445829214,1.901720683648352,1.901720683648352,3375.212787087381,3375.212787087381,0.018969325306785866,0.018969325306785866,1.0,1.0,0.0002962776163007676,0.0002962776163185974,0.0,0.0,1.0,0.5,0.950860341824176,0.016363970075059363,58.10694699419509,0.49999999999949996,0.0,0.0,0.0006986232474446297,0.0006052572280168533,0.006219583563506603,0.0,0.0,0,True,True,True,
42,dp_sgd_lr0p50,dp_sgd,6f5bfa6c60eeb2ad400161beec4006ab7b7da4908d9989b6db2c608560d2f56e,561,3,0.6099003553390503,0.5,,,0.25390625,0.029834827165946053,1.9039081850044692,1.9041338266657046,1.9041338266657046,4072.3486138701646,4072.3486138701646,0.015396806221975534,0.015396806221975534,1.0,1.0,0.0002455585446369544,0.0002455585446342881,0.0,0.0,1.0,0.5,0.9520669133328523,0.014917413582973027,63.82251909645611,0.49999999999949996,0.0,0.0,0.0005798256024718285,0.0004926333203911781,0.005865245126187801,0.0,0.0,0,True,True,True,
42,dp_sgd_lr0p50,dp_sgd,6f5bfa6c60eeb2ad400161beec4006ab7b7da4908d9989b6db2c608560d2f56e,562,3,0.5279360413551331,0.5,,,0.23828125,0.04272476135528953,1.9046809386099266,1.9050672110280993,1.9050672110280993,1987.3995157885176,1987.3995157885176,0.020253485620518718,0.020253485620518718,1.0,1.0,0.000503170093133057,0.0005031700931507553,0.0,0.0,1.0,0.5,0.9525336055140496,0.021362380677644763,44.58930022093767,0.49999999999949996,0.0,0.0,0.0007647322490811348,0.0006874818354845047,0.006706324405968189,0.0,0.0,0,True,True,True,
42,dp_sgd_lr0p50,dp_sgd,6f5bfa6c60eeb2ad400161beec4006ab7b7da4908d9989b6db2c608560d2f56e,563,3,0.40854427218437195,0.5,,,0.2109375,0.031615163315081365,1.9007602804366992,1.9009750637441747,1.9009750637441747,3614.6298984333544,3614.6298984333544,0.015108808725764587,0.015108808725764587,1.0,1.0,0.00027665349623557853,0.00027665349623904483,0.0,0.0,1.0,0.5,0.9504875318720873,0.015807581657540683,60.12858591551531,0.49999999999949996,0.0,0.0,0.0005633877590298653,0.0004909299314022064,0.006496093235909939,0.0,0.0,0,True,True,True,
42,dp_sgd_lr0p50,dp_sgd,6f5bfa6c60eeb2ad400161beec4006ab7b7da4908d9989b6db2c608560d2f56e,564,3,0.46638011932373047,0.5,,,0.21875,0.025309473929223617,1.8976605321006652,1.8977238267175267,1.8977238267175267,5621.7407399133135,5621.7407399133135,0.009169161836055036,0.009169161836055036,1.0,1.0,0.00017788084593421346,0.000177880845942003,0.0,0.0,1.0,0.5,0.9488619133587634,0.012654736964611809,74.98076933066379,0.49999999999949996,0.0,0.0,0.000628909096121788,0.0005820803344249725,0.006171233952045441,0.0,0.0,0,True,True,True,
42,dp_sgd_lr0p50,dp_sgd,6f5bfa6c60eeb2ad400161beec4006ab7b7da4908d9989b6db2c608560d2f56e,565,3,0.530205249786377,0.5,,,0.23046875,0.04400529975234035,1.8953505233628924,1.8960173138626912,1.8960173138626912,1855.1076294853797,1855.1076294853797,0.02675450719535064,0.02675450719535064,1.0,1.0,0.0005390522811664164,0.0005390522810157571,0.0,0.0,1.0,0.5,0.9480086569313456,0.022002649876170174,43.0861129101997,0.49999999999949996,0.0,0.0,0.000694984570145607,0.0006094798445701599,0.006206934340298176,0.0,0.0,0,True,True,True,
42,dp_sgd_lr0p50,dp_sgd,6f5bfa6c60eeb2ad400161beec4006ab7b7da4908d9989b6db2c608560d2f56e,566,3,0.26270896196365356,0.5,,,0.22265625,0.03931900754346744,1.8966914120318643,1.8969173216586865,1.8969173216586865,2326.9564794544604,2326.9564794544604,0.016109137900419738,0.016109137900419738,1.0,1.0,0.0004297458969182476,0.0004297458968510369,0.0,0.0,1.0,0.5,0.9484586608293433,0.01965950377173372,48.24428285645671,0.49999999999949996,0.0,0.0,0.0006729001179337502,0.000581374391913414,0.006008228287100792,0.0,0.0,0,True,True,True,
42,dp_sgd_lr0p50,dp_sgd,6f5bfa6c60eeb2ad400161beec4006ab7b7da4908d9989b6db2c608560d2f56e,567,3,0.38470637798309326,0.5,,,0.25,0.029337236327878293,1.899830894216538,1.8999614025217808,1.8999614025217808,4193.643342698916,4193.643342698916,0.012168884261229385,0.012168884261229385,1.0,1.0,0.00023845613876030504,0.0002384561387777621,0.0,0.0,1.0,0.5,0.9499807012608904,0.014668618163939147,64.76279432588471,0.49999999999949996,0.0,0.0,0.0007009934633970261,0.0006123138591647148,0.0061967214569449425,0.0,0.0,0,True,True,True,
42,dp_sgd_lr0p50,dp_sgd,6f5bfa6c60eeb2ad400161beec4006ab7b7da4908d9989b6db2c608560d2f56e,568,3,0.7660931348800659,0.5,,,0.26953125,0.033289419059692786,1.9011613775126606,1.9014788782555745,1.9014788782555745,3261.5612067341644,3261.5612067341644,0.018290351143697793,0.018290351143697793,1.0,1.0,0.0003066016351410611,0.00030660163519890697,0.0,0.0,1.0,0.5,0.9507394391277872,0.016644709529846393,57.11961733942267,0.49999999999949996,0.0,0.0,0.0007158070802688599,0.0006035547703504562,0.00620032474398613,0.0,0.0,0,True,True,True,
42,dp_sgd_lr0p50,dp_sgd,6f5bfa6c60eeb2ad400161beec4006ab7b7da4908d9989b6db2c608560d2f56e,569,3,0.549830436706543,0.5,,,0.25,0.03640512597318118,1.90031128448001,1.9006644222037061,1.9006644222037061,2724.7359253023124,2724.7359253023124,0.01927626595127271,0.01927626595127271,1.0,1.0,0.00036700804285620626,0.0003670080427516271,0.0,0.0,1.0,0.5,0.9503322111018531,0.01820256298659059,52.208703343025505,0.49999999999949996,0.0,0.0,0.000568753108382225,0.0004913816228508949,0.006649285554885864,0.0,0.0,0,True,True,True,
42,dp_sgd_lr0p50,dp_sgd,6f5bfa6c60eeb2ad400161beec4006ab7b7da4908d9989b6db2c608560d2f56e,570,3,0.48113304376602173,0.5,,,0.23828125,0.03169450906084684,1.8936338401849593,1.8937630067040228,1.8937630067040228,3569.63617015353,3569.63617015353,0.012443350268685295,0.012443350268685295,1.0,1.0,0.00028014059454166515,0.0002801405945591674,0.0,0.0,1.0,0.5,0.9468815033520114,0.01584725453042342,59.75050766518871,0.49999999999949996,0.0,0.0,0.000696117989718914,0.0006293691694736481,0.006214713677763939,0.0,0.0,0,True,True,True,
42,dp_sgd_lr0p50,dp_sgd,6f5bfa6c60eeb2ad400161beec4006ab7b7da4908d9989b6db2c608560d2f56e,571,3,0.40263599157333374,0.5,,,0.25390625,0.03547373860666431,1.8994371058603106,1.8996841423849649,1.8996841423849649,2867.0542595281754,2867.0542595281754,0.016300220681369333,0.016300220681369333,1.0,1.0,0.00034879005023421563,0.0003487900503562644,0.0,0.0,1.0,0.5,0.9498420711924824,0.017736869303332153,53.551844741872664,0.49999999999949996,0.0,0.0,0.0007213996723294258,0.0006103264167904854,0.006226827390491962,0.0,0.0,0,True,True,True,
42,dp_sgd_lr0p50,dp_sgd,6f5bfa6c60eeb2ad400161beec4006ab7b7da4908d9989b6db2c608560d2f56e,572,3,0.8309376239776611,0.5,,,0.30078125,0.06395381659626741,1.8984745676754808,1.8998073328184737,1.8998073328184737,881.2043510231648,881.2043510231648,0.037663842266030485,0.037663842266030485,1.0,1.0,0.001134810556250807,0.0011348105562266077,0.0,0.0,1.0,0.5,0.9499036664092368,0.031976908298133704,29.70592583633143,0.49999999999949996,0.0,0.0,0.000567115843296051,0.0004902593791484833,0.006557635962963104,0.0,0.0,0,True,True,True,
42,dp_sgd_lr0p50,dp_sgd,6f5bfa6c60eeb2ad400161beec4006ab7b7da4908d9989b6db2c608560d2f56e,573,3,0.28700631856918335,0.5,,,0.2421875,0.062403112174661206,1.897252784451644,1.8981572202100128,1.8981572202100128,924.353093166388,924.353093166388,0.03092780141565068,0.03092780141565068,1.0,1.0,0.0010818376734343029,0.0010818376731753505,0.0,0.0,1.0,0.5,0.9490786101050064,0.031201556087330603,30.41766915144217,0.49999999999949996,0.0,0.0,0.0007632710039615631,0.0006362795829772949,0.006370863877236843,0.0,0.0,0,True,True,True,
42,dp_sgd_lr0p50,dp_sgd,6f5bfa6c60eeb2ad400161beec4006ab7b7da4908d9989b6db2c608560d2f56e,574,3,0.5960425138473511,0.5,,,0.29296875,0.05098591324774638,1.9005171010329918,1.9012946868590033,1.9012946868590033,1389.4507515413675,1389.4507515413675,0.028656083787152616,0.028656083787152616,1.0,1.0,0.0007197088479067771,0.0007197088479445612,0.0,0.0,1.0,0.5,0.9506473434295016,0.02549295662387319,37.29058804038311,0.49999999999949996,0.0,0.0,0.0005631167441606522,0.0004885531961917877,0.00629816297441721,0.0,0.0,0,True,True,True,
42,dp_sgd_lr0p50,dp_sgd,6f5bfa6c60eeb2ad400161beec4006ab7b7da4908d9989b6db2c608560d2f56e,575,3,0.44318825006484985,0.5,,,0.22265625,0.043212768025680456,1.895342168466384,1.8958215248912005,1.8958215248912005,1923.7608287233406,1923.7608287233406,0.022488377505473455,0.022488377505473455,1.0,1.0,0.0005198151373774609,0.0005198151371528375,0.0,0.0,1.0,0.5,0.9479107624456002,0.021606384012840228,43.87179094097396,0.49999999999949996,0.0,0.0,0.0007792329415678978,0.0006670225411653519,0.006391759961843491,0.0,0.0,0,True,True,True,
42,dp_sgd_lr0p50,dp_sgd,6f5bfa6c60eeb2ad400161beec4006ab7b7da4908d9989b6db2c608560d2f56e,576,3,0.6212018728256226,0.5,,,0.29296875,0.05059387033972739,1.8970921298683499,1.8975748803840116,1.8975748803840116,1405.9861342044048,1405.9861342044048,0.022871658234492928,0.022871658234492928,1.0,1.0,0.0007112445672694491,0.0007112445674975495,0.0,0.0,1.0,0.5,0.9487874401920058,0.025296935169863696,37.50602331008037,0.49999999999949996,0.0,0.0,0.0005676792934536934,0.0005380427464842796,0.006803490221500397,0.0,0.0,0,True,True,True,
42,dp_sgd_lr0p50,dp_sgd,6f5bfa6c60eeb2ad400161beec4006ab7b7da4908d9989b6db2c608560d2f56e,577,3,0.4719763994216919,0.5,,,0.21484375,0.04187899694891161,1.8982522555468258,1.8988314406584248,1.8988314406584248,2054.543337067941,2054.543337067941,0.024855427933699843,0.024855427933699843,1.0,1.0,0.00048672616507406367,0.0004867261650637101,0.0,0.0,1.0,0.5,0.9494157203292124,0.020939498474455805,45.340900663980484,0.49999999999949996,0.0,0.0,0.0006711771711707115,0.0005861222743988037,0.005974755622446537,0.0,0.0,0,True,True,True,
42,dp_sgd_lr0p50,dp_sgd,6f5bfa6c60eeb2ad400161beec4006ab7b7da4908d9989b6db2c608560d2f56e,578,3,0.5814143419265747,0.5,,,0.27734375,0.05815976955141004,1.8947803083464638,1.895557925013843,1.895557925013843,1061.3835957307085,1061.3835957307085,0.028708679767253543,0.028708679767253543,1.0,1.0,0.000942166436080669,0.0009421664360079456,0.0,0.0,1.0,0.5,0.9477789625069215,0.02907988477570502,32.59225302247956,0.49999999999949996,0.0,0.0,0.0006681932136416435,0.0005830461159348488,0.005963620729744434,0.0,0.0,0,True,True,True,
42,dp_sgd_lr0p50,dp_sgd,6f5bfa6c60eeb2ad400161beec4006ab7b7da4908d9989b6db2c608560d2f56e,579,3,0.5406322479248047,0.5,,,0.26171875,0.0679383755412267,1.895662384492758,1.8971012007166697,1.8971012007166697,778.5592487721871,778.5592487721871,0.039076062169409204,0.039076062169409204,1.0,1.0,0.0012844237626874234,0.001284423762772389,0.0,0.0,1.0,0.5,0.9485506003583348,0.03396918777061335,27.92385283792389,0.49999999999949996,0.0,0.0,0.0006647016853094101,0.0006113173440098763,0.005963975563645363,0.0,0.0,0,True,True,True,
42,dp_sgd_lr0p50,dp_sgd,6f5bfa6c60eeb2ad400161beec4006ab7b7da4908d9989b6db2c608560d2f56e,580,3,0.5350464582443237,0.5,,,0.2890625,0.05230685454114836,1.8967198116132673,1.8974735009369057,1.8974735009369057,1314.8891798849863,1314.8891798849863,0.0281894254448736,0.0281894254448736,1.0,1.0,0.0007605203654666138,0.0007605203654714439,0.0,0.0,1.0,0.5,0.9487367504684528,0.02615342727057418,36.2758096909013,0.49999999999949996,0.0,0.0,0.0006112717092037201,0.0004946738481521606,0.005952024832367897,0.0,0.0,0,True,True,True,
42,dp_sgd_lr0p50,dp_sgd,6f5bfa6c60eeb2ad400161beec4006ab7b7da4908d9989b6db2c608560d2f56e,581,3,0.3992309272289276,0.5,,,0.23046875,0.025023006353562575,1.8941193743518985,1.8943277166961947,1.8943277166961947,5729.75061189191,5729.75061189191,0.014930293331552854,0.014930293331552854,1.0,1.0,0.00017452766553699471,0.00017452766554394,0.0,0.0,1.0,0.5,0.9471638583480974,0.012511503176781288,75.70344225545419,0.49999999999949996,0.0,0.0,0.0007307259365916252,0.0006456077098846436,0.006433352828025818,0.0,0.0,0,True,True,True,
42,dp_sgd_lr0p50,dp_sgd,6f5bfa6c60eeb2ad400161beec4006ab7b7da4908d9989b6db2c608560d2f56e,582,3,0.6029205918312073,0.5,,,0.234375,0.03937496825875134,1.8944946364489805,1.8950049110341647,1.8950049110341647,2314.9751126639144,2314.9751126639144,0.02334676694333295,0.02334676694333295,1.0,1.0,0.0004319700863669287,0.00043197008657374253,0.0,0.0,1.0,0.5,0.9475024555170823,0.01968748412937567,48.12714764580752,0.49999999999949996,0.0,0.0,0.0006030704826116562,0.0005628149956464767,0.005963413044810295,0.0,0.0,0,True,True,True,
42,dp_sgd_lr0p50,dp_sgd,6f5bfa6c60eeb2ad400161beec4006ab7b7da4908d9989b6db2c608560d2f56e,583,3,0.3902153968811035,0.5,,,0.23046875,0.042459032676824465,1.8993481709691218,1.8998208598309039,1.8998208598309039,2001.1008400729836,2001.1008400729836,0.0223059204725617,0.0223059204725617,1.0,1.0,0.000499724941102193,0.0004997249412122513,0.0,0.0,1.0,0.5,0.9499104299154519,0.021229516338412233,44.74479845553333,0.49999999999949996,0.0,0.0,0.0006941957399249077,0.0006111282855272293,0.006203247234225273,0.0,0.0,0,True,True,True,
42,dp_sgd_lr0p50,dp_sgd,6f5bfa6c60eeb2ad400161beec4006ab7b7da4908d9989b6db2c608560d2f56e,584,3,0.4935303032398224,0.5,,,0.21875,0.04050026082482346,1.895073731734341,1.895452488971391,1.895452488971391,2189.457820521386,2189.457820521386,0.02003456957303096,0.02003456957303096,1.0,1.0,0.0004567340781892438,0.00045673407813142796,0.0,0.0,1.0,0.5,0.9477262444856955,0.02025013041241173,46.80099461769457,0.49999999999949996,0.0,0.0,0.000565660186111927,0.0004851352423429489,0.00621674582362175,0.0,0.0,0,True,True,True,
42,dp_sgd_lr0p50,dp_sgd,6f5bfa6c60eeb2ad400161beec4006ab7b7da4908d9989b6db2c608560d2f56e,585,3,0.6153256297111511,0.5,,,0.3046875,0.041945411049617395,1.8993332779960315,1.8997331732366383,1.8997331732366383,2050.375696616025,2050.375696616025,0.020572519580581032,0.020572519580581032,1.0,1.0,0.00048771549579024464,0.00048771549578749364,0.0,0.0,1.0,0.5,0.9498665866183191,0.020972705524808698,45.29060809295336,0.49999999999949996,0.0,0.0,0.0007939562201499939,0.0006723226979374886,0.00651625357568264,0.0,0.0,0,True,True,True,
42,dp_sgd_lr0p50,dp_sgd,6f5bfa6c60eeb2ad400161beec4006ab7b7da4908d9989b6db2c608560d2f56e,586,3,0.35790759325027466,0.5,,,0.25,0.04365763065172812,1.8938792489065293,1.8944454018441303,1.8944454018441303,1881.8467187030733,1881.8467187030733,0.024488616194171364,0.024488616194171364,1.0,1.0,0.0005313929075818868,0.0005313929076030116,0.0,0.0,1.0,0.5,0.9472227009220652,0.02182881532586406,43.393225273033806,0.49999999999949996,0.0,0.0,0.0005728444084525108,0.0004964405670762062,0.00660711620002985,0.0,0.0,0,True,True,True,
42,dp_sgd_lr0p50,dp_sgd,6f5bfa6c60eeb2ad400161beec4006ab7b7da4908d9989b6db2c608560d2f56e,587,3,0.5167756080627441,0.5,,,0.2890625,0.04195935055288527,1.8995242417162024,1.9000315428822268,1.9000315428822268,2049.425640592611,2049.425640592611,0.023130437729953907,0.023130437729953907,1.0,1.0,0.00048794158696217486,0.0004879415869468047,0.0,0.0,1.0,0.5,0.9500157714411134,0.020979675276442636,45.28267281918187,0.49999999999949996,0.0,0.0,0.0006914827972650528,0.0006070975214242935,0.006178536452353001,0.0,0.0,0,True,True,True,
42,dp_sgd_lr0p50,dp_sgd,6f5bfa6c60eeb2ad400161beec4006ab7b7da4908d9989b6db2c608560d2f56e,588,3,0.5113896727561951,0.5,,,0.22265625,0.03866567384408132,1.897707618602451,1.8982469863967153,1.8982469863967153,2408.8371228898263,2408.8371228898263,0.024132117468511283,0.024132117468511283,1.0,1.0,0.0004151380721545691,0.0004151380720726632,0.0,0.0,1.0,0.5,0.9491234931983576,0.01933283692204066,49.093855028963844,0.49999999999949996,0.0,0.0,0.0006957994773983955,0.0006105108186602592,0.006184719502925873,0.0,0.0,0,True,True,True,
42,dp_sgd_lr0p50,dp_sgd,6f5bfa6c60eeb2ad400161beec4006ab7b7da4908d9989b6db2c608560d2f56e,589,3,0.6727206707000732,0.5,,,0.3203125,0.05569128550250231,1.89368194462834,1.8945079824905309,1.8945079824905309,1156.217640920168,1156.217640920168,0.029527296987487937,0.029527296987487937,1.0,1.0,0.0008648890695712403,0.0008648890696739786,0.0,0.0,1.0,0.5,0.9472539912452654,0.027845642751251155,34.01803289919338,0.49999999999949996,0.0,0.0,0.0006899433210492134,0.0005808332934975624,0.006033922545611858,0.0,0.0,0,True,True,True,
42,dp_sgd_lr0p50,dp_sgd,6f5bfa6c60eeb2ad400161beec4006ab7b7da4908d9989b6db2c608560d2f56e,590,3,0.25053346157073975,0.5,,,0.25390625,0.057693077766899165,1.895521250528403,1.8963952275422669,1.8963952275422669,1079.4683146953287,1079.4683146953287,0.030356490369327582,0.030356490369327582,1.0,1.0,0.00092638198461761,0.0009263819847853726,0.0,0.0,1.0,0.5,0.9481976137711334,0.028846538883449582,32.8704118566641,0.49999999999949996,0.0,0.0,0.0005667814984917641,0.0004866551607847214,0.006495404988527298,0.0,0.0,0,True,True,True,
42,dp_sgd_lr0p50,dp_sgd,6f5bfa6c60eeb2ad400161beec4006ab7b7da4908d9989b6db2c608560d2f56e,591,3,0.38980281352996826,0.5,,,0.23828125,0.05178938457227066,1.895296994950952,1.8957612282205234,1.8957612282205234,1339.2851316941928,1339.2851316941928,0.022622029968957402,0.022622029968957402,1.0,1.0,0.0007466669911894618,0.0007466669910959974,0.0,0.0,1.0,0.5,0.9478806141102617,0.02589469228613533,36.60520865046833,0.49999999999949996,0.0,0.0,0.0007817018777132034,0.0006646355614066124,0.006524036638438702,0.0,0.0,0,True,True,True,
42,dp_sgd_lr0p50,dp_sgd,6f5bfa6c60eeb2ad400161beec4006ab7b7da4908d9989b6db2c608560d2f56e,592,3,0.348694384098053,0.5,,,0.21875,0.03539426036388288,1.897004070410256,1.8973263766478894,1.8973263766478894,2872.5714686924916,2872.5714686924916,0.01843280326012807,0.01843280326012807,1.0,1.0,0.000348120146043451,0.00034812014606262786,0.0,0.0,1.0,0.5,0.9486631883239447,0.01769713018194144,53.60548170902744,0.49999999999949996,0.0,0.0,0.0005554482340812683,0.00048680882900953293,0.006616204045712948,0.0,0.0,0,True,True,True,
42,dp_sgd_lr0p50,dp_sgd,6f5bfa6c60eeb2ad400161beec4006ab7b7da4908d9989b6db2c608560d2f56e,593,3,0.5547043085098267,0.5,,,0.296875,0.03925545022259302,1.89761782459244,1.8981091535522108,1.8981091535522108,2336.7786527981643,2336.7786527981643,0.02285524986407859,0.02285524986407859,1.0,1.0,0.0004279395475276804,0.00042793954757967026,0.0,0.0,1.0,0.5,0.9490545767761054,0.01962772511129651,48.3527546542587,0.49999999999949996,0.0,0.0,0.0007023867219686508,0.0006132135167717934,0.006169571541249752,0.0,0.0,0,True,True,True,
42,dp_sgd_lr0p50,dp_sgd,6f5bfa6c60eeb2ad400161beec4006ab7b7da4908d9989b6db2c608560d2f56e,594,3,0.4776654839515686,0.5,,,0.3125,0.05953057283264038,1.899012570312138,1.899957281373863,1.899957281373863,1017.5963856691382,1017.5963856691382,0.03153168982029907,0.03153168982029907,1.0,1.0,0.0009827078926385724,0.0009827078928422224,0.0,0.0,1.0,0.5,0.9499786406869315,0.02976528641632019,31.915655954654156,0.49999999999949996,0.0,0.0,0.0006960742175579071,0.0006404435262084007,0.0062613720074296,0.0,0.0,0,True,True,True,
42,dp_sgd_lr0p50,dp_sgd,6f5bfa6c60eeb2ad400161beec4006ab7b7da4908d9989b6db2c608560d2f56e,595,3,0.7729529142379761,0.5,,,0.26953125,0.03173725726175999,1.903592584235742,1.9038467679298854,1.9038467679298854,3597.569756331648,3597.569756331648,0.016343499952195747,0.016343499952195747,1.0,1.0,0.0002779654229767042,0.0002779654229622049,0.0,0.0,1.0,0.5,0.9519233839649427,0.015868628630879993,59.98775357642018,0.49999999999949996,0.0,0.0,0.000559474341571331,0.000481482595205307,0.006247318349778652,0.0,0.0,0,True,True,True,
42,dp_sgd_lr0p50,dp_sgd,6f5bfa6c60eeb2ad400161beec4006ab7b7da4908d9989b6db2c608560d2f56e,596,3,0.9063602089881897,0.5,,,0.234375,0.03913212509402068,1.894427314625742,1.8947338270937535,1.8947338270937535,2343.629884513564,2343.629884513564,0.018158673941911636,0.018158673941911636,1.0,1.0,0.0004266885338655972,0.00042668853381526325,0.0,0.0,1.0,0.5,0.9473669135468767,0.01956606254701034,48.41888403567503,0.49999999999949996,0.0,0.0,0.0007668044418096542,0.0006672069430351257,0.00648143608123064,0.0,0.0,0,True,True,True,
42,dp_sgd_lr0p50,dp_sgd,6f5bfa6c60eeb2ad400161beec4006ab7b7da4908d9989b6db2c608560d2f56e,597,3,0.46514278650283813,0.5,,,0.26953125,0.0338914189893145,1.8992839527446448,1.8995222923954689,1.8995222923954689,3140.5108069680687,3140.5108069680687,0.015953044519914705,0.015953044519914705,1.0,1.0,0.0003184195376466624,0.00031841953773603535,0.0,0.0,1.0,0.5,0.9497611461977344,0.01694570949465725,56.04729305911528,0.49999999999949996,0.0,0.0,0.0005606608465313911,0.0004862099885940552,0.006646101363003254,0.0,0.0,0,True,True,True,
42,dp_sgd_lr0p50,dp_sgd,6f5bfa6c60eeb2ad400161beec4006ab7b7da4908d9989b6db2c608560d2f56e,598,3,0.4145701825618744,0.5,,,0.265625,0.03862622235672225,1.9032407621689065,1.9036682340817028,1.9036682340817028,2427.856356692199,2427.856356692199,0.021210849728472356,0.021210849728472356,1.0,1.0,0.00041188598187576176,0.0004118859819413378,0.0,0.0,1.0,0.5,0.9518341170408514,0.019313111178361125,49.28434927967613,0.49999999999949996,0.0,0.0,0.0006725899875164032,0.0005806433036923409,0.005959274247288704,0.0,0.0,0,True,True,True,
42,dp_sgd_lr0p50,dp_sgd,6f5bfa6c60eeb2ad400161beec4006ab7b7da4908d9989b6db2c608560d2f56e,599,3,0.5421953797340393,0.5,0.4543228686511517,0.9186,0.2265625,0.04583674148617828,1.8977686002309935,1.8983272196302288,1.8983272196302288,1714.1903292240343,1714.1903292240343,0.02425828976184532,0.02425828976184532,1.0,1.0,0.0005833657922784058,0.0005833657923301037,0.0,0.0,1.0,0.5,0.9491636098151144,0.02291837074308914,41.41496882189641,0.49999999999949996,0.0,0.0,0.0006172684952616692,0.0005639949813485146,0.00570918433368206,0.0,0.0,0,True,True,True,
42,dp_sgd_lr0p50,dp_sgd,6f5bfa6c60eeb2ad400161beec4006ab7b7da4908d9989b6db2c608560d2f56e,600,3,0.5060147643089294,0.5,,,0.265625,0.03463723156844661,1.8975352503378615,1.8979421880790959,1.8979421880790959,3001.1890857170997,3001.1890857170997,0.02087224855650799,0.02087224855650799,1.0,1.0,0.00033320126476711756,0.00033320126480246065,0.0,0.0,1.0,0.5,0.9489710940395479,0.017318615784223303,54.7948580768929,0.49999999999949996,0.11932123266160488,0.0,0.000789090059697628,0.0006486019119620323,0.006510973908007145,0.0,0.0,0,True,True,True,
42,dp_sgd_lr0p50,dp_sgd,6f5bfa6c60eeb2ad400161beec4006ab7b7da4908d9989b6db2c608560d2f56e,601,3,0.5227358341217041,0.5,,,0.2578125,0.0383407327250418,1.895001156023837,1.895344157219182,1.895344157219182,2442.857542606113,2442.857542606113,0.019059772326265843,0.019059772326265843,1.0,1.0,0.00040935665788051855,0.0004093566578712353,0.0,0.0,1.0,0.5,0.947672078609591,0.0191703663625209,49.434218451500584,0.49999999999949996,0.0,0.0,0.0005691275000572205,0.00048587191849946976,0.006388384848833084,0.0,0.0,0,True,True,True,
42,dp_sgd_lr0p50,dp_sgd,6f5bfa6c60eeb2ad400161beec4006ab7b7da4908d9989b6db2c608560d2f56e,602,3,0.7266860604286194,0.5,,,0.2734375,0.03591468331844999,1.8992705720182288,1.8998252957914075,1.8998252957914075,2796.5951189770285,2796.5951189770285,0.02489544495788081,0.02489544495788081,1.0,1.0,0.00035757768167393473,0.0003575776816787304,0.0,0.0,1.0,0.5,0.9499126478957037,0.017957341659224996,52.898288948844446,0.49999999999949996,0.0,0.0,0.0007057301700115204,0.000608617439866066,0.006376371718943119,0.0,0.0,0,True,True,True,
42,dp_sgd_lr0p50,dp_sgd,6f5bfa6c60eeb2ad400161beec4006ab7b7da4908d9989b6db2c608560d2f56e,603,3,0.5434083342552185,0.5,,,0.26953125,0.04873176932742564,1.889553475215904,1.890092004830216,1.890092004830216,1503.4673961389376,1503.4673961389376,0.023940694533474027,0.023940694533474027,1.0,1.0,0.0006651291555418723,0.0006651291554820012,0.0,0.0,1.0,0.5,0.945046002415108,0.02436588466371282,38.78562241508691,0.49999999999949996,0.0,0.0,0.0007327189669013023,0.0006145220249891281,0.006341065280139446,0.0,0.0,0,True,True,True,
42,dp_sgd_lr0p50,dp_sgd,6f5bfa6c60eeb2ad400161beec4006ab7b7da4908d9989b6db2c608560d2f56e,604,3,0.38596072793006897,0.5,,,0.23828125,0.03671362675136,1.90015271416591,1.9005531939168816,1.9005531939168816,2678.6898721891416,2678.6898721891416,0.02056572384897381,0.02056572384897381,1.0,1.0,0.00037331682537798954,0.0003733168254159692,0.0,0.0,1.0,0.5,0.9502765969584408,0.01835681337568,51.7669694330306,0.49999999999949996,0.0,0.0,0.0005634203553199768,0.0004890318959951401,0.006383822299540043,0.0,0.0,0,True,True,True,
42,dp_sgd_lr0p50,dp_sgd,6f5bfa6c60eeb2ad400161beec4006ab7b7da4908d9989b6db2c608560d2f56e,605,3,0.7715998888015747,0.5,,,0.27734375,0.046548400472558225,1.8961948462978209,1.8968588074050472,1.8968588074050472,1659.4203031577417,1659.4203031577417,0.026531254562517655,0.026531254562517655,1.0,1.0,0.0006026200822270786,0.0006026200823467128,0.0,0.0,1.0,0.5,0.9484294037025236,0.023274200236279113,40.750246798314926,0.49999999999949996,0.0,0.0,0.0006231730803847313,0.0007120631635189056,0.006293516606092453,0.0,0.0,0,True,True,True,
42,dp_sgd_lr0p50,dp_sgd,6f5bfa6c60eeb2ad400161beec4006ab7b7da4908d9989b6db2c608560d2f56e,606,3,0.2736555337905884,0.5,,,0.22265625,0.035693533109044176,1.9021050721942867,1.9025492552013836,1.9025492552013836,2839.814222602612,2839.814222602612,0.02182335175763574,0.02182335175763574,1.0,1.0,0.0003521357105882578,0.00035213571060929255,0.0,0.0,1.0,0.5,0.9512746276006918,0.017846766554522088,53.30235169722392,0.49999999999949996,0.0,0.0,0.0006949203088879585,0.0006061000749468803,0.006233625113964081,0.0,0.0,0,True,True,True,
42,dp_sgd_lr0p50,dp_sgd,6f5bfa6c60eeb2ad400161beec4006ab7b7da4908d9989b6db2c608560d2f56e,607,3,0.44885846972465515,0.5,,,0.25390625,0.03159937885022595,1.8970393855212655,1.8972787540674052,1.8972787540674052,3604.089799083403,3604.089799083403,0.015902178063272918,0.015902178063272918,1.0,1.0,0.00027746256468209033,0.00027746256467001015,0.0,0.0,1.0,0.5,0.9486393770337026,0.015799689425112975,60.04164711401457,0.49999999999949996,0.0,0.0,0.0006360858678817749,0.0005505876615643501,0.005772843025624752,0.0,0.0,0,True,True,True,
42,dp_sgd_lr0p50,dp_sgd,6f5bfa6c60eeb2ad400161beec4006ab7b7da4908d9989b6db2c608560d2f56e,608,3,0.46448588371276855,0.5,,,0.2421875,0.057416824524115014,1.8972730843713927,1.8981906201629934,1.8981906201629934,1091.896192059263,1091.896192059263,0.031100491324101656,0.031100491324101656,1.0,1.0,0.0009158379770612043,0.0009158379770791862,0.0,0.0,1.0,0.5,0.9490953100814967,0.028708412262057507,33.05983282477831,0.49999999999949996,0.0,0.0,0.0007135942578315735,0.0006430018693208694,0.0064732106402516365,0.0,0.0,0,True,True,True,
42,dp_sgd_lr0p50,dp_sgd,6f5bfa6c60eeb2ad400161beec4006ab7b7da4908d9989b6db2c608560d2f56e,609,3,0.36979496479034424,0.5,,,0.26171875,0.030735676199240676,1.8955427849610098,1.8957644778917755,1.8957644778917755,3803.4843885324894,3803.4843885324894,0.01531887115377934,0.01531887115377934,1.0,1.0,0.00026291681437057177,0.00026291681437237035,0.0,0.0,1.0,0.5,0.9478822389458877,0.015367838099620338,61.67960859163564,0.49999999999949996,0.0,0.0,0.0005718749016523361,0.0004997681826353073,0.006366192363202572,0.0,0.0,0,True,True,True,
42,dp_sgd_lr0p50,dp_sgd,6f5bfa6c60eeb2ad400161beec4006ab7b7da4908d9989b6db2c608560d2f56e,610,3,0.5610163807868958,0.5,,,0.2578125,0.041419373411885535,1.8976042343446065,1.8981792924547811,1.8981792924547811,2098.960336989642,2098.960336989642,0.02479198251531705,0.02479198251531705,1.0,1.0,0.00047642634393513006,0.00047642634384422394,0.0,0.0,1.0,0.5,0.9490896462273906,0.020709686705942768,45.82829569841901,0.49999999999949996,0.0,0.0,0.0007363101467490196,0.0006400803104043007,0.006293521262705326,0.0,0.0,0,True,True,True,
42,dp_sgd_lr0p50,dp_sgd,6f5bfa6c60eeb2ad400161beec4006ab7b7da4908d9989b6db2c608560d2f56e,611,3,0.33297672867774963,0.5,,,0.21484375,0.03270605020763451,1.904170835870287,1.9043846239719442,1.9043846239719442,3389.6559525582397,3389.6559525582397,0.015123325143246357,0.015123325143246357,1.0,1.0,0.00029501519123501326,0.0002950151912968025,0.0,0.0,1.0,0.5,0.9521923119859721,0.016353025103817254,58.227288583167194,0.49999999999949996,0.0,0.0,0.0005603628233075142,0.00048111844807863235,0.006344378925859928,0.0,0.0,0,True,True,True,
42,dp_sgd_lr0p50,dp_sgd,6f5bfa6c60eeb2ad400161beec4006ab7b7da4908d9989b6db2c608560d2f56e,612,3,0.4218710660934448,0.5,,,0.25390625,0.034558827440254895,1.9011066570914819,1.9013405310410265,1.9013405310410265,3026.1814684686274,3026.1814684686274,0.015855015724961806,0.015855015724961806,1.0,1.0,0.00033044944911002404,0.0003304494490589628,0.0,0.0,1.0,0.5,0.9506702655205133,0.017279413720127448,55.01750700940356,0.49999999999949996,0.0,0.0,0.0007638726383447647,0.0006431862711906433,0.006262786686420441,0.0,0.0,0,True,True,True,
42,dp_sgd_lr0p50,dp_sgd,6f5bfa6c60eeb2ad400161beec4006ab7b7da4908d9989b6db2c608560d2f56e,613,3,0.29537665843963623,0.5,,,0.23046875,0.031720756340058984,1.899534578620569,1.89984131575027,1.89984131575027,3585.9756740966977,3585.9756740966977,0.01801740260036755,0.01801740260036755,1.0,1.0,0.0002788641334712315,0.00027886413347965363,0.0,0.0,1.0,0.5,0.949920657875135,0.015860378170029492,59.89268651930738,0.49999999999949996,0.0,0.0,0.0005631260573863983,0.0004875306040048599,0.0063551608473062515,0.0,0.0,0,True,True,True,
42,dp_sgd_lr0p50,dp_sgd,6f5bfa6c60eeb2ad400161beec4006ab7b7da4908d9989b6db2c608560d2f56e,614,3,0.5474950075149536,0.5,,,0.25390625,0.035370032070608404,1.8985992164419798,1.8988375755851241,1.8988375755851241,2881.3478203148825,2881.3478203148825,0.016052192340611154,0.016052192340611154,1.0,1.0,0.0003470598003302163,0.0003470598004460922,0.0,0.0,1.0,0.5,0.9494187877925621,0.017685016035304202,53.68492659795014,0.49999999999949996,0.0,0.0,0.0007062610238790512,0.0006001582369208336,0.006182320415973663,0.0,0.0,0,True,True,True,
42,dp_sgd_lr0p50,dp_sgd,6f5bfa6c60eeb2ad400161beec4006ab7b7da4908d9989b6db2c608560d2f56e,615,3,0.5332273840904236,0.5,,,0.26171875,0.03145566448542507,1.9031849489139814,1.9034456144710072,1.9034456144710072,3660.701024447281,3660.701024447281,0.01654901502945038,0.01654901502945038,1.0,1.0,0.00027317172102030857,0.00027317172106797,0.0,0.0,1.0,0.5,0.9517228072355036,0.015727832242712535,60.51201414714802,0.49999999999949996,0.0,0.0,0.0005886871367692947,0.0004936410114169121,0.005826612003147602,0.0,0.0,0,True,True,True,
42,dp_sgd_lr0p50,dp_sgd,6f5bfa6c60eeb2ad400161beec4006ab7b7da4908d9989b6db2c608560d2f56e,616,3,0.42832285165786743,0.5,,,0.20703125,0.042002582389380004,1.8998859497890204,1.9004655212369646,1.9004655212369646,2045.9879758250995,2045.9879758250995,0.02484697140655645,0.02484697140655645,1.0,1.0,0.0004887614254084862,0.0004887614254515665,0.0,0.0,1.0,0.5,0.9502327606184823,0.021001291194690002,45.24639707931359,0.49999999999949996,0.0,0.0,0.000760870985686779,0.0006720349192619324,0.006717558950185776,0.0,0.0,0,True,True,True,
42,dp_sgd_lr0p50,dp_sgd,6f5bfa6c60eeb2ad400161beec4006ab7b7da4908d9989b6db2c608560d2f56e,617,3,0.36774784326553345,0.5,,,0.25,0.0400586078529489,1.8991930012779457,1.8996979480004799,1.8996979480004799,2247.742191016176,2247.742191016176,0.02314693876326741,0.02314693876326741,1.0,1.0,0.0004448908791112128,0.0004448908790674073,0.0,0.0,1.0,0.5,0.9498489740002399,0.02002930392647445,47.42296474403786,0.49999999999949996,0.0,0.0,0.0005690660327672958,0.0004952363669872284,0.00623976718634367,0.0,0.0,0,True,True,True,
42,dp_sgd_lr0p50,dp_sgd,6f5bfa6c60eeb2ad400161beec4006ab7b7da4908d9989b6db2c608560d2f56e,618,3,0.696706235408783,0.5,,,0.28125,0.036789880882946345,1.8966731778417778,1.8970544211737814,1.8970544211737814,2657.8363787806807,2657.8363787806807,0.02005826162938976,0.02005826162938976,1.0,1.0,0.00037624588452644253,0.00037624588457134335,0.0,0.0,1.0,0.5,0.9485272105868907,0.018394940441473173,51.56457089672222,0.49999999999949996,0.0,0.0,0.0007708948105573654,0.00067138671875,0.00630697887390852,0.0,0.0,0,True,True,True,
42,dp_sgd_lr0p50,dp_sgd,6f5bfa6c60eeb2ad400161beec4006ab7b7da4908d9989b6db2c608560d2f56e,619,3,0.3677714169025421,0.5,,,0.1953125,0.0400195853027547,1.8934135034689832,1.8937920157581896,1.8937920157581896,2238.441618566127,2238.441618566127,0.02002322371584617,0.02002322371584617,1.0,1.0,0.00044673937040890985,0.0004467393703902128,0.0,0.0,1.0,0.5,0.9468960078790948,0.02000979265137735,47.32163018024051,0.49999999999949996,0.0,0.0,0.0005671177059412003,0.0006204415112733841,0.006728896871209145,0.0,0.0,0,True,True,True,
42,dp_sgd_lr0p50,dp_sgd,6f5bfa6c60eeb2ad400161beec4006ab7b7da4908d9989b6db2c608560d2f56e,620,3,0.46733319759368896,0.5,,,0.25,0.030691366737489553,1.8943061678144009,1.8946946886058431,1.8946946886058431,3809.499217872127,3809.499217872127,0.020756953198339423,0.020756953198339423,1.0,1.0,0.0002625016942506883,0.00026250169421621327,0.0,0.0,1.0,0.5,0.9473473443029216,0.015345683368744777,61.73379975835364,0.49999999999949996,0.0,0.0,0.000699787400662899,0.0006149578839540482,0.00616771075874567,0.0,0.0,0,True,True,True,
42,dp_sgd_lr0p50,dp_sgd,6f5bfa6c60eeb2ad400161beec4006ab7b7da4908d9989b6db2c608560d2f56e,621,3,0.35541999340057373,0.5,,,0.25390625,0.037955058238693135,1.895930431902822,1.896272256197425,1.896272256197425,2495.2006249565147,2495.2006249565147,0.019013023929470733,0.019013023929470733,1.0,1.0,0.00040076937674019203,0.00040076937680711756,0.0,0.0,1.0,0.5,0.9481361280987125,0.018977529119346567,49.96098923553635,0.49999999999949996,0.0,0.0,0.0005659237504005432,0.000492393970489502,0.0066528599709272385,0.0,0.0,0,True,True,True,
42,dp_sgd_lr0p50,dp_sgd,6f5bfa6c60eeb2ad400161beec4006ab7b7da4908d9989b6db2c608560d2f56e,622,3,0.38701337575912476,0.5,,,0.2421875,0.026269450219059864,1.8970253494429383,1.8973278244249785,1.8973278244249785,5214.879774017618,5214.879774017618,0.018436156407426584,0.018436156407426584,1.0,1.0,0.00019175897468106133,0.0001917589746384335,0.0,0.0,1.0,0.5,0.9486639122124892,0.013134725109529932,72.22563884888297,0.49999999999949996,0.0,0.0,0.0006564585492014885,0.0005876738578081131,0.005968312732875347,0.0,0.0,0,True,True,True,
42,dp_sgd_lr0p50,dp_sgd,6f5bfa6c60eeb2ad400161beec4006ab7b7da4908d9989b6db2c608560d2f56e,623,3,0.44683876633644104,0.5,,,0.23828125,0.04056276856056767,1.8913454368643736,1.891762033095764,1.891762033095764,2174.1351254983465,2174.1351254983465,0.020990174486579978,0.020990174486579978,1.0,1.0,0.00045995301196503446,0.00045995301202932895,0.0,0.0,1.0,0.5,0.945881016547882,0.020281384280283834,46.63789233660765,0.49999999999949996,0.0,0.0,0.0006717182695865631,0.0005864165723323822,0.006007957272231579,0.0,0.0,0,True,True,True,
42,dp_sgd_lr0p50,dp_sgd,6f5bfa6c60eeb2ad400161beec4006ab7b7da4908d9989b6db2c608560d2f56e,624,3,0.501455545425415,0.5,,,0.21484375,0.042801647138345986,1.8903539456355907,1.8909759040807705,1.8909759040807705,1950.5868468109593,1950.5868468109593,0.02584613377965712,0.02584613377965712,1.0,1.0,0.0005126662271350678,0.0005126662270107061,0.0,0.0,1.0,0.5,0.9454879520403853,0.021400823569172993,44.17997975358957,0.49999999999949996,0.0,0.0,0.0006812512874603271,0.0005865497514605522,0.0059871980920434,0.0,0.0,0,True,True,True,
42,dp_sgd_lr0p50,dp_sgd,6f5bfa6c60eeb2ad400161beec4006ab7b7da4908d9989b6db2c608560d2f56e,625,3,0.6184307336807251,0.5,,,0.2578125,0.04346376343046506,1.8979342795836953,1.8982681632196543,1.8982681632196543,1906.8111515678504,1906.8111515678504,0.01912947700331622,0.01912947700331622,1.0,1.0,0.0005244357830864019,0.0005244357831834162,0.0,0.0,1.0,0.5,0.9491340816098272,0.02173188171523253,43.67473070226016,0.49999999999949996,0.0,0.0,0.0007126359269022942,0.0006154095754027367,0.006144559010863304,0.0,0.0,0,True,True,True,
42,dp_sgd_lr0p50,dp_sgd,6f5bfa6c60eeb2ad400161beec4006ab7b7da4908d9989b6db2c608560d2f56e,626,3,0.49200546741485596,0.5,,,0.2109375,0.031003066319045564,1.895929627157375,1.8962362623819724,1.8962362623819724,3739.6859041464695,3739.6859041464695,0.018064576306456356,0.018064576306456356,1.0,1.0,0.00026740213605922625,0.00026740213601671896,0.0,0.0,1.0,0.5,0.9481181311909862,0.015501533159522782,61.16286185198286,0.49999999999949996,0.0,0.0,0.0005651572719216347,0.0004874132573604584,0.006624906323850155,0.0,0.0,0,True,True,True,
42,dp_sgd_lr0p50,dp_sgd,6f5bfa6c60eeb2ad400161beec4006ab7b7da4908d9989b6db2c608560d2f56e,627,3,0.5164004564285278,0.5,,,0.24609375,0.04210390979232489,1.899979948299775,1.9005267013840408,1.9005267013840408,2036.353549120249,2036.353549120249,0.024060840854249848,0.024060840854249848,1.0,1.0,0.0004910738608566508,0.0004910738608485583,0.0,0.0,1.0,0.5,0.9502633506920204,0.021051954896162444,45.13896003169305,0.49999999999949996,0.0,0.0,0.000726776197552681,0.0006371289491653442,0.0062092263251543045,0.0,0.0,0,True,True,True,
42,dp_sgd_lr0p50,dp_sgd,6f5bfa6c60eeb2ad400161beec4006ab7b7da4908d9989b6db2c608560d2f56e,628,3,0.7578037977218628,0.5,,,0.296875,0.05135781985382664,1.8979397289790811,1.8985362969350599,1.8985362969350599,1365.6885690454212,1365.6885690454212,0.025139723268722505,0.025139723268722505,1.0,1.0,0.0007322313610046294,0.0007322313609931091,0.0,0.0,1.0,0.5,0.9492681484675299,0.02567890992691332,36.966839758087346,0.49999999999949996,0.0,0.0,0.0005613323301076889,0.00048615969717502594,0.006417976692318916,0.0,0.0,0,True,True,True,
42,dp_sgd_lr0p50,dp_sgd,6f5bfa6c60eeb2ad400161beec4006ab7b7da4908d9989b6db2c608560d2f56e,629,3,0.7179887294769287,0.5,,,0.23828125,0.033026488236238535,1.9012802638721602,1.9014772881404216,1.9014772881404216,3314.114325395156,3314.114325395156,0.014649763633096592,0.014649763633096592,1.0,1.0,0.0003017397412696944,0.00030173974125509136,0.0,0.0,1.0,0.5,0.9507386440702108,0.016513244118119268,57.57431048750937,0.49999999999949996,0.0,0.0,0.0006206734105944633,0.0006061214953660965,0.0061597079038619995,0.0,0.0,0,True,True,True,
42,dp_sgd_lr0p50,dp_sgd,6f5bfa6c60eeb2ad400161beec4006ab7b7da4908d9989b6db2c608560d2f56e,630,3,0.3677052855491638,0.5,,,0.24609375,0.03240758751139466,1.892802601019943,1.8930788898309838,1.8930788898309838,3411.279016684951,3411.279016684951,0.017084305877441825,0.017084305877441825,1.0,1.0,0.00029314517931733385,0.00029314517938942446,0.0,0.0,1.0,0.5,0.9465394449154919,0.01620379375569733,58.41468110048424,0.49999999999949996,0.0,0.0,0.0007160613313317299,0.0006068544462323189,0.006198257207870483,0.0,0.0,0,True,True,True,
42,dp_sgd_lr0p50,dp_sgd,6f5bfa6c60eeb2ad400161beec4006ab7b7da4908d9989b6db2c608560d2f56e,631,3,0.3763599991798401,0.5,,,0.21875,0.036160675423369405,1.896689907558408,1.897131245353955,1.897131245353955,2751.1837563488843,2751.1837563488843,0.021733847363237278,0.021733847363237278,1.0,1.0,0.00036347990094346376,0.0003634799008978993,0.0,0.0,1.0,0.5,0.9485656226769775,0.018080337711684703,52.46393279543049,0.49999999999949996,0.0,0.0,0.0005652559921145439,0.0005412483587861061,0.005927375517785549,0.0,0.0,0,True,True,True,
42,dp_sgd_lr0p50,dp_sgd,6f5bfa6c60eeb2ad400161beec4006ab7b7da4908d9989b6db2c608560d2f56e,632,3,0.8392219543457031,0.5,,,0.2421875,0.045532207404764186,1.9030375435724518,1.9036735378932115,1.9036735378932115,1746.8567861899398,1746.8567861899398,0.025924714311123583,0.025924714311123583,1.0,1.0,0.0005724567734590701,0.0005724567732996617,0.0,0.0,1.0,0.5,0.9518367689466057,0.022766103702382093,41.809383869458635,0.49999999999949996,0.0,0.0,0.0007020803168416023,0.0006068674847483635,0.00623317901045084,0.0,0.0,0,True,True,True,
42,dp_sgd_lr0p50,dp_sgd,6f5bfa6c60eeb2ad400161beec4006ab7b7da4908d9989b6db2c608560d2f56e,633,3,0.29273244738578796,0.5,,,0.2109375,0.03697565020939381,1.901944677563949,1.9024692358987594,1.9024692358987594,2645.8433083817376,2645.8433083817376,0.023902437749438683,0.023902437749438683,1.0,1.0,0.000377951330715773,0.0003779513307895411,0.0,0.0,1.0,0.5,0.9512346179493797,0.018487825104696903,51.45194810698761,0.49999999999949996,0.0,0.0,0.0007179891690611839,0.000621110200881958,0.006245695054531097,0.0,0.0,0,True,True,True,
42,dp_sgd_lr0p50,dp_sgd,6f5bfa6c60eeb2ad400161beec4006ab7b7da4908d9989b6db2c608560d2f56e,634,3,0.2926153540611267,0.5,,,0.22265625,0.060751113726126287,1.9000770305650831,1.9011592777472872,1.9011592777472872,978.2141205251871,978.2141205251871,0.03378675799688965,0.03378675799688965,1.0,1.0,0.0010222710741405858,0.001022271073935978,0.0,0.0,1.0,0.5,0.9505796388736436,0.030375556863063143,31.294229209613597,0.49999999999949996,0.0,0.0,0.0005627898499369621,0.0004864810034632683,0.006308164447546005,0.0,0.0,0,True,True,True,
42,dp_sgd_lr0p50,dp_sgd,6f5bfa6c60eeb2ad400161beec4006ab7b7da4908d9989b6db2c608560d2f56e,635,3,0.6199639439582825,0.5,,,0.2265625,0.04835069635693781,1.8981640501385306,1.8988333934381871,1.8988333934381871,1541.2107199807347,1541.2107199807347,0.026572753815105724,0.026572753815105724,1.0,1.0,0.0006488405424434552,0.0006488405424360883,0.0,0.0,1.0,0.5,0.9494166967190936,0.024175348178468906,39.27210022668434,0.49999999999949996,0.0,0.0,0.0007769297808408737,0.000683685764670372,0.006372642703354359,0.0,0.0,0,True,True,True,
42,dp_sgd_lr0p50,dp_sgd,6f5bfa6c60eeb2ad400161beec4006ab7b7da4908d9989b6db2c608560d2f56e,636,3,0.41045859456062317,0.5,,,0.1953125,0.023105044985213687,1.8974225961795264,1.8975732075402076,1.8975732075402076,6743.952439082651,6743.952439082651,0.01260634101321983,0.01260634101321983,1.0,1.0,0.00014828099799922938,0.00014828099801590677,0.0,0.0,1.0,0.5,0.9487866037701038,0.011552522492606843,82.12808971332119,0.49999999999949996,0.0,0.0,0.0005592145025730133,0.00048149842768907547,0.006606493145227432,0.0,0.0,0,True,True,True,
42,dp_sgd_lr0p50,dp_sgd,6f5bfa6c60eeb2ad400161beec4006ab7b7da4908d9989b6db2c608560d2f56e,637,3,0.5062566995620728,0.5,,,0.2890625,0.035099913059925075,1.8978662338586916,1.8982231258045097,1.8982231258045097,2923.6078294972176,2923.6078294972176,0.01941239659575717,0.01941239659575717,1.0,1.0,0.0003420431389937856,0.0003420431389155144,0.0,0.0,1.0,0.5,0.9491115629022548,0.017549956529962538,54.080564885034526,0.49999999999949996,0.0,0.0,0.000611533410847187,0.0005472470074892044,0.005977279506623745,0.0,0.0,0,True,True,True,
42,dp_sgd_lr0p50,dp_sgd,6f5bfa6c60eeb2ad400161beec4006ab7b7da4908d9989b6db2c608560d2f56e,638,3,0.3663412034511566,0.5,,,0.2109375,0.035540775022327435,1.8947096914003418,1.8949981724659668,1.8949981724659668,2842.04902136342,2842.04902136342,0.01749380860028355,0.01749380860028355,1.0,1.0,0.00035185881442970903,0.000351858814443549,0.0,0.0,1.0,0.5,0.9474990862329834,0.017770387511163718,53.31898843423794,0.49999999999949996,0.0,0.0,0.0006723180413246155,0.000584249384701252,0.006002476438879967,0.0,0.0,0,True,True,True,
42,dp_sgd_lr0p50,dp_sgd,6f5bfa6c60eeb2ad400161beec4006ab7b7da4908d9989b6db2c608560d2f56e,639,3,0.49263638257980347,0.5,,,0.22265625,0.05946460735103708,1.8944323055214332,1.8956843782820052,1.8956843782820052,1014.9416406026298,1014.9416406026298,0.036733016520303995,0.036733016520303995,1.0,1.0,0.0009852783250898652,0.0009852783249784684,0.0,0.0,1.0,0.5,0.9478421891410026,0.02973230367551854,31.87920449936656,0.49999999999949996,0.0,0.0,0.0006682593375444412,0.0005827555432915688,0.005982378497719765,0.0,0.0,0,True,True,True,
42,dp_sgd_lr0p50,dp_sgd,6f5bfa6c60eeb2ad400161beec4006ab7b7da4908d9989b6db2c608560d2f56e,640,3,0.5590610504150391,0.5,,,0.25390625,0.05157690415415921,1.892391825966206,1.89323020700203,1.89323020700203,1346.206197905417,1346.206197905417,0.029872774256705932,0.029872774256705932,1.0,1.0,0.0007428282540815228,0.0007428282538600419,0.0,0.0,1.0,0.5,0.946615103501015,0.025788452077079606,36.70693768803772,0.49999999999949996,0.0,0.0,0.0006733275949954987,0.0005891211330890656,0.006004241295158863,0.0,0.0,0,True,True,True,
42,dp_sgd_lr0p50,dp_sgd,6f5bfa6c60eeb2ad400161beec4006ab7b7da4908d9989b6db2c608560d2f56e,641,3,0.49319973587989807,0.5,,,0.2265625,0.035053387965727795,1.9007344969534303,1.9010336463772723,1.9010336463772723,2940.240898653686,2940.240898653686,0.01775299736306077,0.01775299736306077,1.0,1.0,0.0003401081862522808,0.00034010818617756885,0.0,0.0,1.0,0.5,0.9505168231886362,0.017526693982863897,54.232522349265516,0.49999999999949996,0.0,0.0,0.0005826912820339203,0.00048507656902074814,0.0060252845287323,0.0,0.0,0,True,True,True,
42,dp_sgd_lr0p50,dp_sgd,6f5bfa6c60eeb2ad400161beec4006ab7b7da4908d9989b6db2c608560d2f56e,642,3,0.7026524543762207,0.5,,,0.2421875,0.05579152229779657,1.896336654317739,1.897132832811085,1.897132832811085,1155.2991560406135,1155.2991560406135,0.028971774073011314,0.028971774073011314,1.0,1.0,0.0008655766728901709,0.0008655766727244877,0.0,0.0,1.0,0.5,0.9485664164055425,0.027895761148898284,34.00396251274188,0.49999999999949996,0.0,0.0,0.0007929792627692223,0.0006686914712190628,0.0065142083913087845,0.0,0.0,0,True,True,True,
42,dp_sgd_lr0p50,dp_sgd,6f5bfa6c60eeb2ad400161beec4006ab7b7da4908d9989b6db2c608560d2f56e,643,3,0.38409531116485596,0.5,,,0.24609375,0.05786740550488122,1.8985400028503134,1.8991994935994918,1.8991994935994918,1076.3945302283428,1076.3945302283428,0.02662928858297714,0.02662928858297714,1.0,1.0,0.0009290273887669764,0.0009290273890522224,0.0,0.0,1.0,0.5,0.9495997467997459,0.02893370275244061,32.819848703492525,0.49999999999949996,0.0,0.0,0.0005677882581949234,0.0004894565790891647,0.006347138434648514,0.0,0.0,0,True,True,True,
42,dp_sgd_lr0p50,dp_sgd,6f5bfa6c60eeb2ad400161beec4006ab7b7da4908d9989b6db2c608560d2f56e,644,3,0.4153868556022644,0.5,,,0.17578125,0.028594795225166985,1.8971194015706556,1.897364592783819,1.897364592783819,4401.648404147414,4401.648404147414,0.0161095238987917,0.0161095238987917,1.0,1.0,0.00022718761403897738,0.0002271876140787183,0.0,0.0,1.0,0.5,0.9486822963919095,0.014297397612583492,66.35349467308633,0.49999999999949996,0.0,0.0,0.000754806213080883,0.0006384868174791336,0.0063862670212984085,0.0,0.0,0,True,True,True,
42,dp_sgd_lr0p50,dp_sgd,6f5bfa6c60eeb2ad400161beec4006ab7b7da4908d9989b6db2c608560d2f56e,645,3,0.4270661473274231,0.5,,,0.21484375,0.03163298671539231,1.8952178558642663,1.8954582284021384,1.8954582284021384,3589.532423336009,3589.532423336009,0.01594272853996308,0.01594272853996308,1.0,1.0,0.00027858781620114064,0.0002785878162347501,0.0,0.0,1.0,0.5,0.9477291142010692,0.015816493357696155,59.92030551323142,0.49999999999949996,0.0,0.0,0.0005620988085865974,0.00048454105854034424,0.006389059126377106,0.0,0.0,0,True,True,True,
42,dp_sgd_lr0p50,dp_sgd,6f5bfa6c60eeb2ad400161beec4006ab7b7da4908d9989b6db2c608560d2f56e,646,3,0.45244109630584717,0.5,,,0.2578125,0.04431896255114731,1.9021745267589225,1.9027587770429735,1.9027587770429735,1842.1354133822324,1842.1354133822324,0.024826802237395515,0.024826802237395515,1.0,1.0,0.0005428482576395206,0.0005428482575920254,0.0,0.0,1.0,0.5,0.9513793885214867,0.022159481275573656,42.933287862079005,0.49999999999949996,0.0,0.0,0.0007695881649851799,0.0006778966635465622,0.006291083991527557,0.0,0.0,0,True,True,True,
42,dp_sgd_lr0p50,dp_sgd,6f5bfa6c60eeb2ad400161beec4006ab7b7da4908d9989b6db2c608560d2f56e,647,3,0.6579208374023438,0.5,,,0.24609375,0.04615343259245808,1.8951680497553176,1.8956424680368593,1.8956424680368593,1686.115958505799,1686.115958505799,0.022451428060554182,0.022451428060554182,1.0,1.0,0.0005930790195571412,0.0005930790196044157,0.0,0.0,1.0,0.5,0.9478212340184297,0.02307671629622904,41.072621503443294,0.49999999999949996,0.0,0.0,0.0005643507465720177,0.0004931548610329628,0.0066649820655584335,0.0,0.0,0,True,True,True,
42,dp_sgd_lr0p50,dp_sgd,6f5bfa6c60eeb2ad400161beec4006ab7b7da4908d9989b6db2c608560d2f56e,648,3,0.380083292722702,0.5,,,0.2578125,0.04041071992948595,1.9009335772696858,1.901311789621095,1.901311789621095,2212.792589859109,2212.792589859109,0.019985340465652313,0.019985340465652313,1.0,1.0,0.0004519176374551373,0.0004519176374396745,0.0,0.0,1.0,0.5,0.9506558948105475,0.020205359964742976,47.04968861838294,0.49999999999949996,0.0,0.0,0.0007009999826550484,0.0006121201440691948,0.006220736540853977,0.0,0.0,0,True,True,True,
42,dp_sgd_lr0p50,dp_sgd,6f5bfa6c60eeb2ad400161beec4006ab7b7da4908d9989b6db2c608560d2f56e,649,3,0.3811708688735962,0.5,,,0.2578125,0.046514272409027654,1.8972127844043831,1.8979486344169354,1.8979486344169354,1663.641022730145,1663.641022730145,0.02807063710071902,0.02807063710071902,1.0,1.0,0.0006010912125119748,0.0006010912124034644,0.0,0.0,1.0,0.5,0.9489743172084677,0.023257136204513827,40.80357567770893,0.49999999999949996,0.0,0.0,0.0006978325545787811,0.0006443262100219727,0.0062567973509430885,0.0,0.0,0,True,True,True,
42,dp_sgd_lr0p50,dp_sgd,6f5bfa6c60eeb2ad400161beec4006ab7b7da4908d9989b6db2c608560d2f56e,650,3,0.8472929000854492,0.5,,,0.25390625,0.055232020991959035,1.894712025567307,1.895515504560765,1.895515504560765,1176.805131404249,1176.805131404249,0.029113386211146033,0.029113386211146033,1.0,1.0,0.0008497583609944342,0.0008497583610549928,0.0,0.0,1.0,0.5,0.9477577522803825,0.027616010495979518,34.31914078914632,0.49999999999949996,0.1174852391704917,0.0,0.0005734190344810486,0.00049600750207901,0.006049446761608124,0.0,0.0,0,True,True,True,
42,dp_sgd_lr0p50,dp_sgd,6f5bfa6c60eeb2ad400161beec4006ab7b7da4908d9989b6db2c608560d2f56e,651,3,0.709040105342865,0.5,,,0.24609375,0.04725871041608861,1.8960519086767393,1.8967772683582027,1.8967772683582027,1609.669490756448,1609.669490756448,0.027803396417382973,0.027803396417382973,1.0,1.0,0.0006212455446875813,0.0006212455448123566,0.0,0.0,1.0,0.5,0.9483886341791014,0.023629355208044305,40.136035274297235,0.49999999999949996,0.0,0.0,0.0007357727736234665,0.0006426963955163956,0.006435940973460674,0.0,0.0,0,True,True,True,
42,dp_sgd_lr0p50,dp_sgd,6f5bfa6c60eeb2ad400161beec4006ab7b7da4908d9989b6db2c608560d2f56e,652,3,0.6765592694282532,0.5,,,0.21484375,0.03753999270338809,1.8970013670728831,1.8973005357248018,1.8973005357248018,2553.565014963435,2553.565014963435,0.017861704475227502,0.017861704475227502,1.0,1.0,0.00039160937490539857,0.0003916093748081676,0.0,0.0,1.0,0.5,0.9486502678624009,0.018769996351694046,50.54078061801231,0.49999999999949996,0.0,0.0,0.0005891472101211548,0.0004803519695997238,0.005901224911212921,0.0,0.0,0,True,True,True,
42,dp_sgd_lr0p50,dp_sgd,6f5bfa6c60eeb2ad400161beec4006ab7b7da4908d9989b6db2c608560d2f56e,653,3,0.3875265121459961,0.5,,,0.2265625,0.04615046135469511,1.896882026811742,1.8973964411338589,1.8973964411338589,1689.3846705348574,1689.3846705348574,0.0233064732211388,0.0233064732211388,1.0,1.0,0.0005919314984748913,0.0005919314984651674,0.0,0.0,1.0,0.5,0.9486982205669294,0.023075230677347555,41.11327135971526,0.49999999999949996,0.0,0.0,0.0007298141717910767,0.0006536291912198067,0.006417224183678627,0.0,0.0,0,True,True,True,
42,dp_sgd_lr0p50,dp_sgd,6f5bfa6c60eeb2ad400161beec4006ab7b7da4908d9989b6db2c608560d2f56e,654,3,0.3004266023635864,0.5,,,0.2421875,0.03302178137124369,1.896845606548127,1.8969889891166067,1.8969889891166067,3299.612727664484,3299.612727664484,0.013045631928031232,0.013045631928031232,1.0,1.0,0.0003030658691241243,0.0003030658690785469,0.0,0.0,1.0,0.5,0.9484944945583034,0.016510890685621844,57.4465976766979,0.49999999999949996,0.0,0.0,0.0007033059373497963,0.0005838014185428619,0.006027488969266415,0.0,0.0,0,True,True,True,
42,dp_sgd_lr0p50,dp_sgd,6f5bfa6c60eeb2ad400161beec4006ab7b7da4908d9989b6db2c608560d2f56e,655,3,0.5774092078208923,0.5,,,0.2421875,0.039468976787950444,1.9052022654060434,1.9055851325395907,1.9055851325395907,2330.0779111090706,2330.0779111090706,0.020055613584801492,0.020055613584801492,1.0,1.0,0.0004291701983826857,0.00042917019851254634,0.0,0.0,1.0,0.5,0.9527925662697954,0.019734488393975222,48.2805810416851,0.49999999999949996,0.0,0.0,0.0005727382376790047,0.0004878789186477661,0.006215479224920273,0.0,0.0,0,True,True,True,
42,dp_sgd_lr0p50,dp_sgd,6f5bfa6c60eeb2ad400161beec4006ab7b7da4908d9989b6db2c608560d2f56e,656,3,0.16665711998939514,0.5,,,0.1796875,0.023595464657825704,1.8949751231923935,1.8950833904976951,1.8950833904976951,6449.855082857623,6449.855082857623,0.010813790718926889,0.010813790718926889,1.0,1.0,0.00015504224286548124,0.00015504224295454118,0.0,0.0,1.0,0.5,0.9475416952488476,0.011797732328912852,80.31557834605042,0.49999999999949996,0.0,0.0,0.0007906435057520866,0.0006746258586645126,0.006620666012167931,0.0,0.0,0,True,True,True,
42,dp_sgd_lr0p50,dp_sgd,6f5bfa6c60eeb2ad400161beec4006ab7b7da4908d9989b6db2c608560d2f56e,657,3,0.5907570123672485,0.5,,,0.22265625,0.03535830845014768,1.897398325952824,1.8976564732474581,1.8976564732474581,2879.6126028804647,2879.6126028804647,0.01661670741084181,0.01661670741084181,1.0,1.0,0.00034726893409188465,0.0003472689342290101,0.0,0.0,1.0,0.5,0.9488282366237291,0.01767915422507384,53.66932289240193,0.49999999999949996,0.0,0.0,0.0005588121712207794,0.00048668868839740753,0.006318959407508373,0.0,0.0,0,True,True,True,
42,dp_sgd_lr0p50,dp_sgd,6f5bfa6c60eeb2ad400161beec4006ab7b7da4908d9989b6db2c608560d2f56e,658,3,0.36417052149772644,0.5,,,0.23046875,0.04555061186650482,1.9033474371891979,1.9037972456777486,1.9037972456777486,1746.0139650030308,1746.0139650030308,0.02183684420414305,0.02183684420414305,1.0,1.0,0.0005727331049817963,0.0005727331049349913,0.0,0.0,1.0,0.5,0.9518986228388743,0.02277530593325241,41.79520686074683,0.49999999999949996,0.0,0.0,0.0007835067808628082,0.0006721951067447662,0.006241929717361927,0.0,0.0,0,True,True,True,
42,dp_sgd_lr0p50,dp_sgd,6f5bfa6c60eeb2ad400161beec4006ab7b7da4908d9989b6db2c608560d2f56e,659,3,0.506695032119751,0.5,,,0.2265625,0.049265141337999446,1.900656831501665,1.9011595206715834,1.9011595206715834,1488.428425908055,1488.428425908055,0.023159004478208817,0.023159004478208817,1.0,1.0,0.0006718495711190309,0.0006718495713224164,0.0,0.0,1.0,0.5,0.9505797603357917,0.024632570668999723,38.590359612507406,0.49999999999949996,0.0,0.0,0.0005600135773420334,0.0004788227379322052,0.0066492073237895966,0.0,0.0,0,True,True,True,
42,dp_sgd_lr0p50,dp_sgd,6f5bfa6c60eeb2ad400161beec4006ab7b7da4908d9989b6db2c608560d2f56e,660,3,0.34734785556793213,0.5,,,0.25,0.043882157721566686,1.8955050007988703,1.8959088190040998,1.8959088190040998,1865.8379442062844,1865.8379442062844,0.020774207985514787,0.020774207985514787,1.0,1.0,0.0005359522259613005,0.0005359522260928161,0.0,0.0,1.0,0.5,0.9479544095020499,0.021941078860783343,43.20454866753081,0.49999999999949996,0.0,0.0,0.0007287841290235519,0.0006354432553052902,0.006125590763986111,0.0,0.0,0,True,True,True,
42,dp_sgd_lr0p50,dp_sgd,6f5bfa6c60eeb2ad400161beec4006ab7b7da4908d9989b6db2c608560d2f56e,661,3,0.6272422075271606,0.5,,,0.2890625,0.05107468775371953,1.8996243053909394,1.900366332322003,1.900366332322003,1383.3242640319063,1383.3242640319063,0.027963551467112213,0.027963551467112213,1.0,1.0,0.0007228963053837635,0.0007228963054834586,0.0,0.0,1.0,0.5,0.9501831661610015,0.025537343876859766,37.20759569615172,0.49999999999949996,0.0,0.0,0.000560760498046875,0.00048641953617334366,0.006393985822796822,0.0,0.0,0,True,True,True,
42,dp_sgd_lr0p50,dp_sgd,6f5bfa6c60eeb2ad400161beec4006ab7b7da4908d9989b6db2c608560d2f56e,662,3,0.441699743270874,0.5,,,0.24609375,0.051879501358866355,1.89885495140806,1.8996554642574384,1.8996554642574384,1339.6519981592235,1339.6519981592235,0.029081959404510593,0.029081959404510593,1.0,1.0,0.0007464625148936074,0.0007464625150501418,0.0,0.0,1.0,0.5,0.9498277321287192,0.025939750679433177,36.61668702333332,0.49999999999949996,0.0,0.0,0.0007330533117055893,0.0006421143189072609,0.006321507506072521,0.0,0.0,0,True,True,True,
42,dp_sgd_lr0p50,dp_sgd,6f5bfa6c60eeb2ad400161beec4006ab7b7da4908d9989b6db2c608560d2f56e,663,3,0.5187129378318787,0.5,,,0.2578125,0.04654719538778294,1.8956331640081432,1.8963494451397838,1.8963494451397838,1658.5232301797275,1658.5232301797275,0.02765821300866502,0.02765821300866502,1.0,1.0,0.0006029460313497157,0.0006029460313189507,0.0,0.0,1.0,0.5,0.9481747225698919,0.02327359769389147,40.74035888220305,0.49999999999949996,0.0,0.0,0.0005607055500149727,0.00048748496919870377,0.006604784168303013,0.0,0.0,0,True,True,True,
42,dp_sgd_lr0p50,dp_sgd,6f5bfa6c60eeb2ad400161beec4006ab7b7da4908d9989b6db2c608560d2f56e,664,3,0.26996031403541565,0.5,,,0.21875,0.060514163965583484,1.8981252609921289,1.899126555542275,1.899126555542275,983.8653426499422,983.8653426499422,0.032474191498226876,0.032474191498226876,1.0,1.0,0.0010163992534112905,0.0010163992532264252,0.0,0.0,1.0,0.5,0.9495632777711375,0.030257081982791742,31.383174302128808,0.49999999999949996,0.0,0.0,0.0007011173292994499,0.0006257994100451469,0.006136124022305012,0.0,0.0,0,True,True,True,
42,dp_sgd_lr0p50,dp_sgd,6f5bfa6c60eeb2ad400161beec4006ab7b7da4908d9989b6db2c608560d2f56e,665,3,0.4495508074760437,0.5,,,0.27734375,0.05674603126179314,1.8959465784894993,1.896644301956497,1.896644301956497,1116.300723691048,1116.300723691048,0.02725287201800616,0.02725287201800616,1.0,1.0,0.0008958159557423504,0.0008958159558613126,0.0,0.0,1.0,0.5,0.9483221509782485,0.02837301563089657,33.423382388446484,0.49999999999949996,0.0,0.0,0.0006966963410377502,0.0006052758544683456,0.006183190271258354,0.0,0.0,0,True,True,True,
42,dp_sgd_lr0p50,dp_sgd,6f5bfa6c60eeb2ad400161beec4006ab7b7da4908d9989b6db2c608560d2f56e,666,3,0.4908525347709656,0.5,,,0.22265625,0.04094850324714849,1.8979509444490867,1.8981809443234474,1.8981809443234474,2148.2949231006205,2148.2949231006205,0.016402716193731,0.016402716193731,1.0,1.0,0.0004654854362175038,0.0004654854361157133,0.0,0.0,1.0,0.5,0.9490904721617237,0.020474251623574247,46.355319333019075,0.49999999999949996,0.0,0.0,0.0006914157420396805,0.0005892263725399971,0.006019420921802521,0.0,0.0,0,True,True,True,
42,dp_sgd_lr0p50,dp_sgd,6f5bfa6c60eeb2ad400161beec4006ab7b7da4908d9989b6db2c608560d2f56e,667,3,0.3730742335319519,0.5,,,0.2109375,0.039899890506763944,1.896312141181263,1.8966661946350951,1.8966661946350951,2258.7920118823754,2258.7920118823754,0.019391143458285416,0.019391143458285416,1.0,1.0,0.00044271451028296614,0.0004427145101721821,0.0,0.0,1.0,0.5,0.9483330973175476,0.019949945253381972,47.535624044344075,0.49999999999949996,0.0,0.0,0.0005620382726192474,0.0004875399172306061,0.006167610175907612,0.0,0.0,0,True,True,True,
42,dp_sgd_lr0p50,dp_sgd,6f5bfa6c60eeb2ad400161beec4006ab7b7da4908d9989b6db2c608560d2f56e,668,3,0.36356571316719055,0.5,,,0.21484375,0.03581345414473046,1.8970701334242566,1.89732718595029,1.89732718595029,2805.913982429309,2805.913982429309,0.016614924389777713,0.016614924389777713,1.0,1.0,0.00035639011227075334,0.00035639011216014347,0.0,0.0,1.0,0.5,0.948663592975145,0.01790672707236523,52.97805618460581,0.49999999999949996,0.0,0.0,0.0007976191118359566,0.0006702495738863945,0.0065973373129963875,0.0,0.0,0,True,True,True,
42,dp_sgd_lr0p50,dp_sgd,6f5bfa6c60eeb2ad400161beec4006ab7b7da4908d9989b6db2c608560d2f56e,669,3,0.23373740911483765,0.5,,,0.19140625,0.04796685776505758,1.894453817630241,1.8951372775112223,1.8951372775112223,1559.8595861843826,1559.8595861843826,0.026901262576913675,0.026901262576913675,1.0,1.0,0.000641083343925348,0.0006410833439692707,0.0,0.0,1.0,0.5,0.9475686387556111,0.02398342888252879,39.509306336358655,0.49999999999949996,0.0,0.0,0.0005780570209026337,0.00048576854169368744,0.006362556479871273,0.0,0.0,0,True,True,True,
42,dp_sgd_lr0p50,dp_sgd,6f5bfa6c60eeb2ad400161beec4006ab7b7da4908d9989b6db2c608560d2f56e,670,3,0.6509150862693787,0.5,,,0.26171875,0.05194002734431698,1.8963990262673773,1.8970884527201735,1.8970884527201735,1333.0765819706721,1333.0765819706721,0.02696050354329985,0.02696050354329985,1.0,1.0,0.0007501444501791158,0.0007501444500967679,0.0,0.0,1.0,0.5,0.9485442263600867,0.02597001367215849,36.52459479990425,0.49999999999949996,0.0,0.0,0.0007698927074670792,0.00067092664539814,0.006315249018371105,0.0,0.0,0,True,True,True,
42,dp_sgd_lr0p50,dp_sgd,6f5bfa6c60eeb2ad400161beec4006ab7b7da4908d9989b6db2c608560d2f56e,671,3,0.6853676438331604,0.5,,,0.26953125,0.0442813269657899,1.8954091751780768,1.895916874847141,1.895916874847141,1832.1655100310709,1832.1655100310709,0.02314186392550286,0.02314186392550286,1.0,1.0,0.0005458022182028612,0.0005458022182482131,0.0,0.0,1.0,0.5,0.9479584374235706,0.02214066348289495,42.815267849272566,0.49999999999949996,0.0,0.0,0.000571482814848423,0.00048533733934164047,0.006699562072753906,0.0,0.0,0,True,True,True,
42,dp_sgd_lr0p50,dp_sgd,6f5bfa6c60eeb2ad400161beec4006ab7b7da4908d9989b6db2c608560d2f56e,672,3,0.38696902990341187,0.5,,,0.22265625,0.02459573726146099,1.8970018514960976,1.8970740689042525,1.8970740689042525,5948.6144061453615,5948.6144061453615,0.009418665219807708,0.009418665219807708,1.0,1.0,0.00016810637403453471,0.00016810637399379948,0.0,0.0,1.0,0.5,0.9485370344521262,0.012297868630730496,77.13019734206192,0.49999999999949996,0.0,0.0,0.0006629079580307007,0.0005834326148033142,0.006001277826726437,0.0,0.0,0,True,True,True,
42,dp_sgd_lr0p50,dp_sgd,6f5bfa6c60eeb2ad400161beec4006ab7b7da4908d9989b6db2c608560d2f56e,673,3,0.5685949325561523,0.5,,,0.234375,0.03282304501882295,1.8958820215276526,1.8961538281389085,1.8961538281389085,3336.298338593371,3336.298338593371,0.016935539345881337,0.016935539345881337,1.0,1.0,0.0002997333864012695,0.00029973338634335834,0.0,0.0,1.0,0.5,0.9480769140694543,0.016411522509411476,57.76897990226038,0.49999999999949996,0.0,0.0,0.0006871223449707031,0.0006091203540563583,0.00619085505604744,0.0,0.0,0,True,True,True,
42,dp_sgd_lr0p50,dp_sgd,6f5bfa6c60eeb2ad400161beec4006ab7b7da4908d9989b6db2c608560d2f56e,674,3,0.7443866729736328,0.5,,,0.2890625,0.04415427771207047,1.901023207931868,1.9016541389917128,1.9016541389917128,1853.6565397287902,1853.6565397287902,0.025896308893062995,0.025896308893062995,1.0,1.0,0.0005394742650831682,0.0005394742650249864,0.0,0.0,1.0,0.5,0.9508270694958564,0.022077138856035235,43.06840101215652,0.49999999999949996,0.0,0.0,0.0007373606786131859,0.0006170952692627907,0.006260997615754604,0.0,0.0,0,True,True,True,
42,dp_sgd_lr0p50,dp_sgd,6f5bfa6c60eeb2ad400161beec4006ab7b7da4908d9989b6db2c608560d2f56e,675,3,0.4871608018875122,0.5,,,0.171875,0.0243141148610091,1.8974526597092523,1.8976004036442966,1.8976004036442966,6090.107657532306,6090.107657532306,0.012482773600190672,0.012482773600190672,1.0,1.0,0.0001642007095016406,0.00016420070953312903,0.0,0.0,1.0,0.5,0.9488002018221483,0.01215705743050455,78.04521835714692,0.49999999999949996,0.0,0.0,0.0005716197192668915,0.0004861569032073021,0.0062493449077010155,0.0,0.0,0,True,True,True,
42,dp_sgd_lr0p50,dp_sgd,6f5bfa6c60eeb2ad400161beec4006ab7b7da4908d9989b6db2c608560d2f56e,676,3,0.40879642963409424,0.5,,,0.25390625,0.05442072811899649,1.8984302362341443,1.8990940889755734,1.8990940889755734,1216.9159633681427,1216.9159633681427,0.026524471094229677,0.026524471094229677,1.0,1.0,0.0008217494303339564,0.0008217494302343983,0.0,0.0,1.0,0.5,0.9495470444877867,0.027210364059498244,34.896521133514,0.49999999999949996,0.0,0.0,0.0005817180499434471,0.0004851408302783966,0.006824770011007786,0.0,0.0,0,True,True,True,
42,dp_sgd_lr0p50,dp_sgd,6f5bfa6c60eeb2ad400161beec4006ab7b7da4908d9989b6db2c608560d2f56e,677,3,0.5547885894775391,0.5,,,0.24609375,0.04282336287491625,1.900079590418953,1.9004076017713214,1.9004076017713214,1968.7113624348872,1968.7113624348872,0.018925863479957387,0.018925863479957387,1.0,1.0,0.0005079464763273509,0.0005079464763714131,0.0,0.0,1.0,0.5,0.9502038008856607,0.021411681437458124,44.377822620645425,0.49999999999949996,0.0,0.0,0.0007054368034005165,0.0006378544494509697,0.006246834062039852,0.0,0.0,0,True,True,True,
42,dp_sgd_lr0p50,dp_sgd,6f5bfa6c60eeb2ad400161beec4006ab7b7da4908d9989b6db2c608560d2f56e,678,3,0.5503922700881958,0.5,,,0.19140625,0.03914205668255954,1.8942770571157932,1.8946248297976516,1.8946248297976516,2342.069158926757,2342.069158926757,0.019213834318390004,0.019213834318390004,1.0,1.0,0.0004269728737665749,0.0004269728738136239,0.0,0.0,1.0,0.5,0.9473124148988258,0.01957102834127977,48.40381396067593,0.49999999999949996,0.0,0.0,0.0005690306425094604,0.0004851957783102989,0.005914711393415928,0.0,0.0,0,True,True,True,
42,dp_sgd_lr0p50,dp_sgd,6f5bfa6c60eeb2ad400161beec4006ab7b7da4908d9989b6db2c608560d2f56e,679,3,0.35646480321884155,0.5,,,0.25,0.04236343252652992,1.9011724303849824,1.9016030122225136,1.9016030122225136,2014.0058681665455,2014.0058681665455,0.021301721091513244,0.021301721091513244,1.0,1.0,0.0004965228827028528,0.000496522882689638,0.0,0.0,1.0,0.5,0.9508015061112568,0.02118171626326496,44.88784073249652,0.49999999999949996,0.0,0.0,0.000725284218788147,0.0006322665140032768,0.006457943469285965,0.0,0.0,0,True,True,True,
42,dp_sgd_lr0p50,dp_sgd,6f5bfa6c60eeb2ad400161beec4006ab7b7da4908d9989b6db2c608560d2f56e,680,3,0.7792000770568848,0.5,,,0.2109375,0.043881547736800704,1.9019900441490074,1.902528201364832,1.902528201364832,1878.679101329169,1878.679101329169,0.023794557109131555,0.023794557109131555,1.0,1.0,0.0005322888825307634,0.0005322888824082392,0.0,0.0,1.0,0.5,0.951264100682416,0.021940773868400352,43.355995843387014,0.49999999999949996,0.0,0.0,0.0006946204230189323,0.0005829865112900734,0.0060021039098501205,0.0,0.0,0,True,True,True,
42,dp_sgd_lr0p50,dp_sgd,6f5bfa6c60eeb2ad400161beec4006ab7b7da4908d9989b6db2c608560d2f56e,681,3,0.19016611576080322,0.5,,,0.21484375,0.031138219172611968,1.9016683826537837,1.9018732893046393,1.9018732893046393,3729.7698076127444,3729.7698076127444,0.014766393968300883,0.014766393968300883,1.0,1.0,0.0002681130607383013,0.000268113060772177,0.0,0.0,1.0,0.5,0.9509366446523196,0.015569109586305984,61.078421943130905,0.49999999999949996,0.0,0.0,0.0005645444616675377,0.0004975143820047379,0.006075723096728325,0.0,0.0,0,True,True,True,
42,dp_sgd_lr0p50,dp_sgd,6f5bfa6c60eeb2ad400161beec4006ab7b7da4908d9989b6db2c608560d2f56e,682,3,0.4249609708786011,0.5,,,0.203125,0.025251519923619875,1.898812945625951,1.898955775886424,1.898955775886424,5654.4363431603,5654.4363431603,0.012304881719994177,0.012304881719994177,1.0,1.0,0.00017685228690231069,0.00017685228686680008,0.0,0.0,1.0,0.5,0.949477887943212,0.012625759961809938,75.20164257359285,0.49999999999949996,0.0,0.0,0.0007868511602282524,0.0006873467937111855,0.006641539745032787,0.0,0.0,0,True,True,True,
42,dp_sgd_lr0p50,dp_sgd,6f5bfa6c60eeb2ad400161beec4006ab7b7da4908d9989b6db2c608560d2f56e,683,3,0.46817806363105774,0.5,,,0.23046875,0.029996218172690797,1.8997970145592211,1.899967575412058,1.899967575412058,4011.2653665792664,4011.2653665792664,0.013579699670608516,0.013579699670608516,1.0,1.0,0.0002492978916877577,0.00024929789172904374,0.0,0.0,1.0,0.5,0.949983787706029,0.014998109086345399,63.34023723747779,0.49999999999949996,0.0,0.0,0.0005659852176904678,0.0004875697195529938,0.0063685765489935875,0.0,0.0,0,True,True,True,
42,dp_sgd_lr0p50,dp_sgd,6f5bfa6c60eeb2ad400161beec4006ab7b7da4908d9989b6db2c608560d2f56e,684,3,0.4721965193748474,0.5,,,0.2421875,0.03213621309822396,1.8984848160950138,1.8987578663983322,1.8987578663983322,3489.9954318882383,3489.9954318882383,0.016958474221236697,0.016958474221236697,1.0,1.0,0.0002865333260595066,0.0002865333261177613,0.0,0.0,1.0,0.5,0.9493789331991661,0.01606810654911198,59.084679967631274,0.49999999999949996,0.0,0.0,0.0007589440792798996,0.0006677210330963135,0.006326712667942047,0.0,0.0,0,True,True,True,
42,dp_sgd_lr0p50,dp_sgd,6f5bfa6c60eeb2ad400161beec4006ab7b7da4908d9989b6db2c608560d2f56e,685,3,0.42986875772476196,0.5,,,0.1953125,0.03193929564303178,1.902130941112519,1.9023844589953256,1.9023844589953256,3546.7465172155703,3546.7465172155703,0.016331505290217204,0.016331505290217204,1.0,1.0,0.0002819485390809692,0.0002819485391216037,0.0,0.0,1.0,0.5,0.9511922294976628,0.01596964782151589,59.562505076446335,0.49999999999949996,0.0,0.0,0.0005632359534502029,0.0004888689145445824,0.006658212281763554,0.0,0.0,0,True,True,True,
42,dp_sgd_lr0p50,dp_sgd,6f5bfa6c60eeb2ad400161beec4006ab7b7da4908d9989b6db2c608560d2f56e,686,3,0.6410039663314819,0.5,,,0.2265625,0.03514065620143629,1.8981289105420731,1.898377022679536,1.898377022679536,2917.6397925862607,2917.6397925862607,0.01631552936281883,0.01631552936281883,1.0,1.0,0.0003427427887880209,0.0003427427886975396,0.0,0.0,1.0,0.5,0.949188511339768,0.017570328100718145,54.02224169319582,0.49999999999949996,0.0,0.0,0.0006738873198628426,0.0005957940593361855,0.006006993353366852,0.0,0.0,0,True,True,True,
42,dp_sgd_lr0p50,dp_sgd,6f5bfa6c60eeb2ad400161beec4006ab7b7da4908d9989b6db2c608560d2f56e,687,3,0.6088980436325073,0.5,,,0.265625,0.03158074037420922,1.9027490783800238,1.9030176687472546,1.9030176687472546,3630.098633522118,3630.098633522118,0.016801821155100493,0.016801821155100493,1.0,1.0,0.00027547460825514975,0.0002754746082221763,0.0,0.0,1.0,0.5,0.9515088343736273,0.01579037018710461,60.25880476763169,0.49999999999949996,0.0,0.0,0.0006919074803590775,0.0006107427179813385,0.0062313079833984375,0.0,0.0,0,True,True,True,
42,dp_sgd_lr0p50,dp_sgd,6f5bfa6c60eeb2ad400161beec4006ab7b7da4908d9989b6db2c608560d2f56e,688,3,0.5168945789337158,0.5,,,0.2265625,0.029278202204140426,1.8955748388844527,1.8958921585526316,1.8958921585526316,4191.7276622740865,4191.7276622740865,0.01855866289471588,0.01855866289471588,1.0,1.0,0.00023856511667807943,0.00023856511669731847,0.0,0.0,1.0,0.5,0.9479460792763158,0.014639101102070213,64.75439117484515,0.49999999999949996,0.0,0.0,0.0007197195664048195,0.0006097499281167984,0.0062295496463775635,0.0,0.0,0,True,True,True,
42,dp_sgd_lr0p50,dp_sgd,6f5bfa6c60eeb2ad400161beec4006ab7b7da4908d9989b6db2c608560d2f56e,689,3,0.4544057846069336,0.5,,,0.234375,0.028108569714246787,1.8965308390377456,1.896733107069098,1.896733107069098,4552.420001510708,4552.420001510708,0.01460530477988565,0.01460530477988565,1.0,1.0,0.00021966338747351932,0.00021966338744359355,0.0,0.0,1.0,0.5,0.948366553534549,0.014054284857123393,67.47881967017283,0.49999999999949996,0.0,0.0,0.0005633020773530006,0.0004887524992227554,0.006316419690847397,0.0,0.0,0,True,True,True,
42,dp_sgd_lr0p50,dp_sgd,6f5bfa6c60eeb2ad400161beec4006ab7b7da4908d9989b6db2c608560d2f56e,690,3,0.457378089427948,0.5,,,0.23828125,0.04573570902922842,1.8992448450398276,1.8997879789915604,1.8997879789915604,1724.4518794166647,1724.4518794166647,0.023910848488281154,0.023910848488281154,1.0,1.0,0.000579894406714282,0.0005798944067148881,0.0,0.0,1.0,0.5,0.9498939894957802,0.02286785451461421,41.53839569196101,0.49999999999949996,0.0,0.0,0.0007988791912794113,0.0006772866472601891,0.006756412796676159,0.0,0.0,0,True,True,True,
42,dp_sgd_lr0p50,dp_sgd,6f5bfa6c60eeb2ad400161beec4006ab7b7da4908d9989b6db2c608560d2f56e,691,3,0.35714778304100037,0.5,,,0.20703125,0.04684620883910596,1.8949881801467043,1.895654091471794,1.895654091471794,1636.304445863113,1636.304445863113,0.02656855477810941,0.02656855477810941,1.0,1.0,0.0006111332167264104,0.0006111332165842798,0.0,0.0,1.0,0.5,0.947827045735897,0.02342310441955298,40.465474973685,0.49999999999949996,0.0,0.0,0.0005806721746921539,0.0004915352910757065,0.005967738106846809,0.0,0.0,0,True,True,True,
42,dp_sgd_lr0p50,dp_sgd,6f5bfa6c60eeb2ad400161beec4006ab7b7da4908d9989b6db2c608560d2f56e,692,3,0.7611076831817627,0.5,,,0.26171875,0.029638466732363873,1.9025419441038314,1.9028095892273291,1.9028095892273291,4120.5673232939225,4120.5673232939225,0.01681777454061295,0.01681777454061295,1.0,1.0,0.00024268502863871537,0.00024268502864196206,0.0,0.0,1.0,0.5,0.9514047946136646,0.014819233366181937,64.20067563822879,0.49999999999949996,0.0,0.0,0.0007594060152769089,0.0006390223279595375,0.006399859674274921,0.0,0.0,0,True,True,True,
42,dp_sgd_lr0p50,dp_sgd,6f5bfa6c60eeb2ad400161beec4006ab7b7da4908d9989b6db2c608560d2f56e,693,3,0.5434368848800659,0.5,,,0.25,0.04632560916645855,1.9023349286115343,1.9030277559059898,1.9030277559059898,1686.287753998568,1686.287753998568,0.027124431622482556,0.027124431622482556,1.0,1.0,0.0005930185979009388,0.0005930185980555419,0.0,0.0,1.0,0.5,0.9515138779529949,0.023162804583229276,41.07938978170401,0.49999999999949996,0.0,0.0,0.0005667991936206818,0.0004863087087869644,0.006673329509794712,0.0,0.0,0,True,True,True,
42,dp_sgd_lr0p50,dp_sgd,6f5bfa6c60eeb2ad400161beec4006ab7b7da4908d9989b6db2c608560d2f56e,694,3,0.46768513321876526,0.5,,,0.2421875,0.0671353154015005,1.892407380318373,1.8933901145047127,1.8933901145047127,794.560916801988,794.560916801988,0.03236317695676609,0.03236317695676609,1.0,1.0,0.0012585567432673766,0.0012585567428219703,0.0,0.0,1.0,0.5,0.9466950572523564,0.03356765770075025,28.20259505932089,0.49999999999949996,0.0,0.0,0.0006992388516664505,0.0006468221545219421,0.00623435340821743,0.0,0.0,0,True,True,True,
42,dp_sgd_lr0p50,dp_sgd,6f5bfa6c60eeb2ad400161beec4006ab7b7da4908d9989b6db2c608560d2f56e,695,3,0.19576521217823029,0.5,,,0.2265625,0.03127292477750574,1.9008712754275405,1.9010437599765764,1.9010437599765764,3694.6084153580173,3694.6084153580173,0.013740407810027647,0.013740407810027647,1.0,1.0,0.00027066467851379083,0.00027066467855292034,0.0,0.0,1.0,0.5,0.9505218799882882,0.01563646238875287,60.78880608002479,0.49999999999949996,0.0,0.0,0.0005561280995607376,0.0004838276654481888,0.0066513484343886375,0.0,0.0,0,True,True,True,
42,dp_sgd_lr0p50,dp_sgd,6f5bfa6c60eeb2ad400161beec4006ab7b7da4908d9989b6db2c608560d2f56e,696,3,0.6791568994522095,0.5,,,0.23046875,0.039949790950327836,1.8980546348536151,1.898596909349598,1.898596909349598,2257.2953979042595,2257.2953979042595,0.02409283445419678,0.02409283445419678,1.0,1.0,0.0004430080353247432,0.00044300803545633383,0.0,0.0,1.0,0.5,0.949298454674799,0.019974895475163918,47.52457682732802,0.49999999999949996,0.0,0.0,0.0007163891568779945,0.0006073946133255959,0.0061847250908613205,0.0,0.0,0,True,True,True,
42,dp_sgd_lr0p50,dp_sgd,6f5bfa6c60eeb2ad400161beec4006ab7b7da4908d9989b6db2c608560d2f56e,697,3,0.564511775970459,0.5,,,0.21484375,0.05408671913238331,1.897670724254917,1.8982662582327872,1.8982662582327872,1231.006762855152,1231.006762855152,0.02525534446506937,0.02525534446506937,1.0,1.0,0.0008123432216883376,0.0008123432218458855,0.0,0.0,1.0,0.5,0.9491331291163936,0.027043359566191656,35.09671669151117,0.49999999999949996,0.0,0.0,0.0005926294252276421,0.00048582255840301514,0.0060387710109353065,0.0,0.0,0,True,True,True,
42,dp_sgd_lr0p50,dp_sgd,6f5bfa6c60eeb2ad400161beec4006ab7b7da4908d9989b6db2c608560d2f56e,698,3,0.7380756139755249,0.5,,,0.22265625,0.043070170092447804,1.8978947301772653,1.8982423991380137,1.8982423991380137,1941.7399491091971,1941.7399491091971,0.019416162588934898,0.019416162588934898,1.0,1.0,0.0005150020217276858,0.0005150020219151509,0.0,0.0,1.0,0.5,0.9491211995690069,0.021535085046223902,44.073250580979646,0.49999999999949996,0.0,0.0,0.0007657138630747795,0.0006704041734337807,0.006351890973746777,0.0,0.0,0,True,True,True,
42,dp_sgd_lr0p50,dp_sgd,6f5bfa6c60eeb2ad400161beec4006ab7b7da4908d9989b6db2c608560d2f56e,699,3,0.3847094476222992,0.5,0.4894957050800324,0.9174,0.23828125,0.03848106980313369,1.8932658797561415,1.8936800687428046,1.8936800687428046,2420.6329546860443,2420.6329546860443,0.02092266434104307,0.02092266434104307,1.0,1.0,0.00041311508933584144,0.00041311508931855,0.0,0.0,1.0,0.5,0.9468400343714023,0.019240534901566846,49.210691863098155,0.49999999999949996,0.0,0.0,0.0005649328231811523,0.0005521383136510849,0.006651952862739563,0.0,0.0,0,True,True,True,
42,dp_sgd_lr0p50,dp_sgd,6f5bfa6c60eeb2ad400161beec4006ab7b7da4908d9989b6db2c608560d2f56e,700,3,0.6914124488830566,0.5,,,0.2421875,0.033812083042280366,1.8908454871660185,1.8910716770944125,1.8910716770944125,3127.2905211774455,3127.2905211774455,0.01562914455010457,0.01562914455010457,1.0,1.0,0.0003197656221426207,0.00031976562202116636,0.0,0.0,1.0,0.5,0.9455358385472062,0.016906041521140183,55.928872368432955,0.49999999999949996,0.1206125384196639,0.0,0.0005983300507068634,0.0004891064018011093,0.0063669802621006966,0.0,0.0,0,True,True,True,
42,dp_sgd_lr0p50,dp_sgd,6f5bfa6c60eeb2ad400161beec4006ab7b7da4908d9989b6db2c608560d2f56e,701,3,0.5127959251403809,0.5,,,0.2734375,0.04515775240426543,1.9005898505257555,1.9012226440061297,1.9012226440061297,1771.3817874734914,1771.3817874734914,0.02588659830555885,0.02588659830555885,1.0,1.0,0.0005645310381877826,0.0005645310381661879,0.0,0.0,1.0,0.5,0.9506113220030649,0.022578876202132715,42.10179964010662,0.49999999999949996,0.0,0.0,0.0007346048951148987,0.0006380714476108551,0.006208590231835842,0.0,0.0,0,True,True,True,
42,dp_sgd_lr0p50,dp_sgd,6f5bfa6c60eeb2ad400161beec4006ab7b7da4908d9989b6db2c608560d2f56e,702,4,0.5854747295379639,0.5,,,0.28515625,0.05112041915681303,1.9048874884203042,1.9055554082877122,1.9055554082877122,1388.512667485843,1388.512667485843,0.026476850245507322,0.026476850245507322,1.0,1.0,0.0007201950857443379,0.0007201950857269854,0.0,0.0,1.0,0.5,0.9527777041438561,0.025560209578406514,37.2758173669865,0.49999999999949996,0.0,0.0,0.0007959473878145218,0.0006643189117312431,0.006566949188709259,0.0,0.0,0,True,True,True,
42,dp_sgd_lr0p50,dp_sgd,6f5bfa6c60eeb2ad400161beec4006ab7b7da4908d9989b6db2c608560d2f56e,703,4,0.29189199209213257,0.5,,,0.24609375,0.04082241411416026,1.8988144772354973,1.8992100324905428,1.8992100324905428,2163.5538061412103,2163.5538061412103,0.020435858475794953,0.020435858475794953,1.0,1.0,0.00046220250985261785,0.0004622025097813554,0.0,0.0,1.0,0.5,0.9496050162452714,0.02041120705708013,46.52370697838538,0.49999999999949996,0.0,0.0,0.0005590347573161125,0.0004884535446763039,0.006656374782323837,0.0,0.0,0,True,True,True,
42,dp_sgd_lr0p50,dp_sgd,6f5bfa6c60eeb2ad400161beec4006ab7b7da4908d9989b6db2c608560d2f56e,704,4,0.5143914222717285,0.5,,,0.20703125,0.0492077686382183,1.9005549806825508,1.9012721341899221,1.9012721341899221,1491.7413598307257,1491.7413598307257,0.027511989344592713,0.027511989344592713,1.0,1.0,0.000670357493942659,0.0006703574939181112,0.0,0.0,1.0,0.5,0.9506360670949611,0.02460388431910915,38.63764171245071,0.49999999999949996,0.0,0.0,0.0006920173764228821,0.0006455192342400551,0.0062065087258815765,0.0,0.0,0,True,True,True,
42,dp_sgd_lr0p50,dp_sgd,6f5bfa6c60eeb2ad400161beec4006ab7b7da4908d9989b6db2c608560d2f56e,705,4,0.5824826955795288,0.5,,,0.21484375,0.03863736480953833,1.896367507570693,1.8966615164625855,1.8966615164625855,2408.962357204776,2408.962357204776,0.017794479649563526,0.017794479649563526,1.0,1.0,0.0004151164904420524,0.00041511649033908204,0.0,0.0,1.0,0.5,0.9483307582312928,0.019318682404769166,49.088790752525206,0.49999999999949996,0.0,0.0,0.0005612103268504143,0.00048417598009109497,0.006299578584730625,0.0,0.0,0,True,True,True,
42,dp_sgd_lr0p50,dp_sgd,6f5bfa6c60eeb2ad400161beec4006ab7b7da4908d9989b6db2c608560d2f56e,706,4,0.38928890228271484,0.5,,,0.203125,0.04792255095326505,1.9019646736276228,1.9023927809147385,1.9023927809147385,1575.16131294329,1575.16131294329,0.02152764633303424,0.02152764633303424,1.0,1.0,0.0006348556121504327,0.0006348556120962493,0.0,0.0,1.0,0.5,0.9511963904573693,0.023961275476632526,39.697235288885025,0.49999999999949996,0.0,0.0,0.0007006488740444183,0.0006003603339195251,0.006196282804012299,0.0,0.0,0,True,True,True,
42,dp_sgd_lr0p50,dp_sgd,6f5bfa6c60eeb2ad400161beec4006ab7b7da4908d9989b6db2c608560d2f56e,707,4,0.9058220386505127,0.5,,,0.265625,0.03564427867391715,1.8975684484423752,1.897860164775045,1.897860164775045,2834.1004562250673,2834.1004562250673,0.017574120140232775,0.017574120140232775,1.0,1.0,0.00035284564349726975,0.00035284564350046164,0.0,0.0,1.0,0.5,0.9489300823875225,0.017822139336958576,53.24445423712062,0.49999999999949996,0.0,0.0,0.0007356470450758934,0.0006107697263360023,0.006147030740976334,0.0,0.0,0,True,True,True,
42,dp_sgd_lr0p50,dp_sgd,6f5bfa6c60eeb2ad400161beec4006ab7b7da4908d9989b6db2c608560d2f56e,708,4,0.41667014360427856,0.5,,,0.24609375,0.030179467770154848,1.894104932419697,1.8943216582489637,1.8943216582489637,3938.9903472653777,3938.9903472653777,0.015146595224801296,0.015146595224801296,1.0,1.0,0.0002538721628490484,0.00025387216290028043,0.0,0.0,1.0,0.5,0.9471608291244819,0.015089733885077424,62.768557502421025,0.49999999999949996,0.0,0.0,0.0005775764584541321,0.00048547331243753433,0.006624124012887478,0.0,0.0,0,True,True,True,
42,dp_sgd_lr0p50,dp_sgd,6f5bfa6c60eeb2ad400161beec4006ab7b7da4908d9989b6db2c608560d2f56e,709,4,0.644644021987915,0.5,,,0.25,0.048459929679704326,1.8983466552025494,1.89921048794006,1.89921048794006,1534.5656882077853,1534.5656882077853,0.030579572241966883,0.030579572241966883,1.0,1.0,0.0006516501751982942,0.000651650175110851,0.0,0.0,1.0,0.5,0.94960524397003,0.024229964839852163,39.191358724919745,0.49999999999949996,0.0,0.0,0.0006975289434194565,0.0006101429462432861,0.006197185255587101,0.0,0.0,0,True,True,True,
42,dp_sgd_lr0p50,dp_sgd,6f5bfa6c60eeb2ad400161beec4006ab7b7da4908d9989b6db2c608560d2f56e,710,4,0.6079283952713013,0.5,,,0.19921875,0.03976959801170468,1.903264657032667,1.903762375665385,1.903762375665385,2290.3189334702397,2290.3189334702397,0.02295841770279811,0.02295841770279811,1.0,1.0,0.00043662041332046437,0.00043662041333215944,0.0,0.0,1.0,0.5,0.9518811878326925,0.01988479900585234,47.86979176931446,0.49999999999949996,0.0,0.0,0.0005659861490130424,0.0004803622141480446,0.006672902964055538,0.0,0.0,0,True,True,True,
42,dp_sgd_lr0p50,dp_sgd,6f5bfa6c60eeb2ad400161beec4006ab7b7da4908d9989b6db2c608560d2f56e,711,4,0.6987549662590027,0.5,,,0.26953125,0.03718898777846552,1.89932513395463,1.8997261501326186,1.8997261501326186,2608.3743141080645,2608.3743141080645,0.02057004527448814,0.02057004527448814,1.0,1.0,0.0003833805577167013,0.00038338055765711597,0.0,0.0,1.0,0.5,0.9498630750663093,0.01859449388923276,51.08302923830853,0.49999999999949996,0.0,0.0,0.0007319841533899307,0.0006446707993745804,0.006071769632399082,0.0,0.0,0,True,True,True,
42,dp_sgd_lr0p50,dp_sgd,6f5bfa6c60eeb2ad400161beec4006ab7b7da4908d9989b6db2c608560d2f56e,712,4,0.3694039583206177,0.5,,,0.23828125,0.026386744281196264,1.8995129801261632,1.899816658765961,1.899816658765961,5182.185013937578,5182.185013937578,0.01845238782386013,0.01845238782386013,1.0,1.0,0.00019296879518464907,0.00019296879519731513,0.0,0.0,1.0,0.5,0.9499083293829805,0.013193372140598132,71.99890363040399,0.49999999999949996,0.0,0.0,0.0005635926499962807,0.00048662349581718445,0.00595829077064991,0.0,0.0,0,True,True,True,
42,dp_sgd_lr0p50,dp_sgd,6f5bfa6c60eeb2ad400161beec4006ab7b7da4908d9989b6db2c608560d2f56e,713,4,0.36944377422332764,0.5,,,0.203125,0.03826022957457195,1.8969910853035636,1.8972967495834356,1.8972967495834356,2458.303143080732,2458.303143080732,0.018071269805477054,0.018071269805477054,1.0,1.0,0.0004067846563721166,0.00040678465633520096,0.0,0.0,1.0,0.5,0.9486483747917178,0.019130114787285976,49.589267251684646,0.49999999999949996,0.0,0.0,0.0007425630465149879,0.0006344495341181755,0.006170698441565037,0.0,0.0,0,True,True,True,
42,dp_sgd_lr0p50,dp_sgd,6f5bfa6c60eeb2ad400161beec4006ab7b7da4908d9989b6db2c608560d2f56e,714,4,0.5713129043579102,0.5,,,0.2265625,0.059701014251552796,1.8979244599458804,1.8987011395004163,1.8987011395004163,1010.6352151694334,1010.6352151694334,0.028728366580508126,0.028728366580508126,1.0,1.0,0.0009894767020873154,0.00098947670200124,0.0,0.0,1.0,0.5,0.9493505697502082,0.029850507125776398,31.80349887250743,0.49999999999949996,0.0,0.0,0.0005719410255551338,0.0005962196737527847,0.00665728934109211,0.0,0.0,0,True,True,True,
42,dp_sgd_lr0p50,dp_sgd,6f5bfa6c60eeb2ad400161beec4006ab7b7da4908d9989b6db2c608560d2f56e,715,4,0.44300904870033264,0.5,,,0.2421875,0.04923593092587483,1.8977843693889487,1.898397841119149,1.898397841119149,1485.6941834241434,1485.6941834241434,0.025425583811411655,0.025425583811411655,1.0,1.0,0.0006730860299139545,0.000673086029854538,0.0,0.0,1.0,0.5,0.9491989205595746,0.024617965462937416,38.557163545868384,0.49999999999949996,0.0,0.0,0.0007179593667387962,0.0006072055548429489,0.0061956001445651054,0.0,0.0,0,True,True,True,
42,dp_sgd_lr0p50,dp_sgd,6f5bfa6c60eeb2ad400161beec4006ab7b7da4908d9989b6db2c608560d2f56e,716,4,0.5080872774124146,0.5,,,0.24609375,0.04038234040495493,1.8945856482462344,1.8948591648500321,1.8948591648500321,2201.1290992390973,2201.1290992390973,0.01742844781593699,0.01742844781593699,1.0,1.0,0.00045431228896668886,0.00045431228895397333,0.0,0.0,1.0,0.5,0.9474295824250161,0.020191170202477467,46.92296547833781,0.49999999999949996,0.0,0.0,0.0005610054358839989,0.00048166513442993164,0.0066495975479483604,0.0,0.0,0,True,True,True,
42,dp_sgd_lr0p50,dp_sgd,6f5bfa6c60eeb2ad400161beec4006ab7b7da4908d9989b6db2c608560d2f56e,717,4,0.5100710391998291,0.5,,,0.2265625,0.04221466206485986,1.8936490941851574,1.894147441237367,1.894147441237367,2012.2056987065207,2012.2056987065207,0.0229469640143282,0.0229469640143282,1.0,1.0,0.0004969670844692444,0.0004969670844412544,0.0,0.0,1.0,0.5,0.9470737206186834,0.02110733103242993,44.86942091914425,0.49999999999949996,0.0,0.0,0.0006862189620733261,0.0006031487137079239,0.006204988807439804,0.0,0.0,0,True,True,True,
42,dp_sgd_lr0p50,dp_sgd,6f5bfa6c60eeb2ad400161beec4006ab7b7da4908d9989b6db2c608560d2f56e,718,4,0.4450199604034424,0.5,,,0.24609375,0.03501731102576168,1.9023645190168135,1.9026755847299244,1.9026755847299244,2951.3579620119594,2951.3579620119594,0.0180845954119459,0.0180845954119459,1.0,1.0,0.00033882707962083243,0.0003388270796531208,0.0,0.0,1.0,0.5,0.9513377923649622,0.01750865551288084,54.33528528851018,0.49999999999949996,0.0,0.0,0.000706440769135952,0.0006065787747502327,0.006142817437648773,0.0,0.0,0,True,True,True,
42,dp_sgd_lr0p50,dp_sgd,6f5bfa6c60eeb2ad400161beec4006ab7b7da4908d9989b6db2c608560d2f56e,719,4,0.4786953926086426,0.5,,,0.23046875,0.05097278364836042,1.8960154714881297,1.8966203149734002,1.8966203149734002,1383.5888421374123,1383.5888421374123,0.025301909787044982,0.025301909787044982,1.0,1.0,0.0007227580688421942,0.0007227580688952929,0.0,0.0,1.0,0.5,0.9483101574867001,0.02548639182418021,37.20849008331507,0.49999999999949996,0.0,0.0,0.0005614990368485451,0.0004854463040828705,0.006625019013881683,0.0,0.0,0,True,True,True,
42,dp_sgd_lr0p50,dp_sgd,6f5bfa6c60eeb2ad400161beec4006ab7b7da4908d9989b6db2c608560d2f56e,720,4,0.24327772855758667,0.5,,,0.16015625,0.04379361405298511,1.8937785791063773,1.894278745250641,1.894278745250641,1869.9794165007202,1869.9794165007202,0.022978918634720756,0.022978918634720756,1.0,1.0,0.0005347652442878785,0.0005347652443397748,0.0,0.0,1.0,0.5,0.9471393726253206,0.021896807026492555,43.25467961772412,0.49999999999949996,0.0,0.0,0.0006687808781862259,0.0005836924538016319,0.00598592683672905,0.0,0.0,0,True,True,True,
42,dp_sgd_lr0p50,dp_sgd,6f5bfa6c60eeb2ad400161beec4006ab7b7da4908d9989b6db2c608560d2f56e,721,4,0.63746577501297,0.5,,,0.234375,0.03978329527134604,1.8904167222995907,1.8908598333863695,1.8908598333863695,2257.946222685238,2257.946222685238,0.02165670955857088,0.02165670955857088,1.0,1.0,0.00044288034379253447,0.0004428803440041696,0.0,0.0,1.0,0.5,0.9454299166931848,0.01989164763567302,47.52898975297317,0.49999999999949996,0.0,0.0,0.0006213802844285965,0.0005355840548872948,0.005629798397421837,0.0,0.0,0,True,True,True,
42,dp_sgd_lr0p50,dp_sgd,6f5bfa6c60eeb2ad400161beec4006ab7b7da4908d9989b6db2c608560d2f56e,722,4,0.5978764891624451,0.5,,,0.25390625,0.05543162662256664,1.896424541301924,1.8969926394489478,1.8969926394489478,1170.4581431586957,1170.4581431586957,0.024857489691272723,0.024857489691272723,1.0,1.0,0.0008543663056378831,0.0008543663055292578,0.0,0.0,1.0,0.5,0.9484963197244739,0.02771581331128332,34.22220769917337,0.49999999999949996,0.0,0.0,0.0006775893270969391,0.0005956022068858147,0.006004233844578266,0.0,0.0,0,True,True,True,
42,dp_sgd_lr0p50,dp_sgd,6f5bfa6c60eeb2ad400161beec4006ab7b7da4908d9989b6db2c608560d2f56e,723,4,0.47479188442230225,0.5,,,0.1953125,0.02970645391892907,1.900416980441946,1.900752039453589,1.900752039453589,4092.570583202746,4092.570583202746,0.01909239797757995,0.01909239797757995,1.0,1.0,0.000244345205180058,0.0002443452051801414,0.0,0.0,1.0,0.5,0.9503760197267945,0.014853226959464534,63.984481100063356,0.49999999999949996,0.0,0.0,0.0007138457149267197,0.0006057703867554665,0.0061865029856562614,0.0,0.0,0,True,True,True,
42,dp_sgd_lr0p50,dp_sgd,6f5bfa6c60eeb2ad400161beec4006ab7b7da4908d9989b6db2c608560d2f56e,724,4,0.26629021763801575,0.5,,,0.21484375,0.03294927866211065,1.8963669801727914,1.896708726135645,1.896708726135645,3312.477571839757,3312.477571839757,0.019056854525992765,0.019056854525992765,1.0,1.0,0.000301888836193151,0.0003018888362366845,0.0,0.0,1.0,0.5,0.9483543630678225,0.016474639331055325,57.564499225338054,0.49999999999949996,0.0,0.0,0.0005786949768662453,0.0004961388185620308,0.006687232293188572,0.0,0.0,0,True,True,True,
42,dp_sgd_lr0p50,dp_sgd,6f5bfa6c60eeb2ad400161beec4006ab7b7da4908d9989b6db2c608560d2f56e,725,4,0.5246312618255615,0.5,,,0.19921875,0.031652141278656114,1.8950929604935252,1.8954520941217605,1.8954520941217605,3584.7167512434858,3584.7167512434858,0.019694688048207058,0.019694688048207058,1.0,1.0,0.00027896206824561267,0.0002789620682928493,0.0,0.0,1.0,0.5,0.9477260470608803,0.015826070639328057,59.883850426263166,0.49999999999949996,0.0,0.0,0.0006986586377024651,0.0006056362763047218,0.006257278844714165,0.0,0.0,0,True,True,True,
42,dp_sgd_lr0p50,dp_sgd,6f5bfa6c60eeb2ad400161beec4006ab7b7da4908d9989b6db2c608560d2f56e,726,4,0.478676438331604,0.5,,,0.19921875,0.03344079272669062,1.894059525458657,1.8943451675314087,1.8943451675314087,3207.9982219413528,3207.9982219413528,0.017367559754435817,0.017367559754435817,1.0,1.0,0.0003117208707492163,0.0003117208707872415,0.0,0.0,1.0,0.5,0.9471725837657043,0.01672039636334531,56.64773508512405,0.49999999999949996,0.0,0.0,0.0005688965320587158,0.00047921761870384216,0.006221901625394821,0.0,0.0,0,True,True,True,
42,dp_sgd_lr0p50,dp_sgd,6f5bfa6c60eeb2ad400161beec4006ab7b7da4908d9989b6db2c608560d2f56e,727,4,0.6228833794593811,0.5,,,0.21875,0.03265711069368333,1.8973183244917378,1.8976009478338862,1.8976009478338862,3375.3971965660044,3375.3971965660044,0.017258463602606716,0.017258463602606716,1.0,1.0,0.0002962614296413544,0.00029626142965093454,0.0,0.0,1.0,0.5,0.9488004739169431,0.016328555346841665,58.106822906556594,0.49999999999949996,0.0,0.0,0.0007199784740805626,0.0006234580650925636,0.006235766224563122,0.0,0.0,0,True,True,True,
42,dp_sgd_lr0p50,dp_sgd,6f5bfa6c60eeb2ad400161beec4006ab7b7da4908d9989b6db2c608560d2f56e,728,4,0.3955964744091034,0.5,,,0.21484375,0.04225659492913797,1.8995606439524584,1.9001039064365894,1.9001039064365894,2020.7720634090856,2020.7720634090856,0.023973987450350856,0.023973987450350856,1.0,1.0,0.0004948603642870398,0.0004948603643032632,0.0,0.0,1.0,0.5,0.9500519532182947,0.021128297464568985,44.965854667964365,0.49999999999949996,0.0,0.0,0.0006995033472776413,0.0006101625040173531,0.00615332368761301,0.0,0.0,0,True,True,True,
42,dp_sgd_lr0p50,dp_sgd,6f5bfa6c60eeb2ad400161beec4006ab7b7da4908d9989b6db2c608560d2f56e,729,4,0.5252837538719177,0.5,,,0.234375,0.038941204544254086,1.8934815410911217,1.8939219856994705,1.8939219856994705,2364.304390886092,2364.304390886092,0.021589760262889317,0.021589760262889317,1.0,1.0,0.000422957383657987,0.00042295738369655826,0.0,0.0,1.0,0.5,0.9469609928497352,0.019470602272127043,48.635423782278835,0.49999999999949996,0.0,0.0,0.0005688220262527466,0.000491088256239891,0.006648153066635132,0.0,0.0,0,True,True,True,
42,dp_sgd_lr0p50,dp_sgd,6f5bfa6c60eeb2ad400161beec4006ab7b7da4908d9989b6db2c608560d2f56e,730,4,0.5910021066665649,0.5,,,0.2421875,0.04380656197647824,1.8987438216862509,1.8993567643814424,1.8993567643814424,1878.686898544843,1878.686898544843,0.025521718240186075,0.025521718240186075,1.0,1.0,0.0005322866733425259,0.0005322866733859428,0.0,0.0,1.0,0.5,0.9496783821907212,0.02190328098823912,43.357813957520314,0.49999999999949996,0.0,0.0,0.0006910087540745735,0.0006176428869366646,0.0061826156452298164,0.0,0.0,0,True,True,True,
42,dp_sgd_lr0p50,dp_sgd,6f5bfa6c60eeb2ad400161beec4006ab7b7da4908d9989b6db2c608560d2f56e,731,4,0.910574197769165,0.5,,,0.28125,0.0584179068362349,1.8994457337143638,1.9001383299276888,1.9001383299276888,1057.2113020446322,1057.2113020446322,0.027225742394160604,0.027225742394160604,1.0,1.0,0.0009458847041955655,0.0009458847040454381,0.0,0.0,1.0,0.5,0.9500691649638444,0.02920895341811745,32.52664179134943,0.49999999999949996,0.0,0.0,0.000698404386639595,0.000604068860411644,0.006174168549478054,0.0,0.0,0,True,True,True,
42,dp_sgd_lr0p50,dp_sgd,6f5bfa6c60eeb2ad400161beec4006ab7b7da4908d9989b6db2c608560d2f56e,732,4,0.5162829160690308,0.5,,,0.23046875,0.047779611784547385,1.8986535542964142,1.8994522940862915,1.8994522940862915,1579.087586894631,1579.087586894631,0.02929086060752645,0.02929086060752645,1.0,1.0,0.0006332770948622557,0.0006332770949049357,0.0,0.0,1.0,0.5,0.9497261470431457,0.023889805892273693,39.75445222476866,0.49999999999949996,0.0,0.0,0.0005625709891319275,0.0004881415516138077,0.006659040227532387,0.0,0.0,0,True,True,True,
42,dp_sgd_lr0p50,dp_sgd,6f5bfa6c60eeb2ad400161beec4006ab7b7da4908d9989b6db2c608560d2f56e,733,4,0.5373814105987549,0.5,,,0.2421875,0.05822526478744183,1.8970527769392647,1.8978218216075762,1.8978218216075762,1061.5388233201907,1061.5388233201907,0.02854544017522195,0.02854544017522195,1.0,1.0,0.0009420286641773854,0.0009420286640832769,0.0,0.0,1.0,0.5,0.9489109108037881,0.029112632393720916,32.594473008763615,0.49999999999949996,0.0,0.0,0.0006672311574220657,0.0005849879235029221,0.005991025827825069,0.0,0.0,0,True,True,True,
42,dp_sgd_lr0p50,dp_sgd,6f5bfa6c60eeb2ad400161beec4006ab7b7da4908d9989b6db2c608560d2f56e,734,4,0.4243057072162628,0.5,,,0.22265625,0.05794574055337019,1.903051334744695,1.9040299156336142,1.9040299156336142,1078.5939297422349,1078.5939297422349,0.03210014780122837,0.03210014780122837,1.0,1.0,0.0009271329757445272,0.0009271329756869383,0.0,0.0,1.0,0.5,0.9520149578168071,0.028972870276685096,32.85884169198276,0.49999999999949996,0.0,0.0,0.0006694663316011429,0.0006049526855349541,0.005977851338684559,0.0,0.0,0,True,True,True,
42,dp_sgd_lr0p50,dp_sgd,6f5bfa6c60eeb2ad400161beec4006ab7b7da4908d9989b6db2c608560d2f56e,735,4,0.5384719967842102,0.5,,,0.2421875,0.05136440704610781,1.8937967712860144,1.8945317352720694,1.8945317352720694,1359.3840987635213,1359.3840987635213,0.02786200693011122,0.02786200693011122,1.0,1.0,0.0007356272598232369,0.0007356272599681892,0.0,0.0,1.0,0.5,0.9472658676360347,0.025682203523053906,36.88413522417682,0.49999999999949996,0.0,0.0,0.0005871225148439407,0.0004945462569594383,0.005842423997819424,0.0,0.0,0,True,True,True,
42,dp_sgd_lr0p50,dp_sgd,6f5bfa6c60eeb2ad400161beec4006ab7b7da4908d9989b6db2c608560d2f56e,736,4,0.5765984654426575,0.5,,,0.30859375,0.06254868124469826,1.8981213713104172,1.898964076804837,1.898964076804837,920.8982394455443,920.8982394455443,0.029938963168560897,0.029938963168560897,1.0,1.0,0.0010858963096141894,0.0010858963096899562,0.0,0.0,1.0,0.5,0.9494820384024185,0.03127434062234913,30.359777999397505,0.49999999999949996,0.0,0.0,0.0007261764258146286,0.0006361911073327065,0.006431465037167072,0.0,0.0,0,True,True,True,
42,dp_sgd_lr0p50,dp_sgd,6f5bfa6c60eeb2ad400161beec4006ab7b7da4908d9989b6db2c608560d2f56e,737,4,0.7056035995483398,0.5,,,0.2265625,0.0626301169311746,1.899663856180337,1.9005650417429507,1.9005650417429507,919.9984047267511,919.9984047267511,0.030862311239286372,0.030862311239286372,1.0,1.0,0.0010869584062396234,0.0010869584058493871,0.0,0.0,1.0,0.5,0.9502825208714754,0.0313150584655873,30.345864494725845,0.49999999999949996,0.0,0.0,0.0005664927884936333,0.00048746634274721146,0.006341325119137764,0.0,0.0,0,True,True,True,
42,dp_sgd_lr0p50,dp_sgd,6f5bfa6c60eeb2ad400161beec4006ab7b7da4908d9989b6db2c608560d2f56e,738,4,0.4907265305519104,0.5,,,0.25390625,0.029811641003539936,1.9026945220311917,1.9029839278100784,1.9029839278100784,4073.4873283312722,4073.4873283312722,0.01753994015800556,0.01753994015800556,1.0,1.0,0.00024548990048882353,0.0002454899005323611,0.0,0.0,1.0,0.5,0.9514919639050392,0.014905820501769968,63.833585258068965,0.49999999999949996,0.0,0.0,0.0007611475884914398,0.0006729541346430779,0.006216160953044891,0.0,0.0,0,True,True,True,
42,dp_sgd_lr0p50,dp_sgd,6f5bfa6c60eeb2ad400161beec4006ab7b7da4908d9989b6db2c608560d2f56e,739,4,0.5696103572845459,0.5,,,0.21875,0.04527843289139877,1.899844191095014,1.900401771655816,1.900401771655816,1760.5695888580087,1760.5695888580087,0.024225535972016255,0.024225535972016255,1.0,1.0,0.0005679979966941263,0.0005679979967393105,0.0,0.0,1.0,0.5,0.950200885827908,0.022639216445699384,41.97145639139113,0.49999999999949996,0.0,0.0,0.0005636690184473991,0.0006467690691351891,0.00667410995811224,0.0,0.0,0,True,True,True,
42,dp_sgd_lr0p50,dp_sgd,6f5bfa6c60eeb2ad400161beec4006ab7b7da4908d9989b6db2c608560d2f56e,740,4,0.26682162284851074,0.5,,,0.1953125,0.04054027536305366,1.8955533407814549,1.8959995280452058,1.8959995280452058,2186.244002925268,2186.244002925268,0.021695733016058396,0.021695733016058396,1.0,1.0,0.0004574054854139042,0.00045740548541336725,0.0,0.0,1.0,0.5,0.9479997640226029,0.02027013768152683,46.768294269643434,0.49999999999949996,0.0,0.0,0.0007303236052393913,0.0006055263802409172,0.00621491763740778,0.0,0.0,0,True,True,True,
42,dp_sgd_lr0p50,dp_sgd,6f5bfa6c60eeb2ad400161beec4006ab7b7da4908d9989b6db2c608560d2f56e,741,4,0.4835493564605713,0.5,,,0.25390625,0.050070138211672076,1.8963002995228497,1.896815831943846,1.896815831943846,1434.3549836278287,1434.3549836278287,0.023493277264638908,0.023493277264638908,1.0,1.0,0.0006971774846639436,0.0006971774845662308,0.0,0.0,1.0,0.5,0.948407915971923,0.025035069105836038,37.88317547375782,0.49999999999949996,0.0,0.0,0.0005651814863085747,0.0004869699478149414,0.00665696058422327,0.0,0.0,0,True,True,True,
42,dp_sgd_lr0p50,dp_sgd,6f5bfa6c60eeb2ad400161beec4006ab7b7da4908d9989b6db2c608560d2f56e,742,4,0.5442086458206177,0.5,,,0.21875,0.04116847295108615,1.896481787911716,1.8967836963314284,1.8967836963314284,2122.1097289523573,2122.1097289523573,0.018185081508871843,0.018185081508871843,1.0,1.0,0.00047122916678930484,0.00047122916669863594,0.0,0.0,1.0,0.5,0.9483918481657142,0.020584236475543076,46.073695725681226,0.49999999999949996,0.0,0.0,0.0006720693781971931,0.0005796747282147408,0.0060029346495866776,0.0,0.0,0,True,True,True,
42,dp_sgd_lr0p50,dp_sgd,6f5bfa6c60eeb2ad400161beec4006ab7b7da4908d9989b6db2c608560d2f56e,743,4,0.5359206795692444,0.5,,,0.23828125,0.03311332957924184,1.8996885417850269,1.8999399494489921,1.8999399494489921,3291.2365904192684,3291.2365904192684,0.0163061474154178,0.0163061474154178,1.0,1.0,0.00030383716624891275,0.00030383716628258227,0.0,0.0,1.0,0.5,0.9499699747244961,0.01655666478962092,57.37689243202161,0.49999999999949996,0.0,0.0,0.0006620194762945175,0.0005787704139947891,0.005954735912382603,0.0,0.0,0,True,True,True,
42,dp_sgd_lr0p50,dp_sgd,6f5bfa6c60eeb2ad400161beec4006ab7b7da4908d9989b6db2c608560d2f56e,744,4,0.38441455364227295,0.5,,,0.203125,0.038865038625163086,1.899295756072578,1.899747080828374,1.899747080828374,2388.17962088441,2388.17962088441,0.021840239621191318,0.021840239621191318,1.0,1.0,0.00041872897272582805,0.00041872897269735777,0.0,0.0,1.0,0.5,0.949873540414187,0.019432519312581543,48.88061733458888,0.49999999999949996,0.0,0.0,0.000567873939871788,0.0004823850467801094,0.006139853969216347,0.0,0.0,0,True,True,True,
42,dp_sgd_lr0p50,dp_sgd,6f5bfa6c60eeb2ad400161beec4006ab7b7da4908d9989b6db2c608560d2f56e,745,4,0.5903082489967346,0.5,,,0.2578125,0.05146420291993378,1.9039630138723282,1.9047079804484546,1.9047079804484546,1368.6944727296395,1368.6944727296395,0.02798233704874104,0.02798233704874104,1.0,1.0,0.0007306232468578783,0.0007306232469685625,0.0,0.0,1.0,0.5,0.9523539902242273,0.02573210145996689,37.010346460387474,0.49999999999949996,0.0,0.0,0.0007619885727763176,0.0006501786410808563,0.006414755247533321,0.0,0.0,0,True,True,True,
42,dp_sgd_lr0p50,dp_sgd,6f5bfa6c60eeb2ad400161beec4006ab7b7da4908d9989b6db2c608560d2f56e,746,4,0.43379348516464233,0.5,,,0.2265625,0.04819522191024222,1.9036477892014152,1.9040534654579009,1.9040534654579009,1560.1459529063404,1560.1459529063404,0.02107241045089455,0.02107241045089455,1.0,1.0,0.0006409656722861992,0.0006409656723381005,0.0,0.0,1.0,0.5,0.9520267327289504,0.02409761095512111,39.507100287347086,0.49999999999949996,0.0,0.0,0.0005696313455700874,0.0005031973123550415,0.006255668587982655,0.0,0.0,0,True,True,True,
42,dp_sgd_lr0p50,dp_sgd,6f5bfa6c60eeb2ad400161beec4006ab7b7da4908d9989b6db2c608560d2f56e,747,4,0.5155603885650635,0.5,,,0.2265625,0.04705988239411803,1.904118456927103,1.9047131295293112,1.9047131295293112,1637.14162313914,1637.14162313914,0.02498807130065557,0.02498807130065557,1.0,1.0,0.0006108207044609434,0.0006108207044975257,0.0,0.0,1.0,0.5,0.9523565647646556,0.023529941197059014,40.47424329488828,0.49999999999949996,0.0,0.0,0.0005640843883156776,0.0005517629906535149,0.005954978056252003,0.0,0.0,0,True,True,True,
42,dp_sgd_lr0p50,dp_sgd,6f5bfa6c60eeb2ad400161beec4006ab7b7da4908d9989b6db2c608560d2f56e,748,4,0.4890381693840027,0.5,,,0.234375,0.025022056651582632,1.8957308475466843,1.895940055934041,1.895940055934041,5739.93992861995,5739.93992861995,0.01495934986853106,0.01495934986853106,1.0,1.0,0.00017421785085527377,0.00017421785086427254,0.0,0.0,1.0,0.5,0.9479700279670205,0.012511028325791316,75.77075226798281,0.49999999999949996,0.0,0.0,0.0006632152944803238,0.0005814088508486748,0.005977623164653778,0.0,0.0,0,True,True,True,
42,dp_sgd_lr0p50,dp_sgd,6f5bfa6c60eeb2ad400161beec4006ab7b7da4908d9989b6db2c608560d2f56e,749,4,0.5766049027442932,0.5,,,0.26171875,0.04740911468697605,1.8947766304205296,1.8954181091210975,1.8954181091210975,1597.3215401517953,1597.3215401517953,0.026034656301396814,0.026034656301396814,1.0,1.0,0.0006260480275372584,0.0006260480275320622,0.0,0.0,1.0,0.5,0.9477090545605488,0.023704557343488024,39.98003593941474,0.49999999999949996,0.0,0.0,0.0006671641021966934,0.0005801888182759285,0.00594621617347002,0.0,0.0,0,True,True,True,
42,dp_sgd_lr0p50,dp_sgd,6f5bfa6c60eeb2ad400161beec4006ab7b7da4908d9989b6db2c608560d2f56e,750,4,0.5396671295166016,0.5,,,0.265625,0.07308850699597715,1.8992538729632782,1.9006846930988193,1.9006846930988193,675.2550803304412,675.2550803304412,0.03879606115530531,0.03879606115530531,1.0,1.0,0.0014809218455982098,0.0014809218460426492,0.0,0.0,1.0,0.5,0.9503423465494096,0.03654425349798857,26.005247215563237,0.49999999999949996,0.11682732868939638,0.0,0.0005690967664122581,0.0005573686212301254,0.006423810496926308,0.0,0.0,0,True,True,True,
42,dp_sgd_lr0p50,dp_sgd,6f5bfa6c60eeb2ad400161beec4006ab7b7da4908d9989b6db2c608560d2f56e,751,4,0.6632625460624695,0.5,,,0.26953125,0.07611830015706729,1.9011092578188165,1.9025123018202115,1.9025123018202115,623.786527869053,623.786527869053,0.038430297218196297,0.038430297218196297,1.0,1.0,0.0016031125315310651,0.0016031125314942454,0.0,0.0,1.0,0.5,0.9512561509101057,0.038059150078533645,24.99415118104923,0.49999999999949996,0.0,0.0,0.0006974441930651665,0.0006270399317145348,0.006194994784891605,0.0,0.0,0,True,True,True,
42,dp_sgd_lr0p50,dp_sgd,6f5bfa6c60eeb2ad400161beec4006ab7b7da4908d9989b6db2c608560d2f56e,752,4,0.5596391558647156,0.5,,,0.26171875,0.03871451761155416,1.8984821826137708,1.898853000104857,1.898853000104857,2404.724601280884,2404.724601280884,0.019771503978192898,0.019771503978192898,1.0,1.0,0.0004158480346563906,0.0004158480345422676,0.0,0.0,1.0,0.5,0.9494265000524285,0.01935725880577708,49.04756967551776,0.49999999999949996,0.0,0.0,0.0005616797134280205,0.0004984401166439056,0.006276129744946957,0.0,0.0,0,True,True,True,
42,dp_sgd_lr0p50,dp_sgd,6f5bfa6c60eeb2ad400161beec4006ab7b7da4908d9989b6db2c608560d2f56e,753,4,0.4361794590950012,0.5,,,0.19921875,0.04074553408803578,1.9019017654472197,1.9023596408732268,1.9023596408732268,2178.7938119390274,2178.7938119390274,0.02194529498769182,0.02194529498769182,1.0,1.0,0.00045896954265141387,0.0004589695426664944,0.0,0.0,1.0,0.5,0.9511798204366134,0.02037276704401789,46.688788927629844,0.49999999999949996,0.0,0.0,0.0007624998688697815,0.0006764670833945274,0.0062827542424201965,0.0,0.0,0,True,True,True,
42,dp_sgd_lr0p50,dp_sgd,6f5bfa6c60eeb2ad400161beec4006ab7b7da4908d9989b6db2c608560d2f56e,754,4,0.6412575840950012,0.5,,,0.22265625,0.060097423062062234,1.8946214692001793,1.895786430487176,1.895786430487176,993.8782992617228,993.8782992617228,0.03522885246768802,0.03522885246768802,1.0,1.0,0.0010061594065044665,0.001006159406607908,0.0,0.0,1.0,0.5,0.947893215243588,0.030048711531031117,31.545219975011555,0.49999999999949996,0.0,0.0,0.0005596764385700226,0.0005310792475938797,0.00664649810642004,0.0,0.0,0,True,True,True,
42,dp_sgd_lr0p50,dp_sgd,6f5bfa6c60eeb2ad400161beec4006ab7b7da4908d9989b6db2c608560d2f56e,755,4,0.4725567698478699,0.5,,,0.21875,0.055440029387406844,1.898714678314059,1.8996273192449116,1.8996273192449116,1172.931127428094,1172.931127428094,0.031050157822762763,0.031050157822762763,1.0,1.0,0.0008525649769966356,0.000852564977190334,0.0,0.0,1.0,0.5,0.9498136596224558,0.027720014693703422,34.264543871397755,0.49999999999949996,0.0,0.0,0.0006906716153025627,0.0006045084446668625,0.006203817203640938,0.0,0.0,0,True,True,True,
42,dp_sgd_lr0p50,dp_sgd,6f5bfa6c60eeb2ad400161beec4006ab7b7da4908d9989b6db2c608560d2f56e,756,4,0.5656083822250366,0.5,,,0.20703125,0.0358318848905149,1.898271891131381,1.8986401293566095,1.8986401293566095,2806.5806391646283,2806.5806391646283,0.019712031487196847,0.019712031487196847,1.0,1.0,0.00035630545770404357,0.00035630545760919285,0.0,0.0,1.0,0.5,0.9493200646783048,0.01791594244525745,52.98744777317662,0.49999999999949996,0.0,0.0,0.0007012989372014999,0.0006093140691518784,0.0061219483613967896,0.0,0.0,0,True,True,True,
42,dp_sgd_lr0p50,dp_sgd,6f5bfa6c60eeb2ad400161beec4006ab7b7da4908d9989b6db2c608560d2f56e,757,4,0.3588138818740845,0.5,,,0.22265625,0.03487430515692611,1.9011285801122908,1.9014599669317567,1.9014599669317567,2971.747146387786,2971.747146387786,0.01867189446849048,0.01867189446849048,1.0,1.0,0.0003365023839235516,0.00033650238395174103,0.0,0.0,1.0,0.5,0.9507299834658783,0.017437152578463056,54.52323589721977,0.49999999999949996,0.0,0.0,0.0005771266296505928,0.0004873070865869522,0.006639458239078522,0.0,0.0,0,True,True,True,
42,dp_sgd_lr0p50,dp_sgd,6f5bfa6c60eeb2ad400161beec4006ab7b7da4908d9989b6db2c608560d2f56e,758,4,0.6865066885948181,0.5,,,0.23046875,0.023390983372135406,1.8925310392950083,1.8926187841732065,1.8926187841732065,6546.19685186258,6546.19685186258,0.009930668092105544,0.009930668092105544,1.0,1.0,0.00015276045325271576,0.0001527604532627684,0.0,0.0,1.0,0.5,0.9463093920866033,0.011695491686067703,80.91232223549741,0.49999999999949996,0.0,0.0,0.0006677694618701935,0.0005838945508003235,0.005971409380435944,0.0,0.0,0,True,True,True,
42,dp_sgd_lr0p50,dp_sgd,6f5bfa6c60eeb2ad400161beec4006ab7b7da4908d9989b6db2c608560d2f56e,759,4,0.29567182064056396,0.5,,,0.22265625,0.041887358092710034,1.8996002308985,1.899963427868275,1.899963427868275,2056.640993815856,2056.640993815856,0.019693173953769846,0.019693173953769846,1.0,1.0,0.0004862297320906717,0.0004862297322346423,0.0,0.0,1.0,0.5,0.9499817139341376,0.020943679046355017,45.3588747128032,0.49999999999949996,0.0,0.0,0.0006719464436173439,0.0005865795537829399,0.005976449698209763,0.0,0.0,0,True,True,True,
42,dp_sgd_lr0p50,dp_sgd,6f5bfa6c60eeb2ad400161beec4006ab7b7da4908d9989b6db2c608560d2f56e,760,4,0.517454981803894,0.5,,,0.1796875,0.03268817115470116,1.903566237919754,1.9038027468102943,1.9038027468102943,3391.2104355505458,3391.2104355505458,0.015819823608483764,0.015819823608483764,1.0,1.0,0.00029487996043557293,0.000294879960390637,0.0,0.0,1.0,0.5,0.9519013734051471,0.01634408557735058,58.241335609869694,0.49999999999949996,0.0,0.0,0.0005875853821635246,0.00048548541963100433,0.006079075857996941,0.0,0.0,0,True,True,True,
42,dp_sgd_lr0p50,dp_sgd,6f5bfa6c60eeb2ad400161beec4006ab7b7da4908d9989b6db2c608560d2f56e,761,4,0.5484678745269775,0.5,,,0.22265625,0.03580932368800781,1.895288066807646,1.895521421502283,1.895521421502283,2801.2909515016563,2801.2909515016563,0.015961960568075088,0.015961960568075088,1.0,1.0,0.00035697827056622555,0.00035697827054131655,0.0,0.0,1.0,0.5,0.9477607107511415,0.017904661844003904,52.933739768763274,0.49999999999949996,0.0,0.0,0.0007667569443583488,0.0006847614422440529,0.006669282913208008,0.0,0.0,0,True,True,True,
42,dp_sgd_lr0p50,dp_sgd,6f5bfa6c60eeb2ad400161beec4006ab7b7da4908d9989b6db2c608560d2f56e,762,4,0.41977787017822266,0.5,,,0.19921875,0.03417289352454909,1.8958885054081915,1.8962942935141702,1.8962942935141702,3077.9536794644787,3077.9536794644787,0.020883730827541913,0.020883730827541913,1.0,1.0,0.000324891178777384,0.00032489117862756104,0.0,0.0,1.0,0.5,0.9481471467570851,0.017086446762274544,55.49118315196019,0.49999999999949996,0.0,0.0,0.000582781620323658,0.0004837037995457649,0.006381819024682045,0.0,0.0,0,True,True,True,
42,dp_sgd_lr0p50,dp_sgd,6f5bfa6c60eeb2ad400161beec4006ab7b7da4908d9989b6db2c608560d2f56e,763,4,0.46316927671432495,0.5,,,0.21484375,0.040391395833435054,1.897699612549228,1.8981760565896508,1.8981760565896508,2207.3805641516424,2207.3805641516424,0.022433729455359864,0.022433729455359864,1.0,1.0,0.000453025642984722,0.000453025643064837,0.0,0.0,1.0,0.5,0.9490880282948254,0.020195697916717527,46.99456449396572,0.49999999999949996,0.0,0.0,0.0007529649883508682,0.000637509860098362,0.00626734271645546,0.0,0.0,0,True,True,True,
42,dp_sgd_lr0p50,dp_sgd,6f5bfa6c60eeb2ad400161beec4006ab7b7da4908d9989b6db2c608560d2f56e,764,4,0.710287868976593,0.5,,,0.23828125,0.038959632807164676,1.895205017342291,1.8957450065656525,1.8957450065656525,2366.370183857986,2366.370183857986,0.024133796370988704,0.024133796370988704,1.0,1.0,0.0004225881504771823,0.0004225881504429241,0.0,0.0,1.0,0.5,0.9478725032828262,0.019479816403582338,48.659211339376554,0.49999999999949996,0.0,0.0,0.0005682716146111488,0.0004848334938287735,0.0066720591858029366,0.0,0.0,0,True,True,True,
42,dp_sgd_lr0p50,dp_sgd,6f5bfa6c60eeb2ad400161beec4006ab7b7da4908d9989b6db2c608560d2f56e,765,4,0.48489201068878174,0.5,,,0.21875,0.023305423924667498,1.8948680795094388,1.8950540809109997,1.8950540809109997,6610.646658419003,6610.646658419003,0.014129656106315024,0.014129656106315024,1.0,1.0,0.00015127113122663014,0.00015127113120201686,0.0,0.0,1.0,0.5,0.9475270404554998,0.011652711962333749,81.31386439800232,0.49999999999949996,0.0,0.0,0.0006992267444729805,0.0006132563576102257,0.006227052770555019,0.0,0.0,0,True,True,True,
42,dp_sgd_lr0p50,dp_sgd,6f5bfa6c60eeb2ad400161beec4006ab7b7da4908d9989b6db2c608560d2f56e,766,4,0.47839194536209106,0.5,,,0.21875,0.03399636576288987,1.8964867649509916,1.8968914396189496,1.8968914396189496,3111.9645842461505,3111.9645842461505,0.020863271867633565,0.020863271867633565,1.0,1.0,0.00032134041762455574,0.0003213404175830763,0.0,0.0,1.0,0.5,0.9484457198094748,0.016998182881444935,55.796888783270646,0.49999999999949996,0.0,0.0,0.0006479537114500999,0.0005449196323752403,0.005974829196929932,0.0,0.0,0,True,True,True,
42,dp_sgd_lr0p50,dp_sgd,6f5bfa6c60eeb2ad400161beec4006ab7b7da4908d9989b6db2c608560d2f56e,767,4,0.3967224955558777,0.5,,,0.21875,0.02716391407811818,1.9006379553589114,1.9008147800414958,1.9008147800414958,4895.692128000831,4895.692128000831,0.01365457510223792,0.01365457510223792,1.0,1.0,0.0002042612101616853,0.00020426121013602275,0.0,0.0,1.0,0.5,0.9504073900207479,0.01358195703905909,69.97573230555683,0.49999999999949996,0.0,0.0,0.000748487189412117,0.0006420155987143517,0.006428765133023262,0.0,0.0,0,True,True,True,
42,dp_sgd_lr0p50,dp_sgd,6f5bfa6c60eeb2ad400161beec4006ab7b7da4908d9989b6db2c608560d2f56e,768,4,0.6110868453979492,0.5,,,0.1953125,0.030559994015823204,1.8966850606302261,1.8969915036981142,1.8969915036981142,3851.979052707041,3851.979052707041,0.01808163723138055,0.01808163723138055,1.0,1.0,0.00025960681126398975,0.00025960681129910885,0.0,0.0,1.0,0.5,0.9484957518490571,0.015279997007911602,62.07434146066097,0.49999999999949996,0.0,0.0,0.0005771787837147713,0.0004858216270804405,0.006250659003853798,0.0,0.0,0,True,True,True,
42,dp_sgd_lr0p50,dp_sgd,6f5bfa6c60eeb2ad400161beec4006ab7b7da4908d9989b6db2c608560d2f56e,769,4,0.5624823570251465,0.5,,,0.23828125,0.028994721371941614,1.8986663427915862,1.8988483904426852,1.8988483904426852,4288.04588280609,4288.04588280609,0.013913164461001892,0.013913164461001892,1.0,1.0,0.00023320645957170373,0.00023320645953039533,0.0,0.0,1.0,0.5,0.9494241952213426,0.014497360685970807,65.48945119883906,0.49999999999949996,0.0,0.0,0.0007650135084986687,0.000667269341647625,0.006301740184426308,0.0,0.0,0,True,True,True,
42,dp_sgd_lr0p50,dp_sgd,6f5bfa6c60eeb2ad400161beec4006ab7b7da4908d9989b6db2c608560d2f56e,770,4,0.69696044921875,0.5,,,0.23828125,0.03432570625939151,1.897541143505896,1.8978008882178294,1.8978008882178294,3055.9302590611132,3055.9302590611132,0.016610090971102748,0.016610090971102748,1.0,1.0,0.0003272325983833948,0.000327232598350745,0.0,0.0,1.0,0.5,0.9489004441089147,0.017162853129695756,55.288036137290405,0.49999999999949996,0.0,0.0,0.0005636215209960938,0.0004867054522037506,0.006635244935750961,0.0,0.0,0,True,True,True,
42,dp_sgd_lr0p50,dp_sgd,6f5bfa6c60eeb2ad400161beec4006ab7b7da4908d9989b6db2c608560d2f56e,771,4,0.6839793920516968,0.5,,,0.23046875,0.04171279956099234,1.896245674229535,1.896807629931382,1.896807629931382,2066.5719425538746,2066.5719425538746,0.02446555227119216,0.02446555227119216,1.0,1.0,0.00048389314634224295,0.0004838931463565301,0.0,0.0,1.0,0.5,0.948403814965691,0.02085639978049617,45.47303584998963,0.49999999999949996,0.0,0.0,0.0006974702700972557,0.0006089890375733376,0.006221805699169636,0.0,0.0,0,True,True,True,
42,dp_sgd_lr0p50,dp_sgd,6f5bfa6c60eeb2ad400161beec4006ab7b7da4908d9989b6db2c608560d2f56e,772,4,0.6669787764549255,0.5,,,0.25390625,0.026037410246370834,1.8956856623575657,1.8959138042157149,1.8959138042157149,5300.74702591326,5300.74702591326,0.015628270128657945,0.015628270128657945,1.0,1.0,0.0001886526547364125,0.00018865265469115403,0.0,0.0,1.0,0.5,0.9479569021078574,0.013018705123185417,72.81499143465477,0.49999999999949996,0.0,0.0,0.0006372267380356789,0.0005836393684148788,0.005991964600980282,0.0,0.0,0,True,True,True,
42,dp_sgd_lr0p50,dp_sgd,6f5bfa6c60eeb2ad400161beec4006ab7b7da4908d9989b6db2c608560d2f56e,773,4,0.4039992392063141,0.5,,,0.2265625,0.04817439158105987,1.8944337073217326,1.8950811713027036,1.8950811713027036,1546.4160474993735,1546.4160474993735,0.026148084179390487,0.026148084179390487,1.0,1.0,0.0006466565069509442,0.0006466565069581881,0.0,0.0,1.0,0.5,0.9475405856513518,0.024087195790529935,39.337936796467886,0.49999999999949996,0.0,0.0,0.0006928481161594391,0.0006047431379556656,0.006174671463668346,0.0,0.0,0,True,True,True,
42,dp_sgd_lr0p50,dp_sgd,6f5bfa6c60eeb2ad400161beec4006ab7b7da4908d9989b6db2c608560d2f56e,774,4,0.4726144075393677,0.5,,,0.25,0.032438282711698165,1.9101647657809433,1.9104564066386958,1.9104564066386958,3467.5756969184854,3467.5756969184854,0.017479620168443885,0.017479620168443885,1.0,1.0,0.0002883859175556109,0.00028838591757050135,0.0,0.0,1.0,0.5,0.9552282033193479,0.016219141355849082,58.89511548747742,0.49999999999949996,0.0,0.0,0.0005846768617630005,0.00048567261546850204,0.006054148077964783,0.0,0.0,0,True,True,True,
42,dp_sgd_lr0p50,dp_sgd,6f5bfa6c60eeb2ad400161beec4006ab7b7da4908d9989b6db2c608560d2f56e,775,4,0.4710177183151245,0.5,,,0.21484375,0.039645195543528244,1.8983473289902524,1.898648582309298,1.898648582309298,2292.8213775166837,2292.8213775166837,0.018038503908456276,0.018038503908456276,1.0,1.0,0.0004361438746033365,0.000436143874611217,0.0,0.0,1.0,0.5,0.949324291154649,0.019822597771764122,47.89101317784911,0.49999999999949996,0.0,0.0,0.0007236497476696968,0.000632050447165966,0.006457619369029999,0.0,0.0,0,True,True,True,
42,dp_sgd_lr0p50,dp_sgd,6f5bfa6c60eeb2ad400161beec4006ab7b7da4908d9989b6db2c608560d2f56e,776,4,0.539680004119873,0.5,,,0.2421875,0.051514282856226154,1.8988323538033212,1.8995423145304207,1.8995423145304207,1358.6823358586173,1358.6823358586173,0.02733890404550457,0.02733890404550457,1.0,1.0,0.000736007213187875,0.0007360072132777807,0.0,0.0,1.0,0.5,0.9497711572652103,0.025757141428113077,36.87409023548289,0.49999999999949996,0.0,0.0,0.0005595143884420395,0.0004853745922446251,0.006187737919390202,0.0,0.0,0,True,True,True,
42,dp_sgd_lr0p50,dp_sgd,6f5bfa6c60eeb2ad400161beec4006ab7b7da4908d9989b6db2c608560d2f56e,777,4,0.7336796522140503,0.5,,,0.23046875,0.047842205659603544,1.9002944137772402,1.9009208886025397,1.9009208886025397,1577.6817284950073,1577.6817284950073,0.02567640303086571,0.02567640303086571,1.0,1.0,0.0006338414025474923,0.0006338414025104461,0.0,0.0,1.0,0.5,0.9504604443012699,0.023921102829801772,39.73313651231075,0.49999999999949996,0.0,0.0,0.0007926365360617638,0.0006704051047563553,0.006487756036221981,0.0,0.0,0,True,True,True,
42,dp_sgd_lr0p50,dp_sgd,6f5bfa6c60eeb2ad400161beec4006ab7b7da4908d9989b6db2c608560d2f56e,778,4,0.5742207765579224,0.5,,,0.23828125,0.03047576902622274,1.9001922028305172,1.9004271431987736,1.9004271431987736,3887.6370829213506,3887.6370829213506,0.0157267475653713,0.0157267475653713,1.0,1.0,0.0002572256559945114,0.0002572256559764188,0.0,0.0,1.0,0.5,0.9502135715993868,0.01523788451311137,62.35862797879989,0.49999999999949996,0.0,0.0,0.0005656415596604347,0.0004908666014671326,0.0066486261785030365,0.0,0.0,0,True,True,True,
42,dp_sgd_lr0p50,dp_sgd,6f5bfa6c60eeb2ad400161beec4006ab7b7da4908d9989b6db2c608560d2f56e,779,4,0.4242168068885803,0.5,,,0.19921875,0.032715644082498344,1.8984815713801961,1.8987400255738993,1.8987400255738993,3367.4551604804915,3367.4551604804915,0.016514573908736365,0.016514573908736365,1.0,1.0,0.000296960152818406,0.00029696015276636995,0.0,0.0,1.0,0.5,0.9493700127869497,0.016357822041249172,58.0376782639465,0.49999999999949996,0.0,0.0,0.0006924401968717575,0.0006065890192985535,0.006201962940394878,0.0,0.0,0,True,True,True,
42,dp_sgd_lr0p50,dp_sgd,6f5bfa6c60eeb2ad400161beec4006ab7b7da4908d9989b6db2c608560d2f56e,780,4,0.5150433778762817,0.5,,,0.2578125,0.04546024296493461,1.8938696077279393,1.8944606059692761,1.8944606059692761,1735.5480586364615,1735.5480586364615,0.024996506218239373,0.024996506218239373,1.0,1.0,0.0005761868676235307,0.000576186867749558,0.0,0.0,1.0,0.5,0.9472303029846381,0.022730121482467305,41.672909829083125,0.49999999999949996,0.0,0.0,0.0006942078471183777,0.0006095292046666145,0.0060508474707603455,0.0,0.0,0,True,True,True,
42,dp_sgd_lr0p50,dp_sgd,6f5bfa6c60eeb2ad400161beec4006ab7b7da4908d9989b6db2c608560d2f56e,781,4,0.45106059312820435,0.5,,,0.27734375,0.04093121481218212,1.8969154557091896,1.8974590710596662,1.8974590710596662,2147.764605680881,2147.764605680881,0.024065086670024067,0.024065086670024067,1.0,1.0,0.00046560037201368195,0.0004656003719493522,0.0,0.0,1.0,0.5,0.9487295355298331,0.02046560740609106,46.357262536029644,0.49999999999949996,0.0,0.0,0.0005684038624167442,0.0004847720265388489,0.006639927625656128,0.0,0.0,0,True,True,True,
42,dp_sgd_lr0p50,dp_sgd,6f5bfa6c60eeb2ad400161beec4006ab7b7da4908d9989b6db2c608560d2f56e,782,4,0.5087777376174927,0.5,,,0.2421875,0.036949458268592215,1.9001441746629169,1.9003635477855394,1.9003635477855394,2644.581515181882,2644.581515181882,0.015658452179227223,0.015658452179227223,1.0,1.0,0.0003781316603502342,0.0003781316603792559,0.0,0.0,1.0,0.5,0.9501817738927697,0.018474729134296108,51.43143192705545,0.49999999999949996,0.0,0.0,0.0006568087264895439,0.0005847755819559097,0.005948311649262905,0.0,0.0,0,True,True,True,
42,dp_sgd_lr0p50,dp_sgd,6f5bfa6c60eeb2ad400161beec4006ab7b7da4908d9989b6db2c608560d2f56e,783,4,0.6132135987281799,0.5,,,0.24609375,0.0415938184116879,1.8982496409638328,1.8987254891078658,1.8987254891078658,2082.8071967798446,2082.8071967798446,0.022392012705498846,0.022392012705498846,1.0,1.0,0.0004801212522060458,0.00048012125218527914,0.0,0.0,1.0,0.5,0.9493627445539329,0.02079690920584395,45.649222925948635,0.49999999999949996,0.0,0.0,0.0006706612184643745,0.0005814582109451294,0.005976253189146519,0.0,0.0,0,True,True,True,
42,dp_sgd_lr0p50,dp_sgd,6f5bfa6c60eeb2ad400161beec4006ab7b7da4908d9989b6db2c608560d2f56e,784,4,0.7548840641975403,0.5,,,0.2109375,0.049808791966615015,1.8951251911028628,1.8958665840759192,1.8958665840759192,1447.6507225689716,1447.6507225689716,0.028018025154395776,0.028018025154395776,1.0,1.0,0.000690774358763877,0.0006907743588912359,0.0,0.0,1.0,0.5,0.9479332920379596,0.024904395983307508,38.06289028793395,0.49999999999949996,0.0,0.0,0.0006719892844557762,0.0006316090002655983,0.006008577533066273,0.0,0.0,0,True,True,True,
42,dp_sgd_lr0p50,dp_sgd,6f5bfa6c60eeb2ad400161beec4006ab7b7da4908d9989b6db2c608560d2f56e,785,4,0.7089728713035583,0.5,,,0.2421875,0.06921519638357593,1.9010919657091512,1.9025747381197777,1.9025747381197777,754.4028873412173,754.4028873412173,0.03960417047243665,0.03960417047243665,1.0,1.0,0.0013255516602214254,0.0013255516605050722,0.0,0.0,1.0,0.5,0.9512873690598889,0.034607598191787964,27.487818246171503,0.49999999999949996,0.0,0.0,0.0005696704611182213,0.00048758741468191147,0.006109670735895634,0.0,0.0,0,True,True,True,
42,dp_sgd_lr0p50,dp_sgd,6f5bfa6c60eeb2ad400161beec4006ab7b7da4908d9989b6db2c608560d2f56e,786,4,0.521634578704834,0.5,,,0.23828125,0.07576451880748486,1.8966523994647724,1.8978847862554808,1.8978847862554808,626.6769930392787,626.6769930392787,0.03622098616031129,0.03622098616031129,1.0,1.0,0.0015957183859194846,0.0015957183858280417,0.0,0.0,1.0,0.5,0.9489423931277404,0.03788225940374243,25.04978340887829,0.49999999999949996,0.0,0.0,0.0008006775751709938,0.0006704172119498253,0.006476032547652721,0.0,0.0,0,True,True,True,
42,dp_sgd_lr0p50,dp_sgd,6f5bfa6c60eeb2ad400161beec4006ab7b7da4908d9989b6db2c608560d2f56e,787,4,0.5020949840545654,0.5,,,0.17578125,0.03759809871670138,1.8975005985843536,1.8977861386416846,1.8977861386416846,2547.0183578926967,2547.0183578926967,0.017499741771823344,0.017499741771823344,1.0,1.0,0.0003926159370597069,0.0003926159370797534,0.0,0.0,1.0,0.5,0.9488930693208423,0.01879904935835069,50.47558795034818,0.49999999999949996,0.0,0.0,0.0005629556253552437,0.0004864567890763283,0.0066270409151911736,0.0,0.0,0,True,True,True,
42,dp_sgd_lr0p50,dp_sgd,6f5bfa6c60eeb2ad400161beec4006ab7b7da4908d9989b6db2c608560d2f56e,788,4,0.381804496049881,0.5,,,0.203125,0.045367235961082164,1.9006326476753401,1.9012243610884791,1.9012243610884791,1755.1398592434277,1755.1398592434277,0.02497177600811221,0.02497177600811221,1.0,1.0,0.000569755164665293,0.0005697551647611284,0.0,0.0,1.0,0.5,0.9506121805442396,0.022683617980541082,41.907432108837554,0.49999999999949996,0.0,0.0,0.0007028449326753616,0.000613049603998661,0.006138080731034279,0.0,0.0,0,True,True,True,
42,dp_sgd_lr0p50,dp_sgd,6f5bfa6c60eeb2ad400161beec4006ab7b7da4908d9989b6db2c608560d2f56e,789,4,0.2995525598526001,0.5,,,0.23046875,0.04289522700521524,1.903059856894659,1.9033744103873602,1.9033744103873602,1968.2803441044282,1968.2803441044282,0.01860066441795263,0.01860066441795263,1.0,1.0,0.0005080577075575319,0.0005080577077421919,0.0,0.0,1.0,0.5,0.9516872051936801,0.02144761350260762,44.372638710297565,0.49999999999949996,0.0,0.0,0.000714021734893322,0.0006126593798398972,0.006182675249874592,0.0,0.0,0,True,True,True,
42,dp_sgd_lr0p50,dp_sgd,6f5bfa6c60eeb2ad400161beec4006ab7b7da4908d9989b6db2c608560d2f56e,790,4,0.7372660636901855,0.5,,,0.21484375,0.05620771928948021,1.8988358937315772,1.8996586775774567,1.8996586775774567,1141.25564324296,1141.25564324296,0.029429264002781744,0.029429264002781744,1.0,1.0,0.0008762278684919582,0.0008762278684517954,0.0,0.0,1.0,0.5,0.9498293387887283,0.028103859644740103,33.79711366202687,0.49999999999949996,0.0,0.0,0.0005867918953299522,0.00048787519335746765,0.005811200477182865,0.0,0.0,0,True,True,True,
42,dp_sgd_lr0p50,dp_sgd,6f5bfa6c60eeb2ad400161beec4006ab7b7da4908d9989b6db2c608560d2f56e,791,4,0.5122121572494507,0.5,,,0.24609375,0.06361836407969038,1.8976121393943008,1.8989884865941205,1.8989884865941205,889.7129367067469,889.7129367067469,0.03837718471303503,0.03837718471303503,1.0,1.0,0.001123958030164338,0.001123958030092883,0.0,0.0,1.0,0.5,0.9494942432970602,0.03180918203984519,29.849690635799565,0.49999999999949996,0.0,0.0,0.0007327599450945854,0.0006383322179317474,0.0064553022384643555,0.0,0.0,0,True,True,True,
42,dp_sgd_lr0p50,dp_sgd,6f5bfa6c60eeb2ad400161beec4006ab7b7da4908d9989b6db2c608560d2f56e,792,4,0.675589382648468,0.5,,,0.23046875,0.059819142123985765,1.901566500917068,1.9023772251623816,1.9023772251623816,1010.5147916560578,1010.5147916560578,0.029272243754529786,0.029272243754529786,1.0,1.0,0.000989594618482959,0.0009895946184446767,0.0,0.0,1.0,0.5,0.9511886125811908,0.029909571061992882,31.802148234686545,0.49999999999949996,0.0,0.0,0.0007084514945745468,0.0005899108946323395,0.006025695241987705,0.0,0.0,0,True,True,True,
42,dp_sgd_lr0p50,dp_sgd,6f5bfa6c60eeb2ad400161beec4006ab7b7da4908d9989b6db2c608560d2f56e,793,4,0.622298538684845,0.5,,,0.2421875,0.0422098940591966,1.8985037563487006,1.8988279152173968,1.8988279152173968,2022.9930791372042,2022.9930791372042,0.0187937570904175,0.0187937570904175,1.0,1.0,0.0004943170640331343,0.000494317063959416,0.0,0.0,1.0,0.5,0.9494139576086984,0.0211049470295983,44.98537505127222,0.49999999999949996,0.0,0.0,0.0005623949691653252,0.0004867836833000183,0.006205902434885502,0.0,0.0,0,True,True,True,
42,dp_sgd_lr0p50,dp_sgd,6f5bfa6c60eeb2ad400161beec4006ab7b7da4908d9989b6db2c608560d2f56e,794,4,0.6698349714279175,0.5,,,0.23046875,0.02337225675082932,1.8936720015914075,1.89395634160067,1.89395634160067,6564.599242784511,6564.599242784511,0.01833501356614518,0.01833501356614518,1.0,1.0,0.0001523322233673671,0.0001523322233916204,0.0,0.0,1.0,0.5,0.946978170800335,0.01168612837541466,81.03438027529788,0.49999999999949996,0.0,0.0,0.0007273564115166664,0.0006640302017331123,0.006512231193482876,0.0,0.0,0,True,True,True,
42,dp_sgd_lr0p50,dp_sgd,6f5bfa6c60eeb2ad400161beec4006ab7b7da4908d9989b6db2c608560d2f56e,795,4,0.7569514513015747,0.5,,,0.23046875,0.0542031064572013,1.8967242939616358,1.8976093421292908,1.8976093421292908,1224.5035793957404,1224.5035793957404,0.030606503854743967,0.030606503854743967,1.0,1.0,0.0008166574736782924,0.0008166574737341367,0.0,0.0,1.0,0.5,0.9488046710646454,0.02710155322860065,35.00923592926583,0.49999999999949996,0.0,0.0,0.0005628298968076706,0.0005317628383636475,0.0056766122579574585,0.0,0.0,0,True,True,True,
42,dp_sgd_lr0p50,dp_sgd,6f5bfa6c60eeb2ad400161beec4006ab7b7da4908d9989b6db2c608560d2f56e,796,4,0.4470685124397278,0.5,,,0.21484375,0.04545129718304595,1.9017413431269468,1.9023671817074557,1.9023671817074557,1750.6943522578301,1750.6943522578301,0.025713152191626936,0.025713152191626936,1.0,1.0,0.0005712019338075646,0.0005712019337964818,0.0,0.0,1.0,0.5,0.9511835908537278,0.022725648591522974,41.85506904153571,0.49999999999949996,0.0,0.0,0.0007402831688523293,0.0006400933489203453,0.006454505957663059,0.0,0.0,0,True,True,True,
42,dp_sgd_lr0p50,dp_sgd,6f5bfa6c60eeb2ad400161beec4006ab7b7da4908d9989b6db2c608560d2f56e,797,4,0.6324678659439087,0.5,,,0.1875,0.03836195155028056,1.8977926975730717,1.8981679193509349,1.8981679193509349,2447.350417359276,2447.350417359276,0.019885119448012956,0.019885119448012956,1.0,1.0,0.00040860515610152036,0.00040860515606239926,0.0,0.0,1.0,0.5,0.9490839596754674,0.01918097577514028,49.48048372262989,0.49999999999949996,0.0,0.0,0.0007293215021491051,0.0006165262311697006,0.006243625655770302,0.0,0.0,0,True,True,True,
42,dp_sgd_lr0p50,dp_sgd,6f5bfa6c60eeb2ad400161beec4006ab7b7da4908d9989b6db2c608560d2f56e,798,4,0.4208716154098511,0.5,,,0.22265625,0.06386924558616852,1.8956721342077458,1.8966132622003253,1.8966132622003253,880.9330007006005,880.9330007006005,0.03156928290820838,0.03156928290820838,1.0,1.0,0.0011351601074761494,0.0011351601073470634,0.0,0.0,1.0,0.5,0.9483066311001627,0.03193462279308426,29.695250738199796,0.49999999999949996,0.0,0.0,0.000572938472032547,0.0004891296848654747,0.006704142317175865,0.0,0.0,0,True,True,True,
42,dp_sgd_lr0p50,dp_sgd,6f5bfa6c60eeb2ad400161beec4006ab7b7da4908d9989b6db2c608560d2f56e,799,4,0.8372616171836853,0.5,0.5003310988515616,0.9182,0.21875,0.03779887126852371,1.8989526912968506,1.8993796889036658,1.8993796889036658,2523.891189341356,2523.891189341356,0.021245620484107077,0.021245620484107077,1.0,1.0,0.00039621359412121725,0.0003962135942216164,0.0,0.0,1.0,0.5,0.9496898444518329,0.018899435634261854,50.2496404008984,0.49999999999949996,0.0,0.0,0.0007018009200692177,0.0006118854507803917,0.006228836253285408,0.0,0.0,0,True,True,True,
42,dp_sgd_lr0p50,dp_sgd,6f5bfa6c60eeb2ad400161beec4006ab7b7da4908d9989b6db2c608560d2f56e,800,4,0.4808730185031891,0.5,,,0.26171875,0.04728469092847229,1.8946917424044591,1.8952926661170837,1.8952926661170837,1605.5950300734423,1605.5950300734423,0.025180862004944987,0.025180862004944987,1.0,1.0,0.000622822057132751,0.0006228220571041931,0.0,0.0,1.0,0.5,0.9476463330585418,0.023642345464236145,40.08258548002215,0.49999999999949996,0.11974965780973434,0.0,0.0005775513127446175,0.0004880176857113838,0.006107398308813572,0.0,0.0,0,True,True,True,
42,dp_sgd_lr0p50,dp_sgd,6f5bfa6c60eeb2ad400161beec4006ab7b7da4908d9989b6db2c608560d2f56e,801,4,0.5525881052017212,0.5,,,0.2421875,0.03579445113809311,1.9001789288625446,1.9005030797114144,1.9005030797114144,2818.1076605658664,2818.1076605658664,0.01847222328152804,0.01847222328152804,1.0,1.0,0.00035484804686930743,0.000354848046830664,0.0,0.0,1.0,0.5,0.9502515398557072,0.017897225569046556,53.09490770715225,0.49999999999949996,0.0,0.0,0.0006975913420319557,0.0006309626623988152,0.006209639832377434,0.0,0.0,0,True,True,True,
42,dp_sgd_lr0p50,dp_sgd,6f5bfa6c60eeb2ad400161beec4006ab7b7da4908d9989b6db2c608560d2f56e,802,4,0.350963294506073,0.5,,,0.19140625,0.02737505095468175,1.891842366321453,1.8920368416252569,1.8920368416252569,4775.952742158108,4775.952742158108,0.014338022992899453,0.014338022992899453,1.0,1.0,0.00020938230603459413,0.00020938230594261148,0.0,0.0,1.0,0.5,0.9460184208126284,0.013687525477340874,69.11537241041903,0.49999999999949996,0.0,0.0,0.0006648190319538116,0.0006128139793872833,0.005978128872811794,0.0,0.0,0,True,True,True,
42,dp_sgd_lr0p50,dp_sgd,6f5bfa6c60eeb2ad400161beec4006ab7b7da4908d9989b6db2c608560d2f56e,803,4,0.5914348363876343,0.5,,,0.24609375,0.028404847365282558,1.9017901115239313,1.9020164349850692,1.9020164349850692,4482.705928255994,4482.705928255994,0.01543433715858867,0.01543433715858867,1.0,1.0,0.0002230795449812978,0.00022307954502011188,0.0,0.0,1.0,0.5,0.9510082174925346,0.014202423682641279,66.960980652051,0.49999999999949996,0.0,0.0,0.00058768130838871,0.00048138946294784546,0.005987681448459625,0.0,0.0,0,True,True,True,
42,dp_sgd_lr0p50,dp_sgd,6f5bfa6c60eeb2ad400161beec4006ab7b7da4908d9989b6db2c608560d2f56e,804,4,0.45699581503868103,0.5,,,0.2109375,0.04046785895535222,1.895318184199709,1.895751630936922,1.895751630936922,2193.531134947755,2193.531134947755,0.02138296622096457,0.02138296622096457,1.0,1.0,0.00045588593818291406,0.00045588593820752204,0.0,0.0,1.0,0.5,0.947875815468461,0.02023392947767611,46.84585940004372,0.49999999999949996,0.0,0.0,0.0007597114890813828,0.0007037138566374779,0.0065725622698664665,0.0,0.0,0,True,True,True,
42,dp_sgd_lr0p50,dp_sgd,6f5bfa6c60eeb2ad400161beec4006ab7b7da4908d9989b6db2c608560d2f56e,805,4,0.5534707307815552,0.5,,,0.21484375,0.032785849968393295,1.8977748001808394,1.8978830332455559,1.8978830332455559,3350.5527234522656,3350.5527234522656,0.011938597655341963,0.011938597655341963,1.0,1.0,0.0002984582191678084,0.00029845821919377726,0.0,0.0,1.0,0.5,0.9489415166227779,0.016392924984196647,57.887260356507674,0.49999999999949996,0.0,0.0,0.0005667917430400848,0.00048586633056402206,0.006283502094447613,0.0,0.0,0,True,True,True,
42,dp_sgd_lr0p50,dp_sgd,6f5bfa6c60eeb2ad400161beec4006ab7b7da4908d9989b6db2c608560d2f56e,806,4,0.42817285656929016,0.5,,,0.21875,0.03651278318538997,1.8961108554880284,1.8964897732678863,1.8964897732678863,2696.73065712226,2696.73065712226,0.020003049628590185,0.020003049628590185,1.0,1.0,0.00037081938331830265,0.0003708193833504121,0.0,0.0,1.0,0.5,0.9482448866339431,0.018256391592694984,51.9404331226894,0.49999999999949996,0.0,0.0,0.0007755635306239128,0.0006662532687187195,0.006285285577178001,0.0,0.0,0,True,True,True,
42,dp_sgd_lr0p50,dp_sgd,6f5bfa6c60eeb2ad400161beec4006ab7b7da4908d9989b6db2c608560d2f56e,807,4,0.5652551054954529,0.5,,,0.1875,0.03315290496408986,1.891426425389373,1.8917563830928217,1.8917563830928217,3254.885584599824,3254.885584599824,0.018714201891815767,0.018714201891815767,1.0,1.0,0.0003072304611324284,0.0003072304612257329,0.0,0.0,1.0,0.5,0.9458781915464108,0.01657645248204493,57.06155720072758,0.49999999999949996,0.0,0.0,0.0005591362714767456,0.00048115383833646774,0.006647441536188126,0.0,0.0,0,True,True,True,
42,dp_sgd_lr0p50,dp_sgd,6f5bfa6c60eeb2ad400161beec4006ab7b7da4908d9989b6db2c608560d2f56e,808,4,0.49359530210494995,0.5,,,0.19921875,0.03530219087139738,1.9009574343471403,1.9014086646853559,1.9014086646853559,2899.6225391072485,2899.6225391072485,0.02206358682707209,0.02206358682707209,1.0,1.0,0.00034487247416182593,0.0003448724740712448,0.0,0.0,1.0,0.5,0.9507043323426779,0.01765109543569869,53.860925275269466,0.49999999999949996,0.0,0.0,0.0006948988884687424,0.0006098560988903046,0.0064039770513772964,0.0,0.0,0,True,True,True,
42,dp_sgd_lr0p50,dp_sgd,6f5bfa6c60eeb2ad400161beec4006ab7b7da4908d9989b6db2c608560d2f56e,809,4,0.4982669949531555,0.5,,,0.1796875,0.03970001337963726,1.9021854728150311,1.902544067456375,1.902544067456375,2295.749057362833,2295.749057362833,0.0194651581243674,0.0194651581243674,1.0,1.0,0.00043558767721501755,0.0004355876773423668,0.0,0.0,1.0,0.5,0.9512720337281875,0.01985000668981863,47.92300821582022,0.49999999999949996,0.0,0.0,0.0007195379585027695,0.0006027622148394585,0.006187283433973789,0.0,0.0,0,True,True,True,
42,dp_sgd_lr0p50,dp_sgd,6f5bfa6c60eeb2ad400161beec4006ab7b7da4908d9989b6db2c608560d2f56e,810,4,0.33498620986938477,0.5,,,0.2109375,0.04025708342698596,1.8962940367035788,1.8968152737275008,1.8968152737275008,2218.8438656520057,2218.8438656520057,0.023557687019773278,0.023557687019773278,1.0,1.0,0.0004506851585471201,0.0004506851584632945,0.0,0.0,1.0,0.5,0.9484076368637504,0.02012854171349298,47.117553289063,0.49999999999949996,0.0,0.0,0.0005634129047393799,0.00048653315752744675,0.006339396350085735,0.0,0.0,0,True,True,True,
42,dp_sgd_lr0p50,dp_sgd,6f5bfa6c60eeb2ad400161beec4006ab7b7da4908d9989b6db2c608560d2f56e,811,4,0.6986104249954224,0.5,,,0.2109375,0.041257830672630155,1.9050570011929933,1.905580076013516,1.905580076013516,2132.078402800369,2132.078402800369,0.02350198544590795,0.02350198544590795,1.0,1.0,0.00046902590359660637,0.0004690259036909327,0.0,0.0,1.0,0.5,0.952790038006758,0.020628915336315078,46.18711272149546,0.49999999999949996,0.0,0.0,0.0007467800751328468,0.0006499728187918663,0.006465300917625427,0.0,0.0,0,True,True,True,
42,dp_sgd_lr0p50,dp_sgd,6f5bfa6c60eeb2ad400161beec4006ab7b7da4908d9989b6db2c608560d2f56e,812,4,0.548965334892273,0.5,,,0.19921875,0.029925154320198603,1.8963140513416874,1.896614240748978,1.896614240748978,4015.5748760356737,4015.5748760356737,0.017919645278796997,0.017919645278796997,1.0,1.0,0.00024903034553057157,0.00024903034553770345,0.0,0.0,1.0,0.5,0.948307120374489,0.014962577160099301,63.37859515538277,0.49999999999949996,0.0,0.0,0.0005604755133390427,0.0004832381382584572,0.006159510463476181,0.0,0.0,0,True,True,True,
42,dp_sgd_lr0p50,dp_sgd,6f5bfa6c60eeb2ad400161beec4006ab7b7da4908d9989b6db2c608560d2f56e,813,4,0.37119221687316895,0.5,,,0.19140625,0.03373113772835074,1.897519749763537,1.8977190718078307,1.8977190718078307,3164.540290754343,3164.540290754343,0.01479611481136039,0.01479611481136039,1.0,1.0,0.00031600166445738364,0.00031600166449750666,0.0,0.0,1.0,0.5,0.9488595359039154,0.01686556886417537,56.26015603085612,0.49999999999949996,0.0,0.0,0.0007197493687272072,0.0006669396534562111,0.006515036337077618,0.0,0.0,0,True,True,True,
42,dp_sgd_lr0p50,dp_sgd,6f5bfa6c60eeb2ad400161beec4006ab7b7da4908d9989b6db2c608560d2f56e,814,4,0.407406747341156,0.5,,,0.19921875,0.04983819327589811,1.8990611377080417,1.8995500522639346,1.8995500522639346,1451.9555222839026,1451.9555222839026,0.02292719589732372,0.02292719589732372,1.0,1.0,0.0006887263309719965,0.0006887263309844789,0.0,0.0,1.0,0.5,0.9497750261319673,0.024919096637949056,38.1143441872387,0.49999999999949996,0.0,0.0,0.0005661603063344955,0.0004877224564552307,0.006242373026907444,0.0,0.0,0,True,True,True,
42,dp_sgd_lr0p50,dp_sgd,6f5bfa6c60eeb2ad400161beec4006ab7b7da4908d9989b6db2c608560d2f56e,815,4,0.5896428823471069,0.5,,,0.2109375,0.04796322838109015,1.9004593673282888,1.901089781878624,1.901089781878624,1570.0025650480477,1570.0025650480477,0.02575619308132564,0.02575619308132564,1.0,1.0,0.0006369416342542256,0.0006369416340990261,0.0,0.0,1.0,0.5,0.950544890939312,0.023981614190545075,39.63640159278498,0.49999999999949996,0.0,0.0,0.0007986025884747505,0.0006723850965499878,0.006515568122267723,0.0,0.0,0,True,True,True,
42,dp_sgd_lr0p50,dp_sgd,6f5bfa6c60eeb2ad400161beec4006ab7b7da4908d9989b6db2c608560d2f56e,816,4,0.5319606065750122,0.5,,,0.2265625,0.04831272146109822,1.8959557084193277,1.8965802739311997,1.8965802739311997,1540.0448572158173,1540.0448572158173,0.025662227936535043,0.025662227936535043,1.0,1.0,0.0006493317352970827,0.0006493317352990812,0.0,0.0,1.0,0.5,0.9482901369655998,0.02415636073054911,39.25633283523116,0.49999999999949996,0.0,0.0,0.0005643786862492561,0.0004946747794747353,0.006614183075726032,0.0,0.0,0,True,True,True,
42,dp_sgd_lr0p50,dp_sgd,6f5bfa6c60eeb2ad400161beec4006ab7b7da4908d9989b6db2c608560d2f56e,817,4,0.6389849185943604,0.5,,,0.20703125,0.049854792533749304,1.8984533991736552,1.899254819116781,1.899254819116781,1450.060276168947,1450.060276168947,0.029196521549923613,0.029196521549923613,1.0,1.0,0.0006896265045197878,0.0006896265043867632,0.0,0.0,1.0,0.5,0.9496274095583905,0.024927396266874652,38.09573207540449,0.49999999999949996,0.0,0.0,0.0007125958800315857,0.0006098747253417969,0.006272166036069393,0.0,0.0,0,True,True,True,
42,dp_sgd_lr0p50,dp_sgd,6f5bfa6c60eeb2ad400161beec4006ab7b7da4908d9989b6db2c608560d2f56e,818,4,0.4898775815963745,0.5,,,0.18359375,0.03845633789633798,1.898497633252714,1.8988785793564793,1.8988785793564793,2437.1612799362474,2437.1612799362474,0.020031010020273354,0.020031010020273354,1.0,1.0,0.0004103134279852412,0.0004103134279880002,0.0,0.0,1.0,0.5,0.9494392896782397,0.01922816894816899,49.37751962696754,0.49999999999949996,0.0,0.0,0.0007214415818452835,0.0006059380248188972,0.006219156086444855,0.0,0.0,0,True,True,True,
42,dp_sgd_lr0p50,dp_sgd,6f5bfa6c60eeb2ad400161beec4006ab7b7da4908d9989b6db2c608560d2f56e,819,4,0.5930831432342529,0.5,,,0.19921875,0.03481196453294281,1.906136764618871,1.9064393100761399,1.9064393100761399,2998.134076979232,2998.134076979232,0.01782025776713554,0.01782025776713554,1.0,1.0,0.00033354078686904655,0.00033354078678052567,0.0,0.0,1.0,0.5,0.9532196550380699,0.017405982266471404,54.76391049871762,0.49999999999949996,0.0,0.0,0.0005610538646578789,0.00048105139285326004,0.00634685717523098,0.0,0.0,0,True,True,True,
42,dp_sgd_lr0p50,dp_sgd,6f5bfa6c60eeb2ad400161beec4006ab7b7da4908d9989b6db2c608560d2f56e,820,4,0.5476275086402893,0.5,,,0.23828125,0.03606191116051601,1.8967071235194084,1.8970706571861422,1.8970706571861422,2766.324174278992,2766.324174278992,0.019584485458376676,0.019584485458376676,1.0,1.0,0.000361490532645691,0.00036149053261382583,0.0,0.0,1.0,0.5,0.9485353285930711,0.018030955580258006,52.605937844969866,0.49999999999949996,0.0,0.0,0.0007368819788098335,0.0006395196542143822,0.006319751963019371,0.0,0.0,0,True,True,True,
42,dp_sgd_lr0p50,dp_sgd,6f5bfa6c60eeb2ad400161beec4006ab7b7da4908d9989b6db2c608560d2f56e,821,4,0.5438573360443115,0.5,,,0.19140625,0.03162306820202376,1.8975468106755375,1.897820895706896,1.897820895706896,3600.617490680762,3600.617490680762,0.016998039256264117,0.016998039256264117,1.0,1.0,0.0002777301397851824,0.0002777301396575996,0.0,0.0,1.0,0.5,0.948910447853448,0.01581153410101188,60.01381281103568,0.49999999999949996,0.0,0.0,0.0005641467869281769,0.0004901411011815071,0.006401470862329006,0.0,0.0,0,True,True,True,
42,dp_sgd_lr0p50,dp_sgd,6f5bfa6c60eeb2ad400161beec4006ab7b7da4908d9989b6db2c608560d2f56e,822,4,0.3672311305999756,0.5,,,0.265625,0.07191258294095994,1.8990642078126878,1.9006073973187836,1.9006073973187836,697.3800530498187,697.3800530498187,0.04036884600906141,0.04036884600906141,1.0,1.0,0.0014339383460038758,0.0014339383462451491,0.0,0.0,1.0,0.5,0.9503036986593918,0.03595629147047997,26.42941359548049,0.49999999999949996,0.0,0.0,0.0007639331743121147,0.0006707850843667984,0.006271515041589737,0.0,0.0,0,True,True,True,
42,dp_sgd_lr0p50,dp_sgd,6f5bfa6c60eeb2ad400161beec4006ab7b7da4908d9989b6db2c608560d2f56e,823,4,0.7084938883781433,0.5,,,0.21484375,0.06392690301124668,1.8994490552398653,1.900361567767986,1.900361567767986,882.8521303386127,882.8521303386127,0.031090552862944962,0.031090552862944962,1.0,1.0,0.0011326925148512463,0.001132692514974467,0.0,0.0,1.0,0.5,0.950180783883993,0.03196345150562334,29.727102021103708,0.49999999999949996,0.0,0.0,0.0005759671330451965,0.0004945453256368637,0.006638876162469387,0.0,0.0,0,True,True,True,
42,dp_sgd_lr0p50,dp_sgd,6f5bfa6c60eeb2ad400161beec4006ab7b7da4908d9989b6db2c608560d2f56e,824,4,1.0058608055114746,0.5,,,0.25,0.05749772733368937,1.895893246955682,1.8968074672218815,1.8968074672218815,1087.2424514685079,1087.2424514685079,0.031052727541072262,0.031052727541072262,1.0,1.0,0.0009197580524441155,0.000919758052399036,0.0,0.0,1.0,0.5,0.9484037336109408,0.028748863666844687,32.989259838875675,0.49999999999949996,0.0,0.0,0.0006967475637793541,0.0006130961701273918,0.006192860193550587,0.0,0.0,0,True,True,True,
42,dp_sgd_lr0p50,dp_sgd,6f5bfa6c60eeb2ad400161beec4006ab7b7da4908d9989b6db2c608560d2f56e,825,4,0.36444196105003357,0.5,,,0.21484375,0.03353742614376695,1.8979194710842189,1.8980916143999293,1.8980916143999293,3202.5513626688307,3202.5513626688307,0.013967151207505624,0.013967151207505624,1.0,1.0,0.0003122510417061033,0.0003122510418564757,0.0,0.0,1.0,0.5,0.9490458071999647,0.016768713071883476,56.59622196855748,0.49999999999949996,0.0,0.0,0.0007017767056822777,0.0006409967318177223,0.006271797232329845,0.0,0.0,0,True,True,True,
42,dp_sgd_lr0p50,dp_sgd,6f5bfa6c60eeb2ad400161beec4006ab7b7da4908d9989b6db2c608560d2f56e,826,4,0.43970024585723877,0.5,,,0.2109375,0.037364855546784356,1.8960358536052886,1.8964060666727587,1.8964060666727587,2574.9362153984507,2574.9362153984507,0.019758579766792524,0.019758579766792524,1.0,1.0,0.0003883591342198414,0.00038835913406888524,0.0,0.0,1.0,0.5,0.9482030333363793,0.018682427773392178,50.75373740430417,0.49999999999949996,0.0,0.0,0.0005599847063422203,0.0004866821691393852,0.0061362991109490395,0.0,0.0,0,True,True,True,
42,dp_sgd_lr0p50,dp_sgd,6f5bfa6c60eeb2ad400161beec4006ab7b7da4908d9989b6db2c608560d2f56e,827,4,0.4655172824859619,0.5,,,0.234375,0.04123591253229914,1.9001940982285985,1.9007100758465443,1.9007100758465443,2123.463058410628,2123.463058410628,0.023358625177506354,0.023358625177506354,1.0,1.0,0.00047092884213399385,0.0004709288422234864,0.0,0.0,1.0,0.5,0.9503550379232721,0.02061795626614957,46.093561631880334,0.49999999999949996,0.0,0.0,0.0007845349609851837,0.0006776535883545876,0.006555316038429737,0.0,0.0,0,True,True,True,
42,dp_sgd_lr0p50,dp_sgd,6f5bfa6c60eeb2ad400161beec4006ab7b7da4908d9989b6db2c608560d2f56e,828,4,0.9611473083496094,0.5,,,0.22265625,0.03651126501041033,1.9022010579896218,1.9025870773664166,1.9025870773664166,2714.3076888245596,2714.3076888245596,0.020166700431647297,0.020166700431647297,1.0,1.0,0.0003684180696856185,0.0003684180696590248,0.0,0.0,1.0,0.5,0.9512935386832083,0.018255632505205167,52.109590744657005,0.49999999999949996,0.0,0.0,0.0005618343129754066,0.0004827035591006279,0.006341446191072464,0.0,0.0,0,True,True,True,
42,dp_sgd_lr0p50,dp_sgd,6f5bfa6c60eeb2ad400161beec4006ab7b7da4908d9989b6db2c608560d2f56e,829,4,0.5032615065574646,0.5,,,0.23046875,0.030226066869639894,1.899116301243244,1.8993526074670404,1.8993526074670404,3947.660944999533,3947.660944999533,0.015774414373682058,0.015774414373682058,1.0,1.0,0.00025331456091026787,0.0002533145609155059,0.0,0.0,1.0,0.5,0.9496763037335202,0.015113033434819947,62.83823216341585,0.49999999999949996,0.0,0.0,0.0007629683241248131,0.0006415136158466339,0.006287943571805954,0.0,0.0,0,True,True,True,
42,dp_sgd_lr0p50,dp_sgd,6f5bfa6c60eeb2ad400161beec4006ab7b7da4908d9989b6db2c608560d2f56e,830,4,0.2998514771461487,0.5,,,0.1796875,0.033375975593870476,1.8973643540756973,1.897641999024177,1.897641999024177,3231.7185840542365,3231.7185840542365,0.01711216341827746,0.01711216341827746,1.0,1.0,0.00030943288318362996,0.0003094328831542641,0.0,0.0,1.0,0.5,0.9488209995120885,0.016687987796935238,56.85652524443263,0.49999999999949996,0.0,0.0,0.0005669025704264641,0.0004886742681264877,0.006312243640422821,0.0,0.0,0,True,True,True,
42,dp_sgd_lr0p50,dp_sgd,6f5bfa6c60eeb2ad400161beec4006ab7b7da4908d9989b6db2c608560d2f56e,831,4,0.520138680934906,0.5,,,0.22265625,0.04471670041012582,1.8986223471214314,1.8989728312319323,1.8989728312319323,1802.7590164282008,1802.7590164282008,0.0196110741217339,0.0196110741217339,1.0,1.0,0.0005547053102421389,0.0005547053102982831,0.0,0.0,1.0,0.5,0.9494864156159661,0.02235835020506291,42.466747629639244,0.49999999999949996,0.0,0.0,0.0007516853511333466,0.0006328178569674492,0.006345354951918125,0.0,0.0,0,True,True,True,
42,dp_sgd_lr0p50,dp_sgd,6f5bfa6c60eeb2ad400161beec4006ab7b7da4908d9989b6db2c608560d2f56e,832,4,0.5250622034072876,0.5,,,0.17578125,0.02383225076245367,1.903178021360026,1.9033231892057767,1.9033231892057767,6377.180461229915,6377.180461229915,0.012351697639484883,0.012351697639484883,1.0,1.0,0.00015680911091015681,0.00015680911089582976,0.0,0.0,1.0,0.5,0.9516615946028883,0.011916125381226834,79.86334182269621,0.49999999999949996,0.0,0.0,0.0005750842392444611,0.00048698950558900833,0.00668422132730484,0.0,0.0,0,True,True,True,
42,dp_sgd_lr0p50,dp_sgd,6f5bfa6c60eeb2ad400161beec4006ab7b7da4908d9989b6db2c608560d2f56e,833,4,0.35146564245224,0.5,,,0.1328125,0.041142707103217734,1.8948265766260854,1.8952120429417758,1.8952120429417758,2121.061234923588,2121.061234923588,0.020222435318436822,0.020222435318436822,1.0,1.0,0.00047146210724320864,0.0004714621071628332,0.0,0.0,1.0,0.5,0.9476060214708879,0.020571353551608867,46.06434958436229,0.49999999999949996,0.0,0.0,0.0007073963060975075,0.0006207646802067757,0.006150124594569206,0.0,0.0,0,True,True,True,
42,dp_sgd_lr0p50,dp_sgd,6f5bfa6c60eeb2ad400161beec4006ab7b7da4908d9989b6db2c608560d2f56e,834,4,0.5909962058067322,0.5,,,0.2265625,0.048558920754577704,1.8994420408120694,1.9000189676681394,1.9000189676681394,1530.0796550216987,1530.0796550216987,0.024657697378178554,0.024657697378178554,1.0,1.0,0.0006535607452158741,0.0006535607453918459,0.0,0.0,1.0,0.5,0.9500094838340697,0.024279460377288852,39.12811360023413,0.49999999999949996,0.0,0.0,0.0006670570001006126,0.0005773305892944336,0.005988835357129574,0.0,0.0,0,True,True,True,
42,dp_sgd_lr0p50,dp_sgd,6f5bfa6c60eeb2ad400161beec4006ab7b7da4908d9989b6db2c608560d2f56e,835,4,0.7012513875961304,0.5,,,0.23828125,0.04832162668735811,1.8945077426676686,1.8951413715189473,1.8951413715189473,1537.1267383706206,1537.1267383706206,0.025859364830871062,0.025859364830871062,1.0,1.0,0.0006505644424814758,0.0006505644422791061,0.0,0.0,1.0,0.5,0.9475706857594737,0.024160813343679054,39.21932065122955,0.49999999999949996,0.0,0.0,0.0007279589772224426,0.0006095357239246368,0.006211058236658573,0.0,0.0,0,True,True,True,
42,dp_sgd_lr0p50,dp_sgd,6f5bfa6c60eeb2ad400161beec4006ab7b7da4908d9989b6db2c608560d2f56e,836,4,0.42403438687324524,0.5,,,0.1953125,0.031734053920146825,1.8984673582147642,1.8986869781468236,1.8986869781468236,3578.946098838706,3578.946098838706,0.01527708070929077,0.01527708070929077,1.0,1.0,0.0002794118635458642,0.00027941186354072333,0.0,0.0,1.0,0.5,0.9493434890734118,0.015867026960073412,59.83121421564587,0.49999999999949996,0.0,0.0,0.0005627814680337906,0.0004912819713354111,0.006255509331822395,0.0,0.0,0,True,True,True,
42,dp_sgd_lr0p50,dp_sgd,6f5bfa6c60eeb2ad400161beec4006ab7b7da4908d9989b6db2c608560d2f56e,837,4,0.4179404377937317,0.5,,,0.203125,0.041485225778545055,1.8972005642616077,1.8976766772686888,1.8976766772686888,2091.4118960561623,2091.4118960561623,0.02240577918158825,0.02240577918158825,1.0,1.0,0.00047814588857623047,0.0004781458886740339,0.0,0.0,1.0,0.5,0.9488383386343444,0.020742612889272528,45.74343375415893,0.49999999999949996,0.0,0.0,0.0007502427324652672,0.00063363928347826,0.006366251967847347,0.0,0.0,0,True,True,True,
42,dp_sgd_lr0p50,dp_sgd,6f5bfa6c60eeb2ad400161beec4006ab7b7da4908d9989b6db2c608560d2f56e,838,4,0.6747482419013977,0.5,,,0.2421875,0.054792342967394735,1.8976325241310006,1.8983872607271717,1.8983872607271717,1199.4564580884846,1199.4564580884846,0.0282030391927448,0.0282030391927448,1.0,1.0,0.0008337109637646077,0.0008337109639313764,0.0,0.0,1.0,0.5,0.9491936303635858,0.027396171483697367,34.64694440585522,0.49999999999949996,0.0,0.0,0.0005862461403012276,0.00048537086695432663,0.006358519196510315,0.0,0.0,0,True,True,True,
42,dp_sgd_lr0p50,dp_sgd,6f5bfa6c60eeb2ad400161beec4006ab7b7da4908d9989b6db2c608560d2f56e,839,4,0.41181352734565735,0.5,,,0.16796875,0.03154970178986774,1.9029814718072786,1.9031899351207688,1.9031899351207688,3638.133254687915,3638.133254687915,0.014895732823487596,0.014895732823487596,1.0,1.0,0.0002748662374327649,0.0002748662374400158,0.0,0.0,1.0,0.5,0.9515949675603844,0.01577485089493387,60.32354751484009,0.49999999999949996,0.0,0.0,0.0007277587428689003,0.0006753290072083473,0.0064187804237008095,0.0,0.0,0,True,True,True,
42,dp_sgd_lr0p50,dp_sgd,6f5bfa6c60eeb2ad400161beec4006ab7b7da4908d9989b6db2c608560d2f56e,840,4,0.6418504118919373,0.5,,,0.23046875,0.026651906844108113,1.8986112671633466,1.8987694150676355,1.8987694150676355,5074.760301272263,5074.760301272263,0.01295178885408757,0.01295178885408757,1.0,1.0,0.00019705364179293562,0.00019705364179338174,0.0,0.0,1.0,0.5,0.9493847075338178,0.013325953422054056,71.24328574429586,0.49999999999949996,0.0,0.0,0.0005666706711053848,0.0004874318838119507,0.006093249656260014,0.0,0.0,0,True,True,True,
42,dp_sgd_lr0p50,dp_sgd,6f5bfa6c60eeb2ad400161beec4006ab7b7da4908d9989b6db2c608560d2f56e,841,4,0.8370124101638794,0.5,,,0.24609375,0.03812306478998763,1.9006608682606676,1.9010447103811483,1.9010447103811483,2485.6138033795824,2485.6138033795824,0.020094356866975593,0.020094356866975593,1.0,1.0,0.0004023151134548775,0.0004023151133686802,0.0,0.0,1.0,0.5,0.9505223551905742,0.019061532394993815,49.86599898916556,0.49999999999949996,0.0,0.0,0.0007310109212994576,0.0006672460585832596,0.006457402370870113,0.0,0.0,0,True,True,True,
42,dp_sgd_lr0p50,dp_sgd,6f5bfa6c60eeb2ad400161beec4006ab7b7da4908d9989b6db2c608560d2f56e,842,4,0.4986586272716522,0.5,,,0.18359375,0.036242691502891104,1.894613992991498,1.894941185908132,1.894941185908132,2732.7543609770164,2732.7543609770164,0.018590064464002482,0.018590064464002482,1.0,1.0,0.00036593116948897483,0.00036593116946495195,0.0,0.0,1.0,0.5,0.947470592954066,0.018121345751445552,52.28478093721052,0.49999999999949996,0.0,0.0,0.0005677733570337296,0.00048463791608810425,0.005968642421066761,0.0,0.0,0,True,True,True,
42,dp_sgd_lr0p50,dp_sgd,6f5bfa6c60eeb2ad400161beec4006ab7b7da4908d9989b6db2c608560d2f56e,843,4,0.5629134178161621,0.5,,,0.25,0.02505672978402709,1.8975419564002276,1.8976447528768614,1.8976447528768614,5735.007562798469,5735.007562798469,0.01070449867407563,0.01070449867407563,1.0,1.0,0.00017436768608531644,0.00017436768602394786,0.0,0.0,1.0,0.5,0.9488223764384307,0.012528364892013545,75.73393531725297,0.49999999999949996,0.0,0.0,0.0008054124191403389,0.0006789276376366615,0.006338322535157204,0.0,0.0,0,True,True,True,
42,dp_sgd_lr0p50,dp_sgd,6f5bfa6c60eeb2ad400161beec4006ab7b7da4908d9989b6db2c608560d2f56e,844,4,0.487799733877182,0.5,,,0.23046875,0.041424402848949146,1.8986397027881345,1.8990765938641558,1.8990765938641558,2100.7414422812203,2100.7414422812203,0.021451953941859385,0.021451953941859385,1.0,1.0,0.00047602240775097653,0.00047602240794068356,0.0,0.0,1.0,0.5,0.9495382969320779,0.020712201424474573,45.84439275316296,0.49999999999949996,0.0,0.0,0.0005708402022719383,0.0004946310073137283,0.0066371820867061615,0.0,0.0,0,True,True,True,
42,dp_sgd_lr0p50,dp_sgd,6f5bfa6c60eeb2ad400161beec4006ab7b7da4908d9989b6db2c608560d2f56e,845,4,0.5082024335861206,0.5,,,0.20703125,0.02953995986403551,1.9006138354054445,1.900736498443661,1.900736498443661,4139.691431285423,4139.691431285423,0.01192297182179082,0.01192297182179082,1.0,1.0,0.00024156389804716021,0.00024156389806011432,0.0,0.0,1.0,0.5,0.9503682492218305,0.014769979932017755,64.34458635230212,0.49999999999949996,0.0,0.0,0.000699005089700222,0.000606774352490902,0.006222555413842201,0.0,0.0,0,True,True,True,
42,dp_sgd_lr0p50,dp_sgd,6f5bfa6c60eeb2ad400161beec4006ab7b7da4908d9989b6db2c608560d2f56e,846,4,0.5271649360656738,0.5,,,0.203125,0.04323425830961635,1.9017817847656524,1.9022216468134572,1.9022216468134572,1934.9303674273056,1934.9303674273056,0.021536895907347985,0.021536895907347985,1.0,1.0,0.0005168144633516406,0.0005168144633546832,0.0,0.0,1.0,0.5,0.9511108234067286,0.021617129154808176,43.99801733854102,0.49999999999949996,0.0,0.0,0.0007229624316096306,0.000609702430665493,0.006173695437610149,0.0,0.0,0,True,True,True,
42,dp_sgd_lr0p50,dp_sgd,6f5bfa6c60eeb2ad400161beec4006ab7b7da4908d9989b6db2c608560d2f56e,847,4,0.7428463697433472,0.5,,,0.2109375,0.057692251507510346,1.8948910285283578,1.8959104785232708,1.8959104785232708,1078.781531419592,1078.781531419592,0.03288065272355088,0.03288065272355088,1.0,1.0,0.000926971745969135,0.0009269717458810407,0.0,0.0,1.0,0.5,0.9479552392616354,0.028846125753755173,32.86248029704192,0.49999999999949996,0.0,0.0,0.0005680089816451073,0.0004836777225136757,0.006391099654138088,0.0,0.0,0,True,True,True,
42,dp_sgd_lr0p50,dp_sgd,6f5bfa6c60eeb2ad400161beec4006ab7b7da4908d9989b6db2c608560d2f56e,848,4,0.5254696607589722,0.5,,,0.1953125,0.04600131559145825,1.8939201450881542,1.8945143268911526,1.8945143268911526,1695.0512059604155,1695.0512059604155,0.02505526260651717,0.02505526260651717,1.0,1.0,0.0005899526787219143,0.0005899526786885509,0.0,0.0,1.0,0.5,0.9472571634455763,0.023000657795729126,41.183916208704424,0.49999999999949996,0.0,0.0,0.0007669730111956596,0.0006823539733886719,0.006318642757833004,0.0,0.0,0,True,True,True,
42,dp_sgd_lr0p50,dp_sgd,6f5bfa6c60eeb2ad400161beec4006ab7b7da4908d9989b6db2c608560d2f56e,849,4,0.3357540965080261,0.5,,,0.1875,0.032184884138259214,1.8940301807089235,1.8943755169674787,1.8943755169674787,3463.1387320072163,3463.1387320072163,0.019223640755417007,0.019223640755417007,1.0,1.0,0.00028875539688667096,0.0002887553969394492,0.0,0.0,1.0,0.5,0.9471877584837394,0.016092442069129607,58.859168444165846,0.49999999999949996,0.0,0.0,0.0005741352215409279,0.0004848744720220566,0.006662198342382908,0.0,0.0,0,True,True,True,
42,dp_sgd_lr0p50,dp_sgd,6f5bfa6c60eeb2ad400161beec4006ab7b7da4908d9989b6db2c608560d2f56e,850,4,0.45841556787490845,0.5,,,0.21875,0.03688014719313597,1.9006350478600949,1.9008931179765982,1.9008931179765982,2655.9027897501783,2655.9027897501783,0.016697801824041243,0.016697801824041243,1.0,1.0,0.00037651980453643424,0.00037651980441112833,0.0,0.0,1.0,0.5,0.9504465589882991,0.018440073596567984,51.54244932697293,0.49999999999949996,0.11745793465524912,0.0,0.0006996225565671921,0.0005873609334230423,0.00600738450884819,0.0,0.0,0,True,True,True,
42,dp_sgd_lr0p50,dp_sgd,6f5bfa6c60eeb2ad400161beec4006ab7b7da4908d9989b6db2c608560d2f56e,851,4,0.6193521022796631,0.5,,,0.23828125,0.05248956406061933,1.894206559521672,1.8949445262052071,1.8949445262052071,1302.293103110679,1302.293103110679,0.027906459974331166,0.027906459974331166,1.0,1.0,0.0007678762924015711,0.0007678762923406437,0.0,0.0,1.0,0.5,0.9474722631026036,0.026244782030309666,36.10135767072793,0.49999999999949996,0.0,0.0,0.0006709257140755653,0.0005799736827611923,0.005968269892036915,0.0,0.0,0,True,True,True,
42,dp_sgd_lr0p50,dp_sgd,6f5bfa6c60eeb2ad400161beec4006ab7b7da4908d9989b6db2c608560d2f56e,852,4,0.5852123498916626,0.5,,,0.1953125,0.03616295729170763,1.8988694781353563,1.8991923426304465,1.8991923426304465,2757.1624195078666,2757.1624195078666,0.01844790045693179,0.01844790045693179,1.0,1.0,0.00036269172688547987,0.00036269172688804406,0.0,0.0,1.0,0.5,0.9495961713152232,0.018081478645853816,52.51761705232295,0.49999999999949996,0.0,0.0,0.0006399573758244514,0.0005943179130554199,0.005988047458231449,0.0,0.0,0,True,True,True,
42,dp_sgd_lr0p50,dp_sgd,6f5bfa6c60eeb2ad400161beec4006ab7b7da4908d9989b6db2c608560d2f56e,853,4,0.5094398260116577,0.5,,,0.21875,0.03692518297276324,1.8974232922180847,1.897708122906626,1.897708122906626,2640.481583339838,2640.481583339838,0.017442034512289907,0.017442034512289907,1.0,1.0,0.0003787187934109503,0.00037871879334574386,0.0,0.0,1.0,0.5,0.948854061453313,0.01846259148638162,51.3933302430384,0.49999999999949996,0.0,0.0,0.0006994865834712982,0.000606573186814785,0.006200364790856838,0.0,0.0,0,True,True,True,
42,dp_sgd_lr0p50,dp_sgd,6f5bfa6c60eeb2ad400161beec4006ab7b7da4908d9989b6db2c608560d2f56e,854,4,0.6618775129318237,0.5,,,0.26171875,0.058204820682434856,1.901605791680977,1.9024042988151137,1.9024042988151137,1067.3898570367396,1067.3898570367396,0.02901373841071576,0.02901373841071576,1.0,1.0,0.0009368648138372995,0.0009368648135565868,0.0,0.0,1.0,0.5,0.9512021494075569,0.029102410341217428,32.68465182857019,0.49999999999949996,0.0,0.0,0.0007260655984282494,0.000608367845416069,0.006199965253472328,0.0,0.0,0,True,True,True,
42,dp_sgd_lr0p50,dp_sgd,6f5bfa6c60eeb2ad400161beec4006ab7b7da4908d9989b6db2c608560d2f56e,855,4,0.3889417052268982,0.5,,,0.16796875,0.03383548912274951,1.895955433639726,1.8962156008138122,1.8962156008138122,3139.8675669432987,3139.8675669432987,0.016610499261890184,0.016610499261890184,1.0,1.0,0.0003184847697572641,0.00031848476983162586,0.0,0.0,1.0,0.5,0.9481078004069061,0.016917744561374754,56.04221040879812,0.49999999999949996,0.0,0.0,0.0005601439625024796,0.0004825657233595848,0.00631344597786665,0.0,0.0,0,True,True,True,
42,dp_sgd_lr0p50,dp_sgd,6f5bfa6c60eeb2ad400161beec4006ab7b7da4908d9989b6db2c608560d2f56e,856,4,0.4824899137020111,0.5,,,0.2265625,0.03433713870643042,1.8949042210743374,1.8952082757745419,1.8952082757745419,3045.413863385659,3045.413863385659,0.017913205780039663,0.017913205780039663,1.0,1.0,0.00032836259503982466,0.0003283625950277702,0.0,0.0,1.0,0.5,0.9476041378872709,0.01716856935321521,55.194123536834844,0.49999999999949996,0.0,0.0,0.0007751910015940666,0.0006726700812578201,0.006451454013586044,0.0,0.0,0,True,True,True,
42,dp_sgd_lr0p50,dp_sgd,6f5bfa6c60eeb2ad400161beec4006ab7b7da4908d9989b6db2c608560d2f56e,857,4,0.41500386595726013,0.5,,,0.1953125,0.03461852128877413,1.8940520698569165,1.8941584633766062,1.8941584633766062,2993.4141091339966,2993.4141091339966,0.012211458380842715,0.012211458380842715,1.0,1.0,0.00033406670868355314,0.000334066708733632,0.0,0.0,1.0,0.5,0.9470792316883031,0.017309260644387064,54.71517536716398,0.49999999999949996,0.0,0.0,0.0005618352442979813,0.00048455316573381424,0.006055800244212151,0.0,0.0,0,True,True,True,
42,dp_sgd_lr0p50,dp_sgd,6f5bfa6c60eeb2ad400161beec4006ab7b7da4908d9989b6db2c608560d2f56e,858,4,0.8392825722694397,0.5,,,0.21875,0.03960196701182399,1.9016170857048953,1.9021374293063158,1.9021374293063158,2305.7521696948697,2305.7521696948697,0.02354739965818828,0.02354739965818828,1.0,1.0,0.0004336979544052348,0.00043369795441748746,0.0,0.0,1.0,0.5,0.9510687146531579,0.019800983505911994,48.03138764906124,0.49999999999949996,0.0,0.0,0.0007614120841026306,0.0006394935771822929,0.006455203518271446,0.0,0.0,0,True,True,True,
42,dp_sgd_lr0p50,dp_sgd,6f5bfa6c60eeb2ad400161beec4006ab7b7da4908d9989b6db2c608560d2f56e,859,4,0.51640784740448,0.5,,,0.1953125,0.03238679807188495,1.902735889687521,1.9031452552610966,1.9031452552610966,3451.604229837295,3451.604229837295,0.021147287069345613,0.021147287069345613,1.0,1.0,0.00028972035391597816,0.0002897203538288321,0.0,0.0,1.0,0.5,0.9515726276305483,0.016193399035942475,58.76299506111705,0.49999999999949996,0.0,0.0,0.0005684057250618935,0.0004876013845205307,0.006682520732283592,0.0,0.0,0,True,True,True,
42,dp_sgd_lr0p50,dp_sgd,6f5bfa6c60eeb2ad400161beec4006ab7b7da4908d9989b6db2c608560d2f56e,860,4,0.599711537361145,0.5,,,0.23046875,0.04733141459879934,1.8952197413126335,1.895904677230858,1.895904677230858,1603.3198665594073,1603.3198665594073,0.02695099046541313,0.02695099046541313,1.0,1.0,0.0006237058620743366,0.0006237058621428481,0.0,0.0,1.0,0.5,0.947952338615429,0.02366570729939967,40.05594789890011,0.49999999999949996,0.0,0.0,0.0007268758490681648,0.0006459513679146767,0.006164036691188812,0.0,0.0,0,True,True,True,
42,dp_sgd_lr0p50,dp_sgd,6f5bfa6c60eeb2ad400161beec4006ab7b7da4908d9989b6db2c608560d2f56e,861,4,0.45224085450172424,0.5,,,0.19921875,0.033659695105462,1.8996612389615126,1.9000552899601273,1.9000552899601273,3185.165234923691,3185.165234923691,0.020563252131489417,0.020563252131489417,1.0,1.0,0.00031395545454050787,0.0003139554545782331,0.0,0.0,1.0,0.5,0.9500276449800636,0.016829847552731,56.44897506926334,0.49999999999949996,0.0,0.0,0.0005644857883453369,0.0004901597276329994,0.006416057236492634,0.0,0.0,0,True,True,True,
42,dp_sgd_lr0p50,dp_sgd,6f5bfa6c60eeb2ad400161beec4006ab7b7da4908d9989b6db2c608560d2f56e,862,4,0.6725454330444336,0.5,,,0.2265625,0.04005680445445591,1.8968035891831545,1.897303394274508,1.897303394274508,2242.291778433303,2242.291778433303,0.02303201097189148,0.02303201097189148,1.0,1.0,0.0004459722900447848,0.0004459722900699974,0.0,0.0,1.0,0.5,0.948651697137254,0.020028402227227956,47.365320824255654,0.49999999999949996,0.0,0.0,0.0007305722683668137,0.0006371010094881058,0.006236131303012371,0.0,0.0,0,True,True,True,
42,dp_sgd_lr0p50,dp_sgd,6f5bfa6c60eeb2ad400161beec4006ab7b7da4908d9989b6db2c608560d2f56e,863,4,0.5756309032440186,0.5,,,0.2109375,0.0401610784473341,1.902788806472381,1.9032145509321616,1.9032145509321616,2244.7627281188925,2244.7627281188925,0.021150590485284455,0.021150590485284455,1.0,1.0,0.00044548138066143213,0.00044548138079254275,0.0,0.0,1.0,0.5,0.9516072754660808,0.02008053922366705,47.38952798125665,0.49999999999949996,0.0,0.0,0.0005657356232404709,0.00048744212836027145,0.006645760498940945,0.0,0.0,0,True,True,True,
42,dp_sgd_lr0p50,dp_sgd,6f5bfa6c60eeb2ad400161beec4006ab7b7da4908d9989b6db2c608560d2f56e,864,4,0.41749387979507446,0.5,,,0.21875,0.043253663622607845,1.8970817865950569,1.8977598073954554,1.8977598073954554,1923.6511294274674,1923.6511294274674,0.027068632930658705,0.027068632930658705,1.0,1.0,0.0005198447806712448,0.0005198447808316988,0.0,0.0,1.0,0.5,0.9488799036977277,0.021626831811303922,43.87512289978098,0.49999999999949996,0.0,0.0,0.0005615055561065674,0.0004826383665204048,0.0059053003787994385,0.0,0.0,0,True,True,True,
42,dp_sgd_lr0p50,dp_sgd,6f5bfa6c60eeb2ad400161beec4006ab7b7da4908d9989b6db2c608560d2f56e,865,4,0.5615925788879395,0.5,,,0.1875,0.03714940769203763,1.894815160098608,1.8951130273532648,1.8951130273532648,2601.536441217282,2601.536441217282,0.01781882873771469,0.01781882873771469,1.0,1.0,0.0003843882343647726,0.0003843882343816734,0.0,0.0,1.0,0.5,0.9475565136766324,0.018574703846018815,51.01327706114208,0.49999999999949996,0.0,0.0,0.0007654726505279541,0.0006997380405664444,0.0066285282373428345,0.0,0.0,0,True,True,True,
42,dp_sgd_lr0p50,dp_sgd,6f5bfa6c60eeb2ad400161beec4006ab7b7da4908d9989b6db2c608560d2f56e,866,4,0.548690676689148,0.5,,,0.18359375,0.029671055208774846,1.898792221375323,1.8990635754767828,1.8990635754767828,4095.330011718418,4095.330011718418,0.016956783829689397,0.016956783829689397,1.0,1.0,0.0002441805656692937,0.00024418056571069935,0.0,0.0,1.0,0.5,0.9495317877383914,0.014835527604387423,64.00391094911753,0.49999999999949996,0.0,0.0,0.0005659181624650955,0.0004863794893026352,0.006372888572514057,0.0,0.0,0,True,True,True,
42,dp_sgd_lr0p50,dp_sgd,6f5bfa6c60eeb2ad400161beec4006ab7b7da4908d9989b6db2c608560d2f56e,867,4,0.6275359392166138,0.5,,,0.265625,0.04010478920251505,1.9046459988074254,1.9050728087503772,1.9050728087503772,2255.464839260484,2255.464839260484,0.021166965388321617,0.021166965388321617,1.0,1.0,0.0004433675852405944,0.0004433675852354603,0.0,0.0,1.0,0.5,0.9525364043751886,0.020052394601257524,47.50237681179239,0.49999999999949996,0.0,0.0,0.0007695043459534645,0.0006841467693448067,0.006367165595293045,0.0,0.0,0,True,True,True,
42,dp_sgd_lr0p50,dp_sgd,6f5bfa6c60eeb2ad400161beec4006ab7b7da4908d9989b6db2c608560d2f56e,868,4,0.5952341556549072,0.5,,,0.19921875,0.04727305695102015,1.899489100387635,1.9001147851373177,1.9001147851373177,1614.5304382084505,1614.5304382084505,0.025672894111915787,0.025672894111915787,1.0,1.0,0.000619375129689029,0.0006193751296058887,0.0,0.0,1.0,0.5,0.9500573925686588,0.023636528475510076,40.194455523061414,0.49999999999949996,0.0,0.0,0.000560796819627285,0.00048745330423116684,0.00664634071290493,0.0,0.0,0,True,True,True,
42,dp_sgd_lr0p50,dp_sgd,6f5bfa6c60eeb2ad400161beec4006ab7b7da4908d9989b6db2c608560d2f56e,869,4,0.43244919180870056,0.5,,,0.1796875,0.03949387460004587,1.8950360216701851,1.895362611572083,1.895362611572083,2302.3717786444417,2302.3717786444417,0.018687222474282453,0.018687222474282453,1.0,1.0,0.00043433471893377957,0.0004343347188558983,0.0,0.0,1.0,0.5,0.9476813057860415,0.019746937300022936,47.99130575742242,0.49999999999949996,0.0,0.0,0.0006596222519874573,0.0005834205076098442,0.00599314272403717,0.0,0.0,0,True,True,True,
42,dp_sgd_lr0p50,dp_sgd,6f5bfa6c60eeb2ad400161beec4006ab7b7da4908d9989b6db2c608560d2f56e,870,4,0.2471478283405304,0.5,,,0.14453125,0.01874666874904858,1.9063278217007305,1.9064620520951152,1.9064620520951152,10340.62907687581,10340.62907687581,0.012076586522136213,0.012076586522136213,1.0,1.0,9.670591505796445e-05,9.670591504489393e-05,0.0,0.0,1.0,0.5,0.9532310260475576,0.00937333437452429,101.6960441032212,0.49999999999949996,0.0,0.0,0.0006975950673222542,0.0006048195064067841,0.006184505298733711,0.0,0.0,0,True,True,True,
42,dp_sgd_lr0p50,dp_sgd,6f5bfa6c60eeb2ad400161beec4006ab7b7da4908d9989b6db2c608560d2f56e,871,4,0.3503083288669586,0.5,,,0.20703125,0.04280505079225459,1.9023148052880785,1.902957455282661,1.902957455282661,1975.0347541786412,1975.0347541786412,0.02625786047195579,0.02625786047195579,1.0,1.0,0.0005063202039043732,0.000506320203730603,0.0,0.0,1.0,0.5,0.9514787276413305,0.021402525396127296,44.45637652503571,0.49999999999949996,0.0,0.0,0.0007220162078738213,0.0006131306290626526,0.006240467540919781,0.0,0.0,0,True,True,True,
42,dp_sgd_lr0p50,dp_sgd,6f5bfa6c60eeb2ad400161beec4006ab7b7da4908d9989b6db2c608560d2f56e,872,4,0.6778684854507446,0.5,,,0.2421875,0.051344406536264084,1.8963006798893745,1.8971108626313966,1.8971108626313966,1364.0431987308762,1364.0431987308762,0.02930827058182788,0.02930827058182788,1.0,1.0,0.0007331146114366525,0.0007331146114249731,0.0,0.0,1.0,0.5,0.9485554313156983,0.025672203268132042,36.94873483867395,0.49999999999949996,0.0,0.0,0.0005992427468299866,0.0005059363320469856,0.005862829275429249,0.0,0.0,0,True,True,True,
42,dp_sgd_lr0p50,dp_sgd,6f5bfa6c60eeb2ad400161beec4006ab7b7da4908d9989b6db2c608560d2f56e,873,4,0.68309485912323,0.5,,,0.1796875,0.028405276289895445,1.8963348852433473,1.8964890052384478,1.8964890052384478,4456.891202361449,4456.891202361449,0.012914443310959077,0.012914443310959077,1.0,1.0,0.0002243716423300858,0.00022437164237898517,0.0,0.0,1.0,0.5,0.9482445026192239,0.014202638144947722,66.76537787381253,0.49999999999949996,0.0,0.0,0.0007296716794371605,0.0006349729374051094,0.006467090919613838,0.0,0.0,0,True,True,True,
42,dp_sgd_lr0p50,dp_sgd,6f5bfa6c60eeb2ad400161beec4006ab7b7da4908d9989b6db2c608560d2f56e,874,4,0.35965389013290405,0.5,,,0.18359375,0.031003575414141164,1.8941807155208747,1.8943467605224884,1.8943467605224884,3732.667107278395,3732.667107278395,0.013538621744920426,0.013538621744920426,1.0,1.0,0.00026790495112983967,0.00026790495113640327,0.0,0.0,1.0,0.5,0.9471733802612442,0.015501787707070582,61.1009128816881,0.49999999999949996,0.0,0.0,0.0006620725616812706,0.0006035668775439262,0.005967964418232441,0.0,0.0,0,True,True,True,
42,dp_sgd_lr0p50,dp_sgd,6f5bfa6c60eeb2ad400161beec4006ab7b7da4908d9989b6db2c608560d2f56e,875,4,0.3945544958114624,0.5,,,0.1953125,0.025805533231655863,1.8938115642748268,1.8939657969092818,1.8939657969092818,5385.770617347392,5385.770617347392,0.01278904972781934,0.01278904972781934,1.0,1.0,0.00018567445024061818,0.0001856744502641907,0.0,0.0,1.0,0.5,0.9469828984546409,0.012902766615827932,73.39378650928826,0.49999999999949996,0.0,0.0,0.0005708690732717514,0.00048667285591363907,0.0061318110674619675,0.0,0.0,0,True,True,True,
42,dp_sgd_lr0p50,dp_sgd,6f5bfa6c60eeb2ad400161beec4006ab7b7da4908d9989b6db2c608560d2f56e,876,4,0.5846792459487915,0.5,,,0.25,0.0423472286106573,1.90253968854055,1.9030869171634126,1.9030869171634126,2018.4475258137022,2018.4475258137022,0.02404649219036699,0.02404649219036699,1.0,1.0,0.0004954302683885508,0.000495430268470607,0.0,0.0,1.0,0.5,0.9515434585817063,0.02117361430532865,44.940058169346,0.49999999999949996,0.0,0.0,0.0007841857150197029,0.0006749043241143227,0.006610182113945484,0.0,0.0,0,True,True,True,
42,dp_sgd_lr0p50,dp_sgd,6f5bfa6c60eeb2ad400161beec4006ab7b7da4908d9989b6db2c608560d2f56e,877,4,0.44664090871810913,0.5,,,0.20703125,0.051776141879546295,1.8975728032964918,1.8980684608055414,1.8980684608055414,1343.190226334768,1343.190226334768,0.023211003084807554,0.023211003084807554,1.0,1.0,0.0007444961852912271,0.0007444961854763966,0.0,0.0,1.0,0.5,0.9490342304027707,0.025888070939773147,36.659132794172876,0.49999999999949996,0.0,0.0,0.000818232074379921,0.0006860122084617615,0.00682869553565979,0.0,0.0,0,True,True,True,
42,dp_sgd_lr0p50,dp_sgd,6f5bfa6c60eeb2ad400161beec4006ab7b7da4908d9989b6db2c608560d2f56e,878,4,0.5387157201766968,0.5,,,0.203125,0.027242970066182436,1.89824265528218,1.8985014414973858,1.8985014414973858,4855.059418189122,4855.059418189122,0.016673406585463204,0.016673406585463204,1.0,1.0,0.00020597070241940048,0.0002059707024050224,0.0,0.0,1.0,0.5,0.9492507207486929,0.013621485033091218,69.6877556575478,0.49999999999949996,0.0,0.0,0.0005669025704264641,0.0004881182685494423,0.006679304875433445,0.0,0.0,0,True,True,True,
42,dp_sgd_lr0p50,dp_sgd,6f5bfa6c60eeb2ad400161beec4006ab7b7da4908d9989b6db2c608560d2f56e,879,4,0.7124914526939392,0.5,,,0.1875,0.030039228674488033,1.9000792658934769,1.900314642437666,1.900314642437666,4000.975419864243,4000.975419864243,0.015738904786582048,0.015738904786582048,1.0,1.0,0.00024993905084411713,0.0002499390508825688,0.0,0.0,1.0,0.5,0.950157321218833,0.015019614337244016,63.261099774011804,0.49999999999949996,0.0,0.0,0.000704021193087101,0.0006132367998361588,0.006249519065022469,0.0,0.0,0,True,True,True,
42,dp_sgd_lr0p50,dp_sgd,6f5bfa6c60eeb2ad400161beec4006ab7b7da4908d9989b6db2c608560d2f56e,880,4,0.7840785980224609,0.5,,,0.203125,0.03822419628900289,1.898048701731624,1.8984876114154345,1.8984876114154345,2465.6871847448997,2465.6871847448997,0.02154819414358621,0.02154819414358621,1.0,1.0,0.000405566450400626,0.00040556645036924336,0.0,0.0,1.0,0.5,0.9492438057077173,0.019112098144501447,49.66716885195296,0.49999999999949996,0.0,0.0,0.0006959810853004456,0.0006324602290987968,0.0062102992087602615,0.0,0.0,0,True,True,True,
42,dp_sgd_lr0p50,dp_sgd,6f5bfa6c60eeb2ad400161beec4006ab7b7da4908d9989b6db2c608560d2f56e,881,4,0.7830048203468323,0.5,,,0.15234375,0.0268935215892783,1.9008658021062033,1.9010252758994035,1.9010252758994035,4995.828998599575,4995.828998599575,0.013002998744774605,0.013002998744774605,1.0,1.0,0.00020016697907342628,0.00020016697908666918,0.0,0.0,1.0,0.5,0.9505126379497018,0.01344676079463915,70.68710839698714,0.49999999999949996,0.0,0.0,0.0005883937701582909,0.00048112310469150543,0.0058125704526901245,0.0,0.0,0,True,True,True,
42,dp_sgd_lr0p50,dp_sgd,6f5bfa6c60eeb2ad400161beec4006ab7b7da4908d9989b6db2c608560d2f56e,882,4,0.7612965703010559,0.5,,,0.24609375,0.03388059587888037,1.8978958598055713,1.8982608044439966,1.8982608044439966,3137.9258477018834,3137.9258477018834,0.019694573789421087,0.019694573789421087,1.0,1.0,0.00031868184516244396,0.0003186818452231512,0.0,0.0,1.0,0.5,0.9491304022219983,0.016940297939440185,56.02796394484994,0.49999999999949996,0.0,0.0,0.0007548574358224869,0.0006416579708456993,0.006453481502830982,0.0,0.0,0,True,True,True,
42,dp_sgd_lr0p50,dp_sgd,6f5bfa6c60eeb2ad400161beec4006ab7b7da4908d9989b6db2c608560d2f56e,883,4,0.29356515407562256,0.5,,,0.19140625,0.04513287999492899,1.8987172944584039,1.8994360789731883,1.8994360789731883,1769.8420827707282,1769.8420827707282,0.027803548124601882,0.027803548124601882,1.0,1.0,0.0005650221617192401,0.0005650221617523946,0.0,0.0,1.0,0.5,0.9497180394865942,0.022566439997464494,42.08541708622258,0.49999999999949996,0.0,0.0,0.0005614170804619789,0.0005115959793329239,0.005730633623898029,0.0,0.0,0,True,True,True,
42,dp_sgd_lr0p50,dp_sgd,6f5bfa6c60eeb2ad400161beec4006ab7b7da4908d9989b6db2c608560d2f56e,884,4,0.6163750886917114,0.5,,,0.2109375,0.04040910846539919,1.9006056650912926,1.9009154854974766,1.9009154854974766,2212.2056689839133,2212.2056689839133,0.01829532308831439,0.01829532308831439,1.0,1.0,0.00045203753584386377,0.00045203753588669404,0.0,0.0,1.0,0.5,0.9504577427487383,0.020204554232699595,47.041757603513474,0.49999999999949996,0.0,0.0,0.000760137103497982,0.0006677713245153427,0.006722710095345974,0.0,0.0,0,True,True,True,
42,dp_sgd_lr0p50,dp_sgd,6f5bfa6c60eeb2ad400161beec4006ab7b7da4908d9989b6db2c608560d2f56e,885,4,0.335724800825119,0.5,,,0.1796875,0.03320533268122939,1.9005629712412302,1.9009405605807452,1.9009405605807452,3276.037431966281,3276.037431966281,0.020104138888859046,0.020104138888859046,1.0,1.0,0.0003052468171868751,0.00030524681709347856,0.0,0.0,1.0,0.5,0.9504702802903726,0.016602666340614695,57.248050447656865,0.49999999999949996,0.0,0.0,0.0005656285211443901,0.0004902239888906479,0.006242574192583561,0.0,0.0,0,True,True,True,
42,dp_sgd_lr0p50,dp_sgd,6f5bfa6c60eeb2ad400161beec4006ab7b7da4908d9989b6db2c608560d2f56e,886,4,0.7954622507095337,0.5,,,0.2265625,0.042666535695707795,1.899971965834381,1.9005338818954651,1.9005338818954651,1982.985881376459,1982.985881376459,0.024392882805145035,0.024392882805145035,1.0,1.0,0.0005042900248771659,0.0005042900248644496,0.0,0.0,1.0,0.5,0.9502669409477326,0.021333267847853898,44.543899588209804,0.49999999999949996,0.0,0.0,0.0007660174742341042,0.0006965687498450279,0.006629733368754387,0.0,0.0,0,True,True,True,
42,dp_sgd_lr0p50,dp_sgd,6f5bfa6c60eeb2ad400161beec4006ab7b7da4908d9989b6db2c608560d2f56e,887,4,0.4348612427711487,0.5,,,0.19921875,0.05024497867775198,1.8967963136582486,1.897505804854189,1.897505804854189,1425.135180804421,1425.135180804421,0.02735774198025483,0.02735774198025483,1.0,1.0,0.0007016878209680857,0.0007016878208187339,0.0,0.0,1.0,0.5,0.9487529024270945,0.02512248933887599,37.76508329217099,0.49999999999949996,0.0,0.0,0.0005667945370078087,0.0004886100068688393,0.006628170609474182,0.0,0.0,0,True,True,True,
42,dp_sgd_lr0p50,dp_sgd,6f5bfa6c60eeb2ad400161beec4006ab7b7da4908d9989b6db2c608560d2f56e,888,4,0.4121120274066925,0.5,,,0.203125,0.04767130774830509,1.8998728437965249,1.900591733981987,1.900591733981987,1588.3087857237044,1588.3087857237044,0.027618467177095984,0.027618467177095984,1.0,1.0,0.0006296004961680323,0.0006296004961099174,0.0,0.0,1.0,0.5,0.9502958669909936,0.023835653874152544,39.8686720309204,0.49999999999949996,0.0,0.0,0.0007423274219036102,0.0006499150767922401,0.006447780877351761,0.0,0.0,0,True,True,True,
42,dp_sgd_lr0p50,dp_sgd,6f5bfa6c60eeb2ad400161beec4006ab7b7da4908d9989b6db2c608560d2f56e,889,4,0.5635565519332886,0.5,,,0.24609375,0.04460331427983438,1.8989695928193848,1.8994931052688537,1.8994931052688537,1812.599100745976,1812.599100745976,0.02347630428069656,0.02347630428069656,1.0,1.0,0.0005516939730829184,0.0005516939729777464,0.0,0.0,1.0,0.5,0.9497465526344269,0.02230165713991719,42.58636686203521,0.49999999999949996,0.0,0.0,0.0007226532325148582,0.0006110183894634247,0.0061883339658379555,0.0,0.0,0,True,True,True,
42,dp_sgd_lr0p50,dp_sgd,6f5bfa6c60eeb2ad400161beec4006ab7b7da4908d9989b6db2c608560d2f56e,890,4,0.5473754405975342,0.5,,,0.21484375,0.04487196544740546,1.901908930881971,1.9024841332796874,1.9024841332796874,1796.5083916144454,1796.5083916144454,0.024609803080221017,0.024609803080221017,1.0,1.0,0.0005566353066708567,0.0005566353066571256,0.0,0.0,1.0,0.5,0.9512420666398437,0.02243598272370273,42.39805665354235,0.49999999999949996,0.0,0.0,0.0005649048835039139,0.00048132799565792084,0.006205203011631966,0.0,0.0,0,True,True,True,
42,dp_sgd_lr0p50,dp_sgd,6f5bfa6c60eeb2ad400161beec4006ab7b7da4908d9989b6db2c608560d2f56e,891,4,0.4343087375164032,0.5,,,0.171875,0.043985486302715295,1.9021534292108842,1.9026213964745755,1.9026213964745755,1870.132135971099,1870.132135971099,0.022197000599775165,0.022197000599775165,1.0,1.0,0.0005347215740793557,0.0005347215740708255,0.0,0.0,1.0,0.5,0.9513106982372878,0.021992743151357647,43.255663545332055,0.49999999999949996,0.0,0.0,0.0007527275010943413,0.0006620697677135468,0.0064556049183011055,0.0,0.0,0,True,True,True,
42,dp_sgd_lr0p50,dp_sgd,6f5bfa6c60eeb2ad400161beec4006ab7b7da4908d9989b6db2c608560d2f56e,892,4,0.35509371757507324,0.5,,,0.171875,0.03175581689113097,1.8987689790474267,1.899065955898699,1.899065955898699,3575.1780653251067,3575.1780653251067,0.01771206119404257,0.01771206119404257,1.0,1.0,0.00027970634769408317,0.0002797063476291252,0.0,0.0,1.0,0.5,0.9495329779493495,0.015877908445565483,59.80214466816258,0.49999999999949996,0.0,0.0,0.0005727913230657578,0.00048775598406791687,0.0062688542529940605,0.0,0.0,0,True,True,True,
42,dp_sgd_lr0p50,dp_sgd,6f5bfa6c60eeb2ad400161beec4006ab7b7da4908d9989b6db2c608560d2f56e,893,4,0.45327696204185486,0.5,,,0.21484375,0.02829646869543424,1.89752154729409,1.8977147384236899,1.8977147384236899,4496.85569389912,4496.85569389912,0.014282452354193627,0.014282452354193627,1.0,1.0,0.00022237760489123517,0.0002223776048825957,0.0,0.0,1.0,0.5,0.9488573692118449,0.01414823434771712,67.06542638642975,0.49999999999949996,0.0,0.0,0.0007512541487812996,0.0006682230159640312,0.006446989253163338,0.0,0.0,0,True,True,True,
42,dp_sgd_lr0p50,dp_sgd,6f5bfa6c60eeb2ad400161beec4006ab7b7da4908d9989b6db2c608560d2f56e,894,4,0.49972960352897644,0.5,,,0.1796875,0.027811596503623956,1.8961224572794788,1.896273911830723,1.896273911830723,4648.158442366171,4648.158442366171,0.012778738691072614,0.012778738691072614,1.0,1.0,0.00021513896548625746,0.00021513896545064795,0.0,0.0,1.0,0.5,0.9481369559153615,0.013905798251811978,68.18284996502325,0.49999999999949996,0.0,0.0,0.0005649495869874954,0.0004891231656074524,0.00620874110609293,0.0,0.0,0,True,True,True,
42,dp_sgd_lr0p50,dp_sgd,6f5bfa6c60eeb2ad400161beec4006ab7b7da4908d9989b6db2c608560d2f56e,895,4,0.5994666814804077,0.5,,,0.26171875,0.055829234563371175,1.8934011864846343,1.8941407238983379,1.8941407238983379,1150.1697534495693,1150.1697534495693,0.02798118402967322,0.02798118402967322,1.0,1.0,0.0008694368780605707,0.0008694368782011376,0.0,0.0,1.0,0.5,0.9470703619491689,0.027914617281685587,33.9273991242073,0.49999999999949996,0.0,0.0,0.0007323240861296654,0.0006628520786762238,0.00644196942448616,0.0,0.0,0,True,True,True,
42,dp_sgd_lr0p50,dp_sgd,6f5bfa6c60eeb2ad400161beec4006ab7b7da4908d9989b6db2c608560d2f56e,896,4,0.46149104833602905,0.5,,,0.19921875,0.0490191725738409,1.8965302550747898,1.8973072689191128,1.8973072689191128,1496.8821101909966,1496.8821101909966,0.028766067480106502,0.028766067480106502,1.0,1.0,0.0006680552815585178,0.0006680552812777173,0.0,0.0,1.0,0.5,0.9486536344595564,0.02450958628692045,38.705411968830354,0.49999999999949996,0.0,0.0,0.0005711037665605545,0.00048351753503084183,0.005907507613301277,0.0,0.0,0,True,True,True,
42,dp_sgd_lr0p50,dp_sgd,6f5bfa6c60eeb2ad400161beec4006ab7b7da4908d9989b6db2c608560d2f56e,897,4,0.3633866310119629,0.5,,,0.18359375,0.03396351598908993,1.8951141636614608,1.8954466419506206,1.8954466419506206,3113.4756117811407,3113.4756117811407,0.018747657338993064,0.018747657338993064,1.0,1.0,0.00032118446515170727,0.00032118446519280747,0.0,0.0,1.0,0.5,0.9477233209753103,0.016981757994544964,55.80831626642768,0.49999999999949996,0.0,0.0,0.0007303552702069283,0.0006377203390002251,0.010030915960669518,0.0,0.0,0,True,True,True,
42,dp_sgd_lr0p50,dp_sgd,6f5bfa6c60eeb2ad400161beec4006ab7b7da4908d9989b6db2c608560d2f56e,898,4,0.5416737794876099,0.5,,,0.203125,0.04563410196146474,1.8994597486449565,1.9001566900210236,1.9001566900210236,1732.5316325471908,1732.5316325471908,0.027277563767607062,0.027277563767607062,1.0,1.0,0.0005771900384002287,0.0005771900385587933,0.0,0.0,1.0,0.5,0.9500783450105118,0.02281705098073237,41.63896314958305,0.49999999999949996,0.0,0.0,0.0007595466449856758,0.0006502214819192886,0.006446764804422855,0.0,0.0,0,True,True,True,
42,dp_sgd_lr0p50,dp_sgd,6f5bfa6c60eeb2ad400161beec4006ab7b7da4908d9989b6db2c608560d2f56e,899,4,0.4455164074897766,0.5,0.5047852454960347,0.919,0.21875,0.024974589121493185,1.8952374622742096,1.8954015411467176,1.8954015411467176,5758.78095726906,5758.78095726906,0.013157753687532525,0.013157753687532525,1.0,1.0,0.00017364786155552717,0.00017364786159528172,0.0,0.0,1.0,0.5,0.9477007705733588,0.012487294560746593,75.89320215737781,0.49999999999949996,0.0,0.0,0.0005663866177201271,0.0004808744415640831,0.006157958880066872,0.0,0.0,0,True,True,True,
42,dp_sgd_lr0p50,dp_sgd,6f5bfa6c60eeb2ad400161beec4006ab7b7da4908d9989b6db2c608560d2f56e,900,4,0.5951052904129028,0.5,,,0.21875,0.022266415995780022,1.8919241970012475,1.8919891722364524,1.8919891722364524,7219.49508999942,7219.49508999942,0.00880242531208477,0.00880242531208477,1.0,1.0,0.00013851384141364258,0.000138513841433809,0.0,0.0,1.0,0.5,0.9459945861182262,0.011133207997890011,84.97053016637635,0.49999999999949996,0.11904205288738012,0.0,0.0006949128583073616,0.0006369613111019135,0.006495565176010132,0.0,0.0,0,True,True,True,
42,dp_sgd_lr0p50,dp_sgd,6f5bfa6c60eeb2ad400161beec4006ab7b7da4908d9989b6db2c608560d2f56e,901,4,0.32470861077308655,0.5,,,0.1484375,0.022712745735504844,1.89649755505089,1.8966068788734587,1.8966068788734587,6972.127095004208,6972.127095004208,0.010800917647555735,0.010800917647555735,1.0,1.0,0.00014342825144105339,0.00014342825143970998,0.0,0.0,1.0,0.5,0.9483034394367293,0.011356372867752422,83.50407743708641,0.49999999999949996,0.0,0.0,0.0005855383351445198,0.0004975060001015663,0.005741521716117859,0.0,0.0,0,True,True,True,
42,dp_sgd_lr0p50,dp_sgd,6f5bfa6c60eeb2ad400161beec4006ab7b7da4908d9989b6db2c608560d2f56e,902,4,0.413613498210907,0.5,,,0.24609375,0.036592216678361,1.8969488695618775,1.897188871858894,1.897188871858894,2687.4092765549117,2687.4092765549117,0.016202218847079692,0.016202218847079692,1.0,1.0,0.00037210558435476837,0.0003721055843554605,0.0,0.0,1.0,0.5,0.948594435929447,0.0182961083391805,51.84678721245967,0.49999999999949996,0.0,0.0,0.0007976917549967766,0.0006758915260434151,0.006528886966407299,0.0,0.0,0,True,True,True,
42,dp_sgd_lr0p50,dp_sgd,6f5bfa6c60eeb2ad400161beec4006ab7b7da4908d9989b6db2c608560d2f56e,903,4,0.581127405166626,0.5,,,0.2109375,0.038947414914428456,1.8967184191984778,1.8970844869511043,1.8970844869511043,2371.6382641715863,2371.6382641715863,0.019663190104559497,0.019663190104559497,1.0,1.0,0.00042164946250341573,0.00042164946247499923,0.0,0.0,1.0,0.5,0.9485422434755522,0.019473707457214228,48.70886786765642,0.49999999999949996,0.0,0.0,0.0005655111744999886,0.0004978934302926064,0.006628550589084625,0.0,0.0,0,True,True,True,
42,dp_sgd_lr0p50,dp_sgd,6f5bfa6c60eeb2ad400161beec4006ab7b7da4908d9989b6db2c608560d2f56e,904,4,0.47565945982933044,0.5,,,0.23828125,0.059515063717807425,1.9008542827689061,1.9017981437662763,1.9017981437662763,1020.1025785963008,1020.1025785963008,0.031502310124824226,0.031502310124824226,1.0,1.0,0.0009802935711557925,0.0009802935710000584,0.0,0.0,1.0,0.5,0.9508990718831382,0.029757531858903712,31.954903933562154,0.49999999999949996,0.0,0.0,0.0007141111418604851,0.0006282040849328041,0.00624249130487442,0.0,0.0,0,True,True,True,
42,dp_sgd_lr0p50,dp_sgd,6f5bfa6c60eeb2ad400161beec4006ab7b7da4908d9989b6db2c608560d2f56e,905,4,0.5394972562789917,0.5,,,0.18359375,0.03276821292410785,1.895115572479189,1.8954246539828772,1.8954246539828772,3344.767127210487,3344.767127210487,0.018075618005680326,0.018075618005680326,1.0,1.0,0.0002989744759607238,0.00029897447603076247,0.0,0.0,1.0,0.5,0.9477123269914386,0.016384106462053925,57.84339409222743,0.49999999999949996,0.0,0.0,0.0005638105794787407,0.0004851119592785835,0.00664973258972168,0.0,0.0,0,True,True,True,
42,dp_sgd_lr0p50,dp_sgd,6f5bfa6c60eeb2ad400161beec4006ab7b7da4908d9989b6db2c608560d2f56e,906,4,0.40905505418777466,0.5,,,0.1875,0.020617537640852755,1.9027374781544486,1.9028604452735958,1.9028604452735958,8516.95106248783,8516.95106248783,0.011381519095511822,0.011381519095511822,1.0,1.0,0.00011741290871702367,0.00011741290872382452,0.0,0.0,1.0,0.5,0.9514302226367979,0.010308768820426377,92.29329312917436,0.49999999999949996,0.0,0.0,0.00069455336779356,0.0006388723850250244,0.006250927224755287,0.0,0.0,0,True,True,True,
42,dp_sgd_lr0p50,dp_sgd,6f5bfa6c60eeb2ad400161beec4006ab7b7da4908d9989b6db2c608560d2f56e,907,4,0.5600605010986328,0.5,,,0.20703125,0.03832663611584948,1.8976065658956809,1.89790433363099,1.89790433363099,2451.3817111459484,2451.3817111459484,0.017865695644887967,0.017865695644887967,1.0,1.0,0.0004079332054947431,0.0004079332054612592,0.0,0.0,1.0,0.5,0.948952166815495,0.01916331805792474,49.51919933163918,0.49999999999949996,0.0,0.0,0.0005658185109496117,0.0004850486293435097,0.006351890042424202,0.0,0.0,0,True,True,True,
42,dp_sgd_lr0p50,dp_sgd,6f5bfa6c60eeb2ad400161beec4006ab7b7da4908d9989b6db2c608560d2f56e,908,4,0.44818463921546936,0.5,,,0.203125,0.04835044515088636,1.8923336694376691,1.8929097657764267,1.8929097657764267,1531.7732441733813,1531.7732441733813,0.02468466374098262,0.02468466374098262,1.0,1.0,0.0006528381425748235,0.0006528381426748825,0.0,0.0,1.0,0.5,0.9464548828882133,0.02417522257544318,39.14978982698004,0.49999999999949996,0.0,0.0,0.0007019182667136192,0.0006045233458280563,0.006213446147739887,0.0,0.0,0,True,True,True,
42,dp_sgd_lr0p50,dp_sgd,6f5bfa6c60eeb2ad400161beec4006ab7b7da4908d9989b6db2c608560d2f56e,909,4,0.7201743125915527,0.5,,,0.21484375,0.05229487083387809,1.897356767449991,1.89815004285842,1.89815004285842,1316.3755640959841,1316.3755640959841,0.02894132826142097,0.02894132826142097,1.0,1.0,0.0007596616246221531,0.0007596616245729804,0.0,0.0,1.0,0.5,0.94907502142921,0.026147435416939046,36.29705958765177,0.49999999999949996,0.0,0.0,0.0005599828436970711,0.00048478227108716965,0.006493671797215939,0.0,0.0,0,True,True,True,
42,dp_sgd_lr0p50,dp_sgd,6f5bfa6c60eeb2ad400161beec4006ab7b7da4908d9989b6db2c608560d2f56e,910,4,0.676727294921875,0.5,,,0.21484375,0.03534448790654,1.904245946471713,1.904652589178711,1.904652589178711,2902.7036018374965,2902.7036018374965,0.020782356145558355,0.020782356145558355,1.0,1.0,0.000344506410701459,0.0003445064107776235,0.0,0.0,1.0,0.5,0.9523262945893555,0.01767224395327,53.88824967862968,0.49999999999949996,0.0,0.0,0.0007079225033521652,0.0006135059520602226,0.006202083081007004,0.0,0.0,0,True,True,True,
42,dp_sgd_lr0p50,dp_sgd,6f5bfa6c60eeb2ad400161beec4006ab7b7da4908d9989b6db2c608560d2f56e,911,4,0.408212274312973,0.5,,,0.234375,0.03041814149041246,1.8992276009506397,1.8995405821804554,1.8995405821804554,3898.4204308270846,3898.4204308270846,0.018295157378864835,0.018295157378864835,1.0,1.0,0.0002565141489130741,0.00025651414893612483,0.0,0.0,1.0,0.5,0.9497702910902277,0.01520907074520623,62.447621353009986,0.49999999999949996,0.0,0.0,0.0005934387445449829,0.00048741232603788376,0.00599152036011219,0.0,0.0,0,True,True,True,
42,dp_sgd_lr0p50,dp_sgd,6f5bfa6c60eeb2ad400161beec4006ab7b7da4908d9989b6db2c608560d2f56e,912,4,0.5203179717063904,0.5,,,0.19921875,0.035499816524388654,1.9024074916013756,1.9027284853225463,1.9027284853225463,2871.80453994462,2871.80453994462,0.018370021278663724,0.018370021278663724,1.0,1.0,0.00034821311314784195,0.00034821311317166404,0.0,0.0,1.0,0.5,0.9513642426612732,0.017749908262194327,53.598262512375534,0.49999999999949996,0.0,0.0,0.0007684407755732536,0.0006735827773809433,0.0063164569437503815,0.0,0.0,0,True,True,True,
42,dp_sgd_lr0p50,dp_sgd,6f5bfa6c60eeb2ad400161beec4006ab7b7da4908d9989b6db2c608560d2f56e,913,4,0.7734711170196533,0.5,,,0.20703125,0.04640443179088983,1.8974707108702162,1.8981168647999604,1.8981168647999604,1671.9806351712068,1671.9806351712068,0.026145839108896205,0.026145839108896205,1.0,1.0,0.0005980930511392774,0.0005980930511639018,0.0,0.0,1.0,0.5,0.9490584323999802,0.023202215895444914,40.90378421767021,0.49999999999949996,0.0,0.0,0.0005661174654960632,0.0005520544946193695,0.006693405099213123,0.0,0.0,0,True,True,True,
42,dp_sgd_lr0p50,dp_sgd,6f5bfa6c60eeb2ad400161beec4006ab7b7da4908d9989b6db2c608560d2f56e,914,4,0.6379497647285461,0.5,,,0.2265625,0.03204388468481007,1.8972363011519664,1.8974854822786995,1.8974854822786995,3505.520657145693,3505.520657145693,0.016219511282147554,0.016219511282147554,1.0,1.0,0.00028526432927657164,0.0002852643293525855,0.0,0.0,1.0,0.5,0.9487427411393498,0.016021942342405036,59.21521378647777,0.49999999999949996,0.0,0.0,0.0007206248119473457,0.0006094463169574738,0.006222164258360863,0.0,0.0,0,True,True,True,
42,dp_sgd_lr0p50,dp_sgd,6f5bfa6c60eeb2ad400161beec4006ab7b7da4908d9989b6db2c608560d2f56e,915,4,0.5969539880752563,0.5,,,0.21875,0.03353449644101058,1.8991742811142145,1.8995628601721308,1.8995628601721308,3207.3478372499962,3207.3478372499962,0.02041315590102036,0.02041315590102036,1.0,1.0,0.0003117840813822973,0.00031178408155155095,0.0,0.0,1.0,0.5,0.9497814300860654,0.01676724822050529,56.645039039136876,0.49999999999949996,0.0,0.0,0.0005663968622684479,0.0004896828904747963,0.006654706783592701,0.0,0.0,0,True,True,True,
42,dp_sgd_lr0p50,dp_sgd,6f5bfa6c60eeb2ad400161beec4006ab7b7da4908d9989b6db2c608560d2f56e,916,4,0.8145224452018738,0.5,,,0.19921875,0.0372744903885143,1.8976102633318455,1.8980251626446298,1.8980251626446298,2591.7351079773457,2591.7351079773457,0.02094898433028486,0.02094898433028486,1.0,1.0,0.0003858419003554748,0.0003858419003663687,0.0,0.0,1.0,0.5,0.9490125813223149,0.01863724519425715,50.92021762764714,0.49999999999949996,0.0,0.0,0.0006921142339706421,0.0006047254428267479,0.006156988441944122,0.0,0.0,0,True,True,True,
42,dp_sgd_lr0p50,dp_sgd,6f5bfa6c60eeb2ad400161beec4006ab7b7da4908d9989b6db2c608560d2f56e,917,4,0.34888169169425964,0.5,,,0.171875,0.026979043451250004,1.8988588348888271,1.8989594456931402,1.8989594456931402,4953.7292180824015,4953.7292180824015,0.010832760454749181,0.010832760454749181,1.0,1.0,0.00020186811886600267,0.00020186811888512588,0.0,0.0,1.0,0.5,0.9494797228465701,0.013489521725625002,70.3864630702607,0.49999999999949996,0.0,0.0,0.0007004663348197937,0.0006073368713259697,0.006202053278684616,0.0,0.0,0,True,True,True,
42,dp_sgd_lr0p50,dp_sgd,6f5bfa6c60eeb2ad400161beec4006ab7b7da4908d9989b6db2c608560d2f56e,918,4,0.3866767883300781,0.5,,,0.1796875,0.025556827502777258,1.90260642567158,1.9026908856502307,1.9026908856502307,5542.223484595166,5542.223484595166,0.010020687243821375,0.010020687243821375,1.0,1.0,0.00018043299792009932,0.00018043299795449862,0.0,0.0,1.0,0.5,0.9513454428251154,0.012778413751388629,74.44941612156542,0.49999999999949996,0.0,0.0,0.0005683070048689842,0.0004919888451695442,0.006663701497018337,0.0,0.0,0,True,True,True,
42,dp_sgd_lr0p50,dp_sgd,6f5bfa6c60eeb2ad400161beec4006ab7b7da4908d9989b6db2c608560d2f56e,919,4,0.5520774126052856,0.5,,,0.21875,0.032698016557729886,1.8950739619778867,1.8953504439523559,1.8953504439523559,3358.996178883696,3358.996178883696,0.017080852224287305,0.017080852224287305,1.0,1.0,0.00029770798947343274,0.0002977079894249107,0.0,0.0,1.0,0.5,0.9476752219761779,0.016349008278864943,57.965303200886666,0.49999999999949996,0.0,0.0,0.0006976872682571411,0.0006090318784117699,0.0061868587508797646,0.0,0.0,0,True,True,True,
42,dp_sgd_lr0p50,dp_sgd,6f5bfa6c60eeb2ad400161beec4006ab7b7da4908d9989b6db2c608560d2f56e,920,4,0.4047154486179352,0.5,,,0.22265625,0.02998676222253441,1.9001354155469585,1.9003249335069905,1.9003249335069905,4015.225610626575,4015.225610626575,0.014209642873383332,0.014209642873383332,1.0,1.0,0.0002490520074989213,0.0002490520074433868,0.0,0.0,1.0,0.5,0.9501624667534952,0.014993381111267206,63.372127983600464,0.49999999999949996,0.0,0.0,0.000571688637137413,0.0004927776753902435,0.006270855665206909,0.0,0.0,0,True,True,True,
42,dp_sgd_lr0p50,dp_sgd,6f5bfa6c60eeb2ad400161beec4006ab7b7da4908d9989b6db2c608560d2f56e,921,4,0.699366569519043,0.5,,,0.1953125,0.034374075130175666,1.901954480413685,1.9021677435073336,1.9021677435073336,3061.5277013798177,3061.5277013798177,0.015239336884587106,0.015239336884587106,1.0,1.0,0.0003266343135496377,0.0003266343135972059,0.0,0.0,1.0,0.5,0.9510838717536668,0.017187037565087833,55.337277765091635,0.49999999999949996,0.0,0.0,0.000621521845459938,0.0006247516721487045,0.006221798248589039,0.0,0.0,0,True,True,True,
42,dp_sgd_lr0p50,dp_sgd,6f5bfa6c60eeb2ad400161beec4006ab7b7da4908d9989b6db2c608560d2f56e,922,4,0.26674678921699524,0.5,,,0.16796875,0.026272804000304285,1.8941691911960141,1.8943629362788263,1.8943629362788263,5197.861275418805,5197.861275418805,0.014308451172037094,0.014308451172037094,1.0,1.0,0.00019238681941745737,0.00019238681942157534,0.0,0.0,1.0,0.5,0.9471814681394132,0.013136402000152142,72.1035690028624,0.49999999999949996,0.0,0.0,0.0007244860753417015,0.0006126668304204941,0.006207171827554703,0.0,0.0,0,True,True,True,
42,dp_sgd_lr0p50,dp_sgd,6f5bfa6c60eeb2ad400161beec4006ab7b7da4908d9989b6db2c608560d2f56e,923,4,0.4301047921180725,0.5,,,0.19921875,0.03366823963087853,1.8909093748060024,1.8911898638863145,1.8911898638863145,3154.282674368787,3154.282674368787,0.017231689582506583,0.017231689582506583,1.0,1.0,0.0003170292907618526,0.0003170292907618839,0.0,0.0,1.0,0.5,0.9455949319431572,0.016834119815439266,56.17133192908261,0.49999999999949996,0.0,0.0,0.0005686664953827858,0.0004864232614636421,0.006667102687060833,0.0,0.0,0,True,True,True,
42,dp_sgd_lr0p50,dp_sgd,6f5bfa6c60eeb2ad400161beec4006ab7b7da4908d9989b6db2c608560d2f56e,924,4,0.486211359500885,0.5,,,0.2109375,0.035743149748854,1.8967823593068516,1.8972447933802425,1.8972447933802425,2816.1083621926173,2816.1083621926173,0.02235587288602616,0.02235587288602616,1.0,1.0,0.00035509997152183075,0.0003550999715329244,0.0,0.0,1.0,0.5,0.9486223966901213,0.017871574874427,53.07995536501123,0.49999999999949996,0.0,0.0,0.000695069320499897,0.0006042011082172394,0.006209297105669975,0.0,0.0,0,True,True,True,
42,dp_sgd_lr0p50,dp_sgd,6f5bfa6c60eeb2ad400161beec4006ab7b7da4908d9989b6db2c608560d2f56e,925,4,0.5322058200836182,0.5,,,0.18359375,0.031502594545958655,1.8980312033124866,1.8982782282373887,1.8982782282373887,3630.0620446707235,3630.0620446707235,0.016138580809276465,0.016138580809276465,1.0,1.0,0.0002754773848728489,0.00027547738495463343,0.0,0.0,1.0,0.5,0.9491391141186943,0.015751297272979328,60.25783766310118,0.49999999999949996,0.0,0.0,0.0006861118599772453,0.0005849776789546013,0.006027432158589363,0.0,0.0,0,True,True,True,
42,dp_sgd_lr0p50,dp_sgd,6f5bfa6c60eeb2ad400161beec4006ab7b7da4908d9989b6db2c608560d2f56e,926,4,0.46350860595703125,0.5,,,0.2421875,0.031594579603488306,1.8985989245543469,1.898937926642236,1.898937926642236,3611.1148281738783,3611.1148281738783,0.01904781018198801,0.01904781018198801,1.0,1.0,0.00027692279159774924,0.00027692279159073543,0.0,0.0,1.0,0.5,0.949468963321118,0.015797289801744153,60.10328196651716,0.49999999999949996,0.0,0.0,0.0005842084065079689,0.00048747099936008453,0.006386172026395798,0.0,0.0,0,True,True,True,
42,dp_sgd_lr0p50,dp_sgd,6f5bfa6c60eeb2ad400161beec4006ab7b7da4908d9989b6db2c608560d2f56e,927,4,0.6706894636154175,0.5,,,0.1875,0.02687623739876056,1.903197004773092,1.9034296850846701,1.9034296850846701,5014.533688668215,5014.533688668215,0.015716894443135367,0.015716894443135367,1.0,1.0,0.0001994203371043468,0.00019942033710720956,0.0,0.0,1.0,0.5,0.9517148425423351,0.01343811869938028,70.8220297619043,0.49999999999949996,0.0,0.0,0.0006483038887381554,0.0006065797060728073,0.0062211379408836365,0.0,0.0,0,True,True,True,
42,dp_sgd_lr0p50,dp_sgd,6f5bfa6c60eeb2ad400161beec4006ab7b7da4908d9989b6db2c608560d2f56e,928,4,0.40521690249443054,0.5,,,0.203125,0.028475423913477103,1.8988769288652154,1.899105344667847,1.899105344667847,4446.8577695200875,4446.8577695200875,0.01551808702690425,0.01551808702690425,1.0,1.0,0.00022487789144521485,0.00022487789137497704,0.0,0.0,1.0,0.5,0.9495526723339235,0.014237711956738551,66.69278569144096,0.49999999999949996,0.0,0.0,0.000663410872220993,0.0006052311509847641,0.005911203101277351,0.0,0.0,0,True,True,True,
42,dp_sgd_lr0p50,dp_sgd,6f5bfa6c60eeb2ad400161beec4006ab7b7da4908d9989b6db2c608560d2f56e,929,4,0.37866413593292236,0.5,,,0.18359375,0.028543692002434562,1.8958826510069873,1.8960792660104524,1.8960792660104524,4411.6658575189795,4411.6658575189795,0.014414885175723174,0.014414885175723174,1.0,1.0,0.0002266717451114299,0.00022667174508756056,0.0,0.0,1.0,0.5,0.9480396330052262,0.014271846001217281,66.42726055605829,0.49999999999949996,0.0,0.0,0.0007653459906578064,0.0006706072017550468,0.006714973598718643,0.0,0.0,0,True,True,True,
42,dp_sgd_lr0p50,dp_sgd,6f5bfa6c60eeb2ad400161beec4006ab7b7da4908d9989b6db2c608560d2f56e,930,4,0.6753045320510864,0.5,,,0.2265625,0.02430172816606255,1.9031625769467224,1.9032631890026444,1.9032631890026444,6133.0634909388955,6133.0634909388955,0.010524236875630075,0.010524236875630075,1.0,1.0,0.00016305065156815593,0.00016305065158968266,0.0,0.0,1.0,0.5,0.9516315945013222,0.012150864083031275,78.31801820184631,0.49999999999949996,0.0,0.0,0.0005628783255815506,0.00048704445362091064,0.006331663578748703,0.0,0.0,0,True,True,True,
42,dp_sgd_lr0p50,dp_sgd,6f5bfa6c60eeb2ad400161beec4006ab7b7da4908d9989b6db2c608560d2f56e,931,4,0.5966037511825562,0.5,,,0.203125,0.03002626259057066,1.900100607888773,1.9002802419261517,1.9002802419261517,4004.5215638507916,4004.5215638507916,0.013882763987441768,0.013882763987441768,1.0,1.0,0.00024971772106751846,0.00024971772098901176,0.0,0.0,1.0,0.5,0.9501401209630759,0.01501313129528533,63.287271803062644,0.49999999999949996,0.0,0.0,0.000730397179722786,0.0006457390263676643,0.006171549670398235,0.0,0.0,0,True,True,True,
42,dp_sgd_lr0p50,dp_sgd,6f5bfa6c60eeb2ad400161beec4006ab7b7da4908d9989b6db2c608560d2f56e,932,4,0.32953327894210815,0.5,,,0.16015625,0.027916312023998566,1.896112140326513,1.8963367524131105,1.8963367524131105,4613.302678536277,4613.302678536277,0.015406021100965357,0.015406021100965357,1.0,1.0,0.00021676444586415813,0.00021676444582914488,0.0,0.0,1.0,0.5,0.9481683762065553,0.013958156011999283,67.92934362701796,0.49999999999949996,0.0,0.0,0.0005673142150044441,0.000503765419125557,0.006383783183991909,0.0,0.0,0,True,True,True,
42,dp_sgd_lr0p50,dp_sgd,6f5bfa6c60eeb2ad400161beec4006ab7b7da4908d9989b6db2c608560d2f56e,933,4,0.6751330494880676,0.5,,,0.2578125,0.0355584407775645,1.899313850710074,1.8996850629437316,1.8996850629437316,2853.0412586109687,2853.0412586109687,0.019797512697145126,0.019797512697145126,1.0,1.0,0.00035050316787065856,0.0003505031677863285,0.0,0.0,1.0,0.5,0.9498425314718658,0.01777922038878225,53.42430717703134,0.49999999999949996,0.0,0.0,0.0006934832781553268,0.0006078816950321198,0.0062095532193779945,0.0,0.0,0,True,True,True,
42,dp_sgd_lr0p50,dp_sgd,6f5bfa6c60eeb2ad400161beec4006ab7b7da4908d9989b6db2c608560d2f56e,934,4,0.5008499622344971,0.5,,,0.23046875,0.04864638782390163,1.9010904851345203,1.90176667674184,1.90176667674184,1527.229768442565,1527.229768442565,0.026687457638769993,0.026687457638769993,1.0,1.0,0.0006547803220185597,0.0006547803219436812,0.0,0.0,1.0,0.5,0.95088333837092,0.024323193911950813,39.093687357589374,0.49999999999949996,0.0,0.0,0.0007033143192529678,0.0006138589233160019,0.006172630004584789,0.0,0.0,0,True,True,True,
42,dp_sgd_lr0p50,dp_sgd,6f5bfa6c60eeb2ad400161beec4006ab7b7da4908d9989b6db2c608560d2f56e,935,4,0.64405357837677,0.5,,,0.23828125,0.03696180829596957,1.8965835626858525,1.8970300563436964,1.8970300563436964,2632.9192747090697,2632.9192747090697,0.021820463190763858,0.021820463190763858,1.0,1.0,0.0003798065549800226,0.0003798065549411451,0.0,0.0,1.0,0.5,0.9485150281718482,0.018480904147984784,51.32405971728138,0.49999999999949996,0.0,0.0,0.0005679065361618996,0.0004920437932014465,0.006666763685643673,0.0,0.0,0,True,True,True,
42,dp_sgd_lr0p50,dp_sgd,6f5bfa6c60eeb2ad400161beec4006ab7b7da4908d9989b6db2c608560d2f56e,936,5,0.5451850891113281,0.5,,,0.15234375,0.020081074441810922,1.8982156700094062,1.8983849223208649,1.8983849223208649,8935.466175581405,8935.466175581405,0.013717062391071906,0.013717062391071906,1.0,1.0,0.00011191357875122854,0.0001119135787391332,0.0,0.0,1.0,0.5,0.9491924611604324,0.010040537220905461,94.53602334042219,0.49999999999949996,0.0,0.0,0.0005649477243423462,0.000492217019200325,0.006364023312926292,0.0,0.0,0,True,True,True,
42,dp_sgd_lr0p50,dp_sgd,6f5bfa6c60eeb2ad400161beec4006ab7b7da4908d9989b6db2c608560d2f56e,937,5,0.5906318426132202,0.5,,,0.19921875,0.03624541751697586,1.9000001026521482,1.9002347472004237,1.9002347472004237,2747.9007008642566,2747.9007008642566,0.016010461179313127,0.016010461179313127,1.0,1.0,0.0003639141687048649,0.0003639141685767518,0.0,0.0,1.0,0.5,0.9501173736002119,0.01812270875848793,52.42689634367099,0.49999999999949996,0.0,0.0,0.0006202254444360733,0.0006172172725200653,0.006195526570081711,0.0,0.0,0,True,True,True,
42,dp_sgd_lr0p50,dp_sgd,6f5bfa6c60eeb2ad400161beec4006ab7b7da4908d9989b6db2c608560d2f56e,938,5,0.4986027479171753,0.5,,,0.15625,0.03440776105003058,1.8978537269029165,1.8980168524351686,1.8980168524351686,3042.3743201513435,3042.3743201513435,0.013804882698890185,0.013804882698890185,1.0,1.0,0.00032869065207771905,0.00032869065217181994,0.0,0.0,1.0,0.5,0.9490084262175843,0.01720388052501529,55.16246318861125,0.49999999999949996,0.0,0.0,0.0007068207487463951,0.0006349021568894386,0.006220122799277306,0.0,0.0,0,True,True,True,
42,dp_sgd_lr0p50,dp_sgd,6f5bfa6c60eeb2ad400161beec4006ab7b7da4908d9989b6db2c608560d2f56e,939,5,0.4699193835258484,0.5,,,0.19921875,0.036447054570731066,1.895537728477968,1.8959337163814365,1.8959337163814365,2704.8301052305333,2704.8301052305333,0.020475510054910412,0.020475510054910412,1.0,1.0,0.00036970898738266565,0.0003697089874806163,0.0,0.0,1.0,0.5,0.9479668581907182,0.018223527285365533,52.01884592890903,0.49999999999949996,0.0,0.0,0.0005729738622903824,0.0004917224869132042,0.006188300438225269,0.0,0.0,0,True,True,True,
42,dp_sgd_lr0p50,dp_sgd,6f5bfa6c60eeb2ad400161beec4006ab7b7da4908d9989b6db2c608560d2f56e,940,5,0.5351210832595825,0.5,,,0.24609375,0.037854745828241276,1.8968372399144475,1.897117072063879,1.897117072063879,2510.8424671630396,2510.8424671630396,0.01736862898717857,0.01736862898717857,1.0,1.0,0.00039827269626826106,0.00039827269628106446,0.0,0.0,1.0,0.5,0.9485585360319395,0.018927372914120638,50.11569964229733,0.49999999999949996,0.0,0.0,0.0007709888741374016,0.000670471228659153,0.0063985250890254974,0.0,0.0,0,True,True,True,
42,dp_sgd_lr0p50,dp_sgd,6f5bfa6c60eeb2ad400161beec4006ab7b7da4908d9989b6db2c608560d2f56e,941,5,0.4228251576423645,0.5,,,0.19921875,0.0284205822875803,1.9011319232471162,1.9014186274087754,1.9014186274087754,4474.644786416546,4474.644786416546,0.0175606659461284,0.0175606659461284,1.0,1.0,0.000223481426234622,0.0002234814262627064,0.0,0.0,1.0,0.5,0.9507093137043877,0.01421029114379015,66.90287370030006,0.49999999999949996,0.0,0.0,0.0005614291876554489,0.00048662349581718445,0.006636559963226318,0.0,0.0,0,True,True,True,
42,dp_sgd_lr0p50,dp_sgd,6f5bfa6c60eeb2ad400161beec4006ab7b7da4908d9989b6db2c608560d2f56e,942,5,0.4543619751930237,0.5,,,0.20703125,0.034799416451956576,1.901245878880028,1.9014234200655244,1.9014234200655244,2984.919672596889,2984.919672596889,0.014252491184876329,0.014252491184876329,1.0,1.0,0.0003350173903688189,0.00033501739032461026,0.0,0.0,1.0,0.5,0.9507117100327622,0.017399708225978288,54.63952025118913,0.49999999999949996,0.0,0.0,0.0007227985188364983,0.0006375983357429504,0.0062037063762545586,0.0,0.0,0,True,True,True,
42,dp_sgd_lr0p50,dp_sgd,6f5bfa6c60eeb2ad400161beec4006ab7b7da4908d9989b6db2c608560d2f56e,943,5,0.43925973773002625,0.5,,,0.1953125,0.03506071862943682,1.8928367159046788,1.8932040691144736,1.8932040691144736,2914.638355409297,2914.638355409297,0.01973623746777824,0.01973623746777824,1.0,1.0,0.0003430957385606048,0.0003430957385315004,0.0,0.0,1.0,0.5,0.9466020345572368,0.01753035931471841,53.99786835564039,0.49999999999949996,0.0,0.0,0.0005650157108902931,0.0004949662834405899,0.006376737728714943,0.0,0.0,0,True,True,True,
42,dp_sgd_lr0p50,dp_sgd,6f5bfa6c60eeb2ad400161beec4006ab7b7da4908d9989b6db2c608560d2f56e,944,5,0.6018713712692261,0.5,,,0.2265625,0.04535403906551024,1.899040856964893,1.8997190750005357,1.8997190750005357,1753.221053150217,1753.221053150217,0.026888230930404374,0.026888230930404374,1.0,1.0,0.0005703787310315254,0.0005703787309815585,0.0,0.0,1.0,0.5,0.9498595375002679,0.02267701953275512,41.88643644665853,0.49999999999949996,0.0,0.0,0.0007086452096700668,0.0006145155057311058,0.006230693310499191,0.0,0.0,0,True,True,True,
42,dp_sgd_lr0p50,dp_sgd,6f5bfa6c60eeb2ad400161beec4006ab7b7da4908d9989b6db2c608560d2f56e,945,5,0.4294753968715668,0.5,,,0.17578125,0.03528256682869003,1.8965417303437335,1.896716908346975,1.896716908346975,2889.378655518057,2889.378655518057,0.014265729922065156,0.014265729922065156,1.0,1.0,0.00034609517076851303,0.00034609517076022913,0.0,0.0,1.0,0.5,0.9483584541734875,0.017641283414345014,53.75790592132156,0.49999999999949996,0.0,0.0,0.0006995545700192451,0.0006374223157763481,0.006219989620149136,0.0,0.0,0,True,True,True,
42,dp_sgd_lr0p50,dp_sgd,6f5bfa6c60eeb2ad400161beec4006ab7b7da4908d9989b6db2c608560d2f56e,946,5,0.6113801002502441,0.5,,,0.19921875,0.025813583643338665,1.898060056697829,1.8982446263502808,1.8982446263502808,5406.588263366829,5406.588263366829,0.013949080477155606,0.013949080477155606,1.0,1.0,0.0001849595252656178,0.0001849595252274597,0.0,0.0,1.0,0.5,0.9491223131751404,0.012906791821669332,73.5366562206507,0.49999999999949996,0.0,0.0,0.0005669901147484779,0.0004939744248986244,0.006299137137830257,0.0,0.0,0,True,True,True,
42,dp_sgd_lr0p50,dp_sgd,6f5bfa6c60eeb2ad400161beec4006ab7b7da4908d9989b6db2c608560d2f56e,947,5,0.4556731581687927,0.5,,,0.234375,0.03936771703567042,1.90138577329633,1.9017668330779325,1.9017668330779325,2332.7060673939213,2332.7060673939213,0.020028830017412673,0.020028830017412673,1.0,1.0,0.0004286866713866257,0.00042868667131035676,0.0,0.0,1.0,0.5,0.9508834165389662,0.01968385851783521,48.3077754104501,0.49999999999949996,0.0,0.0,0.0007607126608490944,0.0006666826084256172,0.006294502876698971,0.0,0.0,0,True,True,True,
42,dp_sgd_lr0p50,dp_sgd,6f5bfa6c60eeb2ad400161beec4006ab7b7da4908d9989b6db2c608560d2f56e,948,5,0.12424135208129883,0.5,,,0.13671875,0.026580083586826488,1.8983321101597674,1.898549452187817,1.898549452187817,5100.722566159601,5100.722566159601,0.015176510270925073,0.015176510270925073,1.0,1.0,0.00019605065470894816,0.00019605065465387277,0.0,0.0,1.0,0.5,0.9492747260939085,0.013290041793413244,71.42752000170208,0.49999999999949996,0.0,0.0,0.0005803899839520454,0.0005462029948830605,0.006637973710894585,0.0,0.0,0,True,True,True,
42,dp_sgd_lr0p50,dp_sgd,6f5bfa6c60eeb2ad400161beec4006ab7b7da4908d9989b6db2c608560d2f56e,949,5,0.4649902582168579,0.5,,,0.1796875,0.024270469340009513,1.8906436523946868,1.8908212741738744,1.8908212741738744,6068.2436713463285,6068.2436713463285,0.013736058487001284,0.013736058487001284,1.0,1.0,0.00016479232747755221,0.00016479232747761773,0.0,0.0,1.0,0.5,0.9454106370869372,0.012135234670004756,77.90625090636672,0.49999999999949996,0.0,0.0,0.0006998730823397636,0.0006132470443844795,0.006186170503497124,0.0,0.0,0,True,True,True,
42,dp_sgd_lr0p50,dp_sgd,6f5bfa6c60eeb2ad400161beec4006ab7b7da4908d9989b6db2c608560d2f56e,950,5,0.5077584981918335,0.5,,,0.19921875,0.05727152969654258,1.8996773336640356,1.9003654592502377,1.9003654592502377,1100.2265364047937,1100.2265364047937,0.02708152386518848,0.02708152386518848,1.0,1.0,0.0009089037271928959,0.0009089037269928637,0.0,0.0,1.0,0.5,0.9501827296251188,0.02863576484827129,33.1816780388633,0.49999999999949996,0.1171535775065422,0.0,0.0005722567439079285,0.00048303883522748947,0.00611977931112051,0.0,0.0,0,True,True,True,
42,dp_sgd_lr0p50,dp_sgd,6f5bfa6c60eeb2ad400161beec4006ab7b7da4908d9989b6db2c608560d2f56e,951,5,0.37147408723831177,0.5,,,0.21484375,0.042038285969488935,1.896321713173877,1.8968523227215806,1.8968523227215806,2034.8576583013332,2034.8576583013332,0.02370135389665741,0.02370135389665741,1.0,1.0,0.0004914348654090354,0.0004914348654938535,0.0,0.0,1.0,0.5,0.9484261613607903,0.021019142984744468,45.12201862863908,0.49999999999949996,0.0,0.0,0.0007585817947983742,0.0006375312805175781,0.006324121728539467,0.0,0.0,0,True,True,True,
42,dp_sgd_lr0p50,dp_sgd,6f5bfa6c60eeb2ad400161beec4006ab7b7da4908d9989b6db2c608560d2f56e,952,5,0.33335599303245544,0.5,,,0.1796875,0.024301320025595385,1.895969551005409,1.8961570321947203,1.8961570321947203,6086.995581862294,6086.995581862294,0.014122520016390616,0.014122520016390616,1.0,1.0,0.00016428465978949352,0.00016428465982946887,0.0,0.0,1.0,0.5,0.9480785160973602,0.012150660012797692,78.0269150005653,0.49999999999949996,0.0,0.0,0.0005652401596307755,0.00048653222620487213,0.006661059334874153,0.0,0.0,0,True,True,True,
42,dp_sgd_lr0p50,dp_sgd,6f5bfa6c60eeb2ad400161beec4006ab7b7da4908d9989b6db2c608560d2f56e,953,5,1.0466114282608032,0.5,,,0.265625,0.04102986507447997,1.900444325332091,1.9009983799084142,1.9009983799084142,2145.409130349864,2145.409130349864,0.024293384380036545,0.024293384380036545,1.0,1.0,0.00046611156131447484,0.00046611156130588644,0.0,0.0,1.0,0.5,0.9504991899542071,0.020514932537239985,46.33206510342989,0.49999999999949996,0.0,0.0,0.0007042726501822472,0.0006063692271709442,0.006190328858792782,0.0,0.0,0,True,True,True,
42,dp_sgd_lr0p50,dp_sgd,6f5bfa6c60eeb2ad400161beec4006ab7b7da4908d9989b6db2c608560d2f56e,954,5,0.4348480701446533,0.5,,,0.21484375,0.042062478718528,1.8949069539666414,1.895255773482477,1.895255773482477,2029.4859787354246,2029.4859787354246,0.019388908592441315,0.019388908592441315,1.0,1.0,0.0004927356039471691,0.0004927356039443358,0.0,0.0,1.0,0.5,0.9476278867412385,0.021031239359264,45.05810953450835,0.49999999999949996,0.0,0.0,0.0005938932299613953,0.0004946691915392876,0.00603856798261404,0.0,0.0,0,True,True,True,
42,dp_sgd_lr0p50,dp_sgd,6f5bfa6c60eeb2ad400161beec4006ab7b7da4908d9989b6db2c608560d2f56e,955,5,0.5197606682777405,0.5,,,0.2265625,0.02855044717933405,1.897925571194362,1.898170930965952,1.898170930965952,4419.086718290853,4419.086718290853,0.016113862830680305,0.016113862830680305,1.0,1.0,0.00022629110097203205,0.000226291100943587,0.0,0.0,1.0,0.5,0.949085465482976,0.014275223589667025,66.48480561127441,0.49999999999949996,0.0,0.0,0.0007621869444847107,0.0006999187171459198,0.006579882465302944,0.0,0.0,0,True,True,True,
42,dp_sgd_lr0p50,dp_sgd,6f5bfa6c60eeb2ad400161beec4006ab7b7da4908d9989b6db2c608560d2f56e,956,5,0.3421005308628082,0.5,,,0.1796875,0.03590880953316204,1.8983308779835653,1.8987362556741707,1.8987362556741707,2794.742560601882,2794.742560601882,0.02074385849446766,0.02074385849446766,1.0,1.0,0.000357814710135173,0.0003578147101793343,0.0,0.0,1.0,0.5,0.9493681278370854,0.01795440476658102,52.87661385195522,0.49999999999949996,0.0,0.0,0.000563192181289196,0.0004855850711464882,0.0063378894701600075,0.0,0.0,0,True,True,True,
42,dp_sgd_lr0p50,dp_sgd,6f5bfa6c60eeb2ad400161beec4006ab7b7da4908d9989b6db2c608560d2f56e,957,5,0.4880234897136688,0.5,,,0.24609375,0.0471546245891096,1.8954760610372905,1.8959951559020292,1.8959951559020292,1615.8015641268116,1615.8015641268116,0.0234421714732232,0.0234421714732232,1.0,1.0,0.0006188878769221874,0.0006188878770733585,0.0,0.0,1.0,0.5,0.9479975779510146,0.0235773122945548,40.20804263299118,0.49999999999949996,0.0,0.0,0.0007535293698310852,0.0006422335281968117,0.0063107628375291824,0.0,0.0,0,True,True,True,
42,dp_sgd_lr0p50,dp_sgd,6f5bfa6c60eeb2ad400161beec4006ab7b7da4908d9989b6db2c608560d2f56e,958,5,0.41150474548339844,0.5,,,0.23828125,0.06118564997588936,1.8936366403778244,1.8944928842417978,1.8944928842417978,957.8425828299171,957.8425828299171,0.03013932406338985,0.03013932406338985,1.0,1.0,0.0010440128865205956,0.0010440128863177585,0.0,0.0,1.0,0.5,0.9472464421208989,0.03059282498794468,30.96302621491167,0.49999999999949996,0.0,0.0,0.000565139576792717,0.0004936717450618744,0.0063292887061834335,0.0,0.0,0,True,True,True,
42,dp_sgd_lr0p50,dp_sgd,6f5bfa6c60eeb2ad400161beec4006ab7b7da4908d9989b6db2c608560d2f56e,959,5,0.6192384362220764,0.5,,,0.23828125,0.06416661163417077,1.8983120773228614,1.8996103186278033,1.8996103186278033,875.2195462157877,875.2195462157877,0.037114850102226635,0.037114850102226635,1.0,1.0,0.0011425704602697428,0.0011425704604069893,0.0,0.0,1.0,0.5,0.9498051593139016,0.032083305817085385,29.604342043159896,0.49999999999949996,0.0,0.0,0.0007680300623178482,0.000670391134917736,0.00616181455552578,0.0,0.0,0,True,True,True,
42,dp_sgd_lr0p50,dp_sgd,6f5bfa6c60eeb2ad400161beec4006ab7b7da4908d9989b6db2c608560d2f56e,960,5,0.7067797780036926,0.5,,,0.26171875,0.06165047765831628,1.900388924922877,1.9012804196568611,1.9012804196568611,950.1935757990657,950.1935757990657,0.030669961356430832,0.030669961356430832,1.0,1.0,0.0010524171339462791,0.0010524171339085443,0.0,0.0,1.0,0.5,0.9506402098284306,0.03082523882915814,30.83967053966062,0.49999999999949996,0.0,0.0,0.0005651563405990601,0.0004976652562618256,0.006617231294512749,0.0,0.0,0,True,True,True,
42,dp_sgd_lr0p50,dp_sgd,6f5bfa6c60eeb2ad400161beec4006ab7b7da4908d9989b6db2c608560d2f56e,961,5,0.5663400888442993,0.5,,,0.20703125,0.055947500274954126,1.8986255329032158,1.8994882028573923,1.8994882028573923,1151.641375856979,1151.641375856979,0.030142768056186115,0.030142768056186115,1.0,1.0,0.0008683258700531746,0.0008683258700800158,0.0,0.0,1.0,0.5,0.9497441014286961,0.027973750137477063,33.95126133347246,0.49999999999949996,0.0,0.0,0.0006944797933101654,0.0006157523021101952,0.006220619194209576,0.0,0.0,0,True,True,True,
42,dp_sgd_lr0p50,dp_sgd,6f5bfa6c60eeb2ad400161beec4006ab7b7da4908d9989b6db2c608560d2f56e,962,5,0.6355578303337097,0.5,,,0.203125,0.06304832411665588,1.8969363854164065,1.8979016922862146,1.8979016922862146,905.2289600351326,905.2289600351326,0.03191670154598296,0.03191670154598296,1.0,1.0,0.0011046928941704922,0.0011046928939997466,0.0,0.0,1.0,0.5,0.9489508461431073,0.03152416205832794,30.102333706989512,0.49999999999949996,0.0,0.0,0.0005871178582310677,0.0004865378141403198,0.006080848164856434,0.0,0.0,0,True,True,True,
42,dp_sgd_lr0p50,dp_sgd,6f5bfa6c60eeb2ad400161beec4006ab7b7da4908d9989b6db2c608560d2f56e,963,5,0.5639874935150146,0.5,,,0.1953125,0.0566800572945373,1.9004028767416048,1.9013799076792677,1.9013799076792677,1124.1669084541095,1124.1669084541095,0.032138199822560984,0.032138199822560984,1.0,1.0,0.0008895476215925931,0.0008895476214737485,0.0,0.0,1.0,0.5,0.9506899538396338,0.02834002864726865,33.54583602009568,0.49999999999949996,0.0,0.0,0.000731748528778553,0.0006416337564587593,0.006439881399273872,0.0,0.0,0,True,True,True,
42,dp_sgd_lr0p50,dp_sgd,6f5bfa6c60eeb2ad400161beec4006ab7b7da4908d9989b6db2c608560d2f56e,964,5,0.6262702941894531,0.5,,,0.203125,0.04123559447619898,1.8965344732179705,1.8969979623260207,1.8969979623260207,2115.3243188489564,2115.3243188489564,0.02210729666520516,0.02210729666520516,1.0,1.0,0.0004727407473648113,0.0004727407473664455,0.0,0.0,1.0,0.5,0.9484989811630103,0.02061779723809949,46.00389508944639,0.49999999999949996,0.0,0.0,0.0005946001037955284,0.0004917941987514496,0.005842181853950024,0.0,0.0,0,True,True,True,
42,dp_sgd_lr0p50,dp_sgd,6f5bfa6c60eeb2ad400161beec4006ab7b7da4908d9989b6db2c608560d2f56e,965,5,0.47984376549720764,0.5,,,0.2421875,0.03924116651180854,1.898211995007092,1.8986109192290586,1.8986109192290586,2339.9447787516892,2339.9447787516892,0.02049907239574341,0.02049907239574341,1.0,1.0,0.0004273605122783262,0.0004273605122533197,0.0,0.0,1.0,0.5,0.9493054596145293,0.01962058325590427,48.3831416826245,0.49999999999949996,0.0,0.0,0.0007530860602855682,0.0006385333836078644,0.006424251012504101,0.0,0.0,0,True,True,True,
42,dp_sgd_lr0p50,dp_sgd,6f5bfa6c60eeb2ad400161beec4006ab7b7da4908d9989b6db2c608560d2f56e,966,5,0.28665387630462646,0.5,,,0.16015625,0.031866433381790495,1.8972946471825822,1.8975565465086872,1.8975565465086872,3544.88904253996,3544.88904253996,0.016614793015562554,0.016614793015562554,1.0,1.0,0.0002820962763614296,0.0002820962762924808,0.0,0.0,1.0,0.5,0.9487782732543436,0.015933216690895247,59.54718947222747,0.49999999999949996,0.0,0.0,0.0005682185292243958,0.0004946794360876083,0.005898408591747284,0.0,0.0,0,True,True,True,
42,dp_sgd_lr0p50,dp_sgd,6f5bfa6c60eeb2ad400161beec4006ab7b7da4908d9989b6db2c608560d2f56e,967,5,0.527923583984375,0.5,,,0.19140625,0.04263904006399236,1.8991414607115928,1.8996259509179,1.8996259509179,1983.808708051273,1983.808708051273,0.02258415695505228,0.02258415695505228,1.0,1.0,0.0005040808599091241,0.0005040808597571524,0.0,0.0,1.0,0.5,0.94981297545895,0.02131952003199618,44.551330141997866,0.49999999999949996,0.0,0.0,0.0007407590746879578,0.0006714416667819023,0.006492733955383301,0.0,0.0,0,True,True,True,
42,dp_sgd_lr0p50,dp_sgd,6f5bfa6c60eeb2ad400161beec4006ab7b7da4908d9989b6db2c608560d2f56e,968,5,0.5322247743606567,0.5,,,0.203125,0.039135862154202714,1.8950379566511237,1.895384095240812,1.895384095240812,2344.693149488851,2344.693149488851,0.01916772206653319,0.01916772206653319,1.0,1.0,0.0004264950403274812,0.0004264950404168455,0.0,0.0,1.0,0.5,0.947692047620406,0.019567931077101357,48.43087620443311,0.49999999999949996,0.0,0.0,0.000568845309317112,0.0004880577325820923,0.006326695904135704,0.0,0.0,0,True,True,True,
42,dp_sgd_lr0p50,dp_sgd,6f5bfa6c60eeb2ad400161beec4006ab7b7da4908d9989b6db2c608560d2f56e,969,5,0.35579267144203186,0.5,,,0.171875,0.03748457016326688,1.8993656223135769,1.899884624358463,1.899884624358463,2567.5095981725085,2567.5095981725085,0.02370881998409529,0.02370881998409529,1.0,1.0,0.00038948247749484637,0.0003894824774565303,0.0,0.0,1.0,0.5,0.9499423121792315,0.01874228508163344,50.68444471904048,0.49999999999949996,0.0,0.0,0.0007248735055327415,0.0006362674757838249,0.006306331604719162,0.0,0.0,0,True,True,True,
42,dp_sgd_lr0p50,dp_sgd,6f5bfa6c60eeb2ad400161beec4006ab7b7da4908d9989b6db2c608560d2f56e,970,5,0.42663902044296265,0.5,,,0.203125,0.03590048804553363,1.9010304548246821,1.9012478147273748,1.9012478147273748,2803.996345455394,2803.996345455394,0.015495461324393809,0.015495461324393809,1.0,1.0,0.00035663384542016077,0.0003566338454305474,0.0,0.0,1.0,0.5,0.9506239073636874,0.017950244022766813,52.95882920059609,0.49999999999949996,0.0,0.0,0.0005872705951333046,0.0004865126684308052,0.006396167911589146,0.0,0.0,0,True,True,True,
42,dp_sgd_lr0p50,dp_sgd,6f5bfa6c60eeb2ad400161beec4006ab7b7da4908d9989b6db2c608560d2f56e,971,5,0.6677192449569702,0.5,,,0.23828125,0.04031420286337558,1.9007956057594748,1.901312444447718,1.901312444447718,2223.077916871563,2223.077916871563,0.02342019817510337,0.02342019817510337,1.0,1.0,0.0004498267882538648,0.0004498267882164507,0.0,0.0,1.0,0.5,0.950656222223859,0.02015710143168779,47.162347493187994,0.49999999999949996,0.0,0.0,0.0007265433669090271,0.0006485665217041969,0.006255278363823891,0.0,0.0,0,True,True,True,
42,dp_sgd_lr0p50,dp_sgd,6f5bfa6c60eeb2ad400161beec4006ab7b7da4908d9989b6db2c608560d2f56e,972,5,0.7067519426345825,0.5,,,0.21875,0.03130460964084428,1.8956764817957679,1.8959554018042089,1.8959554018042089,3667.0080100025552,3667.0080100025552,0.01716484403940967,0.01716484403940967,1.0,1.0,0.00027270188563853026,0.00027270188566001823,0.0,0.0,1.0,0.5,0.9479777009021044,0.01565230482042214,60.564735463411004,0.49999999999949996,0.0,0.0,0.0005620904266834259,0.0004875520244240761,0.006383934989571571,0.0,0.0,0,True,True,True,
42,dp_sgd_lr0p50,dp_sgd,6f5bfa6c60eeb2ad400161beec4006ab7b7da4908d9989b6db2c608560d2f56e,973,5,0.2905198931694031,0.5,,,0.2109375,0.028997807783069835,1.8978062980500805,1.897952667451232,1.897952667451232,4283.250094205002,4283.250094205002,0.012686641315971718,0.012686641315971718,1.0,1.0,0.00023346757177766155,0.00023346757175218214,0.0,0.0,1.0,0.5,0.948976333725616,0.014498903891534918,65.45159142783321,0.49999999999949996,0.0,0.0,0.0007327888160943985,0.0006459616124629974,0.006223647855222225,0.0,0.0,0,True,True,True,
42,dp_sgd_lr0p50,dp_sgd,6f5bfa6c60eeb2ad400161beec4006ab7b7da4908d9989b6db2c608560d2f56e,974,5,0.5225429534912109,0.5,,,0.22265625,0.04073707964641894,1.8945756531112083,1.8950906604708961,1.8950906604708961,2162.938242413124,2162.938242413124,0.023388563611336694,0.023388563611336694,1.0,1.0,0.00046233405087029404,0.0004623340508139612,0.0,0.0,1.0,0.5,0.9475453302354481,0.02036853982320947,46.52004210479646,0.49999999999949996,0.0,0.0,0.0005680946633219719,0.0004935720935463905,0.006587067618966103,0.0,0.0,0,True,True,True,
42,dp_sgd_lr0p50,dp_sgd,6f5bfa6c60eeb2ad400161beec4006ab7b7da4908d9989b6db2c608560d2f56e,975,5,0.4559072256088257,0.5,,,0.1953125,0.05018078346649001,1.8984284339718438,1.8990293405659433,1.8990293405659433,1431.2436884357787,1431.2436884357787,0.025185159355121833,0.025185159355121833,1.0,1.0,0.0006986930371693097,0.0006986930369980891,0.0,0.0,1.0,0.5,0.9495146702829717,0.025090391733245006,37.84375630082379,0.49999999999949996,0.0,0.0,0.0006397897377610207,0.0005795368924736977,0.0059913406148552895,0.0,0.0,0,True,True,True,
42,dp_sgd_lr0p50,dp_sgd,6f5bfa6c60eeb2ad400161beec4006ab7b7da4908d9989b6db2c608560d2f56e,976,5,0.5950647592544556,0.5,,,0.234375,0.03697179146354276,1.9010957933640564,1.9014595302191457,1.9014595302191457,2644.0338561499584,2644.0338561499584,0.01955923607098458,0.01955923607098458,1.0,1.0,0.00037820998280418093,0.00037820998284900824,0.0,0.0,1.0,0.5,0.9507297651095729,0.01848589573177138,51.43000798301273,0.49999999999949996,0.0,0.0,0.0006841449066996574,0.0005929656326770782,0.005973218008875847,0.0,0.0,0,True,True,True,
42,dp_sgd_lr0p50,dp_sgd,6f5bfa6c60eeb2ad400161beec4006ab7b7da4908d9989b6db2c608560d2f56e,977,5,0.5010488033294678,0.5,,,0.1796875,0.039692201300556285,1.8984663320703954,1.89887010758286,1.89887010758286,2287.680806821231,2287.680806821231,0.02062311604035185,0.02062311604035185,1.0,1.0,0.00043712391885409387,0.00043712391883072666,0.0,0.0,1.0,0.5,0.94943505379143,0.019846100650278142,47.83987900062796,0.49999999999949996,0.0,0.0,0.0006715329363942146,0.0005856649950146675,0.006025767885148525,0.0,0.0,0,True,True,True,
42,dp_sgd_lr0p50,dp_sgd,6f5bfa6c60eeb2ad400161beec4006ab7b7da4908d9989b6db2c608560d2f56e,978,5,0.387532114982605,0.5,,,0.19921875,0.03672444660330068,1.9010423601216009,1.9013788640158367,1.9013788640158367,2679.6191181741915,2679.6191181741915,0.018819448562770392,0.018819448562770392,1.0,1.0,0.0003731873655012691,0.00037318736551700634,0.0,0.0,1.0,0.5,0.9506894320079183,0.01836222330165034,51.77420056048982,0.49999999999949996,0.0,0.0,0.0005691442638635635,0.0004960009828209877,0.006250225938856602,0.0,0.0,0,True,True,True,
42,dp_sgd_lr0p50,dp_sgd,6f5bfa6c60eeb2ad400161beec4006ab7b7da4908d9989b6db2c608560d2f56e,979,5,0.5641200542449951,0.5,,,0.19140625,0.03366468680982509,1.900185793776515,1.9005331372652001,1.9005331372652001,3185.979495484848,3185.979495484848,0.01917344019503028,0.01917344019503028,1.0,1.0,0.00031387521499574844,0.00031387521497691845,0.0,0.0,1.0,0.5,0.9502665686326001,0.016832343404912544,56.45479929424495,0.49999999999949996,0.0,0.0,0.0006686430424451828,0.0005798917263746262,0.005993319675326347,0.0,0.0,0,True,True,True,
42,dp_sgd_lr0p50,dp_sgd,6f5bfa6c60eeb2ad400161beec4006ab7b7da4908d9989b6db2c608560d2f56e,980,5,0.5463908910751343,0.5,,,0.25,0.04157721511745322,1.9028777095745275,1.9033397518725934,1.9033397518725934,2094.6475800590565,2094.6475800590565,0.022033697631598168,0.022033697631598168,1.0,1.0,0.00047740727793123494,0.00047740727783659103,0.0,0.0,1.0,0.5,0.9516698759362967,0.02078860755872661,45.778432884554974,0.49999999999949996,0.0,0.0,0.0006683580577373505,0.0005806311964988708,0.005992474965751171,0.0,0.0,0,True,True,True,
42,dp_sgd_lr0p50,dp_sgd,6f5bfa6c60eeb2ad400161beec4006ab7b7da4908d9989b6db2c608560d2f56e,981,5,0.4213118553161621,0.5,,,0.1953125,0.03876451107167126,1.8960109045358455,1.8965128413275485,1.8965128413275485,2392.2856759144083,2392.2856759144083,0.02316658942496727,0.02316658942496727,1.0,1.0,0.0004180102775359449,0.0004180102775290719,0.0,0.0,1.0,0.5,0.9482564206637742,0.01938225553583563,48.92394586696218,0.49999999999949996,0.0,0.0,0.0007218979299068451,0.0006279321387410164,0.006238948553800583,0.0,0.0,0,True,True,True,
42,dp_sgd_lr0p50,dp_sgd,6f5bfa6c60eeb2ad400161beec4006ab7b7da4908d9989b6db2c608560d2f56e,982,5,0.49277493357658386,0.5,,,0.20703125,0.028492037406588167,1.896191096028248,1.8963446197673448,1.8963446197673448,4429.117416183262,4429.117416183262,0.012900442672201709,0.012900442672201709,1.0,1.0,0.00022577861564790564,0.0002257786157206615,0.0,0.0,1.0,0.5,0.9481723098836724,0.014246018703294084,66.55700301712162,0.49999999999949996,0.0,0.0,0.0005655065178871155,0.0004884796217083931,0.006346734240651131,0.0,0.0,0,True,True,True,
42,dp_sgd_lr0p50,dp_sgd,6f5bfa6c60eeb2ad400161beec4006ab7b7da4908d9989b6db2c608560d2f56e,983,5,0.3968221843242645,0.5,,,0.18359375,0.03298552398931147,1.8994073349953615,1.8996401878617881,1.8996401878617881,3315.808544490313,3315.808544490313,0.015740856683595494,0.015740856683595494,1.0,1.0,0.0003015855667367421,0.0003015855667825472,0.0,0.0,1.0,0.5,0.9498200939308941,0.016492761994655734,57.590117057475325,0.49999999999949996,0.0,0.0,0.0007450347766280174,0.0006371727213263512,0.006310362368822098,0.0,0.0,0,True,True,True,
42,dp_sgd_lr0p50,dp_sgd,6f5bfa6c60eeb2ad400161beec4006ab7b7da4908d9989b6db2c608560d2f56e,984,5,0.449479341506958,0.5,,,0.17578125,0.029729624056933475,1.8972380482532474,1.8974353829586026,1.8974353829586026,4072.5349117561873,4072.5349117561873,0.014471460155369984,0.014471460155369984,1.0,1.0,0.00024554731157285084,0.0002455473115439117,0.0,0.0,1.0,0.5,0.9487176914793013,0.014864812028466737,63.823053369167674,0.49999999999949996,0.0,0.0,0.0005714399740099907,0.00048327166587114334,0.006381968967616558,0.0,0.0,0,True,True,True,
42,dp_sgd_lr0p50,dp_sgd,6f5bfa6c60eeb2ad400161beec4006ab7b7da4908d9989b6db2c608560d2f56e,985,5,0.5342770218849182,0.5,,,0.2109375,0.039166572435564345,1.8986233419391987,1.8990935179823385,1.8990935179823385,2349.8843957895465,2349.8843957895465,0.022314950081355242,0.022314950081355242,1.0,1.0,0.0004255528489570003,0.0004255528489413402,0.0,0.0,1.0,0.5,0.9495467589911692,0.019583286217782173,48.487610730035016,0.49999999999949996,0.0,0.0,0.0006100619211792946,0.0005683498457074165,0.00617329403758049,0.0,0.0,0,True,True,True,
42,dp_sgd_lr0p50,dp_sgd,6f5bfa6c60eeb2ad400161beec4006ab7b7da4908d9989b6db2c608560d2f56e,986,5,0.5151639580726624,0.5,,,0.2265625,0.04641650581245556,1.9005058935096149,1.9010991914691664,1.9010991914691664,1676.4613791756187,1676.4613791756187,0.024987859961807673,0.024987859961807673,1.0,1.0,0.0005964945044110205,0.0005964945043854349,0.0,0.0,1.0,0.5,0.9505495957345832,0.02320825290622778,40.95739560984154,0.49999999999949996,0.0,0.0,0.000698295421898365,0.0006084432825446129,0.006200898438692093,0.0,0.0,0,True,True,True,
42,dp_sgd_lr0p50,dp_sgd,6f5bfa6c60eeb2ad400161beec4006ab7b7da4908d9989b6db2c608560d2f56e,987,5,0.2779538631439209,0.5,,,0.1953125,0.05066684751352664,1.8986002240636979,1.8993084522266015,1.8993084522266015,1404.1687020194381,1404.1687020194381,0.027313767073104622,0.027313767073104622,1.0,1.0,0.0007121651395391515,0.0007121651394929716,0.0,0.0,1.0,0.5,0.9496542261133007,0.02533342375676332,37.48621722803193,0.49999999999949996,0.0,0.0,0.0007015103474259377,0.0006184829398989677,0.006137355230748653,0.0,0.0,0,True,True,True,
42,dp_sgd_lr0p50,dp_sgd,6f5bfa6c60eeb2ad400161beec4006ab7b7da4908d9989b6db2c608560d2f56e,988,5,0.551023006439209,0.5,,,0.2265625,0.0338574049876924,1.904262850998511,1.9046180760531137,1.9046180760531137,3163.3442254145134,3163.3442254145134,0.01937905958250202,0.01937905958250202,1.0,1.0,0.0003161211451770899,0.0003161211452101691,0.0,0.0,1.0,0.5,0.9523090380265569,0.0169287024938462,56.25410679385968,0.49999999999949996,0.0,0.0,0.000566752627491951,0.0004904503002762794,0.006376291625201702,0.0,0.0,0,True,True,True,
42,dp_sgd_lr0p50,dp_sgd,6f5bfa6c60eeb2ad400161beec4006ab7b7da4908d9989b6db2c608560d2f56e,989,5,0.6399510502815247,0.5,,,0.2265625,0.041302987572434245,1.8983545277563698,1.8988242311453842,1.8988242311453842,2112.4756486300757,2112.4756486300757,0.022246671801612914,0.022246671801612914,1.0,1.0,0.0004733782375489283,0.0004733782375835083,0.0,0.0,1.0,0.5,0.9494121155726921,0.020651493786217123,45.97304802039841,0.49999999999949996,0.0,0.0,0.0007349345833063126,0.00064061488956213,0.006322367116808891,0.0,0.0,0,True,True,True,
42,dp_sgd_lr0p50,dp_sgd,6f5bfa6c60eeb2ad400161beec4006ab7b7da4908d9989b6db2c608560d2f56e,990,5,0.6145947575569153,0.5,,,0.25390625,0.048393611505975355,1.8999226435742278,1.9004503569907283,1.9004503569907283,1541.3304912078818,1541.3304912078818,0.023635238139205664,0.023635238139205664,1.0,1.0,0.0006487901233881807,0.0006487901232566687,0.0,0.0,1.0,0.5,0.9502251784953641,0.024196805752987677,39.270686724373334,0.49999999999949996,0.0,0.0,0.0005649812519550323,0.0004840260371565819,0.006621154025197029,0.0,0.0,0,True,True,True,
42,dp_sgd_lr0p50,dp_sgd,6f5bfa6c60eeb2ad400161beec4006ab7b7da4908d9989b6db2c608560d2f56e,991,5,0.4204660654067993,0.5,,,0.21875,0.056402264449220765,1.9006487977673543,1.9012249287297962,1.9012249287297962,1135.5615251876577,1135.5615251876577,0.025046268441361,0.025046268441361,1.0,1.0,0.0008806215933743638,0.0008806215933968808,0.0,0.0,1.0,0.5,0.9506124643648981,0.028201132224610383,33.70830847357311,0.49999999999949996,0.0,0.0,0.0007039960473775864,0.0006165262311697006,0.006214229390025139,0.0,0.0,0,True,True,True,
42,dp_sgd_lr0p50,dp_sgd,6f5bfa6c60eeb2ad400161beec4006ab7b7da4908d9989b6db2c608560d2f56e,992,5,0.48848265409469604,0.5,,,0.1953125,0.022238739896541983,1.8963644808952806,1.89653528562256,1.89653528562256,7271.487686889362,7271.487686889362,0.013543149322275013,0.013543149322275013,1.0,1.0,0.000137523439636809,0.000137523439603483,0.0,0.0,1.0,0.5,0.94826764281128,0.011119369948270992,85.28069909873358,0.49999999999949996,0.0,0.0,0.0007326388731598854,0.0006151078268885612,0.006205052137374878,0.0,0.0,0,True,True,True,
42,dp_sgd_lr0p50,dp_sgd,6f5bfa6c60eeb2ad400161beec4006ab7b7da4908d9989b6db2c608560d2f56e,993,5,0.5191625356674194,0.5,,,0.19921875,0.043927871916623513,1.896699133249461,1.8971995423129537,1.8971995423129537,1864.3032747834313,1864.3032747834313,0.022967134866421678,0.022967134866421678,1.0,1.0,0.0005363934146377882,0.0005363934146892542,0.0,0.0,1.0,0.5,0.9485997711564769,0.021963935958311757,43.188969996714626,0.49999999999949996,0.0,0.0,0.0005662571638822556,0.00048496201634407043,0.0062789348885416985,0.0,0.0,0,True,True,True,
42,dp_sgd_lr0p50,dp_sgd,6f5bfa6c60eeb2ad400161beec4006ab7b7da4908d9989b6db2c608560d2f56e,994,5,0.46320921182632446,0.5,,,0.21875,0.05334038651082603,1.89601811655537,1.89676070421542,1.89676070421542,1263.4924428392308,1263.4924428392308,0.027979868504357835,0.027979868504357835,1.0,1.0,0.0007914570485290145,0.0007914570484396754,0.0,0.0,1.0,0.5,0.94838035210771,0.026670193255413015,35.55956055472774,0.49999999999949996,0.0,0.0,0.0007700510323047638,0.0006694961339235306,0.006415803916752338,0.0,0.0,0,True,True,True,
42,dp_sgd_lr0p50,dp_sgd,6f5bfa6c60eeb2ad400161beec4006ab7b7da4908d9989b6db2c608560d2f56e,995,5,0.7541108727455139,0.5,,,0.26953125,0.050390399118282796,1.9020028478127375,1.9026396042008795,1.9026396042008795,1424.7108415016558,1424.7108415016558,0.02587658233346165,0.02587658233346165,1.0,1.0,0.0007018968133575023,0.0007018968133312236,0.0,0.0,1.0,0.5,0.9513198021004398,0.025195199559141398,37.75797845258666,0.49999999999949996,0.0,0.0,0.0005643218755722046,0.0004861075431108475,0.006397883407771587,0.0,0.0,0,True,True,True,
42,dp_sgd_lr0p50,dp_sgd,6f5bfa6c60eeb2ad400161beec4006ab7b7da4908d9989b6db2c608560d2f56e,996,5,0.4745471179485321,0.5,,,0.20703125,0.03359230257021768,1.8983907191578948,1.8985912024256035,1.8985912024256035,3193.6818995516974,3193.6818995516974,0.014814455217870495,0.014814455217870495,1.0,1.0,0.00031311822234203013,0.0003131182224682796,0.0,0.0,1.0,0.5,0.9492956012128018,0.01679615128510884,56.518638409616564,0.49999999999949996,0.0,0.0,0.0007367916405200958,0.0006437376141548157,0.0062618255615234375,0.0,0.0,0,True,True,True,
42,dp_sgd_lr0p50,dp_sgd,6f5bfa6c60eeb2ad400161beec4006ab7b7da4908d9989b6db2c608560d2f56e,997,5,0.5578439235687256,0.5,,,0.19921875,0.02040263645111774,1.8979501782239232,1.8980163026799184,1.8980163026799184,8653.604301670917,8653.604301670917,0.008615645934549028,0.008615645934549028,1.0,1.0,0.000115558784841171,0.00011555878483738075,0.0,0.0,1.0,0.5,0.9490081513399592,0.01020131822555887,93.02799209510403,0.49999999999949996,0.0,0.0,0.0005618752911686897,0.0004922021180391312,0.0066411858424544334,0.0,0.0,0,True,True,True,
42,dp_sgd_lr0p50,dp_sgd,6f5bfa6c60eeb2ad400161beec4006ab7b7da4908d9989b6db2c608560d2f56e,998,5,0.7990624308586121,0.5,,,0.2421875,0.04229369906579605,1.8989951611618758,1.8993761467028434,1.8993761467028434,2016.0271401167347,2016.0271401167347,0.020140765213087237,0.020140765213087237,1.0,1.0,0.0004960250680865199,0.0004960250682250194,0.0,0.0,1.0,0.5,0.9496880733514217,0.021146849532898027,44.9091989721253,0.49999999999949996,0.0,0.0,0.0006949780508875847,0.000609884038567543,0.006205562502145767,0.0,0.0,0,True,True,True,
42,dp_sgd_lr0p50,dp_sgd,6f5bfa6c60eeb2ad400161beec4006ab7b7da4908d9989b6db2c608560d2f56e,999,5,0.5288909077644348,0.5,0.49455738475695254,0.9233,0.234375,0.05223097123809545,1.8984689138963526,1.8989142635275853,1.8989142635275853,1321.1458870816905,1321.1458870816905,0.02227839467799133,0.02227839467799133,1.0,1.0,0.0007569186790128731,0.00075691867926634,0.0,0.0,1.0,0.5,0.9494571317637926,0.026115485619047724,36.356097128629905,0.49999999999949996,0.0,0.0,0.0007237223908305168,0.0006132181733846664,0.006252968683838844,0.0,0.0,0,True,True,True,
42,dp_sgd_lr0p50,dp_sgd,6f5bfa6c60eeb2ad400161beec4006ab7b7da4908d9989b6db2c608560d2f56e,1000,5,0.32514506578445435,0.5,,,0.19140625,0.03861536253700601,1.9001732716301911,1.9006274536277703,1.9006274536277703,2421.3979836525477,2421.3979836525477,0.021918869361196937,0.021918869361196937,1.0,1.0,0.00041298456762595137,0.00041298456774127394,0.0,0.0,1.0,0.5,0.9503137268138852,0.019307681268503005,49.219464188842345,0.49999999999949996,0.11739249620586634,0.0,0.0007342705503106117,0.0006094584241509438,0.00631488673388958,0.0,0.0,0,True,True,True,
42,dp_sgd_lr0p50,dp_sgd,6f5bfa6c60eeb2ad400161beec4006ab7b7da4908d9989b6db2c608560d2f56e,1001,5,0.6280204057693481,0.5,,,0.23828125,0.03033752443376642,1.896931456284947,1.8972083301114964,1.8972083301114964,3909.6960727141272,3909.6960727141272,0.017121088202764874,0.017121088202764874,1.0,1.0,0.0002557743569614589,0.0002557743569674623,0.0,0.0,1.0,0.5,0.9486041650557482,0.01516876221688321,62.53668898160929,0.49999999999949996,0.0,0.0,0.0006514787673950195,0.0005378536880016327,0.005971810780465603,0.0,0.0,0,True,True,True,
42,dp_sgd_lr0p50,dp_sgd,6f5bfa6c60eeb2ad400161beec4006ab7b7da4908d9989b6db2c608560d2f56e,1002,5,0.3812602162361145,0.5,,,0.19140625,0.036116260139676074,1.8987284910262354,1.8992875782043992,1.8992875782043992,2763.886400505624,2763.886400505624,0.02498577247024318,0.02498577247024318,1.0,1.0,0.0003618093706927093,0.000361809370787134,0.0,0.0,1.0,0.5,0.9496437891021996,0.018058130069838037,52.588157543275955,0.49999999999949996,0.0,0.0,0.0007293764501810074,0.0006374213844537735,0.006457441486418247,0.0,0.0,0,True,True,True,
42,dp_sgd_lr0p50,dp_sgd,6f5bfa6c60eeb2ad400161beec4006ab7b7da4908d9989b6db2c608560d2f56e,1003,5,0.43408381938934326,0.5,,,0.19921875,0.04284879264371047,1.8994994652733954,1.899979324243891,1.899979324243891,1965.1747371033503,1965.1747371033503,0.022473597858715676,0.022473597858715676,1.0,1.0,0.0005088606018460512,0.0005088606017391363,0.0,0.0,1.0,0.5,0.9499896621219455,0.021424396321855235,44.34149031814307,0.49999999999949996,0.0,0.0,0.0005820915102958679,0.00048383697867393494,0.006126346066594124,0.0,0.0,0,True,True,True,
42,dp_sgd_lr0p50,dp_sgd,6f5bfa6c60eeb2ad400161beec4006ab7b7da4908d9989b6db2c608560d2f56e,1004,5,0.2779747545719147,0.5,,,0.21484375,0.049204379960018696,1.895288687405115,1.895978474918687,1.895978474918687,1483.6901505017918,1483.6901505017918,0.026992259183356793,0.026992259183356793,1.0,1.0,0.0006739951729466398,0.0006739951729640048,0.0,0.0,1.0,0.5,0.9479892374593435,0.024602189980009348,38.53271754226372,0.49999999999949996,0.0,0.0,0.0007691178470849991,0.000722002238035202,0.006625054404139519,0.0,0.0,0,True,True,True,
42,dp_sgd_lr0p50,dp_sgd,6f5bfa6c60eeb2ad400161beec4006ab7b7da4908d9989b6db2c608560d2f56e,1005,5,0.5879650115966797,0.5,,,0.2109375,0.029636231532566386,1.90041340219885,1.9005704042726679,1.9005704042726679,4111.972584457936,4111.972584457936,0.013094088427356064,0.013094088427356064,1.0,1.0,0.00024319228261415898,0.00024319228259594563,0.0,0.0,1.0,0.5,0.9502852021363339,0.014818115766283193,64.1299620721321,0.49999999999949996,0.0,0.0,0.0005701389163732529,0.00048700906336307526,0.006353032775223255,0.0,0.0,0,True,True,True,
42,dp_sgd_lr0p50,dp_sgd,6f5bfa6c60eeb2ad400161beec4006ab7b7da4908d9989b6db2c608560d2f56e,1006,5,0.4673207998275757,0.5,,,0.22265625,0.04493681490397067,1.8960945517712138,1.8966778053370918,1.8966778053370918,1780.3910695225968,1780.3910695225968,0.02482361019982896,0.02482361019982896,1.0,1.0,0.0005616743515640359,0.0005616743516448591,0.0,0.0,1.0,0.5,0.9483389026685459,0.022468407451985334,42.20766000674169,0.49999999999949996,0.0,0.0,0.0007709050551056862,0.0006684865802526474,0.0063152434304356575,0.0,0.0,0,True,True,True,
42,dp_sgd_lr0p50,dp_sgd,6f5bfa6c60eeb2ad400161beec4006ab7b7da4908d9989b6db2c608560d2f56e,1007,5,0.6225156188011169,0.5,,,0.19921875,0.05406036315042798,1.8962902795919117,1.8970702545059022,1.8970702545059022,1230.4152920729061,1230.4152920729061,0.028673267881663255,0.028673267881663255,1.0,1.0,0.0008127337217768408,0.0008127337216474303,0.0,0.0,1.0,0.5,0.9485351272529511,0.02703018157521399,35.09170386364118,0.49999999999949996,0.0,0.0,0.0005585523322224617,0.0004794858396053314,0.006621630862355232,0.0,0.0,0,True,True,True,
42,dp_sgd_lr0p50,dp_sgd,6f5bfa6c60eeb2ad400161beec4006ab7b7da4908d9989b6db2c608560d2f56e,1008,5,0.41895759105682373,0.5,,,0.1875,0.022801035924488688,1.8912729689963892,1.8914178387371114,1.8914178387371114,6880.171634285908,6880.171634285908,0.012380902375516993,0.012380902375516993,1.0,1.0,0.0001453452110253956,0.00014534521100644638,0.0,0.0,1.0,0.5,0.9457089193685557,0.011400517962244344,82.95315374420296,0.49999999999949996,0.0,0.0,0.0007274942472577095,0.0006368374451994896,0.006102876737713814,0.0,0.0,0,True,True,True,
42,dp_sgd_lr0p50,dp_sgd,6f5bfa6c60eeb2ad400161beec4006ab7b7da4908d9989b6db2c608560d2f56e,1009,5,0.39132457971572876,0.5,,,0.18359375,0.029309021501269062,1.9027939237465137,1.9030409186119537,1.9030409186119537,4214.837858242568,4214.837858242568,0.016127292990409527,0.016127292990409527,1.0,1.0,0.00023725705056008205,0.00023725705053352007,0.0,0.0,1.0,0.5,0.9515204593059768,0.014654510750634531,64.93020991504929,0.49999999999949996,0.0,0.0,0.0005828579887747765,0.00048611778765916824,0.006391205824911594,0.0,0.0,0,True,True,True,
42,dp_sgd_lr0p50,dp_sgd,6f5bfa6c60eeb2ad400161beec4006ab7b7da4908d9989b6db2c608560d2f56e,1010,5,0.7798682451248169,0.5,,,0.23828125,0.03751547978954514,1.8966993018792,1.89706679745712,1.89706679745712,2556.0889228793853,2556.0889228793853,0.019682648910129708,0.019682648910129708,1.0,1.0,0.00039122269586877936,0.0003912226958192464,0.0,0.0,1.0,0.5,0.94853339872856,0.01875773989477257,50.56757391877104,0.49999999999949996,0.0,0.0,0.0007335329428315163,0.00064073596149683,0.006222819909453392,0.0,0.0,0,True,True,True,
42,dp_sgd_lr0p50,dp_sgd,6f5bfa6c60eeb2ad400161beec4006ab7b7da4908d9989b6db2c608560d2f56e,1011,5,0.648282527923584,0.5,,,0.2265625,0.033500824539464964,1.895366425073578,1.89564306446423,1.89564306446423,3200.924078955521,3200.924078955521,0.017093355588891346,0.017093355588891346,1.0,1.0,0.0003124097836881541,0.0003124097837116923,0.0,0.0,1.0,0.5,0.947821532232115,0.016750412269732482,56.584967397382606,0.49999999999949996,0.0,0.0,0.0005638180300593376,0.0004821093752980232,0.0063810329884290695,0.0,0.0,0,True,True,True,
42,dp_sgd_lr0p50,dp_sgd,6f5bfa6c60eeb2ad400161beec4006ab7b7da4908d9989b6db2c608560d2f56e,1012,5,0.4679502844810486,0.5,,,0.16796875,0.030928428125002905,1.9023926579817487,1.9025658513610717,1.9025658513610717,3783.4206077868334,3783.4206077868334,0.0137276404811049,0.0137276404811049,1.0,1.0,0.00026431108317594214,0.00026431108305485416,0.0,0.0,1.0,0.5,0.9512829256805359,0.015464214062501452,61.51511624025874,0.49999999999949996,0.0,0.0,0.0007495982572436333,0.0006339801475405693,0.0063515882939100266,0.0,0.0,0,True,True,True,
42,dp_sgd_lr0p50,dp_sgd,6f5bfa6c60eeb2ad400161beec4006ab7b7da4908d9989b6db2c608560d2f56e,1013,5,0.6760598421096802,0.5,,,0.22265625,0.036155513891071696,1.8964044543237861,1.8967126346983147,1.8967126346983147,2751.141041504542,2751.141041504542,0.01805415190664319,0.01805415190664319,1.0,1.0,0.0003634855444153678,0.0003634855443251812,0.0,0.0,1.0,0.5,0.9483563173491574,0.018077756945535848,52.45984444607141,0.49999999999949996,0.0,0.0,0.0005631512030959129,0.00048702582716941833,0.006385320797562599,0.0,0.0,0,True,True,True,
42,dp_sgd_lr0p50,dp_sgd,6f5bfa6c60eeb2ad400161beec4006ab7b7da4908d9989b6db2c608560d2f56e,1014,5,0.9589149355888367,0.5,,,0.23046875,0.03917646681143731,1.89717624101399,1.897421441956511,1.897421441956511,2345.118659509275,2345.118659509275,0.01658208617367911,0.01658208617367911,1.0,1.0,0.0004264176549417859,0.0004264176550525096,0.0,0.0,1.0,0.5,0.9487107209782555,0.019588233405718657,48.432684116008794,0.49999999999949996,0.0,0.0,0.0007647909224033356,0.0006706975400447845,0.0063454825431108475,0.0,0.0,0,True,True,True,
42,dp_sgd_lr0p50,dp_sgd,6f5bfa6c60eeb2ad400161beec4006ab7b7da4908d9989b6db2c608560d2f56e,1015,5,0.7614877223968506,0.5,,,0.1875,0.04152874756612788,1.8935701814140666,1.8940220937163685,1.8940220937163685,2079.05100665649,2079.05100665649,0.02184372746905027,0.02184372746905027,1.0,1.0,0.0004809886800363207,0.00048098867993033286,0.0,0.0,1.0,0.5,0.9470110468581843,0.02076437378306394,45.6074937152686,0.49999999999949996,0.0,0.0,0.0005607465282082558,0.0005014725029468536,0.006606096401810646,0.0,0.0,0,True,True,True,
42,dp_sgd_lr0p50,dp_sgd,6f5bfa6c60eeb2ad400161beec4006ab7b7da4908d9989b6db2c608560d2f56e,1016,5,0.5605725049972534,0.5,,,0.21875,0.038290755278260216,1.9006061720337237,1.9009053259994273,1.9009053259994273,2463.7486799570834,2463.7486799570834,0.017883795047571868,0.017883795047571868,1.0,1.0,0.00040588555458306684,0.00040588555460833884,0.0,0.0,1.0,0.5,0.9504526629997136,0.019145377639130108,49.64397573477452,0.49999999999949996,0.0,0.0,0.0007428936660289764,0.0006387783214449883,0.006497388705611229,0.0,0.0,0,True,True,True,
42,dp_sgd_lr0p50,dp_sgd,6f5bfa6c60eeb2ad400161beec4006ab7b7da4908d9989b6db2c608560d2f56e,1017,5,0.7442737817764282,0.5,,,0.21484375,0.03616813451474443,1.8963163005655568,1.8966199832733943,1.8966199832733943,2748.965805287231,2748.965805287231,0.01793063620755086,0.01793063620755086,1.0,1.0,0.00036377316782621355,0.00036377316775895415,0.0,0.0,1.0,0.5,0.9483099916366972,0.018084067257372216,52.438977254835564,0.49999999999949996,0.0,0.0,0.0005716197192668915,0.00048698391765356064,0.006689318455755711,0.0,0.0,0,True,True,True,
42,dp_sgd_lr0p50,dp_sgd,6f5bfa6c60eeb2ad400161beec4006ab7b7da4908d9989b6db2c608560d2f56e,1018,5,0.47934845089912415,0.5,,,0.1796875,0.029440880514831028,1.8960881109292116,1.896269888802703,1.896269888802703,4147.777393494156,4147.777393494156,0.013936879825157284,0.013936879825157284,1.0,1.0,0.00024109297678668112,0.0002410929767554627,0.0,0.0,1.0,0.5,0.9481349444013515,0.014720440257415514,64.40941491945617,0.49999999999949996,0.0,0.0,0.0007083415985107422,0.0006148135289549828,0.006209075450897217,0.0,0.0,0,True,True,True,
42,dp_sgd_lr0p50,dp_sgd,6f5bfa6c60eeb2ad400161beec4006ab7b7da4908d9989b6db2c608560d2f56e,1019,5,0.6343196630477905,0.5,,,0.18359375,0.032360306332153595,1.902432925253589,1.9026396989616816,1.9026396989616816,3456.1569684346596,3456.1569684346596,0.01489344078108947,0.01489344078108947,1.0,1.0,0.0002893387100695546,0.0002893387100560339,0.0,0.0,1.0,0.5,0.9513198494808408,0.016180153166076797,58.79547861243837,0.49999999999949996,0.0,0.0,0.00071751419454813,0.0006031794473528862,0.006242372095584869,0.0,0.0,0,True,True,True,
42,dp_sgd_lr0p50,dp_sgd,6f5bfa6c60eeb2ad400161beec4006ab7b7da4908d9989b6db2c608560d2f56e,1020,5,0.5451295375823975,0.5,,,0.1875,0.037874943392235294,1.895051912153878,1.8953850849131109,1.8953850849131109,2503.4460549140813,2503.4460549140813,0.018787238916322033,0.018787238916322033,1.0,1.0,0.0003994493899078405,0.0003994493898832047,0.0,0.0,1.0,0.5,0.9476925424565554,0.018937471696117647,50.043245350476106,0.49999999999949996,0.0,0.0,0.0005795108154416084,0.0004966221749782562,0.0063790734857320786,0.0,0.0,0,True,True,True,
42,dp_sgd_lr0p50,dp_sgd,6f5bfa6c60eeb2ad400161beec4006ab7b7da4908d9989b6db2c608560d2f56e,1021,5,0.4422608017921448,0.5,,,0.1875,0.02967088065501747,1.9026347857476587,1.902922530350213,1.902922530350213,4111.970510576947,4111.970510576947,0.017493280195062518,0.017493280195062518,1.0,1.0,0.00024319240526934544,0.00024319240527527407,0.0,0.0,1.0,0.5,0.9514612651751065,0.014835440327508735,64.13434614048613,0.49999999999949996,0.0,0.0,0.0007734978571534157,0.0006738817319273949,0.006392454728484154,0.0,0.0,0,True,True,True,
42,dp_sgd_lr0p50,dp_sgd,6f5bfa6c60eeb2ad400161beec4006ab7b7da4908d9989b6db2c608560d2f56e,1022,5,0.6541078686714172,0.5,,,0.23046875,0.05241492259603776,1.8948409769801897,1.8957029706390163,1.8957029706390163,1306.879779014494,1306.879779014494,0.030266504747686686,0.030266504747686686,1.0,1.0,0.0007651813240157573,0.0007651813239773782,0.0,0.0,1.0,0.5,0.9478514853195081,0.02620746129801888,36.167237814636884,0.49999999999949996,0.0,0.0,0.0005689067766070366,0.0004865787923336029,0.0066750869154930115,0.0,0.0,0,True,True,True,
42,dp_sgd_lr0p50,dp_sgd,6f5bfa6c60eeb2ad400161beec4006ab7b7da4908d9989b6db2c608560d2f56e,1023,5,0.40161195397377014,0.5,,,0.20703125,0.040232837882110156,1.8992950862462914,1.8996778239088339,1.8996778239088339,2228.5560147649608,2228.5560147649608,0.020101492704167126,0.020101492704167126,1.0,1.0,0.00044872105199805936,0.00044872105198894393,0.0,0.0,1.0,0.5,0.9498389119544169,0.020116418941055078,47.21709737157533,0.49999999999949996,0.0,0.0,0.0006367499008774757,0.0005853259935975075,0.0060280729085206985,0.0,0.0,0,True,True,True,
42,dp_sgd_lr0p50,dp_sgd,6f5bfa6c60eeb2ad400161beec4006ab7b7da4908d9989b6db2c608560d2f56e,1024,5,0.725525975227356,0.5,,,0.2109375,0.04995575211377525,1.8997302995336778,1.9002965016607374,1.9002965016607374,1446.1485118492647,1446.1485118492647,0.024476583554581537,0.024476583554581537,1.0,1.0,0.0006914919120721996,0.0006914919121516826,0.0,0.0,1.0,0.5,0.9501482508303687,0.024977876056887626,38.03959346376557,0.49999999999949996,0.0,0.0,0.0006719203665852547,0.0005851183086633682,0.005961612798273563,0.0,0.0,0,True,True,True,
42,dp_sgd_lr0p50,dp_sgd,6f5bfa6c60eeb2ad400161beec4006ab7b7da4908d9989b6db2c608560d2f56e,1025,5,0.7405073046684265,0.5,,,0.2265625,0.030997842949564057,1.8936744060176205,1.8937651610553992,1.8937651610553992,3732.0518718050503,3732.0518718050503,0.01111189887390093,0.01111189887390093,1.0,1.0,0.00026794911574348827,0.0002679491156964266,0.0,0.0,1.0,0.5,0.9468825805276996,0.015498921474782029,61.09344976082748,0.49999999999949996,0.0,0.0,0.0006851674988865852,0.0005827844142913818,0.005968164652585983,0.0,0.0,0,True,True,True,
42,dp_sgd_lr0p50,dp_sgd,6f5bfa6c60eeb2ad400161beec4006ab7b7da4908d9989b6db2c608560d2f56e,1026,5,0.6532375812530518,0.5,,,0.22265625,0.03609941419192711,1.8984895734871527,1.8987846250473712,1.8987846250473712,2765.7703947419473,2765.7703947419473,0.01767859752651775,0.01767859752651775,1.0,1.0,0.0003615629125011528,0.00036156291250315334,0.0,0.0,1.0,0.5,0.9493923125236856,0.018049707095963555,52.598765587913554,0.49999999999949996,0.0,0.0,0.0006193751469254494,0.0005667638033628464,0.0057104043662548065,0.0,0.0,0,True,True,True,
42,dp_sgd_lr0p50,dp_sgd,6f5bfa6c60eeb2ad400161beec4006ab7b7da4908d9989b6db2c608560d2f56e,1027,5,0.3808889389038086,0.5,,,0.2421875,0.04482376052846021,1.8963548709655613,1.8968889028838318,1.8968889028838318,1789.8747620258566,1789.8747620258566,0.0237274320875236,0.0237274320875236,1.0,1.0,0.0005586983071207514,0.0005586983069753559,0.0,0.0,1.0,0.5,0.9484444514419159,0.022411880264230105,42.31882556116173,0.49999999999949996,0.0,0.0,0.0007681911811232567,0.000664115883409977,0.006712490692734718,0.0,0.0,0,True,True,True,
42,dp_sgd_lr0p50,dp_sgd,6f5bfa6c60eeb2ad400161beec4006ab7b7da4908d9989b6db2c608560d2f56e,1028,5,0.6350340843200684,0.5,,,0.23046875,0.05211017374412312,1.897519081395059,1.8983635837111932,1.8983635837111932,1325.9503465729656,1325.9503465729656,0.029927512775664154,0.029927512775664154,1.0,1.0,0.0007541760535875639,0.0007541760534965076,0.0,0.0,1.0,0.5,0.9491817918555966,0.02605508687206156,36.42980721883368,0.49999999999949996,0.0,0.0,0.0006216447800397873,0.000542900525033474,0.005666801705956459,0.0,0.0,0,True,True,True,
42,dp_sgd_lr0p50,dp_sgd,6f5bfa6c60eeb2ad400161beec4006ab7b7da4908d9989b6db2c608560d2f56e,1029,5,0.5389264225959778,0.5,,,0.23046875,0.043823189020199965,1.9010650893625674,1.9017693891962804,1.9017693891962804,1881.854392051519,1881.854392051519,0.027590108775426784,0.027590108775426784,1.0,1.0,0.0005313907408047972,0.0005313907408136807,0.0,0.0,1.0,0.5,0.9508846945981402,0.021911594510099983,43.396417093992895,0.49999999999949996,0.0,0.0,0.0005620932206511497,0.0004866626113653183,0.006042649038136005,0.0,0.0,0,True,True,True,
42,dp_sgd_lr0p50,dp_sgd,6f5bfa6c60eeb2ad400161beec4006ab7b7da4908d9989b6db2c608560d2f56e,1030,5,0.40625426173210144,0.5,,,0.203125,0.047708626819411244,1.895717832906288,1.8962880482643745,1.8962880482643745,1578.8961203465367,1578.8961203465367,0.024529719592495943,0.024529719592495943,1.0,1.0,0.0006333538898942229,0.0006333538897119697,0.0,0.0,1.0,0.5,0.9481440241321872,0.023854313409705622,39.74727789510253,0.49999999999949996,0.0,0.0,0.0007902877405285835,0.0006692223250865936,0.006425816565752029,0.0,0.0,0,True,True,True,
42,dp_sgd_lr0p50,dp_sgd,6f5bfa6c60eeb2ad400161beec4006ab7b7da4908d9989b6db2c608560d2f56e,1031,5,0.5091986656188965,0.5,,,0.2109375,0.042978761511523474,1.8955468421881894,1.8960170465682982,1.8960170465682982,1945.1865084854712,1945.1865084854712,0.0222729923357682,0.0222729923357682,1.0,1.0,0.0005140895205143889,0.0005140895204997778,0.0,0.0,1.0,0.5,0.9480085232841491,0.021489380755761737,44.11520899623195,0.49999999999949996,0.0,0.0,0.0005769440904259682,0.00048516038805246353,0.006672815419733524,0.0,0.0,0,True,True,True,
42,dp_sgd_lr0p50,dp_sgd,6f5bfa6c60eeb2ad400161beec4006ab7b7da4908d9989b6db2c608560d2f56e,1032,5,0.7098534107208252,0.5,,,0.2421875,0.04460650049156586,1.8969671881315382,1.897483318318153,1.897483318318153,1808.520066452018,1808.520066452018,0.023323287507433146,0.023323287507433146,1.0,1.0,0.0005529382936065282,0.0005529382935971228,0.0,0.0,1.0,0.5,0.9487416591590765,0.02230325024578293,42.538269026323874,0.49999999999949996,0.0,0.0,0.0007009636610746384,0.0006115445867180824,0.006236225366592407,0.0,0.0,0,True,True,True,
42,dp_sgd_lr0p50,dp_sgd,6f5bfa6c60eeb2ad400161beec4006ab7b7da4908d9989b6db2c608560d2f56e,1033,5,0.45009681582450867,0.5,,,0.21484375,0.030594191640620053,1.8951096711229218,1.8954503219359886,1.8954503219359886,3836.990552187077,3836.990552187077,0.01920392071395971,0.01920392071395971,1.0,1.0,0.00026062091770368126,0.0002606209177652172,0.0,0.0,1.0,0.5,0.9477251609679943,0.015297095820310027,61.954580924291555,0.49999999999949996,0.0,0.0,0.0007024873048067093,0.0006150705739855766,0.006204552948474884,0.0,0.0,0,True,True,True,
42,dp_sgd_lr0p50,dp_sgd,6f5bfa6c60eeb2ad400161beec4006ab7b7da4908d9989b6db2c608560d2f56e,1034,5,0.4360479414463043,0.5,,,0.19921875,0.03122161388301182,1.9019031281394776,1.9020719567755655,1.9020719567755655,3710.787525755007,3710.787525755007,0.013614452369537325,0.013614452369537325,1.0,1.0,0.0002694845749138919,0.0002694845750331823,0.0,0.0,1.0,0.5,0.9510359783877828,0.01561080694150591,60.921641135555454,0.49999999999949996,0.0,0.0,0.0005662497133016586,0.0004903152585029602,0.006276222877204418,0.0,0.0,0,True,True,True,
42,dp_sgd_lr0p50,dp_sgd,6f5bfa6c60eeb2ad400161beec4006ab7b7da4908d9989b6db2c608560d2f56e,1035,5,0.3591040372848511,0.5,,,0.17578125,0.0402208625745317,1.8944684245550127,1.8948284131488902,1.8948284131488902,2218.5641030507536,2218.5641030507536,0.019562770807617758,0.019562770807617758,1.0,1.0,0.0004507419902839245,0.00045074199026615396,0.0,0.0,1.0,0.5,0.9474142065744451,0.02011043128726585,47.11058619251233,0.49999999999949996,0.0,0.0,0.0007684873417019844,0.0006370935589075089,0.006351528689265251,0.0,0.0,0,True,True,True,
42,dp_sgd_lr0p50,dp_sgd,6f5bfa6c60eeb2ad400161beec4006ab7b7da4908d9989b6db2c608560d2f56e,1036,5,0.29839810729026794,0.5,,,0.15234375,0.01983527252968373,1.8926618451022037,1.8928291726804338,1.8928291726804338,9104.78530302854,9104.78530302854,0.013675070310447523,0.013675070310447523,1.0,1.0,0.00010983235344664228,0.00010983235342380475,0.0,0.0,1.0,0.5,0.9464145863402169,0.009917636264841864,95.42743461966236,0.49999999999949996,0.0,0.0,0.0005659637972712517,0.00048561859875917435,0.00633829552680254,0.0,0.0,0,True,True,True,
42,dp_sgd_lr0p50,dp_sgd,6f5bfa6c60eeb2ad400161beec4006ab7b7da4908d9989b6db2c608560d2f56e,1037,5,0.42213118076324463,0.5,,,0.1484375,0.02108620396420986,1.9007077360123517,1.9008315576604984,1.9008315576604984,8125.196588941458,8125.196588941458,0.01141854627621026,0.01141854627621026,1.0,1.0,0.00012307394495681133,0.00012307394496451716,0.0,0.0,1.0,0.5,0.9504157788302492,0.01054310198210493,90.14574461607863,0.49999999999949996,0.0,0.0,0.0007282570004463196,0.0006570061668753624,0.006416137330234051,0.0,0.0,0,True,True,True,
42,dp_sgd_lr0p50,dp_sgd,6f5bfa6c60eeb2ad400161beec4006ab7b7da4908d9989b6db2c608560d2f56e,1038,5,0.45824968814849854,0.5,,,0.16015625,0.03383012267158835,1.899569904988462,1.8998543341570036,1.8998543341570036,3152.850769648132,3152.850769648132,0.01731028839658944,0.01731028839658944,1.0,1.0,0.0003171732733920561,0.00031717327343572184,0.0,0.0,1.0,0.5,0.9499271670785018,0.016915061335794176,56.15865932523639,0.49999999999949996,0.0,0.0,0.0005729943513870239,0.0004961760714650154,0.005975125357508659,0.0,0.0,0,True,True,True,
42,dp_sgd_lr0p50,dp_sgd,6f5bfa6c60eeb2ad400161beec4006ab7b7da4908d9989b6db2c608560d2f56e,1039,5,0.6615848541259766,0.5,,,0.18359375,0.0400788747050866,1.8968625060888809,1.8972931988659634,1.8972931988659634,2239.9620760118273,2239.9620760118273,0.02130702920206327,0.02130702920206327,1.0,1.0,0.00044643612947128285,0.00044643612940597577,0.0,0.0,1.0,0.5,0.9486465994329817,0.0200394373525433,47.33898375970349,0.49999999999949996,0.0,0.0,0.000725707970559597,0.0006429171189665794,0.00645041186362505,0.0,0.0,0,True,True,True,
42,dp_sgd_lr0p50,dp_sgd,6f5bfa6c60eeb2ad400161beec4006ab7b7da4908d9989b6db2c608560d2f56e,1040,5,0.45429354906082153,0.5,,,0.1953125,0.035124835289627385,1.8950676182095054,1.8953784146506591,1.8953784146506591,2910.856716273887,2910.856716273887,0.01811352953803943,0.01811352953803943,1.0,1.0,0.0003435414713470547,0.0003435414713292189,0.0,0.0,1.0,0.5,0.9476892073253296,0.017562417644813692,53.96120434200173,0.49999999999949996,0.0,0.0,0.0005898494273424149,0.0004847859963774681,0.005883143283426762,0.0,0.0,0,True,True,True,
42,dp_sgd_lr0p50,dp_sgd,6f5bfa6c60eeb2ad400161beec4006ab7b7da4908d9989b6db2c608560d2f56e,1041,5,0.524183452129364,0.5,,,0.19921875,0.03952747929196663,1.9041712104871804,1.9046453762730338,1.9046453762730338,2320.671931330419,2320.671931330419,0.022370956787412334,0.022370956787412334,1.0,1.0,0.00043090968001944233,0.00043090967995769837,0.0,0.0,1.0,0.5,0.9523226881365169,0.019763739645983314,48.18534878250519,0.49999999999949996,0.0,0.0,0.0007297135889530182,0.0006432309746742249,0.00645056739449501,0.0,0.0,0,True,True,True,
42,dp_sgd_lr0p50,dp_sgd,6f5bfa6c60eeb2ad400161beec4006ab7b7da4908d9989b6db2c608560d2f56e,1042,5,0.6482027173042297,0.5,,,0.2265625,0.036817502942767664,1.89521192179475,1.8954295632882696,1.8954295632882696,2649.7621887520427,2649.7621887520427,0.015623199197262277,0.015623199197262277,1.0,1.0,0.00037739235751302325,0.00037739235753686675,0.0,0.0,1.0,0.5,0.9477147816441348,0.018408751471383832,51.48175220171034,0.49999999999949996,0.0,0.0,0.0006883032619953156,0.000594024546444416,0.005996032617986202,0.0,0.0,0,True,True,True,
42,dp_sgd_lr0p50,dp_sgd,6f5bfa6c60eeb2ad400161beec4006ab7b7da4908d9989b6db2c608560d2f56e,1043,5,0.5616117715835571,0.5,,,0.25,0.03672244872060525,1.8964939743453602,1.8969056340478097,1.8969056340478097,2667.1022632336985,2667.1022632336985,0.02088837884425162,0.02088837884425162,1.0,1.0,0.00037493875395903996,0.00037493875392470306,0.0,0.0,1.0,0.5,0.9484528170239048,0.018361224360302623,51.65520546782413,0.49999999999949996,0.0,0.0,0.0005720499902963638,0.00048624351620674133,0.005983008071780205,0.0,0.0,0,True,True,True,
42,dp_sgd_lr0p50,dp_sgd,6f5bfa6c60eeb2ad400161beec4006ab7b7da4908d9989b6db2c608560d2f56e,1044,5,0.4979568421840668,0.5,,,0.1953125,0.040609824588607686,1.9021844670500043,1.9028324037274906,1.9028324037274906,2194.032389108424,2194.032389108424,0.026623342530040672,0.026623342530040672,1.0,1.0,0.0004557817853362309,0.00045578178533316595,0.0,0.0,1.0,0.5,0.9514162018637453,0.020304912294303843,46.85645463653594,0.49999999999949996,0.0,0.0,0.0007274085655808449,0.0006404062733054161,0.00644717738032341,0.0,0.0,0,True,True,True,
42,dp_sgd_lr0p50,dp_sgd,6f5bfa6c60eeb2ad400161beec4006ab7b7da4908d9989b6db2c608560d2f56e,1045,5,0.5654553174972534,0.5,,,0.2109375,0.043998421420853265,1.8977912551555642,1.898322894113369,1.898322894113369,1860.470087182446,1860.470087182446,0.023670206311398177,0.023670206311398177,1.0,1.0,0.0005374985636009808,0.0005374985636681813,0.0,0.0,1.0,0.5,0.9491614470566845,0.021999210710426632,43.14525005043384,0.49999999999949996,0.0,0.0,0.0006117690354585648,0.0005525741726160049,0.005952564999461174,0.0,0.0,0,True,True,True,
42,dp_sgd_lr0p50,dp_sgd,6f5bfa6c60eeb2ad400161beec4006ab7b7da4908d9989b6db2c608560d2f56e,1046,5,0.827173113822937,0.5,,,0.25,0.06206131169804351,1.8988535660828356,1.8998896303509674,1.8998896303509674,936.1405296828663,936.1405296828663,0.03302252611190045,0.03302252611190045,1.0,1.0,0.0010682156877438668,0.0010682156879880636,0.0,0.0,1.0,0.5,0.9499448151754837,0.031030655849021756,30.613107881663343,0.49999999999949996,0.0,0.0,0.0007136482745409012,0.0006153928115963936,0.006214288994669914,0.0,0.0,0,True,True,True,
42,dp_sgd_lr0p50,dp_sgd,6f5bfa6c60eeb2ad400161beec4006ab7b7da4908d9989b6db2c608560d2f56e,1047,5,0.5391833782196045,0.5,,,0.22265625,0.05270910169454409,1.9000654892916875,1.9007546973838232,1.9007546973838232,1299.4689607128255,1299.4689607128255,0.026938632343362547,0.026938632343362547,1.0,1.0,0.0007695451217943927,0.0007695451219030459,0.0,0.0,1.0,0.5,0.9503773486919116,0.026354550847272045,36.061223511772496,0.49999999999949996,0.0,0.0,0.0007010167464613914,0.0006457073614001274,0.006278875283896923,0.0,0.0,0,True,True,True,
42,dp_sgd_lr0p50,dp_sgd,6f5bfa6c60eeb2ad400161beec4006ab7b7da4908d9989b6db2c608560d2f56e,1048,5,0.3544837236404419,0.5,,,0.17578125,0.03180233157917006,1.8978858130826093,1.8981363557872482,1.8981363557872482,3561.4121478022043,3561.4121478022043,0.016254855428298284,0.016254855428298284,1.0,1.0,0.0002807874959454204,0.0002807874958733469,0.0,0.0,1.0,0.5,0.9490681778936241,0.01590116578958503,59.68544636240198,0.49999999999949996,0.0,0.0,0.001231425441801548,0.0010988079011440277,0.006789551116526127,0.0,0.0,0,True,True,True,
42,dp_sgd_lr0p50,dp_sgd,6f5bfa6c60eeb2ad400161beec4006ab7b7da4908d9989b6db2c608560d2f56e,1049,5,0.6383551359176636,0.5,,,0.23828125,0.053154310394146656,1.89442131705033,1.8951241972531225,1.8951241972531225,1270.2118720162152,1270.2118720162152,0.0272449031770778,0.0272449031770778,1.0,1.0,0.000787270235522583,0.0007872702354219265,0.0,0.0,1.0,0.5,0.9475620986265613,0.026577155197073328,35.65325526997161,0.49999999999949996,0.0,0.0,0.000599822960793972,0.0006348146125674248,0.006575663574039936,0.0,0.0,0,True,True,True,
42,dp_sgd_lr0p50,dp_sgd,6f5bfa6c60eeb2ad400161beec4006ab7b7da4908d9989b6db2c608560d2f56e,1050,5,0.4567190408706665,0.5,,,0.203125,0.0313101603698177,1.9002302664098294,1.900436249164958,1.900436249164958,3683.3405798162644,3683.3405798162644,0.014816051100166603,0.014816051100166603,1.0,1.0,0.00027149267826586304,0.0002714926782940476,0.0,0.0,1.0,0.5,0.950218124582479,0.01565508018490885,60.697110030632174,0.49999999999949996,0.1150845866650343,0.0,0.0006063031032681465,0.0005956878885626793,0.005927098914980888,0.0,0.0,0,True,True,True,
42,dp_sgd_lr0p50,dp_sgd,6f5bfa6c60eeb2ad400161beec4006ab7b7da4908d9989b6db2c608560d2f56e,1051,5,0.5074028968811035,0.5,,,0.1796875,0.03802557001215699,1.9042997262590893,1.9047522428553105,1.9047522428553105,2507.9515584625956,2507.9515584625956,0.02188067297677925,0.02188067297677925,1.0,1.0,0.0003987317840864305,0.00039873178395006674,0.0,0.0,1.0,0.5,0.9523761214276553,0.019012785006078496,50.091352796188666,0.49999999999949996,0.0,0.0,0.0006944118067622185,0.0006077941507101059,0.006103629246354103,0.0,0.0,0,True,True,True,
42,dp_sgd_lr0p50,dp_sgd,6f5bfa6c60eeb2ad400161beec4006ab7b7da4908d9989b6db2c608560d2f56e,1052,5,0.489793062210083,0.5,,,0.17578125,0.03945134681149439,1.8929447397639119,1.8932984837800526,1.8932984837800526,2302.2485259155,2302.2485259155,0.019384432682747824,0.019384432682747824,1.0,1.0,0.0004343579713921465,0.00043435797137086505,0.0,0.0,1.0,0.5,0.9466492418900263,0.019725673405747195,47.99071861172677,0.49999999999949996,0.0,0.0,0.0006952527910470963,0.0006009927019476891,0.006100185215473175,0.0,0.0,0,True,True,True,
42,dp_sgd_lr0p50,dp_sgd,6f5bfa6c60eeb2ad400161beec4006ab7b7da4908d9989b6db2c608560d2f56e,1053,5,0.3929193615913391,0.5,,,0.234375,0.0376193953157188,1.9048523645019924,1.90516328620177,1.90516328620177,2563.887832429081,2563.887832429081,0.01813726718143386,0.01813726718143386,1.0,1.0,0.00039003266314724036,0.00039003266309252176,0.0,0.0,1.0,0.5,0.952581643100885,0.0188096976578594,50.64311295042095,0.49999999999949996,0.0,0.0,0.0006824955344200134,0.0006245514377951622,0.0061132051050662994,0.0,0.0,0,True,True,True,
42,dp_sgd_lr0p50,dp_sgd,6f5bfa6c60eeb2ad400161beec4006ab7b7da4908d9989b6db2c608560d2f56e,1054,5,0.44335585832595825,0.5,,,0.203125,0.04690054210916871,1.8953343465855053,1.8958443890698808,1.8958443890698808,1633.111887905313,1633.111887905313,0.023242819326935723,0.023242819326935723,1.0,1.0,0.000612327916385289,0.0006123279162097145,0.0,0.0,1.0,0.5,0.9479221945349404,0.023450271054584356,40.422654061783476,0.49999999999949996,0.0,0.0,0.000683952122926712,0.0005986066535115242,0.00618558656424284,0.0,0.0,0,True,True,True,
42,dp_sgd_lr0p50,dp_sgd,6f5bfa6c60eeb2ad400161beec4006ab7b7da4908d9989b6db2c608560d2f56e,1055,5,0.20778179168701172,0.5,,,0.1640625,0.03548448662628484,1.8935849464383945,1.8938462853306273,1.8938462853306273,2847.6888289824014,2847.6888289824014,0.016732734238699053,0.016732734238699053,1.0,1.0,0.00035116196300242385,0.00035116196310387785,0.0,0.0,1.0,0.5,0.9469231426653136,0.01774224331314242,53.371105665680794,0.49999999999949996,0.0,0.0,0.0005525145679712296,0.0004835519939661026,0.00619660597294569,0.0,0.0,0,True,True,True,
42,dp_sgd_lr0p50,dp_sgd,6f5bfa6c60eeb2ad400161beec4006ab7b7da4908d9989b6db2c608560d2f56e,1056,5,0.48538511991500854,0.5,,,0.234375,0.038573829272442135,1.8969382802400487,1.8972482040025522,1.8972482040025522,2418.3596782477534,2418.3596782477534,0.01819963506527567,0.01819963506527567,1.0,1.0,0.0004135034206542064,0.000413503420766091,0.0,0.0,1.0,0.5,0.9486241020012761,0.019286914636221068,49.18485511262457,0.49999999999949996,0.0,0.0,0.0007548825815320015,0.0006879270076751709,0.0066529856994748116,0.0,0.0,0,True,True,True,
42,dp_sgd_lr0p50,dp_sgd,6f5bfa6c60eeb2ad400161beec4006ab7b7da4908d9989b6db2c608560d2f56e,1057,5,0.2717536985874176,0.5,,,0.1875,0.03126797558388869,1.8962085540223386,1.8964342630434794,1.8964342630434794,3677.669296666167,3677.669296666167,0.015461992831396697,0.015461992831396697,1.0,1.0,0.00027191134338354074,0.0002719113434839401,0.0,0.0,1.0,0.5,0.9482171315217397,0.015633987791944345,60.651008820006396,0.49999999999949996,0.0,0.0,0.0006992369890213013,0.0005817264318466187,0.005943164229393005,0.0,0.0,0,True,True,True,
42,dp_sgd_lr0p50,dp_sgd,6f5bfa6c60eeb2ad400161beec4006ab7b7da4908d9989b6db2c608560d2f56e,1058,5,0.5184648036956787,0.5,,,0.19921875,0.0353794206276694,1.8959461113985996,1.8962049398442633,1.8962049398442633,2871.7758880525907,2871.7758880525907,0.016644299275892525,0.016644299275892525,1.0,1.0,0.00034821658729049736,0.00034821658729623675,0.0,0.0,1.0,0.5,0.9481024699221317,0.0176897103138347,53.59626885054456,0.49999999999949996,0.0,0.0,0.0005735373124480247,0.0004931511357426643,0.0059813447296619415,0.0,0.0,0,True,True,True,
42,dp_sgd_lr0p50,dp_sgd,6f5bfa6c60eeb2ad400161beec4006ab7b7da4908d9989b6db2c608560d2f56e,1059,5,0.41755411028862,0.5,,,0.19921875,0.033443472727453086,1.8908285342284412,1.8911354724055816,1.8911354724055816,3196.550422069829,3196.550422069829,0.018019242699553687,0.018019242699553687,1.0,1.0,0.00031283723610344897,0.0003128372361201545,0.0,0.0,1.0,0.5,0.9455677362027908,0.016721736363726543,56.54722186610996,0.49999999999949996,0.0,0.0,0.0007629320025444031,0.0006703343242406845,0.00663704052567482,0.0,0.0,0,True,True,True,
42,dp_sgd_lr0p50,dp_sgd,6f5bfa6c60eeb2ad400161beec4006ab7b7da4908d9989b6db2c608560d2f56e,1060,5,0.5705910921096802,0.5,,,0.25,0.042783635823035314,1.8939102830342307,1.8943764362052384,1.8943764362052384,1959.5819307407387,1959.5819307407387,0.022186528577523675,0.022186528577523675,1.0,1.0,0.0005103129314299177,0.0005103129314149101,0.0,0.0,1.0,0.5,0.9471882181026192,0.021391817911517657,44.2780609846329,0.49999999999949996,0.0,0.0,0.0007082512602210045,0.0006062192842364311,0.006159214302897453,0.0,0.0,0,True,True,True,
42,dp_sgd_lr0p50,dp_sgd,6f5bfa6c60eeb2ad400161beec4006ab7b7da4908d9989b6db2c608560d2f56e,1061,5,0.501428484916687,0.5,,,0.22265625,0.037032462935198955,1.8967140367604403,1.8970528435377503,1.8970528435377503,2623.2429990814367,2623.2429990814367,0.01890862077810118,0.01890862077810118,1.0,1.0,0.0003812075357184619,0.0003812075357603283,0.0,0.0,1.0,0.5,0.9485264217688751,0.018516231467599478,51.22675331518846,0.49999999999949996,0.0,0.0,0.0005787527188658714,0.0004840586334466934,0.005695703439414501,0.0,0.0,0,True,True,True,
42,dp_sgd_lr0p50,dp_sgd,6f5bfa6c60eeb2ad400161beec4006ab7b7da4908d9989b6db2c608560d2f56e,1062,5,0.7215161919593811,0.5,,,0.22265625,0.04216381728993576,1.894868996682982,1.8953687253585252,1.8953687253585252,2019.6612564096924,2019.6612564096924,0.02297336487772228,0.02297336487772228,1.0,1.0,0.0004951325358465819,0.00049513253581155,0.0,0.0,1.0,0.5,0.9476843626792626,0.02108190864496788,44.952493561844385,0.49999999999949996,0.0,0.0,0.0007549766451120377,0.0006696907803416252,0.006629806011915207,0.0,0.0,0,True,True,True,
42,dp_sgd_lr0p50,dp_sgd,6f5bfa6c60eeb2ad400161beec4006ab7b7da4908d9989b6db2c608560d2f56e,1063,5,0.5484224557876587,0.5,,,0.16796875,0.033803696953040266,1.8972728804179282,1.8976555920330238,1.8976555920330238,3150.149740872083,3150.149740872083,0.020227148568959543,0.020227148568959543,1.0,1.0,0.0003174452268569797,0.0003174452268796899,0.0,0.0,1.0,0.5,0.9488277960165119,0.016901848476520133,56.13751639523191,0.49999999999949996,0.0,0.0,0.0006941761821508408,0.0006386851891875267,0.006107301451265812,0.0,0.0,0,True,True,True,
42,dp_sgd_lr0p50,dp_sgd,6f5bfa6c60eeb2ad400161beec4006ab7b7da4908d9989b6db2c608560d2f56e,1064,5,0.43993645906448364,0.5,,,0.20703125,0.03451951200619947,1.899494826168681,1.8998334330441553,1.8998334330441553,3027.9376939527283,3027.9376939527283,0.01889314873865579,0.01889314873865579,1.0,1.0,0.000330257786069268,0.0003302577860629044,0.0,0.0,1.0,0.5,0.9499167165220777,0.017259756003099733,55.0365089921574,0.49999999999949996,0.0,0.0,0.000687706284224987,0.0006023431196808815,0.006051709875464439,0.0,0.0,0,True,True,True,
42,dp_sgd_lr0p50,dp_sgd,6f5bfa6c60eeb2ad400161beec4006ab7b7da4908d9989b6db2c608560d2f56e,1065,5,0.3811144530773163,0.5,,,0.19140625,0.0320150631822141,1.899364116633745,1.8996641979259832,1.8996641979259832,3519.7168795562425,3519.7168795562425,0.017798893816848262,0.017798893816848262,1.0,1.0,0.0002841137606358147,0.00028411376068485,0.0,0.0,1.0,0.5,0.9498320989629916,0.01600753159110705,59.33657500518895,0.49999999999949996,0.0,0.0,0.0005554743111133575,0.00047756172716617584,0.006224021315574646,0.0,0.0,0,True,True,True,
42,dp_sgd_lr0p50,dp_sgd,6f5bfa6c60eeb2ad400161beec4006ab7b7da4908d9989b6db2c608560d2f56e,1066,5,0.49191513657569885,0.5,,,0.1484375,0.041124072140482436,1.8934268046382254,1.8939418115538662,1.8939418115538662,2119.848465481078,2119.848465481078,0.023378285567825313,0.023378285567825313,1.0,1.0,0.0004717318316342396,0.00047173183153273327,0.0,0.0,1.0,0.5,0.9469709057769331,0.020562036070241218,46.05433540219296,0.49999999999949996,0.0,0.0,0.000756031833589077,0.0006864974275231361,0.006636279635131359,0.0,0.0,0,True,True,True,
42,dp_sgd_lr0p50,dp_sgd,6f5bfa6c60eeb2ad400161beec4006ab7b7da4908d9989b6db2c608560d2f56e,1067,5,0.4843326210975647,0.5,,,0.21484375,0.03246222595536135,1.8980450360693288,1.8983085450883093,1.8983085450883093,3418.6641113459295,3418.6641113459295,0.016667143956716243,0.016667143956716243,1.0,1.0,0.0002925119188316725,0.00029251191877029733,0.0,0.0,1.0,0.5,0.9491542725441546,0.016231112977680675,58.477460774923735,0.49999999999949996,0.0,0.0,0.0005659293383359909,0.0004879133775830269,0.005620076321065426,0.0,0.0,0,True,True,True,
42,dp_sgd_lr0p50,dp_sgd,6f5bfa6c60eeb2ad400161beec4006ab7b7da4908d9989b6db2c608560d2f56e,1068,5,0.5071939826011658,0.5,,,0.2109375,0.03798673057880964,1.8986278960171148,1.8989723844960735,1.8989723844960735,2498.134871370839,2498.134871370839,0.01906974804380815,0.01906974804380815,1.0,1.0,0.00040029864310647605,0.00040029864315964555,0.0,0.0,1.0,0.5,0.9494861922480368,0.01899336528940482,49.990413901411344,0.49999999999949996,0.0,0.0,0.0007767761126160622,0.0006717070937156677,0.006581952795386314,0.0,0.0,0,True,True,True,
42,dp_sgd_lr0p50,dp_sgd,6f5bfa6c60eeb2ad400161beec4006ab7b7da4908d9989b6db2c608560d2f56e,1069,5,0.5658512711524963,0.5,,,0.171875,0.024200068606072118,1.9011020413583832,1.9013394559164918,1.9013394559164918,6171.314243218629,6171.314243218629,0.016173831282317832,0.016173831282317832,1.0,1.0,0.00016204003861755266,0.00016204003861971578,0.0,0.0,1.0,0.5,0.9506697279582459,0.012100034303036059,78.56752336984223,0.49999999999949996,0.0,0.0,0.0006816871464252472,0.0006035808473825455,0.006120162084698677,0.0,0.0,0,True,True,True,
42,dp_sgd_lr0p50,dp_sgd,6f5bfa6c60eeb2ad400161beec4006ab7b7da4908d9989b6db2c608560d2f56e,1070,5,0.6770721077919006,0.5,,,0.22265625,0.03234454424931939,1.8982449294761141,1.8986029148497205,1.8986029148497205,3444.3115210092838,3444.3115210092838,0.01958481710711196,0.01958481710711196,1.0,1.0,0.0002903337845442114,0.000290333784514115,0.0,0.0,1.0,0.5,0.9493014574248603,0.016172272124659694,58.69932499581513,0.49999999999949996,0.0,0.0,0.0007150424644351006,0.0006147995591163635,0.006145278923213482,0.0,0.0,0,True,True,True,
42,dp_sgd_lr0p50,dp_sgd,6f5bfa6c60eeb2ad400161beec4006ab7b7da4908d9989b6db2c608560d2f56e,1071,5,0.3589329421520233,0.5,,,0.171875,0.024692521197559925,1.9007730087582748,1.9009499539967307,1.9009499539967307,5925.563293378801,5925.563293378801,0.013660395727437385,0.013660395727437385,1.0,1.0,0.00016876032688352573,0.0001687603268677254,0.0,0.0,1.0,0.5,0.9504749769983654,0.012346260598779963,76.98484648990033,0.49999999999949996,0.0,0.0,0.0005490919575095177,0.0005139140412211418,0.005735971033573151,0.0,0.0,0,True,True,True,
42,dp_sgd_lr0p50,dp_sgd,6f5bfa6c60eeb2ad400161beec4006ab7b7da4908d9989b6db2c608560d2f56e,1072,5,0.4663633406162262,0.5,,,0.21484375,0.04169916965676346,1.896546226676267,1.8970805567088198,1.8970805567088198,2068.5787121645317,2068.5787121645317,0.023802473336851166,0.023802473336851166,1.0,1.0,0.0004834237119158176,0.0004834237118817292,0.0,0.0,1.0,0.5,0.9485402783544099,0.02084958482838173,45.49444442738757,0.49999999999949996,0.0,0.0,0.0006232066079974174,0.0006336783990263939,0.006311056204140186,0.0,0.0,0,True,True,True,
42,dp_sgd_lr0p50,dp_sgd,6f5bfa6c60eeb2ad400161beec4006ab7b7da4908d9989b6db2c608560d2f56e,1073,5,0.6781140565872192,0.5,,,0.18359375,0.04849623590256826,1.902262304563193,1.9029410985897097,1.9029410985897097,1538.5965014163055,1538.5965014163055,0.02673678575266927,0.02673678575266927,1.0,1.0,0.0006499429828769368,0.0006499429830563459,0.0,0.0,1.0,0.5,0.9514705492948549,0.02424811795128413,39.23894428289962,0.49999999999949996,0.0,0.0,0.0007035797461867332,0.0005995482206344604,0.006109955720603466,0.0,0.0,0,True,True,True,
42,dp_sgd_lr0p50,dp_sgd,6f5bfa6c60eeb2ad400161beec4006ab7b7da4908d9989b6db2c608560d2f56e,1074,5,0.5596155524253845,0.5,,,0.2109375,0.0550618102268618,1.8989367073177397,1.8998097173210429,1.8998097173210429,1189.3782947240668,1189.3782947240668,0.030342849296973437,0.030342849296973437,1.0,1.0,0.0008407753900552588,0.0008407753902690236,0.0,0.0,1.0,0.5,0.9499048586605214,0.0275309051134309,34.50321937154943,0.49999999999949996,0.0,0.0,0.0006864797323942184,0.000611347146332264,0.006086893379688263,0.0,0.0,0,True,True,True,
42,dp_sgd_lr0p50,dp_sgd,6f5bfa6c60eeb2ad400161beec4006ab7b7da4908d9989b6db2c608560d2f56e,1075,5,0.6694695949554443,0.5,,,0.17578125,0.03821025648846756,1.8956327731913454,1.8959887088348155,1.8959887088348155,2461.2090927600566,2461.2090927600566,0.019390915993315282,0.019390915993315282,1.0,1.0,0.00040630436571050465,0.0004063043655877338,0.0,0.0,1.0,0.5,0.9479943544174078,0.01910512824423378,49.61988960497593,0.49999999999949996,0.0,0.0,0.0006412193179130554,0.0005367100238800049,0.005912133492529392,0.0,0.0,0,True,True,True,
42,dp_sgd_lr0p50,dp_sgd,6f5bfa6c60eeb2ad400161beec4006ab7b7da4908d9989b6db2c608560d2f56e,1076,5,0.7580031752586365,0.5,,,0.16015625,0.030467175502584452,1.8980137895634095,1.898331941631579,1.898331941631579,3880.916848003394,3880.916848003394,0.018466301472226426,0.018466301472226426,1.0,1.0,0.00025767107054532556,0.000257671070472962,0.0,0.0,1.0,0.5,0.9491659708157895,0.015233587751292226,62.30744761180548,0.49999999999949996,0.0,0.0,0.0008017681539058685,0.0006684195250272751,0.006549712270498276,0.0,0.0,0,True,True,True,
42,dp_sgd_lr0p50,dp_sgd,6f5bfa6c60eeb2ad400161beec4006ab7b7da4908d9989b6db2c608560d2f56e,1077,5,0.46016260981559753,0.5,,,0.17578125,0.03697598781793272,1.8981848998050568,1.8986215202044272,1.8986215202044272,2635.3448794087544,2635.3448794087544,0.021544444737106656,0.021544444737106656,1.0,1.0,0.00037945697623176575,0.00037945697621951535,0.0,0.0,1.0,0.5,0.9493107601022136,0.01848799390896636,51.34741847737556,0.49999999999949996,0.0,0.0,0.0005587814375758171,0.0004828348755836487,0.006576860323548317,0.0,0.0,0,True,True,True,
42,dp_sgd_lr0p50,dp_sgd,6f5bfa6c60eeb2ad400161beec4006ab7b7da4908d9989b6db2c608560d2f56e,1078,5,0.33833277225494385,0.5,,,0.2109375,0.03687702788907886,1.9013360461702171,1.9017731377747222,1.9017731377747222,2658.311926512242,2658.311926512242,0.021546750703853815,0.021546750703853815,1.0,1.0,0.00037617857757437945,0.00037617857750196575,0.0,0.0,1.0,0.5,0.9508865688873611,0.01843851394453943,51.57067276115252,0.49999999999949996,0.0,0.0,0.0006281230598688126,0.0006127255037426949,0.006109955720603466,0.0,0.0,0,True,True,True,
42,dp_sgd_lr0p50,dp_sgd,6f5bfa6c60eeb2ad400161beec4006ab7b7da4908d9989b6db2c608560d2f56e,1079,5,0.7238588333129883,0.5,,,0.25,0.061505065415949564,1.8992649168749598,1.9004200040008299,1.9004200040008299,953.5628489334367,953.5628489334367,0.03495661667211537,0.03495661667211537,1.0,1.0,0.001048698573831685,0.0010486985741725134,0.0,0.0,1.0,0.5,0.9502100020004149,0.030752532707974782,30.89859332864336,0.49999999999949996,0.0,0.0,0.0007034074515104294,0.0006021726876497269,0.00612197071313858,0.0,0.0,0,True,True,True,
42,dp_sgd_lr0p50,dp_sgd,6f5bfa6c60eeb2ad400161beec4006ab7b7da4908d9989b6db2c608560d2f56e,1080,5,0.5745239853858948,0.5,,,0.19921875,0.04025207840521978,1.896789411421991,1.8972348841313937,1.8972348841313937,2220.55540125633,2220.55540125633,0.02167386462109169,0.02167386462109169,1.0,1.0,0.0004503377843294308,0.00045033778429625385,0.0,0.0,1.0,0.5,0.9486174420656969,0.02012603920260989,47.1338365422417,0.49999999999949996,0.0,0.0,0.0006882455199956894,0.0006072446703910828,0.006116154603660107,0.0,0.0,0,True,True,True,
42,dp_sgd_lr0p50,dp_sgd,6f5bfa6c60eeb2ad400161beec4006ab7b7da4908d9989b6db2c608560d2f56e,1081,5,0.602321445941925,0.5,,,0.19140625,0.033048437848379644,1.895890540981285,1.8962352706499956,1.8962352706499956,3290.9754874113446,3290.9754874113446,0.01914431861548268,0.01914431861548268,1.0,1.0,0.0003038612724127976,0.0003038612723390616,0.0,0.0,1.0,0.5,0.9481176353249978,0.016524218924189822,57.37745545598346,0.49999999999949996,0.0,0.0,0.0006896043196320534,0.0006197933107614517,0.006140631623566151,0.0,0.0,0,True,True,True,
42,dp_sgd_lr0p50,dp_sgd,6f5bfa6c60eeb2ad400161beec4006ab7b7da4908d9989b6db2c608560d2f56e,1082,5,0.5770862102508545,0.5,,,0.24609375,0.03151924873660418,1.8995927801663892,1.8998458232123896,1.8998458232123896,3632.196245052791,3632.196245052791,0.016322884385025282,0.016322884385025282,1.0,1.0,0.00027531552028753575,0.00027531552026935287,0.0,0.0,1.0,0.5,0.9499229116061948,0.01575962436830209,60.2757330597634,0.49999999999949996,0.0,0.0,0.0006530378013849258,0.0005800658836960793,0.00588621199131012,0.0,0.0,0,True,True,True,
42,dp_sgd_lr0p50,dp_sgd,6f5bfa6c60eeb2ad400161beec4006ab7b7da4908d9989b6db2c608560d2f56e,1083,5,0.2980886697769165,0.5,,,0.18359375,0.041904517136051075,1.8970527401574173,1.8976019153481796,1.8976019153481796,2049.449060337762,2049.449060337762,0.024144937681151564,0.024144937681151564,1.0,1.0,0.0004879360110884805,0.000487936011129597,0.0,0.0,1.0,0.5,0.9488009576740898,0.020952258568025538,45.28394657541769,0.49999999999949996,0.0,0.0,0.0006896955892443657,0.0006072996184229851,0.006061747670173645,0.0,0.0,0,True,True,True,
42,dp_sgd_lr0p50,dp_sgd,6f5bfa6c60eeb2ad400161beec4006ab7b7da4908d9989b6db2c608560d2f56e,1084,5,0.5964151620864868,0.5,,,0.203125,0.04495249032895596,1.897961518824298,1.8986553267787694,1.8986553267787694,1782.65496443804,1782.65496443804,0.027269410297967398,0.027269410297967398,1.0,1.0,0.0005609610493638563,0.0005609610491712222,0.0,0.0,1.0,0.5,0.9493276633893847,0.02247624516447798,42.23693309981727,0.49999999999949996,0.0,0.0,0.0007013594731688499,0.0006022341549396515,0.0061052460223436356,0.0,0.0,0,True,True,True,
42,dp_sgd_lr0p50,dp_sgd,6f5bfa6c60eeb2ad400161beec4006ab7b7da4908d9989b6db2c608560d2f56e,1085,5,0.8108859658241272,0.5,,,0.19921875,0.03376955783732832,1.9011655510293959,1.9015222250011026,1.9015222250011026,3169.4880873129964,3169.4880873129964,0.019440618179721002,0.019440618179721002,1.0,1.0,0.00031550836336179355,0.000315508363256456,0.0,0.0,1.0,0.5,0.9507611125005513,0.01688477891866416,56.30876880438669,0.49999999999949996,0.0,0.0,0.0006912313401699066,0.0006340658292174339,0.006096336990594864,0.0,0.0,0,True,True,True,
42,dp_sgd_lr0p50,dp_sgd,6f5bfa6c60eeb2ad400161beec4006ab7b7da4908d9989b6db2c608560d2f56e,1086,5,0.44860464334487915,0.5,,,0.18359375,0.03259365431108186,1.9006467669931137,1.9009887122759286,1.9009887122759286,3400.4524935882723,3400.4524935882723,0.019063034050653068,0.019063034050653068,1.0,1.0,0.0002940785089466657,0.0002940785089398258,0.0,0.0,1.0,0.5,0.9504943561379643,0.01629682715554093,58.32389010498107,0.49999999999949996,0.0,0.0,0.0006918376311659813,0.0005906857550144196,0.00594366155564785,0.0,0.0,0,True,True,True,
42,dp_sgd_lr0p50,dp_sgd,6f5bfa6c60eeb2ad400161beec4006ab7b7da4908d9989b6db2c608560d2f56e,1087,5,0.5132343769073486,0.5,,,0.1796875,0.03281708930187467,1.90272956596082,1.9029669990590714,1.9029669990590714,3361.6617690028797,3361.6617690028797,0.01585720429231865,0.01585720429231865,1.0,1.0,0.0002974719254304399,0.0002974719254576367,0.0,0.0,1.0,0.5,0.9514834995295357,0.016408544650937336,57.987074400117216,0.49999999999949996,0.0,0.0,0.0006575072184205055,0.0005798675119876862,0.005896465852856636,0.0,0.0,0,True,True,True,
42,dp_sgd_lr0p50,dp_sgd,6f5bfa6c60eeb2ad400161beec4006ab7b7da4908d9989b6db2c608560d2f56e,1088,5,0.5905131101608276,0.5,,,0.18359375,0.030329244764662835,1.8955177719106777,1.8957860113942693,1.8957860113942693,3906.0026069264554,3906.0026069264554,0.016842747662272433,0.016842747662272433,1.0,1.0,0.0002560162139009632,0.00025601621392110546,0.0,0.0,1.0,0.5,0.9478930056971346,0.015164622382331417,62.50686510592149,0.49999999999949996,0.0,0.0,0.0006660940125584602,0.0005794158205389977,0.0059401970356702805,0.0,0.0,0,True,True,True,
42,dp_sgd_lr0p50,dp_sgd,6f5bfa6c60eeb2ad400161beec4006ab7b7da4908d9989b6db2c608560d2f56e,1089,5,0.6836149096488953,0.5,,,0.1875,0.027312287355523563,1.9009082505460386,1.9009909980263697,1.9009909980263697,4844.022643982387,4844.022643982387,0.010213310862647545,0.010213310862647545,1.0,1.0,0.00020643999257547783,0.0002064399926196678,0.0,0.0,1.0,0.5,0.9504954990131849,0.013656143677761782,69.60204296117712,0.49999999999949996,0.0,0.0,0.0007056258618831635,0.0006216187030076981,0.006186532787978649,0.0,0.0,0,True,True,True,
42,dp_sgd_lr0p50,dp_sgd,6f5bfa6c60eeb2ad400161beec4006ab7b7da4908d9989b6db2c608560d2f56e,1090,5,0.5030806064605713,0.5,,,0.24609375,0.046698185846556245,1.8977293617328694,1.898389813055952,1.898389813055952,1651.4618115428832,1651.4618115428832,0.026439935479279243,0.026439935479279243,1.0,1.0,0.0006055241438534417,0.0006055241436963968,0.0,0.0,1.0,0.5,0.949194906527976,0.023349092923278122,40.65232467943172,0.49999999999949996,0.0,0.0,0.000587870366871357,0.00048617273569107056,0.005932941101491451,0.0,0.0,0,True,True,True,
42,dp_sgd_lr0p50,dp_sgd,6f5bfa6c60eeb2ad400161beec4006ab7b7da4908d9989b6db2c608560d2f56e,1091,5,0.5181859731674194,0.5,,,0.171875,0.026215434195936634,1.9004309757562645,1.9005351010673348,1.9005351010673348,5255.210179254658,5255.210179254658,0.010868655987756404,0.010868655987756404,1.0,1.0,0.00019028734616404546,0.000190287346136481,0.0,0.0,1.0,0.5,0.9502675505336674,0.013107717097968317,72.49680042365738,0.49999999999949996,0.0,0.0,0.0007947543635964394,0.0006659254431724548,0.006391872651875019,0.0,0.0,0,True,True,True,
42,dp_sgd_lr0p50,dp_sgd,6f5bfa6c60eeb2ad400161beec4006ab7b7da4908d9989b6db2c608560d2f56e,1092,5,0.5063703060150146,0.5,,,0.22265625,0.03838108809643871,1.8940224181892036,1.8944945825283355,1.8944945825283355,2435.205772110854,2435.205772110854,0.022430109885285505,0.022430109885285505,1.0,1.0,0.000410642916000514,0.0004106429158425135,0.0,0.0,1.0,0.5,0.9472472912641677,0.019190544048219356,49.360106145750485,0.49999999999949996,0.0,0.0,0.000559796579182148,0.0004981439560651779,0.006592153571546078,0.0,0.0,0,True,True,True,
42,dp_sgd_lr0p50,dp_sgd,6f5bfa6c60eeb2ad400161beec4006ab7b7da4908d9989b6db2c608560d2f56e,1093,5,0.41996482014656067,0.5,,,0.1953125,0.03486935292965634,1.8981489262483473,1.8985545563123583,1.8985545563123583,2963.2806855880413,2963.2806855880413,0.02081474217987889,0.02081474217987889,1.0,1.0,0.000337463813009946,0.00033746381312310734,0.0,0.0,1.0,0.5,0.9492772781561791,0.01743467646482817,54.44765665808341,0.49999999999949996,0.0,0.0,0.0007566772401332855,0.0006671175360679626,0.006353186443448067,0.0,0.0,0,True,True,True,
42,dp_sgd_lr0p50,dp_sgd,6f5bfa6c60eeb2ad400161beec4006ab7b7da4908d9989b6db2c608560d2f56e,1094,5,0.39760521054267883,0.5,,,0.171875,0.03399516157160739,1.8988514816184634,1.899086814977594,1.899086814977594,3119.9510189773277,3119.9510189773277,0.0158725225166947,0.0158725225166947,1.0,1.0,0.00032051785205980865,0.0003205178519481715,0.0,0.0,1.0,0.5,0.949543407488797,0.016997580785803695,55.86344429826085,0.49999999999949996,0.0,0.0,0.0005600480362772942,0.0004819519817829132,0.006570796482264996,0.0,0.0,0,True,True,True,
42,dp_sgd_lr0p50,dp_sgd,6f5bfa6c60eeb2ad400161beec4006ab7b7da4908d9989b6db2c608560d2f56e,1095,5,0.41959914565086365,0.5,,,0.19921875,0.03438847887672471,1.8934858230684424,1.8938910132500713,1.8938910132500713,3031.783489244853,3031.783489244853,0.020860260486932913,0.020860260486932913,1.0,1.0,0.00032983885646899544,0.0003298388565079295,0.0,0.0,1.0,0.5,0.9469455066250356,0.017194239438362353,55.07341630111399,0.49999999999949996,0.0,0.0,0.0006061214953660965,0.0005119610577821732,0.006077691912651062,0.0,0.0,0,True,True,True,
42,dp_sgd_lr0p50,dp_sgd,6f5bfa6c60eeb2ad400161beec4006ab7b7da4908d9989b6db2c608560d2f56e,1096,5,0.4739602208137512,0.5,,,0.19921875,0.02860510525682081,1.8981022417477966,1.8983360302307086,1.8983360302307086,4403.0346517532325,4403.0346517532325,0.015706717874031384,0.015706717874031384,1.0,1.0,0.0002271160864880811,0.00022711608643540573,0.0,0.0,1.0,0.5,0.9491680151153543,0.014302552628410405,66.36353941208898,0.49999999999949996,0.0,0.0,0.0006925342604517937,0.0006108544766902924,0.0061066634953022,0.0,0.0,0,True,True,True,
42,dp_sgd_lr0p50,dp_sgd,6f5bfa6c60eeb2ad400161beec4006ab7b7da4908d9989b6db2c608560d2f56e,1097,5,0.45726650953292847,0.5,,,0.2421875,0.05358912664544836,1.893007814533763,1.8936665730835103,1.8936665730835103,1247.818599606958,1247.818599606958,0.02644019467503909,0.02644019467503909,1.0,1.0,0.0008013985365873612,0.0008013985368879298,0.0,0.0,1.0,0.5,0.9468332865417551,0.02679456332272418,35.33676869827617,0.49999999999949996,0.0,0.0,0.0006908169016242027,0.0006028981879353523,0.006140241399407387,0.0,0.0,0,True,True,True,
42,dp_sgd_lr0p50,dp_sgd,6f5bfa6c60eeb2ad400161beec4006ab7b7da4908d9989b6db2c608560d2f56e,1098,5,0.5962397456169128,0.5,,,0.21484375,0.03635668828146811,1.8999925619422238,1.9004059588075628,1.9004059588075628,2731.0846921965617,2731.0846921965617,0.020934855431564467,0.020934855431564467,1.0,1.0,0.0003661548842115556,0.0003661548842691334,0.0,0.0,1.0,0.5,0.9502029794037814,0.018178344140734055,52.27115143135036,0.49999999999949996,0.0,0.0,0.0006893454119563103,0.0006075557321310043,0.006132327951490879,0.0,0.0,0,True,True,True,
42,dp_sgd_lr0p50,dp_sgd,6f5bfa6c60eeb2ad400161beec4006ab7b7da4908d9989b6db2c608560d2f56e,1099,5,0.6034226417541504,0.5,0.5133383269816637,0.9186,0.23046875,0.04005892377117357,1.8984220514059975,1.8988179404130985,1.8988179404130985,2245.882260686419,2245.882260686419,0.020430021428387967,0.020430021428387967,1.0,1.0,0.00044525931607426527,0.00044525931609646935,0.0,0.0,1.0,0.5,0.9494089702065492,0.020029461885586786,47.40062292149466,0.49999999999949996,0.0,0.0,0.0006086872890591621,0.000553683377802372,0.005597926676273346,0.0,0.0,0,True,True,True,
42,dp_sgd_lr0p50,dp_sgd,6f5bfa6c60eeb2ad400161beec4006ab7b7da4908d9989b6db2c608560d2f56e,1100,5,0.6141347885131836,0.5,,,0.21484375,0.049990149766022965,1.9026111445147362,1.9031093576550362,1.9031093576550362,1448.5423493367666,1448.5423493367666,0.023098730713478982,0.023098730713478982,1.0,1.0,0.0006903491638041709,0.0006903491636674784,0.0,0.0,1.0,0.5,0.9515546788275181,0.024995074883011482,38.06968705807703,0.49999999999949996,0.11754340585321188,0.0,0.0007436145097017288,0.0006395447999238968,0.006173976697027683,0.0,0.0,0,True,True,True,
42,dp_sgd_lr0p50,dp_sgd,6f5bfa6c60eeb2ad400161beec4006ab7b7da4908d9989b6db2c608560d2f56e,1101,5,0.7210466861724854,0.5,,,0.265625,0.025701175032622443,1.9031863255977068,1.9033862449590104,1.9033862449590104,5483.484977240664,5483.484977240664,0.014529633797444288,0.014529633797444288,1.0,1.0,0.00018236577698969885,0.00018236577703343958,0.0,0.0,1.0,0.5,0.9516931224795052,0.012850587516311221,74.05833555839101,0.49999999999949996,0.0,0.0,0.0005563320592045784,0.0004797959700226784,0.006733364425599575,0.0,0.0,0,True,True,True,
42,dp_sgd_lr0p50,dp_sgd,6f5bfa6c60eeb2ad400161beec4006ab7b7da4908d9989b6db2c608560d2f56e,1102,5,0.6342136859893799,0.5,,,0.21875,0.03935518996510391,1.90060435227608,1.9009377562113399,1.9009377562113399,2332.2731497232544,2332.2731497232544,0.01882244069140701,0.01882244069140701,1.0,1.0,0.00042876624441383896,0.00042876624460934306,0.0,0.0,1.0,0.5,0.9504688781056699,0.019677594982551956,48.30208564106258,0.49999999999949996,0.0,0.0,0.0007632263004779816,0.0006792154163122177,0.0060957325622439384,0.0,0.0,0,True,True,True,
42,dp_sgd_lr0p50,dp_sgd,6f5bfa6c60eeb2ad400161beec4006ab7b7da4908d9989b6db2c608560d2f56e,1103,5,0.5948259830474854,0.5,,,0.1796875,0.037178782663120684,1.8930485520923168,1.893508732960119,1.893508732960119,2592.5860135696403,2592.5860135696403,0.0221934399961904,0.0221934399961904,1.0,1.0,0.00038571526423511183,0.0003857152641635322,0.0,0.0,1.0,0.5,0.9467543664800595,0.018589391331560342,50.92982064570168,0.49999999999949996,0.0,0.0,0.000550408847630024,0.0004785703495144844,0.006583705544471741,0.0,0.0,0,True,True,True,
42,dp_sgd_lr0p50,dp_sgd,6f5bfa6c60eeb2ad400161beec4006ab7b7da4908d9989b6db2c608560d2f56e,1104,5,0.429373562335968,0.5,,,0.16015625,0.03279706573377672,1.8953243990401651,1.8954898264704612,1.8954898264704612,3339.620558756165,3339.620558756165,0.013695093460999733,0.013695093460999733,1.0,1.0,0.00029943521471268494,0.0002994352147975511,0.0,0.0,1.0,0.5,0.9477449132352306,0.01639853286688836,57.79449423131667,0.49999999999949996,0.0,0.0,0.0007558278739452362,0.0006606969982385635,0.006158612668514252,0.0,0.0,0,True,True,True,
42,dp_sgd_lr0p50,dp_sgd,6f5bfa6c60eeb2ad400161beec4006ab7b7da4908d9989b6db2c608560d2f56e,1105,5,0.525321364402771,0.5,,,0.16796875,0.02820131584360108,1.8995722906763077,1.8997423871966725,1.8997423871966725,4537.043112651059,4537.043112651059,0.013453645322883187,0.013453645322883187,1.0,1.0,0.00022040786783664566,0.00022040786785580254,0.0,0.0,1.0,0.5,0.9498711935983363,0.01410065792180054,67.36360805281359,0.49999999999949996,0.0,0.0,0.0005567558109760284,0.0004772217944264412,0.006240008398890495,0.0,0.0,0,True,True,True,
42,dp_sgd_lr0p50,dp_sgd,6f5bfa6c60eeb2ad400161beec4006ab7b7da4908d9989b6db2c608560d2f56e,1106,5,1.0094271898269653,0.5,,,0.234375,0.031831567510652255,1.8947798514149403,1.8950258342832338,1.8950258342832338,3543.2472961090366,3543.2472961090366,0.01612585361919461,0.01612585361919461,1.0,1.0,0.0002822269843007943,0.0002822269843856303,0.0,0.0,1.0,0.5,0.9475129171416169,0.015915783755326127,59.53290969821101,0.49999999999949996,0.0,0.0,0.0007357718423008919,0.00064097810536623,0.006325504742562771,0.0,0.0,0,True,True,True,
42,dp_sgd_lr0p50,dp_sgd,6f5bfa6c60eeb2ad400161beec4006ab7b7da4908d9989b6db2c608560d2f56e,1107,5,0.5457185506820679,0.5,,,0.19921875,0.022839491064370596,1.8970971417351383,1.8971749437282264,1.8971749437282264,6899.320087668152,6899.320087668152,0.009425740423447512,0.009425740423447512,1.0,1.0,0.00014494181823366918,0.00014494181820446267,0.0,0.0,1.0,0.5,0.9485874718641132,0.011419745532185298,83.06555247729102,0.49999999999949996,0.0,0.0,0.00058780238032341,0.0004826504737138748,0.005959729664027691,0.0,0.0,0,True,True,True,
42,dp_sgd_lr0p50,dp_sgd,6f5bfa6c60eeb2ad400161beec4006ab7b7da4908d9989b6db2c608560d2f56e,1108,5,0.4745946526527405,0.5,,,0.18359375,0.03223959655006764,1.8994639654652479,1.8997642061801694,1.8997642061801694,3471.2262464211053,3471.2262464211053,0.01779721528027125,0.01779721528027125,1.0,1.0,0.000288082633642402,0.0002880826335865325,0.0,0.0,1.0,0.5,0.9498821030900847,0.01611979827503382,58.926426176332875,0.49999999999949996,0.0,0.0,0.0007596695795655251,0.0006746994331479073,0.006638071499764919,0.0,0.0,0,True,True,True,
42,dp_sgd_lr0p50,dp_sgd,6f5bfa6c60eeb2ad400161beec4006ab7b7da4908d9989b6db2c608560d2f56e,1109,5,0.5658791065216064,0.5,,,0.203125,0.020878294771528697,1.8954872981080912,1.895592240182863,1.895592240182863,8242.362410538686,8242.362410538686,0.010533296586185724,0.010533296586185724,1.0,1.0,0.00012132443926841097,0.00012132443924403094,0.0,0.0,1.0,0.5,0.9477961200914315,0.010439147385764349,90.79248380889125,0.49999999999949996,0.0,0.0,0.0005520060658454895,0.0005606887862086296,0.005867457948625088,0.0,0.0,0,True,True,True,
42,dp_sgd_lr0p50,dp_sgd,6f5bfa6c60eeb2ad400161beec4006ab7b7da4908d9989b6db2c608560d2f56e,1110,5,0.385206937789917,0.5,,,0.16015625,0.03677025346901303,1.8976448690321501,1.8981107201349492,1.8981107201349492,2663.4014601494487,2663.4014601494487,0.022353697436877006,0.022353697436877006,1.0,1.0,0.00037545973230937316,0.0003754597323021024,0.0,0.0,1.0,0.5,0.9490553600674746,0.018385126734506516,51.6208222940666,0.49999999999949996,0.0,0.0,0.0007028058171272278,0.0006091967225074768,0.006206803023815155,0.0,0.0,0,True,True,True,
42,dp_sgd_lr0p50,dp_sgd,6f5bfa6c60eeb2ad400161beec4006ab7b7da4908d9989b6db2c608560d2f56e,1111,5,0.45805880427360535,0.5,,,0.23046875,0.06768052740653559,1.8966081792882565,1.8979874156072434,1.8979874156072434,785.2858456121766,785.2858456121766,0.038200775155254676,0.038200775155254676,1.0,1.0,0.0012734216532348849,0.0012734216529910237,0.0,0.0,1.0,0.5,0.9489937078036217,0.033840263703267794,28.043330752293713,0.49999999999949996,0.0,0.0,0.0006944108754396439,0.0006177704781293869,0.006123245693743229,0.0,0.0,0,True,True,True,
42,dp_sgd_lr0p50,dp_sgd,6f5bfa6c60eeb2ad400161beec4006ab7b7da4908d9989b6db2c608560d2f56e,1112,5,0.7548544406890869,0.5,,,0.2265625,0.0521456221003275,1.8965638766860327,1.8972138950442805,1.8972138950442805,1322.8154013816559,1322.8154013816559,0.02620599306743731,0.02620599306743731,1.0,1.0,0.0007559633782517809,0.0007559633780122241,0.0,0.0,1.0,0.5,0.9486069475221403,0.02607281105016375,36.38299474731167,0.49999999999949996,0.0,0.0,0.0005557211115956306,0.0005669230595231056,0.005871388129889965,0.0,0.0,0,True,True,True,
42,dp_sgd_lr0p50,dp_sgd,6f5bfa6c60eeb2ad400161beec4006ab7b7da4908d9989b6db2c608560d2f56e,1113,5,0.5967118740081787,0.5,,,0.234375,0.03055967394795524,1.898335441034772,1.8984892269157991,1.8984892269157991,3858.766315295351,3858.766315295351,0.01308052948610252,0.01308052948610252,1.0,1.0,0.0002591501835612962,0.0002591501836131741,0.0,0.0,1.0,0.5,0.9492446134578996,0.01527983697397762,62.12400138904557,0.49999999999949996,0.0,0.0,0.0005789957940578461,0.0005726385861635208,0.005872591398656368,0.0,0.0,0,True,True,True,
42,dp_sgd_lr0p50,dp_sgd,6f5bfa6c60eeb2ad400161beec4006ab7b7da4908d9989b6db2c608560d2f56e,1114,5,0.7625666260719299,0.5,,,0.19140625,0.032364330447369964,1.8945299671528084,1.8947863324658631,1.8947863324658631,3426.6496596759894,3426.6496596759894,0.016461058495632203,0.016461058495632203,1.0,1.0,0.00029183024188693336,0.0002918302418074866,0.0,0.0,1.0,0.5,0.9473931662329316,0.016182165223684982,58.54551310523864,0.49999999999949996,0.0,0.0,0.000765104778110981,0.0006715003401041031,0.006187906488776207,0.0,0.0,0,True,True,True,
42,dp_sgd_lr0p50,dp_sgd,6f5bfa6c60eeb2ad400161beec4006ab7b7da4908d9989b6db2c608560d2f56e,1115,5,0.46225935220718384,0.5,,,0.16015625,0.041243095114737595,1.897594125895272,1.898053353162103,1.898053353162103,2116.9185808212587,2116.9185808212587,0.02199787646957786,0.02199787646957786,1.0,1.0,0.000472384723943365,0.00047238472392693447,0.0,0.0,1.0,0.5,0.9490266765810516,0.020621547557368797,46.02111814813385,0.49999999999949996,0.0,0.0,0.0005601420998573303,0.0004850989207625389,0.0065633561462163925,0.0,0.0,0,True,True,True,
42,dp_sgd_lr0p50,dp_sgd,6f5bfa6c60eeb2ad400161beec4006ab7b7da4908d9989b6db2c608560d2f56e,1116,5,0.5144405364990234,0.5,,,0.19921875,0.03476626246800269,1.8975024244570586,1.897978859225554,1.897978859225554,2978.8502373937636,2978.8502373937636,0.022860978964876894,0.022860978964876894,1.0,1.0,0.00033569999143269984,0.00033569999146228024,0.0,0.0,1.0,0.5,0.948989429612777,0.017383131234001346,54.5925481884394,0.49999999999949996,0.0,0.0,0.0005600834265351295,0.0005486346781253815,0.005866272374987602,0.0,0.0,0,True,True,True,
42,dp_sgd_lr0p50,dp_sgd,6f5bfa6c60eeb2ad400161beec4006ab7b7da4908d9989b6db2c608560d2f56e,1117,5,0.4509097933769226,0.5,,,0.19921875,0.03637847688946883,1.894978729927575,1.8953110872063423,1.8953110872063423,2713.4364532735635,2713.4364532735635,0.018732262807261497,0.018732262807261497,1.0,1.0,0.00036853636208714644,0.0003685363621498189,0.0,0.0,1.0,0.5,0.9476555436031712,0.018189238444734416,52.09979221672182,0.49999999999949996,0.0,0.0,0.0006470214575529099,0.0005815941840410233,0.005886014550924301,0.0,0.0,0,True,True,True,
42,dp_sgd_lr0p50,dp_sgd,6f5bfa6c60eeb2ad400161beec4006ab7b7da4908d9989b6db2c608560d2f56e,1118,5,0.5249354243278503,0.5,,,0.18359375,0.03549472643467962,1.8987775661074333,1.8990985221968315,1.8990985221968315,2861.6763665550075,2861.6763665550075,0.018386747158141394,0.018386747158141394,1.0,1.0,0.0003494455246208818,0.00034944552445598833,0.0,0.0,1.0,0.5,0.9495492610984158,0.01774736321733981,53.50368104920332,0.49999999999949996,0.0,0.0,0.0007050400599837303,0.0006038583815097809,0.006124773062765598,0.0,0.0,0,True,True,True,
42,dp_sgd_lr0p50,dp_sgd,6f5bfa6c60eeb2ad400161beec4006ab7b7da4908d9989b6db2c608560d2f56e,1119,5,0.6737233400344849,0.5,,,0.20703125,0.03341659642704345,1.9010222462408777,1.901321184731153,1.901321184731153,3236.308921292894,3236.308921292894,0.017732836301414,0.017732836301414,1.0,1.0,0.00030899398772621075,0.00030899398770769057,0.0,0.0,1.0,0.5,0.9506605923655765,0.016708298213521725,56.89751165318121,0.49999999999949996,0.0,0.0,0.0006877249106764793,0.0006047440692782402,0.006130620837211609,0.0,0.0,0,True,True,True,
42,dp_sgd_lr0p50,dp_sgd,6f5bfa6c60eeb2ad400161beec4006ab7b7da4908d9989b6db2c608560d2f56e,1120,5,0.7840467095375061,0.5,,,0.1875,0.037871407118482,1.8976237901358621,1.8978775461955273,1.8978775461955273,2510.7146058457715,2510.7146058457715,0.016677322856900753,0.016677322856900753,1.0,1.0,0.000398292978809364,0.0003982929787078229,0.0,0.0,1.0,0.5,0.9489387730977636,0.018935703559241,50.113731981431926,0.49999999999949996,0.0,0.0,0.0006875023245811462,0.0006083045154809952,0.006100517697632313,0.0,0.0,0,True,True,True,
42,dp_sgd_lr0p50,dp_sgd,6f5bfa6c60eeb2ad400161beec4006ab7b7da4908d9989b6db2c608560d2f56e,1121,5,0.6750390529632568,0.5,,,0.171875,0.03512640412750263,1.897876326408442,1.8981713073505315,1.8981713073505315,2919.230780860846,2919.230780860846,0.017649741727165318,0.017649741727165318,1.0,1.0,0.00034255599308745724,0.00034255599307905673,0.0,0.0,1.0,0.5,0.9490856536752658,0.017563202063751317,54.03830407326719,0.49999999999949996,0.0,0.0,0.0006599389016628265,0.0006045522168278694,0.005888366140425205,0.0,0.0,0,True,True,True,
42,dp_sgd_lr0p50,dp_sgd,6f5bfa6c60eeb2ad400161beec4006ab7b7da4908d9989b6db2c608560d2f56e,1122,5,0.5314831733703613,0.5,,,0.2265625,0.0309258981918622,1.900115033302668,1.9002825977838964,1.9002825977838964,3774.9842488072095,3774.9842488072095,0.013555202629426697,0.013555202629426697,1.0,1.0,0.00026490176727760387,0.00026490176732564145,0.0,0.0,1.0,0.5,0.9501412988919482,0.0154629490959311,61.44631874139201,0.49999999999949996,0.0,0.0,0.0006576227024197578,0.0006047412753105164,0.005896559916436672,0.0,0.0,0,True,True,True,
42,dp_sgd_lr0p50,dp_sgd,6f5bfa6c60eeb2ad400161beec4006ab7b7da4908d9989b6db2c608560d2f56e,1123,5,0.6911705732345581,0.5,,,0.15625,0.022817974362981098,1.902159727705425,1.9023084952836071,1.9023084952836071,6949.279649321681,6949.279649321681,0.012516942219201853,0.012516942219201853,1.0,1.0,0.00014389980667660915,0.00014389980663143795,0.0,0.0,1.0,0.5,0.9511542476418036,0.011408987181490549,83.36885934112946,0.49999999999949996,0.0,0.0,0.0006975326687097549,0.0005732299759984016,0.005907624028623104,0.0,0.0,0,True,True,True,
42,dp_sgd_lr0p50,dp_sgd,6f5bfa6c60eeb2ad400161beec4006ab7b7da4908d9989b6db2c608560d2f56e,1124,5,0.38584041595458984,0.5,,,0.1796875,0.032431542604571546,1.8990156596538963,1.8993137568597547,1.8993137568597547,3428.639932334615,3428.639932334615,0.017728561514833607,0.017728561514833607,1.0,1.0,0.0002916608389286478,0.0002916608388818706,0.0,0.0,1.0,0.5,0.9496568784298773,0.016215771302285773,58.56378094315194,0.49999999999949996,0.0,0.0,0.0005538575351238251,0.000562325119972229,0.005864555016160011,0.0,0.0,0,True,True,True,
42,dp_sgd_lr0p50,dp_sgd,6f5bfa6c60eeb2ad400161beec4006ab7b7da4908d9989b6db2c608560d2f56e,1125,5,0.38487038016319275,0.5,,,0.16796875,0.0354429789501054,1.8969837224332184,1.8972534972399742,1.8972534972399742,2864.6183838005095,2864.6183838005095,0.01695157682565317,0.01695157682565317,1.0,1.0,0.00034908663745883195,0.00034908663740669744,0.0,0.0,1.0,0.5,0.9486267486199871,0.0177214894750527,53.52974138555791,0.49999999999949996,0.0,0.0,0.0006149495020508766,0.0006037699058651924,0.006115864031016827,0.0,0.0,0,True,True,True,
42,dp_sgd_lr0p50,dp_sgd,6f5bfa6c60eeb2ad400161beec4006ab7b7da4908d9989b6db2c608560d2f56e,1126,5,0.4135967493057251,0.5,,,0.22265625,0.04014529252464564,1.8951640731180375,1.895512202861641,1.895512202861641,2228.560228581809,2228.560228581809,0.019260511967046586,0.019260511967046586,1.0,1.0,0.00044872020354397524,0.0004487202036021667,0.0,0.0,1.0,0.5,0.9477561014308205,0.02007264626232282,47.21630068092124,0.49999999999949996,0.0,0.0,0.0006923610344529152,0.0006084172055125237,0.006124190986156464,0.0,0.0,0,True,True,True,
42,dp_sgd_lr0p50,dp_sgd,6f5bfa6c60eeb2ad400161beec4006ab7b7da4908d9989b6db2c608560d2f56e,1127,5,0.9243819713592529,0.5,,,0.2109375,0.03431788291444921,1.8964710121196828,1.8967908525456312,1.8967908525456312,3053.876295273213,3053.876295273213,0.01836545012182434,0.01836545012182434,1.0,1.0,0.0003274526871630068,0.00032745268718194996,0.0,0.0,1.0,0.5,0.9483954262728156,0.017158941457224606,55.2712082258566,0.49999999999949996,0.0,0.0,0.0006934469565749168,0.0006079478189349174,0.006129373796284199,0.0,0.0,0,True,True,True,
42,dp_sgd_lr0p50,dp_sgd,6f5bfa6c60eeb2ad400161beec4006ab7b7da4908d9989b6db2c608560d2f56e,1128,5,0.5621569156646729,0.5,,,0.16015625,0.03498361200303846,1.896674578692077,1.8970050623932808,1.8970050623932808,2939.384170136209,2939.384170136209,0.01866674004304666,0.01866674004304666,1.0,1.0,0.0003402073159890125,0.00034020731615025244,0.0,0.0,1.0,0.5,0.9485025311966404,0.01749180600151923,54.22553457659168,0.49999999999949996,0.0,0.0,0.000712578184902668,0.0006097955629229546,0.006142128258943558,0.0,0.0,0,True,True,True,
42,dp_sgd_lr0p50,dp_sgd,6f5bfa6c60eeb2ad400161beec4006ab7b7da4908d9989b6db2c608560d2f56e,1129,5,0.6674725413322449,0.5,,,0.203125,0.03522095263621376,1.8967912353610201,1.8972270471334411,1.8972270471334411,2900.2595890933508,2900.2595890933508,0.021654448398969833,0.021654448398969833,1.0,1.0,0.0003447967219741924,0.000344796722026384,0.0,0.0,1.0,0.5,0.9486135235667206,0.01761047631810688,53.86643191118579,0.49999999999949996,0.0,0.0,0.0005794959142804146,0.00048567820340394974,0.005982181988656521,0.0,0.0,0,True,True,True,
42,dp_sgd_lr0p50,dp_sgd,6f5bfa6c60eeb2ad400161beec4006ab7b7da4908d9989b6db2c608560d2f56e,1130,5,0.743333101272583,0.5,,,0.203125,0.03569055435264938,1.8995448565404587,1.8998139133835512,1.8998139133835512,2832.647410577315,2832.647410577315,0.016931238138976203,0.016931238138976203,1.0,1.0,0.0003530266405485575,0.00035302664057202266,0.0,0.0,1.0,0.5,0.9499069566917756,0.01784527717632469,53.23015984861171,0.49999999999949996,0.0,0.0,0.0007542427629232407,0.0006696479395031929,0.006623798981308937,0.0,0.0,0,True,True,True,
42,dp_sgd_lr0p50,dp_sgd,6f5bfa6c60eeb2ad400161beec4006ab7b7da4908d9989b6db2c608560d2f56e,1131,5,0.2957923710346222,0.5,,,0.12890625,0.03233937821176629,1.897300978117293,1.8976426641300825,1.8976426641300825,3441.9862401014216,3441.9862401014216,0.019085616768043736,0.019085616768043736,1.0,1.0,0.0002905299235054707,0.0002905299235006998,0.0,0.0,1.0,0.5,0.9488213320650413,0.016169689105883144,58.67900896506076,0.49999999999949996,0.0,0.0,0.0005568116903305054,0.0005863746628165245,0.005888383835554123,0.0,0.0,0,True,True,True,
42,dp_sgd_lr0p50,dp_sgd,6f5bfa6c60eeb2ad400161beec4006ab7b7da4908d9989b6db2c608560d2f56e,1132,5,0.7624111771583557,0.5,,,0.23046875,0.0480566326501169,1.8975680144507936,1.8982996299639052,1.8982996299639052,1559.1504688822845,1559.1504688822845,0.027878904271785215,0.027878904271785215,1.0,1.0,0.0006413749150738424,0.0006413749151268292,0.0,0.0,1.0,0.5,0.9491498149819526,0.02402831632505845,39.50130346638603,0.49999999999949996,0.0,0.0,0.00060239527374506,0.0006048232316970825,0.0061120763421058655,0.0,0.0,0,True,True,True,
42,dp_sgd_lr0p50,dp_sgd,6f5bfa6c60eeb2ad400161beec4006ab7b7da4908d9989b6db2c608560d2f56e,1133,5,0.5113029479980469,0.5,,,0.21875,0.04603815616609142,1.8953042993977869,1.8959316567123499,1.8959316567123499,1694.814035168986,1694.814035168986,0.025765946291074412,0.025765946291074412,1.0,1.0,0.0005900352361834242,0.0005900352363217697,0.0,0.0,1.0,0.5,0.9479658283561749,0.02301907808304571,41.1817460671112,0.49999999999949996,0.0,0.0,0.000684722326695919,0.0006069447845220566,0.006122482940554619,0.0,0.0,0,True,True,True,
42,dp_sgd_lr0p50,dp_sgd,6f5bfa6c60eeb2ad400161beec4006ab7b7da4908d9989b6db2c608560d2f56e,1134,5,0.5496690273284912,0.5,,,0.1640625,0.04114686715575485,1.8965185609455408,1.8969368163720486,1.8969368163720486,2124.42129312289,2124.42129312289,0.021009427386257166,0.021009427386257166,1.0,1.0,0.0004707164264669375,0.0004707164265008325,0.0,0.0,1.0,0.5,0.9484684081860243,0.020573433577877425,46.10160985280595,0.49999999999949996,0.0,0.0,0.0006998162716627121,0.0006104698404669762,0.0061010438948869705,0.0,0.0,0,True,True,True,
42,dp_sgd_lr0p50,dp_sgd,6f5bfa6c60eeb2ad400161beec4006ab7b7da4908d9989b6db2c608560d2f56e,1135,5,0.8182287812232971,0.5,,,0.23046875,0.03334172629303418,1.8986336895732183,1.8988535172397831,1.8988535172397831,3242.6957410860105,3242.6957410860105,0.015372224384634049,0.015372224384634049,1.0,1.0,0.00030838539257009226,0.00030838539252919556,0.0,0.0,1.0,0.5,0.9494267586198916,0.01667086314651709,56.951265823407375,0.49999999999949996,0.0,0.0,0.0006594434380531311,0.0005771955475211143,0.005903421901166439,0.0,0.0,0,True,True,True,
42,dp_sgd_lr0p50,dp_sgd,6f5bfa6c60eeb2ad400161beec4006ab7b7da4908d9989b6db2c608560d2f56e,1136,5,0.6633070111274719,0.5,,,0.2109375,0.026415304505334435,1.897968810254536,1.8980280797103701,1.8980280797103701,5162.581242254693,5162.581242254693,0.009202337315418875,0.009202337315418875,1.0,1.0,0.0001937015519255721,0.0001937015519266456,0.0,0.0,1.0,0.5,0.9490140398551851,0.013207652252667217,71.85334847014035,0.49999999999949996,0.0,0.0,0.0006846487522125244,0.0006346721202135086,0.006134647876024246,0.0,0.0,0,True,True,True,
42,dp_sgd_lr0p50,dp_sgd,6f5bfa6c60eeb2ad400161beec4006ab7b7da4908d9989b6db2c608560d2f56e,1137,5,0.56211918592453,0.5,,,0.19140625,0.027588412205903676,1.8988986689887666,1.8990838386327702,1.8990838386327702,4737.510298299542,4737.510298299542,0.013975146730280736,0.013975146730280736,1.0,1.0,0.00021108133507272904,0.000211081335064478,0.0,0.0,1.0,0.5,0.9495419193163851,0.013794206102951838,68.83628620311504,0.49999999999949996,0.0,0.0,0.0006780577823519707,0.0005920985713601112,0.005900653079152107,0.0,0.0,0,True,True,True,
42,dp_sgd_lr0p50,dp_sgd,6f5bfa6c60eeb2ad400161beec4006ab7b7da4908d9989b6db2c608560d2f56e,1138,5,0.6583500504493713,0.5,,,0.2265625,0.03401717727315203,1.8969281895519756,1.8972779028797933,1.8972779028797933,3109.605058199524,3109.605058199524,0.01924427716825197,0.01924427716825197,1.0,1.0,0.00032158424636553304,0.000321584246453952,0.0,0.0,1.0,0.5,0.9486389514398966,0.017008588636576016,55.77411339963433,0.49999999999949996,0.0,0.0,0.0005568619817495346,0.0005710441619157791,0.0058488622307777405,0.0,0.0,0,True,True,True,
42,dp_sgd_lr0p50,dp_sgd,6f5bfa6c60eeb2ad400161beec4006ab7b7da4908d9989b6db2c608560d2f56e,1139,5,0.58476722240448,0.5,,,0.1640625,0.03395051325726257,1.9001619223304052,1.9004584352733829,1.9004584352733829,3132.4816314429177,3132.4816314429177,0.017665189814751417,0.017665189814751417,1.0,1.0,0.00031923571046496975,0.0003192357105069619,0.0,0.0,1.0,0.5,0.9502292176366914,0.016975256628631284,55.977310880709275,0.49999999999949996,0.0,0.0,0.0006644148379564285,0.0006062919273972511,0.006116587668657303,0.0,0.0,0,True,True,True,
42,dp_sgd_lr0p50,dp_sgd,6f5bfa6c60eeb2ad400161beec4006ab7b7da4908d9989b6db2c608560d2f56e,1140,5,0.25799670815467834,0.5,,,0.171875,0.02361054007872771,1.8931371516088527,1.893304938429666,1.893304938429666,6429.131561417017,6429.131561417017,0.01334139368031452,0.01334139368031452,1.0,1.0,0.00015554200262553919,0.00015554200263563335,0.0,0.0,1.0,0.5,0.946652469214833,0.011805270039363856,80.18897204198608,0.49999999999949996,0.0,0.0,0.000685863196849823,0.000604226253926754,0.006109780631959438,0.0,0.0,0,True,True,True,
42,dp_sgd_lr0p50,dp_sgd,6f5bfa6c60eeb2ad400161beec4006ab7b7da4908d9989b6db2c608560d2f56e,1141,5,0.4254796504974365,0.5,,,0.15234375,0.029625530946807664,1.8952016833364256,1.895501596511122,1.895501596511122,4092.4047630058226,4092.4047630058226,0.017937363419374092,0.017937363419374092,1.0,1.0,0.0002443551058047972,0.00024435510581194013,0.0,0.0,1.0,0.5,0.947750798255561,0.014812765473403832,63.982029546964455,0.49999999999949996,0.0,0.0,0.0007263785228133202,0.000611819326877594,0.00616073701530695,0.0,0.0,0,True,True,True,
42,dp_sgd_lr0p50,dp_sgd,6f5bfa6c60eeb2ad400161beec4006ab7b7da4908d9989b6db2c608560d2f56e,1142,5,0.7300636768341064,0.5,,,0.19140625,0.0479439284920375,1.8980784534166582,1.89872275181095,1.89872275181095,1567.3323020248301,1567.3323020248301,0.02606161197995622,0.02606161197995622,1.0,1.0,0.000638026791301872,0.0006380267911833224,0.0,0.0,1.0,0.5,0.949361375905475,0.02397196424601875,39.60298647715285,0.49999999999949996,0.0,0.0,0.0005597900599241257,0.00048032309859991074,0.005997015163302422,0.0,0.0,0,True,True,True,
42,dp_sgd_lr0p50,dp_sgd,6f5bfa6c60eeb2ad400161beec4006ab7b7da4908d9989b6db2c608560d2f56e,1143,5,0.954058051109314,0.5,,,0.20703125,0.052635579843376225,1.8983971517115943,1.8991290095675326,1.8991290095675326,1300.814364110914,1300.814364110914,0.02775938422647656,0.02775938422647656,1.0,1.0,0.0007687491983702544,0.0007687491985550448,0.0,0.0,1.0,0.5,0.9495645047837663,0.026317789921688112,36.08070843232787,0.49999999999949996,0.0,0.0,0.0007230397313833237,0.0006383843719959259,0.00636227335780859,0.0,0.0,0,True,True,True,
42,dp_sgd_lr0p50,dp_sgd,6f5bfa6c60eeb2ad400161beec4006ab7b7da4908d9989b6db2c608560d2f56e,1144,5,0.45200270414352417,0.5,,,0.1640625,0.028069544239557404,1.9029023438399235,1.9030338663380713,1.9030338663380713,4595.812259381064,4595.812259381064,0.0120603785062685,0.0120603785062685,1.0,1.0,0.00021758939275408955,0.000217589392737515,0.0,0.0,1.0,0.5,0.9515169331690356,0.014034772119778702,67.79710600076646,0.49999999999949996,0.0,0.0,0.0006772717460989952,0.0005768043920397758,0.005878296680748463,0.0,0.0,0,True,True,True,
42,dp_sgd_lr0p50,dp_sgd,6f5bfa6c60eeb2ad400161beec4006ab7b7da4908d9989b6db2c608560d2f56e,1145,5,0.3164960741996765,0.5,,,0.171875,0.03628384563405303,1.8926022641351223,1.8930771418103896,1.8930771418103896,2720.7716210802905,2720.7716210802905,0.022669510714541225,0.022669510714541225,1.0,1.0,0.00036754279245352023,0.00036754279244697084,0.0,0.0,1.0,0.5,0.9465385709051948,0.018141922817026514,52.17410416743024,0.49999999999949996,0.0,0.0,0.0006853984668850899,0.0006114132702350616,0.006123797036707401,0.0,0.0,0,True,True,True,
42,dp_sgd_lr0p50,dp_sgd,6f5bfa6c60eeb2ad400161beec4006ab7b7da4908d9989b6db2c608560d2f56e,1146,5,0.5875113010406494,0.5,,,0.21484375,0.057288189084068554,1.9054864987797253,1.9061139405376666,1.9061139405376666,1106.322037569636,1106.322037569636,0.025978055719508855,0.025978055719508855,1.0,1.0,0.0009038959414492209,0.0009038959414696941,0.0,0.0,1.0,0.5,0.9530569702688333,0.028644094542034277,33.2723720359525,0.49999999999949996,0.0,0.0,0.00070963054895401,0.000603322871029377,0.006179729476571083,0.0,0.0,0,True,True,True,
42,dp_sgd_lr0p50,dp_sgd,6f5bfa6c60eeb2ad400161beec4006ab7b7da4908d9989b6db2c608560d2f56e,1147,5,0.5455261468887329,0.5,,,0.1953125,0.03733142855347629,1.8954860185934803,1.8959711589654806,1.8959711589654806,2578.0536553368274,2578.0536553368274,0.022838767560819807,0.022838767560819807,1.0,1.0,0.00038788952169869486,0.0003878895216948476,0.0,0.0,1.0,0.5,0.9479855794827403,0.018665714276738146,50.78753298036738,0.49999999999949996,0.0,0.0,0.0005646180361509323,0.0004847310483455658,0.006122475489974022,0.0,0.0,0,True,True,True,
42,dp_sgd_lr0p50,dp_sgd,6f5bfa6c60eeb2ad400161beec4006ab7b7da4908d9989b6db2c608560d2f56e,1148,5,0.9080183506011963,0.5,,,0.22265625,0.04616968821246475,1.8961117949930943,1.896822147209802,1.896822147209802,1686.6073785968044,1686.6073785968044,0.027553076095631297,0.027553076095631297,1.0,1.0,0.0005929062164797139,0.0005929062165703068,0.0,0.0,1.0,0.5,0.948411073604901,0.023084844106232374,41.08371142553084,0.49999999999949996,0.0,0.0,0.0007524359971284866,0.0006765769794583321,0.006663109175860882,0.0,0.0,0,True,True,True,
42,dp_sgd_lr0p50,dp_sgd,6f5bfa6c60eeb2ad400161beec4006ab7b7da4908d9989b6db2c608560d2f56e,1149,5,0.4088048040866852,0.5,,,0.19921875,0.022266348268697972,1.8933348124182194,1.8934698734677946,1.8934698734677946,7230.308773957944,7230.308773957944,0.011945259980057533,0.011945259980057533,1.0,1.0,0.00013830667945807922,0.00013830667942243497,0.0,0.0,1.0,0.5,0.9467349367338973,0.011133174134348986,85.03728812863129,0.49999999999949996,0.0,0.0,0.0006759529933333397,0.0005783550441265106,0.005947107449173927,0.0,0.0,0,True,True,True,
42,dp_sgd_lr0p50,dp_sgd,6f5bfa6c60eeb2ad400161beec4006ab7b7da4908d9989b6db2c608560d2f56e,1150,5,0.5045076012611389,0.5,,,0.1796875,0.0403483438987416,1.9014591340291227,1.902009200808657,1.902009200808657,2220.86706812112,2220.86706812112,0.024237743160989037,0.024237743160989037,1.0,1.0,0.00045027458587671365,0.0004502745859450856,0.0,0.0,1.0,0.5,0.9510046004043285,0.0201741719493708,47.13970926508581,0.49999999999949996,0.11455627623945475,0.0,0.0006665084511041641,0.0005805222317576408,0.005840429104864597,0.0,0.0,0,True,True,True,
42,dp_sgd_lr0p50,dp_sgd,6f5bfa6c60eeb2ad400161beec4006ab7b7da4908d9989b6db2c608560d2f56e,1151,5,0.5555511116981506,0.5,,,0.1875,0.0264362493518186,1.9001202201339322,1.900335365161231,1.900335365161231,5166.096083513937,5166.096083513937,0.015093477667934459,0.015093477667934459,1.0,1.0,0.00019356976378353782,0.00019356976375401488,0.0,0.0,1.0,0.5,0.9501676825806155,0.0132181246759093,71.8836980135662,0.49999999999949996,0.0,0.0,0.0005540009588003159,0.0004834569990634918,0.0063163163140416145,0.0,0.0,0,True,True,True,
42,dp_sgd_lr0p50,dp_sgd,6f5bfa6c60eeb2ad400161beec4006ab7b7da4908d9989b6db2c608560d2f56e,1152,5,0.5473257303237915,0.5,,,0.2109375,0.0456154743301616,1.8998997291350703,1.9002899094360555,1.9002899094360555,1734.7502990443606,1734.7502990443606,0.020555045554669436,0.020555045554669436,1.0,1.0,0.0005764518386709672,0.0005764518387688155,0.0,0.0,1.0,0.5,0.9501449547180277,0.0228077371650808,41.65888741172727,0.49999999999949996,0.0,0.0,0.000721772201359272,0.0006316043436527252,0.006095085293054581,0.0,0.0,0,True,True,True,
42,dp_sgd_lr0p50,dp_sgd,6f5bfa6c60eeb2ad400161beec4006ab7b7da4908d9989b6db2c608560d2f56e,1153,5,0.6241162419319153,0.5,,,0.21875,0.033755513515803026,1.8995657466522888,1.8998732673084562,1.8998732673084562,3166.789677158476,3166.789677158476,0.017993119980753373,0.017993119980753373,1.0,1.0,0.0003157772069092328,0.00031577720690430515,0.0,0.0,1.0,0.5,0.9499366336542281,0.016877756757901513,56.28334660962697,0.49999999999949996,0.0,0.0,0.0005549788475036621,0.0004822341725230217,0.006186578422784805,0.0,0.0,0,True,True,True,
42,dp_sgd_lr0p50,dp_sgd,6f5bfa6c60eeb2ad400161beec4006ab7b7da4908d9989b6db2c608560d2f56e,1154,5,0.5281949043273926,0.5,,,0.2109375,0.0282294446078376,1.8974801890701267,1.8976202258676695,1.8976202258676695,4518.037511186743,4518.037511186743,0.012398598791833434,0.012398598791833434,1.0,1.0,0.00022133503678728738,0.00022133503677446162,0.0,0.0,1.0,0.5,0.9488101129338348,0.0141147223039188,67.22130924270374,0.49999999999949996,0.0,0.0,0.0007553668692708015,0.0006965678185224533,0.006576904095709324,0.0,0.0,0,True,True,True,
42,dp_sgd_lr0p50,dp_sgd,6f5bfa6c60eeb2ad400161beec4006ab7b7da4908d9989b6db2c608560d2f56e,1155,5,0.3203248977661133,0.5,,,0.2109375,0.02610423799037676,1.8989399256528101,1.8990486595776082,1.8990486595776082,5291.76330446288,5291.76330446288,0.011038232807751182,0.011038232807751182,1.0,1.0,0.00018897292660252955,0.00018897292663766849,0.0,0.0,1.0,0.5,0.9495243297888041,0.01305211899518838,72.74867246200363,0.49999999999949996,0.0,0.0,0.0005678515881299973,0.00048079341650009155,0.006272302009165287,0.0,0.0,0,True,True,True,
42,dp_sgd_lr0p50,dp_sgd,6f5bfa6c60eeb2ad400161beec4006ab7b7da4908d9989b6db2c608560d2f56e,1156,5,0.5429250001907349,0.5,,,0.21484375,0.027802473815796706,1.8926720155338808,1.8929300759425551,1.8929300759425551,4634.2967560470115,4634.2967560470115,0.016625056581937754,0.016625056581937754,1.0,1.0,0.00021578246956265439,0.00021578246958671335,0.0,0.0,1.0,0.5,0.9464650379712776,0.013901236907898353,68.08495130137906,0.49999999999949996,0.0,0.0,0.0007826946675777435,0.0006827777251601219,0.0064186276867985725,0.0,0.0,0,True,True,True,
42,dp_sgd_lr0p50,dp_sgd,6f5bfa6c60eeb2ad400161beec4006ab7b7da4908d9989b6db2c608560d2f56e,1157,5,0.8103745579719543,0.5,,,0.234375,0.03559813175620762,1.8990456323760811,1.8993136587313273,1.8993136587313273,2845.8787218232724,2845.8787218232724,0.016900008705861443,0.016900008705861443,1.0,1.0,0.000351385317843034,0.00035138531786644466,0.0,0.0,1.0,0.5,0.9496568293656636,0.01779906587810381,53.35430723252535,0.49999999999949996,0.0,0.0,0.0005551371723413467,0.0004821307957172394,0.00629850197583437,0.0,0.0,0,True,True,True,
42,dp_sgd_lr0p50,dp_sgd,6f5bfa6c60eeb2ad400161beec4006ab7b7da4908d9989b6db2c608560d2f56e,1158,5,0.5058639645576477,0.5,,,0.22265625,0.033257100424688615,1.8926503300669986,1.8929219714705765,1.8929219714705765,3238.709577420709,3238.709577420709,0.01695192956481751,0.01695192956481751,1.0,1.0,0.00030876494949324374,0.00030876494947302364,0.0,0.0,1.0,0.5,0.9464609857352883,0.016628550212344308,56.91782949157884,0.49999999999949996,0.0,0.0,0.0007662419229745865,0.0006756400689482689,0.006514891050755978,0.0,0.0,0,True,True,True,
42,dp_sgd_lr0p50,dp_sgd,6f5bfa6c60eeb2ad400161beec4006ab7b7da4908d9989b6db2c608560d2f56e,1159,5,0.9056452512741089,0.5,,,0.22265625,0.048408737719418,1.8965460298477843,1.8971908642120883,1.8971908642120883,1534.8970747443088,1534.8970747443088,0.026076359618501268,0.026076359618501268,1.0,1.0,0.0006515094829661969,0.0006515094831700021,0.0,0.0,1.0,0.5,0.9485954321060441,0.024204368859709,39.19108312904209,0.49999999999949996,0.0,0.0,0.0005553700029850006,0.0004792315885424614,0.006031910888850689,0.0,0.0,0,True,True,True,
42,dp_sgd_lr0p50,dp_sgd,6f5bfa6c60eeb2ad400161beec4006ab7b7da4908d9989b6db2c608560d2f56e,1160,5,0.8740971088409424,0.5,,,0.26953125,0.0507187300847094,1.898494934283033,1.899291979667817,1.899291979667817,1401.1419732650843,1401.1419732650843,0.029063722999597755,0.029063722999597755,1.0,1.0,0.0007137035494559318,0.000713703549522544,0.0,0.0,1.0,0.5,0.9496459898339085,0.0253593650423547,37.44754603320633,0.49999999999949996,0.0,0.0,0.000762641429901123,0.0006679454818367958,0.006652853451669216,0.0,0.0,0,True,True,True,
42,dp_sgd_lr0p50,dp_sgd,6f5bfa6c60eeb2ad400161beec4006ab7b7da4908d9989b6db2c608560d2f56e,1161,5,0.4133657217025757,0.5,,,0.1875,0.018751225086498638,1.8977222192997567,1.8977772596389948,1.8977772596389948,10242.50040298189,10242.50040298189,0.007875562815792965,0.007875562815792965,1.0,1.0,9.763240984247562e-05,9.76324098483185e-05,0.0,0.0,1.0,0.5,0.9488886298194974,0.009375612543249319,101.20817443565468,0.49999999999949996,0.0,0.0,0.0006071291863918304,0.0005168607458472252,0.005868555046617985,0.0,0.0,0,True,True,True,
42,dp_sgd_lr0p50,dp_sgd,6f5bfa6c60eeb2ad400161beec4006ab7b7da4908d9989b6db2c608560d2f56e,1162,5,0.7907611727714539,0.5,,,0.2421875,0.03633633543486704,1.8974888980361269,1.8978352381568622,1.8978352381568622,2726.9440960829797,2726.9440960829797,0.019103740263054766,0.019103740263054766,1.0,1.0,0.0003667108543511212,0.0003667108543732334,0.0,0.0,1.0,0.5,0.9489176190784311,0.01816816771743352,52.22968181406946,0.49999999999949996,0.0,0.0,0.0006939508020877838,0.0006018839776515961,0.006124461069703102,0.0,0.0,0,True,True,True,
42,dp_sgd_lr0p50,dp_sgd,6f5bfa6c60eeb2ad400161beec4006ab7b7da4908d9989b6db2c608560d2f56e,1163,5,0.6193091869354248,0.5,,,0.2421875,0.04714603609873257,1.8963678851852919,1.897262915008785,1.897262915008785,1617.9116974727594,1617.9116974727594,0.031404473416162704,0.031404473416162704,1.0,1.0,0.000618080703113691,0.0006180807027544405,0.0,0.0,1.0,0.5,0.9486314575043925,0.023573018049366287,40.24225729083732,0.49999999999949996,0.0,0.0,0.0006906362250447273,0.0006042690947651863,0.0061437832191586494,0.0,0.0,0,True,True,True,
42,dp_sgd_lr0p50,dp_sgd,6f5bfa6c60eeb2ad400161beec4006ab7b7da4908d9989b6db2c608560d2f56e,1164,5,0.31714582443237305,0.5,,,0.19921875,0.04585773718864792,1.9013166959686743,1.9018408094237984,1.9018408094237984,1719.0308927725084,1719.0308927725084,0.023483687434131952,0.023483687434131952,1.0,1.0,0.0005817231113929341,0.0005817231113550446,0.0,0.0,1.0,0.5,0.9509204047118992,0.02292886859432396,41.47262656064185,0.49999999999949996,0.0,0.0,0.0006883824244141579,0.0006042858585715294,0.0061040641739964485,0.0,0.0,0,True,True,True,
42,dp_sgd_lr0p50,dp_sgd,6f5bfa6c60eeb2ad400161beec4006ab7b7da4908d9989b6db2c608560d2f56e,1165,5,0.37970787286758423,0.5,,,0.16796875,0.03780087301141253,1.8982153170894536,1.8986004182929248,1.8986004182929248,2521.664396706154,2521.664396706154,0.020141525218772816,0.020141525218772816,1.0,1.0,0.0003965634763317852,0.0003965634762272518,0.0,0.0,1.0,0.5,0.9493002091464624,0.018900436505706265,50.226364285800024,0.49999999999949996,0.0,0.0,0.0007064584642648697,0.0006106346845626831,0.0061127785593271255,0.0,0.0,0,True,True,True,
42,dp_sgd_lr0p50,dp_sgd,6f5bfa6c60eeb2ad400161beec4006ab7b7da4908d9989b6db2c608560d2f56e,1166,5,0.4143725037574768,0.5,,,0.21484375,0.04341057887227753,1.8990540873302855,1.8994560613857414,1.8994560613857414,1913.7425533872467,1913.7425533872467,0.020685946032834735,0.020685946032834735,1.0,1.0,0.0005225363242820266,0.000522536324336545,0.0,0.0,1.0,0.5,0.9497280306928707,0.021705289436138767,43.755603141962325,0.49999999999949996,0.0,0.0,0.0005503352731466293,0.0005007321015000343,0.005615925416350365,0.0,0.0,0,True,True,True,
42,dp_sgd_lr0p50,dp_sgd,6f5bfa6c60eeb2ad400161beec4006ab7b7da4908d9989b6db2c608560d2f56e,1167,5,0.20900461077690125,0.5,,,0.203125,0.025547017461157243,1.8950436847318564,1.8952995691919174,1.8952995691919174,5502.474534445091,5502.474534445091,0.01675511287678562,0.01675511287678562,1.0,1.0,0.00018173641553587927,0.0001817364155346725,0.0,0.0,1.0,0.5,0.9476497845959587,0.012773508730578621,74.1886825702935,0.49999999999949996,0.0,0.0,0.0007757917046546936,0.000676693394780159,0.0065687354654073715,0.0,0.0,0,True,True,True,
42,dp_sgd_lr0p50,dp_sgd,6f5bfa6c60eeb2ad400161beec4006ab7b7da4908d9989b6db2c608560d2f56e,1168,5,0.42198267579078674,0.5,,,0.19921875,0.03205268857765553,1.895327348946322,1.8955827094570374,1.8955827094570374,3496.5482885372235,3496.5482885372235,0.016420935692998507,0.016420935692998507,1.0,1.0,0.0002859963359592885,0.0002859963359675154,0.0,0.0,1.0,0.5,0.9477913547285187,0.016026344288827765,59.13958527211353,0.49999999999949996,0.0,0.0,0.0006932346150279045,0.0006249304860830307,0.00613159965723753,0.0,0.0,0,True,True,True,
42,dp_sgd_lr0p50,dp_sgd,6f5bfa6c60eeb2ad400161beec4006ab7b7da4908d9989b6db2c608560d2f56e,1169,5,0.47731316089630127,0.5,0.4538942184209824,0.9238,0.18359375,0.023202843991359835,1.89900269991466,1.8991537648249506,1.8991537648249506,6698.363684049472,6698.363684049472,0.012619093825362138,0.012619093825362138,1.0,1.0,0.0001492901916513623,0.00014929019169353531,0.0,0.0,1.0,0.5,0.9495768824124753,0.011601421995679918,81.85004240723457,0.49999999999949996,0.0,0.0,0.0006974469870328903,0.0006048064678907394,0.006117883138358593,0.0,0.0,0,True,True,True,
