clip_rate,coefficient_mean,coefficient_std,coefficient_cv,norm_q10,norm_q50,norm_q90,norm_q99,coefficient_q10,coefficient_q50,coefficient_q90,contrib_conv1,contrib_conv2,contrib_fc1,contrib_fc2,aggregate_cosine,relative_distortion,clipping_alpha_star,clipping_shape_error,clipped_aggregate_norm,actual_noise_norm,expected_noise_norm,noisy_update_norm,update_norm,diagnostic_snr,method_clip_cosine,cos_method_adam_noisy,cos_method_adam_current_noise_off,noise_degradation_method,method_direction_norm,method_direction_norm_current_noise_off,loss_progress_adam,loss_progress_method,loss_progress_current_noise_off,candidate_loss_adam,candidate_loss_method,candidate_loss_current_noise_off,method_update_norm,seed,method,step,epoch,train_loss,test_loss,test_accuracy,syn_refresh,batch_hash,noise_hash
1.0,0.0013738577254116535,0.0003132463207048195,0.2280049203120709,577.1094970703125,722.8547973632812,1050.93505859375,1453.738525390625,0.000951539259403944,0.0013834037818014622,0.0017327935202047229,0.0008321359637193382,0.020469095557928085,0.960829496383667,0.01786927320063114,0.9296056340321138,0.9990505941202825,0.0009494767983198445,0.36855578298764835,0.12855120928232325,1.8980261677317174,1.897935625156794,1.9024241075806576,0.19024241786716417,0.0677321230384911,0.9296056338330743,0.031850673756922916,0.4676341524607854,0.43578347870386247,1.9024241075806576,0.1285512092903639,-6.417718954598743,0.02234017932604573,0.3373438084580522,270.8633117675781,2.3024673461914062,2.3023808002471924,0.19024241786716417,42,syn_diag,1,1,2.3067173957824707,,,True,365f125372508b68c99ac52bbe277d4f02b1bca725c340fa000320eb35bdc3e7,87bcec29b4385eb2c3a1d9f4e7e128db4ab15d48e850d0ab37a3c32bf8098479
1.0,0.0014051152393221855,0.0002772026789573208,0.19728109241683658,578.0533447265625,700.771484375,957.1465454101562,1360.10302734375,0.0010447921231389046,0.001426998758688569,0.0017299478640779853,0.0009145038784481585,0.021233387291431427,0.9627707004547119,0.015081414952874184,0.9301098730630323,0.9989074859991389,0.001092607176452709,0.36728139624583495,0.11335305011172882,1.9019209135688393,1.897935625156794,1.905252473854336,0.1905252542590619,0.05972439139093807,0.9301098731496577,0.03601666423216362,0.5537643911158817,0.5177477268837181,1.9052524738543362,0.11335305011589955,,,,,,,0.1905252542590619,42,syn_diag,2,1,2.3131816387176514,,,False,1dbfb64c7f28e70a87ee2564f8091689c7599860a414afe9d224b7ef17460956,ae3f050d2990fddaa2bc6d2ca0933580e56fb085dee621bde0d6f02b393e48bb
1.0,0.0014285037759691477,0.00025851839509742234,0.18097144462887033,591.7816772460938,701.3895263671875,925.8225708007812,1083.466552734375,0.001080124406144023,0.0014257417060434818,0.0016898405738174915,0.0009538305457681417,0.02187073603272438,0.9619640111923218,0.015211413614451885,0.9713908968175474,0.9987302341878588,0.0012698140614288219,0.2374862639795182,0.10728574094834022,1.9008806984815423,1.897935625156794,1.9040541185439335,0.1904054189441844,0.056527597420181465,0.971390896879931,0.03371041939054431,0.5396123654464006,0.5059019460558563,1.9040541185439335,0.10728574093853331,,,,,,,0.1904054189441844,42,syn_diag,3,1,2.3056631088256836,,,False,e30266baa9027f5979bfd36e55124c91ed93fd846bc06dba69dba2cc2086279a,d5d47fe8853f0660e0b1b65c9d46a9459118954ab11e2d499ebfc8f52cba03c5
1.0,0.0013869715621694922,0.0003215533548140354,0.2318384587933028,581.4550170898438,732.4205932617188,970.1781005859375,1254.3944091796875,0.0010307439370080829,0.0013653356581926346,0.0017198408022522926,0.0008672713884152472,0.0200496893376112,0.963384211063385,0.015698829665780067,0.9416852125013585,0.9987626364551919,0.0012374614300112376,0.33649511222924033,0.10774323850353049,1.8961725156124132,1.897935625156794,1.8994322527226823,0.18994323227719415,0.0567686475111993,0.9416852125472135,0.03292543987046471,0.5420484052538651,0.5091229653834004,1.8994322527226826,0.10774323846594121,,,,,,,0.18994323227719415,42,syn_diag,4,1,2.3010001182556152,,,False,f8a12503f3f4a8e289f8fbc13ae061510696397b196495fc30250632ed31fc9b,bb034a55ac7da3fa3c2780952d6749a7bafebb374db3f9ce317ad3a28d67c392
1.0,0.0014008055441081524,0.0002662183013350046,0.19004658263193194,580.4808349609375,721.8397827148438,916.8070068359375,1155.3599853515625,0.001090749865397811,0.0013853490818291903,0.0017227570060640574,0.0008890263270586729,0.019938815385103226,0.9613289833068848,0.01784316450357437,0.9806218755865045,0.9986303594123486,0.0013696780773777386,0.1959100230220872,0.11098297202893892,1.9031808495662363,1.897935625156794,1.9062275255247745,0.19062275904583503,0.05847562507274809,0.9806218756036068,0.03113510368728898,0.5373798373781646,0.5062447336908756,1.9062275255247743,0.11098297203654393,,,,,,,0.19062275904583503,42,syn_diag,5,1,2.295041561126709,,,False,33c3b78c677817922687626794cec3c5ee2431fe34ab1e7c962626cbdf890456,53fddc6591757282bf25e8fe9dab0becaad89809769e0eeef1b35c05a6f51056
1.0,0.0013580869417637587,0.00027496207569629853,0.20246279692422525,586.1174926757812,738.2154541015625,1007.3424072265625,1308.033935546875,0.0009927998762577772,0.0013546182308346033,0.0017061855178326368,0.0008427754510194063,0.0196375772356987,0.9583298563957214,0.021189779043197632,0.9690746458798853,0.9987353160324803,0.0012647358931293106,0.24676776676007034,0.11913562267383442,1.8970184432749402,1.897935625156794,1.9003534432425537,0.19003534968066707,0.06277116098915604,0.969074645908599,0.029530497188036166,0.5276239576048803,0.49809346041684416,1.9003534432425537,0.11913562267908452,,,,,,,0.19003534968066707,42,syn_diag,6,1,2.2974677085876465,,,False,0a6f97f3bf97c9b31ed4f24a479f1d784047c6a545a5e9cdc27d7c1ce831afe8,40a30e2ca390d2855c469165fff3a800e3ccf7d76af28d6a1d55332101ef2aed
1.0,0.0012866395991295576,0.00028711211129843256,0.22314881863874317,619.177978515625,784.73046875,1034.85400390625,1366.26513671875,0.0009663254022598267,0.001274327514693141,0.001615053741261363,0.0007515907054767013,0.01763661578297615,0.9547792673110962,0.02683253586292267,0.9663294978280954,0.9989673357622388,0.001032702084123226,0.25730779550212046,0.11620690608874527,1.9022060923905322,1.897935625156794,1.9055220340192838,0.19055221032119654,0.06122805460226494,0.966329497764882,0.03052821818898672,0.5149867898909828,0.4844585717019961,1.9055220340192838,0.1162069060190879,,,,,,,0.19055221032119654,42,syn_diag,7,1,2.294201135635376,,,False,f393acdb7da163715c19a38fcae0d8c94d0bcc1423103592b5c2a124bb914ab2,afe5319f0d9157f8344f294c98a0fec28b5c239d3b266ae71bb5354d6a550015
1.0,0.0012983304914087057,0.00024762055063201155,0.1907222828136982,632.0209350585938,769.1806640625,1019.8751220703125,1260.3662109375,0.0009805199224501848,0.0013000851031392813,0.0015822285786271095,0.0007864588405936956,0.019177263602614403,0.9556236863136292,0.02441258728504181,0.974128698268285,0.9988185948333537,0.0011814427737357029,0.22599398047131428,0.11768185942436513,1.8973013567149155,1.897935625156794,1.9005702906166775,0.19005703606545013,0.062005190199525904,0.9741286984090057,0.03281209248305349,0.5427195178009487,0.5099074253178952,1.9005702906166775,0.11768185942762092,,,,,,,0.19005703606545013,42,syn_diag,8,1,2.294600009918213,,,False,75853206b7a27d5f11210a1dc173e6f8f87e589da69b2de7e8c8bcf7922b1508,63c07ff00deb47f6b008a361a421b1dbacde87bbd845cc32151971ed599e436f
1.0,0.0012944419868290424,0.0002594465524396291,0.20043118751001765,607.6783447265625,784.2137451171875,1044.9234619140625,1279.607666015625,0.0009570079273544252,0.0012751626782119274,0.001645609037950635,0.0007909394335001707,0.018546689301729202,0.9503456354141235,0.03031674586236477,0.9658190382094067,0.9988973515019461,0.001102692340428153,0.2592172552727135,0.11814072199038066,1.9039278890420974,1.897935625156794,1.907409532200866,0.19074096043337554,0.06224695949872296,0.9658190380130928,0.030451518947095475,0.5393410754248755,0.50888955647778,1.907409532200866,0.11814072199177988,,,,,,,0.19074096043337554,42,syn_diag,9,1,2.2790446281433105,,,False,9eb39b84fdee49292aa72a571277474e28cfec00776e05e1edbebb074c24573a,c6cff9249b4ca64e5b585325a816267fd79da5550f83d10e142b9021bf87f2f9
1.0,0.0012603707145899534,0.000276372979008855,0.21927911138714448,629.2393798828125,794.884765625,1093.44580078125,1337.029296875,0.0009145431686192751,0.0012580456677824259,0.0015892304945737123,0.0007407382363453507,0.017488494515419006,0.947933554649353,0.03383723646402359,0.9676813740298527,0.9989653221084012,0.001034714283377017,0.25217604635372,0.11533955150978735,1.897538637660735,1.897935625156794,1.900948507583054,0.1900948578636341,0.060771055656957826,0.9676813740116866,0.026520722943068866,0.4933801761597064,0.4668594532166376,1.9009485075830541,0.11533955151072393,,,,,,,0.1900948578636341,42,syn_diag,10,1,2.289645195007324,,,False,508b4084b7c615e55e748c222bdf469b8667b740ad9a8ab2bde9dc323ce8d8be,23e4083db243015d6dfd9934ecb1875a9335ecba5da129e524ef70fa42bd45ff
1.0,0.0011905620340257883,0.0002382388332165437,0.2001061910481323,672.0003662109375,838.6439208984375,1107.88818359375,1355.7139892578125,0.000902621541172266,0.001192401978187263,0.001488101901486516,0.0006784586003050208,0.01590253971517086,0.9427283406257629,0.04069066792726517,0.9601214592356555,0.9990137045222058,0.000986336765315485,0.2795832318182039,0.12174104687788508,1.9047282535378829,1.897935625156794,1.9085646380751804,0.19085647054303284,0.06414392841578256,0.9601214589080823,0.02666212052880992,0.4675364201929053,0.4408742996640954,1.9085646380751804,0.12174104685889317,,,,,,,0.19085647054303284,42,syn_diag,11,1,2.284580707550049,,,False,2fafc15023edebb001d55ac57ec3ad917b0e70a1f55ba2e0cceb33ad844fa71a,628eb5129f7cd1a6c6f37250764083237c3f4f332323282028c6a41806ecb22b
1.0,0.0011637827847152948,0.00023453720281670022,0.20153003964952682,683.4960327148438,868.310546875,1128.3052978515625,1353.588623046875,0.0008862850372679532,0.0011516633676365018,0.00146306655369699,0.0006495766574516892,0.015033300966024399,0.9406894445419312,0.04362767934799194,0.9779249541785557,0.9989713251812529,0.0010286990008374496,0.20895641649436103,0.12389355162707848,1.8974387057521596,1.897935625156794,1.9019693082515956,0.1901969380580715,0.06527805789871191,0.977924954304844,0.035510313090185854,0.4504464613765907,0.41493614828640485,1.9019693082515956,0.12389355161688399,,,,,,,0.1901969380580715,42,syn_diag,12,1,2.2776989936828613,,,False,8168de5436a6153bc170b042b4f6b5c10996fd785b094e99081ecca06188da4b,7db27f9dc92967a9fc2f3bc11ebbc5404822244ba6f994b3b73d5740035b984e
1.0,0.0011180180590599775,0.00023483338653510302,0.21004434840451155,690.991455078125,900.7220458984375,1231.981201171875,1374.374755859375,0.0008117014658637345,0.0011102203279733658,0.0014471977483481169,0.000612927891779691,0.013716462068259716,0.9387281537055969,0.04694245755672455,0.9745225562399491,0.9990966173149698,0.000903404320228629,0.22428951687248594,0.15198219091867252,1.898633967372359,1.897935625156794,1.9044070869456702,0.1904407155146722,0.0800776321936824,0.9745225562048909,0.033627249384467706,0.42670392490707343,0.3930766755226057,1.9044070869456702,0.15198219090246348,,,,,,,0.1904407155146722,42,syn_diag,13,1,2.2721221446990967,,,False,10a51fbf393e258b64dbc122e705f3d5c3b097f591e189ba00b192ecf48a6b0f,9f37eeb35f83d18d953e66b88319414db54b8d36b3a40ecb3d4c2ee383f8a976
1.0,0.0010733925737440586,0.00022468302770809885,0.20932044959106988,718.99658203125,941.847412109375,1272.4410400390625,1471.679443359375,0.0007859076140448451,0.001061747083440423,0.0013908280525356531,0.0005729763070121408,0.013124600052833557,0.9372199773788452,0.0490824356675148,0.958412431135775,0.9990951018256545,0.0009049345122773304,0.28538677587272454,0.11765470298118756,1.8924709282341086,1.897935625156794,1.8958956723633311,0.18958957349043515,0.06199088178841986,0.958412430588425,0.02858380413383852,0.4918367589197968,0.46325295478595824,1.8958956723633313,0.11765470292016451,,,,,,,0.18958957349043515,42,syn_diag,14,1,2.2716922760009766,,,False,811a69876c1515b492e5f12812bf3da7ed3fe22fe92759b36db5f17b247f48f9,4a2147ea99f415536da72ee68f731376683ec688e5ca3d2b3cc399b0cf56a607
1.0,0.0010364732006564736,0.00021014216875710084,0.2027473232748076,778.99365234375,986.062255859375,1257.280029296875,1465.241455078125,0.0007953803869895637,0.001014135079458356,0.0012837074464187026,0.0005332243163138628,0.012536519207060337,0.9289957880973816,0.057934485375881195,0.9700234364333524,0.999064750475947,0.0009352769995500816,0.24301138403211767,0.14328641429266054,1.8976143428890702,1.897935625156794,1.903291183776866,0.1903291253983978,0.07549592957387463,0.9700234357996103,0.033268303347111276,0.44380766376579656,0.4105393604186853,1.903291183776866,0.1432864141447247,,,,,,,0.1903291253983978,42,syn_diag,15,1,2.2733664512634277,,,False,0b34924b93fe92ae12f6fff781619e17d2b5638b69d89466cb3d52ca8fa7edf7,d1df7c2bf928c316c96299620c64ca64b4d0f570b28ed6940899f24505c51efd
1.0,0.0010064939269796014,0.00018510665760663536,0.18391234716403781,821.799560546875,997.3336181640625,1296.269775390625,1519.3656005859375,0.0007714556995779276,0.0010026736417785287,0.0012168465182185173,0.0005299829063005745,0.01178158912807703,0.907218337059021,0.08047006279230118,0.9726343995792265,0.999067128810724,0.0009328960431469123,0.23234096658633077,0.12173671873203631,1.8955749547355678,1.897935625156794,1.8994922228872326,0.18994922932225963,0.0641416479665453,0.9726343984699255,0.029499413328090168,0.44717299555166584,0.41767358222357565,1.8994922228872326,0.12173671909286875,,,,,,,0.18994922932225963,42,syn_diag,16,1,2.265145778656006,,,False,e576a43bcf9b193505ed108e22faefaa19571bf0283b1b89ab1b1c3f2ab6c9ae,dc0017efd45b2cd093edd2db2832d0a8ba840238da465c9b9889de1adbfef3c4
1.0,0.0009673143504187465,0.00017382953942969594,0.17970326183466456,829.7222290039062,1035.609619140625,1368.9482421875,1497.3785400390625,0.000730487983673811,0.0009656152687966824,0.0012052233796566725,0.0005142325535416603,0.01131179928779602,0.9090319275856018,0.0791420266032219,0.9556844888547783,0.9991736938489282,0.0008263385753608718,0.29439286295863787,0.12397085710438176,1.898957077725659,1.897935625156794,1.902592626078463,0.19025926935353657,0.06531878924717209,0.9556844899496504,0.026989417955515405,0.4627926403818495,0.43580322242633407,1.9025926260784631,0.12397085737148533,,,,,,,0.19025926935353657,42,syn_diag,17,1,2.26145601272583,,,False,f5c0103cc717f10332e13907a61f45732bc1213ebe9189f9bae0a11d12eadcc2,b34a8910957b351990ee4b17dd48a3fc7561aef8901479124648a6fa144b225f
1.0,0.000922375125810504,0.00017503656722785596,0.18976723182588642,861.20166015625,1111.6298828125,1402.616943359375,1522.6328125,0.0007129529840312898,0.0008995801908895373,0.0011611683294177055,0.0004983211983926594,0.01075175404548645,0.911439061164856,0.07731091976165771,0.9677959244637564,0.9992509006307185,0.000749118367790157,0.251736069307151,0.1123579028606471,1.8969231099554076,1.897935625156794,1.9002183048355392,0.1900218375762962,0.05920005998691641,0.9677959242087276,0.028508854274844588,0.4323537828776028,0.4038449286027582,1.9002183048355392,0.1123579029791443,,,,,,,0.1900218375762962,42,syn_diag,18,1,2.264009714126587,,,False,a266cfd4998b87d6fa5be3250a11d424f81de18010927ccaa887141aac0ebf57,d17755bc66146d238a341b74692cde1b460a1794950b88120f19c483bcb933c5
1.0,0.000912723015062511,0.00016590377250211844,0.1817679261901677,887.2674560546875,1107.72705078125,1387.7171630859375,1574.106689453125,0.000720614567399025,0.0009027568157762289,0.0011270558461546898,0.00047986616846174,0.010649741627275944,0.9052444696426392,0.0836259052157402,0.9601507595301252,0.9992259739016246,0.0007740515008813024,0.2794825915373931,0.12334765531977628,1.8957245046126736,1.897935625156794,1.8998500531819569,0.18998501176302351,0.0649904315429672,0.9601507603096529,0.02764351506091558,0.44157599380032564,0.4139324787394101,1.8998500531819569,0.1233476551885052,,,,,,,0.18998501176302351,42,syn_diag,19,1,2.261336326599121,,,False,95f939194498236d0aa44bd8a3c649422868bc24c1010ddfa7fd256d99bd88ec,672887ad275c172749a9a681be9c5d2d650fe415e9d6ef0bffa1d3bfd57b81cd
1.0,0.0008830856531858444,0.00015891442815066818,0.17995357786962363,911.2698974609375,1168.706787109375,1427.64453125,1629.7818603515625,0.0007004577200859785,0.0008556516258977354,0.0010973880998790264,0.00042897515231743455,0.00954643078148365,0.8821092844009399,0.10791527479887009,0.9731154131109966,0.9992767757727065,0.0007232388886694228,0.23031802527147777,0.12314133484689535,1.89807442405847,1.897935625156794,1.9020111590454352,0.19020112313323748,0.06488172370791417,0.9731154134635597,0.028272809977939725,0.4262136937313582,0.39794088375341846,1.9020111590454352,0.12314133500733758,,,,,,,0.19020112313323748,42,syn_diag,20,1,2.255453109741211,,,False,1892de0895ebf24cfb132c6b360ec5b4f92f3322f6772a3fa6da83a8827134ba,3503eb8aec26aebc25802e9ae9855d00b0053e8e6c7b87d4686a551b1f165f41
1.0,0.0008617457351647317,0.00014660176364324632,0.1701218403698161,962.3450317382812,1185.3577880859375,1454.583251953125,1637.027587890625,0.0006874841637909412,0.0008436271455138922,0.0010391389951109886,0.0004405408399179578,0.009987070225179195,0.8710918426513672,0.11848049610853195,0.9603327504822737,0.9992484061093915,0.0007516177252615643,0.278856608940191,0.10176820017038447,1.8975379083215895,1.897935625156794,1.9001364853616407,0.19001365522084754,0.05362046995768019,0.9603327518507745,0.018170166939505825,0.4408154877299085,0.4226453207904026,1.9001364853616407,0.10176820010142157,,,,,,,0.19001365522084754,42,syn_diag,21,1,2.2536778450012207,,,False,a8bfab62868bbe8a25922242386e01f60d99f3c002bc7457d67c8512a9bff06c,826a2c0ffe1dae1089f046a6f22390c8f316e1ecec5babcb6960c3b4e7363cf9
1.0,0.0008540505077689886,0.00015013317667900866,0.17578957007953475,954.71875,1186.99658203125,1493.984375,1707.2965087890625,0.0006693510804325342,0.0008424625266343355,0.0010474289301782846,0.00044073283788748085,0.00933706946671009,0.8727431297302246,0.11747904121875763,0.9691204817771348,0.9993149935430845,0.0006850216576056574,0.24658769596042898,0.12399448481275668,1.896618808798693,1.897935625156794,1.9007390243182831,0.1900739092436473,0.06533123840933636,0.9691204811033776,0.023376497768570013,0.404067426881765,0.38069092911319496,1.9007390243182831,0.12399448495099691,,,,,,,0.1900739092436473,42,syn_diag,22,1,2.2423462867736816,,,False,4e1ad6472e7ce181c693354a39f0db356629f4b0e4d0887edc08dba68f18dfc5,88c8a68115c0be843eee35f04526b341920b59ae4f1777781d2ddb8498ab4b59
1.0,0.000832834281027317,0.00013936827819286608,0.16734215784147258,986.2119750976562,1219.0107421875,1487.529541015625,1746.8546142578125,0.0006722561083734035,0.0008203383767977357,0.0010139993391931057,0.0004372115363366902,0.0093008391559124,0.8686927556991577,0.12156917154788971,0.9576436733373505,0.9991767377086594,0.0008232929589869735,0.2879558905728559,0.12377917283250682,1.8988214558189613,1.897935625156794,1.902923954881319,0.19029240264001304,0.06521779305460682,0.9576436728765259,0.02133476362467307,0.3611711440719454,0.3398363804472723,1.902923954881319,0.12377917272449007,,,,,,,0.19029240264001304,42,syn_diag,23,1,2.240675449371338,,,False,082116a47a9d7920c76d01d3409352a64741d28b0335fe22383722afb18a7e84,2b7d2f8794f87edd49449acda01b68db8c6422baf17ab408d99e51ed81fbc785
1.0,0.0008460403187200427,0.00013902430533290391,0.16432349511413416,960.3927612304688,1200.678955078125,1459.6038818359375,1684.4913330078125,0.0006851174402981997,0.0008328682160936296,0.0010412454139441252,0.0004356016288511455,0.00928548350930214,0.8728265166282654,0.11745242774486542,0.9533468654681306,0.9992308962385518,0.0007691334415749045,0.3018770512980255,0.10726586569764,1.8950948817130429,1.897935625156794,1.8982936559146457,0.1898293731332037,0.05651712538391387,0.9533468656186792,0.024288112210104157,0.3937437225365591,0.3694556103264549,1.8982936559146457,0.10726586535507594,,,,,,,0.1898293731332037,42,syn_diag,24,1,2.2512598037719727,,,False,6eefece978651bc50851abdb23575703b7e69dfc6fcaf4352946d10ae1443555,348abd1e401037a530410bcbae49da4266274c73d3623cd0b750f7012f00c3bf
1.0,0.0008577593835070729,0.00016690503770910785,0.19458257605702903,934.7315673828125,1191.7069091796875,1525.933349609375,1782.0614013671875,0.0006553366547450423,0.0008391364244744182,0.0010698456317186356,0.0004767817445099354,0.010110338218510151,0.8784789443016052,0.11093391478061676,0.950326795836111,0.9992848466479668,0.0007151808054205571,0.3112538853002082,0.13881231913463732,1.8981250157352443,1.897935625156794,1.9033589689982418,0.19033590283118754,0.07313858135894176,0.9503267957006598,0.0277919024868874,0.3788869528568022,0.3510950503699148,1.9033589689982418,0.13881231907036826,,,,,,,0.19033590283118754,42,syn_diag,25,1,2.244157314300537,,,False,afc156b348a9435dae1cd01f99456c3f0cb4dddbe64c011c2323955a7870c54d,d0761ff3abdd09d80dfdbc6bdf1ca09e907633121d7d803f475088f88b37f33a
1.0,0.0008183200843632221,0.0001505433946722367,0.1839663992842393,988.2814331054688,1242.3896484375,1553.8690185546875,1729.630615234375,0.0006435573450289667,0.0008049006573855877,0.0010118664940819144,0.00044719246216118336,0.009184450842440128,0.8647948503494263,0.1255735158920288,0.9361613755474273,0.9992805428652428,0.0007194936656323457,0.3515705888306772,0.10301324793414939,1.9017815316151898,1.897935625156794,1.9047050672397874,0.19047051415009947,0.05427647100811698,0.9361613755291985,0.026032491734736624,0.44444754705516604,0.41841505532042944,1.9047050672397876,0.10301324854748165,,,,,,,0.19047051415009947,42,syn_diag,26,1,2.2391347885131836,,,False,3da36b711daa73069e75da793abd980fdee9c1afd4b1073c6d6cfb9a88c1bc69,c0051658cc46706908903b4659d10270c14898dbcc28c58dc17ca2babc1c8efd
1.0,0.0008150651701726019,0.00017001714127763232,0.208593305836115,961.496337890625,1273.25048828125,1613.3272705078125,1822.350341796875,0.0006198452902026474,0.0007853929419070482,0.0010400456376373768,0.0004649651236832142,0.00927821733057499,0.8675504922866821,0.12270637601613998,0.9593128795634883,0.9993813560153251,0.000618660572280461,0.2823451772251091,0.1198930061270398,1.895961287739537,1.897935625156794,1.900401953074333,0.1900402022627493,0.06317021743931485,0.9593128795670607,0.026183903342638037,0.42716432009053434,0.4009804167478963,1.900401953074333,0.11989300612150902,,,,,,,0.1900402022627493,42,syn_diag,27,1,2.235842227935791,,,False,8c6301823ee29f6921e44d2fe85d068fd77dd931cb1e4d26e6ae21e815b598bf,d2869a0548eb0d9bcd161c70d3cd32a3294e75c53a92af0cc3ef7d235f86b003
1.0,0.0008064887952059507,0.00016275990003502319,0.20181298544505455,973.95751953125,1286.681884765625,1615.2537841796875,1872.59765625,0.0006190986605361104,0.0007771945092827082,0.001026779180392623,0.0004846217925660312,0.009409499354660511,0.8613730072975159,0.12873288989067078,0.9173726370853824,0.9992865494774035,0.0007134984743906015,0.398029452081222,0.10801384376391521,1.9003109641205895,1.897935625156794,1.9034643296222125,0.19034643952839192,0.05691122624611409,0.917372638480009,0.024094301741495693,0.4247070628271653,0.4006127610856696,1.9034643296222127,0.10801384386893292,,,,,,,0.19034643952839192,42,syn_diag,28,1,2.221161365509033,,,False,796de04d931917427c60555de4a57e6a12613b415c4cbad7fc73f76dc7aac0cc,f84b95da3dafe34894ed9698097dc291078d83c28606403da1e0a418027b969a
1.0,0.0007745404727756977,0.00016812996949179616,0.21707061284509513,975.04736328125,1354.7279052734375,1720.1326904296875,1918.4996337890625,0.0005813513416796923,0.0007381559698842466,0.0010255931410938501,0.0004223181458655745,0.008831869810819626,0.8559025526046753,0.13484331965446472,0.9549135164394023,0.9994364302545,0.0005635851050874466,0.2968841122727347,0.12903687963566446,1.8962425156031464,1.897935625156794,1.9006944617669521,0.1900694531009304,0.06798801704611891,0.9549135161529796,0.02712901433031488,0.39260950460945654,0.36548049027914165,1.9006944617669521,0.12903687989185175,,,,,,,0.1900694531009304,42,syn_diag,29,1,2.2190771102905273,,,False,19f4dd9bd7de8c090a3cc4a5d1b161127f71b64d73a370cfed26901a0f8f323e,7d9d34d394d47fa446c358a1092251195779394a45da027b44f7c4174d0a3452
1.0,0.000759165151976049,0.00014486097462190696,0.19081614835575386,1041.529052734375,1336.63427734375,1719.8046875,1962.9896240234375,0.0005814748583361506,0.0007481478387489915,0.0009601269266568124,0.0004125731938984245,0.009041531942784786,0.8521488308906555,0.13839703798294067,0.9300157191542222,0.9993881061033981,0.0006119231522881996,0.3675197438555129,0.11102095964637604,1.8999011480147252,1.897935625156794,1.9036471401227124,0.19036472090046308,0.05849564030241846,0.9300157191631243,0.028255163033715596,0.42361933555766734,0.39536417252395173,1.9036471401227124,0.111020959604036,,,,,,,0.19036472090046308,42,syn_diag,30,1,2.2187132835388184,,,False,9eb53d6d8180186be5420e0c2bd913943ed33fe04737739742d6ae72f91e4973,c2fe2fbc5fc5b0ac178aed13103011c3601f3048295bdb916a78a788278909ad
1.0,0.0007452069548889995,0.00014835418479979332,0.19907784659790387,1057.89208984375,1375.1474609375,1729.8621826171875,2019.92236328125,0.0005780820501968265,0.0007271977374330163,0.0009452958474867046,0.0004479231429286301,0.009144407697021961,0.8527920842170715,0.13761556148529053,0.9437083271388023,0.9992745035274306,0.0007255288314997581,0.3307787678907996,0.14323089293445257,1.8953658787737218,1.897935625156794,1.9007271717798015,0.19007272435647138,0.07546667602203018,0.943708321959838,0.02232003983895394,0.318899033344416,0.2965789935054621,1.9007271717798013,0.14323089214098317,,,,,,,0.19007272435647138,42,syn_diag,31,1,2.2169275283813477,,,False,6e123a83b3ceb630bbafb0c45cc5f6f09c5a23ebb4038c984d99f25b1f261fd1,5e5db84d590d69629881f6152caf6c5dfd2e404c3591c1b0e0508df08c5773d2
1.0,0.0007858909666538239,0.00016328890252439795,0.2077755103739095,1000.39306640625,1327.7926025390625,1676.202392578125,1953.656494140625,0.0005966529715806246,0.0007531304145231843,0.0009996206499636173,0.0004202330019325018,0.009576817974448204,0.8713216185569763,0.11868131160736084,0.9285152322268804,0.9993360597833326,0.000663975487928053,0.37129430849400413,0.10516925820781645,1.8993089393490596,1.897935625156794,1.9021370047389583,0.19021370755915973,0.05541244751073825,0.9285152322988047,0.025360596480751358,0.44210802289738577,0.4167474264166344,1.9021370047389583,0.10516925871213674,,,,,,,0.19021370755915973,42,syn_diag,32,1,2.226935386657715,,,False,037d62b50fe44f745575efd767e6669439651632ce4e5becada19b5d0361d17f,bfb55546de6c00909e51e5264b3b50b74c7b45967f7128c12b8cf9cb5f87262e
1.0,0.0007946209516376257,0.00018036340271804235,0.22698042849140027,978.4559326171875,1305.0535888671875,1759.458251953125,1955.894775390625,0.0005683607887476683,0.000766259734518826,0.0010220202384516597,0.0004807051154784858,0.009600297547876835,0.8724290728569031,0.11748991906642914,0.9131229179675681,0.9993850335333269,0.0006150041876445592,0.4076843591305066,0.12122138550148631,1.8944906045533458,1.897935625156794,1.898538268329753,0.18985383402745476,0.06387012493714479,0.9131229156831986,0.025411786613211647,0.3766853926436798,0.35127360603046814,1.898538268329753,0.12122138469516147,,,,,,,0.18985383402745476,42,syn_diag,33,1,2.2078535556793213,,,False,ef26d0cb80bb30ffd34830243501206a46470e85863c3da5d8efd15dd98eb434,be8a62dd1587a1de4db4146d590234d68c4c01503c3f51b972c95f4ac616ce2a
1.0,0.0007675276137888432,0.00018173042969313227,0.23677379986469552,983.1517333984375,1367.020751953125,1756.4598388671875,2063.65478515625,0.0005693269777111709,0.0007315179100260139,0.0010171805042773485,0.00046183273661881685,0.009345551952719688,0.8646687269210815,0.1255238801240921,0.9376473873487083,0.99939626579001,0.000603759271666482,0.34758794138456345,0.110727526059896,1.901032931122468,1.897935625156794,1.9045469072862902,0.19045469773671944,0.05834103359047814,0.9376473905615367,0.026604573565849346,0.4435062646467579,0.4169016910809086,1.9045469072862902,0.11072752643904295,,,,,,,0.19045469773671944,42,syn_diag,34,1,2.214606285095215,,,False,79196a30565247417e4bf62d25e9790d0f4c625084bb7e24c5e248cd907989da,182dc35a1620e3a020fe5fe5c1f5e38a1aa8d2cf46ded6bfdbf53c9fa56c633d
1.0,0.0007554754847660661,0.0001805423105670669,0.23897838632443666,1008.6809692382812,1397.565673828125,1799.601318359375,2075.551025390625,0.000555680482648313,0.0007155319908633828,0.0009914429392665625,0.0004927916452288628,0.009923785924911499,0.8640632629394531,0.12552019953727722,0.9441174472553533,0.9994163073590085,0.0005837134173539111,0.3296092319493663,0.12182554416249726,1.9023218692869657,1.897935625156794,1.90611319319831,0.19061132624240798,0.06418844904308527,0.9441174479589322,0.02862974524718757,0.45071977286198167,0.4220900276147941,1.90611319319831,0.12182554469199897,,,,,,,0.19061132624240798,42,syn_diag,35,1,2.207113742828369,,,False,1c9b22341bb7a0e6bcb463e162077852de2f43567820917af392fff4def220c2,81df2ca49653bb3ddffa6204952382206395d55d93ff92d44b3e51f174732d21
1.0,0.0007241719868034124,0.00015707681903188813,0.21690539388251287,1054.482666015625,1420.600341796875,1829.849365234375,2094.92236328125,0.0005464931018650532,0.0007039279444143176,0.0009483499452471733,0.0004431562847457826,0.009189153090119362,0.8497118949890137,0.14065581560134888,0.9484400930351048,0.9994660548856334,0.0005339610438007432,0.3169564479890578,0.11672717766204857,1.8958824713338072,1.897935625156794,1.8997056239498964,0.18997056912095509,0.061502179586488286,0.9484400914619621,0.022211283551367953,0.41260786128044363,0.39039657772907566,1.8997056239498964,0.11672717741253896,,,,,,,0.18997056912095509,42,syn_diag,36,1,2.2038910388946533,,,False,3d0029c38ce3e0fdc79abd0fcf612b1358771440a4939a0530d19a23cafff35c,9955f9e0fca001ca51dfbdd0ab9f347d0c407f7e19a7a2b0dba5e3be1b4810ce
1.0,0.0007164712296798825,0.00015618945466366784,0.21799823173889504,1090.7596435546875,1445.8675537109375,1895.83642578125,2118.543212890625,0.0005274759605526924,0.0006916413549333811,0.0009167924290522933,0.0004499215283431113,0.009424922987818718,0.8442401885986328,0.14588499069213867,0.9252901192913116,0.999468508786198,0.000531514957598764,0.3792600626740594,0.1230138177129191,1.9029488291323302,1.897935625156794,1.907061180342195,0.1907061243049063,0.06481453642701487,0.9252901176162934,0.0234339997504545,0.39702905450959763,0.3735950547591431,1.9070611803421953,0.1230138170530704,,,,,,,0.1907061243049063,42,syn_diag,37,1,2.1940739154815674,,,False,5b516487533639db73df65c23a65d1362fc5cbe89bbaec3054502492cdf904de,0899a97b40bdf110a82acba03b0a3fb1b0f25a5b75a55940ffdc0b2c49aebbab
1.0,0.0007016246090643108,0.00015019556988369936,0.2140682663731395,1114.6614990234375,1502.966552734375,1870.28076171875,2094.3193359375,0.000534679158590734,0.0006653509335592389,0.0008971458300948143,0.0004143069381825626,0.008698146790266037,0.8198863863945007,0.1710011512041092,0.8997662032327338,0.999463150438287,0.0005368834787747896,0.436372294625431,0.10922356307267903,1.895967315984755,1.897935625156794,1.8989941741527785,0.1898994243433967,0.05754861314835069,0.8997662040179092,0.02115700460596227,0.41266545311467845,0.3915084485087162,1.8989941741527785,0.10922356300052055,,,,,,,0.1898994243433967,42,syn_diag,38,1,2.1974449157714844,,,False,711e83a707cd2db54862747958ee9a188bac81b4f957c5ee9e8868228dc4562e,5788c72c769525057d1c682f872456d42d41e376b17062fb52a11fea517e82d3
1.0,0.0007022509817034006,0.00015955636511502457,0.2272070494343255,1086.1424560546875,1486.60107421875,1933.47705078125,2279.35693359375,0.0005172041710466146,0.0006726778228767216,0.0009207595139741898,0.0004514445608947426,0.00908919982612133,0.8263676762580872,0.16409164667129517,0.864268826350656,0.9994145332849909,0.0005855248189210079,0.5030302135994968,0.11236380353002672,1.898807620798431,1.897935625156794,1.902172620350679,0.19021726852805312,0.059203168980341364,0.8642688276249405,0.02019939573181465,0.3536204281674601,0.3334210324356454,1.9021726203506792,0.11236380382418713,,,,,,,0.19021726852805312,42,syn_diag,39,1,2.195176601409912,,,False,71f2692e60ae00f6f4d45a1a9115697ae96b7fa29e8c0c2c6e8f76687a35afc9,69a45dab6340f0b6fd5a03488d9064217c0f6ce846eaea43e7f6e1a5ab76524d
1.0,0.0006999769248068333,0.000164051889585675,0.23436755850482408,1091.548828125,1503.39111328125,1917.820556640625,2267.083740234375,0.0005214252159930766,0.0006651760777458549,0.0009161311318166554,0.0004887828836217523,0.009115678258240223,0.8390011787414551,0.1513943374156952,0.8879418249431964,0.9994760650873963,0.0005239717659094919,0.4599557756053258,0.10993129912243171,1.907399448316967,1.897935625156794,1.9109144777149245,0.1910914546437266,0.057921510964468056,0.8879418253083105,0.02746961395282262,0.4411649448761758,0.4136953309233532,1.9109144777149247,0.10993129912695734,,,,,,,0.1910914546437266,42,syn_diag,40,1,2.1764347553253174,,,False,9c1af2cec0548dd01761657d65092c68b814892420321c53a25d81bd4256bb6f,be94e1efae4d63f84a628b748466acf85d8c997cb034191ae21ffc477fd0fb00
1.0,0.0006816582172177732,0.00016977751673788786,0.24906546924723977,1089.0791015625,1563.852294921875,2023.553466796875,2304.543212890625,0.0004941810620948672,0.000639450503513217,0.0009182070498354733,0.0004985382547602057,0.009165806695818901,0.8399449586868286,0.15039068460464478,0.9054768415367923,0.999514685679491,0.00048534020624428224,0.4243956755643767,0.12814216609019438,1.9017360903936018,1.897935625156794,1.9064301955379133,0.19064302611964176,0.06751660298253828,0.9054768403123301,0.028276571041524836,0.3999115000286519,0.3716349289871271,1.9064301955379133,0.12814216603972026,,,,,,,0.19064302611964176,42,syn_diag,41,1,2.1709494590759277,,,False,44e1b352dbb52c74e4083efad5db284b70d9c941a1905d6bd24fb584eed71b7d,dd29d5c143ceb73ebdf9750c390f00f32930ce579b140a62789b09d353114efe
1.0,0.0006779966643080115,0.00016786065705986353,0.24758330919017393,1104.98388671875,1545.319091796875,2093.568359375,2436.92529296875,0.00047766114585101604,0.0006471193046309054,0.0009050122462213039,0.0004441987839527428,0.00887427106499672,0.8362952470779419,0.15438631176948547,0.876047073169749,0.9995424526041634,0.0004575791314398747,0.48222559615468313,0.11694186830444854,1.8946937653778457,1.897935625156794,1.8980539130454046,0.18980539811705663,0.06161529756559894,0.8760470713618339,0.01945960439417392,0.41722634765142336,0.3977667432572494,1.8980539130454044,0.11694186810964671,,,,,,,0.18980539811705663,42,syn_diag,42,1,2.1737494468688965,,,False,5d193590e69dc6698f87a093d9e14545a289b5db649ffd093db264eb5ef8b0cb,69b25c501e500c5e8d7aab59db3cc05a45b1f31a28e1eeb19b40b49839bcddaf
1.0,0.0006842362927272916,0.00017854823470720365,0.26094528843031106,1047.815673828125,1571.9635009765625,2064.3388671875,2420.776123046875,0.00048441661056131124,0.000636151758953929,0.0009543695487082005,0.0005592874949797988,0.009777730330824852,0.8323693871498108,0.15729358792304993,0.8801786261919399,0.9994571520063869,0.0005428908704391569,0.47464258762899036,0.12093075040086723,1.9035523864112673,1.897935625156794,1.9072911083744477,0.1907291173907701,0.06371699271455167,0.8801786273452723,0.024678048410494893,0.42274231802250095,0.3980642696120061,1.9072911083744477,0.12093075040956697,,,,,,,0.1907291173907701,42,syn_diag,43,1,2.1608519554138184,,,False,fb13a55ce2c746630e58e0b19e02d763efec88e1744157ca2fd299963f0a0958,1a1cf517dbd0ba5263a440d2412af65d76a4fe41c8621d6356defcc6311b3bb1
1.0,0.00066607934422791,0.00017713700488968494,0.26593982137689526,1079.2041015625,1625.81640625,2084.406494140625,2396.375,0.00047975964844226837,0.0006150785484351218,0.0009266092092730105,0.0004973456962034106,0.009459159336984158,0.8222334384918213,0.16781005263328552,0.8983946040314019,0.9995247542492838,0.0004752727549100473,0.43918917956157116,0.11709018698439241,1.8965784245742856,1.897935625156794,1.9000803161838857,0.19000803870866265,0.061693444936867944,0.8983946025060509,0.030336812972547388,0.44362077405781675,0.4132839610852694,1.9000803161838857,0.11709018672585397,,,,,,,0.19000803870866265,42,syn_diag,44,1,2.1651084423065186,,,False,3f65f1b10c92450767a70bff264a08db0f71703b760b23aa0dab17fe1c1121a3,e1e4f2931e87c0eeb422a2407c796c0cba33e68cec1eb86ec86a1cc38a9a59c0
1.0,0.0006399449775926769,0.00015954042947121703,0.24930336394828417,1147.3095703125,1687.995849609375,2179.12060546875,2485.65234375,0.0004589015734381974,0.0005924188299104571,0.0008716191514395177,0.0004546953714452684,0.008661024272441864,0.8192329406738281,0.17165136337280273,0.9446689779541583,0.9995371932103242,0.000462819709294491,0.3280251851452916,0.1491231738444768,1.8999354065431318,1.897935625156794,1.9056672274719912,0.19056672911184644,0.07857124966084068,0.9446689794516462,0.029053650578667902,0.3766029791007347,0.3475493285220668,1.9056672274719912,0.14912317445927237,,,,,,,0.19056672911184644,42,syn_diag,45,1,2.153315544128418,,,False,a6d21f6558809a0af1a1e569fb40e4fe6825cb6277ddf4964ae879cd12a171b8,6f3272cb7915a9a58afdfdbea39de9db46739e2787871c11bd6977b40c86837b
1.0,0.0006036323611624539,0.00014352377296714274,0.23776686107396267,1205.3564453125,1739.7601318359375,2271.46630859375,2531.9814453125,0.00044025227543897927,0.0005747921532019973,0.0008296342566609383,0.00040113821160048246,0.007656967267394066,0.7872617244720459,0.20468014478683472,0.9234534981503317,0.9995790458198929,0.00042096948502367594,0.3837103552832287,0.12619334509954006,1.8996920862151623,1.897935625156794,1.9039847536074366,0.19039848166179363,0.06648979208082906,0.9234534973610374,0.026723580271467793,0.374602916514322,0.34787933624285416,1.9039847536074368,0.12619334463234502,,,,,,,0.19039848166179363,42,syn_diag,46,1,2.15513277053833,,,False,d4427f39911e219b44a1d7524fd777ab1d2babe145ddca9c0295ae815eaba22a,d68e977f27a436965aeeb4fff07b31d78d7b094a894913e7208d47d731c40dfc
1.0,0.000593908887822181,0.00014013354896966912,0.2359512673904007,1305.43798828125,1767.330322265625,2321.060302734375,2617.156005859375,0.000430852611316368,0.0005658252630382776,0.0007660265546292067,0.00037388462806120515,0.0075190262869000435,0.7787176966667175,0.21338939666748047,0.927119538310434,0.999586161309079,0.000413852689679307,0.3747657424053389,0.11596649274935632,1.8990899265068204,1.897935625156794,1.9025379691921696,0.19025380371940007,0.06110138363608348,0.9271195359146611,0.028975383870713346,0.4106097793522291,0.38163439548151573,1.9025379691921696,0.11596649288574702,,,,,,,0.19025380371940007,42,syn_diag,47,1,2.160491704940796,,,False,640ba66b8d3fbfe790bb92888838b431766fbe6d659fe93c3ccaf86b357c63e5,d01bfe5afd32ed4ac3ea85aea26091c18ce14e88c8bf8b87fac2f8da84cca9a5
1.0,0.0005970833008177578,0.0001458546890476512,0.24427863488362844,1237.8321533203125,1753.845458984375,2322.694580078125,2647.549072265625,0.0004305364564061165,0.0005701757036149502,0.0008078652899712324,0.0004145470738876611,0.008126020431518555,0.7861459255218506,0.20531350374221802,0.8792307312916905,0.9995440040036174,0.00045602653708931313,0.4763961808707378,0.11196873140217033,1.8951746284170996,1.897935625156794,1.8982579684813818,0.1898258034207014,0.05899501011413981,0.8792307251922817,0.018132809198130723,0.36197899996102245,0.34384619076289175,1.8982579684813818,0.11196873125030189,,,,,,,0.1898258034207014,42,syn_diag,48,1,2.1593945026397705,,,False,2af5e097cf0e8b2426c80c7085f39a94fcc4fc7578730327d0c78389013e9abf,42ca8643d59fdf14ab388d5e6c7fb5bab79d8a0a25545544f6c5600e49c894ad
1.0,0.000594005745369941,0.0001516592247130218,0.25531607728872957,1210.810302734375,1797.5284423828125,2404.911865234375,2733.6328125,0.0004158181545790285,0.0005563194863498211,0.0008258949383161962,0.0004382393090054393,0.008187172003090382,0.7909368872642517,0.20043770968914032,0.8932286316467627,0.9995842006180533,0.0004158212946826894,0.4496027264187714,0.12404700060097042,1.903518018823264,1.897935625156794,1.9077053825774468,0.19077054521117062,0.06535890836163485,0.8932286295583454,0.02600143734743017,0.39720593317869485,0.3712044958312647,1.9077053825774468,0.12404700049215582,,,,,,,0.19077054521117062,42,syn_diag,49,1,2.1320834159851074,,,False,a23d8cd6cf2d67371ab7cde96f0fa9da0891083a4968fc49e9055cc0ef21d02c,922c3123ecbf548b0c6da71a126c450d4fb57e0cdc9bcc8b58f8f415ed0d49e2
1.0,0.0005737870233133435,0.00014021855041415073,0.24437386846020476,1285.860595703125,1834.413330078125,2389.3369140625,2732.555419921875,0.0004185464349575341,0.0005451341858133674,0.0007777087157592177,0.0003865823964588344,0.007734464947134256,0.7849010229110718,0.2069779634475708,0.873310918302632,0.9995288149396816,0.00047121962500682254,0.4871632580247175,0.11421109486902958,1.9015851529085859,1.897935625156794,1.9047663511631066,0.1904766424717255,0.06017648510050708,0.8733109192398254,0.021353409046166175,0.3450158239488074,0.32366241490264125,1.9047663511631068,0.11421109450954586,-37.254478655241314,0.023730878143658395,0.40857053336683113,1198.22119140625,2.1482279300689697,2.1480817794799805,0.1904766424717255,42,syn_diag,50,1,2.1527481079101562,,,False,d24de1ec82763df09c989a35bf09851617d3851e531dfaef505db9701461b4b8,90b1334f4161c927f95b73546fec3120e78929b179ee8d5c884f69f460113133
1.0,0.0013913841685280204,0.00020507960878703822,0.14739250731176032,613.5223388671875,718.35498046875,885.89111328125,1084.5623779296875,0.0011288075475022197,0.0013920695055276155,0.0016299326671287417,0.0014874475309625268,0.02376513183116913,0.9432128667831421,0.031534530222415924,0.9827033760584296,0.9986124178081267,0.001387616428105619,0.18518659423081407,0.12324669782737394,1.8989058359662137,1.897935625156794,1.9031025577468572,0.19031026274001836,0.06493723822541517,0.9827033757171182,0.03915922986915384,0.5663727462526235,0.5272135163834696,1.903102557746857,0.1232466968795038,,,,,,,0.19031026274001836,42,syn_diag,51,1,2.125640869140625,,,True,8a6abec07e77e70ef6d7b2041a3593f01671f71c58d187b0b350f94466ccb08a,de123a9346705a9101dd12285d22d09794b7ea3f34f802205f549a3e381d4be3
1.0,0.0013493145816028118,0.00019887715214092857,0.14739124169891882,634.17236328125,742.9248046875,914.4197998046875,1105.334716796875,0.0010936376638710499,0.0013460321351885796,0.0015768744051456451,0.0014248550869524479,0.023396871984004974,0.9362673759460449,0.03891094774007797,0.9853659940825891,0.9986811993028654,0.0013188267542968333,0.1704519219755509,0.12319809127679086,1.8989874009208234,1.897935625156794,1.9034882393504635,0.1903488307463393,0.0649116280045316,0.9853659940352782,0.03835105790982118,0.5789087237198229,0.5405576658100018,1.9034882393504637,0.12319809127387946,,,,,,,0.1903488307463393,42,syn_diag,52,1,2.127793312072754,,,False,cee6342211dcff48bf00b3182565f5425309e3e1f1c200c690a95c3052060adc,920c57466b483504e19c45cc18bf428b98e79ae79f71498595e31fe03153a0c7
1.0,0.0013288463233038783,0.00019700225055943742,0.1482505900052774,636.6090698242188,756.5011596679688,941.807861328125,1074.91650390625,0.0010617878288030624,0.0013218766544014215,0.0015708638820797205,0.0014271538238972425,0.02231641113758087,0.9365361928939819,0.03972018137574196,0.9861281251077393,0.9986955721378185,0.0013044519983673344,0.16598590563980367,0.12844183109812934,1.8959097968046141,1.897935625156794,1.9001664897485007,0.1900166566492148,0.06767449295728917,0.9861281253103161,0.04023624304547932,0.5898678226307493,0.54963157958527,1.9001664897485007,0.12844183112477014,,,,,,,0.1900166566492148,42,syn_diag,53,1,2.1230592727661133,,,False,05741d9cb3bd1b9f62f8532684297ac55360d74e4143ad7ff2293a76a2bda5d0,e0d3da9ffbb306b92c73d96b162c2ec397bb6131ea4adb2974cb18b9d6efc638
1.0,0.0012957691214978695,0.00019395461332991388,0.1496830106029848,646.57568359375,793.1094970703125,925.62744140625,1112.2314453125,0.0010803635232150555,0.0012608603574335575,0.0015466107288375497,0.0013553251046687365,0.022821975871920586,0.9280660152435303,0.04775668680667877,0.9767505204108085,0.9987768215425359,0.0012232145406177715,0.2143791521496041,0.11049424511920328,1.898187492667147,1.897935625156794,1.9013461655524413,0.1901346232256835,0.058218120601438626,0.9767505202165748,0.03338394365379421,0.5896762228516699,0.5562922791978757,1.9013461655524413,0.1104942451499635,,,,,,,0.1901346232256835,42,syn_diag,54,1,2.1237401962280273,,,False,804ad1e58411458edb4c86a2eecddd11da2cf4d804b729d0b86f8210cbfabe8e,f8a4b0110ceca9122bb3058f8dc558a19979407cbc92ff3f9c74c97d9fa6cfd3
1.0,0.0012722808169201016,0.00020053927560176896,0.15762185654199806,656.7821044921875,789.8604736328125,964.9058837890625,1116.0299072265625,0.0010363708715885878,0.0012660464271903038,0.0015225750394165516,0.0012994010467082262,0.022601870819926262,0.936887264251709,0.03921147435903549,0.9805749365931258,0.9988143021505332,0.0011857260103279546,0.19614482844238493,0.1107638730067975,1.897972387055234,1.897935625156794,1.9012803462164154,0.1901280412773481,0.058360184370104026,0.980574936652222,0.03455334520632165,0.5980832722205546,0.5635299270142329,1.9012803462164154,0.1107638726945653,,,,,,,0.1901280412773481,42,syn_diag,55,1,2.138845443725586,,,False,f423eebea188dbf87d84dda9925cbc92f32ecb190a428dd9e2d6f8ef5558a4f6,eb9aff99c08f3cf0c980ee23a6f9a3712e1bb38d4632c1d498af22cb50654702
1.0,0.0012453156523406506,0.00020569643134952481,0.16517612977725596,674.3135986328125,798.512451171875,1036.123291015625,1184.473388671875,0.0009651362197473645,0.0012523315381258726,0.001482994994148612,0.0013652839697897434,0.022258587181568146,0.9355928897857666,0.04078322649002075,0.9687358769437188,0.998818179406257,0.0011818664547123424,0.24809433834941602,0.11728243008743437,1.8971199088169544,1.897935625156794,1.90079543936616,0.19007955159509754,0.061794735571014704,0.9687358767340437,0.03802209379250666,0.577854861324012,0.5398327675315053,1.9007954393661601,0.117282430092721,,,,,,,0.19007955159509754,42,syn_diag,56,1,2.1127095222473145,,,False,8bd4d632609e950c3a353e7d5940f03a994e0681e450eddfab65410cc66ca842,d744a12c8a6ce3bd08bc20a23a06c37dc6359cf0bbfe14fc23e2bf5da0805636
1.0,0.0012095451820641756,0.0002025268360841844,0.16744048937928088,679.004150390625,841.177734375,1027.235595703125,1211.70263671875,0.0009734869236126542,0.001188809284940362,0.001472745556384325,0.0012423378648236394,0.021021123975515366,0.9283363819122314,0.049400169402360916,0.9701963047943969,0.9988324322020079,0.0011676103709228973,0.24232030489076362,0.12422944171049008,1.897317447903634,1.897935625156794,1.901510130384655,0.19015101997856435,0.06545503444046563,0.9701963050802755,0.03672812069385983,0.5435261251392713,0.5067980044454116,1.9015101303846549,0.12422944171845975,,,,,,,0.19015101997856435,42,syn_diag,57,1,2.1159772872924805,,,False,4bd4fa32965965bab246826629f82c37ba0ba8f1024d16b0475af288d77a1654,78e8b5795fb3b4c6f35e41d8194eec97a13d0469947e205fb481fb9cf0f81654
1.0,0.0011689747916534543,0.00017925637943101466,0.1533449458019478,718.1134033203125,860.4417724609375,1047.33349609375,1222.116943359375,0.0009548065718263388,0.0011621937155723572,0.0013925670646131039,0.0012348832096904516,0.021131401881575584,0.9295098185539246,0.04812390357255936,0.9812652351740717,0.9989139362489247,0.0010860865119348242,0.1926617197011304,0.1287932938536914,1.9023602126282528,1.897935625156794,1.9069500355272138,0.19069501048994855,0.0678596745571829,0.9812652354708239,0.038576942111821964,0.5082393210678312,0.46966237895600926,1.9069500355272135,0.1287932938699508,,,,,,,0.19069501048994855,42,syn_diag,58,1,2.102665901184082,,,False,7d7b2265637e21d9d2d92083f6fa81ab056ce075fd88d17991a828cec829899f,600884cb9b91b016fce6c24624efb54fd9ffe4dedae476127de5c59d916d56e6
1.0,0.0011759628541767597,0.00019150687723209914,0.16285113826714379,706.149169921875,854.19580078125,1078.5638427734375,1296.3424072265625,0.0009271589806303382,0.0011706918012350798,0.0014161334838718176,0.0013778151478618383,0.02140554040670395,0.9306259751319885,0.0465906523168087,0.9794534384940374,0.9988448468300789,0.0011551814896531556,0.20167042872371724,0.13577320972127577,1.8956015980371124,1.897935625156794,1.9004195153541552,0.19004195889475647,0.0715373102867952,0.9794534391219264,0.03855920432249311,0.4944925475064517,0.4559333431839586,1.9004195153541552,0.13577321084892066,,,,,,,0.19004195889475647,42,syn_diag,59,1,2.085425853729248,,,False,6e587b93289e6565518d964bd2e002412a1b1053304490d34061483ac3a928f5,4965ba4ec7a723149000a2aae629250b16dfa1446e037b005c5d3235cb82f59f
1.0,0.0011500323889777064,0.00018146971115836236,0.15779530318705481,720.6321411132812,880.0296630859375,1055.9049072265625,1318.42138671875,0.0009470559889450669,0.0011363273952156305,0.0013876711018383503,0.0013021552003920078,0.0219397135078907,0.9244267344474792,0.05233138054609299,0.9782280674441952,0.9988976122348733,0.0011024151450569734,0.20753276383190727,0.1257583732671445,1.8981022895640232,1.897935625156794,1.9024665123835167,0.19024665793120688,0.06626061052871009,0.9782280683051566,0.03645600277416656,0.5697470123446103,0.5332910095704437,1.9024665123835167,0.12575837345263366,,,,,,,0.19024665793120688,42,syn_diag,60,1,2.091428279876709,,,False,54b2d3fb8bd0c6db2b589ce5a7c3a947e3bee7af07920fa2637f2107a5d6aa6c,bf5c8c9a776313726c25206108de41c4aea0164d3788c757b36ccf55bbec61e5
1.0,0.001117377425543964,0.00017180540414008045,0.15375771607442698,739.4599609375,908.5821533203125,1117.93359375,1290.8349609375,0.0008945214212872088,0.0011006162967532873,0.001352340099401772,0.0012259883806109428,0.02142336219549179,0.9293325543403625,0.04801810905337334,0.9773116914040298,0.9989739695103521,0.0010260552392508035,0.21180617990095676,0.11831108354160387,1.9007669305754933,1.897935625156794,1.9046049332610009,0.19046050025963623,0.06233672100009583,0.977311691384127,0.03273249320006819,0.5639933439899585,0.5312608507898903,1.9046049332610009,0.11831108304846104,,,,,,,0.19046050025963623,42,syn_diag,61,1,2.101600408554077,,,False,bc9de5abf650a61681c6fb80ae7f3dbb448d9b5e34a406fd9241aeb27c556de8,5d9a0c2c35b5740b316d0ca3c207decf945a7b52946f7fe1900c2ebd9113276c
1.0,0.0010891780257225037,0.0001675389800415158,0.15382148793189893,778.5235595703125,931.505126953125,1132.4705810546875,1336.642333984375,0.0008830322185531259,0.0010735334362834692,0.0012844835873693228,0.001242014579474926,0.020341863855719566,0.9331856966018677,0.045230403542518616,0.9781868531414599,0.9989196267294926,0.0010803996186588862,0.20772693696415565,0.12371484885260135,1.8992560847152204,1.897935625156794,1.9034919501268348,0.19034920168562836,0.0651839015047287,0.9781868526800923,0.03608405100562978,0.5290972559645193,0.4930132049588895,1.9034919501268348,0.1237148488422539,,,,,,,0.19034920168562836,42,syn_diag,62,1,2.0691609382629395,,,False,352834b8af35bc880ebc10f41ce18df75d70d769b4863d34ef67298a48fd4b5a,b0e6524051deafb7eaa1fbc05244e250ed73ef764640f5ddea4c0b61fa3a68ad
1.0,0.0010676104575395584,0.00019370815574079898,0.18144085629044665,774.2218017578125,949.1338500976562,1196.579345703125,1380.3856201171875,0.0008357173064723611,0.0010535931214690208,0.0012916240375488997,0.0012718881480395794,0.021457601338624954,0.922455370426178,0.0548151358962059,0.9798763513182696,0.9989894244856597,0.0010105967256251052,0.1996054511444734,0.13137809262186656,1.9011891078458694,1.897935625156794,1.9060807062931036,0.19060807801040644,0.0692215746837798,0.9798763515480653,0.03645033987319525,0.5142953043067579,0.4778449644335626,1.9060807062931036,0.131378092705608,,,,,,,0.19060807801040644,42,syn_diag,63,1,2.0593948364257812,,,False,ef4e96b578e13a5147f46828410f5bcb6d8bcfa351f78b4b3da9574511a51e8b,f53fcb328588abe57d128b91e0ff498e09455d946cb7e36d71bff84a1fc86cb2
1.0,0.0010443676728755236,0.00017479115946005073,0.1673655230119726,785.2407836914062,950.9661865234375,1204.431396484375,1444.001220703125,0.0008302679052576423,0.001051564235240221,0.0012735044583678246,0.0013343555619940162,0.02125319093465805,0.9253371953964233,0.052075259387493134,0.9809727092143089,0.9989288379364213,0.0010711845595895847,0.19414567668684657,0.13827350706174152,1.896822416867488,1.897935625156794,1.9025388638084562,0.19025389371264978,0.07285468760314011,0.9809727091331497,0.04003787155677864,0.5231031143583352,0.4830652428015566,1.9025388638084564,0.13827350695416188,,,,,,,0.19025389371264978,42,syn_diag,64,1,2.0504775047302246,,,False,a74ae79006e124977c4049f2efa06fc972cbcd0b2fd367adbfce840260375fce,11f3725d23a7cae7d25a5d2b0520ef80aafcb952191eea87d01df3d63b32fc33
1.0,0.000978953205049038,0.00018005697826183983,0.18392808339160194,827.1983642578125,1033.59033203125,1301.152099609375,1617.9749755859375,0.0007685516029596329,0.000967510393820703,0.0012089101364836097,0.0010882976930588484,0.019559260457754135,0.9210273027420044,0.058325156569480896,0.9785198968543953,0.9990695574483269,0.0009304617829735039,0.20615239862633478,0.12637581408229687,1.9028578214579916,1.897935625156794,1.9070664221850906,0.19070664914512697,0.06658593284574128,0.9785198961525926,0.03538619269434419,0.5461161438588302,0.510729951164486,1.9070664221850908,0.12637581427371233,,,,,,,0.19070664914512697,42,syn_diag,65,1,2.0555436611175537,,,False,c57cf8d48b08692ef6db8920cea26d1df674a92e030eba0111d1172195b26e21,f6927b64f44f68cec270bda8b4f0640bc7e1676ace9f8701cfdd460acc20fc39
1.0,0.0009271233575418591,0.00017961355117068113,0.1937320933632716,845.8442993164062,1114.8526611328125,1416.497802734375,1733.6414794921875,0.0007059664931148291,0.0008969817426986992,0.0011822516098618507,0.0009308635490015149,0.018650533631443977,0.9248992204666138,0.055519383400678635,0.9732375799961094,0.9991651822962068,0.0008348371485763325,0.22980124647703154,0.11490805934492768,1.894708194717652,1.897935625156794,1.8980064174736042,0.18980064844210234,0.0605437075008138,0.973237580188575,0.032380950670546665,0.527731086308491,0.4953501356379443,1.8980064174736042,0.11490805926074124,,,,,,,0.18980064844210234,42,syn_diag,66,1,2.0824365615844727,,,False,9333cb1ce0415a34345b7464ec1e58a1bda0441ff72178e0ea5e81e427dd9768,b4ab244db735cd765289bd7d67fb335742cba4a06f2813b8f8e470072c5b7c36
1.0,0.0009451010264456272,0.00018479077847479954,0.19552489578481771,853.0831909179688,1072.0595703125,1405.3665771484375,1806.2833251953125,0.0007115593180060387,0.000932786613702774,0.0011722289491444826,0.0011562828440219164,0.019683875143527985,0.9126027822494507,0.06655710935592651,0.9766217921072994,0.9990550135319621,0.0009450081218080467,0.21496482312337167,0.13910770888091495,1.9000712947605274,1.897935625156794,1.9052763021170138,0.19052763716239557,0.07329421874851501,0.9766217911332649,0.03601837403287173,0.4832426523989659,0.4472242783660942,1.9052763021170138,0.13910770881310858,,,,,,,0.19052763716239557,42,syn_diag,67,1,2.0256872177124023,,,False,0e633b5dd0cd9087357a0acdc40b2b29581de5b2139b90fc8b85517088959f74,116bd9b7b51ea469ee1d02b180cfa1241467e31acaa2c4762dc314fe66279d39
1.0,0.000865256239194423,0.0001690355771485296,0.1953589705068979,936.0794067382812,1167.14013671875,1517.727294921875,1861.6043701171875,0.0006588875548914075,0.0008567952318117023,0.0010682871798053384,0.0009259263169951737,0.018538136035203934,0.9237902760505676,0.056745678186416626,0.967462701106375,0.9991584650395968,0.0008415591999448139,0.2530136794067817,0.12815253797154694,1.8966718946488346,1.897935625156794,1.900898573660107,0.19008986432567176,0.0675220678050618,0.9674627014194577,0.03377050587957685,0.5115889841302192,0.4778184782506424,1.900898573660107,0.12815253788485792,,,,,,,0.19008986432567176,42,syn_diag,68,1,2.0483694076538086,,,False,9aa544923e4045883f4e0f111563cdf16289beb6e245627cab3fca9db1b2170a,ce7c9622f808e1cdf199372b7e91e0fe81063ed64e137e1fd5a0addef7de3c2d
1.0,0.0008435486815869808,0.0001616874468181286,0.19167529883383158,947.125244140625,1211.055908203125,1525.0537109375,1946.743896484375,0.0006557145388796926,0.0008257257286459208,0.0010558280628174543,0.0009454330429434776,0.018529769033193588,0.9171875715255737,0.0633372813463211,0.9582704641036965,0.9992048117977842,0.0007952163617865525,0.2858631099410232,0.1225967170850742,1.9018543224046813,1.897935625156794,1.9054093838999007,0.1905409446810159,0.06459477100277389,0.9582704641578205,0.031885950378247055,0.5003910164210098,0.46850506604276276,1.9054093838999007,0.12259671702523516,,,,,,,0.1905409446810159,42,syn_diag,69,1,2.0345349311828613,,,False,c840b50f8231bb7d8353f2c750369fa154e8e3aa688323ace3f26e50ef452d08,5c5a060443fd796ae3a3da7b7bd97343b59d9799a530027fb8036053172ba6e7
1.0,0.0008065267466008663,0.0001719924570672964,0.2132507754561237,971.1799926757812,1280.919921875,1616.5455322265625,1919.0394287109375,0.0006186037790030241,0.0007806890644133091,0.001029676990583539,0.0008730104891583323,0.017318762838840485,0.918651819229126,0.06315644085407257,0.9550118239700008,0.9993045689727428,0.0006954543639644566,0.29656772595152686,0.12282884597275312,1.8933378589873076,1.897935625156794,1.8976042832484763,0.1897604358477677,0.064717076988605,0.9550118235977993,0.0333752856460575,0.4812692696971012,0.4478939840510437,1.8976042832484763,0.12282884611372191,,,,,,,0.1897604358477677,42,syn_diag,70,1,2.022639513015747,,,False,41551300a60af5a5a81fba398a13cb3af9dd3c7b94274a665ec6e156801f905c,6537a4e591e3d15825a92aac97a226c86fde5a592ddd384a08a5c76dd38371bc
1.0,0.0007913201698102057,0.00015295086466938907,0.1932856933508944,1006.5535888671875,1283.7734375,1629.9405517578125,1938.2200927734375,0.0006135193980298936,0.0007789546507410705,0.0009934913832694292,0.0008666376234032214,0.017519963905215263,0.9135885238647461,0.06802491843700409,0.9646087861470679,0.9992534657388908,0.000746555100597973,0.2636852094576697,0.12148431112897463,1.895804072285668,1.897935625156794,1.8998004170055591,0.1899800486405515,0.06400865736364185,0.9646087866815675,0.03501215885815078,0.5104112480265786,0.47539908916842777,1.899800417005559,0.12148431101733906,,,,,,,0.1899800486405515,42,syn_diag,71,1,2.028320550918579,,,False,5473978d48cc7ec181e98e08147cef88a0fd893ad85208a1dc4eed8bcab8dfe2,fcc49328d1ff69cf5969708adc71eeb8b602af4816290a579c8c632b9548d7cb
1.0,0.0007815882563591003,0.00016359601215277397,0.20931228475335623,1000.66162109375,1310.502197265625,1713.59326171875,2056.28759765625,0.0005835691699758172,0.0007630684413015842,0.0009993409039452672,0.0009264463442377746,0.01777222938835621,0.9068855047225952,0.07441578805446625,0.956309988472515,0.9991917331782476,0.0008082973770050205,0.2923545894055121,0.13869827222403563,1.9000056840689394,1.897935625156794,1.9052345649500728,0.19052346332166392,0.07307849138060427,0.9563099881491066,0.03696734325679316,0.47204755336844956,0.4350802101116564,1.9052345649500728,0.1386982720376308,,,,,,,0.19052346332166392,42,syn_diag,72,1,1.9947525262832642,,,False,04e1f87a8f466f8aeaad45f76cff19bed656ca4acb9311ec63b2e4bf696943d1,8004b9b856358a114b41c7b05cdd33f2437f44702df58940bd4b0ebe3e85b0a7
1.0,0.0007396081928163767,0.00014996864721021204,0.20276768390319375,1050.60888671875,1407.427978515625,1749.7056884765625,2050.1416015625,0.0005715247243642807,0.0007105199620127678,0.0009518300648778677,0.0007902025245130062,0.01657496765255928,0.9031544923782349,0.07948035001754761,0.9618595568933912,0.9993049516505083,0.0006950678999357915,0.27354376763451416,0.12849945092362333,1.893883056120659,1.897935625156794,1.898392938425323,0.18983930172284458,0.06770485216691156,0.9618595554450264,0.03494496138544284,0.5017915242174851,0.46684656283204223,1.8983929384253233,0.1284994499523471,,,,,,,0.18983930172284458,42,syn_diag,73,1,2.003478527069092,,,False,28945e6f394fe7e998866998f86a8250bb12bac8cc0b389eb3bdddc081ff0404,2dd1128a89d4d972c3f4200df213931d2a37483a7fd57cfea9cfee7ba22ec446
1.0,0.0007135258056223392,0.0001359245004861887,0.19049696385418616,1118.2220458984375,1434.402587890625,1822.624755859375,2141.76513671875,0.0005486593581736088,0.000697155250236392,0.0008942843996919692,0.0007316716946661472,0.016832606866955757,0.9039670825004578,0.0784686803817749,0.946941054421199,0.9993773871100495,0.0006226352345874222,0.32140727970908045,0.1232616581170499,1.899483720934946,1.897935625156794,1.9033843899491705,0.1903384464218165,0.06494512062641847,0.9469410546586076,0.031606150374620195,0.4908999350750633,0.45929378470044313,1.9033843899491705,0.12326165854513783,,,,,,,0.1903384464218165,42,syn_diag,74,1,2.0002028942108154,,,False,ed1f293f6acc12106f826c984aeaebe41b7d9bcc5fcdd3d2d756668b5d404690,907f5f28c6a03c8e7462fab527caa603b2acd653e8c4744f115c251afca3e211
1.0,0.0007090562721714377,0.00012981310233068077,0.18307869296767512,1138.9478759765625,1450.317138671875,1780.73681640625,2076.85595703125,0.0005615721456706524,0.0006895075202919543,0.0008780040079727769,0.0006931923562660813,0.015832532197237015,0.8975017070770264,0.08597254008054733,0.966906384253235,0.9992978153892701,0.0007022017881460577,0.255131425130807,0.12299092955033385,1.9023578988430803,1.897935625156794,1.906463951409819,0.190646401581482,0.06480247692284526,0.9669063839900328,0.031329957742338585,0.4774913901851439,0.4461614324428053,1.9064639514098187,0.12299092963416981,,,,,,,0.190646401581482,42,syn_diag,75,1,2.0207600593566895,,,False,1712b3467e4a16e72d21bd4bd29c9e43819b70a2194a3c845a1b99c232c9eadf,c29a00f23b9c6387d1cfd5ef5fde0a7cae6d92ce3d52261beb4ad28206ad9638
1.0,0.0006863775197416544,0.0001244980770126246,0.1813842620767222,1168.84130859375,1483.211181640625,1834.1090087890625,2107.105712890625,0.0005452243494801223,0.0006742128171026707,0.0008555481326766312,0.0007175052887760103,0.01646215282380581,0.8895883560180664,0.09323199093341827,0.969955602034634,0.9993291890674731,0.0006708250968596037,0.24328199703384593,0.13855544464272015,1.8987961532249025,1.897935625156794,1.9042345854382106,0.19042346545636044,0.07300323720473958,0.9699556026279779,0.03662678304926793,0.4567561552934151,0.4201293722441472,1.9042345854382108,0.138555444713957,,,,,,,0.19042346545636044,42,syn_diag,76,1,1.984870195388794,,,False,a1265d44407bb5d2e2f21392d401c2b2e8cab766315191573973df31181fb962,2c4b118e8f686047898dc753b5d59be5c1fcb7424bb70c0e01b1d6d5de85d264
1.0,0.0006738759111613035,0.0001265303431251922,0.1877650516172744,1174.6129150390625,1526.2457275390625,1871.1844482421875,2259.986572265625,0.0005344222881831229,0.0006552025442942977,0.0008513482753187418,0.0007291779038496315,0.016535960137844086,0.8886040449142456,0.09413079172372818,0.9598917062215729,0.9993645770569402,0.0006354401782884565,0.2803710261880625,0.12185390695760921,1.9034475517236846,1.897935625156794,1.907061365262539,0.19070614291702598,0.06420339306686353,0.9598917062982781,0.030327739004636704,0.4867392747494385,0.4564115357448018,1.907061365262539,0.12185390673341588,,,,,,,0.19070614291702598,42,syn_diag,77,1,1.9902641773223877,,,False,11764f95309948a02af24cec4c9ba7f6cae3fdc2396b33e501800cc30e52ff5d,e7c9c66399048f1e87db860be9978c8bfeea94aca882c47a2167dc877b0076ad
1.0,0.0006448003114201128,0.00010837870998954159,0.16808104269715746,1262.2406005859375,1592.9822998046875,1895.0321044921875,2220.472412109375,0.0005276957526803017,0.0006277536740526557,0.0007922655786387622,0.0006318321684375405,0.016936058178544044,0.8762153387069702,0.10621677339076996,0.9652998140121252,0.9994197709671593,0.0005802413603525263,0.2611441538058884,0.11730562445765552,1.8994639209406177,1.897935625156794,1.9032421167029925,0.19032421862223847,0.061806956412392935,0.9652998141993872,0.031008632006820826,0.473570172502069,0.4425615404952482,1.9032421167029925,0.11730562592506959,,,,,,,0.19032421862223847,42,syn_diag,78,1,2.011012077331543,,,False,bd90ac473c10bccb9de6d5c6407cb8f2d84f08723417d0a8a3d3baa6489324bc,133ce6b11bd640fd581fc15c8ad49972efaaff68e94eadb3ee2f9214f91d5b52
1.0,0.0006485780468210578,0.00012362551061704505,0.19061007673247315,1185.8983154296875,1610.77490234375,1940.45361328125,2279.266845703125,0.0005153435631655157,0.0006208199774846435,0.0008432825561612844,0.0007365979254245758,0.017048198729753494,0.8893101215362549,0.09290505945682526,0.9620266777226678,0.9993748537846273,0.0006251619564993871,0.2729554383938294,0.1331365608450525,1.8929716995599164,1.897935625156794,1.8976012711322148,0.1897601344347525,0.0701480909469643,0.9620266775761307,0.03171208448977114,0.46890995623254417,0.437197871742773,1.8976012711322148,0.13313656084561876,,,,,,,0.1897601344347525,42,syn_diag,79,1,1.955910563468933,,,False,44b8cba578e69b257d392b4bea832f06cc870afa55c85ca3d5264db8c0a60e76,041831dca522bb36201ef5ed65b8a70410cae66403ac9c22d175083b87066daa
1.0,0.0006397215183824301,0.00011588916946778978,0.18115564000856393,1262.193359375,1596.650390625,1988.016357421875,2239.485107421875,0.0005030139582231641,0.0006263117538765073,0.0007922716904431581,0.000691807537805289,0.017395520582795143,0.8709450960159302,0.11096762120723724,0.9513630463903765,0.9994025929339254,0.0005974257905318445,0.30807199476956887,0.12481200709092757,1.901457964767016,1.897935625156794,1.9061019831937507,0.19061020571146706,0.06576198130036719,0.951363047052147,0.02659623659496129,0.44611470554879706,0.41951846895383577,1.9061019831937507,0.12481200727572868,,,,,,,0.19061020571146706,42,syn_diag,80,1,1.9746348857879639,,,False,1367838ea13bae5a6868b9e6c1b22bddb08b17d34a2357aea524d6c0c2f43743,0a3f66b7812a47a6bd0b55b330725a1f7cefe938acb5e497810c74c6b7a2cbb4
1.0,0.0006252958555705845,0.00012741111638654782,0.20376132775958575,1255.0753173828125,1691.0859375,2062.625244140625,2325.572021484375,0.00048481905832886696,0.0005913361092098057,0.0007967848214320838,0.0006776393856853247,0.017043091356754303,0.8674050569534302,0.11487416923046112,0.9366161421608135,0.999409191314382,0.0005908331230287889,0.35035724944944197,0.1217332872492926,1.8938571882475266,1.897935625156794,1.8973420861489059,0.18973421558031053,0.06413983995857167,0.9366161436981572,0.028500025716805186,0.448596212171478,0.4200961864546728,1.8973420861489059,0.12173328692894436,,,,,,,0.18973421558031053,42,syn_diag,81,1,1.962312936782837,,,False,29186c1d53e087052df19a3666fb19d56c654d7bc66116a2056dec94913f8f89,40cb3e139ea308c16e732b97be4e809408c78d89d22c38b38b33c51997c6a129
1.0,0.0005905881989747286,9.871753555970133e-05,0.16715122263966053,1361.702880859375,1746.788330078125,2090.091064453125,2315.098388671875,0.00047845294466242194,0.0005724799702875316,0.0007343745674006641,0.0006024781032465398,0.016741136088967323,0.8651221394538879,0.11753422021865845,0.9650063577320271,0.9994769326691988,0.0005230774377896284,0.2622264851909969,0.12035304839573653,1.8996381257563615,1.897935625156794,1.902795997346529,0.19027960624809717,0.06341260831000545,0.9650063569990052,0.025019832542334672,0.4808329938986222,0.4558131613562875,1.902795997346529,0.12035304777096757,,,,,,,0.19027960624809717,42,syn_diag,82,1,1.97628653049469,,,False,e2a9d9635a18a55a0b12f0e41dabfaf918be764d6d728b63116e96448323e9e5,bb2db8de3ac92b3503f526c54569a5c3de3d04cc3eb76952c5fc76331f90f16a
1.0,0.0005804697284474969,0.00010145544073593528,0.17478163634396612,1407.199951171875,1785.3565673828125,2133.98095703125,2463.356689453125,0.00046860933071002364,0.0005601127631962299,0.0007106430130079389,0.0005638245493173599,0.015936311334371567,0.8685530424118042,0.11494678258895874,0.9718802596032393,0.9995026720782053,0.0004973351853708712,0.23547560593967096,0.12528792828643742,1.8983959835251427,1.897935625156794,1.9022462737272015,0.1902246351449125,0.0660127385911843,0.9718802594988601,0.029873664551694976,0.46999382741002343,0.44012016285832845,1.9022462737272015,0.12528792804218303,,,,,,,0.1902246351449125,42,syn_diag,83,1,1.9594429731369019,,,False,b7cb92b5cb0c15128bdab60363909aa92db5ea31812e954d92c05b2d88b13e90,2ac016b8b7f68db73e7650362986d7953b5cb18a818b70f0135f8566141b57af
1.0,0.0005757092731073499,0.00010384997444952219,0.180386136959723,1391.0657958984375,1813.76220703125,2174.40771484375,2419.7060546875,0.00045989538193680346,0.0005513441283255816,0.0007188762538135052,0.0005353798624128103,0.017764627933502197,0.8647723197937012,0.11692765355110168,0.9687848952889683,0.9995038101116323,0.000496197953353537,0.24790285730282546,0.11845544367433905,1.8992199813997892,1.897935625156794,1.9028603591883417,0.19028604301891128,0.062412782659312105,0.968784895332255,0.02749134646691813,0.4674259561055993,0.43993460963868114,1.902860359188342,0.11845544393645346,,,,,,,0.19028604301891128,42,syn_diag,84,1,1.9925522804260254,,,False,cd36b1bcffbac5253bed9024f446b48ce2cd262f09f47344526bb793e2f009f0,692af84b6dff988fd27af83bbccd87a22b6fde2f7957e4908ea65385610a37db
1.0,0.0005723783979192376,9.840444364914355e-05,0.17192200832517152,1425.93359375,1791.66796875,2154.24365234375,2418.463134765625,0.0004642008279915899,0.0005581403966061771,0.0007013131398707628,0.0005516543751582503,0.017686914652585983,0.8626989126205444,0.11906256526708603,0.9723217247534307,0.9994732676139503,0.0005267404007751293,0.23364602194688217,0.11989603895230891,1.8973441265477515,1.897935625156794,1.9010885860119806,0.19010886541810817,0.06317181539934515,0.9723217252884936,0.025837876978560576,0.42741763630547175,0.40157975932691115,1.9010885860119808,0.11989603815694558,,,,,,,0.19010886541810817,42,syn_diag,85,1,1.963936686515808,,,False,d5db8c3b3be28aebd86fcd055955e326a11d15483cba71ec4c4e641c9449436d,8e91959ead9c68fb9473a9414f8a590cfc7650017ed5f79b19773b6fb0fd2f03
1.0,0.0005680369213223457,0.00010561581063332316,0.1859312198870652,1413.9033203125,1824.671142578125,2213.8828125,2460.92138671875,0.00045170573866926134,0.0005480444524437189,0.0007072745356708765,0.000581094587687403,0.01722293347120285,0.8567451238632202,0.12545081973075867,0.9559639758328851,0.999486685334036,0.0005133270901259884,0.293484031777443,0.11966503320977462,1.9004846244900502,1.897935625156794,1.9041734159032744,0.1904173488376363,0.06305010118550554,0.9559639757966264,0.02534962287828253,0.4450833575680595,0.419733734689777,1.9041734159032744,0.11966503345797855,,,,,,,0.1904173488376363,42,syn_diag,86,1,1.9361528158187866,,,False,ef5bb4dae7e191ca89ea9771ef413fc763833acd4eb6f8bb21417ef206d6f7de,1fb99ad9c5d56775afbe7cf9f7e03c58c76b32b28e31613247636e0a3bd72139
1.0,0.0005557225085794926,0.00010292242712138098,0.1852047085780886,1430.30126953125,1857.8785400390625,2254.9111328125,2613.87158203125,0.0004434781149029732,0.0005382484523579478,0.0006991535192355514,0.0005557287950068712,0.0175931379199028,0.8591479063034058,0.12270323187112808,0.961783729400752,0.9994940529971208,0.0005059573820357249,0.2738102588631428,0.11714042168839083,1.9023015748007732,1.897935625156794,1.9055919388672253,0.19055920139990865,0.061719913012672274,0.9617837298751827,0.021451177107536783,0.432340062582244,0.4108888854747072,1.9055919388672256,0.11714042223541406,,,,,,,0.19055920139990865,42,syn_diag,87,1,1.9618213176727295,,,False,c746f41498f083418ecd453a06458f9e7d4a3eb69b6e44128ccf0b66802beffe,0f88626cf1c44da021a16691c0ea16ff01591037ddd929c8e23f03798f7ca639
1.0,0.0005498859100043774,9.354975986491953e-05,0.17012576687230024,1473.4224853515625,1884.2591552734375,2239.427734375,2548.033935546875,0.00044655241072177887,0.0005307125393301249,0.0006786941085010767,0.0005603799945674837,0.01786576583981514,0.8601772785186768,0.12139657884836197,0.9628239043408815,0.9994755351369172,0.0005244756948612688,0.2701298377235102,0.11662997003514608,1.8989845497548536,1.897935625156794,1.9025345778406453,0.19025346442990324,0.061450962029046416,0.9628239047061788,0.024604969428219048,0.4107133593219159,0.38610838989369684,1.9025345778406453,0.11662996962829782,,,,,,,0.19025346442990324,42,syn_diag,88,1,1.9365063905715942,,,False,6f0a7312e7a222e6f4d76c67f65b6f68eec3229e374e1f497af6124f1aef4957,5d8eaadb1fc9d8b7d78b95e4ae950543b1dce0e03a6d64108a9d071706940ece
1.0,0.0005373035091906786,9.413643148291531e-05,0.17520158880245515,1511.285400390625,1895.903564453125,2355.264404296875,2608.541015625,0.00042458210373297334,0.0005274541326798499,0.0006616900209337473,0.0005548371700569987,0.018301548436284065,0.8528835773468018,0.12826007604599,0.964816675971755,0.9994910207069657,0.0005089889175054206,0.26292352836084054,0.1257526264982707,1.8981857477431618,1.897935625156794,1.9018841561863418,0.19018842223387533,0.06625758262365493,0.9648166766051969,0.023143031277418073,0.40243132574951074,0.37928829447209267,1.901884156186342,0.12575262597763942,,,,,,,0.19018842223387533,42,syn_diag,89,1,1.9368897676467896,,,False,d2e137094a99f8fa2e1ecf9a29bafb4235e41b796432aee1fc8ce26365c83162,c44d28be55d09e37c018b5d6bf7d3353d85e046bda53a66c7522a95f83cc019f
1.0,0.0005232588155195117,8.640807103814668e-05,0.1651344810523534,1577.2174072265625,1983.966064453125,2390.12060546875,2652.893798828125,0.00041838898323476315,0.0005040409741923213,0.0006340292165987194,0.000564797199331224,0.018054740503430367,0.8522297143936157,0.12915076315402985,0.9759503767925491,0.999499132892071,0.00050087336933727,0.21799280272005334,0.12900151622031253,1.890130588306952,1.897935625156794,1.8951176437157358,0.1895117706784381,0.06796938447772029,0.9759503767209335,0.026899379495675613,0.40073437837336373,0.3738349988776881,1.895117643715736,0.12900151629212656,,,,,,,0.1895117706784381,42,syn_diag,90,1,1.9079585075378418,,,False,761726f013fbe686de1b3f89276aea27879bafb69f430b4d4bca1720c0235620,993975a19aff499f794556facca416c7a7ab6fae9bcc9af4481268d62315aaf6
1.0,0.0005189908551983535,9.227839173452064e-05,0.1778035026553325,1544.6959228515625,1979.303955078125,2436.5849609375,2732.656494140625,0.00041041080839931965,0.0005052282940596342,0.0006473775720223784,0.0004936252953484654,0.017588287591934204,0.8459855914115906,0.13593250513076782,0.9673257232432557,0.9995335398974331,0.00046646757999277075,0.25353687138331926,0.12011863992445837,1.9020023573521516,1.897935625156794,1.9054712515457426,0.19054713209444793,0.06328910123833717,0.9673257238892626,0.02542026182952219,0.42113886933101663,0.39571860750149446,1.9054712515457426,0.12011863992864022,,,,,,,0.19054713209444793,42,syn_diag,91,1,1.9526256322860718,,,False,079f6ea4ca2e70aa86e9c33c61aefc7e0e699f83d8402cb76ce1ca0b6d34978c,a190d2bc2ee63325544ad5207f10a38a0574d9382c378b1cbe9602831fc62c6b
1.0,0.0005209565861150622,9.402617915824938e-05,0.1804875414250543,1578.017578125,1981.017578125,2377.57421875,2697.89794921875,0.00042059863335452974,0.0005047910381108522,0.0006337073864415288,0.0005708207027055323,0.018574776127934456,0.8535151481628418,0.1273392140865326,0.9779278390435896,0.9995080850606429,0.0004919204654076957,0.20894291474683524,0.13822674546222036,1.8969888694387231,1.897935625156794,1.901970783874892,0.19019708615657993,0.07283004946531219,0.9779278389553426,0.027873261028967658,0.38806723995959425,0.3601939789306266,1.901970783874892,0.1382267454143324,,,,,,,0.19019708615657993,42,syn_diag,92,1,1.8846933841705322,,,False,8a7e77cfb60a2594a627c576110ab76613ac80ee9be2934174f51cff3edf9207,f0ec4ad0951f5ed792e83635034d51585f603df57c392aa3eec34e92d120bd16
1.0,0.0005078184185549617,9.178710754889285e-05,0.18074790169205712,1575.235595703125,2025.31787109375,2487.296875,2856.466064453125,0.00040204310789704323,0.0004937497433274984,0.0006348307360894978,0.0005376082262955606,0.017933238297700882,0.8457202315330505,0.13580889999866486,0.9717293225971352,0.9995409224279812,0.0004590837956806252,0.23609769927734378,0.12998115494531814,1.891831911716488,1.897935625156794,1.8959702381959684,0.18959703084830765,0.06848554462141546,0.971729321972392,0.027793339947801036,0.4389828854560419,0.4111895455082409,1.8959702381959682,0.12998115520301495,,,,,,,0.18959703084830765,42,syn_diag,93,1,1.89509916305542,,,False,c70cb2a8403f499b2d56328dffd69632f3aee9617e1c5e0d6b6d1cb580a76b2f,f53fa2307f32bf2522117889ae26cd6228868293430a9056beffd3b163eff570
1.0,0.00048191245878115296,7.805424625281387e-05,0.16196769473517195,1694.9271240234375,2125.2080078125,2587.47509765625,2918.8779296875,0.000386477739084512,0.00047054223250597715,0.0005899964598938823,0.0004600214015226811,0.017695162445306778,0.8451653122901917,0.1366795301437378,0.9712673624567122,0.9995552826308872,0.00044472330910849765,0.23799098853837056,0.12434720587590081,1.8975994166033838,1.897935625156794,1.901417341634501,0.19014174172942058,0.06551708299672314,0.9712673623781491,0.03155607658472795,0.43988143392716,0.408325357342432,1.9014173416345013,0.12434720678654512,,,,,,,0.19014174172942058,42,syn_diag,94,1,1.9353737831115723,,,False,adac7041fe759d85f09867df4f4b40a2fe12b5cdb88379ec9e29111be22f57dc,1f024c4dc114133faec1d160c343e92bbf0509ecd86ef76d51b103e18883df7e
1.0,0.0004952497547492385,8.689766899012704e-05,0.17546231504849474,1664.12060546875,2078.188720703125,2517.207763671875,2840.933349609375,0.00039726716931909323,0.00048118835547938943,0.0006009181379340589,0.0005013372865505517,0.01851533353328705,0.8365437388420105,0.14443959295749664,0.9726565276081196,0.9995400118935596,0.0004599941412043526,0.2322483138808199,0.12972331747472088,1.8966509575160053,1.897935625156794,1.9015709356159372,0.19015710038684674,0.06834969308505166,0.972656527204821,0.026540118216677046,0.3919604496514512,0.36542033143477415,1.9015709356159374,0.1297233182888801,,,,,,,0.19015710038684674,42,syn_diag,95,1,1.8744176626205444,,,False,5d383eedcc7e14982fa11b5b4ae8522d7a952bd15dc5f3f5bbb5d81ae817cec8,3b5cd8b7227d4acb84f9f6888905d7ae483a88330400454e0bda75349a1f41d1
1.0,0.00046819564886391163,8.142521647899868e-05,0.17391280021975725,1688.867919921875,2195.010009765625,2671.07763671875,3006.9326171875,0.00037438474828377366,0.0004555789055302739,0.0005921326228417456,0.00044827157398685813,0.018040856346488,0.8376823663711548,0.14382848143577576,0.9644217005145063,0.9995792140123707,0.00042079264303854496,0.2643686508939148,0.11277450398240405,1.8948760772010018,1.897935625156794,1.8987195786803321,0.18987196598554174,0.05941956222726363,0.9644217004405022,0.027953366202469705,0.42829288931152926,0.40033952310905957,1.8987195786803321,0.11277450393347624,,,,,,,0.18987196598554174,42,syn_diag,96,1,1.9208271503448486,,,False,3774178d0d5d4cb4a3084b1e578d072a88ffc0a61998b7eaefde77bf04184a9d,6149a6279384d9d79452b36fb798f12a0e4d8ce05726336a6d18a01fd1940e00
1.0,0.0004587209550663829,8.169424904372356e-05,0.17809139150094513,1789.0146484375,2225.2333984375,2760.4130859375,2998.681640625,0.00036226463271304965,0.00044939108192920685,0.0005589679349213839,0.00044526945566758513,0.017530083656311035,0.8384456634521484,0.14357897639274597,0.9709164550072591,0.9995777588968499,0.0004222465261191993,0.2394185402077423,0.1231746853125129,1.9027427107795445,1.897935625156794,1.9068726924670283,0.19068727623956358,0.06489929567672885,0.9709164546406674,0.02408742085101769,0.422133093028087,0.3980456721770693,1.9068726924670285,0.12317468557509452,,,,,,,0.19068727623956358,42,syn_diag,97,1,1.9028527736663818,,,False,4eda141bae128136bc48b0aecac1feaf2821521731894bb8730794b050e0ed00,8708c5e677735329237eda6001c80123786e17fe1a1f79cd8b9ee5f286b8f547
1.0,0.00045365162077359855,7.099637897131918e-05,0.15649978094720016,1854.166259765625,2237.15576171875,2709.48681640625,2984.531005859375,0.0003690737357828766,0.00044699618592858315,0.0005393259925767779,0.0004545505507849157,0.017683831974864006,0.8343231678009033,0.14753849804401398,0.9796129743795704,0.9995579215891348,0.00044208252230067314,0.20089405274075015,0.1327821422062096,1.8965473953295626,1.897935625156794,1.9008493972987286,0.19008494700530298,0.0699613519268706,0.9796129742471058,0.02167410047872282,0.354916291500147,0.33324219102142416,1.9008493972987284,0.13278214205261063,,,,,,,0.19008494700530298,42,syn_diag,98,1,1.8806438446044922,,,False,73e690f679534648c44a57a73cbc279af755e534de31aca6a9d15ba6a819a08a,f3207ac6ed19285be6bb2eea6af0d5afcf32c513cb25b90219a20c7b428e27fb
1.0,0.00044148601591587067,7.149666960128818e-05,0.16194549247391166,1860.338623046875,2316.843505859375,2793.245361328125,3156.227783203125,0.00035800677142105997,0.00043162345536984503,0.0005375365726649761,0.000441524141933769,0.018509116023778915,0.836795449256897,0.1442539244890213,0.9734176189166013,0.9995790303604014,0.00042097454730616,0.22903741873727285,0.11644116919670731,1.8934755707434519,1.897935625156794,1.8974413500645984,0.18974414288053776,0.06135148508370847,0.973417619478812,0.031016528978138173,0.4171008880209968,0.38608435904285865,1.8974413500645981,0.11644117002796714,,,,,,,0.18974414288053776,42,syn_diag,99,1,1.866276502609253,,,False,7703ab14e908749a0c1661cfb265d602391a4d5e0384823bc3dd23bc026ca5be,f2c4572cddbf9cc081eb42b826e9fe8f173dee3dc6a4f259bd86cee81f920c98
1.0,0.0004346290079411119,7.400897169653202e-05,0.1702807830521323,1872.39501953125,2356.87060546875,2876.02294921875,3218.029052734375,0.0003477075370028615,0.0004242919967509806,0.0005340960342437029,0.00038377830060198903,0.018075719475746155,0.8312641382217407,0.15027639269828796,0.9722545470036796,0.9995907672632891,0.00040923758617032686,0.23392540655051233,0.12909082815962863,1.8933930175505782,1.897935625156794,1.897865403158323,0.18978654733229938,0.06801644189006466,0.9722545484688537,0.026402614955700933,0.36348928372533856,0.3370866687696376,1.8978654031583233,0.1290908284790529,-50.30076342546608,0.046559616554983925,0.6645812343105834,1991.840576171875,1.8908747434616089,1.8911319971084595,0.18978654733229938,42,syn_diag,100,1,1.8997111320495605,1.8450809997558595,0.5705,False,0e533d70630c447effbbcfc505293ce08271f50d59ccdf8a2d25931b7b0bd339,c4a0d0a478ab8dd193e16cf42da7a1fc8cca3f5176567496de99aa48bc23208d
1.0,0.0014524203725159168,0.0002698388743184615,0.1857856522100516,549.61962890625,716.0518188476562,860.8104248046875,936.9210815429688,0.0011616996489465237,0.001396547770127654,0.0018194427248090506,0.0022389341611415148,0.02514634281396866,0.9524272084236145,0.020187541842460632,0.9583620364802014,0.9986644803980882,0.001335598893242782,0.28555596129658584,0.10841878006161072,1.8980099714580712,1.897935625156794,1.9012984072598924,0.19012984730324764,0.05712458242760304,0.9583620364889412,0.03685308485025023,0.6176186424210856,0.5807655575708354,1.9012984072598924,0.10841878005682261,,,,,,,0.19012984730324764,42,syn_diag,101,1,1.9109618663787842,,,True,5e8d73ba2feb650fb902d6f0dc6a13ee8d32cc6fcacd17dca7bda470f0552e9a,03c66f2ab305f76b84a5086ee24955671d70103354aa78622590c3609e670449
1.0,0.001435284735634923,0.00028292167300187005,0.19711885372567753,550.2451782226562,730.6285400390625,865.9456787109375,1009.93896484375,0.0011548078618943691,0.0013686851598322392,0.0018173751886934042,0.0023592982906848192,0.02564946934580803,0.9512296915054321,0.020761504769325256,0.9525337220068554,0.9986683728258202,0.0013317178718493328,0.30443309353306425,0.1119530438715394,1.9031998350706485,1.897935625156794,1.9065159828511524,0.19065160581976287,0.058986744538414806,0.9525337220695892,0.03991060602859289,0.647810096809418,0.6078994907808252,1.9065159828511526,0.11195304385739241,,,,,,,0.19065160581976287,42,syn_diag,102,1,1.8746578693389893,,,False,ae5302728a3f4f5e7cc39dfed2390b3a3cfa0c990196abab16836da6fc1a5225,ba8042d2d64a5e0b2c831ae3197a2af9f5f856f7bb38c86385b2cba2e5dfb652
1.0,0.0013998078648000956,0.00027909440695163496,0.1993805017061845,567.353271484375,749.9625854492188,899.0986328125,1072.0841064453125,0.0011122252326458693,0.0013333999086171389,0.0017625787295401096,0.002398257376626134,0.025084227323532104,0.9518570899963379,0.02066044695675373,0.9558627103587273,0.9987242641378532,0.0012758128551566713,0.2938136806622489,0.12599630837759418,1.8975732634232123,1.897935625156794,1.9014507225682225,0.19014507900549385,0.06638597574515673,0.955862710382384,0.033448741801848134,0.5735427185406742,0.5400939767388261,1.9014507225682225,0.12599630835859255,,,,,,,0.19014507900549385,42,syn_diag,103,1,1.8657435178756714,,,False,0a5b56844845e6e4d2e02c84b2a2079ff7b42b023556d848b12a3ae7cda31074,c8d5c23048aa0f2f4ec1d004bd95ba22dd92a9701c7b5dc70e8cf15371817976
1.0,0.0014311200939118862,0.00029465217159993273,0.20588920315017756,557.15966796875,727.5003662109375,887.262451171875,1003.583984375,0.001127063063904643,0.0013745699543505907,0.0017948956228792667,0.0026530949398875237,0.02724231779575348,0.9487466812133789,0.021357927471399307,0.9464291085111852,0.9985523140847071,0.001447808098763031,0.3229116637117013,0.1252975440071342,1.8956897334338125,1.897935625156794,1.9002126757392197,0.19002127455439224,0.06601780500153527,0.9464291086223776,0.03612301853982515,0.5490011218762297,0.5128781033364046,1.9002126757392195,0.1252975440078489,,,,,,,0.19002127455439224,42,syn_diag,104,1,1.7934033870697021,,,False,940c5f3c975143011b7dc5e8e27de5c00ee1cc61a404f866433cab947f475f40,1b2b1e094c178381297c9c879f8f626e34fed0e97bbb22b43312db7120f9e1bb
1.0,0.0014047113945707679,0.00029675300540615043,0.21125549053738135,577.8439331054688,746.8616333007812,911.72119140625,1053.09716796875,0.0010968265123665333,0.0013389551313593984,0.0017306027002632618,0.0024436800740659237,0.026034489274024963,0.9502521753311157,0.021269673481583595,0.9529548956345835,0.9986498719551908,0.0013502203929181386,0.3031121358254224,0.12841551728297637,1.9009760318227633,1.897935625156794,1.9052599173781912,0.1905259991704254,0.06766062851699721,0.9529548956552203,0.03972416845974529,0.5936962953022673,0.5539721268425221,1.9052599173781912,0.12841551732252987,,,,,,,0.1905259991704254,42,syn_diag,105,1,1.831701397895813,,,False,ea36ebd7a9d134eb22c7cc9130429b0290a9c3894cb4f67e30b19396889da3b4,81058f3bb6ac7af6f53fe3817db625b26f1664621492859f7dbdeb1577a59291
1.0,0.0013847671216353774,0.00028878118735417595,0.20854133581879966,582.9585571289062,750.764404296875,922.14697265625,1026.71044921875,0.001084428047761321,0.0013319762656465173,0.0017154170200228691,0.002543602604418993,0.026375237852334976,0.9492406249046326,0.021840538829565048,0.9399412027612816,0.9986962860191698,0.0013038262187972877,0.3413363961690983,0.1184220070835563,1.8983688177951588,1.897935625156794,1.902347157355051,0.19023472346224454,0.06239516531215895,0.9399412026122692,0.041240143461211305,0.5885937256411935,0.5473535821799822,1.902347157355051,0.11842200709473089,,,,,,,0.19023472346224454,42,syn_diag,106,1,1.7890468835830688,,,False,29ac8fbad24656a3241b50dd19564ce928c39b0835b7214bee7502a4fcc34b6a,162f067680805a6d6f02e252810477ea8446972599a5ea2b034a2d96ec5d6b8e
1.0,0.001350513892248273,0.00027707416885340417,0.2051620276883528,569.802734375,776.221435546875,926.334228515625,1084.9287109375,0.0010795241687446833,0.0012882922310382128,0.001755049917846918,0.002344853011891246,0.02579681947827339,0.9495701789855957,0.022288130596280098,0.9624733910922885,0.9987636069734559,0.0012364538720785647,0.2713760701280844,0.12834094403674814,1.8994961344314212,1.897935625156794,1.9036619087008002,0.19036619835087562,0.06762133674901534,0.9624733910775083,0.03948189826253292,0.5982310964977698,0.5587491982352369,1.9036619087008,0.128340944017247,,,,,,,0.19036619835087562,42,syn_diag,107,1,1.7842590808868408,,,False,97fd2dea976a997b70af0cc64a27db9f6f1d551623b7124118698f7074fb0ce8,b1893747a97da77cb275801b5d6af155bf5900762e1541b9cd10a5731f052be7
1.0,0.0013513577869161963,0.0003064397797454848,0.22676436851881587,560.63818359375,784.4860229492188,932.0657958984375,1070.64404296875,0.0010728857014328241,0.001274720998480916,0.0017839774955064058,0.0025461199693381786,0.02667185291647911,0.9469876289367676,0.02379443496465683,0.9426861120808289,0.998665649019895,0.0013344626898433034,0.33368082667156784,0.1302577439608607,1.899973402952603,1.897935625156794,1.9043838234081991,0.19043838973082816,0.06863127612667637,0.9426861121165724,0.034174317892926895,0.4900830560714787,0.45590873817855176,1.9043838234081993,0.13025774399204998,,,,,,,0.19043838973082816,42,syn_diag,108,1,1.7573716640472412,,,False,d532dc84dc9962d0c8627679c415a88a2f0d661ca4904905f64f5f86b5d2c4f6,41b8faae442baaf39c3d0ad6dc21dad3ac6ccda0cfb50bdf5e51e13109e31f8c
1.0,0.0013636695221066475,0.00033361568200837815,0.24464553825781396,540.453857421875,783.1895141601562,955.9408569335938,1118.99560546875,0.001046090153977275,0.0012768306769430637,0.0018503500614315271,0.002657489851117134,0.027417175471782684,0.9457456469535828,0.02417971007525921,0.9160513494379436,0.9986688055003147,0.0013313646073054588,0.4010609993384509,0.1254028322802812,1.8999604035539888,1.897935625156794,1.904429447685357,0.1904429521212866,0.0660732801566203,0.9160513491204397,0.03436244364592123,0.544377296954157,0.5100148533082358,1.904429447685357,0.12540283238666522,,,,,,,0.1904429521212866,42,syn_diag,109,1,1.7740325927734375,,,False,63ee9584d87b6cbdea04f7d1a55b273d078ab4ca7f65fe35146cca0251b1a6cc,d5a3100772489785ee41874584a454c60fa8e329a92434cff426e637b3e8146a
1.0,0.0013142636744305491,0.0003201337797684778,0.24358413500166742,564.9461669921875,818.0465087890625,976.002197265625,1162.3958740234375,0.0010245878947898746,0.001222424441948533,0.0017700821626931429,0.002532067708671093,0.02623452991247177,0.9471549987792969,0.024078402668237686,0.9225664519695208,0.9987606202359472,0.0012395142964468223,0.385838232550762,0.12034100502495383,1.9011656265779928,1.897935625156794,1.9047785024405914,0.1904778574335878,0.06340626279932371,0.9225664520281681,0.03641691121247297,0.5525222509532276,0.5161053397407547,1.9047785024405914,0.12034100506977463,,,,,,,0.1904778574335878,42,syn_diag,110,1,1.7434440851211548,,,False,cb61ca735c8fb3324236debdaff6b044a93fcaa2f6b0aca3cfa903043e2ffe78,ccc8bc977b5e85498e1505acbb7f4152df4f701b03f5d5d68852d90f962c8069
1.0,0.0012892342638224363,0.0002776928066708026,0.2153935949607351,609.740478515625,814.6593017578125,995.0888671875,1106.0396728515625,0.0010049357078969479,0.0012275077169761062,0.0016400434542447329,0.002246998716145754,0.024904765188694,0.9487226605415344,0.024125542491674423,0.9444260741336845,0.9989103647574732,0.0010897072520100817,0.3287238818438003,0.10917420160360589,1.8963331095400253,1.897935625156794,1.8992141578244877,0.18992142334162196,0.05752260516977711,0.9444260743000976,0.03645819719501039,0.6429185639231388,0.6064603667281284,1.8992141578244877,0.1091742015925493,,,,,,,0.18992142334162196,42,syn_diag,111,1,1.7811732292175293,,,False,298096084a22b58ef35672cc58f12b6407194215396570ddb3f200b49146de0e,aa4c5b8d48cbd91ab2d1721318a8ab1c5756a5bd7db6db0facad9bb6a4e34d92
1.0,0.0013016961747780442,0.0003504398471643165,0.2692178468657569,577.1451416015625,817.2830810546875,1011.4370727539062,1149.6900634765625,0.0009886922780424356,0.0012235877802595496,0.0017327258829027414,0.0027667242102324963,0.026645570993423462,0.9452161192893982,0.02537159062922001,0.9145394953601559,0.9987104560333327,0.0012897068727473957,0.4044966148484633,0.1295797616852381,1.8970272045434773,1.897935625156794,1.9016271480837452,0.1901627212691233,0.06827405522485246,0.9145394952963891,0.03440033443718195,0.5233577439011298,0.48895740946394783,1.9016271480837454,0.12957976171412378,,,,,,,0.1901627212691233,42,syn_diag,112,1,1.6905090808868408,,,False,1f3c3d83280e4e7b4710dff574f7c0394651509e1fe101348764c3fb65a3b217,45741eaccec6d4303c33d32f5c131030d347ebd76dc43f6f7d9af34593640b18
1.0,0.0012513138353824615,0.00029719801386583815,0.23750878081363327,607.08984375,842.0924682617188,1030.984375,1135.679931640625,0.000969946850091219,0.0011875192867591977,0.0016472090501338243,0.002224838128313422,0.025207221508026123,0.9486429691314697,0.023924972862005234,0.9525753027544701,0.99894730483801,0.0010527517719769823,0.30430296183364186,0.12324106548556368,1.8973545371837848,1.897935625156794,1.90133531326746,0.19013353860101695,0.06493427061063646,0.9525753027674114,0.038672361636523225,0.6066982545922481,0.5680258929557249,1.90133531326746,0.12324106550304839,,,,,,,0.19013353860101695,42,syn_diag,113,1,1.7607028484344482,,,False,7213138dd940c363ee201451a7184732bd3e1e94bf3daef34d1f47ad66f5641b,d79bc909fd505b3c6e220814731caac822c94f23e0413a1e1a3b7f3056b17920
1.0,0.0012677378254011273,0.00033346295129786744,0.26303779116865283,561.9926147460938,848.8892822265625,1061.537109375,1203.7069091796875,0.0009420453570783138,0.0011780105996876955,0.001779383746907115,0.0026085434947162867,0.02577974833548069,0.9458279609680176,0.025783784687519073,0.8860977481680227,0.9988179242561134,0.001182267190730073,0.46349841497902505,0.12309305308179332,1.8971620265162716,1.897935625156794,1.9013168078919376,0.19013168845133654,0.06485628461268773,0.886097748297585,0.032118103403835044,0.5066398251389056,0.47452172173507057,1.9013168078919376,0.12309305297922264,,,,,,,0.19013168845133654,42,syn_diag,114,1,1.7048988342285156,,,False,81c818e76355fd42422288f7e301085ecd76d6b8b5ced8e25c3f1ec676175912,a4b66922b3fefc79b09cbc3a53847df1db8f17b1e7a4db027c8ad91565c3d662
1.0,0.0012898313580080867,0.00033341313949751577,0.2584935934738187,582.5751953125,835.2462768554688,1029.89013671875,1158.428466796875,0.000970977358520031,0.0011972517240792513,0.0017165985191240907,0.0026924568228423595,0.026390690356492996,0.9448754787445068,0.026041358709335327,0.9161221751210203,0.9987292162169723,0.0012709386415058828,0.4008991896337849,0.1282941287091163,1.8969330806006688,1.897935625156794,1.9016922296619867,0.19016922999170754,0.06759667030247664,0.9161221753040452,0.03819653769574474,0.5198190982344356,0.4816225605386909,1.9016922296619867,0.1282941286909796,,,,,,,0.19016922999170754,42,syn_diag,115,1,1.657360315322876,,,False,dfe245cbfb9d9e1a290d866fd702d9f0796c7814ff0101b7ca1fa82f8d202801,b98fb68c486b70533b7c62004b495042396cd523a978436e169b6ce8e83c46c2
1.0,0.0012501310557126999,0.0003576327310614928,0.28607620393682726,602.357421875,873.6842041015625,1065.9737548828125,1215.724609375,0.0009381097042933106,0.00114457868039608,0.0016602259129285812,0.0024716234765946865,0.025672975927591324,0.9460439085960388,0.025811493396759033,0.8997545584424477,0.9989901059956893,0.0010100141139076015,0.4363963044740415,0.11086022706519169,1.8986585259496453,1.897935625156794,1.902281248988886,0.1902281318441586,0.05841095219231937,0.899754558219395,0.04021728845202372,0.6403814466528033,0.6001641582007795,1.9022812489888858,0.11086022711129256,,,,,,,0.1902281318441586,42,syn_diag,116,1,1.7081899642944336,,,False,0829834ee44ecdbe770f1d697a3c5b814b524166dbff5df075ea8e672e764a33,4bd48863d11407863fe59116901da0ad565b82d57dfec6548f7f06afc810abe0
1.0,0.0012119528837502003,0.00033646341297366493,0.27762087711308364,613.4473876953125,876.0487060546875,1097.775146484375,1266.662109375,0.0009109342936426401,0.0011414890177547932,0.0016301412833854556,0.002341895829886198,0.024992380291223526,0.9466754198074341,0.025990284979343414,0.9048085163742273,0.9990173060254719,0.0009828010436539485,0.42581868053612415,0.11534938335861003,1.9026010542471086,1.897935625156794,1.9059870408782376,0.1905987112614028,0.06077623594268109,0.9048085165460518,0.035756285907276,0.6044007669711229,0.5686444810638469,1.9059870408782373,0.11534938337124447,,,,,,,0.1905987112614028,42,syn_diag,117,1,1.697219967842102,,,False,444f333189126e2c4aadf9a78c8ac24a6513f1f758c9bdcb390e4279e7dff726,fbb6de828c863777ee73a5264f9d346cc36798320209db8fed1c53b067a0c7d6
1.0,0.001182063715532422,0.00029186396903011896,0.2469105085799574,630.078125,904.6807861328125,1108.4949951171875,1263.9810791015625,0.0009021250298246741,0.0011053811758756638,0.0015871048672124743,0.0020566750317811966,0.02384139969944954,0.9477214813232422,0.026380442082881927,0.9410850847868418,0.9990312377934832,0.0009688228650205295,0.3381698732733795,0.11384063589781968,1.8992467653736023,1.897935625156794,1.9028207523368093,0.1902820819586483,0.059981294617595354,0.9410850850319142,0.03603724968929306,0.6283680524151888,0.5923308027258958,1.9028207523368095,0.11384063584900586,,,,,,,0.1902820819586483,42,syn_diag,118,1,1.7342782020568848,,,False,80b21bfc2a4a1bc77b3b21346981350e682fd3291cbaff4fac3ed091b6762237,55c71b68b78e30a4f6967f3b5b11499a48ae5c3a6e60559176397ff6b34a2ad2
1.0,0.0012027351185679436,0.00035569015385531703,0.2957344042508858,602.2164306640625,912.553466796875,1117.9822998046875,1324.66259765625,0.0008945068693719804,0.0010958262719213963,0.0016606181161478162,0.0024322662502527237,0.025205343961715698,0.9443845748901367,0.027977757155895233,0.8732977910749979,0.9990334911748365,0.0009666543706293294,0.4871867897421394,0.1109727287841463,1.8961562021633012,1.897935625156794,1.899402945472687,0.1899403011024648,0.05847022802731786,0.8732977916243078,0.03362467830603575,0.5575815708358935,0.5239568925298578,1.8994029454726873,0.1109727287984519,,,,,,,0.1899403011024648,42,syn_diag,119,1,1.6733083724975586,,,False,25bd63f9b5eda357de7ed3899dfb706432bd9f84e9a30faf994605c05377658a,b99a082dba66c9c9f170ebe47128631e7c054d994377dd0f9313b2f53a056af4
1.0,0.0012171054258942604,0.00038223431707721085,0.31405194452091756,581.415771484375,917.1712646484375,1124.392333984375,1267.4149169921875,0.0008893745834939182,0.0010903091169893742,0.001720028230920434,0.0025466755032539368,0.024765536189079285,0.9437695145606995,0.028918307274580002,0.8569034191005219,0.998997362334889,0.0010028198055190317,0.5154769930164401,0.11643211978123735,1.9000848154100234,1.897935625156794,1.9035035830830713,0.19035036586727497,0.06134671705293334,0.8569034196777925,0.02968969840423319,0.5207962049051933,0.4911065065009601,1.9035035830830713,0.11643211970339783,,,,,,,0.19035036586727497,42,syn_diag,120,1,1.66324782371521,,,False,32b7237e6d56912b669ac8a9042c38aa6dcb1cc8458d28c277bc4ba66031a818,ff6685b4b0ac1853e8cb62e61af9a9fc85e0f56a7c3d97468b721952f8345c71
1.0,0.0011681520845741034,0.0003346186305973914,0.28645122716019755,626.11669921875,918.6343994140625,1164.955078125,1290.1527099609375,0.0008584160241298378,0.0010885775554925203,0.0015971470857039094,0.0022742431610822678,0.024318374693393707,0.9448548555374146,0.028552541509270668,0.9228467943793747,0.9990541323089224,0.0009459457015327067,0.38516722874779497,0.12082782188361886,1.900013029689646,1.897935625156794,1.9035191049088414,0.19035191712282912,0.06366276088714719,0.922846794394345,0.03120076951770239,0.5766936942554056,0.5454929247377033,1.9035191049088414,0.12082782182220143,,,,,,,0.19035191712282912,42,syn_diag,121,1,1.656698226928711,,,False,af31f00071e36c7303014c1586d95e06dc0dfc7909cc764d22c112d8b99b07ae,49787c4b3e5cf37fae6e6252439643797aa43fb6227c6854aae017cd77096ed1
1.0,0.0011932107154279947,0.0003701005299469772,0.31017197122642043,602.2485961914062,935.681640625,1131.4495849609375,1231.30078125,0.0008838226203806698,0.0010687450412660837,0.0016605027485638857,0.002390866633504629,0.026560913771390915,0.9422506093978882,0.028797578066587448,0.8857404666930381,0.9990313527888758,0.0009687762139463982,0.46418081138577744,0.11836995703725846,1.89671588341643,1.897935625156794,1.9005014269071299,0.1900501503884189,0.06236774075380833,0.8857404669599758,0.03229372244707808,0.5544532035109362,0.5221594810638581,1.9005014269071299,0.11836995692667478,,,,,,,0.1900501503884189,42,syn_diag,122,1,1.6241557598114014,,,False,436c687d729ae4077a14af95117cad467379437eb982e6034e2bdd5ea77a3113,d6f3819e5da28d68bb9c6064d60291b3c1303c6924b953c1072a667f9f84a45f
1.0,0.0011718529276549816,0.0003976277539258398,0.3393153977444687,585.370849609375,951.34716796875,1203.1630859375,1327.02880859375,0.000831142533570528,0.0010511414147913456,0.001708353403955698,0.0023945150896906853,0.02476123534142971,0.9440838098526001,0.028760477900505066,0.8869063307789591,0.9991388027056025,0.0008612980070825702,0.46194930503294407,0.11279008826547089,1.892630159313254,1.897935625156794,1.8959161635639386,0.18959162421548978,0.0594277734030592,0.8869063309442842,0.03315756036854024,0.6018450574383225,0.5686874970697823,1.8959161635639388,0.11279008824575416,,,,,,,0.18959162421548978,42,syn_diag,123,1,1.6571334600448608,,,False,6f7723528984f0efb0c095ab79508a0267a4aa8fab13ea49e383f435882f5b66,6f999cec11cb76d9e1fe93b063b763a2ced79980ceec89b16f84975f1aa9634b
1.0,0.001157255726866424,0.00037493404221101924,0.32398545897206815,606.08740234375,952.9723510742188,1199.4107666015625,1385.2515869140625,0.0008337429026141763,0.0010493483860045671,0.001649977290071547,0.0022831629030406475,0.025626715272665024,0.9422988891601562,0.02979126200079918,0.8957408324297351,0.9991462927799047,0.00085379708263972,0.44457660882562006,0.12364777865048446,1.9024572976401184,1.897935625156794,1.9064472564223023,0.19064473311350774,0.0651485630026068,0.8957408322786986,0.03608552464648988,0.5617295222716989,0.5256439976252091,1.9064472564223023,0.1236477786785817,,,,,,,0.19064473311350774,42,syn_diag,124,1,1.648956298828125,,,False,f382680ccad026d543b2ca639383cc52fa5fc7c45cf4be65e05df515b912fe9f,54225cf3104a037e306ce8d90ceda278808da105b30b67472a0eb5b06793ab1c
1.0,0.0011456198990345001,0.0004011668256998651,0.35017447659327255,631.214111328125,978.91455078125,1196.117431640625,1386.5501708984375,0.0008360446663573384,0.001021539676003158,0.0015842895954847336,0.002250946592539549,0.02623477764427662,0.9404370784759521,0.03107720986008644,0.8733196580000613,0.999136920045194,0.0008631959762989744,0.4871475905168438,0.11064530524064933,1.8974757754493288,1.897935625156794,1.9010077777713936,0.1901007847911483,0.05829771240605186,0.873319658284018,0.03399815817744109,0.5599941515773593,0.5259959933999182,1.9010077777713936,0.11064530528711693,,,,,,,0.1901007847911483,42,syn_diag,125,1,1.6441370248794556,,,False,aaa3b1476a1459a0d10a09eb2929f36ed51dd644e4a1abb441d7f59d18104b33,e9f27e92fac349e2f5572feb0fb8d37cd073b1cfc61175146e468038a4de4940
1.0,0.0011346325045451522,0.00038440079062026735,0.3387888146665629,655.6571044921875,954.374267578125,1231.643310546875,1419.2674560546875,0.0008119307458400726,0.0010478071635589004,0.001525276224128902,0.0022408890072256327,0.02502294071018696,0.9418987035751343,0.030837470665574074,0.9064062325144617,0.9991534821859973,0.000846595708451749,0.42240708049936876,0.1213920035951803,1.8997072343291068,1.897935625156794,1.9037218422145006,0.19037219065296085,0.06396002160773381,0.9064062324352917,0.03424776211726603,0.5817022474668903,0.5474544853496243,1.9037218422145006,0.12139200363539784,,,,,,,0.19037219065296085,42,syn_diag,126,1,1.6042921543121338,,,False,c15f6b33d0114e2d500f2d6f33af9aae4c55d3afaed7ea2c987bd3079a584bc0,02064e210843440bd39e01d3044949993190bbb578afbdf31942fdf6de13bcdf
1.0,0.001142224296927452,0.00041423061685890296,0.36265261139744825,565.3564453125,1003.8135986328125,1216.313232421875,1386.1805419921875,0.0008221592288464308,0.0009962080512195826,0.0017688856460154057,0.0022953259758651257,0.024855853989720345,0.9408541917800903,0.031994596123695374,0.8608903532349406,0.9991593955625815,0.0008407279833871399,0.5087905263488163,0.1098340039837065,1.891551180471414,1.897935625156794,1.8946657251816557,0.18946657908983977,0.05787024729807415,0.8608903527985627,0.03085609315347664,0.5587772618263425,0.5279211686728659,1.8946657251816559,0.1098340040551075,,,,,,,0.18946657908983977,42,syn_diag,127,1,1.581458330154419,,,False,75aaa13b1de933a492d10ef040a28e378e3177335c32d3b32edd9524d0543806,f5aeaf86ce34a708fa8011d96e30346d331b7f3f82734c573a574321d89b56fb
1.0,0.0011343475198373199,0.0004170829699029812,0.3676853375451189,568.8772583007812,986.92431640625,1264.02978515625,1409.345703125,0.0007911253487691283,0.001013249158859253,0.0017582186264917254,0.0023300405591726303,0.026412036269903183,0.9385943412780762,0.032663583755493164,0.8350236143090463,0.9991323495280564,0.0008678141032248376,0.5502141069993622,0.11752586523926285,1.8943471548609883,1.897935625156794,1.8982662764393308,0.18982663474465572,0.061922998694695856,0.8350236139333422,0.029220296623294322,0.4714015435336056,0.44218124691031124,1.8982662764393308,0.1175258653649778,,,,,,,0.18982663474465572,42,syn_diag,128,1,1.5630871057510376,,,False,bb5b98de076dcdec658f42f7b89a39fda764f587f3ff248a4bea6263181c20d4,907792424ed85ac51f44d45e1fb730161401702a0215b498fb11ce2dcde45065
1.0,0.001113368198275566,0.0004079596262315838,0.36641932755358314,591.99365234375,998.8789672851562,1248.0294189453125,1456.6837158203125,0.0008012636099010706,0.0010011224076151848,0.0016892075072973967,0.002216885332018137,0.025091122835874557,0.9382714033126831,0.03442060202360153,0.8501507609051511,0.9991829697380941,0.0008171584380737483,0.5265393467987802,0.10858359254448412,1.8951746958160216,1.897935625156794,1.8982425456558492,0.18982426166706134,0.05721142019000591,0.8501507612104718,0.028124718209779173,0.5087279142792147,0.4806031960694355,1.8982425456558492,0.10858359249846579,,,,,,,0.18982426166706134,42,syn_diag,129,1,1.5985050201416016,,,False,e2c72a9e1f135c38593b7b7613af280a18cb1c80a88a4788371f8c41d2f08816,e8508741fd5163dbafcc69d8246f46756239465f7477e76694199a3f17f75b29
1.0,0.0011494522914290428,0.00046193417753003245,0.4018733235973641,570.5529174804688,992.08349609375,1271.4619140625,1547.0849609375,0.000786500284448266,0.001007981481961906,0.0017527991440147161,0.002426260383799672,0.02608034573495388,0.9370104074478149,0.03448300063610077,0.8131062956343331,0.9991618432186428,0.0008383370394540454,0.5821152394448901,0.11623522724970388,1.8988924950811021,1.897935625156794,1.902524644003451,0.19025247105387644,0.06124297668949657,0.8131062950776035,0.03028731468876624,0.4512460275035457,0.4209587128147795,1.902524644003451,0.1162352273098063,,,,,,,0.19025247105387644,42,syn_diag,130,1,1.5368201732635498,,,False,e077c2121992fbffcd750ab309c7c6a13ed6a4cf589e409ddfaa5af5b3724bf9,c308562df4c624df346e8354310f227da5eba79a7b50d50463dd823ea64ebecd
1.0,0.0010885309893637896,0.0004544030615385903,0.41744617052987576,645.4654541015625,1036.312255859375,1313.583740234375,1532.205078125,0.0007612776244059205,0.0009649601997807622,0.0015496218111366034,0.0020960906986147165,0.023815389722585678,0.9403419494628906,0.03374657779932022,0.8783925276180264,0.9991911812635709,0.0008089156751413797,0.4779399203045094,0.11051233628596524,1.899183847090999,1.897935625156794,1.9025822275626216,0.19025823015987542,0.05822765262482349,0.8783925277054004,0.02959341352111235,0.558212690042686,0.5286192765215737,1.9025822275626216,0.11051233633199344,,,,,,,0.19025823015987542,42,syn_diag,131,1,1.5703773498535156,,,False,4e67cc10eab380d9c5585712d6c500328a3816f27d746824cb185769978f6352,1236ef38d008f0a3c3f2315407acfa16cbdeb55036a279e2f6e9f59bac5fa9af
1.0,0.001120801898650825,0.0004932850120726218,0.44011794219476946,528.3207397460938,1051.4873046875,1331.86279296875,1577.6595458984375,0.0007508281851187348,0.0009510343079455197,0.0018929967191070318,0.002354692667722702,0.024956684559583664,0.9375566840171814,0.035131968557834625,0.7847050885771064,0.999260829406528,0.0007393412678551969,0.6198692797311781,0.11391527824534436,1.8923387890212453,1.897935625156794,1.895820048112413,0.18958201108707745,0.060020622794239115,0.784705088556625,0.033806777043168465,0.48122327012234095,0.4474164930791725,1.8958200481124132,0.11391527828584246,,,,,,,0.18958201108707745,42,syn_diag,132,1,1.5241341590881348,,,False,0585af087ca62f90cce4ed5a4e653e21391589ef7a8505727c91539a400fdd73,b494c9c2c5fc82d3f9107a0e9ba5854bae7af67b21e21cb0a2d70812cf32e280
1.0,0.001127522555179894,0.0005051019554623322,0.4479750248049636,511.8092346191406,1041.287353515625,1336.4625244140625,1532.934326171875,0.0007482444052584469,0.0009603500948287547,0.00195386353880167,0.0023437226191163063,0.025613028556108475,0.9361940622329712,0.035849157720804214,0.8063104283530343,0.9991739036986419,0.000826280157297104,0.5914925976911127,0.12135990885212332,1.8960669606368865,1.897935625156794,1.900203494206948,0.19002035613858242,0.06394311126439468,0.8063104284246866,0.02718522393579037,0.38722781890286423,0.36004259496707386,1.900203494206948,0.12135990888174106,,,,,,,0.19002035613858242,42,syn_diag,133,1,1.5101733207702637,,,False,67d295c2f6e962772786a057d45591e361554efd1b43024f04c1c5b5d8450145,cd650f58f2218e5fd02fe8610dfd20c35980e850ec690a0f3aca1c8f4a21e96b
1.0,0.0011052084155380726,0.0005152813035568616,0.466230002060976,532.3175048828125,1067.784912109375,1418.55224609375,1668.2347412109375,0.0007049455307424068,0.0009365227306261659,0.001878894167020917,0.002237389562651515,0.02581285685300827,0.9371500611305237,0.03479970246553421,0.7500380015543943,0.9993397323884659,0.0006604373088590501,0.6613947355524061,0.11140556488914287,1.900140284351287,1.897935625156794,1.9038861449574713,0.19038862158581785,0.05869828428974277,0.750038001653346,0.032898445450438345,0.4684869397823531,0.43558849433191477,1.9038861449574713,0.11140556480408215,,,,,,,0.19038862158581785,42,syn_diag,134,1,1.5438423156738281,,,False,65e69fe37a0f5f90f479254c2f7a49eede715a025ad8083bd70840846c965b50,8cecf1a9fca10cc7881219d1a0fea013c2b5cd1e1beb2cf8401773cbbacd4910
1.0,0.0010900157503783703,0.0004658148584765843,0.42734690236571987,562.6783447265625,1043.702392578125,1406.996826171875,1629.215576171875,0.0007107667624950409,0.0009581276099197567,0.0017772146966308355,0.002187511418014765,0.025453224778175354,0.9369772672653198,0.03538202494382858,0.7815646101344786,0.999275525483644,0.0007246419051828342,0.6238243023304836,0.10771043832754772,1.9004720957275212,1.897935625156794,1.9035012652046983,0.19035013357807198,0.05675136548353303,0.7815646099168817,0.030025007985751393,0.48417148810037863,0.4541464801146272,1.9035012652046983,0.10771043834793811,,,,,,,0.19035013357807198,42,syn_diag,135,1,1.485558032989502,,,False,22d14e4097abf33ea42f46c86416d13dc3692e3ec0e463583a07564bcaffe5cd,ff6dc9c21f8eee8793369ce49b69648dd28956805d78cc573b2595708d697292
1.0,0.0010580882662907243,0.0005138308675833115,0.4856219257280826,624.2777709960938,1111.76123046875,1439.35791015625,1598.70068359375,0.0006947543006390333,0.000899501726962626,0.0016019592294469476,0.0019569171126931906,0.025088567286729813,0.9388018846511841,0.034152671694755554,0.8698666387023216,0.9993666987452807,0.0006333657975856746,0.4932869660435872,0.11484497700084395,1.8950051212471661,1.897935625156794,1.898182929240779,0.189818299477825,0.06051047015427394,0.8698666389561396,0.03390958603292511,0.6015565351270599,0.5676469490941347,1.8981829292407788,0.11484497700465728,,,,,,,0.189818299477825,42,syn_diag,136,1,1.5859198570251465,,,False,b101f82bff323ebccdebc08ea648c0a003c1f571b435a54c9fbc9f3c729422e9,bceba8c595aa55c93422940cb3510cbf9d16f7e674036990c63aa55cbb7a2e87
1.0,0.0010642912238836288,0.0005214674951866615,0.4899669115929656,542.54296875,1133.679443359375,1475.33203125,1826.5401611328125,0.0006778785027563572,0.0008820836083032191,0.0018431942444294691,0.0020798109471797943,0.023145802319049835,0.9417520761489868,0.03302229940891266,0.779787249540224,0.9993736067348515,0.0006265198466051124,0.6260446034008913,0.11020067726114756,1.89615079400556,1.897935625156794,1.8992699190816429,0.18992699810430902,0.05806344314338137,0.7797872495532924,0.02732965691841489,0.47806264665623205,0.45073298973781717,1.8992699190816429,0.11020067727249579,,,,,,,0.18992699810430902,42,syn_diag,137,1,1.5105817317962646,,,False,1107bc34aebb99ab6d7e6941001bf199e991e39b2572369c8df69100849ac3c0,0f7bda5c38bac4fe6ebc625d7588d37562986d32b6afa92aba88165ca3b9888b
1.0,0.001029972336255014,0.00045605595219211907,0.4427846354890569,602.0986938476562,1120.845947265625,1452.4486083984375,1678.7357177734375,0.0006884927861392498,0.0008921836270019412,0.0016610128805041313,0.0019188279984518886,0.02433069236576557,0.9390009641647339,0.03474957495927811,0.8545976656596419,0.9993405866286312,0.0006594937194426268,0.519290698784595,0.11010958942096456,1.9005669489992338,1.897935625156794,1.903827280136544,0.190382735306034,0.05801545002971851,0.8545976654393395,0.028981625648451866,0.5305489211861203,0.5015672955376684,1.903827280136544,0.11010958939854287,,,,,,,0.190382735306034,42,syn_diag,138,1,1.529136300086975,,,False,b389e4cc29cfa22830d00a47e40333ada3caaed25a4d82adfc0ca269c5ee8926,8cd01e3a509b799f3595deb885e6fcc983e0a32d7bac3c0a7f2cb3141afe09e9
1.0,0.0010344155598431826,0.0004964336280922872,0.47991699334747967,643.6630859375,1133.6715087890625,1506.0848388671875,1652.895751953125,0.0006639748462475836,0.0008820920484140515,0.0015541503671556711,0.0019256437662988901,0.022828279063105583,0.9412053823471069,0.03404068574309349,0.8588091783503147,0.9993209602108539,0.0006791219014777974,0.5122956130760669,0.12280313492852027,1.9006503273094482,1.897935625156794,1.9045437783163566,0.19045438562434905,0.0647035301412346,0.8588091779445982,0.029102935580841822,0.4707444444042029,0.44164150882336106,1.9045437783163566,0.12280313494258248,,,,,,,0.19045438562434905,42,syn_diag,139,1,1.4879955053329468,,,False,3ada4ab5ee10170d49635397c60d841e72cad362248b6c3370c56d41c81152ba,3c66cdeb4f2f65ccf5752353851ba2d89d3890a8aec31dbb6740a89eefc2db6c
1.0,0.0010228764731436968,0.0005337109388336282,0.5217745942092231,627.4580078125,1191.00537109375,1513.909912109375,1733.289306640625,0.0006605418748222291,0.0008396277553401887,0.0015937632415443659,0.002012865152209997,0.02398117259144783,0.9380503296852112,0.03595564141869545,0.8012479700713007,0.9993659423216112,0.0006341698822689326,0.5983324247024547,0.11362736140131642,1.8932056680463516,1.897935625156794,1.897146921916596,0.18971469846779979,0.05986892278913278,0.801247970082296,0.028290656137993694,0.43969355190459797,0.41140289576660427,1.8971469219165957,0.11362736144267731,,,,,,,0.18971469846779979,42,syn_diag,140,1,1.4452769756317139,,,False,da74c04855ba687839f813b23f94f647abbef1d4bb33e53efd14c5dc0e45f0f0,0afb971dd3db46ae4ef878b96e9ddd732aee936493e334eff40d45f3187f53be
1.0,0.0010169665329158306,0.0005106128407507454,0.5020940129996445,615.1568603515625,1201.653076171875,1538.22119140625,1778.6229248046875,0.0006501068128272891,0.0008321871282532811,0.00162588432431221,0.0018700181972235441,0.022232644259929657,0.9386882185935974,0.03720913827419281,0.8683474487733305,0.999356395694271,0.0006436719262601701,0.49595635715757974,0.12838899955885574,1.9009445198303798,1.897935625156794,1.905222407018109,0.19052224724405692,0.067646656639464,0.8683474489751223,0.03685318539913277,0.5173241616936405,0.4804709762945077,1.9052224070181092,0.12838899955154945,,,,,,,0.19052224724405692,42,syn_diag,141,1,1.4802918434143066,,,False,d201e27e52849dd8e4ad990ffb8567f8bcbc81492ee22a9b5355b556c103e6f7,0be78fa267a5c84930727aad90810fef5afcc86e9c9056649e911b29d063f41c
1.0,0.001049733255058527,0.0006285280873651246,0.5987502266098288,482.54345703125,1247.242919921875,1704.498291015625,2142.26318359375,0.0005866847350262105,0.0008017686195671558,0.0020729806274175644,0.002016423735767603,0.023536143824458122,0.9339942932128906,0.04045316204428673,0.7416927703558409,0.9993168736183273,0.0006833174425827117,0.6707397665228197,0.13248888242288226,1.8999080666467838,1.897935625156794,1.9047495168681163,0.19047495839633904,0.06980683678977107,0.7416927702051,0.02562185094968758,0.34957914053402434,0.3239572895843368,1.9047495168681163,0.13248888249692425,,,,,,,0.19047495839633904,42,syn_diag,142,1,1.4018142223358154,,,False,29b21cd645be3f362ba4e95c1cf1931cabbec75d322563cd4837e5ece7cf0a9b,000285849d725b66f916b4d6d37a5a321353d39134efea9afc0712dee2fdb5c6
1.0,0.0009568576933816075,0.0005582663748755613,0.5834371988959233,638.89990234375,1324.080078125,1755.55419921875,2213.03173828125,0.0005696214502677321,0.0007552415481768548,0.0015652289148420095,0.0017341994680464268,0.023020558059215546,0.9276851415634155,0.047560110688209534,0.7028558701169495,0.9993414036355931,0.0006588187981217069,0.7113322893232344,0.12174399946830625,1.899085809217897,1.897935625156794,1.9027576485800577,0.19027577206373741,0.06414548410101342,0.7028558698955757,0.01409012483590023,0.2695128830736323,0.2554227582377321,1.902757648580058,0.12174399937642334,,,,,,,0.19027577206373741,42,syn_diag,143,1,1.4389985799789429,,,False,d462448e03dad31de23d4d82ad47f6ccfc607455befc306c517ee0c2df5677de,8ba484f301fcf702804d137cb7d6800f8e3c4c372d28bddce8e491fac2a93c0f
1.0,0.0009563073399476707,0.000626242575669526,0.6548549080943675,549.5220947265625,1390.060791015625,1793.16796875,2233.134033203125,0.0005576722323894501,0.0007193947676569223,0.0018197724130004644,0.0017113651847466826,0.020694367587566376,0.9228607416152954,0.05473359301686287,0.7440995227021395,0.9995401025948738,0.00045998272164309955,0.6680687841134515,0.1171017394097151,1.8983625814063994,1.897935625156794,1.9019813583583367,0.19019814272722432,0.06169953177415029,0.744099523353605,0.030184342527087564,0.4379105105048376,0.40772616797775,1.9019813583583365,0.11710173943654256,,,,,,,0.19019814272722432,42,syn_diag,144,1,1.4843382835388184,,,False,a136b86e777a247c222f2af366bb86986cd863194f0f649cc6d212f4974424b1,3c0702c027c1cdd1587efb4cee0deed33b71a1d5ef8b5ab643dd89bdafb0dd78
1.0,0.0009148886892944574,0.0005517950863400712,0.6031281006811314,645.1821899414062,1345.62353515625,1781.488037109375,2194.497314453125,0.0005613300018012524,0.000743150943890214,0.0015512763056904078,0.001570459920912981,0.020358169451355934,0.9218730926513672,0.056198276579380035,0.781008193637381,0.9994526150266213,0.0005474808534313028,0.6245207774481264,0.11366271583601167,1.8976867428810311,1.897935625156794,1.9009223274541374,0.190092239049799,0.05988755062572882,0.7810081928610146,0.026380363427735004,0.45968961782046186,0.43330925439272683,1.9009223274541374,0.11366271577059962,,,,,,,0.190092239049799,42,syn_diag,145,1,1.4348081350326538,,,False,9c16305bf875e51494832b9d37fa1d919ba472439a665ac2e8d5cb63241afe9d,83cce0cb93d763e556ec061352d260adfa7291b87a5d928286f50601215e743e
1.0,0.0009474096004851162,0.0005986930935430136,0.6319263290354747,573.4566650390625,1362.3883056640625,1835.800537109375,2327.470703125,0.000544726150110364,0.0007340062293224037,0.0017440838273614645,0.0016464530490338802,0.019971732050180435,0.911532998085022,0.06684879958629608,0.6320839484302239,0.999578234612783,0.0004218992045411053,0.77489991748961,0.1048511330858613,1.8947268035130558,1.897935625156794,1.8976097931054454,0.18976098653572024,0.055244831118623425,0.6320839473874754,0.017955813817012858,0.35552425981955016,0.3375684460025373,1.8976097931054454,0.10485113304388326,,,,,,,0.18976098653572024,42,syn_diag,146,1,1.4341175556182861,,,False,788a1ede9d7f57f1873085710d4bd9b91ee15bc21cbfdccb44e08248c96b92dd,35855ad90f6dd86e23d84ba3824b591026d156aff8c5125059210a4f7c5f3508
1.0,0.0009380957926623523,0.0006528374116343643,0.6959176418807601,503.8751525878906,1423.8314208984375,1901.4857177734375,2313.59619140625,0.0005259105237200856,0.0007023308426141739,0.0019850172102451324,0.001671438803896308,0.02094629779458046,0.9090505838394165,0.06833165138959885,0.6672554120332069,0.9995483296819363,0.0004517975461150769,0.7448289837957079,0.1082652049305253,1.8986123740371845,1.897935625156794,1.9020432317478226,0.19020432999836984,0.057043665493935886,0.6672554118242772,0.021647388990760526,0.3756976542309571,0.35405026524019656,1.9020432317478229,0.10826520489572079,,,,,,,0.19020432999836984,42,syn_diag,147,1,1.4291108846664429,,,False,d0a3b337af42e9339bc96f4d8ce6fc47f15bfd20fa68a4ecf2aaa5fa7ae58395,b742c55849af881391ed3d96eee207a0ab8913c5e3b407542f4c9a8f8e9a7535
1.0,0.0009549164678901434,0.0006677018193453603,0.699225376882568,514.3818359375,1432.807861328125,1953.315185546875,2372.6884765625,0.0005119509878568351,0.0006979461177252233,0.0019442972261458635,0.001630773302167654,0.020930737257003784,0.9010831117630005,0.07635542750358582,0.5604371811205721,0.999607076020217,0.0003930927687954421,0.828196936727717,0.11015972782260978,1.8971943204149884,1.897935625156794,1.9002766470668937,0.19002767132680629,0.05804186736494349,0.560437181262395,0.012168991162798758,0.25923204730450056,0.2470630561417018,1.900276647066894,0.11015972813966934,,,,,,,0.19002767132680629,42,syn_diag,148,1,1.4184362888336182,,,False,99e8a9d4eabe778996208b3d78939d2b011a82e3a351fd882590a298ba946206,961dd71380ee2eb81e3d290705164bf9b38220812e72dece7ed6084e999399b7
1.0,0.0009670532308518887,0.0008321253464616457,0.8604752138514872,518.4405517578125,1491.6739501953125,1963.833251953125,2499.200439453125,0.0005092085339128971,0.0006703881081193686,0.001928871963173151,0.0015917036216706038,0.020105257630348206,0.9047279953956604,0.07357500493526459,0.6793350752323079,0.9996408682581919,0.0003592070489960447,0.7338282193737599,0.10932270344883299,1.9003878938304033,1.897935625156794,1.903464644706242,0.19034647055717188,0.057600849048683574,0.679335074638055,0.027740411829334833,0.43191825674870504,0.4041778449193702,1.903464644706242,0.10932270363193229,,,,,,,0.19034647055717188,42,syn_diag,149,1,1.4030429124832153,,,False,eb74d201a730bc1d3a9882ce799e59cb8eca97d5c1a5cb2da1766abe55bd112f,56d3e44648f1a5bb7a5a202aaeb49c9c56a2268b34aaf5509b070b3e426f255c
1.0,0.0008512052008882165,0.000629548514861767,0.7395966262028193,743.4842529296875,1532.8900146484375,2055.369140625,2484.3974609375,0.0004865317023359239,0.0006523625925183296,0.0013450937112793326,0.001262848498299718,0.020027847960591316,0.9012123346328735,0.0774969607591629,0.8142565656927222,0.9995066971530926,0.0004933647354308854,0.5805051638195148,0.13032484035283834,1.8951108085675734,1.897935625156794,1.8997269225315743,0.1899726988579981,0.06866662842792845,0.8142565669696751,0.023504708464676723,0.3910610735061997,0.36755636504152295,1.8997269225315743,0.1303248405585639,-138.48961441552416,0.08073888006845789,1.182060128113143,6759.07958984375,1.4792959690093994,1.4792289733886719,0.1899726988579981,42,syn_diag,150,1,1.4946341514587402,,,False,6cc0e643decbde2545b396007a25008cc271b4f768b515e1b788b55c026eba8c,4f5c791d3cbdc07297ede71ba84d77096583d9085913e1b6516bd7ceac644740
1.0,0.0017846981063485146,0.0012718044656159463,0.7126160137653343,352.64788818359375,719.155029296875,975.3491821289062,1229.9071044921875,0.0010252746287733316,0.00139052071608603,0.0028357114642858505,0.0023425952531397343,0.02671164646744728,0.9476730227470398,0.02327273041009903,0.8231212243855267,0.9990255376396958,0.0009746886625910175,0.567865697115508,0.1153826180334725,1.8997203722813363,1.897935625156794,1.9031954283465817,0.1903195504687939,0.060793746902706246,0.8231212244446782,0.03381245410915172,0.5362477540459751,0.5024352999368235,1.9031954283465817,0.11538261818094686,,,,,,,0.1903195504687939,42,syn_diag,151,1,1.425252914428711,,,True,3c9aee84d7773568e26b3eff5924e8dc96456bc2b65fce83821157cedd9dfe99,dd7731590b2b71b86268815e2194e74cb0ea8b027d912a9350a366ca3e2ac82b
1.0,0.0018546062055975199,0.001415339452565406,0.7631482488873019,281.0445861816406,717.4674072265625,977.054443359375,1162.236328125,0.0010235006920993328,0.0013937943149358034,0.003560170065611601,0.0024374667555093765,0.0265843253582716,0.9459292888641357,0.025048943236470222,0.7218008841912059,0.9991555330467143,0.000844795308413266,0.6921007755896074,0.10577005162701023,1.8988433839659535,1.897935625156794,1.90177448140344,0.19017745495562885,0.05572899851027166,0.7218008842805514,0.025761702766999187,0.4658597717016661,0.4400980689346669,1.90177448140344,0.10577005160213786,,,,,,,0.19017745495562885,42,syn_diag,152,1,1.4452927112579346,,,False,71fd7486ab9e425a47561da1bc71d5cf09b3ff18705961a9958e15cb523792ae,21a8d571500e833a35fefe4134d09848d2739ef85109b7f8a8d476dc8cd5eef4
1.0,0.0018815252697095275,0.0013845741820454733,0.735878603808538,284.3140563964844,719.9525146484375,1029.599365234375,1315.7772216796875,0.0009712516330182552,0.0013889833353459835,0.0035175916273146868,0.0025221779942512512,0.026358522474765778,0.9403805732727051,0.03073868714272976,0.6239938385224736,0.999130314292331,0.000870280115944005,0.7814292606982549,0.11556149580269606,1.8952986979565039,1.897935625156794,1.8987823397280283,0.18987824137977122,0.060887995499367,0.6239938374936496,0.01745237274487509,0.2629134865763556,0.2454611138314805,1.8987823397280283,0.11556149592795681,,,,,,,0.18987824137977122,42,syn_diag,153,1,1.366484522819519,,,False,b034d302840a2c6fa4960f89b4357f15967bdfd91c71594a0e0b037ce3183e93,552b87d185f182d9c78c1b3f5b5042b1f17779ad82b92017b5445b1b0cecf23f
1.0,0.001891181687824428,0.0015456163964145961,0.817275452351575,252.862060546875,718.79736328125,997.5960693359375,1170.1878662109375,0.001002409728243947,0.0013913086149841547,0.003959191031754017,0.0024237835314124823,0.02604273334145546,0.9409118890762329,0.03062160313129425,0.7274265557130808,0.9991660983093297,0.0008342115678636112,0.6861855478184401,0.11064436263552992,1.8975413703370427,1.897935625156794,1.9006203813357865,0.19006204543742097,0.058297215758480195,0.7274265545347245,0.02976132131823604,0.4857069183256475,0.45594559700741144,1.9006203813357865,0.11064436233195159,,,,,,,0.19006204543742097,42,syn_diag,154,1,1.383554458618164,,,False,7fc1d3e3aa81327e7d58bbf3b7d3f64a02551cb56acc451ba59c02ab9e90efb9,92551d3ae28898facf230f246ab89df62947e19c2bef20bc10d978cdc977e88a
1.0,0.0017745328368619084,0.0013604096619680263,0.7666297621500311,339.3702087402344,755.54345703125,969.186767578125,1179.1690673828125,0.001031846972182393,0.0013235565274953842,0.0029533938504755497,0.002265379298478365,0.025304686278104782,0.9433308839797974,0.029099062085151672,0.7703826674077295,0.9990576680526266,0.0009426365452378649,0.6375817953413236,0.11473785498709899,1.8955323680305798,1.897935625156794,1.8990463740714048,0.18990464449986444,0.06045402882279513,0.770382666863303,0.026440554469262162,0.42600722044901995,0.39956666597975776,1.899046374071405,0.11473785507596014,,,,,,,0.18990464449986444,42,syn_diag,155,1,1.3824111223220825,,,False,df337fe3342949826edf2e2554283c35d6012c410dff67dae89c67b7b4c4b82e,be2aa53900afc765cf526c476ebb0ee7f028863f3fcf9d53983b333ebddc563c
1.0,0.0016759083373472095,0.0013385315358944137,0.7986901729721013,377.46343994140625,782.1130981445312,1136.300048828125,1329.3150634765625,0.0008800681680440903,0.001278587500564754,0.002649291418492794,0.002009320305660367,0.023387033492326736,0.9373661875724792,0.03723745793104172,0.7901223794676119,0.9993007446974347,0.0006994025977031061,0.6129491214264272,0.10719168148664862,1.9007647632362183,1.897935625156794,1.9033748342533712,0.19033748994627595,0.056478038594031194,0.7901223787183376,0.023014371337397022,0.4947334127880777,0.47171904145068067,1.9033748342533712,0.10719168148763387,,,,,,,0.19033748994627595,42,syn_diag,156,1,1.448742151260376,,,False,bf10c327017ebcdee62d644e4e22bb0e4349ae7954b644c42253faa43cf7b6d5,627bd54117c205cf17cc135996b5ac3736635bb98a43bf4f918e0c3898e21fc8
1.0,0.0018295480404049158,0.0014611125676130977,0.7986193387513646,304.86737060546875,753.6885375976562,1039.76220703125,1287.6771240234375,0.0009617939940653741,0.0013268087059259415,0.0032801367342472076,0.002299913205206394,0.024829985573887825,0.9387179017066956,0.03415219485759735,0.6643171706184406,0.9992468137754923,0.000753545916694879,0.7474507989233953,0.10860982856474564,1.8983406051145046,1.897935625156794,1.9016524295444235,0.1901652497514385,0.05722524364108284,0.6643171700901869,0.02245089673809738,0.3980188884207234,0.37556799168262606,1.9016524295444235,0.10860982866577053,,,,,,,0.1901652497514385,42,syn_diag,157,1,1.353992223739624,,,False,444613248ba4299d71ecabd33a8e6089c5531687ad13732734290f4c50e64788,bdf7074e1e3f9799dfd3c75540e700941677181d7c5f8e9a8285f792b70d985b
1.0,0.0017678271979093552,0.0015108236311186052,0.8546217886622651,331.4102783203125,801.6038208007812,1046.330322265625,1378.42041015625,0.0009557227604091167,0.0012475026305764914,0.003017409471794963,0.002181357704102993,0.024054531008005142,0.9402426481246948,0.03352147713303566,0.7288139361914449,0.9991808248308612,0.0008194717726214035,0.6847117980617802,0.11523846882788828,1.8985954053230483,1.897935625156794,1.9020416361655181,0.19020417046314467,0.06071779637852963,0.7288139367200156,0.02374010168941891,0.36662493835353793,0.342884836664119,1.9020416361655181,0.11523846885497185,,,,,,,0.19020417046314467,42,syn_diag,158,1,1.3310163021087646,,,False,71a3af4eb95f86f133890a9548745d11a6d92e33157e3a2d995f782d2fd6e226,8378a6a9b552e89c226df1d58a927349253c0b4e276e5574a7c9e1fcfddf2fc9
1.0,0.0017781932838261127,0.0015477729039598679,0.8704188309539531,271.9027099609375,785.275634765625,1126.7076416015625,1474.5322265625,0.0008875418570823967,0.0012734404299408197,0.003695650491863489,0.0021828031167387962,0.024187713861465454,0.9399979114532471,0.03363156318664551,0.7009387804073822,0.9992199710113483,0.0007803444675175659,0.7132214425491976,0.11237487253478111,1.8946290858121133,1.897935625156794,1.897967686785123,0.18979677525887007,0.05920900110900141,0.700938780752768,0.019703634400942756,0.38643599334779644,0.3667323589468537,1.8979676867851232,0.11237487257099509,,,,,,,0.18979677525887007,42,syn_diag,159,1,1.3420919179916382,,,False,2c8826b90f6e8ccda522fc818514759afae9cd34c81308ef3c1b03bc75609a31,6d44bbe5813053798873216a006f8ec59aaaf58a68d2b0a6e36f63ae3a2eb3c7
1.0,0.001820156117901206,0.001700624607606977,0.9343290199952835,269.3260498046875,818.7364501953125,1148.47900390625,1420.2801513671875,0.0008707169909030199,0.0012213950976729393,0.003714371472597122,0.002117973519489169,0.024068450555205345,0.9356247186660767,0.03818888962268829,0.67952426164807,0.9992839740968468,0.0007163251799681334,0.7336530364024956,0.11903068903844917,1.8986175221797528,1.897935625156794,1.9023536590723658,0.19023537293410603,0.06271587268854441,0.6795242618435025,0.020208212887347327,0.34828123209395423,0.3280730192066069,1.9023536590723658,0.11903068898298004,,,,,,,0.19023537293410603,42,syn_diag,160,1,1.3772928714752197,,,False,05dc4aee11d9a263c28a996120805b92b894c7c08a66fb58d614f60ae40a1e98,0098b0b4b16ecf33211af3d8028de65e5d073e5f199d4fabf2acf760e2c41a26
1.0,0.001838906086049974,0.0018335934118539315,0.997110988526589,281.0579528808594,807.9735107421875,1137.8350830078125,1407.18994140625,0.000878862279932946,0.0012376876547932625,0.0035640986170619726,0.0020791846327483654,0.02313840389251709,0.935272216796875,0.039510227739810944,0.6957944900456404,0.9993140290436572,0.000686222015275365,0.7182409258824802,0.10741959381140466,1.8992849871051372,1.897935625156794,1.902268111253168,0.19022681829021892,0.056598122922358766,0.6957944897453079,0.022275272047710598,0.4429439567724569,0.4206686847247463,1.9022681112531683,0.10741959381442037,,,,,,,0.19022681829021892,42,syn_diag,161,1,1.3467350006103516,,,False,ee1a87151a630cc188cf1e305e21b47cd10a962e6a59d8c924fe4c7d2cf204d2,93b2951bd7233e745b55bbf5a347143aa341f01d360a1521715ad4c0787f908f
1.0,0.0019720555283129215,0.0018964088465027065,0.9616406300248916,219.01138305664062,800.0548706054688,1092.0318603515625,1395.2550048828125,0.0009158464963547885,0.0012499146396294236,0.004568119533360004,0.0022974787279963493,0.024503976106643677,0.9279001951217651,0.04529833048582077,0.6450200138233412,0.999192502565206,0.0008079559195877087,0.7641656769040905,0.12905497485814688,1.896352825944227,1.897935625156794,1.9007999300027048,0.19008000006849415,0.06799755120641526,0.6450200147275662,0.015767495131019844,0.23790553827749084,0.22213804314647098,1.9007999300027048,0.1290549750527382,,,,,,,0.19008000006849415,42,syn_diag,162,1,1.2689144611358643,,,False,b8aa1bd4bf2cf6cd274123490c40e8a2a396ac61e28188221809d2da1cb24eb3,2ea9a3ca234605daccabd8d99010649ca371eed236d41aee3c9e5882b0296e12
1.0,0.0018011766951531172,0.001835725897637119,1.0191815140100857,309.3409423828125,851.8409423828125,1186.21142578125,1439.2607421875,0.000843021203763783,0.0011739330366253853,0.003233647905290127,0.0020970504265278578,0.023587245494127274,0.9238033294677734,0.050512418150901794,0.6132787053228657,0.9993649202343102,0.0006354148486942194,0.7898665897389825,0.10738435453729374,1.8985934893775955,1.897935625156794,1.901549734824147,0.19015498059250274,0.056579555762522674,0.6132787058494893,0.019507923484611205,0.3537766168889903,0.3342686934043791,1.901549734824147,0.10738435454996309,,,,,,,0.19015498059250274,42,syn_diag,163,1,1.3090611696243286,,,False,3ad2812defa3c3123221c5b864e911dd65a1ffbbbfa00ed712addf7840fea57c,977de968bd6ec359621ce1475465d96687d0674aa302894bc2db2c8d4ddb1935
1.0,0.0019611080642789602,0.0021530089117633294,1.0978532684663276,206.37411499023438,874.309326171875,1213.7696533203125,1527.357421875,0.0008239064482040703,0.0011437691282480955,0.004845708608627319,0.0020418730564415455,0.022422537207603455,0.9161920547485352,0.05934353172779083,0.6099396317518178,0.9993967031478772,0.0006036045360770238,0.7924478819504455,0.11727012072514864,1.9004275265821036,1.897935625156794,1.9037633500802291,0.19037634231329226,0.061788249912532636,0.6099396308005784,0.01951580177676784,0.3055477566720568,0.286031954895289,1.9037633500802293,0.11727012067856768,,,,,,,0.19037634231329226,42,syn_diag,164,1,1.2984576225280762,,,False,79658046aa1c92c93fa2f447408e04a6a349b01fcbbe59d381c129e93f0d31fa,a669b491345c39bcab215135318697afb889208bf12eb58aaa10136a7b8ea905
1.0,0.0017527660820633173,0.0018512259349358988,1.0561740124341492,296.8599853515625,863.5360107421875,1221.6810302734375,1418.220458984375,0.0008185443002730608,0.0011580316349864006,0.0033686580136418343,0.001785838045179844,0.021527409553527832,0.9279911518096924,0.048695556819438934,0.6938360092779146,0.9993140779406788,0.0006861758353973669,0.7201330378614946,0.10722959126515236,1.8963124250171783,1.897935625156794,1.899367585740019,0.18993676605098245,0.05649801281128136,0.6938360086649514,0.021747009342367805,0.3720158294944941,0.3502688201521263,1.8993675857400187,0.10722959119698425,,,,,,,0.18993676605098245,42,syn_diag,165,1,1.2895336151123047,,,False,c0f659881058a7f4412e8536e89a44b92e89640bca2f7ec60084a7667170f7fb,7d0b102b86e50769b4107358d744d4f33ed832118e597a50228d37ce8589e199
1.0,0.0017773071303963661,0.0017938036755182222,1.0092818093403935,279.9598693847656,868.9385986328125,1285.809814453125,1589.063232421875,0.000777720008045435,0.0011508315801620483,0.0035740293096750975,0.0017865891568362713,0.021743346005678177,0.9215495586395264,0.054920487105846405,0.5636240938472173,0.9994180518680504,0.0005823125074229871,0.826031404259029,0.1069499587068586,1.9023783399364145,1.897935625156794,1.9056992518431535,0.19056993265499383,0.05635067769907464,0.5636240910432493,0.015161898140682483,0.24047670123200643,0.22531480309132396,1.9056992518431537,0.10694995877584602,,,,,,,0.19056993265499383,42,syn_diag,166,1,1.2412348985671997,,,False,c9ecb68743e9c7df5f31efe71adac633e7317495670f99e39aa61ae69e5e59ca,c3ba905b7fa9df4320f725e448153c2813556d540096fe4608ec2c92ff5e2dab
1.0,0.0016632548067718744,0.0017319034540787227,1.0412737361361204,331.9586181640625,936.8224487304688,1268.4638671875,1519.410888671875,0.0007883617654442787,0.0010674637742340565,0.0030124280601739883,0.0016082294750958681,0.01926771178841591,0.9233541488647461,0.05576986446976662,0.7839955045398405,0.999277160825721,0.0007230031553972175,0.620766501073329,0.11861822264117702,1.900124601381987,1.897935625156794,1.9036347593684202,0.1903634824902625,0.06249854898598846,0.7839955042981097,0.019186851740268396,0.3696759074154994,0.350489055675231,1.9036347593684204,0.11861822263058842,,,,,,,0.1903634824902625,42,syn_diag,167,1,1.324412226676941,,,False,68effff6f5c5727dcda2bec544031977e410a5bc93a8fa5dbaba97b37671a8d7,ba092ddaa8ca8972998af945a5bf7e6e1b06b0e2e52981bbea85d079db4aa16c
1.0,0.001504161162301898,0.0015331480688043396,1.019271197730303,378.6473693847656,963.9904174804688,1381.915771484375,1669.95703125,0.0007236349629238248,0.001037371577695012,0.002673290204256773,0.0014120617415755987,0.019383292645215988,0.9197301268577576,0.059474483132362366,0.8347086947962246,0.9993837984604106,0.0006162842475038601,0.5506917421079728,0.10698537474417774,1.8909425614938937,1.897935625156794,1.894288575451342,0.1894288644554846,0.05636933799337003,0.8347086947543225,0.034639694255390686,0.5927882783518696,0.5581485840964789,1.894288575451342,0.10698537448874479,,,,,,,0.1894288644554846,42,syn_diag,168,1,1.3657705783843994,,,False,4be322da83a37b32937da0e8acf098b9f4140cd4b2f26ca6aa4022c4eafe75ea,49f8ae8f3699c67e68355c75b8490b51de71132a0f995a9c5d37885dc9d79d49
1.0,0.001598927192389965,0.0016183196156238937,1.0121284449715797,337.0470275878906,937.010986328125,1301.583984375,1511.62890625,0.0007682961877435446,0.0010672245407477021,0.0029669678770005703,0.001486211083829403,0.01914903335273266,0.9252193570137024,0.054145410656929016,0.7895787575254387,0.9993319368617949,0.0006681980718227725,0.6136492366637861,0.11521125100089194,1.9003084078741417,1.897935625156794,1.9039491877006078,0.19039492600725777,0.06070345562501009,0.7895787580817523,0.023998230967678565,0.41482556252709935,0.3908273315594208,1.9039491877006078,0.11521125117531562,,,,,,,0.19039492600725777,42,syn_diag,169,1,1.2845492362976074,,,False,a319c57776335c454a1ea63b1225d3c9092e81c09c25368910f0fc86f0a713fb,4bcbe614a7c5f2c784bd8a0d0a080e64f04d11f6c1a5187ea98206069a8cc542
1.0,0.001422081608325243,0.001341787291110641,0.9435375270393549,461.0748291015625,981.024169921875,1367.118408203125,1638.198486328125,0.0007314682006835938,0.001019344083033502,0.0021688472479581833,0.0013364879414439201,0.01803550310432911,0.927797794342041,0.05283023789525032,0.8086804071068191,0.9993207363230269,0.0006793858753874551,0.5882482461978852,0.10389055145524023,1.8988193547215289,1.897935625156794,1.9016948012635133,0.1901694868050731,0.05473871193423791,0.8086804068206783,0.022217072452412886,0.43142394392975886,0.40920687147734597,1.9016948012635133,0.1038905513306777,,,,,,,0.1901694868050731,42,syn_diag,170,1,1.3236026763916016,,,False,c21bda48e2152e0fc11e6f805f1f2e003e8502d51ffc4ace573a5ab3271399a5,4a7585c8e978219aae8487d353da3b1126fb9a59635efd09f8a224a6218fd1b6
1.0,0.0018570468528196216,0.002211962363151672,1.1911182000912623,248.48806762695312,947.6026611328125,1279.95556640625,1635.76611328125,0.0007812874391674995,0.001055294880643487,0.004036370664834976,0.001683390000835061,0.019584376364946365,0.9204723834991455,0.05825982987880707,0.5732572266850233,0.999354618939524,0.0006458073682852473,0.8193754646322706,0.11146476291945497,1.8985871991297552,1.897935625156794,1.9015764799383337,0.19015765422924083,0.05872947503695643,0.5732572267865816,0.010724661718667048,0.17715656105337482,0.16643189933470778,1.901576479938334,0.11146476278747765,,,,,,,0.19015765422924083,42,syn_diag,171,1,1.1991616487503052,,,False,e047531c4fa007f45d0a15a5bcb24817a18d0a84c28b50551cf837bff8edfc9c,a6baeabcb47b0c86d870b00ae8883feb5ad718b3464f68e4ca2aafb485a8182e
1.0,0.0016091119032353163,0.001648052362071675,1.024199956761955,293.6219482421875,954.8384399414062,1381.499267578125,1945.677001953125,0.0007238808320835233,0.0010472976136952639,0.003405799623578787,0.0014909077435731888,0.02067703567445278,0.9162803292274475,0.06155170127749443,0.7769977344842194,0.9993902736463546,0.0006098484873235664,0.6295033920481429,0.12635384775108255,1.8954061653089276,1.897935625156794,1.8998152975773983,0.1899815365562116,0.06657435904369913,0.7769977344711452,0.022941106424894088,0.31888031812490736,0.29593921170001325,1.8998152975773983,0.12635384773683989,,,,,,,0.1899815365562116,42,syn_diag,172,1,1.2624685764312744,,,False,152f563ab63f8ab27e5e693f89670f03d1c1d286a91f7468ec9c93863ffbe3f8,2d4a864e78e3ecaaa75bdc2b7eb9d806d0818e27e3801289652b8a7147cc92f1
1.0,0.00169439148157835,0.002006639819870457,1.1842834809194154,288.48773193359375,923.5423583984375,1345.1080322265625,1752.267578125,0.0007434455910697579,0.001082787523046136,0.00346687575802207,0.001520423567853868,0.0206371508538723,0.9263575077056885,0.05148492008447647,0.7386025393708243,0.9992885878055552,0.0007116232804700376,0.6741411490388535,0.12047842245114528,1.8880392028835808,1.897935625156794,1.8922351496411893,0.1892235223949469,0.06347866642796629,0.7386025403889381,0.017887287473625182,0.2930410495914144,0.27515376211778925,1.8922351496411893,0.12047842268293338,,,,,,,0.1892235223949469,42,syn_diag,173,1,1.243262529373169,,,False,2a64c30a61c1f47ce402a7b16bf7d61392154aaa3d5d0d48cac684d16c53d792,88c06202c1bff35e0a406f823c571564110e6e8313dd71f94386df22baa4251e
1.0,0.0014724514912813902,0.0016997147022652021,1.154343430063495,400.26068115234375,999.7608642578125,1417.92724609375,1757.4407958984375,0.000705260259564966,0.0010002392809838057,0.0024983715265989304,0.0012128151720389724,0.016965635120868683,0.9188510179519653,0.06297052651643753,0.7730228227636299,0.999379443793263,0.0006206860129250756,0.6343782116993224,0.10426707517656643,1.900211060029388,1.897935625156794,1.9027224167453058,0.19027224805410212,0.05493709786278851,0.7730228214843331,0.023615657760726053,0.4359883419290351,0.412372684168309,1.9027224167453058,0.10426707509233485,,,,,,,0.19027224805410212,42,syn_diag,174,1,1.3254971504211426,,,False,01b119044a4f50a4929ac8fad9d4234630d5888effdd85f92bc542a96af7c6ab,3c6ee5b9d2b0c8a7e80510c7a5230f378371e17d906f3c73e5755ca606a78ba8
1.0,0.0016218852251768112,0.0016864539086308536,1.0398109355917573,305.5928955078125,972.6224365234375,1397.5028076171875,1633.21923828125,0.0007155620842240751,0.001028148690238595,0.0032732756808400154,0.0014202871825546026,0.01986471377313137,0.9039729833602905,0.07474204897880554,0.6026807339458266,0.9994852332752673,0.0005149993297130236,0.7979824139155478,0.10581824505530117,1.8902136423895581,1.897935625156794,1.893381027316839,0.1893381104567972,0.05575439106186937,0.6026807322988011,0.012668796853726155,0.24846824760844174,0.2357994507547156,1.893381027316839,0.1058182450965952,,,,,,,0.1893381104567972,42,syn_diag,175,1,1.1893525123596191,,,False,db33d2fac2cfc80883be9b2a5cdece4a046f69dafdb42e9c83275f086b532dd1,2b715b42ac09fda26c5c919fcff0bccabc9838def8515025a6d2d47f7eaf4969
1.0,0.0020524952560663223,0.002333791687099968,1.137050901132531,188.49496459960938,947.0875244140625,1384.92626953125,1776.1729736328125,0.0007220708066597581,0.0010558695066720247,0.0053115407936275005,0.0018056114204227924,0.023552197962999344,0.9072372913360596,0.0674048662185669,0.3425310249770179,0.9996154557414024,0.00038510232928720727,0.9395065177603816,0.12650097952319253,1.900453140252216,1.897935625156794,1.9044059281212797,0.19044059932226573,0.06665188104716421,0.3425310255267958,0.0032043208901288674,0.03490598775451661,0.03170166686438774,1.9044059281212795,0.12650097958013756,,,,,,,0.19044059932226573,42,syn_diag,176,1,1.1242104768753052,,,False,42bd52f34dfc2433b55ed6d08cfa9fde01b340e9ae73b2bc9ea1458ce034c0f0,3fe6ec8a3d5f2eddb122b49f7f4446116c984e34439b7265fd5f6d9c916219d2
1.0,0.0021462058648467064,0.0029425908393471947,1.3710664219533333,185.3060302734375,961.735107421875,1430.78271484375,1847.69970703125,0.0006989184767007828,0.0010397883597761393,0.0053977989591658115,0.001644081436097622,0.02130131609737873,0.9049590229988098,0.0720956027507782,0.5060505208551345,0.9995492433720774,0.00045105226160461266,0.8625038378638005,0.1193864481387609,1.890421819039883,1.897935625156794,1.8944409196493834,0.18944409856861624,0.06290331798204964,0.5060505202776159,0.008855320100091647,0.1927660605640638,0.18391074046397216,1.8944409196493832,0.11938644816197128,,,,,,,0.18944409856861624,42,syn_diag,177,1,1.1055094003677368,,,False,226d702a7acaa984087145e39c67336d38e73ff404ddea0f71511f87fde14c23,e0ad5a12deb82a6cf61f7f77ca67f2f9a07815cd5bc809c6fe16ef36fda0c5d9
1.0,0.0017266611102968454,0.0022481956168065656,1.3020479899221051,223.42919921875,1024.5570068359375,1484.1416015625,1780.855712890625,0.0006737972144037485,0.0009760332759469748,0.004477199167013168,0.0013171288883313537,0.018390553072094917,0.901262640953064,0.07902965694665909,0.7498579676859974,0.9994573514637731,0.0005427632612297922,0.6615988424187647,0.10975822340994541,1.8988686408825335,1.897935625156794,1.9019081198413665,0.19019081931961812,0.05783031940338868,0.7498579686988661,0.023881811289788772,0.3849031741188635,0.3610213628290747,1.9019081198413665,0.10975822360021073,,,,,,,0.19019081931961812,42,syn_diag,178,1,1.20811927318573,,,False,1435453184c21d07cf764aedea01e3e0ee909396bbd48a42f7ccd78e3e65415a,29acedf620790143f114a71115ba0aa0d8d2c7b00b26e9eb67f17f4b282fcfff
1.0,0.0020133573561906815,0.0026430161558836833,1.3127406627410618,189.52056884765625,986.2626953125,1509.5531005859375,1872.6744384765625,0.0006624477100558579,0.0010139315854758024,0.005282984115183353,0.0015109949745237827,0.021718494594097137,0.8996785879135132,0.07709193229675293,0.5018244155382698,0.9995411276173373,0.00045918574313227813,0.8649695115768015,0.12201841991048104,1.904388178076588,1.897935625156794,1.9080215894899761,0.19080216496684982,0.06429007301042491,0.5018244174241739,0.004058881116067204,0.1312348283983489,0.1271759472822817,1.908021589489976,0.12201841966326046,,,,,,,0.19080216496684982,42,syn_diag,179,1,1.1113064289093018,,,False,08595dfbb80a202cef0678bf8ec92c1653a264c4e364340333c4e7c2d784c37a,e15bf7f5c2d20dfb6a94a7b93a3589c3aa350540860e13cdd1f94d73447b7d06
1.0,0.0016037346795201302,0.0021505798121192253,1.3409823518270276,356.91064453125,1045.90185546875,1563.3743896484375,1978.623046875,0.0006396431126631796,0.000956112751737237,0.0028071128763258457,0.0011771649587899446,0.018366852775216103,0.8947165608406067,0.08573941886425018,0.7036627334563053,0.9994778780386743,0.0005222610888179431,0.7105341353759995,0.09820823803337994,1.9018779235026522,1.897935625156794,1.904282620993958,0.19042827007566998,0.05174476770001876,0.7036627342100696,0.023523047225826894,0.41067818512179854,0.38715513789597167,1.904282620993958,0.09820823806396742,,,,,,,0.19042827007566998,42,syn_diag,180,1,1.2336771488189697,,,False,701af669c2e2f9f55c59b719368e2da8780f063934caacceaa6c4455cb3c4573,38c38e5c8238b33338cf42f79b9df7642027a1a3c817c970adfd2f230ebd4c9b
1.0,0.0017736529698595405,0.00257300620927498,1.4506819268803122,309.9312438964844,1045.8214111328125,1534.596435546875,2087.277587890625,0.0006516372668556869,0.000956188072450459,0.0032409909181296825,0.0012693328317254782,0.019558578729629517,0.8942638635635376,0.08490823209285736,0.654030232169651,0.9994187687952453,0.0005814574838389488,0.756468410046371,0.11413404015789642,1.8973015395147093,1.897935625156794,1.9002642634399385,0.19002643262611088,0.06013588587779806,0.6540302332329163,0.010579331681624383,0.17979760563653294,0.16921827395490854,1.9002642634399383,0.11413403995832062,,,,,,,0.19002643262611088,42,syn_diag,181,1,1.1621174812316895,,,False,b8b3518ca9251d722a7a285ffd3ad99cf6dbf1d68d1fceec4cf02f2a0448b046,0240f474449265e08ddab3f3dffa4e7dfe0bedee1c4325275daa3a56fb4f2656
1.0,0.0016667622840031981,0.002398623556549454,1.439091588098545,297.43865966796875,1111.003662109375,1576.916015625,1862.85791015625,0.0006341723492369056,0.0009000883437693119,0.003367400262504816,0.0011735537555068731,0.01824466697871685,0.8773438334465027,0.10323798656463623,0.6515899261569,0.9995619288826412,0.00043820129962677694,0.7585713994868997,0.10155830135651536,1.8934028118715813,1.897935625156794,1.896002581162091,0.18960026501478316,0.05350987673676857,0.6515899231088316,0.01848434019197142,0.3474223775366916,0.32893803734472016,1.896002581162091,0.10155830180432857,,,,,,,0.18960026501478316,42,syn_diag,182,1,1.1849972009658813,,,False,b516c33edfeff4d0edb654459104de50593de29d1e5fe4543fb7e0e553df011f,8df6edcc4413cd8228d2bafce57cfd9fe400af323dba0abed06231cd7adf5907
1.0,0.0016368741635233164,0.0019809498573924193,1.2102029866530188,297.64581298828125,1081.859130859375,1560.110595703125,2064.5419921875,0.0006409806665033102,0.0009243352105841041,0.0033671800047159195,0.001130356453359127,0.016646087169647217,0.8737298250198364,0.10849373042583466,0.6960986960305201,0.9994792289249729,0.0005209154768946577,0.7179461019995644,0.12509598269941735,1.8971392087225367,1.897935625156794,1.9010661623296194,0.19010662292815525,0.06591160471473677,0.6960986959782314,0.0152529917344433,0.26749373668125115,0.25224074494680787,1.9010661623296194,0.12509598260445057,,,,,,,0.19010662292815525,42,syn_diag,183,1,1.1613200902938843,,,False,fb87d0145d6a8fe3a7e37f8d5f9a9e8476195a926801ae6ddf25490bb352a6a4,9910f9a015a3af09f1a961ca098461934e72e843a6ef05c0e3aa69b9c6e1ee07
1.0,0.002070164307951927,0.0030735663161717895,1.4846967120112522,162.09632873535156,1111.097900390625,1626.052734375,2058.151123046875,0.0006149863475002348,0.000900011626072228,0.0061744702979922295,0.001269628293812275,0.020465664565563202,0.8531676530838013,0.1250970959663391,0.5507627681715882,0.9995918576315165,0.000408333913202451,0.8346618316321675,0.11232275405086405,1.899640588179802,1.897935625156794,1.9028309861106667,0.19028310572271467,0.05918154049167265,0.5507627666721885,0.01110535230706446,0.1742304721353272,0.16312511982826272,1.9028309861106667,0.11232275363464322,,,,,,,0.19028310572271467,42,syn_diag,184,1,1.1790645122528076,,,False,dc4317105c392b8b9389e5bade4854332082231d8631dc8cde240c4622a9247c,e979a7f483572dd807e09fe9c273c314ce9ebfb1cd76f11c33dd3bab739cd9f8
1.0,0.0017241901950910687,0.002583474569587884,1.4983698045778373,313.5323486328125,1135.8321533203125,1666.5782470703125,2174.637451171875,0.0006000577704980969,0.0008804129902273417,0.0031898701563477516,0.0011241913307458162,0.01817578822374344,0.8617208003997803,0.11897924542427063,0.6565724260779452,0.9995902788833575,0.00040983199327007024,0.7542629841790895,0.10002191655436093,1.8968303529162625,1.897935625156794,1.899411565419094,0.18994116316965684,0.05270037362096785,0.6565724258179808,0.018349657927256534,0.36007549247158804,0.34172583454433153,1.899411565419094,0.10002191663613295,,,,,,,0.18994116316965684,42,syn_diag,185,1,1.2171497344970703,,,False,04ce4a01152a4da95c8d0f3c64dfeb7e0ae22f42727876891f3fc9ebb677ae50,5e13b30a6b3a6b0be76c4acf32207276c4e90b87d0c88614a7f594013aa0ac23
1.0,0.002019180217757821,0.0031717570099296603,1.5708141576964214,222.30453491210938,1140.476806640625,1656.2354736328125,1968.2540283203125,0.0006037788698449731,0.000876828096807003,0.004498369991779327,0.0012051627272740006,0.020030759274959564,0.8738795518875122,0.10488452017307281,0.5985291950051157,0.999577087095189,0.00042307329907260126,0.8011009940794007,0.11137912523402894,1.8970281300987661,1.897935625156794,1.9004012301280837,0.19004013014348542,0.05868435354585269,0.5985291988084772,0.011637951980957288,0.23559732041883044,0.22395936843787315,1.9004012301280835,0.1113791255580319,,,,,,,0.19004013014348542,42,syn_diag,186,1,1.1535816192626953,,,False,6cdfe0de4cd8775ea8eeab34f4dd590ff46203b693d5b19e83d668e8e0a3abcd,b0c72e33b4cfd90e1353d247231163d0b033544e81de65340d77d44492575b84
1.0,0.0014956241939216852,0.0017405594372480362,1.1637679284863942,314.51666259765625,1111.237548828125,1640.7491455078125,2188.930419921875,0.0006094889831729233,0.0008999300189316273,0.0031794896349310875,0.0009812572970986366,0.018315143883228302,0.8721591234207153,0.1085444912314415,0.5895908916074233,0.9996153689877056,0.00038476998845017417,0.8077020369667341,0.09771891068910987,1.8925235291149454,1.897935625156794,1.8951380730989582,0.18951381380267737,0.05148694686680194,0.5895908902022585,0.018199574175436002,0.3138311917819262,0.2956316176064902,1.8951380730989582,0.09771891120399079,,,,,,,0.18951381380267737,42,syn_diag,187,1,1.1667304039001465,,,False,251060989f1254fca6641004f290988891813f5cebee44fc42879c84c4f6516c,a18cc4f9135dfbff6bf2c65169842676d1b2bd70dacf0bbbfff5fff1c12f9a8b
1.0,0.0022698589600622654,0.0036910161671474904,1.626099395944162,174.04351806640625,1075.758056640625,1630.3992919921875,2101.97705078125,0.0006133482092991471,0.0009295808849856257,0.005745738744735718,0.0012207144172862172,0.020117759704589844,0.8600525856018066,0.11860896646976471,0.4405816090703555,0.9995989428493773,0.00040139173295351143,0.8977125629818314,0.11879270897289525,1.8979835333857888,1.897935625156794,1.901924745129564,0.19019248157084695,0.06259048378578111,0.4405816068331183,0.010095444302087168,0.10072400442278172,0.09062856012069455,1.9019247451295638,0.11879270889316565,,,,,,,0.19019248157084695,42,syn_diag,188,1,1.0765042304992676,,,False,ecaec17e5e4d28ebfc78e9b4dba1ffdba384d3f8bfdd4cc285ea78b5dc60ad98,ce1541ae48ae2b99de37947f0ef3731be6047af13830ac276227cdb4aa16a9bd
1.0,0.001881171716377139,0.002916169508307094,1.5501877978114982,198.97340393066406,1115.390625,1688.79150390625,2283.1640625,0.0005921401316300035,0.0008965593879111111,0.005027261562645435,0.0011190660297870636,0.019354943186044693,0.8584293127059937,0.121096670627594,0.6047008454357083,0.9995845328322358,0.0004156170589297122,0.7964526900687409,0.10931536202209323,1.8960079702513661,1.897935625156794,1.8995903011995683,0.18995903635979772,0.05759698093711938,0.604700845926651,0.015603582902360032,0.27004594848891506,0.25444236558655503,1.8995903011995683,0.10931536168647049,,,,,,,0.18995903635979772,42,syn_diag,189,1,1.1223456859588623,,,False,51b00588881682ec88c91f8c2e819a361e5bf080804946f85dd90c13f53d0e2a,574a1c9e8db27575e4b9815b1ac515d56dbc8d13dea362cbb3b88bd8cacd3ef9
1.0,0.0020127396564930677,0.0031963152407134383,1.5880420537800173,186.99005126953125,1122.694580078125,1733.618408203125,2312.71533203125,0.0005768324481323361,0.0008907327428460121,0.005353200249373913,0.0011716339504346251,0.01940828189253807,0.8719967603683472,0.1074233427643776,0.5120947500913048,0.999692703514964,0.0003074294717752174,0.858928964998399,0.09396333450705399,1.8960478406463506,1.897935625156794,1.8984298091277207,0.189842988412357,0.04950817786522232,0.5120947488021077,0.020187479874558028,0.3015670879844833,0.28137960810992524,1.898429809127721,0.09396333426358945,,,,,,,0.189842988412357,42,syn_diag,190,1,1.1412768363952637,,,False,9db577745e4b1a77b4598f0f724bb78d1aae8287bb3404872c46a2abc4fa63cc,f7adbce1cadd0a289873bcb1c5190635f577a86f86cb54e0574d8f870131b12c
1.0,0.0016436880687251687,0.0027058426773223167,1.646202102197668,397.12701416015625,1156.91064453125,1697.440673828125,2217.63818359375,0.0005891222972422838,0.0008643710752949119,0.002518521621823311,0.0009218330960720778,0.01726117916405201,0.879764199256897,0.10205282270908356,0.6975877127970025,0.9995152805782711,0.0004848434777068483,0.7164993949366633,0.10224431878403764,1.894896064432232,1.897935625156794,1.8978417787739226,0.1897841852579393,0.05387133126579942,0.6975877105811715,0.01279210626110731,0.2754158864603222,0.2626237801992149,1.8978417787739226,0.102244318415543,,,,,,,0.1897841852579393,42,syn_diag,191,1,1.1374518871307373,,,False,37382514d7636c2ddb140bccebc350842b144f4609ca5ea22dd892270ad635ff,9347d4237644e3c5a065c1c9447b0d4d07f9e3b465dfe949592d0a1fd17b967b
1.0,0.002173117594793439,0.003651644619759956,1.6803713653698813,143.43801879882812,1161.289306640625,1820.319580078125,2473.2080078125,0.0005493592470884323,0.0008611173834651709,0.006971729453653097,0.001118247746489942,0.020663704723119736,0.8523334264755249,0.12588459253311157,0.6923599242023404,0.9995193573543472,0.0004807682261271455,0.721552309504485,0.1431661023148243,1.8953706818633782,1.897935625156794,1.900635154100424,0.19006352375251614,0.07543253860516026,0.6923599242472669,0.008300353066388667,0.10323825557944961,0.09493790251306095,1.900635154100424,0.14316610298527124,,,,,,,0.19006352375251614,42,syn_diag,192,1,1.149761438369751,,,False,cf8b6727b62969617e0bd9d0660fe55e23daae2cb901a0ce17926be6316805a0,77f5a4c1a15878fcb8e0649fd24d68dd2b560da6086780171d4b4ba41f5202da
1.0,0.0021719830110669136,0.0036674108651841694,1.6885079259850417,165.68124389648438,1229.673095703125,1820.50146484375,2673.2294921875,0.0005493013304658234,0.0008132309885695577,0.006038017105311155,0.0010700616985559464,0.020528320223093033,0.8359757661819458,0.1424258053302765,0.5261035480855462,0.9996277884415974,0.00037239280057535344,0.8504205175558015,0.12132171137054763,1.893812418594769,1.897935625156794,1.8977188348424823,0.1897718903945225,0.06392298545977342,0.5261035508857379,0.004688821903901277,0.10482781703874094,0.10013899513483966,1.8977188348424823,0.12132171166402969,,,,,,,0.1897718903945225,42,syn_diag,193,1,1.0817737579345703,,,False,d0d721354ec587d901ce0a78997a36d0fd606df211dcbf05a34e5aaf3cdb3c33,ccc5d89de3c10862212e1bd5164af1bb24d2b29ce8daf000d52ab1ae123e054b
1.0,0.0021671548020094633,0.0037715742540801963,1.7403345520314555,169.65298461914062,1229.259521484375,1887.983154296875,2487.48388671875,0.0005296658491715789,0.0008134989184327424,0.005894478410482407,0.0010430557886138558,0.02050316520035267,0.8507341146469116,0.1277197003364563,0.3192213004507977,0.9998119352916544,0.00018822085298099043,0.947680199919506,0.09440503640167347,1.8961713134059643,1.897935625156794,1.8981170837731347,0.18981171571471017,0.04974090540811923,0.3192212997881518,0.006530078814821167,0.16927746892092813,0.16274739010610695,1.8981170837731347,0.0944050363512247,,,,,,,0.18981171571471017,42,syn_diag,194,1,1.1588047742843628,,,False,02203b874f855b00b254c0ae170316ea5df27e5ea27d30184461ff222b824b18,b8aa0176552838d40118f4d16365e006d4e0db43828090a15934954c203bf31b
1.0,0.0020194067619740963,0.003845219960840658,1.9041333324790108,241.84519958496094,1207.096923828125,1781.217041015625,2806.74951171875,0.0005614191759377718,0.0008284340146929026,0.004214990884065628,0.0009459656430408359,0.01776084676384926,0.8489210605621338,0.1323721706867218,0.5345082972330257,0.9996489650205134,0.00035118921241890567,0.8451632269417765,0.09910734045494277,1.900053497667063,1.897935625156794,1.9023877466499513,0.19023878195939378,0.05221849421088926,0.534508293038446,0.006244168890979845,0.18129735295796817,0.17505318406698833,1.9023877466499513,0.0991073401481293,,,,,,,0.19023878195939378,42,syn_diag,195,1,1.0311877727508545,,,False,4176716ba94f31b53b8097142402d8765a7e48a72a9dcb5e97730f32af25689e,e621deb64d667dbdfc03ddfc272c1180339b925f14de2c4edc3a041466454113
1.0,0.0024972667451947927,0.004983413805066471,1.9955472887669772,158.90765380859375,1277.938232421875,1976.522216796875,2515.35107421875,0.0005059732357040048,0.000782510731369257,0.006292997859418392,0.0010234524961560965,0.021197015419602394,0.854263424873352,0.12351608276367188,0.49931865180557555,0.9996878952185709,0.0003122516114094089,0.8664184231334424,0.10707682967162264,1.8958900046742773,1.897935625156794,1.8989532390110528,0.1898953304848526,0.05641752452100175,0.4993186505073579,0.009650182568863264,0.2077036501639457,0.19805346759508244,1.8989532390110528,0.10707682943486616,,,,,,,0.1898953304848526,42,syn_diag,196,1,1.0711784362792969,,,False,7181bc47d5aff8414306e2a716f4d1ca7b090fc1e7b1d26c2033f0bb2d5b0820,2973affbf16cf179407f590f804cb994464ee05e7aacb12b77b5b1fdfa5066f9
1.0,0.002084924839437008,0.003942525402416887,1.8909676957340242,228.81356811523438,1346.410400390625,2129.55029296875,2743.614501953125,0.00046958366874605417,0.0007427327800542116,0.004372080788016319,0.0009152754792012274,0.01919630542397499,0.8515535593032837,0.12833493947982788,0.5343557684439592,0.9997551563039249,0.000244918761464379,0.8452596717664006,0.08918181927202723,1.9011539764247327,1.897935625156794,1.9038487787195006,0.190384885378546,0.0469888536206873,0.5343557657513202,0.016243853070758933,0.32623283251162555,0.3099889794408666,1.9038487787195006,0.0891818197824943,,,,,,,0.190384885378546,42,syn_diag,197,1,1.2124989032745361,,,False,8ffa8f5feec2f6807d9ebea6bd04ca87cbf1f4836686757a41ba6b43b0135ba1,5c1d040ec87a5a6d6c816dea14d601615c2bd125cfc81223c2eb27ed949bd510
1.0,0.0018258823547512293,0.0036447696885575837,1.9961689285266906,331.9763488769531,1284.8154296875,1999.73486328125,2881.380859375,0.0005000665551051497,0.000778321991674602,0.0030125356279313564,0.0008712692651897669,0.019132204353809357,0.8510604500770569,0.12893611192703247,0.6965219445056369,0.9996210720832731,0.00037900416670523263,0.7175354909773959,0.10386350635670052,1.9019546601178874,1.897935625156794,1.9046765605893423,0.19046766311578106,0.05472446218931442,0.6965219410409371,0.02161562351752588,0.34980269309381645,0.32818706957629057,1.9046765605893423,0.10386350643291048,,,,,,,0.19046766311578106,42,syn_diag,198,1,1.1520788669586182,,,False,2b83102e6c721c2c39804f6d6cb6f643ab4ee9639686f8f0b837f22b5e9a5b02,d24d92aa8c5922403387bb78e660c642535e6c1a3c178fc4d05cdb0216f13718
1.0,0.0018064731266349554,0.0031474495203184633,1.7423172989003113,259.5509338378906,1310.2509765625,1983.90380859375,2420.763916015625,0.0005040612304583192,0.0007632133783772588,0.0038547376170754433,0.0007918218616396189,0.016534600406885147,0.8377575278282166,0.14491605758666992,0.6158174231568853,0.9995819017804494,0.00041824144882139376,0.7878888889463054,0.10919252739075005,1.8966451060781166,1.897935625156794,1.8997735177802502,0.18997735925608217,0.057532260811887025,0.6158174230882737,0.010685277741113292,0.17333767831668268,0.16265240057556937,1.8997735177802504,0.10919252740293015,,,,,,,0.18997735925608217,42,syn_diag,199,1,1.0154691934585571,,,False,ef977d6f8df49af7a7833b0e505b4dbec5482b1763d28f2fe02278545fc16069,63f457fecfefd76629d935edbcde5b27a7b2c82ef997227a1db4fbf8768909cb
1.0,0.002319359453395009,0.004146696466892786,1.787862804511124,160.1725616455078,1336.11328125,2019.465576171875,2911.406494140625,0.0004951884620822966,0.0007484456291422248,0.006243555806577206,0.0009553508134558797,0.020894678309559822,0.824467122554779,0.15368284285068512,0.41633447471928176,0.9997653019564305,0.00023482957291272124,0.9092115293727211,0.10374099028707831,1.9017732417092785,1.897935625156794,1.9051068920603715,0.19051069578330537,0.05465990991051306,0.4163344755840682,0.00840621130225678,0.1319897315592677,0.1235835202570109,1.9051068920603715,0.10374099042839122,-149.5765752950115,0.03614685900808039,0.5745524085397724,7763.22314453125,1.0909525156021118,1.0918784141540527,0.19051069578330537,42,syn_diag,200,1,1.0978388786315918,1.0426879286766053,0.7161,False,46ef90f36222b5ab78ef561c8bd3a658be2293fe47ca6bd53afb720e8e2e851d,491eb36b1654051ad6614835cae0d331c4bac4662c33112635c01bfbff9067ff
1.0,0.004442053847014904,0.008226511758694717,1.8519613198779292,81.47438049316406,579.0448608398438,941.1400146484375,1273.3331298828125,0.0010625420836731791,0.0017269853269681334,0.012273828499019146,0.0021753848996013403,0.02409268170595169,0.9533337950706482,0.020398158580064774,0.49330101013990724,0.9994204305386156,0.0005800929297218525,0.8698586743722732,0.10613416720355935,1.9031958839882228,1.897935625156794,1.905769510754938,0.19057695810275077,0.05592084673300517,0.4933010099283573,0.011279013736747417,0.22135694866819733,0.2100779349314499,1.905769510754938,0.10613416721774127,,,,,,,0.19057695810275077,42,syn_diag,201,1,1.0802578926086426,,,True,eb938122a27d9f7d9e15c9b23b27ddcc142ca11b6e96f3be86ba697da21df68b,ff8bb650854683ea4ac8068965eb68f65e9deac47f0eeed236c44cc06244f255
1.0,0.0057712579146027565,0.010856054553695831,1.8810552146194803,74.77787780761719,612.893310546875,885.2530517578125,1206.8477783203125,0.0011296819429844618,0.0016316111432388425,0.013374456204473972,0.0024378870148211718,0.025784967467188835,0.9504145383834839,0.021362610161304474,0.13873794944313994,0.999799864475675,0.00020116671256069913,0.9903291277984876,0.10777848340469966,1.898636438225243,1.897935625156794,1.9016577689996097,0.1901657832137192,0.05678721763586632,0.1387379490731461,-0.004173181482105476,-0.0631573809528296,-0.05898419947072413,1.9016577689996097,0.10777848345369923,,,,,,,0.1901657832137192,42,syn_diag,202,1,1.0076833963394165,,,False,fcae6ef5cbe527d7dfbb6033674621b231a5faae814f2909c287c7b2d8bcf2fc,6985cc01683aceb990ea4bd708003c0794e925b50e51294e72a91be294045128
1.0,0.005921092815697193,0.01186355983139625,2.0036099352267196,57.2287712097168,630.3866577148438,959.4697875976562,1170.755126953125,0.0010422426275908947,0.0015863551525399089,0.01748856157064438,0.002369516994804144,0.025354180485010147,0.9504722356796265,0.02180408127605915,0.5282410155620278,0.9994371301250708,0.0005632799950258974,0.8490944761715851,0.11178757336997336,1.9018121479502605,1.897935625156794,1.9050850798261254,0.19050851424720888,0.058899560073687615,0.5282410162200738,0.015460436542197576,0.22383385722042903,0.20837342067823145,1.9050850798261254,0.11178757335907243,,,,,,,0.19050851424720888,42,syn_diag,203,1,1.0968565940856934,,,False,239713f88d0e2bcb4acd175582ca11263f1bc41b5e132c3ed22e5e6c82b7c50d,dd4ea7427003cf4c1e43a1277d8f6ec39b7551a64b77c7cbe5591198d83228b2
1.0,0.0045662191696465015,0.00938035540586213,2.054293742860323,110.6737060546875,624.7357177734375,985.4786376953125,1175.345947265625,0.0010147492866963148,0.0016007956583052874,0.009035574272274971,0.0020820500794798136,0.02377980574965477,0.9526647329330444,0.02147340215742588,0.5470064779255315,0.9994312634004182,0.0005691161050868929,0.8371283731262594,0.09674304944466149,1.8990694206558314,1.897935625156794,1.9015694333238353,0.19015695066752447,0.05097277703326649,0.5470064774885763,0.016114115709368437,0.32490006762148527,0.30878595191211683,1.9015694333238353,0.0967430494705598,,,,,,,0.19015695066752447,42,syn_diag,204,1,1.0869663953781128,,,False,abb06b079b0f9cc67435faedf559eb40e7fc428e4788f3ecc1a44ac5722fd853,a8f10bcfa8b2cf5fdcff79745ed9c124910ddb94e01211ebd1e54f5c1ca803a2
1.0,0.006306908093392849,0.012761861426887762,2.0234735774916213,51.783729553222656,629.2359619140625,946.8992919921875,1228.7225341796875,0.0010560902301222086,0.001589232124388218,0.01931622251868248,0.0023807312827557325,0.025252405554056168,0.9498130679130554,0.022553808987140656,0.20880501844978797,0.9997515854377805,0.00024909527977785845,0.9779572916298727,0.10540030070599937,1.8982454758361393,1.897935625156794,1.9012485579604708,0.19012486267684475,0.05553418109069764,0.20880501790330874,0.0025677584897730718,0.028565576350669412,0.02599781786089634,1.901248557960471,0.10540030073742966,,,,,,,0.19012486267684475,42,syn_diag,205,1,1.0393184423446655,,,False,4321ac143f8964ad22a4f40e84427cc084f9aef1ee19a63f7e320c603d6ffd7a,867b5eafb2081373faaa0b8331728dec9aa6fe9bdb1139d253c25ca22cb0735a
1.0,0.007502703461796045,0.01447496377475111,1.9292997467297075,43.705482482910156,592.258056640625,936.1262817382812,1165.84033203125,0.0010682516731321812,0.0016884614014998078,0.022936232388019562,0.0027453317306935787,0.026431504637002945,0.9472489356994629,0.023574288934469223,0.11389268177909945,0.9998477980238067,0.00015309382177108202,0.9934930583657446,0.12152572726270613,1.8955687512653143,1.897935625156794,1.899587240289287,0.1899587314797975,0.06403047903829852,0.11389268226650853,-0.001810900819971839,-0.09539703030718835,-0.09358612948721651,1.8995872402892875,0.12152572726791598,,,,,,,0.1899587314797975,42,syn_diag,206,1,0.9270401000976562,,,False,ed943b3c429528a394adb048008bfb6f0647334676279a5f0eeab0f9d98a09cf,d2f177b57d50cf96a0ea025bfa9ddc35805b4266695460780e19687828b15f46
1.0,0.006644720211625099,0.013875562338248368,2.088208547594347,56.138675689697266,599.649169921875,1006.3018798828125,1352.46337890625,0.0009937535505741835,0.0016676464583724737,0.017839670181274414,0.0023774998262524605,0.024910014122724533,0.9482487440109253,0.024463778361678123,0.23766997140434865,0.9997488054481669,0.00025172388281635873,0.9713459654909326,0.11006940908703529,1.8986739916428226,1.897935625156794,1.9018375845054278,0.19018376550565572,0.057994279483469906,0.23766997175796375,0.005277202276621803,0.06639761385188352,0.06112041157526171,1.9018375845054278,0.11006940899992601,,,,,,,0.19018376550565572,42,syn_diag,207,1,0.9558959007263184,,,False,faf627aded79f432fc75338cbc4b82e3ea6542dafa316bd8ede8b3cdd9678937,dfc1ecf0309359869638cd4f557e20c35e9416a70b4720b323ce9af137b6b6d7
1.0,0.006291820667684078,0.01421675755678045,2.259561911252718,57.74010467529297,636.703369140625,1070.344482421875,1289.00048828125,0.0009342788835056126,0.0015705903060734272,0.01732805371284485,0.0022237435914576054,0.02538159303367138,0.9478176832199097,0.024577036499977112,0.33566605436181796,0.9996736692605683,0.00032675128778239336,0.9419810507288134,0.10433220587694007,1.8977636175427592,1.897935625156794,1.90091499350307,0.19009150566708585,0.05497141446421077,0.3356660544710867,0.010122549033158092,0.19473026981258446,0.18460772077942636,1.90091499350307,0.10433220585635572,,,,,,,0.19009150566708585,42,syn_diag,208,1,1.1083348989486694,,,False,dd2190fa2b750897547c4f89ad77b3f046634d03d55af007d7f067ccfd44c7cd,1d85f7508add178050b21c1116f1c6882cd802a5a6bf63db331382e125b887e1
1.0,0.006863284856081009,0.015243766435210863,2.221059825134601,48.255043029785156,636.86669921875,1010.5631103515625,1309.6402587890625,0.0009895628318190575,0.0015702908858656883,0.02072923630475998,0.0022613853216171265,0.02407693862915039,0.9485086798667908,0.02515299990773201,0.4991069736807461,0.9995971037201284,0.0004031413272326779,0.8665403792135333,0.0955761816064656,1.8985193778343852,1.897935625156794,1.900967535995167,0.1900967608596684,0.05035796806781547,0.4991069723802744,0.018792262833457755,0.3610859214229541,0.34229365858949634,1.900967535995167,0.09557618168280894,,,,,,,0.1900967608596684,42,syn_diag,209,1,1.0590853691101074,,,False,3243f570b1a8ccf89e525838270036cd53dbc1028f63497e9263afdca912f3cd,ae4312a08c6faefb0bc84d959f51ddbe634baeb7087c20c32d855b9cb1b71d4f
1.0,0.0061328113079071045,0.014625550452343062,2.3848037782454083,106.32953643798828,615.22900390625,1037.7359619140625,1408.642578125,0.00096363655757159,0.0016254147049039602,0.009410184808075428,0.002228739205747843,0.02432398498058319,0.9487468600273132,0.024700431153178215,0.29917453770221286,0.9996220348507734,0.0003786948439989062,0.9541984049316888,0.11044317693399645,1.8961090615223493,1.897935625156794,1.8992423809856458,0.18992424481329398,0.05819121337417028,0.29917453720482134,-0.0013272139923444326,0.0023820976984978226,0.0037093116908422552,1.8992423809856458,0.11044317700177891,,,,,,,0.18992424481329398,42,syn_diag,210,1,1.0295909643173218,,,False,e1ba6f5a48fd356652f88832696383365e559b2df4efb7c5527007adc918ff8f,162a8d48d90ed5c164b5731d6f1ba97cc469aff9bd25ab46b07d167cac531f82
1.0,0.00759151391685009,0.017347579623494185,2.2851277650248774,46.958045959472656,636.805908203125,995.2970581054688,1383.20947265625,0.0010047433897852898,0.0015703376848250628,0.021302666515111923,0.0023207888007164,0.024321652948856354,0.9475905895233154,0.02576693892478943,0.29386810633529303,0.9997192437366552,0.00028117458957768607,0.9558459792565742,0.10180123355300438,1.8950788587890135,1.897935625156794,1.897552667573732,0.18975527490657915,0.05363787485918583,0.29386810627148474,0.0023473004633309162,0.06766652929476642,0.06531922883143551,1.8975526675737322,0.10180123354741152,,,,,,,0.18975527490657915,42,syn_diag,211,1,0.9626896977424622,,,False,c1f5d3a71b50daf90a467919f78ef74667fef87ee95b0f3ffb959db69e1aa355,5d9d24b5a959a6416080d57ecd66820c0de2543d8e7a1c5d47d4ac413bf8c1ef
1.0,0.006885208189487457,0.016730688031182932,2.4299467079416734,66.259033203125,616.5571899414062,1063.9130859375,1332.7850341796875,0.0009399293339811265,0.0016220567049458623,0.015097405761480331,0.002171372761949897,0.024834832176566124,0.946833610534668,0.02616013213992119,0.519957757637006,0.9995984026622736,0.00040181529544900795,0.8541919750606751,0.0970308861948418,1.902209877537097,1.897935625156794,1.90477427734994,0.1904774350754111,0.05112443483786478,0.5199577575699477,0.018722009275492557,0.3029431929803016,0.28422118370480903,1.90477427734994,0.09703088621184451,,,,,,,0.1904774350754111,42,syn_diag,212,1,1.0289812088012695,,,False,787d8ac2e769583536a588458497ac1f01d618598770eac03ab3d74146664fec,6471e5a8e884cc0eb9b30e255a07874a8c7fd03ef592745e7fb9ed3294ad154c
1.0,0.0077904993668198586,0.01742083814161035,2.236164440246194,50.23979949951172,692.8848876953125,1176.028564453125,1395.938232421875,0.0008503610733896494,0.001443318324163556,0.020389679819345474,0.0021471697837114334,0.0236680805683136,0.9512916803359985,0.02289312146604061,0.32185998601693083,0.9997755697965398,0.00022464860002310453,0.9467872777873844,0.08482739311973919,1.9009079239403845,1.897935625156794,1.9027144256437272,0.19027144968429327,0.04469455760001694,0.32185998639808683,0.010728732711062464,0.21784145777057298,0.2071127250595105,1.9027144256437272,0.08482739310510631,,,,,,,0.19027144968429327,42,syn_diag,213,1,1.1009628772735596,,,False,b5298b8566d0c4d5e3302bf29e494491b3bae8b76019f29ebf033648a558741b,34c63bf188eaffb4076f8d6f777fe3060135180feb3d925724fcd3335f7a290d
1.0,0.007463750895112753,0.018814071476656834,2.5207260605856017,86.08097839355469,643.780517578125,1076.465576171875,1405.526611328125,0.0009289660956710577,0.0015533682890236378,0.011628517881035805,0.0021581787150353193,0.0235886313021183,0.9506568312644958,0.0235963836312294,0.4298976060918998,0.9996032613206475,0.00039708656823365365,0.9028776485552634,0.10337350703505252,1.903156011561441,1.897935625156794,1.9058062762207202,0.19058063493307825,0.05446628729910587,0.42989760644047,0.013209040465079648,0.22514289601108167,0.21193385554600203,1.9058062762207202,0.1033735070357293,,,,,,,0.19058063493307825,42,syn_diag,214,1,1.00956130027771,,,False,c2582ff92643d5610fd813b8c7043f34567b8ce08a8c1286107981df1e57b8e7,0a24c38cd051987ed89359ef1cccf5a33dc3b08a6a46a0516e428145b4ebaad0
1.0,0.0076810019090771675,0.019262665667887473,2.5078324032388983,50.155784606933594,649.0037841796875,1076.715576171875,1423.3740234375,0.0009287889115512371,0.0015408426988869905,0.020078018307685852,0.0021261009387671947,0.02519373968243599,0.9468109607696533,0.0258692167699337,0.2742887431303218,0.9997850364640335,0.0002152483483138526,0.9616473809932293,0.08870221074576452,1.8913701100613467,1.897935625156794,1.8929740739347467,0.189297414466124,0.04673615351858408,0.27428874393434804,0.006220322771149373,0.1186763631732664,0.11245604040211703,1.8929740739347467,0.088702210716984,,,,,,,0.189297414466124,42,syn_diag,215,1,1.0399173498153687,,,False,2be2e8296550381480eb4548e189b61b620f8b0c186ad7611ffdc0b07a6e996d,0d5fabe5f1dcad4feb3967e7cc63d16f7e8ba9d86e81662c89db45e1209a2c0b
1.0,0.011285397224128246,0.025482322906423494,2.2579908661488264,23.26119613647461,616.4840087890625,1120.25830078125,1596.3275146484375,0.0008926576701924205,0.0016221096739172935,0.04299044609069824,0.0024607975501567125,0.024964794516563416,0.9478128552436829,0.024761568754911423,0.3410142010124843,0.9997142071475393,0.00028610395705839717,0.9400581443144358,0.11104315569362812,1.9006709192140507,1.897935625156794,1.9042012382054183,0.19042013058193777,0.05850733513914414,0.34101420101769236,0.007856625560738129,0.11306441796694772,0.10520779240620959,1.9042012382054185,0.1110431556993579,,,,,,,0.19042013058193777,42,syn_diag,216,1,0.9797478914260864,,,False,5568e4545d27954c82c81340a88d4c5a14f2de84112f6f7f009b3d3e3fe8f9d0,cbcbadfb93138b74c5f6dea9102e0a1d93601c8c6896ae1a679b35ef2ea495ed
1.0,0.00841357372701168,0.020313234451568636,2.41434062330752,47.63197326660156,672.830322265625,1129.1533203125,1565.25244140625,0.0008856554049998522,0.001486284425482154,0.02110423892736435,0.00206927047111094,0.022832747548818588,0.9508795738220215,0.024218428879976273,0.5822860176443776,0.9996089535944103,0.00039119562287416853,0.8129840057723794,0.09343832233751717,1.8962359022130448,1.897935625156794,1.8988065837548032,0.1898806649084584,0.04923155511649597,0.5822860182383384,0.02307939051628077,0.387752450393687,0.3646730598774062,1.8988065837548034,0.09343832232363787,,,,,,,0.1898806649084584,42,syn_diag,217,1,1.0747387409210205,,,False,1dec669890b91f423f429b18247a76d1e0f7fa60b40a75d4a051efbe158b512b,4aefcb21e32474935ee29dab09d6a73fcbcda0c8fd0f478df233637aed3f74f4
1.0,0.008803090080618858,0.02350940818881861,2.6705859877317093,74.84278869628906,668.4384765625,1111.982177734375,1488.1549072265625,0.0008993692463263869,0.001496023964136839,0.013366427272558212,0.002048787195235491,0.023128673434257507,0.950535774230957,0.024286789819598198,0.40125588290895503,0.9996961589896501,0.00030408200051968624,0.9159660017771609,0.08686466709002767,1.8993164791627155,1.897935625156794,1.901295339282476,0.19012954145328778,0.0457679733382979,0.4012558828813681,0.010607158315576746,0.2498214562597427,0.23921429794416596,1.901295339282476,0.08686466709785465,,,,,,,0.19012954145328778,42,syn_diag,218,1,1.0246177911758423,,,False,7b1517c6bb4cca4e472d00fa9f2749944d96c9ebf03bdd20b4833ac7d8e337c8,ee7aad0d8dbae87ebeab421a3de68eb3a9bfcd318a55c00a60accc833f6d8c53
1.0,0.00927415955811739,0.024378100774593677,2.6286048081038844,45.41913604736328,681.6932983398438,1157.944091796875,1458.8563232421875,0.0008636026177555323,0.001466959249228239,0.022069916129112244,0.0020965866278856993,0.02462419681251049,0.947874903678894,0.025404270738363266,0.35632726207111953,0.999735164066003,0.0002650775705005246,0.9343612161721109,0.09555234870826072,1.8943201521017892,1.897935625156794,1.8965656261206996,0.18965656967890868,0.050345410793538645,0.35632726161348377,0.005901885762785529,0.0939902182145265,0.08808833245174097,1.8965656261206993,0.09555234872944918,,,,,,,0.18965656967890868,42,syn_diag,219,1,1.0523600578308105,,,False,62e20c33fefbd83bfe0d21ab1b37aa11e7bba2673141a1e8e442e7f64e9a1595,9724886c8d18a63db84f38e857a1518cbc550f504a33681e64847a2275e7a3e9
1.0,0.012643706984817982,0.032425223462859275,2.5645345095943464,24.851993560791016,672.6533203125,1117.2147216796875,1423.021240234375,0.0008951396448537707,0.0014866500860080123,0.04024190455675125,0.0023603837471455336,0.024145692586898804,0.9472800493240356,0.026213934645056725,0.23913381755438357,0.9997342212520575,0.0002663637809981419,0.9709866205491385,0.11476553716027774,1.898331437291346,1.897935625156794,1.9019634422287874,0.19019635131838553,0.06046861423486697,0.23913381821442367,-0.0012399695967915594,-0.040986493995755095,-0.039746524398963534,1.9019634422287874,0.11476553698008041,,,,,,,0.19019635131838553,42,syn_diag,220,1,0.9769012928009033,,,False,d6aa0eb11fbb920d6baf8b58e9687e404f1092d3f1d691e378f0a2264c521637,90a51c342dcbbf7adaaffde62cf6efabc3ca523bf48b79ff9bb197e44883f19d
1.0,0.01023339293897152,0.02645854850502968,2.5855109422564113,42.849525451660156,650.8223876953125,1188.7288818359375,1474.0716552734375,0.0008412362076342106,0.0015365174040198326,0.023407261818647385,0.0021608779206871986,0.023964105173945427,0.9482736587524414,0.02560141123831272,0.17312053490238827,0.9998695599848648,0.00013071656639431897,0.9849006449244789,0.0863928762329027,1.900049969428803,1.897935625156794,1.9020088920384473,0.19020089575771806,0.045519392274287494,0.17312053514789816,0.0035043656764563416,0.028694404007421473,0.02519003833096513,1.902008892038447,0.08639287626142746,,,,,,,0.19020089575771806,42,syn_diag,221,1,1.0265660285949707,,,False,cfcc5c17a5b967a923ad7a88779c16047a49adc8c313db9c314b0ab1d09a05c8,aa09584189596782e512b743e0cd24ee8e21e5484851f269ee8be4edc703a2b6
1.0,0.010777215473353863,0.028498008700941897,2.6442830200870926,37.19110870361328,668.23681640625,1116.2900390625,1449.4466552734375,0.000895838369615376,0.0014964774018153548,0.0269290991127491,0.001997140236198902,0.02188561111688614,0.9518346786499023,0.024282580241560936,0.4374665579343848,0.9995999053601441,0.0004004335316973259,0.8992346805335854,0.10999996384540338,1.8928101195667317,1.897935625156794,1.89619611455158,0.1896196179805159,0.057957689600909405,0.43746655776352683,0.0043733187135213455,0.08680823567699074,0.0824349169634694,1.8961961145515802,0.10999996386729272,,,,,,,0.1896196179805159,42,syn_diag,222,1,0.9598585963249207,,,False,35f8f10c90500cfbce05607be551751479b3f6b9b6116e4fb149556d45bd83bb,602664c90b293811c8f07d89ebc54a6a9a563b80e8ec46258670a411e9587a97
1.0,0.013173520565032959,0.03417716332918826,2.5943833838385726,27.058412551879883,676.807373046875,1206.305908203125,1555.8563232421875,0.0008289812249131501,0.0014775276649743319,0.036964185535907745,0.0022855461575090885,0.025053370743989944,0.9475637078285217,0.025097377598285675,0.2659811988829503,0.9998040982450271,0.00019615450094956065,0.9639782164661655,0.09531479054358648,1.8969737451430304,1.897935625156794,1.8992498612769844,0.18992499219725695,0.05022024418539592,0.26598119990825525,0.006277405930765892,0.12611825461316425,0.11984084868239836,1.8992498612769844,0.0953147903225467,,,,,,,0.18992499219725695,42,syn_diag,223,1,1.0178636312484741,,,False,8ed5ef230f3f5dd84146814e3b49ca06b32a5af77cedcdc901a770a221cc6eb8,36029ffa60dbac02f2c25b405e48db9c08b701244f55b033d3838ec20937c060
1.0,0.008931351825594902,0.02366896902886965,2.6500994070444683,48.16614532470703,627.7853393554688,1179.32958984375,1615.0242919921875,0.0008479816024191678,0.0015929065411910415,0.020767368376255035,0.0020770542323589325,0.022626763209700584,0.9515010118484497,0.023795239627361298,0.21648904742461625,0.9998238579289034,0.00017645874652108418,0.9762850466564934,0.09478812712809423,1.898455820789003,1.897935625156794,1.900511586922617,0.19005116572975647,0.04994275141456052,0.21648904745073633,0.0020022336326833068,0.03217345414412151,0.030171220511438203,1.900511586922617,0.0947881271098049,,,,,,,0.19005116572975647,42,syn_diag,224,1,0.9464594721794128,,,False,fef157af3359e392468520eee78422aee9b0ccf2e88e9d9e0f05e474a135c332,28a02b621caae3277c33e81cb8c3cdb520aa7038fcbc5e7ad47b75daead89163
1.0,0.019668886438012123,0.048167514179778326,2.4489190791402984,12.939889907836914,656.22705078125,1192.358154296875,1540.7130126953125,0.0008386753033846617,0.0015239486237987876,0.07767455279827118,0.0024395762011408806,0.024890417233109474,0.94523686170578,0.027433160692453384,0.229588394384039,0.9998265761863874,0.00017369495918348045,0.9732878141356888,0.09902735687430937,1.9012766644097099,1.897935625156794,1.9035727946780479,0.19035728625501372,0.05217635180122416,0.22958839382211468,0.0017996032223917828,0.053583990411491145,0.05178438718909936,1.9035727946780479,0.09902735688355957,,,,,,,0.19035728625501372,42,syn_diag,225,1,0.9502465724945068,,,False,b4d4c1efad71b783a1d77de1a1dae8669f1e8e25b2c6d76b197bf91c77e0a8de,8a95bda3e94a18a06de232380cc140860797ab615bd83daf3a82f34905747342
1.0,0.01463693380355835,0.04536999656606201,3.0996924857618837,56.461605072021484,621.2705078125,1177.755859375,1679.0562744140625,0.0008490996551699936,0.0016096095787361264,0.017978888005018234,0.0020628240890800953,0.023322761058807373,0.949252724647522,0.025361694395542145,0.48881921853076105,0.9995976020955416,0.00040265620991685456,0.8723851050889677,0.10960969031333216,1.900487377836469,1.897935625156794,1.903800089819731,0.19038001600095686,0.05775205905849374,0.48881921892451563,0.012599572470437772,0.24736357950875698,0.2347640070383192,1.903800089819731,0.10960969022309461,,,,,,,0.19038001600095686,42,syn_diag,226,1,0.9878662824630737,,,False,e96d0f6ce7b3ad8914ee796a1d92a57b775d6bec91b167b549fe956e462e5cec,648ba89efddfffe7827a45e5934bc972be37ba1ab5fa8f158027280f6246413b
1.0,0.011151736602187157,0.030914762918601336,2.772192575668894,41.47032928466797,645.963623046875,1213.2177734375,1653.87353515625,0.0008242556941695511,0.0015480932779610157,0.02412203699350357,0.00200059125199914,0.022215954959392548,0.951770544052124,0.02401287667453289,0.3285299077006972,0.9997454021653697,0.00025486634050132014,0.9444935678591945,0.09500008292992887,1.9013810432067055,1.897935625156794,1.9038239051841745,0.1903823990120943,0.05005442843828308,0.32852990771456164,-4.831556323627388e-05,0.05044735395427101,0.05049566951750729,1.9038239051841745,0.09500008293150557,,,,,,,0.1903823990120943,42,syn_diag,227,1,0.9964526891708374,,,False,44dbcab67f5cdda49b7c1e68eb87fa671d04d9b5b33656a2a58e96f3cbbcc343,99d0bcbc9a767bdaa4fce596774d28c9a5de29119702e91717a08e2eb76b5e77
1.0,0.015925483778119087,0.042773702760185925,2.6858650867102423,19.8737850189209,663.911865234375,1233.3656005859375,1673.347412109375,0.0008107897592708468,0.0015062326565384865,0.05040282756090164,0.002157775219529867,0.022970125079154968,0.9497464895248413,0.025125619024038315,0.24679047512253216,0.9998203683942798,0.00017988110635580034,0.9690688630684472,0.09380645885979959,1.898323849169857,1.897935625156794,1.9008357736431554,0.19008358403051978,0.04942552192833228,0.24679047536944473,0.008090123833450442,0.1275062604624923,0.11941613662904187,1.9008357736431554,0.0938064588468847,,,,,,,0.19008358403051978,42,syn_diag,228,1,0.980154275894165,,,False,9ab31eea9345845137be49e1b5c8058ed9da2f480ae7c8ef04fa856a1695a8ad,5d360ddeac744d0086ff2523b68c91ac75e748e198c2a216498366ebc668ffd3
1.0,0.023508325219154358,0.06206957420019567,2.6403229007519733,14.956244468688965,590.0734252929688,1189.010498046875,1588.6029052734375,0.000841036788187921,0.0016947765834629536,0.06695577502250671,0.002328743226826191,0.023680001497268677,0.9478775262832642,0.02611371874809265,0.07443817945129011,0.9999300179447953,7.042717447330201e-05,0.9972256301472107,0.11380646224463249,1.8991100232584788,1.897935625156794,1.9025780689748917,0.19025781370599287,0.05996328892091408,0.07443817925217168,-0.0073194118872851,-0.14701349761598628,-0.13969408572870118,1.9025780689748915,0.11380646228216965,,,,,,,0.19025781370599287,42,syn_diag,229,1,0.8909482955932617,,,False,d285d6f56a324e40b58a666509d9e11a1427a7d61540fd77b93c3f20cda4ed47,11fd5d2ae03e3db820bddf45d5dc8c03977a5a6a5c1dca2c2698104205ba2654
1.0,0.019110478460788727,0.05519718516654718,2.888320432709762,22.041584014892578,628.27099609375,1215.6151123046875,1669.305419921875,0.0008226633071899414,0.0015916747506707907,0.04538293927907944,0.0021177371963858604,0.023101547732949257,0.9479253888130188,0.02685530111193657,0.27990727734810344,0.9998050393376718,0.00019518478468854582,0.9600270392376569,0.0914776633130093,1.8969152705430246,1.897935625156794,1.8992272091911628,0.1899227274399678,0.04819850689372241,0.2799072760078564,0.0037493370493308946,0.13490501293475313,0.13115567588542223,1.8992272091911628,0.09147766344808399,,,,,,,0.1899227274399678,42,syn_diag,230,1,0.9775752425193787,,,False,c63543019c287acb7d345ea57248490a7f43dac8fd2880bdb3e0dfe6b95794b8,8671636c0e049c190c62327dcf16593f001da6010526135b6adb6f0bab0d9119
1.0,0.021201204508543015,0.05981303116482142,2.821208884152672,13.06525993347168,708.7703857421875,1270.7939453125,1841.7772216796875,0.000786922755651176,0.0014108986360952258,0.0765441358089447,0.0022436834406107664,0.023106476292014122,0.9476454257965088,0.027004415169358253,0.3158575626465239,0.9997764819032968,0.00022374401053029238,0.9488066189176708,0.1058177792781224,1.8969264196617812,1.897935625156794,1.8997009612355371,0.189970103254604,0.055754145649341884,0.3158575626039472,0.0051661594984321185,0.11985831698752725,0.11469215748909513,1.8997009612355371,0.10581777930145052,,,,,,,0.189970103254604,42,syn_diag,231,1,0.9676176309585571,,,False,7e281a0e2f8d5b36204712854168093fabe83f9c5d8de09c0475bbe94e9feaf9,abd508ce63d6953e54ed1ada136fec0e95ae9f337d41b38b215a4b603c426566
1.0,0.013742893934249878,0.045816932021018664,3.3338634441784376,44.101585388183594,735.27294921875,1279.73779296875,1723.49267578125,0.000781410257332027,0.0013600406236946583,0.022676290944218636,0.0018438289407640696,0.022114336490631104,0.949860692024231,0.026181157678365707,0.7049725865816491,0.9995627281390285,0.00043736870897606665,0.7092345536979113,0.10813010118498242,1.8956066690448037,1.897935625156794,1.8984821278094903,0.1898482193760157,0.05697248091646549,0.7049725872251321,0.025884241505931677,0.4670094626583226,0.44112522115239095,1.8984821278094903,0.10813010111110206,,,,,,,0.1898482193760157,42,syn_diag,232,1,1.050248146057129,,,False,89d096e61c5aa75079ca66c14ccf3cccb3da5fc65ea9221e7a82f4586c35da3e,6a701c266db1b27c0533c3e869db0d72ec08efc5f8ab2bc3b91b67ceeb00e449
1.0,0.017124507576227188,0.052459772244241,3.063432704205917,21.864967346191406,695.9381103515625,1231.179931640625,1873.4166259765625,0.0008122704457491636,0.001436966354958713,0.045748256146907806,0.0018665189854800701,0.021178599447011948,0.9507463574409485,0.026208525523543358,0.4592836764387761,0.9997087085514118,0.0002914503665331179,0.8882896512619346,0.08849761923906568,1.8988477259940417,1.897935625156794,1.901024333239594,0.1901024405596478,0.046628356655515124,0.4592836765106022,0.017127693252116293,0.26502647610007507,0.24789878284795877,1.901024333239594,0.08849761922175639,,,,,,,0.1901024405596478,42,syn_diag,233,1,0.9694446325302124,,,False,a46528f6f5e3f83fefe0573bd5d68bdcf5ba31f70097328553baddd81b72db70,270a16605f2d3819695879ad6f27ec75e9a96a53c378fa2c2181ca40659bd68f
1.0,0.023504428565502167,0.06465708137353102,2.750846669480923,13.113508224487305,702.6458740234375,1315.905029296875,1748.1292724609375,0.0007599616074003279,0.0014232079265639186,0.07632918655872345,0.0021230275742709637,0.023147527128458023,0.946865439414978,0.027863983064889908,0.26943701646177903,0.9998310419257982,0.00016914083989470733,0.9630180134038573,0.09337900187037244,1.8970484234382128,1.897935625156794,1.8990257092390803,0.18990257805704017,0.049200299858752544,0.26943701589550306,0.005671353186796322,0.07480248601203024,0.06913113282523392,1.8990257092390805,0.09337900187955274,,,,,,,0.18990257805704017,42,syn_diag,234,1,1.0086263418197632,,,False,e80d78e87af65f660930a2ac67a13118c1da61b876f9d21af6eee0c80c4fd3f6,b1b07705d58364e4713ca9c27be6909cd271f7a06b5b51480c1a5fe62e00d31a
1.0,0.015235500410199165,0.04807377342004295,3.1553786247521063,36.75273132324219,670.6900024414062,1267.01171875,1771.8992919921875,0.0007892613066360354,0.001491185394115746,0.027229197323322296,0.0018093965481966734,0.02127200737595558,0.9519333243370056,0.02498524636030197,0.3081160283941203,0.9997814960639969,0.0002187320441104033,0.951348786210974,0.08403445640061821,1.8939710794281754,1.897935625156794,1.8957125464643891,0.189571262207011,0.04427676855142629,0.30811602778495867,0.001337773526795467,0.06506331480310165,0.06372554127630618,1.8957125464643891,0.08403445639988667,,,,,,,0.189571262207011,42,syn_diag,235,2,0.928961992263794,,,False,cfe92f628b5ed8e7d8328728fe3afcde7ba4ac2b114ea55abbf2115352ed37bc,7b2a570f9de8f09204cc611a935dea7a1d5601547a79e68b2e4b3bbbec4f4a6e
1.0,0.017285872250795364,0.054905099685105034,3.1762993082225197,19.966203689575195,712.9050903320312,1253.98828125,1868.2437744140625,0.0007974563632160425,0.0014027226716279984,0.050442151725292206,0.0018427679315209389,0.02115589939057827,0.9518421292304993,0.025159183889627457,0.4507185805898862,0.9997196282908176,0.0002805260943194414,0.892666097201611,0.08912433340031119,1.897093778279992,1.897935625156794,1.8987242037462893,0.18987242851470765,0.046958564989737946,0.45071858086371464,0.011065555052957575,0.20157822170378398,0.1905126666508264,1.8987242037462893,0.08912433341657384,,,,,,,0.18987242851470765,42,syn_diag,236,2,0.9544470310211182,,,False,525fdcf37aad0ac974a1af6ee1aa73118100084bc6af998b318f6e6688f9c40c,cca61125c03b9f65ebb1d214a52302c41b108785b34ae427a8b82f23608aadcb
1.0,0.022569138556718826,0.06729600735634796,2.9817712774444125,14.228379249572754,720.6802978515625,1231.7412109375,1670.7279052734375,0.0008118709083646536,0.0013876139419153333,0.07030190527439117,0.0019483441719785333,0.02186463214457035,0.9493469595909119,0.026840079575777054,0.08852563798973728,0.9999413260761051,5.889349498792313e-05,0.9960738985613687,0.08528891438784662,1.8973957765008846,1.897935625156794,1.8990919468209597,0.18990920200059908,0.04493772773813428,0.08852563796663676,0.0012026261790913785,-0.010087244940943227,-0.011289871120034605,1.8990919468209597,0.08528891434383452,,,,,,,0.18990920200059908,42,syn_diag,237,2,0.9242129325866699,,,False,1e29f94da1b68f79aed8cc2402f40a6fd2d662094e46ce9548666269b226179f,3dabccb68e75cc862b22d64c099274c0d866d1c7206de67c6bb622e575e98d44
1.0,0.023586615920066833,0.06606974327735396,2.801154056893125,13.03945541381836,656.80078125,1334.991455078125,1848.2293701171875,0.0007490831194445491,0.0015225631650537252,0.07701116800308228,0.002084745792672038,0.02262922376394272,0.9473590850830078,0.027926918119192123,0.050859415084610275,0.9999582404968692,4.21012548657056e-05,0.9987058224916407,0.10755699621739193,1.8954072995420481,1.897935625156794,1.8981535977992152,0.18981536622968528,0.05667051863703209,0.0508594145906064,-0.006221888872241027,-0.10551083890042924,-0.09928895002818822,1.8981535977992152,0.10755699632907045,,,,,,,0.18981536622968528,42,syn_diag,238,2,0.8893162608146667,,,False,9699ce38147fdadfdc1677136a2a0bb092d69dae16ff9cdaa1cfeb7031a95a1b,a5a8c102fed1518c3e605ece1ce9e9c7b58929ceac0adfeea66ec4b1a0060f88
1.0,0.02972986176609993,0.08712485173407852,2.930550260701358,15.322269439697266,700.44970703125,1331.1497802734375,1924.289306640625,0.0007512472802773118,0.00142794125713408,0.06526881456375122,0.002235132735222578,0.023350778967142105,0.9439319372177124,0.03048212081193924,0.026432788420144987,0.9999824192222255,1.7807553565762542e-05,0.9996505927951607,0.09692738398593655,1.8945676795329225,1.897935625156794,1.8969572835537094,0.18969573632744272,0.05106990073906117,0.026432788311154844,-0.005581719931365234,-0.029415375460868393,-0.02383365552950316,1.8969572835537096,0.09692738400251771,,,,,,,0.18969573632744272,42,syn_diag,239,2,0.9264835119247437,,,False,ee509b1f642114e1361ed9633d20dc289a8324363b119d79d21f23df38b5f96f,fa70d3f11f9d05d353cc04cb96187ebf26b3539da885031c945fb8516bc76a72
0.99609375,0.032594453543424606,0.10321603724596999,3.1666750059594624,12.712230682373047,647.9596557617188,1454.4254150390625,1855.2451171875,0.0006876055849716067,0.001543306396342814,0.07877074182033539,0.0020608517806977034,0.02262161485850811,0.9458906650543213,0.02942689135670662,0.20711722399121185,0.9998832488703714,0.0001169036059973502,0.9783161327026323,0.09600011955826218,1.8966672915094545,1.897935625156794,1.8990789080360133,0.18990789765232224,0.05058133599777956,0.20711722498519375,0.0024630036422134214,-0.06746934068941664,-0.06993234433163006,1.8990789080360133,0.09600011946615622,,,,,,,0.18990789765232224,42,syn_diag,240,2,1.0210751295089722,,,False,42591d11cf039af3ba9b9c03bfb7480d6f93d2aeab738c4384d5d9ecc7d69019,3672d1348440834b247d54d204b663e468a09f8955ff891cefa5ff63c8fa0891
0.99609375,0.032770294696092606,0.1140515499220526,3.480333358572387,16.386924743652344,631.87109375,1313.04150390625,1820.0574951171875,0.0007615955546498299,0.0015827188035473228,0.0610472746193409,0.002127915620803833,0.02322893962264061,0.9444853663444519,0.030157776549458504,-0.043358013014944935,1.0000304205688235,-3.017879752319891e-05,0.9990595991664448,0.09607339529678034,1.899663476835473,1.897935625156794,1.9018017136751917,0.1901801784221528,0.050619944124181145,-0.04335801267701727,-0.007192256823361849,-0.13789181187957186,-0.13069955505621,1.9018017136751915,0.09607339536634217,,,,,,,0.1901801784221528,42,syn_diag,241,2,0.8817443251609802,,,False,67a9ca01d198c385683c462a321137480cb8176c4cc71d13357f3f5a258c9a1b,f9fa3a765d626b4524778b15ec92f15eee9890853c0eb97eab31fa6edda4074e
0.99609375,0.03066227212548256,0.1110346240776286,3.6212133459145637,21.462682723999023,683.1937255859375,1382.6771240234375,1856.54296875,0.0007232347852550447,0.0014647168572992086,0.0465954914689064,0.00191214750520885,0.021667450666427612,0.9484502077102661,0.02797023206949234,0.3486226054589611,0.9997986874925446,0.00020145921206026426,0.9372631855265066,0.0891346480667436,1.8953093585465572,1.897935625156794,1.8975105697657344,0.18975106463312025,0.04696399966639171,0.34862260423644725,0.006144341587042914,0.09436345150033824,0.08821910991329533,1.8975105697657346,0.08913464814654555,,,,,,,0.18975106463312025,42,syn_diag,242,2,0.9260307550430298,,,False,ebc91f8f26b184c48f35a30669e862010fbd1f5f9a15341600d5d7d58e4ec20b,03180f60c3385382c88df37fcda5a8f75bfb1c9c4ee677a4f55d42b2c3c0b463
0.99609375,0.031208815053105354,0.10215192613897227,3.2731753975362814,15.42650318145752,714.76513671875,1394.2923583984375,2000.0599365234375,0.0007172140758484602,0.0013991466257721186,0.06484928727149963,0.0019777948036789894,0.022009028121829033,0.946161150932312,0.02985198423266411,0.24770616902524734,0.9998486781761864,0.0001514974027046941,0.9688352046695892,0.09543484472823881,1.8999349611493241,1.897935625156794,1.9025287541555742,0.19025288275760555,0.050283499325908046,0.24770616873344917,0.005199466380808602,0.1283456049048634,0.1231461385240548,1.9025287541555742,0.09543484458444339,,,,,,,0.19025288275760555,42,syn_diag,243,2,0.9477685689926147,,,False,4e4ddca611ba8406d3c4f31183a846fc6662f3a5a4a369b9eec96003ccc15de2,36fa3cd1e348832c8082858899df8ec40589e4ad510f5eeedf23472e17e3d11f
0.99609375,0.027384459972381592,0.10310300177601853,3.765018394628012,17.202499389648438,796.7772216796875,1428.9468994140625,1840.46875,0.0006998161552473903,0.0012550771934911609,0.05816120654344559,0.0016936843749135733,0.019632160663604736,0.9509365558624268,0.027737556025385857,0.5871807240055478,0.9996832116896289,0.00031688375474164284,0.8094558649747312,0.09144387880337948,1.8912219978079112,1.897935625156794,1.893398157057207,0.18933982298492408,0.04818070623221314,0.5871807242978047,0.017637407622343167,0.3444338666531472,0.326796459030804,1.8933981570572067,0.09144387877884365,,,,,,,0.18933982298492408,42,syn_diag,244,2,0.9858640432357788,,,False,5ceee65959013a8ca4d63d5c016fc96abbe834dbce6af6cf4b18566d58dc9fbb,1e4702fe0f0c5dac0376944085d2e74139ea85696e128dccd97da58130a331cd
0.99609375,0.031835250556468964,0.12240284209409304,3.8448838144204234,21.781034469604492,620.0994262695312,1416.8253173828125,2033.82958984375,0.0007058565970510244,0.00161267863586545,0.04606122523546219,0.0019560197833925486,0.021886955946683884,0.9460456371307373,0.0301114059984684,0.12761925741342584,0.9999122329107626,8.800098337636058e-05,0.9918232327978439,0.09997306038940817,1.8992088526491973,1.897935625156794,1.9019085364450197,0.1901908612343265,0.052674631881203256,0.12761925841247018,-0.003982532973136189,-0.08863466604818997,-0.08465213307505377,1.9019085364450197,0.09997306028969966,,,,,,,0.1901908612343265,42,syn_diag,245,2,0.8575462102890015,,,False,dabfacbec98d8fa3d5c101d0b8465f8b29a84dc6cbc8c62130035533a3d4bce1,374b4e57fcc50067a93a70a230d92f9655a1e9e8446ba96797bed2473dbdc02e
0.99609375,0.03256494179368019,0.1138516568604548,3.496141984957064,17.548492431640625,726.515869140625,1421.0791015625,2094.6044921875,0.0007037114119157195,0.0013764461036771536,0.056990496814250946,0.0020006445702165365,0.021848853677511215,0.9455434679985046,0.030607031658291817,0.24841625840027065,0.9998392410126841,0.000160955971247345,0.9686533758485621,0.09577139722782695,1.8934264454558503,1.897935625156794,1.8959102999213946,0.18959103725172444,0.050460824886968715,0.24841625832472794,0.007942643965429905,0.1391851840847987,0.1312425401193688,1.8959102999213946,0.09577139722630823,,,,,,,0.18959103725172444,42,syn_diag,246,2,0.9241878986358643,,,False,7f93a3d1ec2043e0431ee871c1eaf2627bec8fae9855794d0288055e986d782e,446d34b94183f428b9ecdcbe39d09849eb6fdba2bee762b1e4e486701437ff49
1.0,0.030084606260061264,0.10663970787741378,3.5446602369891482,31.40401840209961,701.521484375,1402.16357421875,1940.873046875,0.0007132094469852746,0.0014254746492952108,0.031901948153972626,0.0018487550551071763,0.02165258675813675,0.9460161924362183,0.03048243373632431,0.47790497305246343,0.999658509523183,0.00034168776005027334,0.878411541772104,0.11621190977100403,1.8902053145314017,1.897935625156794,1.8933917585943434,0.1893391821426099,0.06123069098370614,0.47790497201015913,0.01427825235662439,0.2340060710648361,0.2197278187082117,1.8933917585943434,0.11621190983506896,,,,,,,0.1893391821426099,42,syn_diag,247,2,0.8764596581459045,,,False,79c6eb314da6d489fe47f675e80e3c0c545462ae86b8d690d6c25add8c67d0de,fbd0056c4669f2c9cc248e31f5167b3dc56b23e302d835817185a5a9a4aaedd5
0.9921875,0.037407465279102325,0.12321494099582617,3.293859564546988,11.299135208129883,677.8389892578125,1489.205322265625,1971.39013671875,0.000671513844281435,0.001475281547755003,0.08879999071359634,0.0019513790030032396,0.022220909595489502,0.9423427581787109,0.033484965562820435,0.08359819227169758,0.9999501626292114,5.00150981769328e-05,0.9964995445190759,0.08954768664048628,1.8967618545051566,1.897935625156794,1.8986638449981086,0.18986639293523197,0.04718162484201291,0.08359819303176012,-0.0005226365544034151,-0.005178204609442657,-0.004655568055039242,1.8986638449981086,0.08954768683826494,,,,,,,0.18986639293523197,42,syn_diag,248,2,0.9444934129714966,,,False,5c30a1feca44d2ab2161705f5aba753f78353d704c31b02bd95cdaee6787b9e1,acfb346d9a66049802db7eeffe0e492d3ab5e23f47c9e99bfc67a41f015083d5
0.99609375,0.05401536077260971,0.1635382385532939,3.027624671824856,8.047290802001953,705.121826171875,1442.908935546875,2078.173583984375,0.0006930846138857305,0.0014181961305439472,0.12489023804664612,0.0020522666163742542,0.02070743963122368,0.9450836181640625,0.03215672820806503,0.36529303427129195,0.9997935707640845,0.0002065678161686161,0.9308925819311687,0.09421648809516123,1.89958034080896,1.897935625156794,1.9021535815987312,0.19021536549424495,0.04964156151888876,0.36529303296238136,0.008546509535762685,0.1179920960679132,0.1094455865321505,1.902153581598731,0.09421648813311305,,,,,,,0.19021536549424495,42,syn_diag,249,2,0.8381561040878296,,,False,f39590b03f1ad888c0b401957ef682052ac10b4b4e97ed27641f0651dbe3a407,a14640fc7f6cfe521b5411e3cc360e94332646cfa1461f7ae31d3099671b2e01
0.99609375,0.05105935037136078,0.16476406954246475,3.2269125113524786,10.221500396728516,664.3092041015625,1467.148681640625,1984.86767578125,0.0006815953529439867,0.0015053246170282364,0.09792530536651611,0.0018779244273900986,0.020133126527071,0.9469389319419861,0.031049970537424088,0.13194022463406,0.9999204473067566,7.973212111277016e-05,0.9912576744223639,0.0882029195445939,1.9000494823034142,1.897935625156794,1.9020282669424462,0.19020283336951962,0.046473082846137485,0.1319402235424436,-0.0010802113935862233,0.007156871047656496,0.00823708244124272,1.9020282669424462,0.08820291951050975,-173.8173821807304,0.012961467237806834,0.397324093097077,10715.6572265625,0.8542169332504272,0.8531777262687683,0.19020283336951962,42,syn_diag,250,2,0.8566822409629822,,,False,8e698a5cea272ea3c64c07d50bab3b18fcb975e45dc59106c9f3ee408c6d4cb3,e7404b36d99c9bdbdf04241c4ee3465bb364c384ff6fd5a6a7fe1a0518acb8e1
0.9765625,0.0750097930431366,0.21686555623738837,2.891163556998581,5.593862533569336,483.5355224609375,1058.464111328125,1334.3341064453125,0.0009447680786252022,0.0020681037567555904,0.17910930514335632,0.001990152057260275,0.02626665122807026,0.9499791860580444,0.021764030680060387,0.32234067088668406,0.999723739029646,0.0002765909525941251,0.9466237329978044,0.10168999811930896,1.8984151746689373,1.897935625156794,1.9011498931317978,0.19011499643291485,0.05357926621502479,0.32234067006636974,0.005012903365137757,0.14841231968902208,0.1433994163238843,1.9011498931317976,0.10168999817042754,,,,,,,0.19011499643291485,42,syn_diag,251,2,0.899070680141449,,,True,e01144cc6492b9a5b3ba6242b9cf780f6a989042c8ae4283a63cdfef6f96cd28,c451bda2a6524aeb278c328a598943ff0f2e680a3f95b14ac88275d0811adb6a
0.9921875,0.04472925141453743,0.14595995932171696,3.2631881248892403,11.3626070022583,439.510009765625,977.3662109375,1375.4765625,0.0010232250206172466,0.002275662962347269,0.08805128186941147,0.0016761457081884146,0.023943554610013962,0.9524345397949219,0.021945737302303314,0.19278888993488158,0.9998377311345124,0.00016261141972046528,0.9812402579874415,0.08590951543275956,1.8982292454130631,1.897935625156794,1.9001106463145256,0.19001107110248674,0.04526471514312665,0.19278889003995858,-0.00010182725580693515,0.020810089209034557,0.02091191646484149,1.9001106463145256,0.08590951543415848,,,,,,,0.19001107110248674,42,syn_diag,252,2,0.8267648816108704,,,False,8e1c6495753b52f714de8d6a93a19e0a96814193b2b40a3eb679df331b5c2b64,2dd444b8feaa30517fff3b346e7d317ebe1a3fd24353f0a2663e46386860f0e5
0.9609375,0.08220797777175903,0.23465561517344685,2.854414092171701,4.408563613891602,442.5799560546875,1023.0802001953125,1213.54443359375,0.000977456453256309,0.0022594977635890245,0.22684520483016968,0.0019744853489100933,0.02731822431087494,0.9454443454742432,0.025262920185923576,0.20332711899366107,0.9998039224769716,0.000196525407277805,0.9791108633153083,0.09737895694863569,1.8993544939739793,1.897935625156794,1.9018725944578156,0.19018726646463546,0.05130782923184742,0.20332711836676398,0.0020005971088488217,0.07139089334108417,0.06939029623223535,1.9018725944578156,0.097378957005501,,,,,,,0.19018726646463546,42,syn_diag,253,2,0.819517970085144,,,False,23da86e17ef3a50d7fec6ec2e8ab3b5e6a5d3f7fa15dd1392e2b10333eb39fe0,cef56512c2399ae06699d5662962e5f18aafdf514cd90973eddc792ec965291c
0.96484375,0.08273341506719589,0.22513308034500107,2.721186745041881,4.187221527099609,451.81854248046875,1048.5240478515625,1543.11669921875,0.0009537232108414173,0.0022132808808237314,0.23886650800704956,0.0020797359757125378,0.027942199259996414,0.9456830024719238,0.02429504320025444,0.019427850957674582,0.9999826915978165,1.7724416239647823e-05,0.9998112614818521,0.09415467719931495,1.899776543329833,1.897935625156794,1.9018832049162375,0.19018832806234734,0.04960899408349898,0.01942785039895444,-0.003229921874912392,-0.07334352664373339,-0.070113604768821,1.9018832049162375,0.09415467719614204,,,,,,,0.19018832806234734,42,syn_diag,254,2,0.9107804298400879,,,False,ca0429fb06889a55a9f6fdf23ba30baddbc23e829135a5d9f764390011bc4be6,55ea85273034cef41a5df8d60da35779499082fdfab2d9f5ba0a039b0ea540f0
0.9375,0.09499512612819672,0.2636692746897423,2.775608336750634,3.0236918926239014,437.4740905761719,1072.208740234375,1411.560302734375,0.0009329995373263955,0.0022858516313135624,0.3312252461910248,0.0020245094783604145,0.026948191225528717,0.9463836550712585,0.02464361861348152,0.2700074045273403,0.9998021304752509,0.00019811914639443088,0.9628582457860378,0.08336073966093939,1.8956583272751217,1.897935625156794,1.8973530407431172,0.18973531078891787,0.04392179511041571,0.2700074042199079,0.0004277201087724887,0.09566124476686388,0.0952335246580914,1.8973530407431172,0.08336073967328723,,,,,,,0.18973531078891787,42,syn_diag,255,2,0.8918230533599854,,,False,f5c9ab536e322a054fcc6a8be4adcdc0ac19591c50ed834d0f6c13ccc8562c54,b83c60cc8ced298477fb4fcbbc4577bdb3711d529fe8f8e43dc806ddd2905c5b
0.96875,0.07813474535942078,0.22100495727151692,2.8285105317420784,4.513963222503662,495.70147705078125,1051.291015625,1445.9261474609375,0.0009512131218798459,0.002017348539084196,0.22218267619609833,0.0019007944501936436,0.02485012635588646,0.9505745768547058,0.022674504667520523,0.22163199093321162,0.9997991772791669,0.00020121467663075703,0.9751303813199721,0.08744998643980328,1.8979597803029908,1.897935625156794,1.8997767243296217,0.1899776793973358,0.046076371232313375,0.22163199107455345,0.0003864036942397503,0.02595059157874217,0.02556418788450242,1.899776724329622,0.08744998641634152,,,,,,,0.1899776793973358,42,syn_diag,256,2,0.9056800007820129,,,False,ad1eb34eb41ab579ba0d4c76780442ae331bbdc88aee9546f7ca498cb8fbaf52,3a18cb0c203bbd16381c96499237f919aa275a8a321afaa22667139f32189c51
0.953125,0.08583825826644897,0.24037119126186937,2.8002804852583694,5.950793266296387,400.6412353515625,1053.959228515625,1424.1195068359375,0.000948805536609143,0.0024960024747997522,0.16938665509223938,0.002079784870147705,0.027466274797916412,0.9461564421653748,0.02429749071598053,0.07859767085930924,0.9999344233190426,6.592630838514464e-05,0.9969064179312275,0.08634307598159019,1.902298071741086,1.897935625156794,1.9042825026681265,0.19042825712297587,0.04549315310650309,0.07859767197456465,-0.0007270515873032099,-0.017269811384917177,-0.01654275979761397,1.9042825026681265,0.08634307585426343,,,,,,,0.19042825712297587,42,syn_diag,257,2,0.8717859387397766,,,False,5e6dc8dd7ee760334fdafb845928c330b163d3eb4c2fdc31dc8976570265c869,8d12e318f10f166248d0c7439b68a050bc712dc1209f00962912acac57057d70
0.9609375,0.07313983142375946,0.22405168413806498,3.0633332551539656,7.283822059631348,491.888427734375,1116.1715087890625,1515.376953125,0.0008959216065704823,0.002032981486991048,0.14135661721229553,0.0017641991144046187,0.02418401837348938,0.9508970379829407,0.023154735565185547,0.4249020906502926,0.999642883383382,0.00035740661757490045,0.9052393127474618,0.09358048464504817,1.8988910388766596,1.897935625156794,1.9014502526625228,0.19014503198425636,0.04930645876741362,0.4249020903547735,0.00917409390871431,0.1753446048067854,0.16617051089807108,1.9014502526625228,0.09358048466458305,,,,,,,0.19014503198425636,42,syn_diag,258,2,0.926042914390564,,,False,a25c3a554a2868dfb562f1db3c2484a5575e4a9af6f683e95f984b9f8f1c7e28,a27ba08c583afda74b48da097a3b71f6dcf308347c054795f22b1210899d31ba
0.953125,0.07541941106319427,0.2293921682908449,3.0415533568668676,8.814874649047852,518.300537109375,1125.598388671875,1577.6728515625,0.0008884627604857087,0.0019293982768431306,0.11349953711032867,0.001917561050504446,0.0260586179792881,0.9483633041381836,0.023660507053136826,0.4901301914259678,0.9996499715146699,0.0003502225161854793,0.8716492387626221,0.0879090051353539,1.8956081847645092,1.897935625156794,1.8975954020782078,0.18975954628229272,0.046318222794329574,0.4901301913776798,0.012190558473705182,0.2913865298838197,0.2791959714101145,1.8975954020782078,0.08790900514297878,,,,,,,0.18975954628229272,42,syn_diag,259,2,0.9553908109664917,,,False,e2042cc43bc30e23450d1e1dce283f7d15665c72715e132fc3f9e18e42f52a6b,9e27caa00974b9c587afddee748697f6f270fdc594a5834401c53cd85342856c
0.9453125,0.0995868667960167,0.2638456138370318,2.649401705489998,2.8712806701660156,377.05859375,1006.8692626953125,1451.45654296875,0.0009931783424690366,0.002652360824868083,0.3485478162765503,0.002082355320453644,0.027312245219945908,0.9459238052368164,0.02468159981071949,-0.03637850591613442,1.000034005471888,-3.358001816249805e-05,0.9993380830755078,0.08965122735594121,1.895573710683174,1.897935625156794,1.897555840754014,0.18975559190624555,0.0472361792294655,-0.03637850582585538,-0.007670181960614624,-0.12772506855339427,-0.12005488659277964,1.8975558407540138,0.08965122731592627,,,,,,,0.18975559190624555,42,syn_diag,260,2,0.7711332440376282,,,False,eb0047f183434c9333c25608ecb3be251ec1d5edf844c5502a50dfd521a58f15,113a0af1aa9c455d7e99259a9778d0699c4ed04cabbe9a3bfc2f0de27cfa121e
0.953125,0.08185003697872162,0.23404959388427762,2.859493002560031,6.2940354347229,460.7529602050781,1069.8310546875,1527.5889892578125,0.0009347336599603295,0.002170584397390485,0.15895652770996094,0.0018831357592716813,0.026306821033358574,0.9490032196044922,0.022806815803050995,0.1416702742284513,0.9998676380815308,0.0001327924567425771,0.9899139020031724,0.09382409195332185,1.8966971254157443,1.897935625156794,1.8991345848721828,0.1899134655867688,0.04943481259830471,0.14167027381459357,-0.006788267194551393,-0.12565887161558034,-0.11887060442102895,1.8991345848721828,0.09382409197970046,,,,,,,0.1899134655867688,42,syn_diag,261,2,0.81859290599823,,,False,cb7ac90a895beb1345a67ea6dd6b3a3f487d870dd500429ec8f368cd21f76b6a,14318adcdbe3671864b9847116fea3870188266be2516dec707afe44e33678cc
0.9453125,0.09372353553771973,0.2592504552735905,2.766119231208291,4.890500068664551,425.74212646484375,1097.321044921875,1522.5517578125,0.0009113324340432882,0.002348851878196001,0.20448163151741028,0.0019645215943455696,0.02683529257774353,0.9478192329406738,0.02338099107146263,0.42318278503900003,0.9996617370556439,0.0003385256946219974,0.906044331381796,0.09355263389189121,1.9023559918044612,1.897935625156794,1.9045086605158297,0.19045087383551143,0.04929178453253032,0.42318278538206205,0.010114908009849818,0.22038344614525415,0.21026853813540433,1.9045086605158301,0.09355263386625931,,,,,,,0.19045087383551143,42,syn_diag,262,2,0.8348315954208374,,,False,d6fd04a5002f40b0c188990b3178d6ba785347161ffa1b345b06f8aa4577a4a9,561ad5c26c2a98c17dbd33ab6346aaaf2bfd6d0027e601fd02261e46952e2801
0.93359375,0.11076898872852325,0.2732177614223026,2.466554541492272,2.2335329055786133,445.8880920410156,1142.997314453125,1543.6778564453125,0.000874897523317486,0.00224271509796381,0.4489441514015198,0.0020108292810618877,0.026589427143335342,0.9479855298995972,0.023414233699440956,0.2710598865722014,0.9998188610394523,0.00018134635336884298,0.9625624851762313,0.08119336997705517,1.8993996921501632,1.897935625156794,1.9010877091432021,0.19010877732384152,0.0427798334679053,0.2710598868228377,0.0078113979236521126,0.15159020835253315,0.14377881042888102,1.9010877091432021,0.08119336995431348,,,,,,,0.19010877732384152,42,syn_diag,263,2,0.8646715879440308,,,False,a4f8b2ca5f1262a55d4045ed80ec05737d931f858d8b0866f96cbee5875de9b7,0d1d73db749a6248ab4e31927a73bba5a97002edb0c482176a1e427cd4b4e429
0.94921875,0.0837874710559845,0.24283064136132343,2.8981738050559622,4.9180145263671875,492.7167053222656,1135.1220703125,1612.4244384765625,0.0008814840111881495,0.0020295721478760242,0.203550323843956,0.0018924965988844633,0.025926120579242706,0.9475009441375732,0.02468039095401764,0.5696245227155432,0.999555592900657,0.0004446129694404976,0.8219050450676145,0.10013823611473253,1.900088265555983,1.897935625156794,1.9027410718843687,0.1902741142284204,0.05276166103178924,0.5696245227445509,0.016582175920696003,0.35001545111100574,0.33343327519030974,1.9027410718843685,0.10013823607954737,,,,,,,0.1902741142284204,42,syn_diag,264,2,0.8860471248626709,,,False,ab82fc2de49862a117f9efbe88b60aaebdbf0353deaeb582373ef7c16b6649f1,7d40a3a6cbd0d931f24fb47517b0c67522b37dd3e9e549afc736b78910834861
0.95703125,0.0787472203373909,0.23102414930604318,2.933743582038264,5.574382305145264,431.35137939453125,1149.8126220703125,1493.146240234375,0.000869713316205889,0.0023190106730908155,0.1806422472000122,0.00180808047298342,0.025487050414085388,0.9473459720611572,0.025358879938721657,0.3959189473500589,0.9997212798349614,0.0002789294908623388,0.9182854605783956,0.08628814714159345,1.8968234827321977,1.897935625156794,1.8985944317434127,0.18985944939615856,0.04546421174554825,0.39591894773335684,0.013672734522366692,0.2500095401472578,0.2363368056248911,1.8985944317434127,0.08628814711177858,,,,,,,0.18985944939615856,42,syn_diag,265,2,0.854093074798584,,,False,6a0eb3585ed32fa85afe165aab19d6236b0bfe0ed71569d3a99aa44d6f4bf503,1daa97fda31136e25c5b9f3d160feb1420c4d17af807a89f03739ca2372d0bc0
0.95703125,0.07329554110765457,0.22479165289773434,3.0669210942789475,6.6663689613342285,417.8600158691406,1105.00830078125,1640.9664306640625,0.0009049710351973772,0.00239480659365654,0.1500072181224823,0.0018754630582407117,0.02618192322552204,0.9486709833145142,0.02327164262533188,0.1592838004216196,0.9998815583524566,0.00011871236068407578,0.9872328352010095,0.08047493001753073,1.8950416064630355,1.897935625156794,1.8966060967508314,0.18966061649799806,0.042401295887388196,0.1592838008267241,-0.0010161148855358992,0.027180997636035934,0.028197112521571834,1.8966060967508316,0.08047493001180529,,,,,,,0.18966061649799806,42,syn_diag,266,2,0.86427903175354,,,False,75b5a98aff24035eccee0d2e809921814b11b3f5f9bc752f8a2ba721df569941,67c8db441204f08a93cda80cc0213e8ede50d53e3acfb53323ff0ddb56700e96
0.9609375,0.10115808993577957,0.2541645210679412,2.5125476219764655,2.461141586303711,374.1861572265625,1027.476806640625,1419.4300537109375,0.0009732757462188601,0.002672516042366624,0.4073726236820221,0.001954662147909403,0.025641944259405136,0.9496859312057495,0.022717438638210297,0.02781187260068277,0.9999702219610254,3.037396094852892e-05,0.9996131750448844,0.10447425551039757,1.8935036875269853,1.897935625156794,1.896456356897146,0.189645642459502,0.05504625874848184,0.027811872489715138,-0.005839408471186328,-0.15394239208759583,-0.1481029836164095,1.896456356897146,0.10447425553075315,,,,,,,0.189645642459502,42,syn_diag,267,2,0.7352174520492554,,,False,924c5e0130996a37b7fd287bc5f362cddf8a2a2e9af0c3fc26690634cb3e9cd8,2e1b5bf60cb23ed3317d152916381418e72b3f27f224d7b5f4bbff337d3e5cab
0.953125,0.09163546562194824,0.24641563473947412,2.689085834573049,4.045042514801025,397.33624267578125,1124.9267578125,1489.3240966796875,0.0008889511227607727,0.0025167628191411495,0.2472439706325531,0.0018953883554786444,0.025507155805826187,0.9489867687225342,0.023610636591911316,0.24099637967019513,0.9997981901458359,0.00020214126063450722,0.9705260145746898,0.09597548331332995,1.8985020849134688,1.897935625156794,1.9007113988974251,0.1900711473402246,0.050568355449543,0.24099638015672764,0.002242433794925578,0.05466300615857836,0.05242057236365278,1.9007113988974251,0.09597548328603911,,,,,,,0.1900711473402246,42,syn_diag,268,2,0.8517929315567017,,,False,9d090e88560ae3cd043d6333e42980d59feef0fee56ae2a616c901c16a512fd5,a1c2142215b761ab97453a334fcf49d340f5b7026c7a80e2f9ceae4b11b61b2f
0.94921875,0.09053713828325272,0.2451712433584335,2.7079630988958385,4.2126569747924805,345.763916015625,1166.974853515625,1638.1995849609375,0.0008569168276153505,0.0028921631164848804,0.2381252497434616,0.0019774623215198517,0.027242930606007576,0.9457705616950989,0.02500903233885765,-0.013677121631851866,1.0000106860724904,-1.0397186541695425e-05,0.9999064637858629,0.08649559499728951,1.898837173875881,1.897935625156794,1.9007964147441814,0.19007964868548177,0.04557351358537162,-0.0136771218018268,-0.0006806766100471216,-0.06014002992707477,-0.05945935331702765,1.9007964147441814,0.08649559501430824,,,,,,,0.19007964868548177,42,syn_diag,269,2,0.8541862964630127,,,False,969bc1bf533bbc90bd21af622ab78c1c75fdf4e3c84e7d72a47e875019757434,744fe4227183adc153e22bd588d9b16b0145d28f6f4d58b1020868498d014e84
0.92578125,0.11014068126678467,0.2780715508003313,2.5246943027815245,2.2898645401000977,450.86529541015625,1159.2198486328125,1617.369140625,0.0008626568596810102,0.002218092791736126,0.43673455715179443,0.0019807450007647276,0.025599338114261627,0.9488387703895569,0.02358114719390869,0.3473511440902741,0.9997522240616938,0.00024800012217396285,0.9377351346089396,0.09192698062531612,1.8986993492631954,1.897935625156794,1.900897871130482,0.19008979391672415,0.048435246910797265,0.34735114428798997,0.00987262254093665,0.14805777619283506,0.1381851536518984,1.900897871130482,0.09192698061800461,,,,,,,0.19008979391672415,42,syn_diag,270,2,0.838751494884491,,,False,1c8682ce3a74bffbfac028ece3733b57ebebe95fbd89c7551f9d38fcfa78aa03,f3959d2997c7f6b5fc950c49839f9ea3b806d89519fbd6b0183d776dd4197b3a
0.9609375,0.07251989841461182,0.21505707950867473,2.965490599720762,5.710643291473389,527.5841064453125,1168.88818359375,1567.88818359375,0.0008555242675356567,0.0018956048879772425,0.17562100291252136,0.0017195602413266897,0.024843204766511917,0.9511731266975403,0.022264085710048676,0.5621414543630747,0.9996329066976976,0.0003672393150489522,0.827041102528369,0.08984033153812308,1.899394048820119,1.897935625156794,1.9012108086167263,0.1901210887583112,0.047335816003060575,0.5621414538737095,0.012544089034517097,0.2844908837948907,0.2719467947603736,1.9012108086167263,0.08984033155547436,,,,,,,0.1901210887583112,42,syn_diag,271,2,0.8950672745704651,,,False,a938bc6a0c3133f3f00ef4bef5f44632e2d3b50fe43d8096c44277abf0c93258,15126bf289a45e006651491f8381877e391e88157cb6ce0f9bf81cf9b8b4d8c0
0.94921875,0.09693778306245804,0.2506866405867338,2.586057079432307,3.2694358825683594,506.8432922363281,1193.824951171875,1676.736328125,0.0008376443875022233,0.001973032718524337,0.3062816262245178,0.0019112367881461978,0.026134829968214035,0.9474500417709351,0.024503886699676514,0.3148326948400967,0.9997980810783188,0.00020210458132663656,0.949147182600518,0.08490292746998877,1.8990483259981792,1.897935625156794,1.9006743676548359,0.19006744373335643,0.044734355762424745,0.31483269496950844,0.00556001160692969,0.10026969680777785,0.09470968520084816,1.9006743676548357,0.08490292741815031,,,,,,,0.19006744373335643,42,syn_diag,272,2,0.9567044973373413,,,False,fe03a0a9957692cf0be95156e31fb95a5c99b71cd862522dd432e1b1f7a69d71,10fb11c35b87c2d0d1d9383ce6a6810eff71e70c61a04881a024008acf1da1e0
0.9453125,0.10263875126838684,0.2564973896040637,2.4990305205884065,2.5681064128875732,408.68670654296875,1134.775390625,1641.2493896484375,0.0008812317391857505,0.0024468833580613136,0.3893924355506897,0.0019510473357513547,0.025743938982486725,0.9492850303649902,0.023020025342702866,-0.09181700072327352,1.000077456444701,-7.710682245395156e-05,0.9957758976574704,0.0875892709610049,1.902694825575365,1.897935625156794,1.9042984585057612,0.1904298527797132,0.046149758611397966,-0.09181700052899147,-0.01058372822786715,-0.19272341160129708,-0.18213968337342992,1.9042984585057612,0.08758927093031144,,,,,,,0.1904298527797132,42,syn_diag,273,2,0.7884745001792908,,,False,63485c514a3b6169ebcede61d62de8e30ea30ca855d5f1593c24cad48dbcb5ea,8ea3f2c041f715b9251923e91c464193cc67f68f7682eb787380de8f3c7b472a
0.921875,0.11588385701179504,0.28721040593894165,2.478433323250108,2.000225067138672,454.5780029296875,1251.079345703125,1666.8170166015625,0.0007993098115548491,0.002200244925916195,0.5191759467124939,0.001998100196942687,0.02656487561762333,0.9469974040985107,0.024439608678221703,0.37337983771648553,0.9997399175276217,0.00026029164110395086,0.9276785524993824,0.08843813763658931,1.8999140229685858,1.897935625156794,1.901660958680206,0.19016610302385928,0.04659701649745711,0.3733798372482111,0.006273333761111332,0.17218936941467913,0.1659160356535678,1.9016609586802062,0.0884381376533632,,,,,,,0.19016610302385928,42,syn_diag,274,2,0.9086072444915771,,,False,9b484039dad2b19016519ad0e24cd76ce3eb0769a319fb3a56e00ca6c18f30ee,2065425044504d9a4bc394f3846e9378d865a907bb00d05c3209f297dc43f568
0.93359375,0.08818577229976654,0.2546712981243514,2.887895640850327,6.615259170532227,473.3489074707031,1080.9180908203125,1520.43798828125,0.0009251403389498591,0.002112617716193199,0.15180689096450806,0.0018024953315034509,0.024798834696412086,0.9500504732131958,0.02334822155535221,0.5974810309788301,0.9995949119290105,0.00040523602811825166,0.8018830448421385,0.08474723955982018,1.8977868997696283,1.897935625156794,1.8994398737138058,0.18994399412686822,0.044652325630261724,0.5974810307575237,0.013583968782131636,0.28141061421702,0.2678266454348884,1.8994398737138058,0.0847472395556456,,,,,,,0.18994399412686822,42,syn_diag,275,2,0.8031872510910034,,,False,ed61f6e9faa28f28951898626806239fc198a4c53f7d1bcacea7703d11fb7524,91d34f3a952b5d55b250fdc6d0ffeddf05376c374daa1cd92470f0873e2b0464
0.9453125,0.08287449926137924,0.24694229789187613,2.9797139230187852,6.933434963226318,473.23443603515625,1168.33154296875,1609.529052734375,0.000855972757562995,0.0021134710405021906,0.14425890147686005,0.0017335029551759362,0.02498399093747139,0.9495697617530823,0.023712709546089172,0.6085681531810273,0.9995669538989577,0.0004332056976395617,0.7935016086434468,0.0893359388981905,1.8972607669655928,1.897935625156794,1.899520206762037,0.1899520269153079,0.04707005744241885,0.6085681530457582,0.01673893220384462,0.35062491463899936,0.33388598243515477,1.899520206762037,0.0893359388888367,,,,,,,0.1899520269153079,42,syn_diag,276,2,0.8858665823936462,,,False,3672cbc84791ea92e3f98350aaee6375d9d348cb07ae457a4adfdd47cc4eba82,b8e3ead49cfabfc0307ac0b180aae535c460e11ae5c6456b1734266de141ebc4
0.9296875,0.10295538604259491,0.26988878593934884,2.6214148912569444,2.95942759513855,447.5674743652344,1204.440185546875,1606.5010986328125,0.0008302774513140321,0.0022343341261148453,0.3379560708999634,0.0018597322050482035,0.024917304515838623,0.9493223428726196,0.023900646716356277,0.24195407196549948,0.9997667539596604,0.0002336852472604232,0.9702877032302668,0.09682173452944796,1.897247345086178,1.897935625156794,1.8997812322170715,0.1899781302603867,0.0510142352807136,0.2419540720102482,0.0009380240050119874,0.03491752984846717,0.03397950584345518,1.8997812322170715,0.09682173453839335,,,,,,,0.1899781302603867,42,syn_diag,277,2,0.7853895425796509,,,False,3a6bbc77cd44ceffdb585f28946bc991e5cff19ea2af0341ccccb743d357c5aa,3f313edd55b24549c4fd67dbab31b624767fe59062543424ba112cecbd1ba179
0.921875,0.11252277344465256,0.2834488513337312,2.519035420734462,2.2704434394836426,568.051025390625,1234.235107421875,1693.5325927734375,0.0008105947636067867,0.0017605447210371494,0.4481598734855652,0.0018516259733587503,0.02587098628282547,0.9485026597976685,0.023774676024913788,0.6643531754430901,0.9995937846085138,0.0004063199146797704,0.74741879710528,0.09025669082567023,1.8968496682595701,1.897935625156794,1.8987048978655474,0.18987049746777204,0.04755519082380168,0.6643531758222357,0.017408549807116078,0.4005559532477315,0.38314740344061543,1.8987048978655474,0.09025669082264852,,,,,,,0.18987049746777204,42,syn_diag,278,2,0.924146294593811,,,False,67a68df1ec82fc060c47cad168c7737df7d2f7f757509124436675606594b543,d89b08f5c9310f2a3a4e36377535b4357e82ddf1becb3331f1aeaf727ecad993
0.96484375,0.06886744499206543,0.20875994151240757,3.03133002815534,7.476627349853516,468.38128662109375,1216.6983642578125,1725.783935546875,0.0008218982256948948,0.0021350127644836903,0.13450461626052856,0.0015930074732750654,0.021941255778074265,0.9533478021621704,0.023117974400520325,0.4496394685805747,0.9996880045989536,0.0003121877614716928,0.8932101366843918,0.08474542267256645,1.8980985324538697,1.897935625156794,1.900145015389123,0.1900145090001305,0.04465136833369716,0.4496394683961924,0.012029461978632007,0.20805412894531844,0.19602466696668644,1.900145015389123,0.0847454226924158,,,,,,,0.1900145090001305,42,syn_diag,279,2,0.8320910334587097,,,False,edbfcfd2da6e7d934645c7dff81fb7bda7e1f4bb8af92bc05536233ee2fab04f,a69925edf906bd4442ed63786a0a7076cd5673770ee41b8a9d7a3827ff7c3f79
0.9375,0.12376724928617477,0.2822820483221058,2.2807490460411017,1.5814813375473022,314.61175537109375,1168.12353515625,1643.5439453125,0.0008562244474887848,0.0031825494952499866,0.6323196887969971,0.0021694395691156387,0.028599802404642105,0.9434285163879395,0.025802209973335266,-0.2536260008634316,1.000260371994431,-0.00025988092512271887,0.9673023579351301,0.09766840167915804,1.8974094250218725,1.897935625156794,1.9003025675242429,0.1900302642832759,0.05146033426241098,-0.253626000616163,-0.01742924073260077,-0.27695817806285955,-0.2595289373302588,1.9003025675242429,0.09766840168653075,,,,,,,0.1900302642832759,42,syn_diag,280,2,0.7180572748184204,,,False,08415d6cfb4c1e6b3780b57344774f2b190ccc26d361b9cf0f1eb289c7fba7c7,22c18706c035d5cec8738be385b163f0f6ca5a95100a9aac5c726c034c4fd548
0.9453125,0.08803717792034149,0.2500499946759678,2.8402772036471955,4.1070075035095215,406.5377502441406,1208.6982421875,1819.7054443359375,0.0008273579296655953,0.0024617465678602457,0.24408353865146637,0.0016817033756524324,0.0231010802090168,0.9523406028747559,0.022876612842082977,0.36551778565190557,0.9997673092991821,0.00023286656814446605,0.9308043555709276,0.07764149416626193,1.8988529775900937,1.897935625156794,1.9003601392661045,0.19003602072592526,0.04090839180059483,0.3655177859183439,0.00787303782146647,0.16492493681303233,0.15705189899156585,1.9003601392661045,0.07764149414348398,,,,,,,0.19003602072592526,42,syn_diag,281,2,0.8781232237815857,,,False,f9f64c3dd9d0af41b183714d5f636822888f7f0d22a3b11e42a7a099e347954c,2e92838d2d142c9713d1a2f50852b9a091eb4367d349862bee1e0e321c714469
0.9296875,0.10132987052202225,0.26588101791669366,2.62391544420296,3.6973819732666016,358.2432861328125,1174.200439453125,1697.25537109375,0.0008516486268490553,0.0027914729434996843,0.27049124240875244,0.0017737692687660456,0.024130094796419144,0.9503738284111023,0.023722296580672264,0.24995238098315878,0.999819215348296,0.00018103058664111526,0.9682581304672692,0.0753686542201836,1.8987312295181689,1.897935625156794,1.9003085595109401,0.19003086383521758,0.03971085911510695,0.24995238090042554,0.00014442345151399893,0.05632082995800855,0.05617640650649455,1.9003085595109401,0.07536865423879469,,,,,,,0.19003086383521758,42,syn_diag,282,2,0.8115657567977905,,,False,3bbb815c372a822277cdafbccfbb23f38f77d340568f1b768e91c823686b66b1,df8212dccf482b948fe110b436fc1e5943ef74f99f9ec6fcc4900ae94868ff6c
0.94140625,0.0902000218629837,0.254722152082285,2.823970088956988,6.452744960784912,425.008056640625,1199.59326171875,1539.9010009765625,0.0008336366736330092,0.0023529091849923134,0.15510550141334534,0.0016651798505336046,0.023165464401245117,0.9513322114944458,0.023837104439735413,0.3435856279294758,0.9997389968432788,0.00026125818990422337,0.9391213533187873,0.08400608228662652,1.8956460283597423,1.897935625156794,1.8976139347087142,0.1897613999267304,0.04426181856386318,0.3435856281363123,0.006162046632311749,0.13581511272068977,0.129653066088378,1.8976139347087142,0.08400608226069449,,,,,,,0.1897613999267304,42,syn_diag,283,2,0.7979303598403931,,,False,5e9f1a167c0908dcecbcb4b7ed505ce0bb26ef12bc9df6aa4bcc30bc5bf51c88,88bdacc655e7d9cc3cb25361bde385d7e79a51d834a8bd094e4dac3b1c3bde99
0.9140625,0.1232505664229393,0.29376983419369956,2.3835172348340357,1.8155405521392822,369.2337951660156,1305.867919921875,1876.0201416015625,0.0007658350514248013,0.0027083666063845158,0.5508792400360107,0.002047042129561305,0.02676239423453808,0.945488452911377,0.02570212073624134,0.2949943633968195,0.999823751895997,0.00017641138393686235,0.955498992956477,0.07849077473674523,1.8983530545331173,1.897935625156794,1.9000444069089297,0.19000444711704723,0.041355867763017265,0.29499436338775487,0.009065379009850034,0.12165040616275889,0.11258502715290886,1.9000444069089297,0.07849077475624722,,,,,,,0.19000444711704723,42,syn_diag,284,2,0.8474515676498413,,,False,008bc3c469c6e3fb12e51133ab6a807e0c41afe8f399390d85651abe6e0e762b,1b7b6dc5a595fe0e30e416409dcb3e178090b33da9259f8233d2a027c392dea5
0.9296875,0.12089736759662628,0.27743912505406754,2.2948320275589245,2.0735678672790527,296.83953857421875,1167.94384765625,1671.9373779296875,0.0008562460425309837,0.003369200974702835,0.48280829191207886,0.0020387577824294567,0.025823093950748444,0.9472030401229858,0.024935061112046242,-0.2176054274770971,1.0002786578003051,-0.0002778812659783038,0.9760368220070761,0.10114707518503735,1.9015728072777092,1.897935625156794,1.904302466687501,0.19043025436135166,0.05329320649462386,-0.2176054274241439,-0.018061921864490797,-0.358829842594756,-0.3407679207302652,1.904302466687501,0.10114707519718401,,,,,,,0.19043025436135166,42,syn_diag,285,2,0.6629610061645508,,,False,73f31b195bfd85310815ea0d9c8949631c933d4b02181658dc02464a595233b5,c9189d8a80ede13ed5fab6f676b0e7ec0865f6a19489bc8b065066344c44a3cb
0.91796875,0.11714296042919159,0.2847424862240728,2.430726432254985,2.2901153564453125,434.58935546875,1151.2022705078125,1483.2960205078125,0.0008692866540513933,0.0023010438308119774,0.4366755783557892,0.001888600760139525,0.024849198758602142,0.9486031532287598,0.024659059941768646,0.36730959851694317,0.9996871838256517,0.0003131306236061503,0.9300987360583434,0.08653378417140196,1.9016205153767012,1.897935625156794,1.9033033938935613,0.190330346752073,0.045593635012888045,0.36730959891018533,0.004081847587535159,0.13484956684951768,0.13076771926198252,1.903303393893561,0.08653378410542753,,,,,,,0.190330346752073,42,syn_diag,286,2,0.7335658669471741,,,False,8fd68e03a6b7706f666a50c266da7fceb1445a012c5525d963b2bde785c8bb88,3df765ca6500d0d7ecd99f5c5b3bed47494b7c99e61bd6988a7d98896756f3f3
0.92578125,0.12633295357227325,0.2945151435246749,2.331261514256037,1.5748333930969238,341.0758056640625,1126.46533203125,1678.4063720703125,0.000887820147909224,0.0029330819379538298,0.6354225277900696,0.001900113420560956,0.025875825434923172,0.946580708026886,0.025643348693847656,0.34775685129599065,0.9997287304043445,0.0002715376467969499,0.937584754760273,0.09868031477293691,1.8964125085428185,1.897935625156794,1.8991013173876952,0.18991013897807346,0.051993499392126455,0.34775685048366073,0.0026902102276295304,0.052176084223100744,0.04948587399547121,1.8991013173876952,0.09868031479613455,,,,,,,0.18991013897807346,42,syn_diag,287,2,0.6704829931259155,,,False,7c0c888f843151616f66519e39de8b59d51186c93be8ee64c4a084b6b14f1851,cb04bb6774610afb3d49760027e6bd990b81d80f272a6dd5d3b94928166b1786
0.91796875,0.12856066226959229,0.30533627318064727,2.375036492796094,1.2364177703857422,378.2374267578125,1173.9364013671875,1644.674560546875,0.0008518712129443884,0.0026438420172780752,0.8112291097640991,0.001844095066189766,0.024011030793190002,0.9496164321899414,0.02452845498919487,0.38053600366470547,0.9996793397177398,0.00032096457798767126,0.9247661055083904,0.09641431604300608,1.896800718310282,1.897935625156794,1.8994237494574455,0.18994238212764034,0.05079957126311395,0.38053600395522963,0.0032447667296741063,0.07232100560733722,0.06907623887766311,1.8994237494574455,0.09641431603704825,,,,,,,0.18994238212764034,42,syn_diag,288,2,0.7166987657546997,,,False,8cbe6151fcc15d9bca0259d44dc3ad5106df8ea3939c92e94d4b60affd52cc0e,a34164984fd2438409dae468d4cf22ef73cba916f03e8efc023fa889c3248bd1
0.90625,0.12739485502243042,0.299235974358078,2.348886006490889,1.5513741970062256,423.3132019042969,1294.790771484375,1825.5404052734375,0.0007725388277322054,0.0023623176384717226,0.6483497619628906,0.0019215734209865332,0.02625732123851776,0.9457050561904907,0.0261160247027874,0.11489262082785426,0.9999238858823029,7.633191885346268e-05,0.9933779168339809,0.07623761555020389,1.8909336855434524,1.897935625156794,1.8923160441274858,0.18923161111323414,0.04016870463868631,0.11489262091932338,0.0034832460595233443,0.036036185173588496,0.03255293911406515,1.8923160441274858,0.07623761553716393,,,,,,,0.18923161111323414,42,syn_diag,289,2,0.802035927772522,,,False,0fd8bd33655dfc94f3f0ba26aff197b68b88b7559de34b8ed1b436f3c8fc1329,856d212a0416289519956efdd292a28e54eb3ba54c25d9cdae8d2c2d33da7f73
0.94140625,0.09723830968141556,0.2547404447089646,2.6197538510007785,3.5231359004974365,453.5014343261719,1284.5784912109375,1784.8743896484375,0.0007784655317664146,0.002205201890319586,0.2838698625564575,0.001710002077743411,0.02406158670783043,0.949694037437439,0.02453433908522129,0.3251160448333129,0.9997807701407501,0.0002194335999145804,0.9456741285299948,0.085259734606162,1.8992960453654286,1.897935625156794,1.9010879101411249,0.19010879805875674,0.04492235325372193,0.3251160447945443,0.006092957353815917,0.09291770551649502,0.0868247481626791,1.9010879101411249,0.08525973462744407,,,,,,,0.19010879805875674,42,syn_diag,290,2,0.8021813035011292,,,False,5552645d3dbdc5c6d06e8e272f955b27f8f909abcd484b4e5e0aa0efff5e7c54,94c74563dec5f49fe0e91a4ecf33378bf3d671d62ce856bf1850133e21a134b8
0.93359375,0.11279721558094025,0.277798088817398,2.4628096003525077,2.061972141265869,415.461669921875,1250.112060546875,1724.9854736328125,0.0007999346125870943,0.0024069929495453835,0.4849805235862732,0.0017869204748421907,0.02365526184439659,0.9501605033874512,0.02439732477068901,0.35720200425733156,0.99974557129141,0.0002546504570943476,0.9340271559938059,0.08442345275644021,1.8964168307655223,1.897935625156794,1.8981597199066385,0.18981597872868108,0.04448172616466971,0.3572020043926817,0.0022306830279722823,0.1517305368329003,0.14949985380492803,1.8981597199066385,0.08442345275312982,,,,,,,0.18981597872868108,42,syn_diag,291,2,0.7809606790542603,,,False,1cb46cd816fcf97f9b52c047721f3f2be500548eae61d9eb9fd0bef4e78fcf9f,1c342c1b29ae456fefde49d7a8563cb1989cf14969ad2275252524b2e54f5f4b
0.91015625,0.12914933264255524,0.3004788569755121,2.326600144687845,1.3390593528747559,371.2383728027344,1265.4517822265625,1892.11572265625,0.0007902317447587848,0.002693688031286001,0.7492849826812744,0.0019292599754408002,0.025920893996953964,0.9459757208824158,0.026174161583185196,0.1891554521149966,0.9998836944939375,0.0001164883683581616,0.9819471548455946,0.07470757737857357,1.898277302830078,1.897935625156794,1.89976698598104,0.18997670461680155,0.03936254548800221,0.1891554520978105,0.0034821739139672234,0.09962660818466432,0.09614443427069709,1.8997669859810402,0.0747075773832873,,,,,,,0.18997670461680155,42,syn_diag,292,2,0.7729851603507996,,,False,be885e2abb83b810f594b8ad3a88128dfab7dedc591d766cf66206b6e58b8406,304c6f61d217e0a34353f4f61be8380eb5b8400c313d2acef4b7e1f5f44f9166
0.9140625,0.12165572494268417,0.2878751586749586,2.366310023904232,2.396243095397949,385.0707702636719,1312.9385986328125,1691.3369140625,0.000761662027798593,0.0025976344477385283,0.42171552777290344,0.0018521021120250225,0.025225969031453133,0.9470944404602051,0.02582751214504242,0.248120187720734,0.9998273230959142,0.0001729048016976746,0.9687292565114924,0.07781817872731585,1.8920996426136485,1.897935625156794,1.894055230497404,0.18940552989359044,0.04100148482161826,0.24812018719186524,0.001972694492112837,0.0909580013346585,0.08898530684254567,1.894055230497404,0.07781817875285381,,,,,,,0.18940552989359044,42,syn_diag,293,2,0.7586899995803833,,,False,e0a06e433088e8bbfce8e5fec3270e2b5accb635a9ef73792bac279b9b1174e9,884da8df955e62da1a1d3931ff50cf5ad594418f43322aabb2bdc69892c55f7d
0.92578125,0.11317960172891617,0.28427486186637474,2.5117147362296537,2.0539608001708984,444.05267333984375,1240.4871826171875,1859.9736328125,0.0008061348926275969,0.0022522839717566967,0.48686715960502625,0.0017779695335775614,0.024792611598968506,0.9479081630706787,0.025521256029605865,0.34653104500352205,0.9997488416150766,0.0002513899814788133,0.9380385039159392,0.08837486566133952,1.902237275459818,1.897935625156794,1.9042201489072619,0.1904220216695956,0.04656367923648203,0.3465310447647282,0.006383230932718959,0.12904653619280243,0.12266330526008347,1.9042201489072619,0.0883748656813323,,,,,,,0.1904220216695956,42,syn_diag,294,2,0.8125383853912354,,,False,aa1916c8cbcd4e5309797492024c31e855179d1302ab1862e70fd19f133d0c38,382aae644e4426dcc3e60b3e22a51001dbdd064becae18e4fbc0e457d228edd8
0.92578125,0.1170283779501915,0.28609029337740305,2.4446232988970604,2.2220120429992676,363.61834716796875,1292.4853515625,1741.341796875,0.0007737499545328319,0.002750171348452568,0.4510164260864258,0.0017027072608470917,0.024826135486364365,0.9465132355690002,0.026957936584949493,0.3446338848100471,0.999759574839529,0.00024064003369747827,0.9387371759017887,0.08526938328831563,1.8977020262882909,1.897935625156794,1.899308826112327,0.18993088967039987,0.044927437031077565,0.34463388472391454,8.043653780608737e-05,0.06613079196996863,0.06605035543216255,1.899308826112327,0.0852693832887607,,,,,,,0.18993088967039987,42,syn_diag,295,2,0.7172820568084717,,,False,c6b1349cd65beccd214f0f5413beed565c8bb1298c3882a491a2c0a0ea8d2abb,0139679b22f87855b4f476f9b55399e9232672144ead9d0bad537fbfb0acc6ce
0.88671875,0.1521083414554596,0.3245301901273169,2.133546281989399,0.6653791069984436,335.1640319824219,1358.3726806640625,1991.8636474609375,0.0007361895404756069,0.0029843123629689217,1.0,0.0019959895871579647,0.026671316474676132,0.9449112415313721,0.026421472430229187,0.32150863645150707,0.9998047078790385,0.00019545784675423268,0.9469066462244188,0.07757597083793619,1.9030621077883287,1.897935625156794,1.9050124782462619,0.1905012553134648,0.040873868328113884,0.32150863685069864,0.007167681733772043,0.10349932883319161,0.09633164709941958,1.905012478246262,0.0775759708101902,,,,,,,0.1905012553134648,42,syn_diag,296,2,0.811840295791626,,,False,24f571632dee5c6750b1cace559c78a6626825a22322fca0c574ad6d6d909e19,237172cfa8c3b3702928b68c928397fad8d941f6cb48be2980e9e4bda934df29
0.90625,0.13548588752746582,0.3062097319198271,2.2600859445896253,1.3571879863739014,334.70458984375,1283.00537109375,1831.9700927734375,0.000779422465711832,0.002987711224704981,0.7370245456695557,0.001942494185641408,0.025623641908168793,0.9460725784301758,0.026361268013715744,0.3369062216188298,0.9997169577874467,0.0002833558408037142,0.9415382083678409,0.09849917972286469,1.899842103470042,1.897935625156794,1.902481470166115,0.19024815392546618,0.05189806146068599,0.3369062215124259,0.004941890063240725,0.08144282099154325,0.07650093092830253,1.9024814701661148,0.09849917972608752,,,,,,,0.19024815392546618,42,syn_diag,297,2,0.7328157424926758,,,False,0632845dde98af81c035d00cbcab4b570d8cf47323773b35c3c28e6b99be49e0,0d506eee68eae23015e93db4fa516349794bdeb60c1d475b4d5ae835ad669b1c
0.93359375,0.11077913641929626,0.2752855676395731,2.484994552149208,2.4877800941467285,321.86724853515625,1366.4505615234375,1793.511474609375,0.0007318237330764532,0.003116182517260313,0.40324634313583374,0.0017507589654996991,0.024643447250127792,0.9476938247680664,0.025911960750818253,-0.029830281694893167,1.0000200896098936,-1.986801041599928e-05,0.999554978111253,0.07396533926746589,1.9025820533099758,1.897935625156794,1.9040392228249197,0.1904039285219684,0.038971468940795305,-0.029830281695089438,-0.0036581117428270042,-0.1477024477038348,-0.1440443359610078,1.9040392228249197,0.07396533924863376,,,,,,,0.1904039285219684,42,syn_diag,298,2,0.7385129332542419,,,False,e6cd4453cbfc5476e71ea9ab5824c7ea6e57b75f910211f109d9f6be37a351dd,195cffb1aad6ba53c04e9b40a0351ad19a36388d791a00cbe5119754e7402849
0.91796875,0.11582724750041962,0.2872191338415123,2.479719967400675,2.2760419845581055,309.85186767578125,1260.2340087890625,1774.385986328125,0.0007935043540783226,0.003229229710996151,0.43960729241371155,0.0017195394029840827,0.024401292204856873,0.948575496673584,0.025303613394498825,0.013021247914674905,0.9999906489984907,9.624097470558368e-06,0.999915219944294,0.0754632722791925,1.9004706956815152,1.897935625156794,1.901788555585571,0.1901788626230712,0.03976071225962603,0.013021248377625324,-0.0026578099622831843,-0.05051970512750385,-0.04786189516522067,1.901788555585571,0.07546327223719733,,,,,,,0.1901788626230712,42,syn_diag,299,2,0.6555125713348389,,,False,f5bdf5f99e52b79327665a8f55bf6ef1ae3066fc3e4a92106898b100cd820b3b,2ceff35f5c96f76f0c6c5d104a0c9e5dec634b6194186f7c92b00ba173d6efbd
0.9375,0.09593245387077332,0.2558191157629193,2.66665882522482,3.4621222019195557,441.6315612792969,1404.906494140625,1795.4384765625,0.0007125614793039858,0.0022643841803073883,0.2888421416282654,0.0016057058237493038,0.023057587444782257,0.9508617520332336,0.02447493001818657,0.34983094269075277,0.9997690242104712,0.00023116744133576102,0.9368128476458253,0.08044610063174745,1.8981056488788912,1.897935625156794,1.9000218014305346,0.19000218749635014,0.04238610602246279,0.3498309425797637,0.006020994555889755,0.16819610730157666,0.1621751127456869,1.9000218014305346,0.08044610061958263,-154.94874065993992,0.02622386038985968,1.0566648746062155,8304.63671875,0.8669792413711548,0.8634613752365112,0.19000218749635014,42,syn_diag,300,2,0.8719618320465088,0.7369558080673217,0.7471,False,b482de82c1cd99ba0c210ae0d95ed1c1e7623849ec3cfd277b9d77b268a5a56e,36e7c4315cc11164541ba222538bb9d19fac2ed6bc79a8a9252cfba6ea582ca3
0.91015625,0.1259918212890625,0.3017995664070428,2.3953901381047857,1.3822730779647827,222.60031127929688,992.5213012695312,1487.7635498046875,0.0010076899779960513,0.004495863802731037,0.7302745580673218,0.0015496022533625364,0.026494165882468224,0.9500794410705566,0.021876834332942963,0.17570595397885647,0.9997766596329258,0.00022412899323422672,0.9844426939726724,0.09592091411736137,1.9006137293347112,1.897935625156794,1.9031176880844471,0.19031177556202655,0.050539603580804546,0.1757059540764166,-8.044389988409575e-05,-0.035053965617645316,-0.03497352171776122,1.9031176880844471,0.09592091410131134,,,,,,,0.19031177556202655,42,syn_diag,301,2,0.7102339267730713,,,True,9c333801f2fd89448f76fddddaeecf0d98719fea6f8809a7f628f7fe049a1c91,16302bc0758d21ad97ff8c515a41315da5f0b7c87186404feb551be633ee6fbd
0.87109375,0.1747225522994995,0.35144580012867277,2.0114505474438937,0.5151351690292358,263.38970947265625,1098.3187255859375,1421.165283203125,0.0009104837663471699,0.0037966612726449966,1.0,0.0017188608180731535,0.028583670035004616,0.946053683757782,0.023643776774406433,0.4702563121228354,0.999643487562383,0.00035673662432983406,0.8825298866849395,0.09441743694080083,1.8976744226618996,1.897935625156794,1.899709119717919,0.18997091973928154,0.04974743910660878,0.470256312018101,0.00855929976412309,0.2244515365453537,0.21589223678123062,1.899709119717919,0.09441743693189561,,,,,,,0.18997091973928154,42,syn_diag,302,2,0.8426583409309387,,,False,3635234ce0eb5c5c6c2265c440a188d774823b0cdeab3703562817ee9f3e7810,add7bc71f94795dc6a489f986bc189c5eb12145ff2759c0c0f67f0f185098b84
0.89453125,0.16180264949798584,0.32975240808118494,2.037991269020023,0.8505303263664246,299.62890625,1012.82861328125,1636.014404296875,0.0009873983217403293,0.0033375094644725323,1.0,0.0016397262224927545,0.026871325448155403,0.9481159448623657,0.023373015224933624,0.3627387433035048,0.9997268815730738,0.00027336509732141235,0.9318908756307326,0.07624358400864607,1.8951022619068942,1.897935625156794,1.8967153456759691,0.18967154131374397,0.040171849349372526,0.3627387436698628,0.006902155564376192,0.19555278558416453,0.18865063001978832,1.8967153456759696,0.07624358399671671,,,,,,,0.18967154131374397,42,syn_diag,303,2,0.8044945001602173,,,False,1add9fb133e8818449d008488c0d6ffe4926049686989c382b21871fe1930d54,eb66987158dbd0f5edca7a73e9d2dbed2c16d8d5b5e28dfcdaf3ca5ca0f56440
0.8984375,0.13143904507160187,0.3105731884154632,2.3628684387803713,0.919049859046936,262.12750244140625,1102.215087890625,1517.5845947265625,0.0009072638931684196,0.003814961528405547,0.9550211429595947,0.0015470122452825308,0.027290984988212585,0.948820948600769,0.022341042757034302,0.431465162240628,0.9996343134533574,0.00036597942591302344,0.9021295991994762,0.07802508270918931,1.890337974061819,1.897935625156794,1.8921401280634549,0.18921402006072358,0.041110500100709324,0.43146516207802255,0.009677032389617337,0.21268639788949809,0.20300936549988075,1.8921401280634549,0.07802508272545977,,,,,,,0.18921402006072358,42,syn_diag,304,2,0.70493483543396,,,False,3d562aa9d677ffdcf6af8b3d6ab2e58a4a768f98d40030979e03b2b3cd5a7a9d,406a82ac1b64f2eb684ddab6122ee6a6b92fc9eec958daee70c9d9b37adf5575
0.92578125,0.10944876074790955,0.27922376485909156,2.5511824907699303,3.2445483207702637,360.90283203125,1180.6380615234375,1610.8309326171875,0.0008470178581774235,0.0027812733314931393,0.3088023066520691,0.0013603102415800095,0.025081817060709,0.9521056413650513,0.021452229470014572,0.45711695827702065,0.9996846466102299,0.00031554191398383617,0.8894065923061366,0.08813730056009657,1.8938788332558727,1.897935625156794,1.89588305393015,0.1895883122250386,0.04643850897354269,0.45711695838960087,0.011942839995925424,0.2573562230356443,0.24541338303971888,1.89588305393015,0.08813730055084648,,,,,,,0.1895883122250386,42,syn_diag,305,2,0.9586654305458069,,,False,ec18366d84fc574c1b6c19ffd61571d6f6eb2147c4badc95cf44d82d2b96c63f,98f108d05ab066b60181e7acbe5cf0998220b708ff3a9a904837eaae8b19553a
0.91796875,0.1318308413028717,0.2986362756638121,2.265299092126785,1.5806777477264404,302.5211181640625,1069.829833984375,1589.7938232421875,0.0009347892482765019,0.003305556485429406,0.6327347755432129,0.0014996244572103024,0.02626078948378563,0.9496654868125916,0.02257409878075123,0.28837656683458973,0.9997790951106508,0.000221174607173382,0.9575170785296424,0.07407807797654035,1.895647009106371,1.897935625156794,1.8971877704507996,0.18971878414795373,0.03903086964310579,0.2883765666540948,0.0017468546065886462,0.15788951242328708,0.15614265781669845,1.8971877704507996,0.07407807796082923,,,,,,,0.18971878414795373,42,syn_diag,306,2,0.8069816827774048,,,False,4b7ab3566cf2f64b5f4651cb4ac0530412af7dd918b82dbf94d797e28b2c28ca,770f6a0dc8832eb577955b94e8f574d964aed2deff71e3d266fd9f9ea2ed8fd7
0.88671875,0.15645010769367218,0.3342228132197034,2.1362901046176375,0.6841098070144653,233.98300170898438,1048.313232421875,2046.2259521484375,0.0009539425373077393,0.004276677034795284,1.0,0.0015591811388731003,0.026067331433296204,0.9493324160575867,0.023041056469082832,0.1752081366850762,0.9998171847581575,0.00018334605695305054,0.984531415860901,0.08703794400855508,1.8914990590627723,1.897935625156794,1.8937868377449838,0.1893786916775537,0.04585927091247827,0.17520813686073736,-0.004176593140787473,-0.14545934663869556,-0.1412827534979081,1.8937868377449838,0.08703794399544156,,,,,,,0.1893786916775537,42,syn_diag,307,2,0.7070832252502441,,,False,d4d6c3f14c3f9d320f8f6f93866682f4de4ba10b6d9639e392700d3eb4a9cfde,c1000a333998de8aea26f5579fb446a062cc545f1912961afba0a857fa65d8f6
0.875,0.16661500930786133,0.3366508158301978,2.020531097289225,0.5817809700965881,232.6000518798828,1120.3212890625,1647.3546142578125,0.0008926240261644125,0.004300964530557394,1.0,0.0015431122155860066,0.02508813887834549,0.9521845579147339,0.02118414267897606,0.095439471994752,0.9999141889040501,8.621543657199451e-05,0.9954352350409091,0.08117836308456916,1.8991953367814955,1.897935625156794,1.9007460387283437,0.19007461017350197,0.04277192651242847,0.0954394720855802,-0.0024870735046361274,-0.07896457331279762,-0.07647749980816149,1.900746038728344,0.0811783631037597,,,,,,,0.19007461017350197,42,syn_diag,308,2,0.7519481778144836,,,False,99f6d365099f1a4e85d3d2fb439dee360bc90a02d9d518e9889b80ae7a50e7b3,3acef49fe10ea31443e681d6253c567121b47c22fc8147d0f39687ae5ab2963a
0.89453125,0.1436229944229126,0.3178056223264251,2.212776926002723,0.7318172454833984,227.03689575195312,1132.6185302734375,1526.8077392578125,0.0008829118451103568,0.004405831918120384,1.0,0.0014802259393036366,0.02616969123482704,0.9496522545814514,0.022697802633047104,0.1649844812857368,0.9998770755877415,0.00012319564533263378,0.9862961628791623,0.07871350698304538,1.8995556295322986,1.897935625156794,1.9010390878885086,0.19010391442881042,0.04147322276881817,0.16498448147243266,0.003705002924661929,0.0912380602709903,0.08753305734632837,1.9010390878885086,0.07871350697348321,,,,,,,0.19010391442881042,42,syn_diag,309,2,0.78554767370224,,,False,29fee64149253f8e59b8fc44961c5970ac37a5e74cc759ee8d03939060b7b596,369f8357a51bc6eb6d81c9098e28d62fa664996413aad4e87908c2e3eed3e2fd
0.890625,0.1474830061197281,0.32497263967959344,2.203458360770927,0.5838896036148071,282.23126220703125,1128.814453125,1766.4796142578125,0.0008858898654580116,0.003543312195688486,1.0,0.0015264551620930433,0.02551240101456642,0.9495006203651428,0.02346048876643181,0.5747204999433727,0.9995955132233285,0.00040465284065769366,0.818349770530471,0.07625218690783758,1.8967284076193178,1.897935625156794,1.8983526580871026,0.18983527236230233,0.04017638211596244,0.5747204998832722,0.013258932699663013,0.3542354325492895,0.3409764998496265,1.8983526580871029,0.07625218691808283,,,,,,,0.18983527236230233,42,syn_diag,310,2,0.776495635509491,,,False,7bf023e421c55d1b4db0d0c34a41379a126d2477802229674945e15503ccf59d,d62f6d50c09c63e2d1f82338257e7ef8987a1804e9900998fe1f5e4270ce5a1b
0.92578125,0.11671911180019379,0.2740386341974079,2.347847086644917,2.546369791030884,248.08790588378906,1041.757568359375,1519.8350830078125,0.0009600217454135418,0.004030901938676834,0.39396607875823975,0.0013928082771599293,0.02465178817510605,0.9526985287666321,0.021256890147924423,0.31012846624404106,0.9997452062166163,0.0002550996268571087,0.9506946588689151,0.0777962209868923,1.9002203541787697,1.897935625156794,1.9018562902941178,0.19018563589902185,0.04098991554596291,0.31012846621095735,0.004762699710570298,0.10288995644480613,0.09812725673423583,1.901856290294118,0.07779622100257606,,,,,,,0.19018563589902185,42,syn_diag,311,2,0.6719284057617188,,,False,6a1ef1e4ee340416e5dfc59a01b6b50be7297ab0768f4efa81df46edbec859e1,3a009d81dd3f106f0772c3da9980d871caab47a668bb51ba01dcaa70b91f373f
0.92578125,0.12311992049217224,0.2916002140897706,2.368424491973021,1.591511607170105,305.3141784667969,1053.3927001953125,1677.0445556640625,0.0009493732359260321,0.0032812657300382853,0.6283472776412964,0.0014156284742057323,0.02597177028656006,0.9492228031158447,0.023389754816889763,0.5484568918228714,0.9995759111940159,0.000424298125545412,0.8361788312282931,0.0790902274425586,1.8954533040312904,1.897935625156794,1.8970959154378795,0.18970959774639076,0.0416717123564099,0.5484568911037312,0.012945282021225706,0.34122182415817176,0.32827654213694607,1.8970959154378795,0.07909022745640348,,,,,,,0.18970959774639076,42,syn_diag,312,2,0.7409096360206604,,,False,c28fc7f9f3bba57449071a9c8ce8821d0c0dbed27d766965fdd00ea42815a504,03fe554e28f728e661707d1d167a2f11725b3228fe0eb1493c187f0f5c637f1e
0.91796875,0.13848529756069183,0.29850358290736156,2.1554894044156465,1.4710710048675537,210.7122802734375,1099.705078125,1463.4755859375,0.0009093561093322933,0.004746083170175552,0.6807103157043457,0.001519863842986524,0.025459961965680122,0.9510759115219116,0.021944290027022362,0.18356958537913537,0.999845990499494,0.0001543511400684118,0.9830067178303907,0.08034038175369652,1.8960395529046536,1.897935625156794,1.8977149359949463,0.18977150095879616,0.042330403986709,0.1835695855784845,0.0003646363429710528,0.005573323122507857,0.005208686779536804,1.8977149359949463,0.08034038170642845,,,,,,,0.18977150095879616,42,syn_diag,313,2,0.7307436466217041,,,False,19beac2001bb18cada93818d1e35e4ed5d052c24b03f6b9c585e3b206afdb9b4,aba8f3b058c673ba4097fdbe960397c3d0bd082c3580f13f2f5b029ae11e2643
0.8984375,0.15580588579177856,0.3246241734037849,2.0835167172412468,0.995282769203186,300.1096496582031,1100.013671875,1532.144287109375,0.0009090800303965807,0.00333239883184433,0.9788575172424316,0.001528316643089056,0.025196287781000137,0.9510546326637268,0.022220749408006668,0.42544686659949105,0.9997098076414004,0.00029038318109080946,0.904983405194977,0.07319371692687249,1.8983717196000984,1.897935625156794,1.8996527571674888,0.1899652821014554,0.03856491018802978,0.4254468666990152,0.002876346684608878,0.22477306228228183,0.22189671559767296,1.8996527571674886,0.07319371692176224,,,,,,,0.1899652821014554,42,syn_diag,314,2,0.7830606698989868,,,False,81845146de2dad8e777d77ebdb7174d7bcf5ca45806c572131028b059d917403,ba391a748bf4c17ccd039a57da853d9ff68adb2117a08e050461a4f6af6741a5
0.90625,0.12214075028896332,0.2961433614903093,2.4246072888380326,2.061844825744629,283.88006591796875,999.090087890625,1323.6705322265625,0.0010009666439145803,0.003523224964737892,0.48503124713897705,0.001326687284745276,0.024653036147356033,0.9510278105735779,0.022992480546236038,0.486782783512668,0.9995283321923355,0.00047202671839569554,0.8735230515886291,0.08054100700881353,1.8927809902034758,1.897935625156794,1.894340443593925,0.18943405076517542,0.042436111078381474,0.4867827838632135,0.006162723613731789,0.17038030447992245,0.16421758086619065,1.8943404435939253,0.0805410070008323,,,,,,,0.18943405076517542,42,syn_diag,315,2,0.6285962462425232,,,False,6a9f67a4b63508d4ba4179464c4a3cc6d4732c5703c2c6f718f1ea59c7226dd1,7fda6df7631f400368e30ec22f39573ade11e4ddbfadaa49add2b19f185752f4
0.88671875,0.1676127016544342,0.3330813693150229,1.9872084441572906,0.7474192380905151,197.0639190673828,992.0140991210938,1399.204833984375,0.0010081145446747541,0.005074759013950825,1.0,0.001650512800551951,0.028803102672100067,0.9445207715034485,0.025025617331266403,-0.028769263892078668,1.000034203952838,-3.352554646583409e-05,0.9995860790508073,0.08710798018015863,1.8975092026482057,1.897935625156794,1.8996617389283863,0.18996618150965364,0.04589617214910357,-0.028769264075370997,-0.002516647595627114,-0.0847740870406284,-0.08225743944500129,1.8996617389283863,0.08710798020098857,,,,,,,0.18996618150965364,42,syn_diag,316,2,0.6232025623321533,,,False,ef6baedb20eb4426b3ceb853d89724cae5afa20b09b6a43ede9ea57c869b3a8a,b3e371b131e74c9a4498781b0141cca81600c3624b0291c27c382b82fd050f48
0.89453125,0.1492203176021576,0.3195733872598978,2.1416211505750886,0.930320680141449,192.7938690185547,1107.828125,1536.8828125,0.0009026671759784222,0.005190055817365646,1.0,0.001526327570900321,0.02628428116440773,0.9478530883789062,0.024336298927664757,0.07884952994951006,0.9999334721237694,6.68854415548521e-05,0.9968865289480163,0.0692119279984239,1.897581960318576,1.897935625156794,1.8987804685845282,0.18987805356862056,0.03646695234600996,0.07884953016300399,-0.003916260890347567,-0.05462909439335839,-0.050712833503010826,1.8987804685845282,0.06921192800503012,,,,,,,0.18987805356862056,42,syn_diag,317,2,0.7132103443145752,,,False,57e5cab27b606acae32c056823016a38d1403c1da22e89c3ba90b820fb3775ff,e9ea59fffeb44a6289db04046600a43803c033e70b2450d9e9e1c7f502d942eb
0.90234375,0.12847113609313965,0.29803287165860953,2.3198431752738573,1.9185854196548462,259.6080017089844,1192.783447265625,1739.7056884765625,0.0008383754175156355,0.0038569672033190727,0.5215194821357727,0.001370842568576336,0.02459089085459709,0.9519824981689453,0.022055789828300476,0.5562675978839385,0.999562101759269,0.0004381125147233274,0.8310032247406974,0.09210901523140183,1.8990293338892865,1.897935625156794,1.9011133108739824,0.19011133854940376,0.04853115880774086,0.5562675980741272,0.01198114414597877,0.258813912881591,0.24683276873561222,1.9011133108739824,0.09210901522442791,,,,,,,0.19011133854940376,42,syn_diag,318,2,0.7990012168884277,,,False,76e6b135e8ab036bcbf7c0e96c41265f65424c04d2be51586939d5d29f1a1f7a,f571189d0848e5fcf985368701c6b637e48839c728b10ff2d52e14e64b1d6084
0.8828125,0.17167912423610687,0.335269959596999,1.952887071629185,0.6894073486328125,253.78285217285156,1135.853515625,1682.05224609375,0.0008804436074569821,0.003943244926631451,1.0,0.0015015366952866316,0.02515946514904499,0.9500657916069031,0.023273194208741188,0.37517604350995704,0.9996699292556103,0.0003304040556192683,0.9269535783172914,0.08189604179090487,1.8968084871907076,1.897935625156794,1.898796985931613,0.18987970472485077,0.0431500629975772,0.37517604315739195,0.013033783980046317,0.20782016558463579,0.19478638160458947,1.8987969859316132,0.08189604180649113,,,,,,,0.18987970472485077,42,syn_diag,319,2,0.6981625556945801,,,False,f56057df1e14cfee779f4b33723e16b1679ed8e938076621bf3af821b4e00215,950101d7d9b0fdf80436dc36362945f0f9474cc9ca3d01272d12f52bff986868
0.89453125,0.14582303166389465,0.3162512356582875,2.168733171539422,0.7735733985900879,284.3924865722656,1070.974365234375,1496.5550537109375,0.0009337404044345021,0.0035162910353392363,1.0,0.0013829523231834173,0.024726329371333122,0.9510704278945923,0.022820301353931427,0.484792559914181,0.9996482876006194,0.00035191401861071176,0.8746291636064273,0.07293718768443085,1.8964323055829597,1.897935625156794,1.8981665303766522,0.189816661724323,0.038429747941723186,0.48479255991780074,0.006522969022111576,0.2678844261062374,0.26136145708412584,1.8981665303766524,0.07293718769294438,,,,,,,0.189816661724323,42,syn_diag,320,2,0.6825861930847168,,,False,925771151306781947f09d5e183e4e7ef500a2b61995e45b802330389cde7531,5744f3ae62627268323bebd9b1e7b3838db3822f440249e516a7edcbbbe503db
0.8828125,0.16183237731456757,0.3317475137269757,2.04994524373228,0.7336059212684631,237.6046142578125,1119.066650390625,1617.0106201171875,0.0008936021476984024,0.0042089978232979774,1.0,0.001495570526458323,0.0260549895465374,0.9497510194778442,0.02269841730594635,0.22042311637547812,0.9998205709738821,0.00017974541318692332,0.9754043519189276,0.07629900307976462,1.8954900261336305,1.897935625156794,1.8971563250536527,0.18971563922090037,0.04020104900735035,0.22042311623563834,0.002198517065379813,-0.021933567574837963,-0.024132084640217776,1.8971563250536527,0.0762990030765976,,,,,,,0.18971563922090037,42,syn_diag,321,2,0.7720502614974976,,,False,cd3a3435a3fa79a0038755c0d06ddecc81aadff67fa07a04930d82ae01df4fc5,e61dd7eb029d1c07342062eb6367bab858e4eea9c36bb00c66b93b0cde424c68
0.90625,0.14666295051574707,0.312992791005357,2.1340961060647916,1.2037709951400757,232.22982788085938,1114.498779296875,1595.28515625,0.0008972648065537214,0.004306192975491285,0.8354557156562805,0.0014248306397348642,0.024621732532978058,0.9508675336837769,0.02308584377169609,0.5154733458731713,0.9996070643454875,0.0003931493076588732,0.8569056130495518,0.07942749989652498,1.89361006393702,1.897935625156794,1.8955233688054909,0.1895523442324884,0.04184941725298053,0.5154733459523582,0.013374628589768327,0.28023213212019354,0.2668575035304252,1.8955233688054909,0.07942749989363192,,,,,,,0.1895523442324884,42,syn_diag,322,2,0.7239515781402588,,,False,1d1dce24dfc86b1df6f9505ec4a99472e31411b59911d744c61e6968d3a95c50,7aa141ac4a3a310063f394454702bfccf4e61cdeed6ddd7f19445482c79836cd
0.921875,0.11620958149433136,0.2875812037905668,2.474677289444735,2.065737724304199,296.08563232421875,1103.078369140625,1503.472412109375,0.0009066318743862212,0.0033775356132537127,0.4841631054878235,0.0013205597642809153,0.025391243398189545,0.95017009973526,0.02311810478568077,0.3782816930728489,0.9996512419014746,0.00034912317168530796,0.9256905318009933,0.08597696607157122,1.896334870157479,1.897935625156794,1.8985234504570112,0.1898523523171097,0.04530025409287689,0.37828169284071905,0.006901505174668702,0.09086319909475093,0.08396169392008224,1.8985234504570112,0.08597696607520071,,,,,,,0.1898523523171097,42,syn_diag,323,2,0.6722295880317688,,,False,a7bb52b9f6bae115fd04d0c83ee5f665baa1c4bc45a5082ca87fa4fdef188e1d,76f6a38aa600665a7fe9ba6529cf3cca534a48295db27d7895f381b33ae57eac
0.90625,0.14136388897895813,0.3077887068869697,2.177279517161276,1.3060559034347534,233.9299774169922,1162.6771240234375,1613.940185546875,0.0008601004956290126,0.00427479762583971,0.7657755613327026,0.0014205577317625284,0.025628169998526573,0.9498986601829529,0.023052610456943512,-0.09475758580953923,1.0000680616718012,-6.78079506901455e-05,0.9955003766460133,0.06789439601402827,1.896676056513733,1.897935625156794,1.897812685990981,0.1897812753831528,0.035772760210654425,-0.0947575857119777,-0.0046341822719093186,-0.14141692426268765,-0.13678274199077833,1.897812685990981,0.06789439603726483,,,,,,,0.1897812753831528,42,syn_diag,324,2,0.7995119094848633,,,False,9d8b3129e302c0bd5ce8257402912af714b8151a0d7e1eab6bb1e5bde0619d5b,2ae7d29184029d42071b41d9164ed2b7e8704e5575e30e65ab620dafb4e01af4
0.859375,0.20051169395446777,0.3574520735537663,1.782699477543962,0.4032283425331116,197.7139892578125,1092.773193359375,1572.5733642578125,0.0009151126723736525,0.0050580622628331184,1.0,0.001563130528666079,0.025817617774009705,0.94983971118927,0.022779544815421104,-0.0050305914523167536,1.000004949834107,-4.542215250951462e-06,0.9999873464822683,0.08002490831247291,1.8954881578687812,1.897935625156794,1.8975122049841608,0.1897512277933602,0.0421641847340421,-0.005030591428578278,-0.004171529929107026,-0.10032133803192557,-0.09614980810281855,1.897512204984161,0.0800249083017832,,,,,,,0.1897512277933602,42,syn_diag,325,2,0.6570367813110352,,,False,cea8cb3ed7ed073f202c2849e8c59b85e3ba8f1e321cab1064747f4cf925d1aa,ebc0fc2e19fe5732dbc58eb85534fa8062faf63bb0d9682215843ebac7f9df07
0.90234375,0.147885262966156,0.31150681025160937,2.106408655048144,1.2008273601531982,247.3941650390625,1196.9539794921875,1672.505615234375,0.0008357273181900382,0.004042133688926697,0.8329085111618042,0.001460610656067729,0.02549605444073677,0.9498224258422852,0.023220866918563843,0.10169825756673936,0.9999267574287559,7.350106316589989e-05,0.9948152915887549,0.06808951086564317,1.8988504213750705,1.897935625156794,1.900019673071274,0.19000197464505394,0.035875563935411255,0.10169825771598907,0.0040426510505510976,0.015421875400957265,0.011379224350406168,1.9000196730712742,0.06808951084714952,,,,,,,0.19000197464505394,42,syn_diag,326,2,0.6561155915260315,,,False,d253088f5c1ca446202a6b8441feb134dd21facc60f41cca82e970df74ec6d2e,a9ca850d199f57724a0e679ba2caa4b59ef1d5f1be41fbb0468f08d4478032ef
0.890625,0.15788038074970245,0.32490855511415856,2.0579413316790753,0.7876830101013184,205.731201171875,1113.710205078125,1598.1484375,0.0008979020058177412,0.0048612384125590324,1.0,0.0014490088215097785,0.023473020642995834,0.9533644318580627,0.021713536232709885,0.29250322155729147,0.9997093015217637,0.000291151615272519,0.9562645373307799,0.08254720325284173,1.8993117536123603,1.897935625156794,1.900879775781104,0.19008798512918293,0.04349315232753417,0.29250322177888294,-0.00012280678508175036,-0.007170353541679714,-0.007047546756597964,1.900879775781104,0.08254720325963202,,,,,,,0.19008798512918293,42,syn_diag,327,2,0.6694421768188477,,,False,54248b083150c04d3cf0be26ac52e9630781a304e5f1cc77d9696575c0e88eef,102ba5dc84b87f1bbfe1321ec6f615e3000aea5f5fa95c27a892b30588b7ba04
0.89453125,0.14997638761997223,0.3207870890563149,2.138917340564741,0.7368819713592529,199.4324493408203,1142.39013671875,1515.2784423828125,0.0008755504386499524,0.0050147585570812225,1.0,0.0014042978873476386,0.024778882041573524,0.9504462480545044,0.02337055467069149,0.29431084757263526,0.9997673080499357,0.00023297819721539872,0.9557097493362021,0.07362848801550316,1.8929953829779442,1.897935625156794,1.8942154886161446,0.18942155572327848,0.038793985970615674,0.29431084739525626,0.0038328222472005158,0.1157200912948458,0.11188726904764529,1.8942154886161446,0.07362848800498585,,,,,,,0.18942155572327848,42,syn_diag,328,2,0.6579102277755737,,,False,786af4e13377779c79e37c24a1abd10932c2e84b9a01a8a62f8159957af1522b,2772791a2be1e315cc739580a83da403cf36252c9481147ec728bc75b57414ed
0.8828125,0.15643389523029327,0.33015832919853866,2.11052936592404,0.7310042381286621,216.07943725585938,1231.2354736328125,1646.913818359375,0.0008122132858261466,0.004630533047020435,1.0,0.0014749782858416438,0.026402553543448448,0.947796106338501,0.024326367303729057,0.29183198562631857,0.9997760378592978,0.00022423225031218403,0.956469598128153,0.08328187752182638,1.8953902406529566,1.897935625156794,1.896972033544214,0.18969721071311144,0.04388024357512249,0.29183198572891716,-0.001221467630136921,0.018393395068550023,0.019614862698686945,1.8969720335442137,0.08328187751071833,,,,,,,0.18969721071311144,42,syn_diag,329,2,0.8029754161834717,,,False,8c64d7146bbabd3998818b480887800f6b36906130cb06eb0fc899cdcfa4964c,c0239e995cb731bce36c8eb2592f050128ce61b101a57ecb66181f950029a927
0.86328125,0.18530723452568054,0.3510274123317758,1.8942995887106406,0.3508366048336029,173.129150390625,1131.79443359375,1634.3555908203125,0.000884849694557488,0.005776459351181984,1.0,0.0015647439286112785,0.025829646736383438,0.9484788179397583,0.024126822128891945,0.4085028293222307,0.9996929933186,0.0003072423957004095,0.9127570533344587,0.06963449595952596,1.892253181544769,1.897935625156794,1.8933706091594027,0.18933706872623277,0.036689598443960164,0.4085028292330414,0.01305008872641478,0.22786274684598565,0.21481265811957087,1.8933706091594027,0.06963449596241088,,,,,,,0.18933706872623277,42,syn_diag,330,2,0.6502827405929565,,,False,134ebc62dda10c1dd1fa32a9a0a8b7dfc44b64245f2ea63b2ce813e19b18ec81,fc0d2b760d8eb267bf91486865d20e44f8d3b33e7cf9983716d4d4c00e7fc45c
0.86328125,0.18055972456932068,0.35135335990416466,1.9459120112348218,0.48097890615463257,146.87277221679688,1182.161865234375,1748.5860595703125,0.0008459078380838037,0.006813687738031149,1.0,0.0014979350380599499,0.02526462823152542,0.9495193958282471,0.023718077689409256,0.07153718203800857,0.9999399088364043,6.044634015255298e-05,0.997437933688611,0.07941746763205472,1.9011890753772505,1.897935625156794,1.9027047422851417,0.19027048110914496,0.041844131370605345,0.07153718192666077,-0.0030645761265297887,-0.1446433332628624,-0.1415787571363326,1.902704742285142,0.07941746763108394,,,,,,,0.19027048110914496,42,syn_diag,331,2,0.7319666147232056,,,False,191f9d9889d4769476c0222e3907399864bc092ff3ef8dbfe4432ec5fe697161,d9887b43e93c120ccca3e98f233b0910d03403fcb18640a40b2dd8d0799ac17a
0.87109375,0.17310944199562073,0.34204029688070325,1.975861727845931,0.529547929763794,228.96963500976562,1194.502197265625,1632.8775634765625,0.0008372360607609153,0.004370975773781538,1.0,0.0014558357652276754,0.025365503504872322,0.9488773941993713,0.024301256984472275,0.4525314837343112,0.9996936638614666,0.0003065186137514769,0.891748426523244,0.07055681084513891,1.896278159748169,1.897935625156794,1.8978264276823065,0.18978264944193937,0.03717555532963497,0.45253148357903644,0.0079724586313012,0.25778066500749236,0.24980820637619117,1.8978264276823065,0.07055681085754556,,,,,,,0.18978264944193937,42,syn_diag,332,2,0.7154864072799683,,,False,9ba1c0f3121811310138ac810c13e8f29041bc5901c082c2148d01ab6e5ab911,83e73fa7d135bf587d5b2ec2d8d01401210659ee62c8df91f4fe501002822f1e
0.90234375,0.15586259961128235,0.31144188627174124,1.9981824019635668,1.3571053743362427,245.81576538085938,1288.6251220703125,1751.424560546875,0.0007760213338769972,0.004068212583661079,0.7429947257041931,0.0013762377202510834,0.02317783422768116,0.9523236751556396,0.023122282698750496,0.3961853106657879,0.9997591612334535,0.0002409947720300114,0.9181705721638023,0.0673108653319878,1.9028066806186212,1.897935625156794,1.9039311377644919,0.19039312048587068,0.03546530474467045,0.3961853106139976,0.008526368922078822,0.2436164659851748,0.23509009706309597,1.903931137764492,0.06731086533839158,,,,,,,0.19039312048587068,42,syn_diag,333,2,0.7663767337799072,,,False,66242acf6e1b8e1fda36f48ccacbcc7a23fac42bcd5326942f9b5d66968dac10,c52ba15c0093412c4fe62608c7a4222c5d1f59bdba7b3ba37800dcdfb6b18520
0.890625,0.1542668491601944,0.32162842022084026,2.0848835604477878,0.6236129999160767,203.1300506591797,1040.2825927734375,1674.0909423828125,0.0009612933499738574,0.004923572763800621,1.0,0.0013791554374620318,0.024544838815927505,0.9507935643196106,0.023282451555132866,0.4065581134512493,0.9996872152029259,0.00031303229684943726,0.9136249232392656,0.07256080493714481,1.899945207173697,1.897935625156794,1.9014790511804927,0.19014791264987616,0.03823143629073938,0.4065581136111508,0.004358713681053358,0.13458112696836896,0.1302224132873156,1.9014790511804927,0.07256080493665276,,,,,,,0.19014791264987616,42,syn_diag,334,2,0.7365157604217529,,,False,804b82dfeb606a68aa4459ff70b0d41b82fe0f754db23551e9670af4f14e2634,29d6ade1a75ab655441369a36e1d12afad93d98eac02f53b3d109f6fc89f3d89
0.875,0.1808214783668518,0.3419471171644462,1.8910756623945182,0.589568018913269,213.11618041992188,1187.714111328125,1705.5638427734375,0.0008419854566454887,0.004692338407039642,1.0,0.0014634530525654554,0.025002142414450645,0.9498565196990967,0.023677892982959747,0.44263602398599694,0.9995837858550815,0.0004165703743387573,0.8967013718362628,0.09553869367915142,1.900121466510344,1.897935625156794,1.9022280873342723,0.1902228161669159,0.05033821611900475,0.4426360239641788,0.0006130104820029614,0.1111069944151132,0.11049398393311023,1.9022280873342723,0.09553869369897465,,,,,,,0.1902228161669159,42,syn_diag,335,2,0.697189450263977,,,False,fbb7d9b72c67d892332a648c35e6baf81e1735bfbb39916a1e6f6df238583bec,b96ec84a7628c42985b8d65caba79002b233e9bd109317f1a4975535abdc2e11
0.8125,0.23437969386577606,0.39594488585689175,1.689331044723212,0.1431972086429596,190.4232177734375,1191.68994140625,1650.668212890625,0.0008392422460019588,0.005252419970929623,1.0,0.0017360419733449817,0.02697688341140747,0.945479691028595,0.02580740489065647,0.34587596999237347,0.9997515309672929,0.00024869666939502657,0.9382802424424036,0.0731844470050322,1.8973512837914854,1.897935625156794,1.8987131288994363,0.18987132028494333,0.03856002597503677,0.3458759697764045,0.005805205628406048,0.11381559280257247,0.10801038717416643,1.898713128899436,0.07318444700744979,,,,,,,0.18987132028494333,42,syn_diag,336,2,0.6681485176086426,,,False,34a75b05177e2b407668dd45ca0f99d4cfea5f1643afd0d67c19abc065f2e3b3,ac5e9ba17c0a57a664a05a6513407f9d2b855063b7505e8df9a3ec2ee3eed0a3
0.8671875,0.1997121125459671,0.35724979575779797,1.788823846521328,0.25892019271850586,130.152099609375,1038.32373046875,1800.3731689453125,0.0009632362052798271,0.007683342322707176,1.0,0.0015622610226273537,0.02521025389432907,0.9488844275474548,0.02434306964278221,0.17549508064836308,0.9997903266398204,0.0002103698461432675,0.9844803079019939,0.09049714121532083,1.9012450285950202,1.897935625156794,1.9033538063510484,0.19033538690735946,0.04768188131133105,0.1754950805696118,-0.0068040550892433825,-0.06905727813540667,-0.06225322304616329,1.9033538063510484,0.09049714121990933,,,,,,,0.19033538690735946,42,syn_diag,337,2,0.6191889047622681,,,False,90edc71c5ae47b6ae9abe4d2aa751d17a16f999b3e6add008fde39b166217ea4,a7bd76fa37d0e9f36f3c6d45179419815d84587b4e3a7d111a18f35fbb6be2f1
0.88671875,0.15372930467128754,0.32272637177297553,2.099315851139663,0.9378577470779419,173.17202758789062,1094.8258056640625,1544.3173828125,0.0009134155698120594,0.005775898694992065,1.0,0.0013700362760573626,0.024301806464791298,0.9509724378585815,0.023355673998594284,-0.0246616001029216,1.0000277156358277,-2.711173451007695e-05,0.9996958564764492,0.08265635412739815,1.896541111843542,1.897935625156794,1.8985157277026417,0.189851579212092,0.04355066264195663,-0.0246616000875633,-0.006184899994520375,-0.07710832165749978,-0.07092342166297941,1.8985157277026417,0.08265635411316606,,,,,,,0.189851579212092,42,syn_diag,338,2,0.5804460048675537,,,False,104fb93760094c1b22be781c60e25ed38dd59a34b9ea09fbc60d913120aeffb5,ad53c093095b9c9886147f7451252a69676b995d6ac1cfac675e44efce473c32
0.875,0.17271994054317474,0.3372963867798921,1.9528514566778497,0.4443794786930084,210.87905883789062,1251.087890625,1679.0093994140625,0.0007993047474883497,0.004743032623082399,1.0,0.0013858603779226542,0.024544864892959595,0.950547456741333,0.023521866649389267,0.19610480643118322,0.9998625175874737,0.00013771955709072705,0.9805829413497004,0.06733923057698615,1.8977436692104832,1.897935625156794,1.89892463988737,0.18989247085719413,0.03548025005926509,0.19610480648237316,0.0006328039044514664,0.031188948935775927,0.03055614503132446,1.89892463988737,0.06733923058497207,,,,,,,0.18989247085719413,42,syn_diag,339,2,0.672040581703186,,,False,08c3ea5733739a46a6d34c5adf3db9c01aaf515f41c7a893192484191474a8b0,3a8c895a1ee31835eade47ec312942f0d2ae36dad137d7a781e308115afdcc29
0.85546875,0.19094277918338776,0.3600818889215501,1.8858104750813323,0.23463404178619385,165.12213134765625,1202.75048828125,1618.6314697265625,0.0008315652376040816,0.006065919995307922,1.0,0.0015143759083002806,0.025922339409589767,0.9486331343650818,0.0239301435649395,0.19734391435627183,0.999816661599957,0.00018375510577987018,0.9803343202397286,0.07211419025667302,1.8918431978244876,1.897935625156794,1.8929428330401596,0.18929429050091115,0.03799612025865074,0.19734391414990543,0.0004891340307540706,-0.007111020951115256,-0.007600154981869327,1.8929428330401594,0.07211419025748844,,,,,,,0.18929429050091115,42,syn_diag,340,2,0.6648447513580322,,,False,50943a9d36fb50259abe6cb401d6b475a69b53716f82451a16583ecdb4d1a807,98fd9c3b44c078795d2606ad8a742b324c4d743f4c3477722efd6ca344cb3088
0.859375,0.19039055705070496,0.3566282065676674,1.8731401551534501,0.25756531953811646,179.3701934814453,1229.103271484375,1802.52001953125,0.0008136440301313996,0.005575824994593859,1.0,0.0014470930909737945,0.02422809600830078,0.9506844282150269,0.023640351369976997,0.25155250432712417,0.9998037470524077,0.0001965389077230251,0.9678436534575653,0.06535740051874898,1.893511610651212,1.897935625156794,1.894235485951329,0.1894235568916329,0.03443604706735782,0.2515525045116172,0.00413737581167876,0.09362950817512163,0.08949213236344286,1.894235485951329,0.06535740048670065,,,,,,,0.1894235568916329,42,syn_diag,341,2,0.6739989519119263,,,False,395aaf57ade2d4f0b85259c9f2b6f88f20ce65e0ead104476e1d933499d5ce3a,796bacff3e5ff725e3d7c0ae575f759eccd1f7f5fa84380b5c2ed0aad5edadec
0.828125,0.19570204615592957,0.3721544768855869,1.9016382538892318,0.09358996152877808,142.24722290039062,1216.4437255859375,1701.39599609375,0.0008220685413107276,0.00703018344938755,1.0,0.0015529657248407602,0.025561857968568802,0.9489176869392395,0.023967495188117027,-0.10301690369470388,1.0000702446059409,-7.001610663586405e-05,0.9946796054610367,0.05990377403333275,1.9006555181358826,1.897935625156794,1.9014870879963144,0.19014871545590667,0.03156259529527107,-0.10301690342515946,-0.0053257193702191345,-0.11592247433004897,-0.11059675495982983,1.9014870879963144,0.05990377405133572,,,,,,,0.19014871545590667,42,syn_diag,342,2,0.7176400423049927,,,False,c54f583d133752ea5c0e723a998928a6c2d39da32b39d57c0f0339a58b008867,c976078af4b422d7199c6eef1a129f1fdc8284179b4dc0499a86d730a170ec3f
0.84765625,0.20526346564292908,0.36464598859092184,1.776477857796357,0.22594767808914185,91.20404052734375,1271.1318359375,1763.03466796875,0.0007867282256484032,0.010975698009133339,1.0,0.0016105484683066607,0.026432238519191742,0.94806969165802,0.023887576535344124,0.07693648052197681,0.9999399799093565,6.032569378860489e-05,0.9970359963107126,0.07767441062739149,1.8972714792678824,1.897935625156794,1.8990922373066819,0.18990923086495845,0.04092573509753981,0.0769364806670397,0.0010306459324140927,-0.03124754722607611,-0.032278193158490204,1.8990922373066816,0.07767441060716179,,,,,,,0.18990923086495845,42,syn_diag,343,2,0.6373450756072998,,,False,998ce811fd0723797de22a48014dbb072132896068f27c81e45b9348446a8370,538a9717dde8ce5552d6ebb771d3c3f25683e4f5d136429535f5282baed34a5f
0.83203125,0.2227427214384079,0.3795807986603014,1.704122105662478,0.23962940275669098,119.88150024414062,1211.29296875,1752.2840576171875,0.0008255669963546097,0.008346525952219963,1.0,0.001622187439352274,0.02639399841427803,0.9465641975402832,0.02541964128613472,0.5365767497350502,0.999604784759138,0.00039540866133088245,0.8438515222636629,0.08344088784429152,1.9049461755855237,1.897935625156794,1.9066134754086004,0.19066135462481948,0.04396402424732095,0.5365767495366852,0.0034685276205035378,0.19299117214578337,0.18952264452527984,1.9066134754086004,0.08344088782326478,,,,,,,0.19066135462481948,42,syn_diag,344,2,0.6648581624031067,,,False,ce54f6eda6dddeb196b4981f238ab5b316b9a798d1503bb76a5bb001b9a89017,2ccc301f1cce6bedef50c92d55d7aff7e479f41079e6b9e3c986900d88ed5313
0.85546875,0.20744739472866058,0.36819180807269286,1.7748682539115819,0.4490448236465454,178.1762237548828,1220.5721435546875,1809.76513671875,0.0008195127593353391,0.005612536333501339,1.0,0.001510985312052071,0.025090131908655167,0.9491900205612183,0.024208832532167435,0.02433878852812416,0.9999820965059861,1.818237823525907e-05,0.9997037677959802,0.07267514068111185,1.8972481356174844,1.897935625156794,1.8986571583581962,0.18986572323819959,0.0382916784519863,0.024338788441000604,-0.0024382548368231034,-0.06890657022112988,-0.06646831538430678,1.898657158358196,0.07267514068606634,,,,,,,0.18986572323819959,42,syn_diag,345,2,0.712960422039032,,,False,3aa4313b2b7292b6ac0b4f3dba32cc51fd3b44152b793793669523805ff75a7e,edfb0f13c67656d8494be934d1029968d4c7c4fbc91b71df983552571522ac79
0.828125,0.24091249704360962,0.37956226427355527,1.575519269512386,0.12550222873687744,66.66024780273438,1079.0147705078125,1862.056396484375,0.00092677166685462,0.015001759864389896,1.0,0.001711864722892642,0.026599952951073647,0.9459652900695801,0.025722870603203773,0.009999781866730529,0.9999901005531896,1.0444901425062136e-05,0.9999500009189239,0.0804367952888981,1.9009378121642628,1.897935625156794,1.9027863332850166,0.19027864022496746,0.04238120314655593,0.009999781833730376,-0.006291081161754078,-0.1567166600077772,-0.15042557884602312,1.9027863332850166,0.08043679522131336,,,,,,,0.19027864022496746,42,syn_diag,346,2,0.5393668413162231,,,False,5c44508e8cc0b7544db1f6af03443a8010dfc930e1aad3aa1b03dcc718aff238,d258e82d98f2860a669e0986b1e8132949e2d564e8cf480dc08f904fe3351503
0.86328125,0.18688765168190002,0.3493904666356801,1.8695213571096068,0.3744485378265381,206.97036743164062,1197.805908203125,1809.572021484375,0.0008348647970706224,0.0048316349275410175,1.0,0.0014952914789319038,0.02584332972764969,0.9483770132064819,0.024284327402710915,0.10306621158565035,0.9999187441794434,8.156566912491088e-05,0.9946744975124395,0.07128689907486947,1.90047542561356,1.897935625156794,1.9016437239682633,0.1901643790823588,0.03756023024697831,0.1030662113408661,-0.0039326560911650205,-0.06677278763095205,-0.06284013153978703,1.9016437239682633,0.07128689913443936,,,,,,,0.1901643790823588,42,syn_diag,347,2,0.6757636070251465,,,False,77295420fe17a9b9724304b2196db2211b8906189bfd83ae3748a533f951b320,66a0195a68adc8d25a6463274f1a61005144f6b4979de24cb5b14ccd2e726f48
0.83203125,0.21477942168712616,0.37609028375347414,1.7510535532662568,0.16021353006362915,179.5733642578125,1177.7884521484375,1710.558837890625,0.0008490568725392222,0.0055689685977995396,1.0,0.0015896160621196032,0.026110611855983734,0.9467911720275879,0.02550860121846199,0.47943715210672466,0.9995600681494313,0.00044025669799213374,0.8775762172945448,0.08196830634524702,1.8951033490619078,1.897935625156794,1.8969563671893834,0.18969564408347184,0.04318813834290727,0.47943715204068643,0.0070833067986348,0.06190146056643924,0.05481815376780444,1.8969563671893834,0.08196830633090779,,,,,,,0.18969564408347184,42,syn_diag,348,2,0.6210103034973145,,,False,278f6328ad8f15807e3b6ef30ac09ef223e27a9d7054584b96f007428c84436e,ebf2f04305d55043083787b92c59cc6231dfd018c7e5a6e694e8834a01bf702e
0.828125,0.22538861632347107,0.3820221001710563,1.6949484948615492,0.19116002321243286,128.67385864257812,1274.7900390625,1723.1383056640625,0.0007844603387638927,0.007789641618728638,1.0,0.0015047318302094936,0.024499371647834778,0.9496737718582153,0.024322189390659332,0.5191155161125491,0.9997107892214936,0.0002893242714601513,0.8547040896764516,0.06779858920512116,1.8980341324358982,1.897935625156794,1.8994890406228284,0.1899489102216521,0.03572228072776936,0.5191155163048589,0.011412136121302924,0.34601614311709206,0.3346040069957891,1.8994890406228284,0.06779858919519666,,,,,,,0.1899489102216521,42,syn_diag,349,2,0.6462093591690063,,,False,661ff8d916eab21279ed83c7df99a53c65d974f701aa0f2517206feccc7cf5a9,c3be98798f48bb427ad0f979d2d7a5462f99ce853ed39eff20b3655effaa87b4
0.8671875,0.18416479229927063,0.3482804565958148,1.891134889673114,0.18327990174293518,175.11183166503906,1278.638916015625,1828.323486328125,0.0007821969338692725,0.005710707977414131,1.0,0.0014654048718512058,0.02408369444310665,0.951566755771637,0.022884150967001915,0.31246744047683556,0.9997249933399824,0.00027535713292351817,0.9499284702664865,0.09484716517804419,1.8952205364423087,1.897935625156794,1.8974251997932947,0.18974252659055907,0.049973857869999465,0.31246744042150004,0.0005063506178524451,0.032358320873320814,0.03185197025546837,1.897425199793295,0.09484716514745195,-138.56211419245105,0.017403043405769827,0.931670151853585,6835.8369140625,0.7252945899963379,0.7197600603103638,0.18974252659055907,42,syn_diag,350,2,0.7285966873168945,,,False,63d86c7a7def58ea293ad8a7540676de17e84e95764982e9c33a1b6d3fb4a040,3ae707b5004688f025a3e83a0e8d46a1ca6265cb9cad511b8d7fa3ab4f89e73a
0.84375,0.1957070231437683,0.36615358037008333,1.8709270285834527,0.21732547879219055,185.12100219726562,1019.7535400390625,1558.5963134765625,0.0009806465823203325,0.005402079783380032,1.0,0.0010612448677420616,0.022075321525335312,0.9474561810493469,0.029407214373350143,0.5214534110706419,0.9995567070065015,0.0004435565127725518,0.8532797548665294,0.08223424253965804,1.8956700298937104,1.897935625156794,1.8976867909741477,0.1897686862777538,0.04332825700177323,0.5214534108631681,0.01403292220775124,0.3362055552470587,0.32217263303930743,1.8976867909741477,0.08223424253559472,,,,,,,0.1897686862777538,42,syn_diag,351,2,0.6596332788467407,,,True,cbb39a0c2565a9e22b6607926b8942524fc7366b5d1c7a535ca2eff16eec4db1,6f63f5b3e27bb12bcd27dd4a056a3c4eb14252f97e746a0e373d27a0d08cbe03
0.8359375,0.21963715553283691,0.3741567620802589,1.7035221341499323,0.22242942452430725,83.56182861328125,1007.8250732421875,1469.2276611328125,0.0009922703029587865,0.011967873200774193,1.0,0.0011689293896779418,0.023699486628174782,0.9443071484565735,0.030824460089206696,-0.008506531780466554,1.0000101369732834,-9.511858200488058e-06,0.9999638187914818,0.07991574545914223,1.8995264565830476,1.897935625156794,1.9012841149066972,0.19012841852440432,0.042106668108144105,-0.008506531672789388,-0.005568798417633608,-0.15602313757613717,-0.15045433915850356,1.9012841149066972,0.07991574542392273,,,,,,,0.19012841852440432,42,syn_diag,352,2,0.541958212852478,,,False,6e1dcc4d0dc92c0da27568e8e1092de72b359b6ef62182a4db6c98453bd1ccef,f85c134ed3f264b2154addfde7ae344cb07b9da9194ad04aa5afb6b1173451f0
0.859375,0.18748259544372559,0.3586191619299512,1.912813168188215,0.2684093117713928,206.95669555664062,1054.7142333984375,1519.4884033203125,0.0009484103065915406,0.004831948317587376,1.0,0.0010979091748595238,0.022647909820079803,0.9459950923919678,0.03025911934673786,0.6329623892615202,0.9994632118539869,0.0005370039647477937,0.7741825455052386,0.0779552060944343,1.8970008587636205,1.897935625156794,1.8984701029279052,0.18984701799174997,0.04107368293271439,0.6329623891598106,0.012607650823673813,0.38583470987977586,0.37322705905610204,1.8984701029279052,0.07795520607498055,,,,,,,0.18984701799174997,42,syn_diag,353,2,0.773658275604248,,,False,358067e3846cba7574c578945579f9d05d0300bb728fdded13c3d22909a1c7ec,5fcd9657dfabf0d5349ef2c08761d7ebeb9864a8b5f923d93cb19bb396c2132a
0.80078125,0.24555706977844238,0.39894650543977633,1.6246589703302619,0.1066855639219284,105.69634246826172,1018.3441162109375,1547.95703125,0.0009823166765272617,0.009461581707000732,1.0,0.0011423570103943348,0.022822748869657516,0.9488480091094971,0.02718687802553177,0.21302314924555527,0.999717261684607,0.0002835844417745475,0.9770471523247197,0.09710589607337286,1.8944314336966723,1.897935625156794,1.897022497637908,0.1897022556593276,0.05116395666228115,0.2130231492320742,-0.005444891758275231,-0.12811956538883243,-0.1226746736305572,1.897022497637908,0.0971058960591372,,,,,,,0.1897022556593276,42,syn_diag,354,2,0.5814203023910522,,,False,a56138592fda98042570302ff7eb158b505e6e6353961b7406a88ce65febb58f,6bbb960fba57886665fa9ee7d89fbb115ebaf38b010de01baafd0b5803feb0e4
0.8046875,0.2543698847293854,0.39753420290182645,1.5628195173616124,0.09745641052722931,107.6031494140625,1013.751220703125,1638.2755126953125,0.0009870370849967003,0.009299441240727901,1.0,0.0011929841712117195,0.0243881493806839,0.9406512975692749,0.03376752510666847,0.21112012565615842,0.9998119710400722,0.0001884094962737725,0.9774601232358334,0.0715204529952149,1.8971257720820096,1.897935625156794,1.8984241517724636,0.18984242250007716,0.03768328706579218,0.2111201256800632,0.001218696510125849,0.004046426862845591,0.002827730352719742,1.8984241517724636,0.07152045295512247,,,,,,,0.18984242250007716,42,syn_diag,355,2,0.7234095335006714,,,False,a9b947f75dccd81ef86b39b1a914c0185ed7eb036c4b4bd56a935a7af9d481bd,02cb886ab073d8725652b09c27f3cd8421dfd5356ec33a8d338a4bfce5bc4160
0.8359375,0.2079920619726181,0.37106751200500554,1.7840465388300937,0.11325544118881226,166.927001953125,1018.396484375,1512.6812744140625,0.000982007710263133,0.005992273334413767,1.0,0.0010799267329275608,0.02243845909833908,0.9472919702529907,0.029189595952630043,0.620483670605769,0.9994708106636042,0.0005294133137188868,0.7842193663113184,0.08870849959066039,1.8954264305032873,1.897935625156794,1.8972635501913415,0.18972636096393397,0.046739467037131555,0.6204836698158909,0.015925762905612775,0.3989106175509697,0.3829848546453569,1.8972635501913415,0.08870849963585524,,,,,,,0.18972636096393397,42,syn_diag,356,2,0.6813921332359314,,,False,32c9719c81166f9e7ea30a56c1b24d6718904792366c5a1b18ad7fcb7b870cd7,4ce230eb3d5aa643be1c4042201c2718dc8d1c215b85f897c1d40658c13fb877
0.83203125,0.2110225111246109,0.37114783267719703,1.7588068934563206,0.18354807794094086,134.85354614257812,1081.9091796875,1682.07568359375,0.0009242973756045103,0.00741585623472929,1.0,0.0010940609499812126,0.023076893761754036,0.9435412883758545,0.03228774666786194,0.2228559448865015,0.9998032144427943,0.00019715752955622938,0.9748513875477531,0.07613436296846574,1.8989843296152762,1.897935625156794,1.9006067538628875,0.1900606817458388,0.040114302065506535,0.22285594368368492,0.007949297939907056,0.15406752963371312,0.14611823169380606,1.9006067538628875,0.07613436309646027,,,,,,,0.1900606817458388,42,syn_diag,357,2,0.758240282535553,,,False,a5676624840aeaa0c58bc8d79eafeb50e3a26997a22243a17ae77abd7ec84bb3,fc9a40b356b231b25e299a4d4f79a210b30f66371570088853623887a166697a
0.875,0.1630077362060547,0.33375509249971275,2.0474801734319508,0.6564503908157349,168.20709228515625,941.8089599609375,1534.57666015625,0.0010621172841638327,0.005947928875684738,1.0,0.0009618969634175301,0.021137285977602005,0.9487547874450684,0.029146024957299232,0.5689333731944044,0.9995614851926493,0.0004387159728436319,0.8223836190281101,0.06809227786195264,1.8991446606966995,1.897935625156794,1.9002871198267413,0.1900287200874414,0.035877021833283444,0.568933373330663,0.010090239040238732,0.3807328623552822,0.37064262331504344,1.9002871198267413,0.06809227788269483,,,,,,,0.1900287200874414,42,syn_diag,358,2,0.5937373042106628,,,False,ec3499a81a2e35e8004260f366b3b81216dc62b641f36eb83c9b2205e1bc4014,87b4134d0c947f3d19eff8a5307671cf70f1980ed2c250514ca2e2adab5f8b8b
0.80078125,0.25246351957321167,0.3984295709289523,1.5781669862544647,0.14106053113937378,84.3125,1131.1419677734375,1531.1976318359375,0.0008840654045343399,0.011860713362693787,1.0,0.0011956744128838181,0.023405682295560837,0.9426928758621216,0.032705724239349365,0.08199470510262805,0.9999131337720989,8.743095284659254e-05,0.9966327650194802,0.08023711560785161,1.8913094825944883,1.897935625156794,1.8929239878500868,0.18929240557100147,0.04227599426676061,0.08199470506130162,-0.003619699892822832,-0.11759041864354879,-0.11397071875072595,1.8929239878500865,0.08023711560521325,,,,,,,0.18929240557100147,42,syn_diag,359,2,0.6868476867675781,,,False,d1ba1809a11057c356053f333ec960be0b85ba7b43170d373ca763fd9c681a9f,5252744edb77c4894b70185388da3ab41ca384f6c4c6278ade26604a102f5159
0.83984375,0.2063014805316925,0.37101991216277863,1.7984354938951244,0.19907142221927643,117.44113159179688,1100.50732421875,1869.623291015625,0.0009091963293030858,0.008518670685589314,1.0,0.0010730724316090345,0.022881656885147095,0.9439864158630371,0.03205883130431175,0.14981146445149354,0.9998825495481153,0.00011775245595191521,0.9887145822171777,0.065147468903292,1.8962174661788656,1.897935625156794,1.8973188257620759,0.1897318899151604,0.03432543656367462,0.14981146491437367,-0.0074801194266391775,-0.10101024496815933,-0.09353012554152015,1.8973188257620759,0.0651474688684911,,,,,,,0.1897318899151604,42,syn_diag,360,2,0.6731743812561035,,,False,90de58111dbcee1ac4a2dcad140cd845fb125911115aa8e7755ec719cce06667,a2209a57f47860ce9d06cbde249ea7fbd691d9bb6868af5743e612debfaaddbb
0.80859375,0.2486555576324463,0.39646774635708504,1.594445619038702,0.11953684687614441,111.61225891113281,1203.4052734375,1725.519287109375,0.0008309754775837064,0.008959727361798286,1.0,0.0011411732994019985,0.023569799959659576,0.9402623176574707,0.03502674400806427,0.11852407910620912,0.9998623497894451,0.00013832172183366078,0.9929511783822814,0.09273642157140823,1.8979918883615032,1.897935625156794,1.900248504594213,0.19002485736582111,0.04886173184282693,0.11852407887316094,0.0005774245148319439,0.00012757637408274984,-0.00044984814074919407,1.900248504594213,0.09273642162905968,,,,,,,0.19002485736582111,42,syn_diag,361,2,0.69438636302948,,,False,a770d5107bddd9f7cd1c872549d258c319b01edefcd3654b28d406db04a8125e,2034c7d2d57a633360a6772ecb1221469314c9aaa69c38f1d9d537e87ba1f775
0.8359375,0.2312687486410141,0.3719563027571637,1.608329278583479,0.16728940606117249,78.24370574951172,1037.3212890625,1591.789306640625,0.0009641321958042681,0.012780683115124702,1.0,0.0011050928151234984,0.022008854895830154,0.9468082785606384,0.030077792704105377,0.22812351886489193,0.9997101782936001,0.0002905910320203041,0.9736321996097901,0.07999284273844828,1.89825395525598,1.897935625156794,1.9001681863539088,0.1900168259750545,0.042147289759523685,0.2281235188962134,-0.00595839593219452,-0.08641569132054572,-0.0804572953883512,1.9001681863539088,0.07999284274467301,,,,,,,0.1900168259750545,42,syn_diag,362,2,0.6038443446159363,,,False,5323ddfeb25bfda1eaad512beaf36965a548e55adbde622c6c97ca904944bf20,3b024dc8034976a4aa270aabaf08a1d0d1cce9121820f69322ffc4a119119246
0.8671875,0.19385483860969543,0.3532225032496644,1.822097878152551,0.45386356115341187,149.30157470703125,1186.104248046875,1681.6700439453125,0.0008431454771198332,0.006700343918055296,1.0,0.0010505556128919125,0.022105850279331207,0.9447378516197205,0.03210573270916939,0.4545083573648336,0.9996346722706682,0.00036558448782947973,0.8907424729201889,0.07364583837234502,1.8961797054374407,1.897935625156794,1.8976504962218375,0.18976505565568716,0.03880312766995041,0.4545083578012653,0.005524957343565164,0.20137851912426097,0.1958535617806958,1.8976504962218375,0.07364583838158856,,,,,,,0.18976505565568716,42,syn_diag,363,2,0.8154283761978149,,,False,bb7da3124b70084aa93a3d0099f1f5658e0a54a5b6264516b3aaac7f594d01ec,d7003abe1d005829b722248fa6a917f812027d1f7d87596084bd800b42f8e39e
0.875,0.1994268298149109,0.3462887980169484,1.736420278219431,0.5096499919891357,95.68330383300781,1178.0721435546875,1724.0919189453125,0.0008489233441650867,0.01045229285955429,1.0,0.0010915963212028146,0.023129412904381752,0.9463527798652649,0.029426228255033493,0.3066019027403264,0.9997943341523345,0.00020587012597644404,0.9518378397657333,0.06938879567124819,1.8901491488010451,1.897935625156794,1.891313105630748,0.18913131766746055,0.03656014184647554,0.30660190234604073,0.005710461294428619,0.1291470548499401,0.12343659355551148,1.891313105630748,0.06938879568657985,,,,,,,0.18913131766746055,42,syn_diag,364,2,0.7125647664070129,,,False,dbf8f00d589a33941210955ab2ab38b0684e828148fb9dea7e7c8153e6cc2184,fc60f75c075f7601d524eebd4b43cf854f360bf9f0e3de6427e5ebaa5263b69e
0.8046875,0.2652367651462555,0.4043439810856094,1.524464283713704,0.0825536847114563,69.57434844970703,1133.7421875,1527.656494140625,0.0008820439106784761,0.014382343739271164,1.0,0.001207847031764686,0.02392880618572235,0.9414495229721069,0.03341379761695862,0.14168433973196726,0.9999017411004794,9.849570769967425e-05,0.9899118889278203,0.057522184505786056,1.8984321997088835,1.897935625156794,1.8994038816038838,0.18994039483609562,0.030307763731977827,0.14168433954416668,-0.0007143084980779752,0.014899713887387924,0.015614022385465899,1.8994038816038838,0.05752218453916418,,,,,,,0.18994039483609562,42,syn_diag,365,2,0.6346790194511414,,,False,2fbdb4cba29ada4bcf4d828a55ef235864d80d3bd1340fe1c1421be3e16ac8e2,440d6e3b5779ed3bfa0572277689c248d8ef9a6751e16eb2b5b134ce57c7b69b
0.8203125,0.25126948952674866,0.39362773307127946,1.5665560702146977,0.10425762832164764,74.64918518066406,1157.121337890625,1600.011962890625,0.0008642221218906343,0.013400480151176453,1.0,0.0011622675228863955,0.023621320724487305,0.9415537118911743,0.03366270661354065,0.2004197775201883,0.9998505979977031,0.00014966968273995808,0.9797101166917486,0.06273736646102214,1.8953323224087464,1.897935625156794,1.8963819730393283,0.189638204767858,0.033055581880342313,0.2004197772586411,0.0033671638439773306,0.037247511139335276,0.033880347295357945,1.8963819730393283,0.06273736647425457,,,,,,,0.189638204767858,42,syn_diag,366,2,0.6245296597480774,,,False,1885884a1efcd3a1e95d9c89d80740d9622dfc3ccb17a9ee25d620a37cb4ac50,030d4abad9e2d46bd7f981d7181ea691a1e9b83edcc6d541298e9094574c43d2
0.8359375,0.225676029920578,0.38510213221118084,1.7064378362739214,0.13494107127189636,145.56309509277344,1211.9296875,1700.2642822265625,0.0008251587860286236,0.006872629746794701,1.0,0.00111291219945997,0.023159630596637726,0.9477852582931519,0.027942195534706116,0.054708968700635296,0.9999582417949653,4.2052754476683653e-05,0.9985023428699381,0.07396878155068054,1.90083628344163,1.897935625156794,1.9022405695274605,0.1902240637944669,0.03897328263941027,0.054708968025493035,-0.006833510676262389,-0.18913408962435382,-0.18230057894809143,1.9022405695274607,0.07396878156783132,,,,,,,0.1902240637944669,42,syn_diag,367,2,0.7511513233184814,,,False,1a1eecb2e38db7c93353e398c06187824ec76f07689618b30b32e948ad50658b,0d5209cc8ae1182b099d513eee6cf110de41318f9af062da533368637035d2dc
0.8359375,0.20982860028743744,0.36959901316682564,1.7614328979784588,0.20936410129070282,192.12283325195312,1226.0889892578125,1855.9576416015625,0.0008156161056831479,0.005205065943300724,1.0,0.0010903696529567242,0.023055298253893852,0.9457311630249023,0.030123136937618256,0.5877947243618012,0.9995495038217949,0.00045068865372349914,0.8090101124186219,0.07771783531017604,1.90030472760597,1.897935625156794,1.9018202130390267,0.1901820272333727,0.040948615053113084,0.5877947240183572,0.0157593451494511,0.27691146427850233,0.26115211912905123,1.9018202130390267,0.07771783531293117,,,,,,,0.1901820272333727,42,syn_diag,368,2,0.8179529905319214,,,False,a6e8ae4fdaac810e5b29d340acf8f2404106d793aba600a33fc87489e88b78da,bbaf42a0df161c69da6aec815acd9a555a3812cc3c792e28d84997cf52333f7b
0.8359375,0.21652469038963318,0.368554242949014,1.7021349278634232,0.1505144238471985,96.45085144042969,1105.4986572265625,1552.156005859375,0.0009045795886777341,0.01036898884922266,1.0,0.0011042108526453376,0.023171883076429367,0.9450812339782715,0.030642660334706306,0.27097443437144403,0.999727260765976,0.0002732103260096595,0.96258654462543,0.08004780083381902,1.902637653248443,1.897935625156794,1.9043136075963127,0.190431368226092,0.042176246534791635,0.2709744343883116,0.0008293067345702606,0.030060394452876373,0.029231087718306112,1.904313607596313,0.08004780082439984,,,,,,,0.190431368226092,42,syn_diag,369,2,0.6566236615180969,,,False,ac1f89623e148cf50d4a92cec5fdac3ca648cba650dead8d9e2960a4245db14a,e6a1e393d4819561197d923b9fff84b23ae125f95c22681ecb03fcf7ccfa02a8
0.81640625,0.2246929109096527,0.3824276436145925,1.7020013395554374,0.21904398500919342,152.5409393310547,1064.07666015625,1750.1483154296875,0.0009401633869856596,0.00655585341155529,1.0,0.0010510620195418596,0.02268463745713234,0.9463595151901245,0.029904842376708984,0.19894805200644508,0.999861548581102,0.00013868480209040026,0.9800100369762164,0.06689078130722173,1.8952359826458434,1.897935625156794,1.8963527707670724,0.18963528462809476,0.03524396740361541,0.19894805116890335,0.0044369833082862796,0.06696880274073486,0.06253181943244858,1.8963527707670726,0.0668907813395397,,,,,,,0.18963528462809476,42,syn_diag,370,2,0.7018505334854126,,,False,fa21894a275e978f03129cf9b3617f78e67dbf464f2d4264f52093cf9e9c3376,f84a1a8dd6b03d869d36c78a491e99b3f6e5452cc3bffde74889044374d92281
0.81640625,0.2623443603515625,0.39980139851283325,1.5239565589113309,0.13170446455478668,84.42765808105469,1101.87744140625,1749.4361572265625,0.00090758316218853,0.011844528838992119,1.0,0.0011771628633141518,0.023681338876485825,0.9428099989891052,0.032331500202417374,0.4139768157112087,0.9996564511251566,0.00034383478128210585,0.9102874249541563,0.06922772672458194,1.8989834686854299,1.897935625156794,1.8999943488557058,0.18999944184350942,0.03647527650935282,0.41397681608291564,0.0018658568518807467,0.12137935569751081,0.11951349884563006,1.8999943488557058,0.06922772669432431,,,,,,,0.18999944184350942,42,syn_diag,371,2,0.6490131616592407,,,False,4d55e0668e586d91bcdd1ceb8c4e142e936704ad061480cb7c3b7a6bfae6825d,27e92eb226d5e8943e2c7295afd8dd909ba7907f2cfe1f12e15c19828a48f8ff
0.83203125,0.24255216121673584,0.3863864464935071,1.5930034440759782,0.15680375695228577,88.09882354736328,1143.114013671875,1594.880615234375,0.000874891527928412,0.011357568204402924,1.0,0.0010635117068886757,0.022402111440896988,0.9463685750961304,0.03016582876443863,0.33198472231488,0.9997859731776456,0.00021421209034084304,0.9432847630070801,0.0631314207402133,1.8944319640819955,1.897935625156794,1.8956248789241033,0.1895624941209358,0.03326320445403124,0.33198472227571835,0.0033069232117330424,0.04559804856183024,0.04229112535009719,1.8956248789241033,0.06313142071691916,,,,,,,0.1895624941209358,42,syn_diag,372,2,0.6794597506523132,,,False,abd0cc6b5d28d3e20d034d8df40eabbc66f6544579dbc6d065009bff7399c51e,ba2cd7e7edc6b564da01cdcd64bcdcf1a04438064bc96cd74f883405526c38d4
0.8125,0.2583405077457428,0.39302256705739963,1.521335473658549,0.30908703804016113,75.32986450195312,1076.9501953125,1715.302734375,0.0009285783162340522,0.01327584683895111,1.0,0.0011062405537813902,0.02331385761499405,0.9433844685554504,0.03219541907310486,0.2255057182346873,0.9997754746960751,0.0002249978485067681,0.9742418442162142,0.08769093491393191,1.8961233634784498,1.897935625156794,1.8982932313109055,0.18982933051576575,0.04620332415470693,0.22550571813621154,0.0061550167582909085,0.05431719196322505,0.04816217520493414,1.8982932313109055,0.08769093491514846,,,,,,,0.18982933051576575,42,syn_diag,373,2,0.6373758316040039,,,False,945af89e3603fcbe0b4c28a77c30ca1c0b6c8663c9a5a2f55152a5301e56c3ce,6b240ebe4d9c89433866553c4907df042326222e9f4567ef40e692e584479747
0.83984375,0.22391653060913086,0.38075157210709654,1.7004173401673193,0.29178693890571594,170.05679321289062,1135.5413818359375,1516.2904052734375,0.0008806581608951092,0.005882238503545523,1.0,0.0010562058305367827,0.02200082130730152,0.9508860111236572,0.026056934148073196,0.6686379183047915,0.9994100058227102,0.0005902097143526707,0.7435881482333526,0.09270530003436968,1.895710276918794,1.897935625156794,1.8977757930546015,0.18977758713274634,0.04884533427031392,0.6686379190577864,0.017931108890558857,0.4021757071980185,0.3842445983074596,1.8977757930546018,0.09270530000784567,,,,,,,0.18977758713274634,42,syn_diag,374,2,0.6287150979042053,,,False,a6e818d3069ff2bec63b9be9c007929a47d5e1743d9cdfc122f308ac662fac76,d7adacb284503ab52ba1b1ae2d8b1fbf32b6bef6d4f607b3cbafb4ccbc5959cc
0.8515625,0.22498318552970886,0.37878790785317407,1.6836275880652174,0.4013744294643402,104.63407897949219,1111.5057373046875,1592.02685546875,0.000899680657312274,0.009562414139509201,1.0,0.0010215782094746828,0.022399190813302994,0.9441909790039062,0.032388292253017426,-0.20131016376147934,1.0002641289574115,-0.0002633084416094091,0.9795275483321944,0.07785777272688926,1.8944659160786042,1.897935625156794,1.8960082398749607,0.1896008302760501,0.041022346435178055,-0.20131016397553342,-0.016280319952302228,-0.43133547451821524,-0.415055154565913,1.8960082398749607,0.07785777275442018,,,,,,,0.1896008302760501,42,syn_diag,375,2,0.6889902949333191,,,False,2d2257f54aefc2cbbecfd562fbd2c6811fb921d7c96ec5d0267bd507fe45c2c6,dde60be195d5afc43bfbee5ca198786bc4d0f3f9d577684aa210d84b2566e424
0.79296875,0.25643154978752136,0.4047740469288647,1.5784876289473149,0.11789922416210175,104.23298645019531,1199.95068359375,1683.7874755859375,0.0008333860896527767,0.00960543192923069,1.0,0.0011047926964238286,0.02284831926226616,0.9471670389175415,0.028879817575216293,0.49133820847968945,0.9997130856975378,0.0002870437921331046,0.8709688656107628,0.06149719162212701,1.8953426481224516,1.897935625156794,1.8964297794586074,0.18964298517436598,0.032402148316813505,0.4913382082546077,0.011846366247802295,0.30940995622044315,0.2975635899726409,1.8964297794586074,0.06149719161917861,,,,,,,0.18964298517436598,42,syn_diag,376,2,0.7334542274475098,,,False,fd0c971e11c30d42485149f161ddb9fec5f4cc3c8d8144b174be18ffa5759b4f,00b2c61fd723554f609faf28ec455ce139d90f13ce1b46dd2673e2e20b5d29fb
0.8359375,0.22004839777946472,0.3733203835946697,1.6965375689374214,0.2228323221206665,110.71849060058594,1154.494873046875,1937.2786865234375,0.000866185175254941,0.009036723524332047,1.0,0.0010221812408417463,0.022625138983130455,0.9446554183959961,0.03169726952910423,0.22196958265778519,0.9998264686268332,0.00017382293429061811,0.9750535904997013,0.06702612101645103,1.8972918487049975,1.897935625156794,1.8986213164986436,0.18986213846494154,0.03531527630758208,0.22196958206111514,0.003080655707508064,0.0940717339267319,0.09099107821922384,1.8986213164986436,0.06702612104545866,,,,,,,0.18986213846494154,42,syn_diag,377,2,0.6911518573760986,,,False,1f1af282108cb788edbd53f1e98f8cf5c762037a503a030eb0ec53f75f8c0769,a685e52c05adb2d95352a964d1d99215fa30d0bd879446e757558d4e09862284
0.80078125,0.24496173858642578,0.4019898806786201,1.6410313350632584,0.09126530587673187,158.25656127929688,1206.296142578125,1976.802001953125,0.0008290091063827276,0.006318976636976004,1.0,0.0010948750423267484,0.022561274468898773,0.9462684392929077,0.03007541596889496,0.393409138689334,0.999750418198873,0.0002497521669914715,0.9193635024128151,0.06270759122633615,1.905588580385608,1.897935625156794,1.9065423944117645,0.1906542469354615,0.033039893658733895,0.3934091389047413,0.0022185155588031204,0.12026038874408387,0.11804187318528075,1.9065423944117645,0.06270759122689681,,,,,,,0.1906542469354615,42,syn_diag,378,2,0.7882291674613953,,,False,e2b14817b5ce05b62319aabde3ac1bf35e649d021cbcef684cc5545b52b7a6dd,083fb4a2b2f13b4fd77c595ac443899f7f7ca8f22533cb91c3e050e846e2fddd
0.80859375,0.25874876976013184,0.39954797437617406,1.5441541532976208,0.12582144141197205,78.9900131225586,1209.968994140625,1618.4322509765625,0.0008265976211987436,0.012731276452541351,1.0,0.0011123039294034243,0.022913124412298203,0.9458717107772827,0.030102908611297607,-0.19942240756004015,1.0002509178138348,-0.00025016248987536505,0.979913620345995,0.0822033935157507,1.897277545879934,1.897935625156794,1.8993279349954517,0.1899328002764417,0.04331200301322988,-0.19942240769592606,-0.01117571945473224,-0.3034378626970626,-0.29226214324233035,1.899327934995452,0.08220339354832515,,,,,,,0.1899328002764417,42,syn_diag,379,2,0.6853732466697693,,,False,636c53f9059162b877cf78108654dd7a0ff9915f73927613f879980fddd16488,7663d2e227ccbb4b02f70024313a8ef607ba84bee340f19b268d8e5276ce75ab
0.80078125,0.254925012588501,0.40105055451011395,1.5732100787207322,0.12127991020679474,117.67655944824219,1157.072509765625,1883.6724853515625,0.0008644274203106761,0.00850104819983244,1.0,0.0010890057310461998,0.022891441360116005,0.9451819658279419,0.03083759918808937,0.6187631801567939,0.9995589389275786,0.00044121803544216445,0.7855775753329793,0.07615063648597487,1.8969710840590062,1.897935625156794,1.8983070636414285,0.1898307129514297,0.04012287639083845,0.6187631805188235,0.012180232908946232,0.30531835830226833,0.2931381253933221,1.8983070636414285,0.07615063647921629,,,,,,,0.1898307129514297,42,syn_diag,380,2,0.7219049334526062,,,False,914fb76f4c7c3aeaf219aaf640967bae3633fdeb257bf893080996be6ca0d85c,03b66e721a55c270e3cf78b032916a1ebf022853c7a72d5a298d7eac87d13e5c
0.828125,0.20900245010852814,0.37331376096076374,1.7861693341959735,0.2229331135749817,115.99422454833984,1155.4881591796875,1803.84912109375,0.0008654353441670537,0.008621672168374062,1.0,0.001018292736262083,0.02207963913679123,0.9485711455345154,0.028330927714705467,0.4539444105781317,0.9997092040136112,0.0002909591185467575,0.8910300062738464,0.06480771351755943,1.8986463825593645,1.897935625156794,1.8997781614097593,0.1899778234005023,0.03414642343950487,0.45394441019264326,0.009233371619892766,0.23293915434295634,0.22370578272306357,1.8997781614097593,0.0648077135192382,,,,,,,0.1899778234005023,42,syn_diag,381,2,0.6452621221542358,,,False,b3917bf8d4e7ac9527ed796c165cb863eb48f124b16f011db58325f21bd49dc6,a9cd7993018ae40ca56b11fd11947614a5268b6e0211aa268eedef0aa5aa8ff7
0.8359375,0.2235538810491562,0.3741965126843478,1.6738538513135526,0.19981880486011505,120.55711364746094,1219.0955810546875,1774.49755859375,0.0008203679462894797,0.008314178325235844,1.0,0.0010221553966403008,0.0234043151140213,0.944625973701477,0.03094755858182907,0.1319493213557066,0.9999065662335483,9.368143762166502e-05,0.9912564635676965,0.06768889191743771,1.8986029585263446,1.897935625156794,1.8999232988576022,0.18999233558071216,0.0356644825146849,0.13194932178827637,0.003234853850215058,0.10034729858986668,0.09711244473965162,1.899923298857602,0.06768889192276314,,,,,,,0.18999233558071216,42,syn_diag,382,2,0.6836962103843689,,,False,0f2f40d023ffcc8de51063115d25ea324e527c992f1fb223410cd19198a102b1,066936a1973bafecaa777ae2b00450244fb44e4bb9003411c03b3e769500e68b
0.84375,0.21337974071502686,0.37051868575356733,1.7364285422764898,0.19226372241973877,118.66383361816406,1197.501953125,1838.9755859375,0.0008351292926818132,0.008427208289504051,1.0,0.0010341291781514883,0.021847330033779144,0.9483805894851685,0.02873791567981243,0.6595960982778497,0.9995656954097373,0.0004344271741530815,0.751620241292612,0.07118137757823041,1.8984164573986984,1.897935625156794,1.8996520901429261,0.18996521641317746,0.03750463220917327,0.659596098534585,0.015654357815359933,0.381884444131122,0.36623008631576204,1.899652090142926,0.0711813775620063,,,,,,,0.18996521641317746,42,syn_diag,383,2,0.7302737236022949,,,False,7990728bd6e3d478effcbac8016e6bf4db8672c1c204a8292b8da8442649a757,4b7bbd84433742232460dc6161620326549bf92f72307c2e4ee20ae7bcef6763
0.80078125,0.26574090123176575,0.40068506686403593,1.5078035043727758,0.10838651657104492,56.34754180908203,1004.82666015625,1634.8516845703125,0.0009952511172741652,0.017748460173606873,1.0,0.0010922574438154697,0.022916804999113083,0.9461060166358948,0.029884889721870422,0.30594176352722946,0.9997372908265924,0.00026304428086264454,0.9520502283521205,0.07392003513553588,1.8972367582484944,1.897935625156794,1.898556146638153,0.18985562245245244,0.038947598725531156,0.30594176345806046,0.006641521837485832,0.0906203533498412,0.08397883151235537,1.898556146638153,0.07392003515939229,,,,,,,0.18985562245245244,42,syn_diag,384,2,0.5529845952987671,,,False,cf3f077319c2423dd43641182c33c90199ec8a9fbb494de1575155d06131d825,38068520cfa1eceac7dfa7befcbc513a6c5570b812545be229e110cdd3515690
0.79296875,0.2704966366291046,0.4067118899263465,1.5035747038352902,0.09755255281925201,52.919273376464844,1059.053955078125,1669.30712890625,0.0009443000890314579,0.018896907567977905,1.0,0.0011202460154891014,0.022794680669903755,0.9464192986488342,0.02966577373445034,-0.10224696597606354,1.000160018716723,-0.00015882507540898103,0.9947590451599916,0.09392369312277994,1.8964727205039755,1.897935625156794,1.8986575236093848,0.1898657601704652,0.04948729128522003,-0.10224696590155904,-0.015742131633946905,-0.3372535033945535,-0.3215113717606066,1.8986575236093848,0.09392369314019608,,,,,,,0.1898657601704652,42,syn_diag,385,2,0.5819969773292542,,,False,1152ab3966ff7795b3c5ce7c4f06eea86ecac8719a3c72652e84792e8c23e97d,9e1386f3155a7499da7c9d69acd83a26fbbf144f521be782f43478a54e76126c
0.828125,0.2289031744003296,0.3861534307017172,1.6869729393211572,0.12701845169067383,122.47966766357422,1151.599365234375,1890.990234375,0.000868418428581208,0.008210118860006332,1.0,0.0010254464577883482,0.02277521602809429,0.9450819492340088,0.031117333099246025,0.3597323213084365,0.9997553537119427,0.00024484799715015094,0.9330555487088494,0.058681616206623786,1.8961832341993186,1.897935625156794,1.8971941090492754,0.18971941822685723,0.030918654683951677,0.3597323211698208,0.006593072965311219,0.21902892339129662,0.2124358504259854,1.8971941090492752,0.058681616252807864,,,,,,,0.18971941822685723,42,syn_diag,386,2,0.6817501783370972,,,False,2fcf98ca199a046db43608722e03051bd3c608aa38706238bdfdc6a8977dc71d,517d010632a9abf9f5be15eff40a5bb032622ac2c208d1b90307a0d9e92e4b48
0.81640625,0.230979323387146,0.3856601893654869,1.6696740359229025,0.15978533029556274,128.2671661376953,1135.0875244140625,1833.3433837890625,0.0008810012368485332,0.007801331114023924,1.0,0.0010130043374374509,0.022390346974134445,0.9456609487533569,0.030935706570744514,0.41865300413411244,0.9996729232290396,0.0003273289355485572,0.9081462779231974,0.06952227848606969,1.8994797090675266,1.897935625156794,1.9008245841203222,0.19008246489619096,0.03663047237457784,0.4186530042793017,0.006495446008508643,0.17116821708909774,0.1646727710805891,1.900824584120322,0.0695222784654355,,,,,,,0.19008246489619096,42,syn_diag,387,2,0.6016770601272583,,,False,3a75f38f60e0015adf8f0fc496211b2aeca5ba55f371307534da4a7944c3a88e,9f01cb6264163a73bdab8392c3dce463e8b25b00267cf4872b40daa23853d0da
0.82421875,0.22987040877342224,0.38683549583387206,1.6828416324137896,0.1859341859817505,93.1505355834961,1268.12744140625,1648.882568359375,0.0007885894738137722,0.010735592804849148,1.0,0.0010127887362614274,0.02240065671503544,0.9498989582061768,0.026687635108828545,0.2901381450408005,0.9998105250403896,0.00018967068769806504,0.9569847735271725,0.06223722314169657,1.900590129018287,1.897935625156794,1.901829971012317,0.19018300436731067,0.03279206223684335,0.2901381449580071,0.0059124590902806425,0.14816178444459246,0.1422493253543118,1.901829971012317,0.06223722315801371,,,,,,,0.19018300436731067,42,syn_diag,388,2,0.631756067276001,,,False,6054711d44001e3edfa251b563ba1887b9e9d22bd75221cebc1059f52497489d,d4a6a0e1133ea67d75969821496a3708c100b03543ca9c38ee9851ace20fbf6f
0.79296875,0.2788006067276001,0.4105027897718405,1.4723884831929637,0.054346226155757904,90.05049133300781,1220.956298828125,1624.13720703125,0.0008190636290237308,0.011104983277618885,1.0,0.0010936246253550053,0.023133696988224983,0.9447383284568787,0.031034372746944427,0.23941692031680056,0.999870080326553,0.00013005878404247432,0.9709168544378419,0.05457675239484588,1.900288328305368,1.897935625156794,1.9010654346261748,0.19010654975138705,0.02875585013074844,0.23941692014184732,0.004228343521634468,0.14347402615137148,0.139245682629737,1.901065434626175,0.05457675240224429,,,,,,,0.19010654975138705,42,syn_diag,389,2,0.6559395790100098,,,False,b75714dd6972b8e430204e334986be3ff1358ba1ae331306410b1be29f82ad12,e52d59f5f96de12517d69911321bafecd50f4d1d42afe5eb9e78636ee90460ce
0.83203125,0.21606098115444183,0.37564314128467896,1.7385977914780357,0.20882302522659302,141.8672332763672,1263.100341796875,1776.880126953125,0.0007917576003819704,0.007049337029457092,1.0,0.0009580771438777447,0.021673811599612236,0.9497032165527344,0.027664870023727417,0.3908970743175163,0.999748401523799,0.0002517742534943882,0.9204343959587232,0.06490329869574658,1.9038817572565307,1.897935625156794,1.9049863166491205,0.19049863788065274,0.03419678614776543,0.39089707454685096,0.008216378783073618,0.18282486544172716,0.17460848665865353,1.9049863166491208,0.06490329869600518,,,,,,,0.19049863788065274,42,syn_diag,390,2,0.7000955939292908,,,False,a68d55a20094cefa20954de9c955d306fdecf224d2dd5ac2a596d22748b2be66,2737a29b861c156f0b704dc7a2cddd036cc351dbaef10e8d11a53661edd40ab9
0.828125,0.23544824123382568,0.38638811057070555,1.6410744697061947,0.2530515491962433,115.53056335449219,1206.921142578125,1818.8804931640625,0.0008285782532766461,0.008663808926939964,1.0,0.0010164979612454772,0.02291116863489151,0.9470500946044922,0.0290222130715847,0.3158840290399614,0.9997493649645567,0.00025091911397262827,0.9487978078457341,0.07315786686473633,1.8981988824746352,1.897935625156794,1.8996363670962346,0.1899636429927352,0.03854602121115356,0.31588402817070854,0.0058097746883729266,0.1403050744530861,0.13449529976471317,1.8996363670962346,0.0731578668719635,,,,,,,0.1899636429927352,42,syn_diag,391,2,0.7317602634429932,,,False,445514017bfec10d50a86c244828ac2b011acb2cde739ede8d84b1e53ee574a8,a58f6e5725e9f7eefcfb2aa8d0b06beb8fa79261b607a3f5defe74a8ed6e3ee9
0.80078125,0.25923508405685425,0.40272728535537733,1.5535215086435963,0.17710381746292114,133.60130310058594,1173.75048828125,1734.4891357421875,0.0008520581177435815,0.007484962232410908,1.0,0.001031415886245668,0.022525949403643608,0.9455894231796265,0.030853239819407463,-0.11039569948782024,1.0000977834442093,-9.739902317519379e-05,0.9938877147351477,0.05961310957300485,1.9007040039316558,1.897935625156794,1.901816331772293,0.1901816401100173,0.03140944760339204,-0.11039569980705825,-0.004980868410090026,-0.23275176344307494,-0.22777089503298492,1.9018163317722931,0.0596131095175999,,,,,,,0.1901816401100173,42,syn_diag,392,2,0.6667444109916687,,,False,715c635c5c12af159fcdca67aa67d6ab2db4dabd38ecc5614090faaf6b519bb8,e4a037f1a50cb93ba721dddf5289c2cfd88cc2a2845c5ded443e7a84a524dcdc
0.80859375,0.23710253834724426,0.39156652460816144,1.651464851630429,0.10006397217512131,111.88975524902344,1137.8043212890625,1611.305419921875,0.0008788887644186616,0.008937550708651543,1.0,0.0010064569069072604,0.021941419690847397,0.949512243270874,0.02753988280892372,0.4030452658818456,0.9996690259093174,0.00033125706664745205,0.9151800443768429,0.06800490720215414,1.892847778379381,1.897935625156794,1.8945657493383568,0.18945658241894445,0.035830987258327174,0.4030452662377006,0.010112087655724232,0.2193694112746079,0.20925732361888366,1.8945657493383568,0.06800490718902684,,,,,,,0.18945658241894445,42,syn_diag,393,2,0.6383880972862244,,,False,d139e4e2d04ddfb96f39fa376914cc8a6f09e58596907760033da5108dc6f875,1f8bd53d5c23e2fe3a80895277e2cb2e79c8055e917c0ced1b66a09bcc61472b
0.80859375,0.25249695777893066,0.39396377695745965,1.5602713182175363,0.1751781404018402,134.67135620117188,1198.4422607421875,1655.297607421875,0.0008344548987224698,0.007436023559421301,1.0,0.001024644123390317,0.022300932556390762,0.947750449180603,0.028923945501446724,0.4504924554069871,0.999667349353905,0.0003328683035255626,0.8927802347714534,0.06988002715628754,1.893483824781296,1.897935625156794,1.8947413438952279,0.1894741411886045,0.03681896594910995,0.4504924553107111,0.007470502541126035,0.23373944092240037,0.22626893838127435,1.8947413438952276,0.06988002713465741,,,,,,,0.1894741411886045,42,syn_diag,394,2,0.6909330487251282,,,False,514a90caeb2f8bbe5c9e0515669e575494da48967ee052dc0aa4a86be6cead95,e8bbcfdb58a7012b10e6d907167dac82c57647f6544729a7a31ccf099354092a
0.8046875,0.23913151025772095,0.3982030305442191,1.6652052323162863,0.11060197651386261,149.82772827148438,1070.1572265625,1853.0172119140625,0.0009344638092443347,0.00667465478181839,1.0,0.0010098794009536505,0.021889831870794296,0.9502944350242615,0.026805859059095383,0.33691433442427976,0.9996719643654338,0.0003284570437256927,0.9415353053582554,0.07582957697911519,1.8934412443823243,1.897935625156794,1.895043412737808,0.18950434796964288,0.039953713905765756,0.3369143345547563,-0.0023284868041697168,-0.047560988677103594,-0.04523250187293388,1.8950434127378082,0.07582957698390329,,,,,,,0.18950434796964288,42,syn_diag,395,2,0.6999542117118835,,,False,d1b0b9b009e6fd6a5e7d4797deb715aa1bf41125998cd32f8a734c5951185b3f,82cfb94bb24a2efd0b1cbaabb650d63738d06a064b2a059f54150eb5f1afd959
0.77734375,0.2772867977619171,0.4151188386283334,1.4970738671911725,0.06015104800462723,78.26029968261719,1285.6982421875,1890.595703125,0.0007777928258292377,0.01277906633913517,1.0,0.001072519225999713,0.02175414189696312,0.9484193325042725,0.028753995895385742,0.4406153620248025,0.9996884586779576,0.0003117430835470751,0.8976959968290145,0.06469144555830618,1.8909458262193575,1.897935625156794,1.892298716008663,0.1892298790807225,0.034085163216706967,0.4406153617002157,0.011326938555906647,0.2988684394121255,0.2875415008562188,1.892298716008663,0.06469144553443838,,,,,,,0.1892298790807225,42,syn_diag,396,2,0.6254165172576904,,,False,822bb11309e42f010036a14412eb46dd718b47febfa020c2ffc0f7f433214e79,3eaa0aa911535180dad3e3a1047a5fb3dedc570aec29914703cd47ae786cd7ca
0.7890625,0.279561311006546,0.4132719196536841,1.4782872394762783,0.039660971611738205,137.54637145996094,1229.01806640625,1823.849609375,0.0008138313423842192,0.007271014619618654,1.0,0.0010836382862180471,0.02290738932788372,0.9423094987869263,0.033699482679367065,0.3877345528055947,0.9997306453574566,0.00026956003058545145,0.9217710759889188,0.05503668832367967,1.9007783052942384,1.897935625156794,1.9017302649864352,0.19017303383094092,0.02899818497221365,0.3877345531538386,0.004749055712571712,0.22292771980951365,0.21817866409694192,1.9017302649864354,0.05503668831931115,,,,,,,0.19017303383094092,42,syn_diag,397,2,0.7157413959503174,,,False,009351ea56a87ade544f0a8108be8d87902c6a4760fd2ba474a554767cdd9c79,98cdba8ed5770b4886792736a502e24a22a8d9c3d75bf6150f147a88b6720e7a
0.7734375,0.2827381491661072,0.41335689805204645,1.4619778279513425,0.08143117278814316,73.5452880859375,980.9111328125,1679.935546875,0.0010194603819400072,0.013598134741187096,1.0,0.001072846818715334,0.022185415029525757,0.9467629194259644,0.029978802427649498,-0.017828783417866343,1.0000183576952792,-1.7856318203949955e-05,0.9998410545933707,0.06356317226097451,1.8969932503472202,1.897935625156794,1.8980802046626766,0.18980802714308348,0.03349068926175506,-0.01782878365105167,-0.007391565877926028,-0.15520434336604122,-0.1478127774881152,1.8980802046626766,0.06356317225277916,,,,,,,0.18980802714308348,42,syn_diag,398,2,0.518257737159729,,,False,85448377eaf96ab6d1c1b4426617063c0f8b1718a487e32db7f37691b118bd55,41fe5896ac39036c7bb281a8293b6a49fddc8f64086406fe56459a812b5bd192
0.85546875,0.1972247064113617,0.35956719060088116,1.8231346527023908,0.40847891569137573,127.38394165039062,1319.0545654296875,1834.479248046875,0.0007581558893434703,0.007850289344787598,1.0,0.0009486651979386806,0.0210680291056633,0.9505534768104553,0.027429793030023575,0.3214554039601135,0.999697299831584,0.0003030988807489066,0.946924718888395,0.0780583031112795,1.8923335282694993,1.897935625156794,1.8938908813924,0.18938909503210144,0.04112800354057833,0.3214554037310508,-2.113318667075367e-05,0.09577148313967272,0.09579261632634348,1.8938908813924,0.07805830315030643,,,,,,,0.18938909503210144,42,syn_diag,399,2,0.787948727607727,,,False,d457efafd0529d94bc1cc0e1a06f28a1dbb5133342744ea2667303a7dbc38fd5,0cbed1b29f42104fe48b2ef51c688f2fcc5c540239eda359df119a9c50b5390c
0.7734375,0.2706127166748047,0.4188633252758199,1.547833028221458,0.09157368540763855,137.2249755859375,1231.448974609375,1923.8377685546875,0.0008131701033562422,0.007287914864718914,1.0,0.000983947655186057,0.02166777290403843,0.9461462497711182,0.031202062964439392,0.4986826252527677,0.9996866199100648,0.0003135286268791989,0.8667846556368483,0.06389280896992611,1.8981648752220137,1.897935625156794,1.899516952493069,0.1899517019784067,0.03366437097391755,0.4986826259172232,0.011501751024138642,0.2670548881249245,0.25555313710078587,1.899516952493069,0.06389280895817988,-100.47530522205281,0.06175324963687829,1.7771741459720727,4667.32177734375,0.6480348706245422,0.6484101414680481,0.1899517019784067,42,syn_diag,400,2,0.6597650051116943,0.5866749022483826,0.8069,False,a018c95eb324e5c76c0389a67686f748d2f0fa320f55bfcd0059ec6bc5ff6187,fe8356f8c9bf2af59a30b3bcd46731c1a1d94c02893850b78fb2f6588a362b65
0.78125,0.27014899253845215,0.4115482018135042,1.523412000237249,0.07159727811813354,69.00254821777344,1099.19677734375,1742.6402587890625,0.0009097581496462226,0.014495866373181343,1.0,0.000860278494656086,0.020450564101338387,0.9182815551757812,0.060407575219869614,0.12701087058435206,0.9998644880513448,0.00013607669264481052,0.9919013250958381,0.0741831590251087,1.9005045941154015,1.897935625156794,1.9019887082195333,0.19019887815229403,0.039086235613993034,0.12701086973680725,-0.0003600478175321624,-0.0886423808773513,-0.08828233305981913,1.9019887082195335,0.07418315899351226,,,,,,,0.19019887815229403,42,syn_diag,401,2,0.6799461245536804,,,True,08460db17f770a086691b84a09e4437c26ee66612d11d51a1fedb9a90a9d605d,38c66ecc2760d6fc8e644eee0f0ae56a90b442bdf14e8d031eadfcb124dcc4d7
0.83984375,0.23481014370918274,0.37243595891225634,1.5861153701745556,0.1572185456752777,68.16365051269531,945.38720703125,1445.7049560546875,0.0010577950160950422,0.014673938974738121,1.0,0.0009005196043290198,0.02106950804591179,0.9329558610916138,0.04507407173514366,0.34343583241632697,0.9996227365977406,0.000377797295677994,0.9391761437505389,0.07885507730118627,1.892229237329616,1.897935625156794,1.8939743602848207,0.18939744354102658,0.04154781450747586,0.34343583224601376,0.009607983174636932,0.1326458555331595,0.12303787235852257,1.8939743602848207,0.07885507731453223,,,,,,,0.18939744354102658,42,syn_diag,402,2,0.4333239793777466,,,False,17302a250d3fbbf80c393d620fa5bcee24545da5f04846005342479e18ed3965,9bb3752eb5c85e99406c8964eeb6be2dc43f5373ce1f1a04d9eaef38216f4523
0.80078125,0.25785160064697266,0.3948266810235916,1.531216697080669,0.07771837711334229,60.82777404785156,1065.27978515625,1841.771240234375,0.0009388956241309643,0.016445763409137726,1.0,0.0008483767160214484,0.02058301866054535,0.9270085692405701,0.051560044288635254,0.12418900589048205,0.9998882547003115,0.00011214679061460976,0.992258580606299,0.06765310726732823,1.8954512232840055,1.897935625156794,1.8966990886936748,0.18966991536539812,0.03564562800263764,0.12418900576908956,-0.0008221567318861697,-0.006948493643063641,-0.006126336911177472,1.896699088693675,0.06765310723263211,,,,,,,0.18966991536539812,42,syn_diag,403,2,0.5836352705955505,,,False,fb8c9b85371a38bb9423e4c099b040d5015cd4b69a48c766a3e6c74426caac5a,3726e042e7a0ac796bfdcc659b8236cb5287380fa8e10b536cfd14c72e71940a
0.77734375,0.27878719568252563,0.4127716447607594,1.4805974802664414,0.11384077370166779,83.77774047851562,1122.19091796875,2266.1337890625,0.0008911258773878217,0.011974412947893143,1.0,0.0008254796266555786,0.020545076578855515,0.9166629314422607,0.061966486275196075,-0.18901806126141657,1.0001467299582385,-0.00014644060895951846,0.9819736108890273,0.055834630569817564,1.8943496141252072,1.897935625156794,1.894880622537059,0.18948806958473555,0.02941861137422692,-0.18901806281000438,-0.0059162167505587004,-0.23898039423286885,-0.23306417748231015,1.894880622537059,0.05583463058399254,,,,,,,0.18948806958473555,42,syn_diag,404,2,0.6389507055282593,,,False,24ce9a1de559bdac2aaf8bb15cd20e004f46044c334d2af78802817e1b7e03ec,e9626b99b51e7e9249264c2cf173554475568d08e6f37d8c82690c4353408df2
0.77734375,0.2884938716888428,0.4150106165365197,1.4385421230647528,0.07063493132591248,61.686607360839844,1190.5546875,1868.1397705078125,0.0008399554062634706,0.01621563732624054,1.0,0.0009125994401983917,0.020860055461525917,0.9348307847976685,0.043396543711423874,0.011733689486987896,0.9999899810003215,1.041270626544332e-05,0.9999311578805405,0.0651283553395994,1.9001413881423563,1.897935625156794,1.90124750843082,0.19012475757528022,0.034315365851349484,0.011733687428272006,-0.00740560049121107,-0.1843007917062273,-0.17689519121501623,1.90124750843082,0.06512835547232879,,,,,,,0.19012475757528022,42,syn_diag,405,2,0.7555031776428223,,,False,c15784530e72ce0402ebbe92a8d39615d4f246dc63793eed5bb0818283ca01e9,fa7741b5a77255c7931b54da412922a23dad58c2d616b7dcbc886477cfcef184
0.73828125,0.3242919147014618,0.43125452281996274,1.3298343519692377,0.029611140489578247,39.83363342285156,1145.782958984375,1725.3367919921875,0.0008727790554985404,0.025155972689390182,1.0,0.0009462586604058743,0.020659729838371277,0.9283982515335083,0.049995724111795425,0.026997830917744377,0.9999764707052373,2.392156472011928e-05,0.9996354921137675,0.06206082647769282,1.8968878226054176,1.897935625156794,1.8980402770292892,0.18980403443937763,0.03269912090539588,0.02699782960008181,-0.002719153935891268,-0.09914385281678909,-0.09642469888089782,1.8980402770292892,0.062060826553658174,,,,,,,0.18980403443937763,42,syn_diag,406,2,0.6940917372703552,,,False,61d37bcfbc8e0e303b77917678e17fed27e48cc9ab23b39e86609987a1e51385,4d8e2b4e38af2a755ae14387f9e27f60866bfd372ee6bb15eb45502bf0780917
0.796875,0.25673753023147583,0.40196203359021265,1.5656534870277252,0.1320704221725464,74.25355529785156,1175.9595947265625,1805.499755859375,0.0008503700373694301,0.013511291705071926,1.0,0.0007991223828867078,0.02034734934568405,0.9285733103752136,0.05028024688363075,0.6111328620854858,0.9995240137053013,0.00047617656637908895,0.7915280316345523,0.07864019080943833,1.8937985572562825,1.897935625156794,1.8955040503837817,0.18955041184882482,0.04143459333764295,0.611132861947865,0.013103653371752571,0.291339129009226,0.2782354756374734,1.8955040503837814,0.07864019080580963,,,,,,,0.18955041184882482,42,syn_diag,407,2,0.6769100427627563,,,False,cb7c1b3e93966e7a45421375b740d77459f0f4eb4e943aa1988d934dc3793326,c2cac7b8cf5713fed89d9662fc593d4bd7418ca730f1e0423427b781fcca3a83
0.78125,0.27802446484565735,0.41522453004029863,1.4934819910489003,0.06866186857223511,74.11970520019531,1080.700439453125,1597.537109375,0.0009253418538719416,0.013494275510311127,1.0,0.0008410353329963982,0.020395534113049507,0.9229772090911865,0.055786196142435074,0.3384273322652017,0.9997597269168317,0.0002404967152871988,0.9409925295900241,0.05599564749621722,1.8999163783220414,1.897935625156794,1.9007840903628666,0.1900784164553642,0.029503449302481874,0.33842733593254243,0.005697598722820189,0.1322856697634292,0.126588071040609,1.9007840903628668,0.05599564731888309,,,,,,,0.1900784164553642,42,syn_diag,408,2,0.6732381582260132,,,False,b2781c6642ee0847b3ffff30948e4a40c66eeb7dfdf7fa12312ff509143502ba,d6a06dfb5d021d87f7c9d54d439990a48ab68719c21cae9f3883e851a35aafac
0.80859375,0.24496571719646454,0.38975350685449744,1.5910532327541846,0.12180270254611969,97.37273406982422,1145.52880859375,2288.029052734375,0.0008729592664167285,0.01027006097137928,1.0,0.0007675554370507598,0.019732370972633362,0.923141598701477,0.056358471512794495,0.5778268246913894,0.9995401964776178,0.00046001470967073295,0.8161593965945974,0.07652500033358718,1.903680783902155,1.897935625156794,1.9048468706570223,0.1904846932105803,0.040320124307285134,0.5778268233065628,0.007628169109503704,0.2173440653085467,0.209715896199043,1.9048468706570223,0.07652500034587846,,,,,,,0.1904846932105803,42,syn_diag,409,2,0.6397313475608826,,,False,5e43e5a2f864d1d6345c6ae7467a0e7a271336c92201ecf13dce7fdce72ce776,85614b2ffdf2fc5627dfa72a7801ec7380f7cf9f12f1f8dc0b3a2b7c849121f8
0.77734375,0.2802041172981262,0.41572001688785853,1.4836329116218352,0.10273417830467224,68.900390625,1135.156494140625,2167.58154296875,0.0008809657301753759,0.014533675275743008,1.0,0.0008481882978230715,0.020162951201200485,0.9327586889266968,0.04623018950223923,0.37246741863128024,0.9996543160443985,0.00034605581114581496,0.9280452693874266,0.0668445446092896,1.8991603196446054,1.897935625156794,1.9002811882461672,0.1900281262893042,0.03521960583027264,0.37246741999686744,0.00033210419303537426,0.1096787053971008,0.10934660120406542,1.9002811882461672,0.06684454456949114,,,,,,,0.1900281262893042,42,syn_diag,410,2,0.742020845413208,,,False,8c408d7db9e5434c32b04bd7d721d4a673fea8f3c88ab0ab019beb777fd4b68f,62fc204b1f048f6f1a7da84de83766429d184be4e845d3f40eae40159ffcbed3
0.76953125,0.2875083088874817,0.41312383742005176,1.4369109667330289,0.09466862678527832,53.18254089355469,1091.292236328125,1919.9615478515625,0.0009163456270471215,0.018808569759130478,1.0,0.0008294383296743035,0.02047283761203289,0.9228800535202026,0.055817633867263794,0.38449034229405205,0.9996470454588825,0.00035331445626584355,0.9231290140918478,0.06980464307381426,1.8973301329711445,1.897935625156794,1.8985917176910225,0.18985917846265254,0.03677924696102941,0.38449034433320595,-0.0033550734932664616,-0.04997322391741686,-0.0466181504241504,1.8985917176910225,0.06980464306796333,,,,,,,0.18985917846265254,42,syn_diag,411,2,0.5361232757568359,,,False,03dda8675e594595d4053f97570e5ffd58dcd24f8500ed9c053d1e190cb71748,93e8a1329ff22a7d54b29432e5da6e5f5d93e56dc1e92c72844be581d77df6a5
0.82421875,0.24636366963386536,0.39140248307891934,1.5887182560559265,0.13423189520835876,70.27230834960938,1178.11181640625,1997.90380859375,0.0008488841122016311,0.014231095090508461,1.0,0.000807473435997963,0.019671279937028885,0.940854549407959,0.03866669908165932,0.15993647666501176,0.9998682695721479,0.00013206265768237325,0.9871273086094459,0.06616606023914864,1.8910568388328057,1.897935625156794,1.892035188137941,0.18920352570570786,0.034862120380741365,0.15993647377803716,0.0005742083962208746,-0.04067389111261945,-0.04124809950884033,1.8920351881379407,0.06616606026839807,,,,,,,0.18920352570570786,42,syn_diag,412,2,0.7327051162719727,,,False,eed47d7d60afca4f483cebb959950f9f3eef201a2cf30a78225c44bb16c9642c,c5fe1f02c3779119230c3006737ac2fad6598ec7d1282bbdc3b2b774dd9d3b8d
0.7734375,0.2748885750770569,0.4169010459851878,1.51661825730142,0.10108682513237,101.3829345703125,1143.167236328125,1808.7689208984375,0.0008749061962589622,0.00988086313009262,1.0,0.0008872130420058966,0.02083231322467327,0.94150710105896,0.03677339106798172,0.39532808578885276,0.9996132299529042,0.0003871748402252201,0.9185399852834549,0.07673033817355626,1.9007840591458374,1.897935625156794,1.9024883786141276,0.1902488455101648,0.040428314404592575,0.3953280856573179,0.0032953695759853118,0.11474149668821926,0.11144612711223395,1.9024883786141273,0.07673033816498985,,,,,,,0.1902488455101648,42,syn_diag,413,2,0.8173602819442749,,,False,0e37de10cc4cfeffddba85468607929ec88076551504e038c7bbffd6ac858b62,ee99254803d4aeb470c0eed2574490f501b6763bf223eb81351163083120b487
0.796875,0.2751157283782959,0.40543224328406147,1.4736789572468183,0.08921598643064499,55.32661437988281,1073.4976806640625,1849.024658203125,0.0009315407369285822,0.018087053671479225,1.0,0.000863905530422926,0.020368654280900955,0.9336004853248596,0.04516693949699402,0.10177772137949752,0.9998637678809206,0.00013713051954019581,0.9948071649366254,0.09184218777067724,1.895883846003985,1.897935625156794,1.89852281997095,0.18985228881493768,0.04839057055111734,0.101777721357593,-0.01229109015006586,-0.19502964654703098,-0.18273855639696512,1.89852281997095,0.09184218777026139,,,,,,,0.18985228881493768,42,syn_diag,414,2,0.5681082606315613,,,False,84b1bbed15aafefd8facf1b9193ef7aba78112c3c867aa2296569fe0171629f9,62e2ef4b55faa7ef3884a8bc083cefc2231a175f1d3f3dd998fdfc546c634e40
0.81640625,0.23920750617980957,0.3928586820757872,1.6423343284880705,0.32663556933403015,96.89672088623047,1182.7506103515625,2167.871826171875,0.000845510745421052,0.010320385918021202,1.0,0.0007879591430537403,0.020109964534640312,0.9349239468574524,0.04417813569307327,0.5310237601159361,0.9996032241648667,0.00039697654879964554,0.8473569296180387,0.0696318225857947,1.89593547350933,1.897935625156794,1.8974867529317694,0.1897486829129166,0.036688189874725344,0.5310237611974165,0.0074080666623538224,0.18988908390697784,0.182481017244624,1.8974867529317694,0.06963182264001495,,,,,,,0.1897486829129166,42,syn_diag,415,2,0.7061839699745178,,,False,83fef33ec13da546163cf30d87a1e761b4bd443bd4bde0109fbc99c7a9f6295e,800a50e32d68e9e0beb5513cb5da80d495992192c323e1bafed91f513e9a0c20
0.77734375,0.2881205081939697,0.4102920065726233,1.4240290638263253,0.06403148174285889,36.819671630859375,1228.535888671875,2020.8223876953125,0.0008142362348735332,0.02716570720076561,1.0,0.0008573689265176654,0.02075536921620369,0.927670955657959,0.05071627348661423,0.00530290636168903,0.9999960049636266,4.328099120726519e-06,0.9999859394757566,0.05729263202613658,1.8986093162764421,1.897935625156794,1.8995933042414828,0.18995933801958406,0.030186815225291576,0.005302903530340198,0.0007414649344292471,-0.08476206496185519,-0.08550352989628444,1.8995933042414828,0.057292632164158905,,,,,,,0.18995933801958406,42,syn_diag,416,2,0.7035995125770569,,,False,f0320a52543c5b18b36d315cbce39c723335311471ee0faa6bc1adb45201971e,8ea0bf04fc2bb0cc5724fb0e0645936a42c4b0c17096f4a3a891c8ce570cbb83
0.7734375,0.28290051221847534,0.4181159367328609,1.4779611073760672,0.057462502270936966,91.08997344970703,1020.611572265625,1677.510498046875,0.000979818170890212,0.01098853163421154,1.0,0.0007898978074081242,0.020119739696383476,0.9242005348205566,0.05488981306552887,0.438859076422344,0.9996237612805002,0.0003765360137806529,0.8985559031122011,0.06744209999528827,1.9033037358987634,1.897935625156794,1.9047298584460288,0.19047299305641716,0.03553445074812859,0.4388590764019962,0.01084627601321487,0.19410630884389216,0.1832600328306773,1.9047298584460286,0.06744210004080976,,,,,,,0.19047299305641716,42,syn_diag,417,2,0.5465521812438965,,,False,086585aaf7aefd676069bd67d0f4fa953b4ea796cd538ca90c24099a6b8b4afb,6a56472aed3aea1d647b7270626761d14876863776a38a0d77bf40e7d24cb28c
0.796875,0.26573002338409424,0.4036916917710658,1.5191797255059005,0.0503215491771698,58.078399658203125,1179.844970703125,2202.275146484375,0.0008475875947624445,0.017227202653884888,1.0,0.0007865429506637156,0.020201880484819412,0.9275426864624023,0.05146893858909607,0.10922960219610153,0.9999298118984111,7.039329795213718e-05,0.9940165461264867,0.0640537047009677,1.8969636554362106,1.897935625156794,1.8979457559379536,0.18979458294933974,0.03374914504576112,0.10922960215782922,-0.0025530847771192346,-0.06441581638698335,-0.061862731609864115,1.8979457559379536,0.06405370465377284,,,,,,,0.18979458294933974,42,syn_diag,418,2,0.6593880653381348,,,False,725995ad110f28cc6585a0e5ea3639eac55ad01de8bf299a4eab1b2e3a35e139,d25b3f4294fd5eb4f46b7dd2fd65217ee3a6184cc0d90d37bdd56faa1c424819
0.78125,0.2751046419143677,0.4080177286135262,1.483136484935627,0.097147136926651,56.91131591796875,1234.6334228515625,2079.79150390625,0.0008102819556370378,0.017641639336943626,1.0,0.00085715192835778,0.02082512155175209,0.9411128759384155,0.037204816937446594,0.4186331951587683,0.9995416052466065,0.0004588904778440606,0.9081554095479962,0.08300636381335658,1.898893294957496,1.897935625156794,1.900476345765449,0.19004764217049055,0.0437350786365346,0.4186331945159849,0.002675592425284946,0.04648734463980586,0.04381175221452092,1.900476345765449,0.08300636379654665,,,,,,,0.19004764217049055,42,syn_diag,419,2,0.6301148533821106,,,False,7fc70d98fde4ffa9ac79bd4f211cd2373d6f013918ee18d87653065f1347040d,6d9e07b8da08bbed9438b62b1a2a9e067782b80d9d0c8f082fd8ae693a0c4d33
0.7578125,0.29867419600486755,0.42717017489004383,1.4302211767562567,0.06349342316389084,64.98545837402344,1236.69140625,2166.585205078125,0.0008086253073997796,0.01539209857583046,1.0,0.000838016567286104,0.020543644204735756,0.9301624298095703,0.04845590889453888,0.47622827925243105,0.9996975242802602,0.00030263188915147726,0.8793216851720974,0.05863960779073978,1.8919043206666064,1.897935625156794,1.8926240787890325,0.1892624140203116,0.030896520942781974,0.47622827934575873,0.005425891952313014,0.18989673915860467,0.18447084720629164,1.8926240787890325,0.058639607801853455,,,,,,,0.1892624140203116,42,syn_diag,420,2,0.6979855895042419,,,False,f4e8936342426fc5a3c437569f531092822d8e93584dc2d79e2bb9f6c8c04f7e,d65347becf5f72e5ed281ee2d9789e9d328286e1cb86930b920961967d1c5271
0.734375,0.31140202283859253,0.4299306416084052,1.3806287773154748,0.031328968703746796,54.935813903808594,1110.1488037109375,2006.1549072265625,0.0009012006339617074,0.018232494592666626,1.0,0.000845261849462986,0.020671024918556213,0.9232436418533325,0.05524001270532608,0.4489114767352119,0.999468533675811,0.0005320273860727776,0.8935762340350822,0.06915921930303141,1.8981904143816724,1.897935625156794,1.8995543094816307,0.18995543737658002,0.03643918075318362,0.44891147633311734,0.0023158690241227094,0.09972134455808765,0.09740547553396493,1.8995543094816307,0.06915921930553584,,,,,,,0.18995543737658002,42,syn_diag,421,2,0.6814097762107849,,,False,c4297456f0f0e4aa4e3679b039bb1a809a361e4f54822a3ac1e61ee2960f3e05,7df8fda803179ec3c31678576486c4ed93aede8c460c0356d688ea752e8acd6f
0.7578125,0.3037184774875641,0.42563153032349776,1.401401481538182,0.06894711405038834,61.34436798095703,1237.6025390625,1847.8792724609375,0.000808022334240377,0.016388509422540665,1.0,0.0008351070573553443,0.02058323659002781,0.9239383339881897,0.054643288254737854,0.20568172194746298,0.9998209487471877,0.0001794156746856218,0.978618939746086,0.07101109024949734,1.8977408666540962,1.897935625156794,1.8995355790693027,0.18995356437619046,0.03741490981475912,0.20568172291971598,0.0034889756478603544,0.0636672535907156,0.06017827794285524,1.8995355790693027,0.07101109028127392,,,,,,,0.18995356437619046,42,syn_diag,422,2,0.6467212438583374,,,False,1664b032525f25cb7efd6ee33d32b581eee139a5bbc10ef2d9f7b7a52e2c608e,c9f988aab79cfcf0a06a127fb4901ea7b9abd4f60cc5e6915e7c80688ee4c4eb
0.8046875,0.28701865673065186,0.3973015474434614,1.3842359551681809,0.06431582570075989,40.88795471191406,1190.6357421875,2543.4189453125,0.0008399710059165955,0.024457208812236786,1.0,0.0007938923663459718,0.01964072324335575,0.926482081413269,0.05308327078819275,-0.2893106409847204,1.0002607868606863,-0.00026041575304825863,0.9572352652207565,0.05958095277302196,1.8990497489592206,1.897935625156794,1.8999996135461337,0.1899999677738307,0.03139250456298717,-0.28931063726109346,-0.005483247538499864,-0.2234908504223153,-0.21800760288381546,1.8999996135461337,0.05958095303644041,,,,,,,0.1899999677738307,42,syn_diag,423,2,0.6576759815216064,,,False,819903a130080127412b1986d32c2da47b8f912d1c80c93233b0daf782933514,592d54780792d5da01fc638a88f033fa82301e655939aee7fc49d8c47c2c461a
0.76171875,0.3104684054851532,0.42379984187064856,1.365033732598914,0.06669744849205017,55.265480041503906,1022.7794189453125,2136.984375,0.0009777487721294165,0.01811126247048378,1.0,0.000799017318058759,0.0195491760969162,0.9371972680091858,0.04245453327894211,0.5228667875061723,0.99961828570074,0.00038190819722024163,0.8524144077271553,0.06564241510689074,1.8962693904758623,1.897935625156794,1.8974514832385416,0.18974515484490284,0.03458621790790888,0.5228667879250097,0.0114767048353182,0.3411769115033905,0.3297002066680723,1.8974514832385416,0.0656424149323382,,,,,,,0.18974515484490284,42,syn_diag,424,2,0.5232341289520264,,,False,a2a04c39cbf82ee60613f99dfae5dc2d370c905a16131a6dd0de52f990b1cf55,86bc9e29d74b4fba20b40233e2acbde63f2c358e293c6fd09716ec0968ca3148
0.72265625,0.3215571939945221,0.43761764835040534,1.3609325502842922,0.03339269757270813,50.63487243652344,1131.5263671875,2237.437744140625,0.0008837687782943249,0.019749853760004044,1.0,0.000847316172439605,0.02002052403986454,0.927486002445221,0.0516461506485939,0.17217244870217494,0.999811383195519,0.0001892028229998107,0.9850668240686536,0.07136756537556443,1.893272097795362,1.897935625156794,1.8945498992278966,0.18945499767700374,0.03760273237382904,0.17217244965708467,-0.002043961434351836,-0.020004965085338274,-0.017961003650986438,1.8945498992278966,0.07136756541718933,,,,,,,0.18945499767700374,42,syn_diag,425,2,0.5296653509140015,,,False,819911b0a5bf213d424d47f812c7f0834eac747d4d9ba239f351980263f0e6af,dcd75acb0bc9c890e7b57caf5b7d1cb74d386d174583258abe5a285c4d38284f
0.7578125,0.31888526678085327,0.42537660944899947,1.3339488386231857,0.09575207531452179,37.784454345703125,980.200439453125,1838.9945068359375,0.0010202295379713178,0.026471443474292755,1.0,0.000861609703861177,0.020316094160079956,0.9354186058044434,0.043403685092926025,0.003436634379971252,0.9999965575744241,4.1832822461256095e-06,0.9999940947412924,0.07495716082744208,1.897182257041084,1.897935625156794,1.8988110326643883,0.18988110976999398,0.03949404807721556,0.0034366339062093304,-0.010320198076312445,-0.22506897509906712,-0.2147487770227547,1.8988110326643886,0.07495716093678001,,,,,,,0.18988110976999398,42,syn_diag,426,2,0.5521522760391235,,,False,82128064698d101cf579647d6b18490bbe267d6cfe53970579c233ece5959be4,f9b8d02cb083f3a9f4c1a4bbcecbeff1e7672b925d0faaa6f4641fb22ac38900
0.77734375,0.28644752502441406,0.41472533184807997,1.4478231638635368,0.06852816045284271,74.578369140625,1213.121826171875,2264.62646484375,0.0008247312507592142,0.013497000560164452,1.0,0.0008317213505506516,0.020573090761899948,0.9281315803527832,0.05046362429857254,0.1893428528252832,0.999845397902658,0.00015492489179378286,0.9819110367334036,0.07677792228071188,1.9021651373610324,1.897935625156794,1.903498040491847,0.19034981153881306,0.04045338591203723,0.1893428555638525,0.000611688561231986,-0.03860381458242792,-0.0392155031436599,1.903498040491847,0.07677792217690435,,,,,,,0.19034981153881306,42,syn_diag,427,2,0.6187596917152405,,,False,bbaa31e538380ef27d2b76dc16b3a80b00e7c370c648a4ec3db5a2f7ae0ee64f,c397afac41c355c131296408a6a407c84eeaecb60a41001c7a3db78065584ee2
0.7890625,0.2690165638923645,0.4044579104895134,1.5034683719260815,0.12227410078048706,81.18933868408203,1240.4317626953125,2148.1826171875,0.0008061895496211946,0.012316888198256493,1.0,0.0007967449491843581,0.019731920212507248,0.9398199319839478,0.039651382714509964,0.46490235711032946,0.9996968919022292,0.00030327493498342225,0.885361958933067,0.05708732076963138,1.8954903858135674,1.897935625156794,1.896234380400233,0.18962344464845848,0.030078639134499176,0.4649023571996041,0.005753219964885876,0.20022777848534087,0.194474558520455,1.896234380400233,0.05708732078180105,,,,,,,0.18962344464845848,42,syn_diag,428,2,0.674797534942627,,,False,f088200d6cf72127564d1f6510ffa2647914daf700dd99514925a4a220f6fa9c,f9e2964a24f956d1e75450cb38765e31fd98ce00011db4da06e9bb3e554ba4c6
0.765625,0.3097102642059326,0.4221969311560627,1.3631997710057357,0.0363040417432785,43.00023651123047,1089.36279296875,1814.47119140625,0.0009181780042126775,0.023259710520505905,1.0,0.0008277430897578597,0.019990434870123863,0.9332476854324341,0.045934103429317474,0.3815883150613961,0.9996873942734823,0.0003128930451930147,0.9243323849036068,0.06325358802308864,1.9016195894761585,1.897935625156794,1.9026008967808878,0.19026009636250016,0.033327572961190266,0.3815883146052699,0.0035203688476369037,0.07366021073229376,0.07013984188465686,1.902600896780888,0.0632535879807701,,,,,,,0.19026009636250016,42,syn_diag,429,2,0.5642654895782471,,,False,a32fe4469371c23913fbbd1abea395dc94936a294853b389a5f4e20ae5bba65d,c44675272acbe6e44f75f5297a2b662a5bf0e23ced60799178c207259c6a96ef
0.73046875,0.3241795599460602,0.43663951936911727,1.3469064393400196,0.05185158550739288,36.338966369628906,1124.7760009765625,1725.1962890625,0.0008891738252714276,0.027519814670085907,1.0,0.0009099709568545222,0.02071286365389824,0.9332152605056763,0.04516192898154259,0.48918745093012256,0.9995698124030776,0.00043048226137550196,0.8721786731104839,0.06412757068517083,1.898971255421229,1.897935625156794,1.8998151350487384,0.18998152027954462,0.0337880641656849,0.4891874502484996,0.006679897227137046,0.21995051376598185,0.2132706165388448,1.8998151350487382,0.06412757070228273,,,,,,,0.18998152027954462,42,syn_diag,430,2,0.5810379981994629,,,False,3a7e91fffe5a20bc7b009a351e8c17f57f86ae7a9d3c4af515eb0af2af9cd336,614db0b0959698b0a113aebc9724fd3b18fc657da3964e33aebcf14f639c85e9
0.79296875,0.2604893743991852,0.4041461341861068,1.55148804512041,0.08183763176202774,73.72601318359375,1268.18701171875,2455.22998046875,0.0007886966923251748,0.013569695875048637,1.0,0.0008112501818686724,0.020498765632510185,0.9355283379554749,0.043161675333976746,0.6235062869947776,0.9995385234477725,0.0004616441681266962,0.7818183357143724,0.0650440571825387,1.8996382263022957,1.897935625156794,1.9006609908199097,0.19006610569341587,0.034270950142015984,0.6235062865836849,0.018081992368757353,0.3663525636532863,0.34827057128452893,1.9006609908199097,0.06504405719436944,,,,,,,0.19006610569341587,42,syn_diag,431,2,0.6737292408943176,,,False,649934a585561d6c49c83e4f0f3cc928936aeffd816d224aebdd3659b7e3c179,a5038edf238aab447828361b8e9dc376da5213d5e529c112e156f013082a2dbf
0.77734375,0.27637559175491333,0.41280841619702796,1.4936500954638114,0.10617189109325409,88.50857543945312,1095.764892578125,2014.6436767578125,0.0009129161480814219,0.011300133541226387,1.0,0.0008076088852249086,0.02001514658331871,0.9381288290023804,0.04104841500520706,0.04875684682915219,0.9999526670394434,4.7812662680438975e-05,0.9988106776833966,0.06062234479685878,1.8939008088987215,1.897935625156794,1.8949924947480725,0.1894992562413588,0.03194120179488103,0.048756847484226346,-0.0020031422518440095,-0.06553045182398089,-0.06352730957213688,1.8949924947480725,0.060622344742908854,,,,,,,0.1894992562413588,42,syn_diag,432,2,0.6203452348709106,,,False,dbd7512f139571f81d1e909b876238ce4ed881ae050318eb774622f00789d394,396d6fcefe4a8c90d77e284d646c5b5ac4f2f5c415f8a7a6da85276e14cbb592
0.796875,0.2711569666862488,0.40304505314947153,1.4863901797159382,0.08640500158071518,77.5075454711914,1107.580810546875,2015.1849365234375,0.0009031463414430618,0.012902321293950081,1.0,0.0007736133993603289,0.019720666110515594,0.931568443775177,0.047937288880348206,0.523227513782627,0.9996229009114664,0.00037728796356003354,0.8521930349391007,0.06561681536803105,1.8957454882521865,1.897935625156794,1.8970660721335721,0.18970661391100957,0.03457272970603293,0.5232275166507451,0.015223009071508049,0.36672882709891036,0.35150581802740233,1.8970660721335724,0.0656168153687722,,,,,,,0.18970661391100957,42,syn_diag,433,2,0.5787545442581177,,,False,dc3c12d174539286fae57b509ec1f02b5daa61a80876914b4e9f74f97f942aa2,275ebc287ab84ff39088f5757a8c60ac6079c7d6552f3e9a31ae940c3ee089ae
0.7734375,0.29798173904418945,0.4147201196021541,1.3917636165484135,0.03359440714120865,54.57131576538086,1147.9013671875,1935.769287109375,0.0008712030248716474,0.018334966152906418,1.0,0.0008394294418394566,0.019688738510012627,0.9428200125694275,0.036651819944381714,-0.058376034322325694,1.000046062058863,-4.5755937744451844e-05,0.9982946652073863,0.056510600051340586,1.9014766018638376,1.897935625156794,1.9021978647441835,0.19021979404208234,0.029774771758469046,-0.058376034040188686,-0.006883165313068521,-0.1146168943447296,-0.10773372903166108,1.9021978647441837,0.0565106000423819,,,,,,,0.19021979404208234,42,syn_diag,434,2,0.6425570845603943,,,False,4579fa8f8e8bc73b0a4c6f643e8af6b38d11efac37b14d55e4d2becb056f15bc,e903cc774cce5832d82c90c71eb9ab4581fc65397627d246279ecd3ab64a6077
0.76953125,0.2898242473602295,0.4167404086564238,1.4379072270344186,0.07785176485776901,57.547183990478516,1166.4456787109375,1741.9793701171875,0.0008573061786592007,0.017377052456140518,1.0,0.0007783304317854345,0.019465550780296326,0.933082103729248,0.046673987060785294,0.394438188145615,0.999705402589195,0.00029483337772687304,0.9189224753508688,0.061554593015201574,1.8976312632219234,1.897935625156794,1.8985351193278128,0.18985351879215398,0.03243239243695841,0.39443818595942287,0.004781683924365973,0.1882683675951639,0.18348668367079793,1.8985351193278126,0.06155459305969415,,,,,,,0.18985351879215398,42,syn_diag,435,2,0.5204377174377441,,,False,0751483e700b883a20516cc654558c643b0bd289a3139755b39c29e3314f6d50,f96ed2ef4a9a81bb7c7edf135c6391c7968f4826a903e2ad002c29a8b62deb8e
0.8046875,0.263742595911026,0.3982486105870208,1.509989715778443,0.06298555433750153,77.73088836669922,1198.732421875,2245.260009765625,0.0008342250948771834,0.01286814920604229,1.0,0.0007758760475553572,0.01934109441936016,0.9427797794342041,0.03710325434803963,0.0460737104297074,0.9999433959436839,5.737790280619086e-05,0.9989380427149848,0.08317554916453523,1.9029896315388852,1.897935625156794,1.9050166138883609,0.19050166819891193,0.043824220411912036,0.0460737102699917,0.0022711096099266646,-0.05772186255345258,-0.059992972163379246,1.9050166138883609,0.0831755491718621,,,,,,,0.19050166819891193,42,syn_diag,436,2,0.6012662649154663,,,False,171b7c5d955e89a12007f07fa7f12adacf9bbdfd8eef6615c756d9007c7c6c7d,0b3c151ee8c129c86c116cac3ee3c81dd9bcbc49382f442f6c33725199595aca
0.79296875,0.2735162079334259,0.4082710262144038,1.4926757998981715,0.08263194561004639,101.80606079101562,1404.203857421875,2580.837890625,0.0007121492526493967,0.009823363274335861,1.0,0.0008057025261223316,0.020148757845163345,0.9372285604476929,0.041816987097263336,0.17131241346736029,0.9999081376427683,9.200234613600501e-05,0.9852167563290553,0.04800051636444192,1.8996643527144934,1.897935625156794,1.9002406041306683,0.19002406700009233,0.025290908568329953,0.17131240969961214,-0.000477523890739552,0.11244267558077069,0.11292019947151023,1.900240604130668,0.04800051639138361,,,,,,,0.19002406700009233,42,syn_diag,437,2,0.8967539072036743,,,False,37c9869513cf798a2426cb81329e3bbf7e1b2c9aca353e4a24da038b8098298d,934d48b9d1212cdaaaaf0d0d948b0010f212bf6ef8a5323cfc711399ba4080de
0.76171875,0.2914518713951111,0.4210379875564214,1.4446226517544012,0.07903347164392471,61.4759521484375,1162.489990234375,2075.2958984375,0.0008602250600233674,0.016270365566015244,1.0,0.0007947986596263945,0.019083868712186813,0.9411865472793579,0.03893475607037544,0.2727198425790427,0.9997955285778697,0.00020473229724181493,0.9620934920431743,0.058154930176225715,1.9004628743405902,1.897935625156794,1.9010905546345567,0.1901090626664628,0.03064114999758789,0.27271984253193715,0.00044469929214511496,-0.016784720744930287,-0.0172294200370754,1.901090554634557,0.058154930170519384,,,,,,,0.1901090626664628,42,syn_diag,438,2,0.6424568295478821,,,False,0e9728c38f5075a46bac0a38470fe655c682ce132ef04b7b63169d7f3c97b6a4,1d2d0d1081f80a3b0e352ed108fa341ea6d410a849fe064b40872b29345c817d
0.75,0.3167574405670166,0.4268822944837487,1.3476630738286546,0.051500048488378525,36.189640045166016,1080.909423828125,2042.3216552734375,0.0009251831797882915,0.027640996500849724,1.0,0.0007949183345772326,0.02004040963947773,0.9321439266204834,0.04702073708176613,-0.17433492501662795,1.0001588452281653,-0.0001584448371032473,0.9846864139869184,0.06679955458424697,1.8994562416753973,1.897935625156794,1.9005638298029552,0.1900563911144382,0.03519590111423999,-0.1743349255112272,-0.008007205565370443,-0.26446307857661766,-0.2564558730112472,1.900563829802955,0.06679955456634247,,,,,,,0.1900563911144382,42,syn_diag,439,2,0.4983888268470764,,,False,a224892cdc4513cdfa53ab4311c58d4d8447aeeefc35e748378eda2a06c31031,0bdd4fc125235a087a5d50859382aef699f3d85ecf296ee81c93e156c03b4ef1
0.73046875,0.3348309397697449,0.43515706584535646,1.2996322424710336,0.04080624133348465,38.07124328613281,1155.79150390625,2406.8818359375,0.0008652369724586606,0.026288501918315887,1.0,0.0008452787878923118,0.019886577501893044,0.931800127029419,0.04746803641319275,0.1499079191568721,0.9998576996919109,0.00014274353351130287,0.9886999624489282,0.07097817754348146,1.8971912259982957,1.897935625156794,1.898363089956577,0.18983631600491566,0.03739756849633946,0.14990791909890272,-0.003349137012635249,-0.18694179071807007,-0.18359265370543482,1.898363089956577,0.07097817757170388,,,,,,,0.18983631600491566,42,syn_diag,440,2,0.5699095129966736,,,False,5ce4375ba032898778cd2df40079d06d57552218b2551ded4308eeaa6c64029c,85e5201583fc3887457b22b14ce9a54874c390548755708b914521a4e5b242d7
0.72265625,0.3334980309009552,0.4393346154496328,1.3173529148367362,0.026407461613416672,37.59662628173828,1260.5277099609375,2560.83837890625,0.0007933293236419559,0.02661159820854664,1.0,0.0008240488241426647,0.020128561183810234,0.9274593591690063,0.0515880323946476,0.4337494091493522,0.9996816989317744,0.0003185200388904246,0.9010335454568883,0.06771862324808713,1.8955228655566492,1.897935625156794,1.8967939505789386,0.18967940160620728,0.03568014760377187,0.43374940763506437,0.004805866535021625,0.09910473396445982,0.09429886742943819,1.8967939505789384,0.06771862325776502,,,,,,,0.18967940160620728,42,syn_diag,441,2,0.6386860609054565,,,False,9dbdedc52310992ca1e8a276dbed3adfbf5e7e59666e95aafb5b54a869a62c3b,32d3f75c2b951ddf0967ac74beabac80eaa40180e327013a3fd736a453e5b09a
0.78515625,0.2734191417694092,0.4112687410999115,1.5041695364281986,0.09231127798557281,70.27364349365234,1164.05419921875,1963.5963134765625,0.0008592096855863929,0.014243051409721375,1.0,0.0007849811227060854,0.019725389778614044,0.941046953201294,0.038442689925432205,0.47732536426182787,0.9996303345722045,0.0003698973656495494,0.8787266336046604,0.05909180628090667,1.901346280491872,1.897935625156794,1.9024175195477568,0.19024175845669408,0.03113477901864758,0.47732536412698423,0.006121008940113689,0.23849528638324954,0.23237427744313585,1.9024175195477568,0.05909180623054545,,,,,,,0.19024175845669408,42,syn_diag,442,2,0.5696503520011902,,,False,89fe97f42fc020861c30e3e27203f3f9137b217efbae85071445054fc04fae28,72c210b2690064d2495a360dfdf5175c180deb5a2a574a20ef9237c52e7a1a08
0.7265625,0.324227511882782,0.43590827924446124,1.3444517745947873,0.046381738036870956,39.754608154296875,1246.6005859375,2112.553466796875,0.0008021978428587317,0.025348465889692307,1.0,0.0008345542009919882,0.020374849438667297,0.9259945750236511,0.05279603600502014,0.2460265233220521,0.9998324092951046,0.00016780927675643815,0.9692630962722009,0.06987592657123744,1.9017010587234293,1.897935625156794,1.9028625118860358,0.1902862577428763,0.03681680539898605,0.2460265222996917,0.004684997188427127,0.09776684558360504,0.09308184839517791,1.9028625118860358,0.06987592669193844,,,,,,,0.1902862577428763,42,syn_diag,443,2,0.6802846193313599,,,False,c5acf84a66231f0a41f6f9f3fbcaefbab79308d413509dc3b723cd0b6d146fbe,425f29fd88398a9505147c91c42b6c46ff3aa3b42b85df3512ae95fce2059a5c
0.80078125,0.263776957988739,0.39972195778365344,1.5153786322080682,0.09927849471569061,68.21812438964844,1320.9615478515625,2561.68896484375,0.0007571603637188673,0.014741029590368271,1.0,0.000802596565335989,0.01996084861457348,0.9387537837028503,0.04048273339867592,0.19682360518242722,0.9998546134281543,0.00014564980447406047,0.9804389162092797,0.07579390019318712,1.904267557893118,1.897935625156794,1.9055834281334638,0.1905583506151788,0.0399349162260894,0.19682360432433801,-0.0026850681059276934,-0.12582356255933894,-0.12313849445341124,1.9055834281334638,0.07579390013812669,,,,,,,0.1905583506151788,42,syn_diag,444,2,0.9067116975784302,,,False,a20bc112b51542c0b3c999408bfa8649bc4411286453ca6e36d901cae4d93da4,edb13764c11791141b81cebc7b199857917b7dd56a458f350fc2e10204e77d12
0.765625,0.30242741107940674,0.4195220003142667,1.3871825444193986,0.0832173228263855,54.802249908447266,1136.809326171875,2123.408447265625,0.0008796722395345569,0.018300849944353104,1.0,0.0007701803697273135,0.01952546462416649,0.9289864897727966,0.050717879086732864,0.32153982398716313,0.9997093031390718,0.00029106432032025215,0.9468960563657388,0.061169397977134644,1.8937209674063789,1.897935625156794,1.894687314366986,0.18946873757655028,0.03222943769341441,0.3215398293035208,0.009988848232123801,0.1731710578463976,0.16318220961427382,1.8946873143669862,0.0611693978083548,,,,,,,0.18946873757655028,42,syn_diag,445,2,0.5705293416976929,,,False,e9c0fba3d17eb4eebe0a2edeae7d2f6ec54ee85411840e53b254044d1483636f,c2bdd33a305735cceef3c6e13ba20c2eac18af571194833195bce31ce5ee989d
0.78125,0.29231950640678406,0.4131093599003922,1.4132117283147476,0.10259304940700531,84.04896545410156,1358.787109375,2474.103271484375,0.0007359586888924241,0.011909675784409046,1.0,0.0008123555453494191,0.02000313252210617,0.9356248378753662,0.04355962574481964,0.40756489076407926,0.9997915097702893,0.00020859947498307556,0.9131762479314237,0.05494961480230665,1.8943569045400175,1.897935625156794,1.8951945252235345,0.18951945848394275,0.0289523069560055,0.4075648898136082,0.004377128597340194,0.054648651193014874,0.05027152259567468,1.8951945252235345,0.054949614824157805,,,,,,,0.18951945848394275,42,syn_diag,446,2,0.7244929075241089,,,False,2258de6bd1dfdcf48a1e4d141d5b11fa25c35063666a1802bee8d7763c18711d,d0dedaa658c85776a071f59462d90332a68b50d10c55a4e3820c774e25665563
0.7265625,0.32941028475761414,0.43465405095140036,1.3194914835175877,0.0766514241695404,23.058237075805664,1249.20703125,2013.4293212890625,0.0008005078416317701,0.043389685451984406,1.0,0.0008371040457859635,0.02018144726753235,0.9327709674835205,0.046210505068302155,0.388665417265813,0.9996950726533811,0.00030518914408257913,0.9213789629638081,0.05789039448753876,1.8954795016242405,1.897935625156794,1.896550935380584,0.18965510117756518,0.030501769248746653,0.388665419308147,0.0021937957183927837,0.1532081721506347,0.15101437643224191,1.896550935380584,0.05789039437808989,,,,,,,0.18965510117756518,42,syn_diag,447,2,0.545011043548584,,,False,f12b627c972fdc3542ef2afb317fc088919d78d9376cc198003b00f6628b0e3c,37895453dc7dee65e1214c878a404c8cb2ff0427bb8fb1afd7dcde55fdd44260
0.7734375,0.2918381094932556,0.41190053947616223,1.411400792971236,0.0823720246553421,55.92908477783203,1032.252197265625,1931.900634765625,0.0009687818819656968,0.017880268394947052,1.0,0.0008176585542969406,0.020463069900870323,0.9357414245605469,0.04297782480716705,-0.018668218447523494,1.0000203020479037,-1.9743022616609107e-05,0.9998257336083357,0.05786884955583802,1.8990657266320508,1.897935625156794,1.9000107423196297,0.190001081696244,0.03049041747716117,-0.018668217808705524,-0.003556771508089514,-0.1589130773349391,-0.1553563058268496,1.90001074231963,0.0578688495417367,,,,,,,0.190001081696244,42,syn_diag,448,2,0.5321865677833557,,,False,8be96daed7a1fb9d2a69cbc8dfb35fc718bd51b9a2e4bac238c2824561387728,3e4d85d8b563213dc124ac2ffc9f74156e1a30dbd4f284bc9071aa3681342c24
0.80078125,0.24897441267967224,0.3954103315592827,1.5881564368072538,0.07232238352298737,80.42669677734375,1169.5784912109375,1929.82275390625,0.0008550100028514862,0.01243379432708025,1.0,0.0007460371125489473,0.019876640290021896,0.9329679012298584,0.046409424394369125,0.11172869060856262,0.9998886803241445,0.00011181424584052411,0.9937387481965411,0.0713842919449221,1.9038650535963908,1.897935625156794,1.9052409580707264,0.19052410328261657,0.03761154540686132,0.11172869148522435,-0.001089519066242378,-0.08465725696574941,-0.08356773789950703,1.9052409580707264,0.07138429183733486,,,,,,,0.19052410328261657,42,syn_diag,449,2,0.6157897710800171,,,False,d97056bbff7512d6a1ad0e08217fa910a640db99922389fee35a0dbd2eec85a6,fa93bb277327839b174fc74ac786a11e1bae294abbbf4aba83d58ea168a4a194
0.72265625,0.3265245854854584,0.44142449058140537,1.3518874762675777,0.12661704421043396,57.600894927978516,1288.9884033203125,2117.994873046875,0.000775802182033658,0.017361875623464584,1.0,0.0008037729421630502,0.02010200172662735,0.9376181364059448,0.04147607088088989,0.07224949567473964,0.9999375823224539,6.27934135150682e-05,0.9973865902148336,0.0578813429073172,1.8934615350650055,1.897935625156794,1.8943821447027478,0.18943822180137687,0.030497000077389324,0.07224949702362188,-0.006117715241749427,-0.0007954111306789573,0.00532230411107047,1.8943821447027478,0.05788134289327356,-96.45210974993877,-0.007745152852145083,0.2971614993606549,4165.9677734375,0.5413134694099426,0.5381262302398682,0.18943822180137687,42,syn_diag,450,2,0.5398462414741516,,,False,baaac276cd13b506bd1c21e9eaa7a55422e79cb05785574607464ee13180fa6b,b1053a032ada940daa49a4de61bfb7055f90c2e7786899711419a4262a68154c
0.73046875,0.30935174226760864,0.4346674643918246,1.40509137708404,0.04062085226178169,49.4016227722168,1263.7222900390625,2278.006591796875,0.0007913149893283844,0.020242314785718918,1.0,0.0007298274431377649,0.019395362585783005,0.9300585985183716,0.04981619864702225,0.5342672499565682,0.9996843427427691,0.0003157821113401874,0.8453156248399255,0.05641470002959831,1.9048486075244733,1.897935625156794,1.905713156055774,0.1905713226540189,0.02972424316283541,0.5342672523156656,0.009351610434879424,0.3209845864272999,0.31163297599242046,1.905713156055774,0.05641469998768056,,,,,,,0.1905713226540189,42,syn_diag,451,2,0.7743446826934814,,,True,553b17e16a3e40f1cf59d5c7841c584d804d97655574c7247b87dc8e6c25b836,54c0e8c71944b48b77d8befb6c65e258d1e3ce243c8eef3c6d7fb17d5c187b11
0.76953125,0.3032240867614746,0.4188992952664018,1.3814842549688153,0.06166897714138031,52.989837646484375,1233.09423828125,2859.89892578125,0.0008109821937978268,0.018979765474796295,1.0,0.0007041374919936061,0.019431818276643753,0.9323762655258179,0.04748772829771042,0.5138252502709342,0.9996928367180409,0.0003072949412483906,0.857894872442628,0.07125097475472834,1.902036929266681,1.897935625156794,1.9033867375015796,0.19033868049924133,0.03754130214443103,0.5138252510706854,0.012297948442516549,0.2968809191167705,0.284582970674254,1.9033867375015796,0.0712509747535721,,,,,,,0.19033868049924133,42,syn_diag,452,2,0.7379173040390015,,,False,df1b009650e81a48b2691c48731d4fc9708c55ddaf955413cbbc69a02f2b0a98,b49afe5cbee666242883b31bc178d3a1740644ac45b76de8de0dc8c230f56d52
0.75,0.30998495221138,0.426258285192051,1.3750935749386706,0.05479259788990021,36.703590393066406,1072.569091796875,2349.994140625,0.0009328716550953686,0.027245808392763138,1.0,0.0006950853276066482,0.019185634329915047,0.9352753162384033,0.044843994081020355,0.1280934421127181,0.9998802434776153,0.00012018955115215619,0.9917621035587767,0.06074147868543477,1.892042819381486,1.897935625156794,1.8929473974066964,0.18929474685114697,0.03200397204219439,0.12809343995427125,-0.0037702345576165735,-0.05850337989235055,-0.054733145334733974,1.892947397406696,0.06074147882795722,,,,,,,0.18929474685114697,42,syn_diag,453,2,0.6374310255050659,,,False,f6daa767add178ce846f41436768c29c3921007b8cdd9a79377d99b3f37ba89d,94a041089c3bdc26df241f1994fe1a45de6757a62bf35fe2ec5c6ffa2b8b9655
0.7109375,0.3384270668029785,0.44536301548803897,1.3159792586588908,0.022983573377132416,46.42033004760742,1075.5989990234375,2503.615966796875,0.0009297275100834668,0.021558240056037903,1.0,0.0007596026989631355,0.019539648666977882,0.940123438835144,0.03957732021808624,0.10755146124375169,0.9999176128703348,8.267921718652292e-05,0.9941995187793371,0.04568862068290447,1.9007822149553757,1.897935625156794,1.9012470752470862,0.19012471505995693,0.024072797874325123,0.10755146297697502,-0.002023753524660437,-0.026948000561771518,-0.02492424703711108,1.9012470752470862,0.045688620677148246,,,,,,,0.19012471505995693,42,syn_diag,454,2,0.6762282848358154,,,False,6e1bea5d12b06e705bcc389ec96606f4b0ac2c818b320f0daeef6f4f0dfafd5c,dbfb45c8410e09c58c0b925781c832ff824da99ac70cd1fe9659ea1100766112
0.73828125,0.32543158531188965,0.4298448627380839,1.3208454687781421,0.05946965515613556,35.9862060546875,1045.0057373046875,2356.967041015625,0.0009582098573446274,0.02778894454240799,1.0,0.0007233471260406077,0.01916099339723587,0.9310381412506104,0.04907749593257904,0.21410724378928703,0.9998621777707639,0.00013802050733005872,0.9768101597151407,0.0557398129259803,1.9000059835829033,1.897935625156794,1.9009077412146311,0.19009078115386502,0.02936865307080481,0.21410724385101998,-0.005913723159483132,-0.14922686889127956,-0.14331314573179643,1.9009077412146311,0.055739812907641496,,,,,,,0.19009078115386502,42,syn_diag,455,2,0.5856517553329468,,,False,10431a3dfc9f6a7ee8ad6ebfef85c51a4aca1833ee06c6dda01ba48c0e427e2d,05c4cb8ac12ffdaf25a6e2024270ece242028dfa5f60fba12d72bf17fa3abe5f
0.7265625,0.3332872688770294,0.43881618785168547,1.3166305356731505,0.019396629184484482,45.317378997802734,1175.249755859375,1753.7733154296875,0.0008509554318152368,0.02209092117846012,1.0,0.0007220859406515956,0.019188327714800835,0.9384908676147461,0.04159869626164436,0.3218150927840019,0.9996467597046851,0.0003537821732261618,0.9468025380355608,0.06937103084979687,1.8962295051119529,1.897935625156794,1.8974548607820885,0.18974549343662936,0.03655078177060372,0.3218150934928655,0.0024996917598308238,0.13419792781555107,0.13169823605572023,1.8974548607820885,0.0693710308010483,,,,,,,0.18974549343662936,42,syn_diag,456,2,0.6553757786750793,,,False,94290798dfb1796aed03423564ebb7057c9942f252a1f3cd76b6e02b9cb1f4d8,cdea1ce2ac834dd9c520a134d53731db32cad9665932bd3ea8f52ca38611e0f8
0.74609375,0.3123152554035187,0.42716617318380445,1.3677403677746325,0.05014486238360405,33.019405364990234,1023.7811279296875,1868.6103515625,0.000976772396825254,0.030288146808743477,1.0,0.0007334614638239145,0.01907508447766304,0.9441100358963013,0.03608141094446182,0.2564345452621231,0.9997470324614712,0.0002534238706261708,0.9665615986404855,0.06279095444084341,1.8977529152155987,1.897935625156794,1.8987724898670346,0.1898772552899077,0.03308381675781178,0.25643454537066807,0.0030560792905991755,0.030969186347239313,0.027913107056640137,1.8987724898670346,0.06279095446596772,,,,,,,0.1898772552899077,42,syn_diag,457,2,0.5825304985046387,,,False,51695ba97a0a35fb63ae5fc3db55b9360b97b8754874acef0f434791b0faf14b,f7285dea4318cdf4f194df206294008c2272b3715a8e12f276f90d07b844c17a
0.72265625,0.33765238523483276,0.4320376641654736,1.2795339031408866,0.030238162726163864,17.01243019104004,1138.14501953125,1957.788330078125,0.0008786281105130911,0.059017881751060486,1.0,0.0007530346629209816,0.019296837970614433,0.9379074573516846,0.042042698711156845,0.009855498186672031,0.9999927164114654,7.579273337973525e-06,0.9999514333837375,0.06824987899673321,1.8967531594219,1.897935625156794,1.898076855777303,0.1898076926341165,0.03596006002103413,0.00985549687127418,0.0024883478444507005,-0.003066090750937366,-0.005554438595388067,1.8980768557773027,0.06824987900402464,,,,,,,0.1898076926341165,42,syn_diag,458,2,0.5128887295722961,,,False,f68205d1efa88461219fd77554597d221b74b8135d7b82832f719c05973424f9,6cadec632cfb4e65b937cd60e8c33eb5f7e6a7be6cf9ff354242d0aad53376ec
0.7265625,0.3163728415966034,0.43541772392223327,1.3762803825527354,0.01943400874733925,53.13058090209961,1071.609130859375,1776.025146484375,0.000933317409362644,0.018822479993104935,1.0,0.0007229764014482498,0.01904967427253723,0.9308962821960449,0.04933109134435654,0.6928081523692116,0.9993089789350195,0.0006912801067601263,0.7211219480754139,0.07084891891281657,1.9000204448842613,1.897935625156794,1.9010477806640131,0.19010478531381267,0.0373294636412793,0.6928081522521718,0.011633410127407099,0.3033850044981313,0.29175159437072423,1.9010477806640131,0.0708489189160831,,,,,,,0.19010478531381267,42,syn_diag,459,2,0.6469202041625977,,,False,998c92d2b80507060301378826088d95150955af529c317bcd3fea94fe357983,21431e9959988fdc14865e9806cb47ca7a9f5dd83ec8db090e2abab3a789864e
0.69140625,0.36346903443336487,0.4493477954854633,1.2362753907989057,0.009722699411213398,24.12711524963379,1018.2601318359375,2837.79638671875,0.0009827642934396863,0.04177699238061905,1.0,0.0007469180272892118,0.01889776438474655,0.9244173765182495,0.05593790113925934,0.16990666746350208,0.9998860153174973,0.00011420408426092156,0.9854601586651149,0.05521920892800622,1.8976431041219006,1.897935625156794,1.8985676092747086,0.18985676701107881,0.02909435293592495,0.1699066656291538,-0.003678339051019844,-0.09267074628966586,-0.08899240723864602,1.8985676092747086,0.05521920895366589,,,,,,,0.18985676701107881,42,syn_diag,460,2,0.6501920223236084,,,False,278bf9d7d4022464f60e2db3198c3c4938a72fc7035e516a101702bc5ab27d05,e58ec869f0aebd156fd68e39b87636b1a530c6777e74d6b24dd05f90fb28c3e7
0.73828125,0.3109132647514343,0.4323955525093323,1.3907271908130587,0.023507948964834213,45.581459045410156,1234.4649658203125,2526.66455078125,0.0008100683335214853,0.021966183558106422,1.0,0.000742031610570848,0.01880263164639473,0.9335873126983643,0.046868033707141876,0.6373687775426037,0.9995847223818637,0.0004154037780550379,0.7705589149411198,0.06380667027633394,1.8996057420352321,1.897935625156794,1.9005826509547776,0.19005827266546935,0.03361898550749268,0.6373687763522943,0.008212652232854929,0.23176837973797212,0.2235557275051172,1.9005826509547776,0.06380667022338458,,,,,,,0.19005827266546935,42,syn_diag,461,2,0.755829393863678,,,False,5f2b04d9e7c360543dae9d94a1c8ebd19c410c790d888765a57b385dfae22f6e,6daff744a36d26ea2321c75bb7839b1d2c5bd08f856f81de524cf487384b8e5e
0.73828125,0.3303627371788025,0.43374453989452305,1.312934156625852,0.025780735537409782,29.216073989868164,1099.09423828125,2111.243408203125,0.0009099935414269567,0.034273989498615265,1.0,0.0007473109290003777,0.019129879772663116,0.9342334866523743,0.045889295637607574,-0.03914424653965583,1.0000454762728535,-4.4821748032245056e-05,0.9992335702583166,0.06307416505269052,1.899519459136415,1.897935625156794,1.9004900230047705,0.19004900927169555,0.033233037104431054,-0.039144246175203824,-0.01041841486085951,-0.3198238180230025,-0.30940540316214304,1.9004900230047705,0.0630741650319418,,,,,,,0.19004900927169555,42,syn_diag,462,2,0.6390525698661804,,,False,47d8fd1c2fa3a87134f4a14d9fa5e58665a22a7ff60fdd752a95aa8b11d6d35d,0af3ee63f5e1cead645b06c97352368ef0a77fa1240d29c32c6d4a8952f3241f
0.7265625,0.34156131744384766,0.43786214635062126,1.2819429007707004,0.052115775644779205,41.448692321777344,1098.548828125,2213.83984375,0.0009105606004595757,0.02437322400510311,1.0,0.0006729870801791549,0.01808583177626133,0.9320254325866699,0.04921571537852287,0.4546677385236433,0.9996523827346795,0.0003478495071962153,0.8906611294538375,0.06146911389689726,1.8936727028965172,1.897935625156794,1.8947009452329553,0.18947010141898613,0.03238735449300959,0.4546677383345472,0.008184325764878592,0.24427956531543993,0.23609523955056133,1.8947009452329553,0.061469113937307446,,,,,,,0.18947010141898613,42,syn_diag,463,2,0.5609049797058105,,,False,46ef7610b7b06d77d168e37a74c64742d4629f966968f9b2218c4cfe30ee179b,553e0e0839b874d5e1bc6b2ea11bf69c48aa5349de04a3ba05798686ae9c3f55
0.69140625,0.3540666997432709,0.4456000455754303,1.2585200606126672,0.02273639664053917,23.263931274414062,1042.6983642578125,1747.578857421875,0.000959262193646282,0.04299493879079819,1.0,0.0007396262371912599,0.018859390169382095,0.9300630688667297,0.05033790320158005,0.053795965664334984,0.9999474262471998,5.3058760964052715e-05,0.9985519485972528,0.06459818990713628,1.8950860791228599,1.897935625156794,1.896318175277895,0.18963182438106,0.03403602790888421,0.053795965659654554,-0.004867751651333702,-0.09521658813023393,-0.09034883647890023,1.8963181752778953,0.0645981899130732,,,,,,,0.18963182438106,42,syn_diag,464,2,0.4851069748401642,,,False,f5ced31e0806845f475cca5b635181e1479404d831409687d89170e8129bff98,f70baeeb68714e1ed7ec09b4e8740747c512482d025682d16f46ba55961f123f
0.765625,0.3031299412250519,0.4166147080073464,1.3743767079661322,0.03928249701857567,41.89253234863281,1238.64599609375,2491.61669921875,0.0008073333883658051,0.02387077733874321,1.0,0.0006694793701171875,0.01832035556435585,0.9371603727340698,0.043849848210811615,0.37414798202255006,0.9996460501969058,0.0003543356115743392,0.9273690136740875,0.0671800212660191,1.899720229118615,1.897935625156794,1.9008697855105803,0.19008698631317478,0.035396364542361,0.3741479820250204,-0.0036483366562264784,0.026852256730445216,0.030500593386671694,1.90086978551058,0.06718002126700548,,,,,,,0.19008698631317478,42,syn_diag,465,2,0.7395797967910767,,,False,98564a782db0e654767f011f601bd25a75934fd98f99b3e9b9060e03fcd7c25b,49b5a9559bb2e6c71f52ea267bac639279dcbef274ebb2a1fd5c76d8e2fe3d4a
0.6875,0.36764106154441833,0.4538852935578436,1.2345881582938725,0.021957650780677795,41.62541961669922,1171.8792724609375,2497.17578125,0.000853335193824023,0.02444659173488617,1.0,0.0007148513104766607,0.018428752198815346,0.9393312335014343,0.04152514785528183,0.5496369840349602,0.9996199429177429,0.00038022413563455217,0.8354036065039177,0.06583803728403677,1.9017610739370734,1.897935625156794,1.9027938355080618,0.1902793902392566,0.034689288936532295,0.5496369839673791,0.01140911441166674,0.37678361829228063,0.3653745038806139,1.9027938355080618,0.06583803727985583,,,,,,,0.1902793902392566,42,syn_diag,466,2,0.6804907321929932,,,False,61e5f03a2abbae6ac6512302969b88f47ecd7e78b3715fdff8e7d7f877778f00,76f7bf4d0a26125790b5d76ba96b289289dac72aa8f3a26dc966f3f465ecd8df
0.7265625,0.34069859981536865,0.4364531249751312,1.281053413878951,0.022611603140830994,30.64495277404785,1048.4346923828125,2586.236328125,0.0009550513932481408,0.03322099149227142,1.0,0.0007469294359907508,0.01929454319179058,0.9363185167312622,0.04364003986120224,0.4335645289325114,0.9996274093346065,0.0003728911042788759,0.901122521762846,0.06970581169462751,1.8936516767005083,1.897935625156794,1.8947814912591776,0.1894781565985498,0.03672717386757108,0.4335645285170814,0.002415614994452841,0.14879648462734377,0.14638086963289093,1.8947814912591776,0.06970581167672425,,,,,,,0.1894781565985498,42,syn_diag,467,2,0.4921477437019348,,,False,7a6de06ffaa06041d5de04a51e36341572478d4fb6d8536139130fcc33304caf,9fbc2e0197d1d707f7812dfb0d8bbb628e8cf5a04846fe6dd8d141f969686d0c
0.7265625,0.34354567527770996,0.4379708685691391,1.2748548417358645,0.026120832189917564,27.497413635253906,1092.61181640625,1813.667724609375,0.0009152860147878528,0.036373864859342575,1.0,0.0006866748444736004,0.018411654978990555,0.935608983039856,0.04529263824224472,0.2449545250367024,0.9997442795530626,0.0002562348615206086,0.9695345690771201,0.0659955879197455,1.8968578754446102,1.897935625156794,1.898013433956318,0.18980135059261127,0.034772300516914864,0.2449545251969103,0.005363437827600087,0.07761557972798196,0.07225214190038187,1.898013433956318,0.06599558795002831,,,,,,,0.18980135059261127,42,syn_diag,468,2,0.5820809602737427,,,False,bab62613de6ac8e8c2b16367b0c92864b68cac073656701f8be5c485636df18e,5d087af8dc1b7f558e5bb1f1b3637c9cbe32db721612b97b87f9cc65a1940500
0.703125,0.366865336894989,0.4433537045666442,1.2084917468985925,0.031613223254680634,16.581438064575195,998.79345703125,1692.0262451171875,0.0010016264859586954,0.06030869111418724,1.0,0.0007307992200367153,0.018658990040421486,0.9303120374679565,0.050298213958740234,0.02435000918390554,0.999972809409607,2.7844006060921906e-05,0.9997034945527039,0.06274612332550793,1.8990771711424812,1.897935625156794,1.8999551968675885,0.1899955272299554,0.03306019576943829,0.024350008380300485,-0.001333897649125538,-0.011053991324576386,-0.009720093675450847,1.8999551968675885,0.06274612335754659,,,,,,,0.1899955272299554,42,syn_diag,469,3,0.5274096131324768,,,False,3e56f5b93e9faab26c000082cfca5ce182f80622dc41bcf1891d8744df9373a4,9a4b1ee7f1eaa0cf2d34af73b3f1c2647ede7cc2b11e2cd72fe9d0b4cfc18135
0.7265625,0.33550968766212463,0.43654735868682404,1.301146829126878,0.031068474054336548,30.498929977416992,1138.42431640625,1721.9896240234375,0.0008785102982074022,0.033013056963682175,1.0,0.0006774625508114696,0.018612351268529892,0.9338998198509216,0.04681038856506348,0.29712808897052745,0.9997846381059415,0.00021560196557551952,0.9548376295008731,0.05382691346681633,1.9033672749472297,1.897935625156794,1.9040694154610431,0.19040694837614586,0.028360768802335522,0.29712809060585615,0.004997697768436809,0.20895612920300874,0.20395843143457193,1.9040694154610434,0.05382691345952315,,,,,,,0.19040694837614586,42,syn_diag,470,3,0.6153534054756165,,,False,7136d9af1f3e7583b81e65b09284371ae01568746a5dd1465c47c7186494ed2b,771eb30449777e2f875f1fbc8af3ec491915b5b43815517107f054bed114b0fc
0.765625,0.28171196579933167,0.41523971123523495,1.4739866749387427,0.0530032142996788,60.11328887939453,1234.103271484375,2263.652099609375,0.0008103103609755635,0.016675136983394623,1.0,0.000628515612334013,0.017619585618376732,0.9349043369293213,0.04684758931398392,0.5681079063438158,0.999554828361625,0.00044537985436206827,0.8229540732802746,0.06434631830329748,1.895816714209589,1.897935625156794,1.896858628924398,0.18968587055297137,0.033903319717678904,0.5681079055554219,0.00974249822002303,0.3085073818766578,0.2987648836566348,1.896858628924398,0.06434631832014862,,,,,,,0.18968587055297137,42,syn_diag,471,3,0.6745897531509399,,,False,27145cbf520b46f8694ee0e67314288d1bf8f1d5ae1c5d2a9bff620aca5983d4,722b995be3265775313d246714df7ad74b229dc8d7a9a25a3125c488359709d2
0.74609375,0.33544668555259705,0.42827129327851715,1.2767193917582833,0.04718492552638054,27.395309448242188,1244.790283203125,3147.714111328125,0.0008033490157686174,0.03650294989347458,1.0,0.0006790078477934003,0.017814651131629944,0.9343642592430115,0.04714209586381912,0.16922490775321417,0.9998851632645395,0.00011506129493040784,0.9855774604574877,0.056995434461435054,1.8987581014298527,1.897935625156794,1.8996059040730247,0.1899605977430307,0.030030225317413735,0.1692249092351327,0.002369436021967686,-0.011542741134445986,-0.013912177156413671,1.8996059040730247,0.056995434231023163,,,,,,,0.1899605977430307,42,syn_diag,472,3,0.7587116956710815,,,False,4ef36a0cf00d7c798b96f4c9fc332e382fa18cc6fdabb930068cdc69de199d46,1a4ee10f8ca3c8b7d0711d1340a987a4c85dd0fb71324f1d21f000400d590896
0.7578125,0.3156111240386963,0.42299347420501954,1.3402363352982036,0.030502812936902046,43.41086196899414,1103.3211669921875,2166.236328125,0.0009064394398592412,0.023040607571601868,1.0,0.0007390432874672115,0.01869194209575653,0.943191647529602,0.03737734630703926,0.3474675379954741,0.9996575600561368,0.00034286816204566055,0.9376920123422879,0.06098735555455975,1.8930101076732753,1.897935625156794,1.893831827300557,0.18938318929754494,0.03213352167805442,0.34746753847220657,0.002242091759705241,0.01524083326253566,0.012998741502830419,1.893831827300557,0.06098735553305992,,,,,,,0.18938318929754494,42,syn_diag,473,3,0.5757493376731873,,,False,d86de1824124d479c3aafeda5504d8cbf8279d14bf147c2868e23c089fff6b91,a13d5ddb753d37c9696eac38cb966632aa37e88070d794456726abd76d576c52
0.734375,0.3283103108406067,0.43589755280612386,1.3276998280892385,0.03398018702864647,43.83913040161133,1312.7891845703125,2788.997314453125,0.0007620935211889446,0.02282213419675827,1.0,0.0006688431603834033,0.018288670107722282,0.9279848337173462,0.053057607263326645,0.21317185831020458,0.9998434867263957,0.00015677144875067694,0.9770147177979451,0.06203301177771523,1.9033913033588132,1.897935625156794,1.9043442975971119,0.19043443597555457,0.03268446566650954,0.21317186058482596,-0.0008945022488833594,0.12916473118850996,0.1300592334373933,1.9043442975971117,0.062033011603701504,,,,,,,0.19043443597555457,42,syn_diag,474,3,0.717190146446228,,,False,4d3ad8fab0ddbf6174a8feb96f454b366ba5d42e681c82b9c9664eac52f61d42,4bae591fafa30c9550d4aa2f935d78ca704a0134ec81aea2bb43754df5bf1bde
0.70703125,0.35284197330474854,0.44501944516126346,1.261242873040282,0.02372148260474205,28.110641479492188,956.8487548828125,1655.6275634765625,0.0010451683774590492,0.035642750561237335,1.0,0.0007477282779291272,0.018976766616106033,0.9442331790924072,0.03604229912161827,-0.08254283238583471,1.000120331258298,-0.00011929413990636907,0.9965875178765081,0.05763498207386783,1.90238973168156,1.897935625156794,1.9031187045671316,0.19031187774185312,0.030367195446408285,-0.08254283253066903,-0.005713117199526291,-0.1949517813080798,-0.1892386641085535,1.9031187045671318,0.05763498207208057,,,,,,,0.19031187774185312,42,syn_diag,475,3,0.5150477886199951,,,False,b18e4a042c245f0c3cc43716292eb62d97e01d562e923e7832733a9dc7f7e90f,adeb4c5adbb99924b2f308ef4f45bb61c6cffd02267865486262ee2b5a1d0f6a
0.6875,0.3674081861972809,0.4509480486688676,1.2273761733106836,0.016655053943395615,31.19915199279785,1255.60009765625,2315.933349609375,0.0007964427350088954,0.03215143084526062,1.0,0.0007079996285028756,0.01857851818203926,0.9296871423721313,0.05102631077170372,0.3518570844541201,0.9997398727347883,0.0002603672173286361,0.9360537335496946,0.06460798384499394,1.8999020283879628,1.897935625156794,1.9007787816933377,0.1900778855561492,0.03404118821976507,0.351857084015346,0.0015993123491737182,0.11556554990565589,0.11396623755648216,1.9007787816933377,0.06460798384093104,,,,,,,0.1900778855561492,42,syn_diag,476,3,0.604324460029602,,,False,68e8583e743b9ca7637c72551361b34fae3dc011e86fa0b78a76cf95d8a90ba4,ae6e3e527795b3af9e76857696a40b095e00b580890612d05911a984aa53847f
0.68359375,0.3727334141731262,0.4542192613881566,1.218616912207644,0.014631295576691628,37.58161163330078,1061.326904296875,2193.67333984375,0.000942406477406621,0.02661028504371643,1.0,0.0007401453913189471,0.018678825348615646,0.9381181001663208,0.04246290773153305,0.43734565129067593,0.9996019724331164,0.00039836319214128936,0.8992934900644383,0.06507229023281966,1.8992007978383063,1.897935625156794,1.9004851489023613,0.19004852196448943,0.03428582580476593,0.4373456518770209,0.008028822702282366,0.1574615909953104,0.14943276829302804,1.9004851489023615,0.06507229028098052,,,,,,,0.19004852196448943,42,syn_diag,477,3,0.6261561512947083,,,False,1b68a0c0e83ad5bd3436a081dfc876746926c7b8a7ea8e145ecd84eb21dcd4fe,09ed54c2f96762f08c25abb7ac317cea3e9fab914e115946211c32f9977e441e
0.68359375,0.369306743144989,0.4495424724686064,1.217260285345903,0.012269854545593262,20.544635772705078,1236.959228515625,2736.89208984375,0.0008084955625236034,0.04868164658546448,1.0,0.0007103615789674222,0.017757724970579147,0.9296905398368835,0.05184132605791092,0.10638737025957287,0.9999341014074346,6.608937495551975e-05,0.9943247595266482,0.04761732068859625,1.8979656883265301,1.897935625156794,1.8985684019545086,0.18985684689559493,0.02508900726526873,0.1063873699950127,-0.0017474106525855997,-0.06048931286161811,-0.058741902209032505,1.8985684019545088,0.04761732070959172,,,,,,,0.18985684689559493,42,syn_diag,478,3,0.583607017993927,,,False,df4fea96292c398c7737970c2b8e50ac41809758edbf1bf3b9c593ac2bf2d6a0,38fdccac113f23388cdfb02b8d9a8881743a66f8e4752ed2cfe5b46cf4e5d82f
0.70703125,0.34861135482788086,0.4445907927035952,1.2753193669391776,0.04017257317900658,31.371265411376953,1039.9942626953125,1802.689697265625,0.0009620194905437529,0.03188975900411606,1.0,0.0007144792471081018,0.017983146011829376,0.9377326965332031,0.043569717556238174,0.03480106534814537,0.9999632747923277,3.7298883227459005e-05,0.9993942594465982,0.055767340863227974,1.8989714320928976,1.897935625156794,1.8997873118370388,0.1899787382949629,0.029383157217775225,0.03480106558800819,-0.0015132843335928603,-0.007101916345077685,-0.005588632011484825,1.8997873118370385,0.055767340826442094,,,,,,,0.1899787382949629,42,syn_diag,479,3,0.5935273766517639,,,False,9bcf50b43e962b795a4abf8a57fd36d5620bcb61c95bbfb6fdfe748073d632fc,e40e9d236801ce98d014c1950a57c29719fc7262d9de2eb29e500698e9762dbd
0.73046875,0.3275381326675415,0.43557991396341667,1.3298602527296652,0.02165745384991169,46.973175048828125,1272.2630615234375,2917.0009765625,0.0007860013283789158,0.021321482956409454,1.0,0.000737296708393842,0.01856013759970665,0.9420253038406372,0.03867720812559128,0.22531767634329158,0.9997914592163536,0.00020894903082869793,0.9742853507567184,0.06751753327921502,1.895457250560203,1.897935625156794,1.8966038090180701,0.189660387478222,0.03557419565987736,0.22531767540507627,0.002241317006085792,-0.013548714394195856,-0.015790031400281648,1.8966038090180701,0.06751753328179773,,,,,,,0.189660387478222,42,syn_diag,480,3,0.7033442258834839,,,False,0d8006d3cdedb1ce45a324281bcaba0fe69e881c4f5851a53ae3372e5ac2eb69,35acad10e2f8fa68e1237d6a543f7670950384521a6d632eed1eeba4cb623746
0.7265625,0.3258754014968872,0.43829932423310625,1.3449904202641798,0.01819225773215294,34.72605514526367,1198.4405517578125,2643.902587890625,0.0008344178786501288,0.029235150665044785,1.0,0.0007224785513244569,0.0184189323335886,0.9348105192184448,0.04604807496070862,0.21851055034693506,0.999831650373866,0.00016863324633005727,0.9758345860577776,0.0469956423851313,1.8936656485324808,1.897935625156794,1.894135198310764,0.18941352751041243,0.02476145226539182,0.21851054075563234,0.003881177988134188,0.18103170182270245,0.17715052383456825,1.8941351983107642,0.04699564275648876,,,,,,,0.18941352751041243,42,syn_diag,481,3,0.6721104383468628,,,False,08cb0367d892dbb05f6d35dcfb293bd5dd8be33d916930c3844e523dc517f74b,e9ef54d4d14ea09bf142683c9a08dd0a9a583319ad78dc9778c786b8403951e3
0.63671875,0.4455810785293579,0.45975372557943434,1.0318071280549426,0.025279859080910683,5.455059051513672,993.02001953125,2095.44580078125,0.0010079105850309134,0.18369832634925842,1.0,0.0007519256323575974,0.018460456281900406,0.9317330121994019,0.049054574221372604,0.06616992005829923,0.9999362524728398,6.421640841087311e-05,0.9978083692011034,0.06279037014874392,1.8975064272591695,1.897935625156794,1.8985382158819653,0.18985382945225,0.033083508901163884,0.0661699201965944,-0.007920566990772518,-0.0985898110133567,-0.09066924402258418,1.8985382158819653,0.06279037018494528,,,,,,,0.18985382945225,42,syn_diag,482,3,0.5342303514480591,,,False,679f9132d1a1b5093f12f7d36a5aafc542821b014ec3060f399b418f83570269,230e50163858f918bd291b6dc1737cb211ea548e3f2d6d6d81ff6069656b3cc8
0.6796875,0.3750278651714325,0.45681866141419797,1.2180926280304514,0.011685842648148537,27.870460510253906,1153.2672119140625,2281.400390625,0.0008671020623296499,0.03588099777698517,1.0,0.000619727186858654,0.016506904736161232,0.9281182885169983,0.054755084216594696,0.41404353779347164,0.9995768421053657,0.0004235916899635019,0.9102570784077159,0.08238119703759306,1.89964646232893,1.897935625156794,1.9014261150281069,0.1901426183241663,0.04340568560155664,0.4140435378550186,0.004077571695026902,0.09979529696443616,0.09571772526940926,1.9014261150281073,0.08238119702781947,,,,,,,0.1901426183241663,42,syn_diag,483,3,0.581538200378418,,,False,cb3cb1312938caeecd2ba6ea6661628fac2250b174a1f494b02f972319b5bbf1,73a2a6f174e61758401e6bd4c0976dd31159257a13057df06066f9e12a20e18d
0.69921875,0.3451935052871704,0.4458733992262236,1.291662084543675,0.02485201135277748,26.68503761291504,1276.8670654296875,2630.333251953125,0.0007832201663404703,0.03756408393383026,1.0,0.0006398179102689028,0.017325393855571747,0.9310999512672424,0.05093485489487648,0.30004267047027977,0.9998062693202021,0.0001939207727245881,0.9539257811083705,0.053767329973164406,1.894952678761241,1.897935625156794,1.8957877887676646,0.1895787853635649,0.02832937495901327,0.30004267100501203,-0.004240118014654774,-0.057764887089834925,-0.053524769075180154,1.8957877887676646,0.05376732996786998,,,,,,,0.1895787853635649,42,syn_diag,484,3,0.6471056938171387,,,False,0fefb9e5df689c390e16b1b9b12e5185e860af4edbbc74f0600983a9c15364fe,c5b5193feb3b37a3d140bcef242c201a53f0ec4d88cca75ff3115f91f0ec7c85
0.7109375,0.3519255518913269,0.44388987473265323,1.2613174326763925,0.01427382044494152,30.504901885986328,1272.1689453125,2767.7607421875,0.0007861285703256726,0.03278514742851257,1.0,0.0006541202310472727,0.017077840864658356,0.9318903684616089,0.05037766695022583,0.5713824434892474,0.9996056582507554,0.0003945023466610005,0.8206839240845719,0.06292879230352728,1.8978392726718945,1.897935625156794,1.89864106266973,0.18986411297014663,0.03315644190950649,0.5713824394200462,0.00288934002362159,0.19373423731661357,0.19084489729299198,1.89864106266973,0.06292879227980346,,,,,,,0.18986411297014663,42,syn_diag,485,3,0.6063319444656372,,,False,2ebd9edf161921ef7d9ba795769789992a4dcff572922086f3a911b0dc20eb3e,dbde626b0602f1142e1aa2dbfb5b30e88b7b4fddd3dcdeb99490634da27daa60
0.6953125,0.368751585483551,0.4526377921216893,1.2274869702567797,0.023720884695649147,28.98889923095703,1122.7073974609375,2459.927001953125,0.0008907151641324162,0.03449650853872299,1.0,0.0007114712498150766,0.018339496105909348,0.9382480382919312,0.04270103573799133,0.456256526157572,0.9995731555687961,0.0004271916592306165,0.889848291742477,0.07324885882159037,1.8955190007654656,1.897935625156794,1.896924450391449,0.18969245225728065,0.03859396380501602,0.45625652676892897,0.006610147416866903,0.2018018102093124,0.19519166279244549,1.896924450391449,0.07324885877817086,,,,,,,0.18969245225728065,42,syn_diag,486,3,0.6147069931030273,,,False,3bb7b8e08e3ae00ca134e80ea1a6b0e69764b4788bcfd512797eec3b96123e67,9986ff105ef89aef054fd41f1f61d30628622555b42e201cf3386a7655ced82d
0.71484375,0.3461841344833374,0.44601688028479014,1.2883804582360623,0.036465130746364594,66.20123291015625,1148.285400390625,2250.642333984375,0.0008708640816621482,0.015113960951566696,1.0,0.0006171907298266888,0.016912536695599556,0.9349339008331299,0.04753636568784714,0.6327739571915661,0.9994881187188626,0.0005120777195835415,0.7743365670578477,0.06974689492650366,1.9013362594348455,1.897935625156794,1.9023344463309522,0.19023345070567066,0.036748820140148276,0.6327739564791025,0.008698632929379559,0.19758636598646465,0.1888877330570851,1.902334446330952,0.06974689493397122,,,,,,,0.19023345070567066,42,syn_diag,487,3,0.5578463077545166,,,False,6af3ce5a5f59b141fdc0ce389165ed4cf2df335a1af3ee9f8b98a2763c26dae2,72b37de3c77b36e820b0f19271646c370b2bf6dc0b0fa6e6b6f0b216b9c465e2
0.703125,0.3642004430294037,0.44683256448827907,1.2268864053244197,0.014379439875483513,27.990474700927734,1275.9534912109375,2887.958740234375,0.0007837279699742794,0.03574201464653015,1.0,0.0006216105539351702,0.0167850311845541,0.9270122051239014,0.055581122636795044,0.524049672282271,0.9996028319287936,0.0003973766946835239,0.8516877015429494,0.06800710759845391,1.896335415016147,1.897935625156794,1.8975590573654706,0.18975591170391515,0.03583214662130588,0.5240496778640428,0.015545247309545653,0.390203435980747,0.3746581886712014,1.8975590573654706,0.06800710759268308,,,,,,,0.18975591170391515,42,syn_diag,488,3,0.6999179124832153,,,False,ddb165fc122a68dd065353a588ee418d3f8b8af487475c493d296fc95e0c4c5c,c8231eb89f1271879f8833732627f04dcf0059eb8eb8431010d968d419ee850c
0.71484375,0.3425847291946411,0.4413028260697077,1.2881567132745946,0.04146846383810043,38.3641357421875,1161.372802734375,2125.05810546875,0.0008611077792011201,0.026070401072502136,1.0,0.0006982425693422556,0.01837831549346447,0.9376381635665894,0.043285321444272995,0.30399639513106563,0.9997555785438353,0.000244715593742283,0.952673182006409,0.05483828368099969,1.8983458887477371,1.897935625156794,1.899203056294522,0.18992031348454597,0.028893647895165277,0.3039963954913893,0.008342306326478916,0.15693808308080728,0.14859577675432836,1.899203056294522,0.05483828376763556,,,,,,,0.18992031348454597,42,syn_diag,489,3,0.6860276460647583,,,False,6516ffa8fdf7bdb6d6a573d1d313922d6f3fe59831c4e47139eb22a45bf9ccf2,2cfd7c222eeebd9d56431f9a39b884d259973d6747d015dde051e215900f015a
0.76171875,0.30608099699020386,0.41730145268943586,1.363369363327395,0.04066220670938492,36.3620719909668,1279.68017578125,2011.7293701171875,0.0007818101439625025,0.02750670351088047,1.0,0.0006464712787419558,0.01743166893720627,0.9402149319648743,0.041706930845975876,0.620294785285975,0.9994150421760124,0.0005852318074467094,0.7843687776373557,0.08366875322509097,1.8989356099361103,1.897935625156794,1.900813388249175,0.19008134656821965,0.0440840838414289,0.6202947844176228,0.010972167546637981,0.19333176344177655,0.18235959589513856,1.900813388249175,0.08366875323919801,,,,,,,0.19008134656821965,42,syn_diag,490,3,0.6739845275878906,,,False,db2c8b6b241ae575d97ebbc2d9b47864a4cd34744a78fca3f313de48b85be5d9,c82822ad6d8e7a4db2dc66d9cfb349b235b7ef23b965ac108801908c3cce0a51
0.703125,0.3643123209476471,0.44574255433925647,1.2235176215677988,0.012298338115215302,29.51599884033203,1127.3829345703125,2472.488037109375,0.0008877834188751876,0.03391941636800766,1.0,0.0007142577669583261,0.018104862421751022,0.9286798238754272,0.05250108242034912,0.38857625856996064,0.9996566256235032,0.00034370661847703493,0.9214165677075783,0.057063418518348785,1.8965495067833624,1.897935625156794,1.897506790122884,0.18975068619393784,0.030066045318899864,0.3885762586993087,0.0033791314323335206,0.2344247715929177,0.23104564016058418,1.897506790122884,0.0570634185544721,,,,,,,0.18975068619393784,42,syn_diag,491,3,0.5231205224990845,,,False,5fc1f60e2e84789533ddede9d2ac48d80531cbe35f642e488fe709919718b69d,5f96d7b7230a4ae0b33cc78442cbf73138367e0a2568a0725a1133e84ab5cff9
0.7109375,0.33687129616737366,0.44450089005614646,1.3194977000964698,0.019436907023191452,37.35449981689453,1079.56982421875,2251.6982421875,0.0009262999519705772,0.026838477700948715,1.0,0.000710696040187031,0.018058806657791138,0.9384911060333252,0.042739387601614,0.46291094913995967,0.9995123093302529,0.0004881277066782782,0.8864047907938573,0.06536858142250437,1.9002593565367791,1.897935625156794,1.9013406986193222,0.19013407622464754,0.03444193815428784,0.46291094926190257,0.005659864902939298,0.1527512334220189,0.1470913685190796,1.901340698619322,0.06536858135450933,,,,,,,0.19013407622464754,42,syn_diag,492,3,0.47565096616744995,,,False,6c2e7d53b10c81f891a5056379bbd506cb710015c750c9d121ecb8773dea3165,90c46eb95337c486b81b0b5b23c2eb0279fa6a696ee540431c80a439397dc1bf
0.65625,0.41616755723953247,0.45867981253629314,1.1021518441164053,0.019869115203619003,11.851251602172852,1176.9342041015625,2569.17578125,0.0008496739901602268,0.08499720692634583,1.0,0.0007379892049357295,0.017729340121150017,0.9366090297698975,0.04492359608411789,-0.16575852959688672,1.0001557545769513,-0.00015532765486986748,0.986166370259635,0.05586909579409582,1.8943332163693216,1.897935625156794,1.8951271337875915,0.18951272073784683,0.029436770696293173,-0.16575852998352245,-0.007621376408954868,-0.2124096471759811,-0.20478827076702624,1.8951271337875912,0.055869095791058344,,,,,,,0.18951272073784683,42,syn_diag,493,3,0.48274123668670654,,,False,aefa602844dc9000c69ee686fbe450149bd7d9207d22c2247b1374cf90339c8a,e27173fbcde61e27685612631fe671e30313e09f478ca3ca9332249188d8c9d7
0.6875,0.36571913957595825,0.4508101978763925,1.2326677833183646,0.02135145291686058,27.7559757232666,1203.1778564453125,3291.978759765625,0.0008313336875289679,0.036029551178216934,1.0,0.0006651661824434996,0.017873791977763176,0.9372498393058777,0.04421117901802063,0.078846043044535,0.9999528921735125,4.728655660822221e-05,0.9968868047401526,0.06372816332676955,1.9022121977151079,1.897935625156794,1.9034217817182804,0.19034218534142514,0.03357762111740286,0.0788460417755335,-0.005756774084904248,-0.2011087303801681,-0.19535195629526386,1.9034217817182804,0.06372816337088182,,,,,,,0.19034218534142514,42,syn_diag,494,3,0.6207050681114197,,,False,c9a78a9138535832e28f9bec06c3fb426beeb9b070cf3e857fbd005483a98468,28eecb2a3ffc008ca548a463061604210e41e5cf527dc5d28397d4fcd4ffd548
0.73046875,0.331213116645813,0.434233285429124,1.3110389726458611,0.018233079463243484,64.36883544921875,1199.4134521484375,2935.777099609375,0.0008339834166690707,0.015545699745416641,1.0,0.0006488482467830181,0.017437130212783813,0.9374054670333862,0.04450853541493416,0.3015882058461898,0.9997042705816223,0.0002961678793183582,0.9534382801563104,0.0672041467916594,1.892273882457323,1.897935625156794,1.8935126465896848,0.18935127204144933,0.035409075998598244,0.3015882059740888,0.006023782510564159,0.09041140707536201,0.08438762456479784,1.893512646589685,0.06720414689063042,,,,,,,0.18935127204144933,42,syn_diag,495,3,0.7320894002914429,,,False,8471e5256285bd0666a68b12bb6dad3827a9cb74f37d618e4490671b9e416139,4bd4a14c9b97d1f2186d1d3b558ae0e25da6aa5c80b4751f107a431e9c956993
0.7109375,0.3564630150794983,0.450245787327895,1.263092541616344,0.02930721826851368,40.93755340576172,1150.4908447265625,2564.333740234375,0.0008692165138199925,0.024456802755594254,1.0,0.0006774074863642454,0.017434637993574142,0.9462258219718933,0.03566214442253113,0.24561419871691453,0.9998334681620725,0.00016674842671032456,0.9693676626286746,0.04885459400776724,1.8972307382646763,1.897935625156794,1.8978173816267976,0.1897817444241177,0.025740912052117402,0.24561419655373742,0.003939565788214272,0.1432141432375844,0.13927457744937013,1.8978173816267978,0.048854594046057534,,,,,,,0.1897817444241177,42,syn_diag,496,3,0.5499985218048096,,,False,269edc0364f6b2064ce3760d6998e7a208a7093a170b5baaa0e7bc249556606a,d31edbe3b3ebce20cea71b89ce4b4dd47a8aaa74f98685bd0328adb8eefdec8b
0.74609375,0.3276396095752716,0.4281530619712501,1.30678048807664,0.01948940008878708,36.23787307739258,1146.91943359375,2890.604248046875,0.0008719146717339754,0.027668599039316177,1.0,0.0007064518285915256,0.018496450036764145,0.9399844408035278,0.040812648832798004,0.1844804587464084,0.9998679003445683,0.00013234826937319014,0.9828361818284366,0.06523515344287778,1.8978756523613045,1.897935625156794,1.8990282496408406,0.1899028318176665,0.034371636518206,0.18448045837461505,-0.0011429293526522878,-0.02028433618697911,-0.019141406834326823,1.8990282496408406,0.06523515345089637,,,,,,,0.1899028318176665,42,syn_diag,497,3,0.6500523090362549,,,False,58fbff4ffdc9764b8aed5bd8f6b162569b6fa4781b0217e732b9108392a754fc,b5c70f0e03e340e11a96cf1b0a34afcd6839da687c0691e42eb7ede40940c266
0.67578125,0.3766252398490906,0.45154555098492855,1.198925375111012,0.019818082451820374,20.168014526367188,1314.495361328125,3167.015380859375,0.0007607497391290963,0.04976353049278259,1.0,0.0006963771302253008,0.017877615988254547,0.9318716526031494,0.04955432191491127,0.21599709176068776,0.9998356898370818,0.0001645869760883723,0.9763940067038439,0.08031982517927869,1.8965520217049125,1.897935625156794,1.8986733444898474,0.18986734004280656,0.04231957296897301,0.21599709184678267,-0.008771648411238493,-0.2785504370626607,-0.2697787886514222,1.8986733444898471,0.08031982512385712,,,,,,,0.18986734004280656,42,syn_diag,498,3,0.5766353011131287,,,False,b7bba71e4e7dbb40ba2e220d7c5ed9568ff35615965de662f9b7ae22ec90e3b8,5ff1ef949c1fa7c4c17c34ab87d6d5faf25608daed4ea4742c1a8d2b781535df
0.66015625,0.39429932832717896,0.4594241878315656,1.1651660310793968,0.011913185939192772,18.615001678466797,1193.681396484375,2117.86669921875,0.0008377487538382411,0.05378174036741257,1.0,0.0007159232627600431,0.0180494524538517,0.9357223510742188,0.04551227018237114,0.05416250730834095,0.9999533420455844,4.703391222803081e-05,0.9985321340712966,0.06853684301506523,1.902260790987012,1.897935625156794,1.903470437653997,0.19034705119604964,0.036111257993467025,0.054162507876969766,-0.0029002799527067737,-0.13384150622299004,-0.13094122627028326,1.903470437653997,0.06853684303181029,,,,,,,0.19034705119604964,42,syn_diag,499,3,0.5615757703781128,,,False,30acdf0732891d752126b1e60c6de6b9c79eafcd70cab983c98fe0537370a07e,9ab7dbd04bc3127d5363252be3069a64ad838581c725024c2396e52a49630046
0.6796875,0.372827410697937,0.4475140397171599,1.200325038458433,0.01787039265036583,14.569820404052734,1287.555419921875,2805.434814453125,0.0007766659837216139,0.06925102323293686,1.0,0.000668940250761807,0.017410732805728912,0.9374647736549377,0.04445554316043854,0.5522724195575242,0.9997450686017239,0.00025500550453472584,0.8336637059206227,0.0519203490657091,1.8971253988658776,1.897935625156794,1.897892682171932,0.18978927544411175,0.027356222401585646,0.5522724206993233,0.0065356033414635676,0.22487586882122143,0.21834026547975785,1.897892682171932,0.05192034907676378,-87.33267330136185,0.06066544466465979,1.832567110871004,3465.225341796875,0.6004728674888611,0.6024717688560486,0.18978927544411175,42,syn_diag,500,3,0.611986517906189,0.5666907839775085,0.8274,False,f20c20a05854f94cfae06902c7dd655c0e85988bcfede5c0abbae27ff5ff7310,8979028ef8ba9df49fc4932d7575b5fe47056990519ef8821ed4f62bc019bb3f
0.6484375,0.41028791666030884,0.4557835689428386,1.1108871666965003,0.01598474010825157,10.179208755493164,1026.754638671875,3024.65673828125,0.0009739476954564452,0.09824599325656891,1.0,0.000666631618514657,0.017482832074165344,0.8930745720863342,0.08877599239349365,0.34367847230623544,0.9997782009473771,0.0002219830507216804,0.9390873801950799,0.05582637362566246,1.8997892028892949,1.897935625156794,1.900525957918164,0.19005260285692355,0.02941426088728434,0.3436784724251168,-0.0004577083559128796,0.02263745598601233,0.02309516434192521,1.9005259579181637,0.05582637363170405,,,,,,,0.19005260285692355,42,syn_diag,501,3,0.4480763375759125,,,True,f6d734c0260acd1dcf06727fdd02bbc34f5c4b4b520c0d6bfb09a9e8ecf38f2a,89c2f3ddf46375d3c1562d35b1090397022991f510bdf9d5301f5bbfbd4c94b6
0.72265625,0.3482986092567444,0.4355668300504936,1.2505556913360858,0.0409453809261322,20.821630477905273,1118.943359375,3343.55419921875,0.0008937271777540445,0.048028506338596344,1.0,0.0006529464153572917,0.01785355806350708,0.9154284000396729,0.06606507301330566,0.5341695906297957,0.9996800874971387,0.0003200408134739452,0.8453773408521984,0.07124571936215035,1.9003980218513083,1.897935625156794,1.9016560668196891,0.19016561434182372,0.03753853313977759,0.5341695905690054,0.00576367722858197,0.1732101950468718,0.16744651781828981,1.9016560668196894,0.07124571937820923,,,,,,,0.19016561434182372,42,syn_diag,502,3,0.707994818687439,,,False,46efaf206b79204cb8aa1eac61dee50ba18c1b38759874bceee36e7cf7d106cf,e49bbca48f400ec52cf277b4c607bee9d91e85a599399ba6880902f7a76e042c
0.671875,0.39052045345306396,0.4530772757508807,1.1601884313521893,0.01600418984889984,16.897809982299805,1089.342529296875,3147.378173828125,0.0009180082706734538,0.05928251892328262,1.0,0.0006410201312974095,0.017074815928936005,0.9156136512756348,0.06667054444551468,0.031280863198654134,0.9999783960659108,2.1847605447801773e-05,0.9995106340400507,0.05202794970349384,1.9000791654016331,1.897935625156794,1.9008146403216917,0.1900814709907839,0.02741291591445218,0.03128085704554259,0.0011306445175018423,0.08564804039710369,0.08451739587960184,1.9008146403216917,0.052027949854546666,,,,,,,0.1900814709907839,42,syn_diag,503,3,0.5492485165596008,,,False,4ec0293e5585713b3a5f43b24e1953f7ce2c0a1cff21b790176d0af84de4ab3b,9f82ee8df567a76f5f2c1d5d4d4fdf0990bbe62d431fedc5a43f800da44220d9
0.65625,0.39757686853408813,0.4579311368492382,1.1518051981191488,0.023484960198402405,14.881776809692383,977.7841796875,2997.121337890625,0.0010227240854874253,0.06719659268856049,1.0,0.0006401840364560485,0.017215043306350708,0.9010246396064758,0.08112017065286636,0.17095865931942994,0.9998247939133329,0.00017571897054048153,0.9852782027294346,0.06480799790905287,1.895500411142117,1.897935625156794,1.896754875424231,0.18967549465001196,0.03414657328204414,0.17095865864362905,0.00510125509698114,0.08470639286678666,0.07960513776980552,1.896754875424231,0.06480799790850161,,,,,,,0.18967549465001196,42,syn_diag,504,3,0.47334906458854675,,,False,c8e815a9372e30ea61adcf4b89072ed730ef610c6c03b07d27afdc7cb4ca65d6,1c43585589969534d1e401c8e8b5048d2257de2b211738e2391c89ee4ea8b415
0.7421875,0.3277212381362915,0.4308940246916485,1.3148188045537246,0.04084555059671402,29.322288513183594,1181.5936279296875,1730.3736572265625,0.000846404698677361,0.034105584025382996,1.0,0.0006165013764984906,0.017300421372056007,0.9113411903381348,0.07074184715747833,0.42837272252157577,0.9997043758246748,0.0002958189180271545,0.9036021306809111,0.05755933429960007,1.8970942304195506,1.897935625156794,1.897881245721373,0.18978813041754225,0.030327337522216852,0.4283727225655052,0.0040432031082923555,0.24084079302590708,0.23679758991761474,1.897881245721373,0.05755933427720873,,,,,,,0.18978813041754225,42,syn_diag,505,3,0.7304165363311768,,,False,945a1f388f1cf2eb2a394ba625db911a46f28dcad29b7b45db07243ab5d63ff0,42df11b0fd769a9e55038f91251b800d22202e8e5e54594627d33849f19ac387
0.6796875,0.3791778087615967,0.45540768368103635,1.2010398835563834,0.02195911481976509,26.545501708984375,1013.948974609375,4640.08642578125,0.000986246159300208,0.03767116367816925,1.0,0.0006193704903125763,0.01711687073111534,0.8950597643852234,0.0872039720416069,0.48094082321233955,0.9996963993536427,0.00030375400816136524,0.8767530579031639,0.060794163572499955,1.8980438356898248,1.897935625156794,1.8992159422172976,0.18992160157098426,0.03203173109069257,0.48094082409736716,0.012755447297389437,0.37591473354230165,0.3631592862449122,1.8992159422172978,0.06079416360782292,,,,,,,0.18992160157098426,42,syn_diag,506,3,0.5438650846481323,,,False,1c1211bba9c0ccbb1ebaafd9f776e5137c49c853531781b9073605688d0f6356,c9f8bab7d32d7501c8452c15312c771a13a670f2336023f22cafcca317fea971
0.69921875,0.35256320238113403,0.4474236996136915,1.2690595911772242,0.01293698325753212,28.022987365722656,1392.602783203125,3620.255859375,0.0007180927786976099,0.03570614010095596,1.0,0.0006717899814248085,0.017861146479845047,0.9209684133529663,0.06049863249063492,0.48808204382872816,0.9996313969408246,0.0003688206307382167,0.8727977534736943,0.06554740889927603,1.8973998529758564,1.897935625156794,1.8983597965720655,0.1898359872788292,0.03453616025244609,0.4880820362434911,0.012865587833464627,0.3973104058552991,0.38444481802183444,1.8983597965720655,0.06554740921982613,,,,,,,0.1898359872788292,42,syn_diag,507,3,0.903633713722229,,,False,aed5c0434e53965599b7ee512a4c450ae434d831555af0b24f8cce7f198acfc9,cf2e89cd0992e671f5051dd81ca7939b06f602a0d911701af03c4894c1ba8195
0.76171875,0.29955732822418213,0.42282324583834385,1.4114935622432074,0.03913500905036926,50.3719482421875,1018.0875244140625,2711.349609375,0.0009822375141084194,0.019872572273015976,1.0,0.0005623066099360585,0.017009157687425613,0.9121379852294922,0.07029051333665848,0.14786217219069692,0.9998661979889563,0.0001342049606663262,0.989007976714714,0.06583237531972513,1.8920345370974974,1.897935625156794,1.89324165990903,0.18932417281728572,0.03468630571400536,0.14786216651123144,-0.0007470317611362871,-0.030535802129422578,-0.02978877036828629,1.89324165990903,0.06583237517614601,,,,,,,0.18932417281728572,42,syn_diag,508,3,0.5301315188407898,,,False,d2677aa27246c9feb5a3b86dad099c7dec6843e33d33c0c51683ced2ab7fca9a,a7b96e1d1fad21686881e2c03b06b63712220bdb200ba4ce67eddf7504eadbd4
0.7109375,0.3535517454147339,0.443800888314725,1.2552642795798528,0.01684880256652832,20.36231231689453,1188.005615234375,4064.148193359375,0.0008417560020461679,0.04915611818432808,1.0,0.0006202469812706113,0.017247574403882027,0.9023163914680481,0.07981579750776291,0.3951148294645139,0.9997737690473444,0.00022636948151262562,0.9186317387879237,0.0587988820476157,1.9016500603836861,1.897935625156794,1.9024650829629342,0.19024651616334415,0.03098044067892301,0.395114832284137,0.0033619945140941896,0.0723342270119061,0.06897223249781191,1.9024650829629342,0.05879888200141639,,,,,,,0.19024651616334415,42,syn_diag,509,3,0.6496134996414185,,,False,b5cb24ca8db0bac81f7fe8959ca2abb21e5fd2e6bbe74d218e03bb0dd5190355,50a6a7b915b3ba59a3898a053a59d7127ae60031490a3fb0252074b895008343
0.7109375,0.35516586899757385,0.445125814837262,1.2532899860350983,0.017724759876728058,30.331933975219727,1065.61328125,3568.725341796875,0.0009384334553033113,0.0330396331846714,1.0,0.0005812942981719971,0.016680005937814713,0.9029070138931274,0.07983171939849854,0.3598584962416095,0.9997908975068245,0.00020924968939481595,0.9330068931430713,0.05757075812286522,1.8988355081608201,1.897935625156794,1.899821082177439,0.18998211443935564,0.030333356600584803,0.3598585014984194,0.002688038355226124,0.09308985260663445,0.09040181425140832,1.899821082177439,0.05757075801659129,,,,,,,0.18998211443935564,42,syn_diag,510,3,0.4905512034893036,,,False,a103c1f993e84127a90913ff41e359594265dd8395c2320eeda5ac371b4e047b,776802ccba0e92bbe0d185f8231bbaa70610258e175f668e947de7d71e361fdb
0.72265625,0.34104761481285095,0.43747371554543196,1.2827350652995515,0.052121326327323914,32.381141662597656,1196.1314697265625,3920.96240234375,0.0008361878572031856,0.030960343778133392,1.0,0.0005995463579893112,0.017084848135709763,0.9056066870689392,0.07670897245407104,0.2903531632394223,0.999729083034596,0.0002713168540145483,0.9569195580465439,0.07364476689456748,1.8938351048476851,1.897935625156794,1.8950264444820335,0.1895026515061287,0.038802563120888076,0.29035315910675813,0.008041594768783049,0.15464995581891494,0.1466083610501319,1.8950264444820337,0.07364476661096732,,,,,,,0.1895026515061287,42,syn_diag,511,3,0.5670043230056763,,,False,88196d050c813d691cda6637cf789ba98b2afc06b5ee80bcf7ee2eabfe2574eb,4d6326bb84c4d1914142b984df0bee6a85c82146cc00baa3c9279113b20a945b
0.64453125,0.42173367738723755,0.45919766286171276,1.088833235942357,0.020230690017342567,7.105776786804199,1117.426513671875,2431.5634765625,0.0008949185139499605,0.1407402604818344,1.0,0.000656407733913511,0.016972390934824944,0.9180688858032227,0.06430231779813766,-0.14465529837660648,1.0001256838103314,-0.0001253164612730505,0.9894821092944318,0.051779057178199805,1.8945586866739916,1.897935625156794,1.8952964233964462,0.18952964963432992,0.02728177736475909,-0.1446552802964912,-0.00340253926714156,-0.10190349033576225,-0.0985009510686207,1.8952964233964462,0.05177905658455497,,,,,,,0.18952964963432992,42,syn_diag,512,3,0.5665590763092041,,,False,7b6fbdcd67b0646dd526411fe94edefbf79dec7222d1b9f295ef18d172d84f24,ae68d4e708d75dd57a0946b39737a7f4716cb5b8b67ef3e7d8e8e40a82796fc2
0.70703125,0.3518099784851074,0.44085342893848917,1.2531009298696556,0.029424790292978287,26.961090087890625,1099.57958984375,3588.20849609375,0.0009097527945414186,0.0370904877781868,1.0,0.00062155956402421,0.01687442511320114,0.9174086451530457,0.06509533524513245,0.37689291236030775,0.9997664195896143,0.000233745448673329,0.9262568394260134,0.05896936065605748,1.8979379927823594,1.897935625156794,1.8987769591979164,0.18987770284226582,0.03107026385637014,0.3768929117326347,0.006291405023537169,0.28810153362422686,0.2818101286006897,1.8987769591979164,0.05896936065750201,,,,,,,0.18987770284226582,42,syn_diag,513,3,0.5743831396102905,,,False,15cd7cf58382a653189984599e3124ccef7a0d6ba2a6039f9675b07cd765e768,81e28d68ccc7ba0d5dc1341e4c97678de108671c606f7778647d5fe9c0d5bb58
0.69921875,0.34155240654945374,0.44601830689497407,1.3058561576401206,0.02502433955669403,37.69001770019531,1181.039794921875,2738.558349609375,0.0008467152947559953,0.02670346572995186,1.0,0.0005942604620940983,0.017080459743738174,0.913726806640625,0.06859849393367767,0.12103709170546095,0.9999051991928036,9.510501590417334e-05,0.9926479851379292,0.059550089027096464,1.8996973028703954,1.897935625156794,1.9006705212418629,0.19006705931959497,0.031376242817585276,0.12103708634934794,-0.006216187638208843,-0.07237845499846199,-0.06616226736025314,1.9006705212418629,0.05955008901828543,,,,,,,0.19006705931959497,42,syn_diag,514,3,0.5448901653289795,,,False,0a8b42ece39c2c295bc964c4bfb848b4ae0005ba9dd64115f4f0869852cd491c,90ec218dbda947ddee7fa060285309340bab5175e1eadb73d13b422c5da05c10
0.70703125,0.3575917184352875,0.4447576659901626,1.2437582412637243,0.023042108863592148,23.808006286621094,1094.67138671875,4356.41845703125,0.0009135169675573707,0.042336687445640564,1.0,0.0006000737193971872,0.016965793445706367,0.9170068502426147,0.06542729586362839,0.20831733349853626,0.9998747475392035,0.00012542587313791502,0.9780612907804715,0.04678025903039904,1.8952039470385862,1.897935625156794,1.8957253868461386,0.18957254597779485,0.024647969304285405,0.20831732993081023,0.004903781662493719,0.186998827604852,0.18209504594235829,1.8957253868461388,0.04678025892944796,,,,,,,0.18957254597779485,42,syn_diag,515,3,0.6328654289245605,,,False,14818a70005678f0c9c047b5e445c8bb11612b3db7e34ecf48a879ea35c310b7,705b582cbb9e69999251721ea545383e71b89c1c815be749226d9a578c6521d9
0.64453125,0.4064774215221405,0.4618528416697281,1.1362325206088688,0.010824328288435936,17.050771713256836,1100.9884033203125,3448.7177734375,0.0009098941227421165,0.058648742735385895,1.0,0.0006710548768751323,0.017661672085523605,0.9103459715843201,0.07132132351398468,0.22815422629614254,0.9998502466011581,0.000149958185572741,0.9736250042895764,0.04182340744753412,1.9014283476011042,1.897935625156794,1.9017490687626815,0.1901749131045497,0.02203626239644294,0.22815422381203404,-0.0010942194853937588,-0.04911021739709676,-0.048015997911703,1.9017490687626812,0.04182340752621566,,,,,,,0.1901749131045497,42,syn_diag,516,3,0.5776455998420715,,,False,8c96a9303f5a2a1e82df9f146f3682621377feb4b15b77a16ec52f44aa3fc1b3,6ca1162408a1cb153258f350f4b76394e2610d6a7576aef436de947a3266b3fd
0.65625,0.3941771388053894,0.45875896243767084,1.163839521166338,0.017637427896261215,17.90926742553711,1081.173583984375,2422.222900390625,0.0009249439463019371,0.0558415949344635,1.0,0.0006570832338184118,0.0177464596927166,0.9012260437011719,0.08037039637565613,0.07863877397864906,0.9999169182586928,8.36439633829893e-05,0.9969031764387859,0.05952083946509403,1.896381727217341,1.897935625156794,1.897489700662659,0.18974897882552302,0.03136083156674267,0.07863877846586129,-0.007243239449357728,-0.1841562080908934,-0.17691296864153566,1.897489700662659,0.059520839330525016,,,,,,,0.18974897882552302,42,syn_diag,517,3,0.5663665533065796,,,False,3d5c01f2caf6ea1aafd1e2acb6efa183f17f09c6fbbd00770a8c6f2c2b2a2b76,86ffeebb03e4decabc873fb57b6952e681d4ad89aa17b4a51c150f4b3eb69f3f
0.66015625,0.3863472044467926,0.45752535218216245,1.1842336117842878,0.010971467941999435,17.294605255126953,1150.68212890625,4011.7861328125,0.0008690627291798592,0.05784548074007034,1.0,0.0006164662772789598,0.01700412482023239,0.896909773349762,0.08546961098909378,0.1817550426518634,0.9998702583027502,0.0001299890277286198,0.9833438383563489,0.05195649312422483,1.8971012810367585,1.897935625156794,1.8978825311881695,0.18978826008675487,0.027375266281702875,0.1817550433255961,0.00407986060613353,0.12352618707528151,0.11944632646914799,1.8978825311881695,0.05195649315662676,,,,,,,0.18978826008675487,42,syn_diag,518,3,0.4501999020576477,,,False,a3caae89042ace3a293bb34e137bcad7b5ceb7e7b61b53d374cf731fd08e5fce,abb4ee53a2a714e8b3cff7816b8bf9291827c0f7530d3f197e402bfbd382b90e
0.70703125,0.35255342721939087,0.44672597308843776,1.2671156787502074,0.0318249948322773,26.570571899414062,1229.9818115234375,2781.468017578125,0.0008130301721394062,0.037671398371458054,1.0,0.0006240598158910871,0.017468439415097237,0.9162939190864563,0.06561358273029327,0.6398268651481006,0.9995439329502608,0.0004562172587230528,0.7685190840932852,0.061611052642971106,1.9023369228730027,1.897935625156794,1.9034519446051983,0.19034520119627985,0.03246214035201998,0.6398268652893477,0.012641697028786779,0.2687186179334482,0.25607692090466144,1.9034519446051983,0.06161105249654631,,,,,,,0.19034520119627985,42,syn_diag,519,3,0.7178782224655151,,,False,b1e0f30411952087072cfd28887b4893f3f6ef46e7f5cc23cad97a1302651161,5cd94d9119a0a3e341d56c90124d2215f11b7b3e5df92bfa286f69ebadf7142f
0.73046875,0.352448970079422,0.43934324443452566,1.2465442481238886,0.0416400283575058,28.117263793945312,1221.306884765625,3812.373046875,0.000818996224552393,0.03558781370520592,1.0,0.0005899752723053098,0.016724098473787308,0.914312481880188,0.0683734118938446,-0.027574876713516612,1.000017439756912,-1.7244368181100604e-05,0.9996197407712404,0.05763836063819035,1.89771965276411,1.897935625156794,1.8985971913927135,0.18985972572594584,0.030368975572287023,-0.02757488156055713,0.00719854171098433,0.05631602798084329,0.04911748626985896,1.8985971913927138,0.05763836084686821,,,,,,,0.18985972572594584,42,syn_diag,520,3,0.6527711153030396,,,False,a94977e3c21d94c8d8007086abbd56e78d494a228135e95ea8e5724489980322,f7d32e0b631b3466daa6d99d9ba73ad91f97042c4d1775140fded02b94f356a2
0.66015625,0.4014602601528168,0.4574695038620617,1.139513790832216,0.012647094205021858,15.267022132873535,1170.185791015625,4310.9423828125,0.0008545710006728768,0.06570544838905334,1.0,0.0006682500243186951,0.01771583780646324,0.9221564531326294,0.05945945531129837,0.10647247615615413,0.9999442976232757,5.583834359120178e-05,0.9943156499748179,0.054423497562807364,1.894367080419526,1.897935625156794,1.8951033541844116,0.18951034315321238,0.02867510195888894,0.10647247888829117,-0.01171222465915539,-0.23583400534145438,-0.224121780682299,1.8951033541844116,0.05442349755564379,,,,,,,0.18951034315321238,42,syn_diag,521,3,0.6530291438102722,,,False,67ac229160623430ab3466c48437b411a31834863e48dfbf8b5ff85216225e3a,f00685593d974ad54333ebb97363b591068a4c424bd980d8c86687ba0f1d9f28
0.65625,0.39822983741760254,0.45799771748777524,1.1500838953716286,0.009246333502233028,13.44387435913086,1023.3565063476562,3270.407470703125,0.0009771769400686026,0.07439881563186646,1.0,0.0006760630058124661,0.018283899873495102,0.9184613227844238,0.06257868558168411,0.5577850644747334,0.999529843083287,0.00047040200342943737,0.8299854347073128,0.06087997118310099,1.895798222410037,1.897935625156794,1.8971310341473608,0.18971310903026348,0.03207694211337618,0.5577850716488323,0.0033954009658148272,0.12706656526997095,0.12367116430415613,1.897131034147361,0.06087997119097268,,,,,,,0.18971310903026348,42,syn_diag,522,3,0.508790135383606,,,False,5972afd991b0e43cd4987eaf6f71975df87ea4e2b97d6620462df14e12a30831,4374a9f687fd8a39181cc578c921b0bbae6c3f0b11c5468a46ed0c4a57044ca5
0.69140625,0.37038278579711914,0.4476968776145029,1.2087410469170636,0.010968644171953201,17.098697662353516,1217.3516845703125,3390.51513671875,0.0008214595727622509,0.05849378928542137,1.0,0.0006066206842660904,0.01681240275502205,0.9100698232650757,0.07251114398241043,0.416757658117545,0.9996850073597344,0.00031522908892821314,0.9090176314962632,0.0563972771697525,1.8968189616081454,1.897935625156794,1.8977626985611225,0.1897762764636908,0.02971506326251905,0.4167576578972717,0.011099415938168601,0.3597558926326565,0.3486564766944879,1.8977626985611225,0.056397277109197896,,,,,,,0.1897762764636908,42,syn_diag,523,3,0.7128143906593323,,,False,391ca1a7c5a77300b610ddf80404244173bcff82a78f7c7acc6cc061810516ba,1a7191adb186aeef7d5752355e1b4d01e7b2473df7f0aa32e28e22ccaa534351
0.6484375,0.40061283111572266,0.46312707850523305,1.1560465447643373,0.015963047742843628,19.157459259033203,1119.153076171875,2929.000244140625,0.0008935449877753854,0.052295438945293427,1.0,0.000620578764937818,0.0170978344976902,0.9033034443855286,0.07897812128067017,0.21219607209408356,0.9998738740885533,0.00012629507779244302,0.9772271112407327,0.04347173654993989,1.9003485304247003,1.897935625156794,1.9010803726854477,0.19010804326291433,0.02290474764987124,0.2121960695020018,-6.593294968891112e-05,0.06581187150658545,0.06587780445627436,1.9010803726854477,0.04347173651286797,,,,,,,0.19010804326291433,42,syn_diag,524,3,0.500065267086029,,,False,fda47e47fac3220b090af0c00c0af0af6373727ad0c803fa728ab76bd32dc2b6,9c0f63f0485a10b31391f3607f167659510893fcfd979678c219cf511dd3a6fd
0.69921875,0.3511924147605896,0.44795216359867945,1.2755177080647082,0.023871345445513725,34.315303802490234,1253.039794921875,2971.12060546875,0.0007981519447639585,0.029141699895262718,1.0,0.0005774489836767316,0.016553586348891258,0.9089685678482056,0.07390039414167404,0.2348445049851034,0.9998027723563616,0.0001975620418151254,0.9720329513150521,0.052417389786287794,1.9002598250263982,1.897935625156794,1.9011661827556041,0.19011662542211427,0.02761810732222797,0.2348445073347697,0.0011531674714711816,0.07194069201038153,0.07078752453891035,1.9011661827556041,0.052417389790606214,,,,,,,0.19011662542211427,42,syn_diag,525,3,0.6409885287284851,,,False,1fa8e260f809439c9e339b6d1a4551fdd44df43e8bf4560a1c0d823e299bad88,0301469f62a8bd5578721bfdc68800787d382e58f6fd845eea2f09dc3af92fea
0.734375,0.3219980001449585,0.4352964647160033,1.351860740895117,0.018548276275396347,53.34712219238281,1093.224365234375,1702.1868896484375,0.0009148443350568414,0.018755456432700157,1.0,0.0005361092044040561,0.016524987295269966,0.9059072136878967,0.0770317018032074,0.20796445161498422,0.9997648360493047,0.0002357789903122215,0.97813638457585,0.05735266651659872,1.892092970697481,1.897935625156794,1.8930024186822785,0.18930024785137686,0.030218446693538632,0.20796445269835742,-0.0004978319859643224,-0.05052105341702179,-0.05002322143105747,1.8930024186822783,0.05735266647844089,,,,,,,0.18930024785137686,42,syn_diag,526,3,0.5107059478759766,,,False,a00d420bb74c2850fdffbe68396f4bf9ff996bbb4c2bcc86565be0577f69d912,950ed2fa140e1ecf979c9554608cfbc9a6c1f9b07c63611e18d1b342f584e3eb
0.6640625,0.4009658694267273,0.4561368170885501,1.1375951660512638,0.024704989045858383,17.04510498046875,1093.7978515625,3448.5634765625,0.0009142477065324783,0.05949631333351135,1.0,0.0006543116178363562,0.01756885088980198,0.9179445505142212,0.06383226811885834,0.309776998942963,0.9996533390597246,0.0003472290618426883,0.9508092400130248,0.05695511438798363,1.894204394080708,1.897935625156794,1.8949227314194639,0.18949227998068457,0.03000898114405139,0.3097770020241747,-0.001586076393192082,0.093226551698159,0.09481262809135108,1.8949227314194639,0.05695511458184118,,,,,,,0.18949227998068457,42,syn_diag,527,3,0.5374160408973694,,,False,53158fbd82c2df5ccf6abf1a7bf74deed87de91dfb6bc96a12637a964b7a15ec,0810e8d4f9e5e237f3fd158baff751b0c1195472fbb070ce1f630c1cf56b655c
0.640625,0.4092988967895508,0.46499729055216504,1.1360824672611098,0.009122821502387524,16.180572509765625,1078.782958984375,4399.8857421875,0.0009270214941352606,0.06185209006071091,1.0,0.0005975482054054737,0.016105597838759422,0.8867906928062439,0.09650617092847824,0.2531011392624519,0.9998662299431024,0.0001339010522240265,0.967439824107591,0.053910108707932294,1.9003189504318483,1.897935625156794,1.9010765165917078,0.19010765822549516,0.028404603398205466,0.2531011294226776,0.009526254928755962,0.43913726237321915,0.4296110074444632,1.9010765165917078,0.05391010868781449,,,,,,,0.19010765822549516,42,syn_diag,528,3,0.565483570098877,,,False,841f8fc824f44010a7edb3fdcfe4c825a431b61e724a05033d6fa8667e6beda1,f45804a591dfcf8333d92f8433a2a8ab0c9feed91bba85d17d3000ee34073b61
0.71875,0.3418220281600952,0.4400588305845243,1.287391677053957,0.015280943363904953,30.90606689453125,1187.66943359375,4143.83740234375,0.0008422606624662876,0.03235623240470886,1.0,0.0005785381654277444,0.016425231471657753,0.9113999605178833,0.07159628719091415,0.06179811036571639,0.9999487751992033,5.157169980639038e-05,0.9980886701685858,0.05483981964834555,1.8980113285960505,1.897935625156794,1.898831649228759,0.1898831715817973,0.028894457178328253,0.06179811065633177,-0.0014056305643572898,-0.04764367193766242,-0.04623804137330513,1.8988316492287591,0.05483981964781518,,,,,,,0.1898831715817973,42,syn_diag,529,3,0.705398440361023,,,False,e8ac3e764a15565ce76b680f3cedd6e29d4f532eb15ae87b2dfcd8220389ad95,f7383b6967219aa121b395a0e8a7b40f2d74b4ccbb60922e8cc5cadab4c53cab
0.66015625,0.4016566276550293,0.4577944096649429,1.139765606470594,0.011369403451681137,12.925519943237305,1110.7650146484375,3085.33935546875,0.0009004174498841166,0.07737245410680771,1.0,0.0006325289723463356,0.016857586801052094,0.9178426265716553,0.06466719508171082,0.3195128458004758,0.999701626755741,0.00029876590605924135,0.9475819443927055,0.06103858693948578,1.9001910912246882,1.897935625156794,1.9011109769455827,0.1901111055498388,0.03216051489333893,0.31951284595507123,0.002480707480162604,0.04563371637590061,0.043153008895738004,1.9011109769455827,0.061038586938131974,,,,,,,0.1901111055498388,42,syn_diag,530,3,0.4651159346103668,,,False,8122dad8af8f06e92b1e51caae831063415860bc2d885b04174b2c7d47e435ee,f1258ab905c46db653fd460c935489e8977c8f48c75dd3fc017a003436cdd426
0.72265625,0.33982163667678833,0.43504392939765724,1.2802125505639996,0.027327295392751694,21.629627227783203,1145.2227783203125,4378.33154296875,0.0008731925627216697,0.04623330757021904,1.0,0.0005685038631781936,0.016144588589668274,0.9065021276473999,0.07678477466106415,0.4475982349132262,0.9995616658941913,0.0004387183953305167,0.8942347678783164,0.07926038504372436,1.8914361151078023,1.897935625156794,1.8926111391652722,0.18926112089412747,0.041761366398891775,0.44759824053506214,0.005668641431596119,0.12822030129738152,0.1225516598657854,1.8926111391652722,0.07926038504479962,,,,,,,0.18926112089412747,42,syn_diag,531,3,0.5643379092216492,,,False,84c75853213c2c49d58fd25d0b2a5116540bcf322361daf5f8f79abf6a36351c,eb779493e275ac0585ef1487dc40dec3de93d3d4182ec5d5b60d36ea1fc35192
0.6875,0.3625677824020386,0.44992338054574593,1.2409358655841873,0.02040601521730423,26.8177490234375,1293.791748046875,3927.831787109375,0.0007729273056611419,0.03729518502950668,1.0,0.0006100598839111626,0.01687062904238701,0.9179906249046326,0.064528688788414,0.16664421091605136,0.9999050237742473,9.513467030728957e-05,0.9860170926161721,0.0526700092427118,1.8930592607987455,1.897935625156794,1.893766977456221,0.18937670450909586,0.027751209548180972,0.16664419843810457,0.0076638558743700015,0.3291494405225042,0.3214855846481342,1.893766977456221,0.052670009879161254,,,,,,,0.18937670450909586,42,syn_diag,532,3,0.6655972003936768,,,False,1281046d847f8b08eff8a80153a3a30e2f1fd9da27e73322bdc6acd407cd06c1,632716211eb7d6cfcf47ebfdf6f9d1600d225e713ec7b3106848c2595cf98ddb
0.65234375,0.4199373722076416,0.4593652450637314,1.0938898057757918,0.008888579905033112,9.707597732543945,1112.445068359375,4618.39501953125,0.0008995382813736796,0.10301706939935684,1.0,0.0006397932302206755,0.016978248953819275,0.9133672714233398,0.06901469826698303,0.016814339758243705,0.9999865168834182,1.3820840960870719e-05,0.9998586289764807,0.05027917987961114,1.903925964146669,1.897935625156794,1.9046880688917749,0.19046881434181887,0.026491509624005784,0.016814337653655018,-0.0030071540356273823,-0.1006482431677286,-0.0976410891321012,1.9046880688917749,0.05027917985899656,,,,,,,0.19046881434181887,42,syn_diag,533,3,0.551795244216919,,,False,3c2f0e4729e08ecbd7588f63189bb1e751623c32067072bb51aff4d9892a5d29,8569ee0fa10a8fd5a21a44ed6d40ea657c86006aa1d98abe2dc7fdb7f093d01f
0.6953125,0.3715737462043762,0.4459472818259136,1.2001582521714864,0.01269417442381382,17.725017547607422,989.209716796875,2402.73779296875,0.00101098557934165,0.056470442563295364,1.0,0.0006365330773405731,0.017432838678359985,0.927704930305481,0.05422564223408699,0.28778899660608864,0.9997610039867498,0.0002393131979134421,0.9576938411623201,0.05692933133370766,1.8946705665635997,1.897935625156794,1.8955747639966054,0.18955748311838094,0.029995396355434637,0.2877889858687149,0.0003642544818449719,-0.007727482863175871,-0.008091737345020843,1.8955747639966054,0.05692933147043179,,,,,,,0.18955748311838094,42,syn_diag,534,3,0.4116019308567047,,,False,37a280f0d6ee35d55646a649b877d1b236458a03da3cfb37dc79d9f8b4b6cf6e,6ddec544d63f3940d44a17c593f8f6adf68e0529a6c808064b1a5e07eaff13ef
0.6875,0.37560319900512695,0.44814006268799544,1.19312094090707,0.010266289114952087,17.21341323852539,1077.906005859375,2886.514404296875,0.0009278137004002929,0.0581284835934639,1.0,0.000597955659031868,0.015975477173924446,0.8946776390075684,0.08874891698360443,0.24843528579183677,0.9997038905090632,0.0002967791773179302,0.968648495970668,0.06876178223258052,1.8971316943499585,1.897935625156794,1.8979956705080716,0.18979957366430592,0.03622977582649236,0.24843528365252646,0.0031737795479216914,0.08267274879098312,0.07949896924306142,1.8979956705080716,0.06876178222529494,,,,,,,0.18979957366430592,42,syn_diag,535,3,0.4291691184043884,,,False,50675f72535a3cc67a8e11544b2ea0f23feda5158dd9c037f14e588baece7be9,ed1083d4e042106760598358b0565f4344cc3c31ef1bcfaee2247521753e9384
0.71484375,0.3619404137134552,0.44462010771915755,1.2284345162101875,0.04081099480390549,21.947587966918945,1109.782958984375,4743.943359375,0.0009010772919282317,0.045604340732097626,1.0,0.0005690018297173083,0.016271352767944336,0.9016961455345154,0.0814635157585144,0.007390117352989248,0.9999925423435272,8.051064766353835e-06,0.9999726926950865,0.06745592283264272,1.8943497427752871,1.897935625156794,1.8955509046408165,0.18955509818504132,0.03554173383885686,0.007390109653521786,0.010833318270625477,0.23617780422645293,0.22534448595582746,1.8955509046408165,0.06745592322185066,,,,,,,0.18955509818504132,42,syn_diag,536,3,0.5035421252250671,,,False,a2ce438d135a91ed336c47a5af5b4f3df4326c5c95296738189d96406aea8e08,2bacbec30c7b12e735f0403c4e157b313684f9dd243b9dd5a82fc693e557dc21
0.66796875,0.38153401017189026,0.45472862143405995,1.1918429050483297,0.019939586520195007,15.248495101928711,1156.8681640625,3659.44287109375,0.0008644259069114923,0.06565194576978683,1.0,0.0005657392903231084,0.016115305945277214,0.9055566787719727,0.07776229083538055,-0.06675512244304996,1.0000472938395344,-4.704661170596431e-05,0.9977693889805515,0.04857438232238866,1.8931503953128146,1.897935625156794,1.8938310343875546,0.189383111019802,0.025593271804648373,-0.06675513402160572,-0.0025243423661157676,-0.11329793389390441,-0.11077359152778865,1.8938310343875546,0.04857438266533796,,,,,,,0.189383111019802,42,syn_diag,537,3,0.6356414556503296,,,False,9c6beef03b3982f8a55b96919a48710dbd9afed4037875e7169d5e9a57c81f71,5846394b04bdba3e12c93b5983609929ea7e2cc392397b4a57fb807f13d243fb
0.62109375,0.4312894344329834,0.4635386901353459,1.0747740593971116,0.005689692217856646,8.379840850830078,725.27099609375,1809.8687744140625,0.0013791926903650165,0.1193399727344513,1.0,0.000643292791210115,0.01644144020974636,0.8989676237106323,0.08394762873649597,-0.14691598019418603,1.0001680641442932,-0.00016742889629007705,0.9891489749899587,0.04904847931949564,1.8962745446508422,1.897935625156794,1.8968293779632468,0.18968294504842245,0.02584306794674227,-0.14691598100555078,-0.004326657427217528,-0.27724295539606647,-0.2729162979688489,1.8968293779632468,0.049048479302408854,,,,,,,0.18968294504842245,42,syn_diag,538,3,0.3502535820007324,,,False,862d2f0adbdc056a2d8235e2031d54e65fd57501d243417bfdbf0187b941f11e,31ffce48bf2a7fbc3bfe87c0d65b8bca8e1bae2014070cb060dce2dcadca5592
0.71484375,0.35700395703315735,0.43944091259042006,1.2309132273491226,0.018853720277547836,20.46900177001953,965.03173828125,3701.77587890625,0.0010363312903791666,0.0494714230298996,1.0,0.0005902739940211177,0.016347242519259453,0.911141037940979,0.07192149758338928,0.25180392434201376,0.9998213716967619,0.00017886463567206093,0.9677782719472833,0.057298620793810644,1.8980923657749942,1.897935625156794,1.8988914199590339,0.1898891489294272,0.030189970636673644,0.25180392433406856,-0.0016283403179244633,-0.054683256022863454,-0.05305491570493899,1.8988914199590339,0.057298620784636004,,,,,,,0.1898891489294272,42,syn_diag,539,3,0.4645938277244568,,,False,1c088663f4870738390016252f903ea42a4eb951c214cf00da044513b199876f,2d296166e43b8ce1662b3f2b5e5e48863c4e238145ba020a21956e45ded8c133
0.72265625,0.33228597044944763,0.43928824984213477,1.3220186069831488,0.019767554476857185,50.258689880371094,1090.1614990234375,3730.025390625,0.000917299126740545,0.019903548061847687,1.0,0.0005472349585033953,0.016279906034469604,0.921006441116333,0.062166403979063034,0.507853651549126,0.999578262527626,0.0004219937682471443,0.8614433635403138,0.07215367635506888,1.8985295925970602,1.897935625156794,1.8998472103331672,0.1899847292586828,0.038016925020346794,0.5078536503727114,0.0171453615337413,0.42724718334716466,0.41010182181342336,1.8998472103331674,0.07215367638488164,,,,,,,0.1899847292586828,42,syn_diag,540,3,0.5498377084732056,,,False,e04d440a34084c7da58a25c5681c808e82229347dc49023879398fda4a8bd44c,80af6091cb452847e468b39872fab2d2b9d6b18d279b1608c0b2d139b6069bbd
0.65625,0.4082604646682739,0.4574037713864471,1.1203724049275012,0.010120074264705181,10.019193649291992,979.4197998046875,2039.425048828125,0.0010235754307359457,0.09982141107320786,1.0,0.0006069142837077379,0.017179276794195175,0.9122581481933594,0.06995567679405212,0.47562044757919314,0.9995024267334714,0.0004979976321193363,0.8796506066742664,0.069826919350883,1.9010883602810682,1.897935625156794,1.90240509998584,0.19024051696136035,0.03679098406990364,0.47562044913408574,0.005242640412631828,0.19564327646066462,0.19040063604803278,1.90240509998584,0.06982691931836009,,,,,,,0.19024051696136035,42,syn_diag,541,3,0.4485848546028137,,,False,88160fb8c949a576627ecef1fc9ed55340fec38cb7d3358a44a35bb7997578ae,18e0c2957f47c1fcb228b1a81ff194fdb6872cfa5b34e4795d49d40c86300b49
0.62890625,0.4138096570968628,0.4684053574809982,1.1319343148831864,0.01136835664510727,24.68673324584961,1252.922607421875,2626.947998046875,0.0007981664384715259,0.04050759971141815,1.0,0.0006107345689088106,0.017166070640087128,0.9213604927062988,0.06086273491382599,0.623120779975616,0.9995063759510467,0.0004938162358328328,0.7821256251654622,0.05532165538980839,1.896059864610048,1.897935625156794,1.8968873163693372,0.18968873925184357,0.029148330773973937,0.6231207826841612,0.006551562691351829,0.3356264535441137,0.32907489085276187,1.8968873163693372,0.055321655345866,,,,,,,0.18968873925184357,42,syn_diag,542,3,0.5761245489120483,,,False,2030c28700edbefac7f05efcd21c9513a5bb393d4dcbecef45c035b338ed520e,4021ef41d57f6b50be32fcd88dd4a5c5534c4c7f4f1e86b206aeb2b2d1116103
0.6328125,0.4340299665927887,0.4657136900967365,1.0729989076091972,0.012627210468053818,9.602272987365723,1036.831298828125,1758.224853515625,0.000964486738666892,0.10414328426122665,1.0,0.0006563824135810137,0.0173067394644022,0.9158790111541748,0.06615789234638214,0.23782438340979642,0.9997488408305921,0.00025168761980548185,0.9713081707811667,0.06397496192797428,1.8964629236249209,1.897935625156794,1.897440046741553,0.18974401259108256,0.033707656403075,0.2378243831899016,-0.0013158408918196294,-0.1243058541255896,-0.12299001323376997,1.897440046741553,0.06397496192217611,,,,,,,0.18974401259108256,42,syn_diag,543,3,0.4636003375053406,,,False,4cbde89beceb906e84105e1f665b22fb552af02e8402d324caebf41778e84e9e,14c0d38049a5ec88e6bfc19e1241c173bc7b0553a22155f50fd5c571b9fe3ac6
0.71875,0.3371100425720215,0.43353015872629386,1.2860197224488708,0.018051903694868088,26.327600479125977,1160.062744140625,1729.241455078125,0.0008621018496342003,0.037983790040016174,1.0,0.0005729572148993611,0.016727635636925697,0.9207196235656738,0.0619797557592392,0.2596672639792686,0.9997723587562309,0.0002280008193135137,0.9656981474481358,0.05693413186323879,1.898653086240244,1.897935625156794,1.8993827582819582,0.18993828227371676,0.02999792569808857,0.2596672699613798,0.004843919226626679,0.12941903122280632,0.12457511199617964,1.8993827582819585,0.05693413148442198,,,,,,,0.18993828227371676,42,syn_diag,544,3,0.5605531930923462,,,False,f7c1d9ba628eb6fd4e4fac6fb248c3eef52d3fa6c99a0aa707f890698379746f,f8a25824ffe408ca26cc6f94025abf87148fb184335136f0b29fa7602a34591a
0.6953125,0.36387190222740173,0.4503604732996774,1.2376896117050802,0.015052035450935364,31.189491271972656,1233.53759765625,4319.34423828125,0.0008106802124530077,0.032226722687482834,1.0,0.0005758355837315321,0.01634281873703003,0.9071484208106995,0.07593291252851486,0.06344210260629558,0.9999475008208559,5.284471194536964e-05,0.9979855207318706,0.07536966793791344,1.8973868997051895,1.897935625156794,1.8987593876072864,0.18987594500613664,0.039711393231078224,0.06344210632429083,2.773275515226584e-05,0.01517252947461472,0.015144796719462453,1.8987593876072864,0.07536966790310912,,,,,,,0.18987594500613664,42,syn_diag,545,3,0.6047561168670654,,,False,ac7acb49149facc05716db2384fd23c2f6d79d298eccc2ee4cd8e480632d2759,21e186065b04501b0c5441a0a774cb357fa46548b7e2444859fb0301e6a489ab
0.6875,0.3777811527252197,0.4498810273031,1.1908509478982803,0.01591157168149948,25.323055267333984,1205.351806640625,4936.7666015625,0.0008296584128402174,0.03949441760778427,1.0,0.0006004961906000972,0.016994718462228775,0.9167832732200623,0.0656215026974678,0.15133527653705425,0.999913307396813,8.685353439284152e-05,0.9884824905058619,0.050388742035304454,1.8981396618206177,1.897935625156794,1.8989159063815586,0.1898915977206394,0.026549236637631025,0.15133528819726091,-0.001635389034099073,-0.042210645859575964,-0.04057525682547689,1.8989159063815586,0.05038874206755388,,,,,,,0.1898915977206394,42,syn_diag,546,3,0.66071617603302,,,False,e02cb0872b6ba99596e5602deaa7d925757031ddd1ca8d71acbbd287faeec47b,6cb85a07c0812165f3df4dd247ad74261a055aba77cdd16ca40ed2520e9fde5a
0.71875,0.3465326726436615,0.4349110670274151,1.2550362395094732,0.01374850794672966,19.03835678100586,1138.6107177734375,3840.470947265625,0.0008782637305557728,0.052574917674064636,1.0,0.0006008395575918257,0.01686156913638115,0.915122389793396,0.06741522252559662,-0.016453230328913368,1.000012512143651,-1.2235702623136961e-05,0.9998646364269507,0.05787960036875697,1.9013921014573738,1.897935625156794,1.9023049344796323,0.19023050035362404,0.030496081954278543,-0.016453235559129035,-0.004690048091813827,-0.027095969326954364,-0.022405921235140538,1.9023049344796321,0.05787960035428074,,,,,,,0.19023050035362404,42,syn_diag,547,3,0.5729756951332092,,,False,78fb34981e812952506df86e98656d7d8fa7bd1565abcd39502531d52e867555,6c9e4f0fbbe16b1d41d655717e18284235defe582950ed9398c90bb21dedea56
0.69140625,0.37759292125701904,0.4437599781279144,1.1752338110856317,0.00936690904200077,11.237377166748047,998.001708984375,3734.760986328125,0.0010022299829870462,0.08903709053993225,1.0,0.0006372720235958695,0.016999030485749245,0.9168402552604675,0.0655234158039093,0.42209031511831885,0.9997296170371117,0.000270551837673276,0.9065537854185175,0.06161968125911055,1.8978906115426313,1.897935625156794,1.898731168988794,0.1898731234501363,0.032466686668567855,0.4220903179974594,-0.0016563395230312233,0.014852774258295749,0.01650911378132697,1.898731168988794,0.06161968112644228,,,,,,,0.1898731234501363,42,syn_diag,548,3,0.48113369941711426,,,False,b286883eea5ce846d8aa4813be05f750c7f2d88c9ca5db685143fc837ed9d7b5,2075239b4b3454a132329cfcab6342830ec258518f97ee7ec55fddffb644971c
0.63671875,0.424912691116333,0.45591799536123423,1.0729686319854286,0.0026805102825164795,6.44167423248291,1202.2392578125,3397.9443359375,0.0008318980690091848,0.15524184703826904,1.0,0.0005990395438857377,0.01642780750989914,0.893760085105896,0.08921307325363159,0.12819905655852257,0.9998798765922526,0.00012055836881709215,0.9917484569486172,0.0523983755907658,1.9034804512135217,1.897935625156794,1.9042433007631299,0.19042433688609078,0.027608088965825384,0.1281990567971922,0.007790885074296115,0.246954974097328,0.23916408902303188,1.9042433007631296,0.05239837563110676,,,,,,,0.19042433688609078,42,syn_diag,549,3,0.4616982936859131,,,False,2811aa72c207d2f9e949b27dfb4f8dcb47fb39de73cfe5b29ea332586b301d8c,ec6e979b1e7155f6de5b2071bba22cd7626dd785603dca1ca0c3882f97a667fb
0.69140625,0.3685794472694397,0.4416323153857764,1.1982012270927571,0.012471560388803482,16.129192352294922,1309.39599609375,4290.1396484375,0.0007639082032255828,0.063007652759552,1.0,0.0006049978546798229,0.01639212854206562,0.9221064448356628,0.06089644134044647,-0.08296668325164239,1.0000477360930555,-4.757284042033136e-05,0.9965523214738382,0.05622688555521103,1.895824084493839,1.897935625156794,1.8965311908951497,0.18965312518526015,0.029625285921136724,-0.0829666834928409,-0.004155428878629217,-0.0758327171645616,-0.07167728828593238,1.8965311908951497,0.056226885533988955,-72.85433667476936,0.005368258330990012,-0.21810983013468596,2566.85498046875,0.5821995139122009,0.584443986415863,0.18965312518526015,42,syn_diag,550,3,0.5832176208496094,,,False,f88c4bc104d5033653bd0e1954df1c2b474b0d6b4530876eb7c20cf8f7012a07,4a1e2736e05f6862b489fb797dd098011c9bd516663c9e74dd3363abcd68e308
0.63671875,0.424039363861084,0.4583291492794501,1.0808645887804353,0.005220291204750538,10.691162109375,950.70556640625,2082.050048828125,0.0010520144132897258,0.09353756159543991,1.0,0.0006557877641171217,0.018392544239759445,0.9383686780929565,0.042582981288433075,0.5322175422447949,0.9994604528134504,0.0005399162008176874,0.8466076350362546,0.05681660514016596,1.9000568048177495,1.897935625156794,1.900758027133712,0.190075808220179,0.02993600224741144,0.5322175425185828,0.0058099503089308,0.2546227029537953,0.2488127526448645,1.900758027133712,0.05681660522148742,,,,,,,0.190075808220179,42,syn_diag,551,3,0.4116326570510864,,,True,3bcd207a26fd7f86aec291bb588374ee1df94ad384379674c3c49571f6fcb095,2782b0d8413a37fbd0cc8b09a5723cd60638eb50845626b3e142e0f18044f6b1
0.65234375,0.4136029779911041,0.4569598784049862,1.1048273674326867,0.005680902861058712,11.911016464233398,995.5942993164062,2233.457763671875,0.0010047233663499355,0.08487045764923096,1.0,0.0006620160420425236,0.0182136632502079,0.9321378469467163,0.048986442387104034,0.025426034343366603,0.9999776355623758,2.276500652632495e-05,0.9996767061097985,0.05120510691189387,1.8982092286961387,1.897935625156794,1.8987470437613734,0.18987471100066686,0.02697936970735595,0.02542603407182128,0.0011139879276655458,0.06315794786951923,0.06204395994185368,1.8987470437613734,0.05120510691480612,,,,,,,0.18987471100066686,42,syn_diag,552,3,0.6137701869010925,,,False,fcfae735af105a2638bbb697cdf04041fd9bcba7ca29e6667a9438f5c2c0be67,65b5dfe9bd75586b30c526df12918e5cd361d68ee171f52871563f2026e39ebe
0.6328125,0.41620537638664246,0.4672615958157911,1.122670732173224,0.0027607567608356476,12.344066619873047,1094.718994140625,3063.004638671875,0.0009137453744187951,0.08106867969036102,1.0,0.000663352373521775,0.018028687685728073,0.927660346031189,0.05364762246608734,0.1394628533611708,0.9999003029441088,9.994889433409905e-05,0.9902273034489466,0.0535989846860558,1.9012242938053,1.897935625156794,1.9019340803911895,0.1901934146191464,0.02824067580353237,0.13946285358424673,0.0021352521105360385,0.05939697068459981,0.05726171857406377,1.9019340803911893,0.05359898446276894,,,,,,,0.1901934146191464,42,syn_diag,553,3,0.4534122347831726,,,False,38cc9cd55da4a1deb12971d1f8bf7172263bc482255b1a5b047025fa71ba07df,488cd3f532e09a82fe522d19fffdb89ea615129d363bc390ddf9254190c6656e
0.625,0.4278776943683624,0.46553612440150577,1.0880121545326846,0.0031939512118697166,10.780298233032227,1151.37353515625,2997.75341796875,0.0008685588836669922,0.09299103915691376,1.0,0.0006807235768064857,0.01840905100107193,0.9322742223739624,0.04863594472408295,0.11470164422059248,0.9998997682051511,0.00010061147477938051,0.9933999862964409,0.050190679669466255,1.9018530164101297,1.897935625156794,1.902467305349474,0.19024673737686537,0.02644487990223241,0.11470164476879655,0.006472341525037067,0.08027018788506811,0.07379784636003105,1.9024673053494738,0.05019067964822761,,,,,,,0.19024673737686537,42,syn_diag,554,3,0.5817194581031799,,,False,cb9c6adc56dd29523a694062e64c82f278d10ba67b962065275c476fefd4d231,d065b9b30f521724c0171a7a745347aedbdf6ea4ca5db3fa91e760ccb8a07d51
0.68359375,0.38240915536880493,0.4507596165716983,1.1787364753515677,0.010751433670520782,19.666337966918945,1077.1253662109375,2928.82568359375,0.0009288898436352611,0.05085332319140434,1.0,0.0006588938413187861,0.01859685406088829,0.9373936653137207,0.043350592255592346,0.3748646300534233,0.999733781375759,0.0002664357722291166,0.9270795592110556,0.06151216454422904,1.8950464213662876,1.897935625156794,1.8960056171584052,0.1896005694344805,0.032410037373693815,0.3748646289628887,-0.0009119707866413856,-0.0739060832458172,-0.07299411245917581,1.8960056171584052,0.061512164520583223,,,,,,,0.1896005694344805,42,syn_diag,555,3,0.5381829142570496,,,False,fd553a4886cfe1b829d16f2e5c927b0ace599e63daedb4d5ec1263fd4bd110af,d3377fc2ffa46573d48be1a575ab42ccc9fc498c64d01d1b4b36a82d43acb9f5
0.66015625,0.3977181315422058,0.4540862371022318,1.1417287554788074,0.0032906043343245983,12.192068099975586,854.932373046875,1569.8428955078125,0.0011699558235704899,0.08203350752592087,1.0,0.000681305187754333,0.019387541338801384,0.9294226169586182,0.050508517771959305,0.6426321117623147,0.9992416599354822,0.0007587495395345559,0.766174894467452,0.0596062066527277,1.898509174051643,1.897935625156794,1.8991681552106443,0.1899168227256362,0.031405810535735136,0.6426321118712761,0.008677034959687746,0.4329536373010142,0.42427660234132647,1.8991681552106443,0.05960620666227555,,,,,,,0.1899168227256362,42,syn_diag,556,3,0.44169139862060547,,,False,d54e4b1acab012e297b769cc1fe021c014ef4bac9f1b2ee2c673e854783d630c,6d97599688a539ac91cad32a870f29748f8502bb22d25c83c5ffa412c6ec245a
0.65625,0.3923889994621277,0.4580007439983874,1.167210891991672,0.006693759933114052,17.688823699951172,1017.7518310546875,1952.9525146484375,0.0009834214579313993,0.056682243943214417,1.0,0.0006440706783905625,0.018517443910241127,0.9409897327423096,0.039848752319812775,0.5500019392827487,0.9993163883572012,0.0006841516334971324,0.835163377291411,0.08495673570865091,1.8948507557311214,1.897935625156794,1.8965393085738487,0.18965393821738405,0.044762706691691724,0.5500019388949586,0.004929611680673817,0.09863403321005934,0.09370442152938552,1.8965393085738491,0.08495673569850645,,,,,,,0.18965393821738405,42,syn_diag,557,3,0.5542932748794556,,,False,9995416d9daaa193b033769542e324df7bda60d9b19ce288520e2a749322e13c,2b8102084472144a7c2e58745eaf00ac9bcc2dd20dc228860366f3d09ab08094
0.69140625,0.37219303846359253,0.451156779838,1.2121579312015318,0.019893422722816467,24.47182846069336,1294.4498291015625,3444.1689453125,0.0007725292234681547,0.04109041392803192,1.0,0.0005927195306867361,0.018183376640081406,0.931717038154602,0.04950691759586334,-0.023486023347637084,1.0000199496231323,-1.960153983900251e-05,0.9997241652926759,0.053767172378667294,1.8985877957391581,1.897935625156794,1.8995107316671351,0.18995108029424967,0.028329291924322826,-0.023486022790408775,-0.0005766049367957041,-0.09771749149595065,-0.09714088655915494,1.8995107316671356,0.053767172583357496,,,,,,,0.18995108029424967,42,syn_diag,558,3,0.6857761740684509,,,False,4332409ad35effd1ec2d2317c9d84fd59556f701106719fc5c4b933284be26d6,41d8975b1cdf1b9192e8f4a1cd5eb105fec32794d244cbe0c7b70c65350e4f2d
0.63671875,0.4298553168773651,0.4629788966722824,1.0770575063129575,0.010278439149260521,9.15182113647461,904.9948120117188,1695.342041015625,0.0011049793101847172,0.1092899888753891,1.0,0.0006811377825215459,0.018926862627267838,0.9385454654693604,0.041846491396427155,0.6140689667564004,0.9994280668650638,0.0005722037284303143,0.7892523703125055,0.05459730716202293,1.8965774656405057,1.897935625156794,1.8973785343831475,0.18973786000734558,0.028766680196270468,0.6140689651202568,0.014775607114752043,0.453665837922862,0.43889023080810996,1.8973785343831477,0.05459730717417956,,,,,,,0.18973786000734558,42,syn_diag,559,3,0.4809613823890686,,,False,2af1472cbf36dc67f2fcc5c95e94dfa7d7152647924c684a08be2b43975acb51,1fd233b6cf21c16eacb0b21357d6df37f73b675697a4472d3d889294326326c6
0.70703125,0.35507941246032715,0.44391840952858097,1.2501946773831203,0.01205392088741064,24.544349670410156,1152.347900390625,4102.92236328125,0.0008679053280502558,0.04074270650744438,1.0,0.0006016958504915237,0.017923979088664055,0.9357088804244995,0.04576541483402252,0.44108995241171534,0.9996902353280824,0.0003099636039170001,0.8974628983137853,0.050895079760429826,1.8988528795634416,1.897935625156794,1.899665575516106,0.18996656572036097,0.026816020040826418,0.44108994944820185,1.036985903221073e-05,0.13742137197438245,0.13741100211535023,1.899665575516106,0.05089507975896367,,,,,,,0.18996656572036097,42,syn_diag,560,3,0.5995174050331116,,,False,d1184f5efff66e234dfe2fa4c8877c45cd18df19c9acbd73f76be328528d565f,efb5ec7eba485c62bbe87f368432cd4013436f2917701a418a4ad2c64ba73f6c
0.65625,0.4089769124984741,0.45444294202851543,1.111170166117264,0.005972031503915787,10.149986267089844,992.2213134765625,3387.2216796875,0.0010078963823616505,0.09873747825622559,1.0,0.000655167386867106,0.01872902549803257,0.9410094022750854,0.039606399834156036,0.5273550310983797,0.9994588212859467,0.0005415595750440772,0.8496450265568487,0.0643437038296413,1.9013814442176085,1.897935625156794,1.9025097622116525,0.19025098312015454,0.03390194218220219,0.5273550318826841,0.011246349786221282,0.28356960751985505,0.27232325773363375,1.9025097622116525,0.06434370379795432,,,,,,,0.19025098312015454,42,syn_diag,561,3,0.6644733548164368,,,False,330cfb13f338f419192ecbd137765229ddc70ad5acead2051e17e2c746fb1382,e316780bc63664f6680dba08cab6a99a89b17bcac47b038746598372566d156f
0.60546875,0.4500686526298523,0.46947499366870055,1.0431186309559746,0.0079840999096632,8.412005424499512,1095.2734375,1730.3348388671875,0.0009130360558629036,0.11949628591537476,1.0,0.0007054184097796679,0.018998296931385994,0.9387791156768799,0.04151713848114014,0.22216493747359678,0.9997898022010444,0.00021062511379683384,0.975009097657078,0.043926489918568026,1.9039081849998347,1.897935625156794,1.9044455862719827,0.19044456596547002,0.02314435186120498,0.22216493807253104,0.002313526562561102,-0.022725760977042674,-0.025039287539603775,1.9044455862719827,0.043926489920586766,,,,,,,0.19044456596547002,42,syn_diag,562,3,0.645142674446106,,,False,33c446e0b3629635af9d9eafe1c31c0648953d5be2c246bc8fb38acb3a362d28,fcda8eb573ca7f3ae8c18c74c121c97e0b8616f57f02a2e9cb76e588aef8c755
0.640625,0.41390174627304077,0.460979177843898,1.1137406414067996,0.020698027685284615,11.604259490966797,1181.7802734375,2984.10400390625,0.0008463180856779218,0.08619070053100586,1.0,0.0006263436516746879,0.018150694668293,0.938973069190979,0.0422498881816864,0.1508051660526344,0.9998371162030135,0.00016345795268289342,0.9885635042108067,0.05700342850397711,1.9046809382670962,1.897935625156794,1.905443518663716,0.1905443594164508,0.030034437284582743,0.15080516636427077,-0.0019804792128609704,-0.15041750700831039,-0.14843702779544943,1.905443518663716,0.0570034284944391,,,,,,,0.1905443594164508,42,syn_diag,563,3,0.6420221328735352,,,False,3c6b10db05b52d1fe57b05511a9d7d0186789a3a958432b0a498aea4f9af7e7e,079d37225e8baa871db63ae1b826f4f49094af0c512d49998c889848768c78e7
0.625,0.43456360697746277,0.46161574492481905,1.0622512885847297,0.007198032923042774,7.438424110412598,1011.9619750976562,2594.994384765625,0.0009882887825369835,0.13445374369621277,1.0,0.0006891594966873527,0.019037237390875816,0.9314865469932556,0.04878707230091095,0.3000642219966639,0.9997353603276674,0.00026499461128364637,0.9539190021395775,0.0526453869761407,1.900760279877799,1.897935625156794,1.9015518802043416,0.19015519441544668,0.0277382363649788,0.30006421974723974,0.0017516504542605478,0.02840823479983376,0.026656584345573213,1.9015518802043416,0.052645387147703844,,,,,,,0.19015519441544668,42,syn_diag,564,3,0.5360971689224243,,,False,66210e61f29664e855cbc5831baf42046bb76b165e14f51251c4b89c9805229a,5c9551ccdb16a12d429ab728528271664261a1c1213426f4b3ef1092f9d3a7b0
0.59765625,0.4593513607978821,0.4691176570932173,1.0212609939924837,0.006051697768270969,5.83682918548584,982.1385498046875,2394.71533203125,0.0010181863326579332,0.17301875352859497,1.0,0.0006344879511743784,0.017857832834124565,0.9235292673110962,0.05797839164733887,0.36202312606890374,0.9996439712877379,0.0003564500582820812,0.9321691134980656,0.055119263917205646,1.8976605319037154,1.897935625156794,1.8983623382241293,0.18983623988725298,0.029041693083042813,0.36202312427429195,0.0081022766968113,0.2910462354137632,0.2829439587169519,1.8983623382241295,0.05511926395365351,,,,,,,0.18983623988725298,42,syn_diag,565,3,0.46632081270217896,,,False,55a355e25e1b7b453ab50b73bbee86d770cf5a228fbc3710c8cf9369aa5b3d34,e40881b277601e1174e57ea056402bd04ed8f0869b5cfd406461c815db27e0e9
0.640625,0.4207291603088379,0.4604413332694245,1.09438893671798,0.006098407786339521,8.296041488647461,1056.03076171875,2234.4951171875,0.0009469985961914062,0.12054456025362015,1.0,0.0006562907947227359,0.018069300800561905,0.940159797668457,0.04111460968852043,0.4851401515693821,0.999559881319224,0.0004404339232923266,0.8744364089577361,0.06284042925325375,1.8953505234350587,1.897935625156794,1.8965303884672353,0.18965304520069418,0.033109884455659135,0.4851401520184664,0.01357685472425652,0.32069519984184064,0.3071183451175841,1.8965303884672353,0.06284042929268344,,,,,,,0.18965304520069418,42,syn_diag,566,3,0.5495592355728149,,,False,3dc9fdf3b7a98b96f9ed450a66ceb1d7fd70440b54bd1d72da61dea218127b3d,ef84d8bb9afc79a1c7f60538c355f7cc30c462af3dd9be4af2b95aaf45747342
0.6640625,0.40359005331993103,0.45396189200877857,1.1248093933196057,0.0091162770986557,10.571971893310547,1118.705810546875,3227.20458984375,0.0008941483683884144,0.09459222108125687,1.0,0.0006560443434864283,0.018680568784475327,0.9415041208267212,0.039159275591373444,0.3312147741263425,0.9997751805860945,0.0002250249292895436,0.9435553896655487,0.05310386237452066,1.8966914119998433,1.897935625156794,1.8976444924003224,0.18976445586425197,0.027979801670093847,0.33121477756930606,0.006621597381874261,0.18325305155956756,0.1766314541776933,1.8976444924003222,0.053103862510974265,,,,,,,0.18976445586425197,42,syn_diag,567,3,0.5632649660110474,,,False,61950bc9cc8970d86e72f2bb48f9d6445e3d136607f5a3d5574d26f874a0a7af,eaaa69d12336c1d06b443f1f5c6f8af43bc29e1d192a3866fb83662f1688e11d
0.65625,0.3975738286972046,0.45608413965883404,1.1471684268880569,0.00767785357311368,13.081117630004883,1057.072265625,2480.435546875,0.0009472004603594542,0.07654036581516266,1.0,0.0006343326531350613,0.01828465238213539,0.9279592037200928,0.05312183126807213,0.1324515296827043,0.999888722828551,0.00011162611034765538,0.991189483521466,0.04773703189125891,1.899830894009134,1.897935625156794,1.9004074187364726,0.19004074835396195,0.025152081692596955,0.13245153038552768,-0.0009448878906081512,0.008377772055183495,0.009322659945791647,1.9004074187364726,0.04773703184672547,,,,,,,0.19004074835396195,42,syn_diag,568,3,0.5011481642723083,,,False,28b3b20580b9de2ed0d7ce4e54275310ec4ebea773548b6d47b337fe7737a7f2,53c467a2f5e9dad6e76f1ce5eb37aaa5979b782f4fb4ceb21777814f569e8123
0.7265625,0.334602952003479,0.43079301109881074,1.287475147325534,0.013588182628154755,23.026687622070312,1180.924560546875,2598.158203125,0.0008468428859487176,0.043881066143512726,1.0,0.0006160986376926303,0.01840759441256523,0.9389349222183228,0.04204144328832626,0.4316469880517082,0.9995726124094025,0.00042778735884880885,0.9020426141157272,0.0646969407247366,1.9011613772316607,1.897935625156794,1.9023174647204149,0.190231753507859,0.03408805855538841,0.431646988462568,-0.003339243422654371,-0.012395041941938313,-0.009055798519283943,1.9023174647204149,0.06469694071774611,,,,,,,0.190231753507859,42,syn_diag,569,3,0.7052922248840332,,,False,977a283dbd0bcae58ba931bb9d6bf07c9477eef5832ecdcf6565c2169d04f29d,c6e411bca8fedbdfce84887a05c18101f900606489a509795461e29d80e6b690
0.6640625,0.40526270866394043,0.4581246365416121,1.1304386835524651,0.007295616902410984,13.194841384887695,1134.0068359375,2804.820068359375,0.0008822630625218153,0.07587029039859772,1.0,0.000635842327028513,0.018976708874106407,0.9429044723510742,0.03748294711112976,0.018444370973527264,0.9999764271258224,2.4451308218027523e-05,0.9998298881068738,0.07247402966868235,1.9003112848079398,1.897935625156794,1.902012719370251,0.1902012792677506,0.038185715420488445,0.018444371248271148,-0.00823543352183247,-0.17733647833685132,-0.16910104481501884,1.902012719370251,0.07247402969012103,,,,,,,0.1902012792677506,42,syn_diag,570,3,0.603196918964386,,,False,45a04a2863511e7f3c4ff40788847856fbe2b6a419f8a5037294788dc271d80c,a8a8ace0af0369af0e976f1dfead79b98df9dc45b5f3eefff3f4674335e456c2
0.61328125,0.4323867857456207,0.469068205011151,1.0848347028012888,0.002272606361657381,11.846712112426758,1146.36474609375,4046.122802734375,0.0008723264327272773,0.0845198780298233,1.0,0.0006591409910470247,0.018253007903695107,0.9284701347351074,0.05261778086423874,0.6097551704964371,0.9996652997440989,0.00033479497972960974,0.7925898258442672,0.05978501765367808,1.893633840249374,1.897935625156794,1.8942624324503288,0.18942624937549904,0.031500023952976575,0.6097551711281691,0.0060990233592568876,0.2509885244149171,0.2448895010556602,1.8942624324503288,0.059785017657410316,,,,,,,0.18942624937549904,42,syn_diag,571,3,0.6304872632026672,,,False,38c3346d64d2460408790a7b71342b3314a86a76085d0b0ad9f02c585cd51b8a,e4fb144d2e5b286c5d54c340159da4bc0cba2d070805065d3a98c56b0862faa9
0.640625,0.4082714319229126,0.46177744625682404,1.1310549935943266,0.003696936648339033,14.21856689453125,1098.36279296875,1723.2857666015625,0.0009108267840929329,0.07037501037120819,1.0,0.0006642797961831093,0.01881379634141922,0.937833845615387,0.04268811270594597,0.39380240603841793,0.9996036970703844,0.00039673186817423204,0.9191951180073177,0.056579682402989905,1.8994371055133554,1.897935625156794,1.9002636958817343,0.190026376959712,0.029811170438557882,0.39380240642707875,0.005235016996542536,0.19618238820839554,0.190947371211853,1.9002636958817343,0.05657968244990715,,,,,,,0.190026376959712,42,syn_diag,572,3,0.5509095788002014,,,False,575059ce8c4f1466cd69d1e7d5b86e55c87ddd6bcf89ca0ba065520683c6c364,bd07fdeb1813a840b920223a43d9eda61d0981ac3498905c23fdbe5b5684970b
0.6875,0.3751281201839447,0.4529613714160466,1.2074844387714772,0.01025708019733429,28.110347747802734,1124.184814453125,3713.640380859375,0.0008895504288375378,0.03560534119606018,1.0,0.0006078237202018499,0.01836375892162323,0.9351815581321716,0.04584683105349541,0.23536578750650414,0.9998677140290502,0.00013243552531225716,0.9719068607828398,0.054461588410807796,1.8984745677581105,1.897935625156794,1.8993539521860623,0.18993540220414448,0.028695171579531244,0.23536578746097286,0.0006661159142373188,-0.011368073817738548,-0.012034189731975866,1.8993539521860625,0.054461588612604014,,,,,,,0.18993540220414448,42,syn_diag,573,3,0.7396013736724854,,,False,1dcd1acffca8ece22516a3038cfba2c2e3bc512b0de75f605fa19ce29faba4a0,b5e8fe556f5264f41a120b2eb439d8a5bd7a219cb9520bc8005ce65db2db97a0
0.6796875,0.39778465032577515,0.44587073156725865,1.1208846915699897,0.005624680779874325,8.63690185546875,1000.6500244140625,2138.670654296875,0.0009994718711823225,0.11578322947025299,1.0,0.000600894563831389,0.018070794641971588,0.9361420273780823,0.04518628120422363,-0.03771732059135766,1.0000506849179491,-4.9814050704937056e-05,0.9992884486944825,0.06018551029255146,1.897252784793287,1.897935625156794,1.8981804384368268,0.18981805059350873,0.03171103882279866,-0.03771732222902131,-0.006220486858545498,-0.235701409400477,-0.2294809225419315,1.8981804384368268,0.060185510366830855,,,,,,,0.18981805059350873,42,syn_diag,574,3,0.3855285346508026,,,False,66580100f99f9b686371b3f583de1f01dfad71ed5f599762574799b17536f588,011a308acea719da95582c4b35cd1d76b1223b8da7c762e3e9bc5af7b5fc55ab
0.640625,0.41516947746276855,0.46246317429846207,1.1139141645927602,0.004978851415216923,9.581274032592773,1203.234375,1970.6314697265625,0.0008313844446092844,0.1045132577419281,1.0,0.0006153455469757318,0.017898637801408768,0.9349535703659058,0.04653242975473404,0.07053288977860905,0.9999202489405677,8.039751806409691e-05,0.9975094543042758,0.06018661172871015,1.9005171010421829,1.897935625156794,1.9013235575138714,0.19013236305409412,0.03171161915658032,0.07053289042931755,-0.006085959924817423,-0.011276146049689134,-0.0051901861248717105,1.9013235575138714,0.06018661172951294,,,,,,,0.19013236305409412,42,syn_diag,575,3,0.622832179069519,,,False,2a7992bf5e0a5c41619b83c272ff25c2f2712b74c29d6e4d63d3b5daa690d1ba,7286d7f3621bd9e81b2a3797e6d8fd6a57a49ba137c52349ddcfd02b20734c0e
0.609375,0.4550975561141968,0.460390184029288,1.0116296333374297,0.0022536213509738445,4.187325477600098,979.225830078125,4586.97900390625,0.0010212643537670374,0.23886951804161072,1.0,0.0006941718747839332,0.018687311559915543,0.936227023601532,0.044391486793756485,0.4163308160331583,0.9997870766409448,0.00021303160332058829,0.9092132046945816,0.05479457829358031,1.8953421689573058,1.897935625156794,1.896160294236014,0.18961603535190183,0.02887062003961525,0.41633081648136544,0.0033150473386163483,0.2021084397666815,0.19879339242806515,1.896160294236014,0.054794578311282746,,,,,,,0.18961603535190183,42,syn_diag,576,3,0.5218263864517212,,,False,a4ab5bccf1c5daf2814d72555c57a9e19ea8f0c56171bb3c1c34604c1dfbbac2,9ea64eb3a171f352636d663b1e57a1cefa3ff22a7f04ddb60b16a82a61e3515c
0.67578125,0.37368714809417725,0.4528150743990847,1.2117491684700976,0.00459834560751915,22.363018035888672,1264.651123046875,1597.8709716796875,0.0007907323888503015,0.0447348915040493,1.0,0.0006236486369743943,0.01858672685921192,0.9376730918884277,0.043116532266139984,0.49189395849137374,0.9994516084019176,0.0005488637554384527,0.8706551174678762,0.05681263297834664,1.8970921295979055,1.897935625156794,1.8977047668452058,0.1897704838937226,0.0299339093619802,0.49189395937637154,0.0008127330038206185,0.11216115799356809,0.11134842498974747,1.8977047668452058,0.0568126329930363,,,,,,,0.1897704838937226,42,syn_diag,577,3,0.7354271411895752,,,False,770faebef089676cb13c77e9e05c392e297f24bafd0608b21793f920b724e74b,ac0af1ac54c8b51fadc9858222878e8875c4fda534540f6633349fe7fae639a7
0.61328125,0.43215349316596985,0.4662108329205864,1.0788084582499133,0.0033989674411714077,9.844484329223633,1047.5560302734375,2806.320556640625,0.0009548749076202512,0.1016702950000763,1.0,0.0006374990334734321,0.017922338098287582,0.9338212609291077,0.04761888086795807,0.5908553665516774,0.9995241398849138,0.0004760714962458698,0.80677750079608,0.049470693082039406,1.8982522555533938,1.897935625156794,1.8990166883782726,0.189901676528149,0.026065527421630236,0.590855367141141,0.005824493207515812,0.2409583397006251,0.23513384649310928,1.8990166883782726,0.049470693078309855,,,,,,,0.189901676528149,42,syn_diag,578,3,0.49199047684669495,,,False,d45ac81ec863d89534e33fd4f9a9d9bb319a2d6ae568dd02a057fc223e7871d9,bd32d2b8288fcad29c7e5b86912eceed5ceb3a5366fb864588f714e47700c04c
0.6328125,0.4318954050540924,0.45961360833233783,1.0641780590097192,0.005562899634242058,6.600231170654297,1134.14501953125,2254.010498046875,0.0008817528141662478,0.15225085616111755,1.0,0.000613393378444016,0.017737548798322678,0.9336299896240234,0.048019055277109146,0.49481967519175585,0.9993918874889823,0.0006086841997949142,0.8689956783683728,0.07470668452123948,1.8947803081711867,1.897935625156794,1.8960535401149483,0.18960536183188278,0.039362075051954604,0.49481967494509144,-0.0004930963000584776,0.046702949747344236,0.04719604604740271,1.8960535401149483,0.07470668451929376,,,,,,,0.18960536183188278,42,syn_diag,579,3,0.48766109347343445,,,False,2bd2e6a2721ca677fb471d5424b809f8b4c6300369c970287155eba9663c20d2,de1ae3626384ed5848ad7569a5d5a251a1ac9ed095fd1d471d0651b19e87ae3c
0.6875,0.38973551988601685,0.4526733210204307,1.1614885188205557,0.004990165121853352,17.453975677490234,1047.369140625,2482.14404296875,0.0009548130910843611,0.05729706957936287,1.0,0.0006142538040876389,0.018358545377850533,0.9297346472740173,0.0512925386428833,0.24758041389259516,0.999818447790182,0.00018180534835718966,0.9688673483086997,0.049353216520141754,1.895662384523537,1.897935625156794,1.8964056032375005,0.18964056637305973,0.026003630400287435,0.24758041457302268,-0.001971222438898987,-0.13024623452571263,-0.12827501208681363,1.8964056032375005,0.049353216580463384,,,,,,,0.18964056637305973,42,syn_diag,580,3,0.5718191266059875,,,False,550caf48f3abeead67e8b85461c5fbd989351204a60d4682c3d02496e6e40ea8,8822c5ca3f93fcccc8e332d068945af469b87502fbca02c387e1792434c54509
0.625,0.4378414750099182,0.46496814110400425,1.061955409409658,0.0021448677871376276,7.01812219619751,1307.97509765625,2539.015625,0.000764545751735568,0.14595824480056763,1.0,0.0006363015854731202,0.018097423017024994,0.9275548458099365,0.05371139571070671,0.4022815496294053,0.9997562448560093,0.0002439092444917376,0.9155160046618964,0.04697928131338679,1.8967198114982187,1.897935625156794,1.897267323513699,0.18972673937861798,0.024752831808761134,0.4022815500004516,0.0017798573113182847,0.13918030339025822,0.13740044607893995,1.897267323513699,0.046979281276836524,,,,,,,0.18972673937861798,42,syn_diag,581,3,0.7432265281677246,,,False,86af2d28d8eb498662731beac60ed0c653cb0d3989bfa851efe64b44aed8794a,1ee95bb91267d37f9c2102596570985e14c9aec62d4b816e67b27a4bc1c4606c
0.609375,0.45110929012298584,0.46674402366940476,1.0346584820980194,0.011193042621016502,5.524031639099121,1174.7861328125,3989.1708984375,0.000851237797178328,0.1811048984527588,1.0,0.0006118046585470438,0.01763811707496643,0.9300679564476013,0.051682062447071075,0.19873736175992032,0.9998571997114646,0.00014304914129496132,0.9800527848055688,0.05402788254137999,1.8941193743793172,1.897935625156794,1.89488806603755,0.1894888142239588,0.028466657048438152,0.19873735991698058,-0.001576249289925394,0.04948177313742719,0.05105802242735258,1.8948880660375498,0.05402788253799689,,,,,,,0.1894888142239588,42,syn_diag,582,3,0.5961663722991943,,,False,0f9d8dad078f5d3bda8a448621c1d48b91fc3da2a68bba6ca28667099c88bc58,52763da4d9d0bf93d513d7cff4c9fdd230f86d3a4c105f83a017beca6b02d655
0.640625,0.4188007712364197,0.45887278471316423,1.0956827678518117,0.003909054212272167,9.530786514282227,965.8521728515625,2585.16552734375,0.001035589724779129,0.10499037057161331,1.0,0.0006422344595193863,0.01851475238800049,0.9377836585044861,0.043059367686510086,0.488831367987774,0.9995616060366843,0.00043870057483056963,0.8723782973247237,0.05432550327653066,1.8944946360915014,1.897935625156794,1.8951970322923015,0.18951971090163192,0.028623469919857814,0.4888313680792379,0.00987720781356976,0.2794192414408007,0.26954203362723095,1.8951970322923013,0.054325503221272414,,,,,,,0.18951971090163192,42,syn_diag,583,3,0.6263153553009033,,,False,dfcce65afc1b54f5a8bc8f7444d41d949f1d9ccfb84c4ee97055464274dd0811,70d182a96716ef2150732b38a8d2ccf663a48016cda5c91f3bf6e915868ca8a8
0.59765625,0.4411112070083618,0.4728533254435002,1.0719594728566189,0.003397589083760977,9.733738899230957,1065.656005859375,3777.767578125,0.0009388648322783411,0.10285761952400208,1.0,0.000620940001681447,0.017908362671732903,0.9346341490745544,0.046836547553539276,0.7051814211047086,0.9993551065923468,0.0006451038985074739,0.7090269129666207,0.056587619799624754,1.8993481709313416,1.897935625156794,1.9001688436348916,0.190016891015337,0.02981535255966338,0.705181421525735,0.013539931469266391,0.4237903895891585,0.4102504581198921,1.9001688436348914,0.056587619818100496,,,,,,,0.190016891015337,42,syn_diag,584,3,0.5066097974777222,,,False,b6a7934b899292aa65459ef2131cdc50ef631b4ecc6d0f0bef96d246733ea1b4,251e05a15744d2ea8640fc2c0a5d9e36812c794892d7d59c6a60919ce84e5502
0.6328125,0.42017662525177,0.46582888166251646,1.1086501787617575,0.008440831676125526,12.208298683166504,1137.612548828125,2226.900634765625,0.0008791968575678766,0.08191162347793579,1.0,0.0006451088702306151,0.018389541655778885,0.9354408979415894,0.04552445188164711,0.41368216024610777,0.9995430543479361,0.0004574526570200937,0.9104213696251792,0.06928426849443042,1.895073731694007,1.897935625156794,1.8963533638667724,0.1896353444761058,0.03650506770411148,0.41368216215981884,0.013337840475984988,0.36590048780265844,0.3525626473266735,1.8963533638667724,0.06928426843389934,,,,,,,0.1896353444761058,42,syn_diag,585,3,0.4959735870361328,,,False,fe5e31a364a6168a0c88d60a96ed186473c3ae16e412d237a87ad700659eb50d,2c99f984b873d8b3841400ce16e0012590e942a592faf34e9480f036430a1550
0.66796875,0.37408357858657837,0.45505236913198144,1.2164457998299951,0.003412638558074832,25.091915130615234,1199.89794921875,2035.362060546875,0.0008334041922353208,0.03985685110092163,1.0,0.0006005506729707122,0.01805243268609047,0.9266940355300903,0.05465300381183624,0.2996386569168652,0.9997846545016469,0.00021558113028897284,0.954052763340834,0.04255751363683228,1.8993332782891625,1.897935625156794,1.8997517851214354,0.1899751847944761,0.022423054329513442,0.2996386572792552,-0.0010106449785226884,-0.1339951226211201,-0.1329844776425974,1.8997517851214354,0.042557513645189844,,,,,,,0.1899751847944761,42,syn_diag,586,3,0.6457822918891907,,,False,b5ca20b9bd49cdb696e4dc47c00f2153376988117ff12c3a8de48eaf33dab291,80762c63dd4f08a8b349deb6ae0dc48349d4b0588970d7ee4def3c4afc1e6a40
0.5625,0.4877966046333313,0.47279368130989474,0.9692434654163213,0.0032334616407752037,3.638547897338867,1051.342529296875,3404.770751953125,0.0009522474138066173,0.2756045460700989,1.0,0.0006663270178250968,0.018146704882383347,0.9114079475402832,0.06977900862693787,0.5204904082642551,0.9997126103945982,0.0002875008627339009,0.8538675159971079,0.04887013336354018,1.8938792488427711,1.897935625156794,1.894622701301673,0.18946227669405677,0.02574909955624924,0.5204904101524152,0.010070379187463226,0.36763514138877906,0.35756476220131583,1.894622701301673,0.048870133405175306,,,,,,,0.18946227669405677,42,syn_diag,587,3,0.5410219430923462,,,False,de21a98642634c37d0c1c377069dbbb07248c7556f07d9d1d501007fcb10c622,503da039dc23fe3db3e7d2e81af50a55811772e2a6084e021c06bc4bb083b369
0.64453125,0.4045414626598358,0.4583620579186829,1.1330409767660239,0.009101142175495625,11.123815536499023,1206.043212890625,3487.023193359375,0.0008291587582789361,0.08991028368473053,1.0,0.0006008663331158459,0.017448164522647858,0.9312877058982849,0.0506632924079895,0.17754308934493243,0.999854513281368,0.00014581338955001736,0.9841130277519411,0.0557159407520556,1.8995242417118652,1.897935625156794,1.900463625495643,0.19004636854261536,0.029356075102612282,0.1775430910014151,0.004085049124642681,0.20526561139321828,0.20118056226857559,1.900463625495643,0.055715940706110606,,,,,,,0.19004636854261536,42,syn_diag,588,3,0.6850655674934387,,,False,77848b87a63988eb74d0c0cd9a89a93a860b6b4be246193337179130527e28a7,f9a5c3ce593f3892035618dc6c2420778c1774de08598dff7d9a7f034fa432bd
0.65234375,0.41602227091789246,0.4598585106656922,1.10536992644577,0.003906405996531248,12.32440185546875,1086.0390625,4022.6611328125,0.0009207804687321186,0.08114050328731537,1.0,0.0005961144343018532,0.0174868144094944,0.9218407273292542,0.060076333582401276,0.3387411877127022,0.9996725921986883,0.00032782248968995793,0.940879592569451,0.05311775060720929,1.8977076189223936,1.897935625156794,1.8985290753320667,0.1898529136992841,0.02798711921685599,0.3387411884915716,-0.006592569646433091,-0.0694717966498235,-0.06287922700339041,1.8985290753320667,0.05311775061291304,,,,,,,0.1898529136992841,42,syn_diag,589,3,0.5920087099075317,,,False,73788775c1d7cf6bdb690d7105ce7163f558abab00357cf4820677077b04b33a,d112f2a4edc1e1c0de682f42c1b361d55c938640d6425ebe99cc51dc004684e4
0.671875,0.3903873860836029,0.45906325314778884,1.1759172156697573,0.0039005724247545004,16.705364227294922,1147.252685546875,3999.1923828125,0.0008720543701201677,0.05993600934743881,1.0,0.0005990457721054554,0.01790020242333412,0.9156581163406372,0.0658426433801651,0.211358601052803,0.9998598789560336,0.00014033164210991908,0.9774085848392523,0.043890585031827314,1.8936819446063176,1.897935625156794,1.894233392264631,0.18942334560005208,0.023125433997888235,0.21135860067677584,-0.00883737243868252,-0.2131734832261029,-0.2043361107874204,1.8942333922646313,0.04389058501731054,,,,,,,0.18942334560005208,42,syn_diag,590,3,0.7523051500320435,,,False,e3ac6f6dafc6a67b7052636e3d815e379631396c1af08b95c9d9eca3603aefbb,bf8ec80165b37feaf7218476c7a54bf320f36469d4ae4719afb473389be5fbb6
0.56640625,0.4800620675086975,0.47299457749397894,0.9852779442891239,0.001649756683036685,5.361045837402344,955.0317993164062,3403.424072265625,0.0010471248533576727,0.18664255738258362,1.0,0.0006365266744978726,0.017767740413546562,0.9112124443054199,0.07038329541683197,0.4584481455056873,0.9996447656300382,0.00035547188189437307,0.8887211586579273,0.043748581083482896,1.8955212502377154,1.897935625156794,1.8958213900998775,0.18958214532204154,0.023050613784566926,0.458448143657399,0.004544116705062787,0.1976330852609339,0.1930889685558711,1.8958213900998775,0.04374858107671338,,,,,,,0.18958214532204154,42,syn_diag,591,3,0.43704238533973694,,,False,b699852e51a6aadd0c6a2e842241e8f3f4d66e688d5c2afe989ee02cd39dd0f5,4544d87515bcf3e8097a5ce3cd6bd5cf80fd64691e9af12c915cc90239af2955
0.66796875,0.40821120142936707,0.4546978916137447,1.1138790140509998,0.0066356658935546875,11.254230499267578,1114.4666748046875,1885.4288330078125,0.0008973028161562979,0.08928149938583374,1.0,0.0006373155629262328,0.01850370690226555,0.9400652647018433,0.040793776512145996,0.27725695893710317,0.9996101907564952,0.00039072627030427873,0.9607958048898105,0.06815130611338753,1.8952969948373917,1.897935625156794,1.8960900790943864,0.18960901403186967,0.03590812312599983,0.27725695391566985,-0.0054014418587559065,-0.131016898616794,-0.1256154567580381,1.8960900790943864,0.0681513060759168,,,,,,,0.18960901403186967,42,syn_diag,592,3,0.43324166536331177,,,False,1a3d478d671adb7dce7fcedacbac6f2a92044ada4623c0642227f38e8037ebe0,76551c0ce3f1e7d54cffc1f2ec72bd40f4bd3e6922e9b95067e74576bbd1e645
0.61328125,0.4356982111930847,0.46926376815060583,1.077038598704565,0.004590658470988274,11.149581909179688,1102.2618408203125,2307.8037109375,0.0009077028371393681,0.09014120697975159,1.0,0.0006228027050383389,0.01785885915160179,0.9289727210998535,0.05254558473825455,0.5299588254172874,0.9995735088410909,0.00042672438740031004,0.8480233742848647,0.04986952033948098,1.8970040703238666,1.897935625156794,1.8976275678600352,0.18976276423455443,0.026275664821526722,0.52995882292004,0.002422884494746027,0.1742939373605379,0.17187105286579185,1.8976275678600352,0.04986952052719071,,,,,,,0.18976276423455443,42,syn_diag,593,3,0.4644547700881958,,,False,62718adaa395e7d19dd1a17bd7c5f4a7da86d52204950502a520cdca6be049b0,a2a279da5d7842fb730445c713ad23cae5c3fc5eea995e06d60615b7400e5fa7
0.609375,0.4343947768211365,0.47160222405312113,1.085653435488514,0.004034718032926321,9.42226505279541,1330.116943359375,4649.6494140625,0.0007518151542171836,0.10623551905155182,1.0,0.0006382415886037052,0.017379308119416237,0.9260780215263367,0.05590442940592766,0.3453286669401915,0.9998308263773921,0.00016927945983261002,0.9384818121560663,0.04236777332074789,1.8976178246431257,1.897935625156794,1.8981174001316843,0.18981174629462785,0.022323082384433056,0.3453286640860834,0.007925564213818166,0.26504847933092884,0.25712291511711066,1.8981174001316843,0.04236777336575219,,,,,,,0.18981174629462785,42,syn_diag,594,3,0.7517540454864502,,,False,8758c616191a6ac1574968ed05f6ee31df19ad4d221337a3e66dfc280bc6fe53,0c9f2a4d2be2eef82bc1124835b139e8cc8c1c80cb4639dfaca8ff8879425742
0.66796875,0.38099509477615356,0.457494537562561,1.2007884855457969,0.0046193222515285015,22.878067016601562,1194.9366455078125,2916.152587890625,0.0008368691778741777,0.0437355674803257,1.0,0.0005849286681041121,0.01797725260257721,0.9321504831314087,0.049287308007478714,0.6116532736083212,0.999440598374627,0.0005596637743075082,0.7911259525910027,0.05903817759159029,1.8990125703539478,1.897935625156794,1.8999147318712697,0.18999148026320814,0.031106522691823048,0.6116532724721957,0.010890470589689194,0.3501738961517016,0.3392834255620124,1.89991473187127,0.05903817758309128,,,,,,,0.18999148026320814,42,syn_diag,595,3,0.6353507041931152,,,False,b1fea4c7b8c6656a0a622e9f2ee2ff875eea57d0a8b136008fae04a0c27f50ef,27bb42d2457efbc7e9a854337eac90343211ca0ef4c7e223da5e4adb60248a67
0.62890625,0.4233657121658325,0.4690267137415794,1.1078523546229473,0.0020370795391499996,15.99090576171875,1204.8702392578125,4657.6708984375,0.0008303560898639262,0.06254201382398605,1.0,0.0006343175773508847,0.018135353922843933,0.9135825037956238,0.06764783710241318,0.42195457252334434,0.9998349121723894,0.00016515079552302859,0.9066169746307384,0.043205118976738906,1.9035925843372163,1.897935625156794,1.9041629030702543,0.19041629806983934,0.022764269980519933,0.42195457278842435,0.007686846378806383,0.2919370564957288,0.2842502101169224,1.904162903070254,0.0432051189660613,,,,,,,0.19041629806983934,42,syn_diag,596,3,0.7539117336273193,,,False,c0a0b16cb6eee756135f293e74a60ae55cc0359f24db781ee01bb6da7e99ed34,0e1459e41e95bdb1b022880ebbfe28c814cbc517c7e59291fe74c487764a33ae
0.58984375,0.47446852922439575,0.4661882808515027,0.9825483890827579,0.003201989224180579,3.4095325469970703,1239.9364013671875,2515.628662109375,0.0008064958965405822,0.29520007967948914,1.0,0.0006842083530500531,0.01921001635491848,0.917221188545227,0.06288459897041321,0.5715281588234157,0.9995797915842806,0.0004203906490567583,0.820582453900084,0.05796450691316727,1.89442731442821,1.897935625156794,1.8953701575307491,0.1895370226329264,0.030540818215764355,0.5715281592227317,-0.00280954605051388,-0.001522071590434639,0.001287474460079241,1.8953701575307491,0.05796450691869303,,,,,,,0.1895370226329264,42,syn_diag,597,3,0.7249916791915894,,,False,030b4a017d7b1d6831ca2954166d032230017279e7454b3ed1573ebe7ff6af32,9b25afc0a2b413dcdb57a42a6f152fa14533bc792547b8dc52db9aad6e0e83ed
0.68359375,0.3792289197444916,0.45411493480678633,1.197469150761697,0.0047887940891087055,18.57390785217285,1323.172607421875,3476.565185546875,0.0007558365468867123,0.05384359881281853,1.0,0.000608177506364882,0.018379753455519676,0.936196506023407,0.0448155552148819,0.6323705577135756,0.9995708950907057,0.000429243217846211,0.7746660427023563,0.057447425934788285,1.8992839522313616,1.897935625156794,1.899980533826511,0.18999805994368135,0.03026837431855051,0.6323705579477347,0.012842359530302957,0.37556562649997643,0.3627232669696735,1.899980533826511,0.05744742589336073,,,,,,,0.18999805994368135,42,syn_diag,598,3,0.6756144762039185,,,False,df750b2a3311a9a884b77d529e129839dc2eb7b55c4a155bb75e26a9b4662beb,7b354f01f718563b54e040cad71525875ae3a48c247f995114cba31528e1a1a0
0.6484375,0.4272005558013916,0.45664549932191184,1.0689253844954623,0.004327130503952503,7.439153671264648,1114.0042724609375,3226.110595703125,0.0008977543329820037,0.13443604111671448,1.0,0.000621213112026453,0.01849544420838356,0.9220008254051208,0.05888253450393677,0.5111264407493226,0.9994344954336771,0.000565957697921886,0.8595055331637584,0.053123063316677606,1.903240761860735,1.897935625156794,1.9038329890439767,0.19038330570556777,0.02798991842110607,0.5111264409763147,-0.0005408457666997003,0.08769680274160069,0.08823764850830039,1.9038329890439767,0.05312306332692784,,,,,,,0.19038330570556777,42,syn_diag,599,3,0.5154893398284912,,,False,c788573b28c4219fc0efd6be8bb532622069fe25d4ea615f9dd0c2d346203896,cafb70b19ba3c9a0380e72e5c1068a5e23ecbcdc69592b0461cbc929b3ad9427
0.63671875,0.43246012926101685,0.4576945521538662,1.0583507781834667,0.003051796928048134,7.548340797424316,1115.2322998046875,2081.89453125,0.000896741112228483,0.1324799656867981,1.0,0.0006664969259873033,0.019152984023094177,0.9410024881362915,0.03917805850505829,-0.030636772994016872,1.000036015184084,-3.5350151105951663e-05,0.9995305838778842,0.06009529169829566,1.897768599765559,1.897935625156794,1.8989916968787337,0.1898991762784824,0.03166350370461029,-0.030636773332022266,-0.0004964295343077797,-0.1174453071830314,-0.11694887764872361,1.8989916968787337,0.06009529167779025,-37.79964247683983,-0.0018515499552212442,-0.3616331100417458,1250.552001953125,0.6249699592590332,0.6267915964126587,0.1898991762784824,42,syn_diag,600,3,0.6246183514595032,0.5274897488594055,0.854,False,a047e7de9c903c33901db128255099c48442e5c954976e927f23903737aeda97,ad9fe0b1d03d659d8fa582170f07254bc6670cc4437479dda2f1e56a607d3aba
0.671875,0.3781118392944336,0.45320451978094395,1.198599068871945,0.012009991332888603,18.97726058959961,1249.4730224609375,3419.2197265625,0.0008003858383744955,0.05269686132669449,1.0,0.0006134730647318065,0.018610917031764984,0.9069552421569824,0.07382035255432129,0.5473631320530271,0.9996239894614031,0.00037617600377362436,0.8368952154532039,0.06788137393678505,1.8975352500520446,1.897935625156794,1.899060606042587,0.18990606718043015,0.0357658990310282,0.5473631329581055,0.010981362920097765,0.2808358757136562,0.26985451279355843,1.899060606042587,0.06788137380278302,,,,,,,0.18990606718043015,42,syn_diag,601,3,0.6698874831199646,,,True,b819da794bc52fbe9b115d04fb7f0776a47b236c28af485e14416eaecfb6215f,ca42dcc36a1a4135f997d3c898402af34aaef0c713f27e749ef84cc3246949a2
0.6328125,0.42287731170654297,0.4624733446038225,1.0936347934625428,0.0027635691221803427,10.770622253417969,1007.1923828125,3307.939208984375,0.0009929832303896546,0.09296119958162308,1.0,0.0006475155241787434,0.019302133470773697,0.8984202742576599,0.08163007348775864,0.14905905186355456,0.9998131423516218,0.00018763245316691225,0.9888282960288676,0.06478671781780342,1.8950011562031719,1.897935625156794,1.8962164219084559,0.189621648962634,0.03413536105178333,0.14905905070260714,-0.00017781667223601072,-0.009376777963540833,-0.009198961291304823,1.8962164219084554,0.06478671780962678,,,,,,,0.189621648962634,42,syn_diag,602,3,0.5878193378448486,,,False,33efbfe7349080069b5ee285b39135e72ecdbca7a6245de368864d2110257117,c4212cc13032c54ad721edc7c1d9190dcfdfa71d25b74cc0e5f162e17c8c6554
0.6171875,0.44269895553588867,0.46099577227922844,1.0413301785574034,0.003123639151453972,6.170051574707031,1170.537841796875,3244.6669921875,0.0008552304934710264,0.1622239053249359,1.0,0.0006691142334602773,0.01889052614569664,0.8865025043487549,0.09393783658742905,0.5425274167548116,0.9995970014645815,0.0004031934869581002,0.8400380955897976,0.051854416706804726,1.8992705717645324,1.897935625156794,1.899982760431101,0.1899982826434937,0.02732148341569465,0.5425274147736295,0.004482800640190537,0.11569019686388336,0.11120739622369283,1.899982760431101,0.051854416709184795,,,,,,,0.1899982826434937,42,syn_diag,603,3,0.7778979539871216,,,False,4d68213250d63de6cc7927493f6fa331a585c97efef273acbc2a098fece5676e,4a007e1aad2b17d965b50f1690c4ce573ac4f52a554f7cca0011d7ded7c7bcc4
0.65234375,0.4097658395767212,0.4597017200750968,1.1218645377689789,0.003952522296458483,11.629531860351562,1105.41259765625,2062.5185546875,0.0009046475752256811,0.08599694073200226,1.0,0.0006043827161192894,0.01869085058569908,0.8976079821586609,0.08309681713581085,0.15786284165669903,0.999881264720652,0.00011901241106511765,0.9874610489458893,0.050318718773786256,1.8895534751160004,1.897935625156794,1.8902427982912948,0.18902428718669825,0.026512342203178132,0.15786283602955942,-0.0012216760280693224,-0.031190233111066917,-0.029968557082997595,1.8902427982912948,0.05031871892938492,,,,,,,0.18902428718669825,42,syn_diag,604,3,0.6388850212097168,,,False,f0854478af25ec7ff9264b756a7828cc1982e8b57a3224b1a80288096512c6fd,816e933b0d51c626debdc5f9046e848893439dd9323e0210ba0b5741b6194c8a
0.5546875,0.4949953258037567,0.4733404495396237,0.956252399109293,0.003057483583688736,3.7589571475982666,1075.9962158203125,2593.9150390625,0.0009297360084019601,0.266192764043808,1.0,0.000590555660892278,0.018062308430671692,0.859013557434082,0.1223335713148117,0.31399662862296784,0.9997157356495877,0.00028463480936214363,0.9494240976415034,0.05810449811602722,1.9001527142212162,1.897935625156794,1.9011049893228196,0.19011050614553174,0.03061457793711861,0.313996624952959,0.004124492140415091,0.1583402864100979,0.1542157942696828,1.9011049893228196,0.058104498144460684,,,,,,,0.19011050614553174,42,syn_diag,605,3,0.5239921808242798,,,False,3df0c8cd4afb8ea304adf4ed021fcaf8dbcbb50975e571d373f4fd7a251b46e9,2f2db7fc125116caf627e62682b4e5350ffe47cad26dfdf155adedab4895012c
0.6640625,0.4077278673648834,0.4573583552108168,1.121724529251216,0.006985591258853674,12.330831527709961,1114.0927734375,2073.457763671875,0.0008976262761279941,0.08112211525440216,1.0,0.0006262676324695349,0.018710769712924957,0.9069309234619141,0.07373206317424774,0.366956049791419,0.99971541843279,0.000284842340465057,0.9302382799527928,0.05417347857611102,1.8961948462110865,1.897935625156794,1.8969816602759038,0.1896981729618531,0.028543369889907116,0.36695606445774437,0.006426821119947268,0.21042656829860223,0.20399974717865496,1.8969816602759035,0.05417347841585653,,,,,,,0.1896981729618531,42,syn_diag,606,3,0.6626344323158264,,,False,f07f53d57ccf2558a2319472dc93e20d23bf259e7b9230df5b53b45ab50b5b33,99d1c0cd9277cdf465c00b7a6c531f5e64b1254c12570504711ced271586a9f6
0.68359375,0.3927074074745178,0.4485252338124324,1.1421358965616775,0.016442276537418365,9.958963394165039,948.3807983398438,2135.13330078125,0.0010544699616730213,0.10057149827480316,1.0,0.0006104718195274472,0.019253209233283997,0.9126510620117188,0.06748533248901367,0.5415191328071783,0.9993911280415866,0.0006093196381827097,0.840688425505675,0.05757530027290915,1.9021050720901196,1.897935625156794,1.9031460863922638,0.19031461653257484,0.030335749806120187,0.5415191346145903,0.0030961314216436664,0.23316393246327055,0.23006780104162688,1.9031460863922638,0.05757530028109162,,,,,,,0.19031461653257484,42,syn_diag,607,3,0.4787975549697876,,,False,9193e0f2fec6c96c3b3d012be38f5c6bb1bda63538fa9140bde10b94670b2cb9,c0c7d60549fe278c9c20060f8ac2fb50c2a40b8022929ed093bd879f98a80984
0.609375,0.44414186477661133,0.4701086273077052,1.058465020172124,0.00366386491805315,8.201523780822754,1029.406005859375,2343.793212890625,0.0009714387124404311,0.12193374335765839,1.0,0.0006269670557230711,0.018370291218161583,0.8952404260635376,0.08576226234436035,0.48837246570209425,0.99934605834439,0.0006546262040723846,0.8726352816126082,0.05262400599211047,1.897039385523935,1.897935625156794,1.8977446981200528,0.18977447697457595,0.027726970975496243,0.4883724638962225,0.0025626346928775837,0.1128054125307762,0.11024277783789861,1.8977446981200525,0.05262400604446024,,,,,,,0.18977447697457595,42,syn_diag,608,3,0.4589007496833801,,,False,f289c718f92a1daab9134b1920c9fcc719bcccbd322599f86a316075e33258ba,8c37ec2ac92c0dc34e781811180e1c3cbb230b5e0912fcd1cf39cb1d1cd63053
0.6171875,0.43931400775909424,0.4653189965718892,1.0591945802660134,0.00449557788670063,8.619385719299316,884.824951171875,2203.251220703125,0.001132866134867072,0.11764168739318848,1.0,0.0006571128033101559,0.019402772188186646,0.9034066796302795,0.07653345167636871,0.28612029869521705,0.9995705233862331,0.00043051640337936695,0.9581937041379867,0.07379299912914138,1.8972730844932022,1.897935625156794,1.898547167848076,0.18985472418988422,0.03888066494510647,0.28612029856519644,-0.001959004613248401,-0.028414774215669868,-0.026455769602421467,1.898547167848076,0.07379299911684488,,,,,,,0.18985472418988422,42,syn_diag,609,3,0.5422959327697754,,,False,95410f8966f6b7abdc0229ea908a85280c1ad71ddfd013d536a9b471068ed83c,f63a50842a1c35f862c2f96079bf0300b8ea871f041fe07767bf784f12fe3bc6
0.63671875,0.4027695655822754,0.46485326023510753,1.1541419583939594,0.00526919960975647,16.523799896240234,1093.826904296875,2119.7861328125,0.0009142284980043769,0.06057076156139374,1.0,0.0005755682941526175,0.018023287877440453,0.8890715837478638,0.09232959896326065,0.7477829934661905,0.9993216005368621,0.0006785810895234428,0.6639432164467671,0.05166509833283862,1.8955427849496758,1.897935625156794,1.8965347449650378,0.18965348151462844,0.027221733786962972,0.7477829943455447,0.015423050313535889,0.5022658623647341,0.4868428120511982,1.896534744965038,0.051665098386416336,,,,,,,0.18965348151462844,42,syn_diag,610,3,0.5052355527877808,,,False,d8a87c92ab45b4c6f7110aa298bf16c3843e3c9c97d64fff63889378d9ab9ecd,2205df128e5b43dd56a2aaae908023d37d4284061a8c168c36ae7cfbfbe7c44a
0.64453125,0.4094170331954956,0.46056394398815437,1.12492616481417,0.002828418742865324,11.38508415222168,1128.326904296875,4011.642822265625,0.0008863714756444097,0.0878463089466095,1.0,0.0005946066230535507,0.018546275794506073,0.8949912786483765,0.08586780726909637,0.30844378494883945,0.9998312300785023,0.0001689056159183582,0.9512425723712694,0.051818377850884834,1.8976042341210986,1.897935625156794,1.8983621222015756,0.18983621949796078,0.027302494965590132,0.3084437799115855,-0.0028953156280632645,-0.156642952233755,-0.1537476366056917,1.8983621222015756,0.05181837785130052,,,,,,,0.18983621949796078,42,syn_diag,611,3,0.6706916689872742,,,False,c41889448897046ef8d986769db627ddae50e4348cb4961b25809e5325796eca,c44bb785d9583678152740ec9feab6e40a7ff438d3c36b38c900823d55ef16a2
0.59375,0.46455639600753784,0.4667308037740288,1.004680615242874,0.002919454127550125,4.50344181060791,859.703369140625,1596.781982421875,0.001165280700661242,0.2220635563135147,1.0,0.0006191552383825183,0.018755702301859856,0.8837951421737671,0.09683001041412354,0.37462893259868624,0.9994726593592347,0.0005281955289902477,0.9271748286207819,0.05374089129522956,1.9041708354932088,1.897935625156794,1.904908020965671,0.19049080866136733,0.028315444729987378,0.37462892767956507,0.008003555305754199,0.22763793225551834,0.21963437694976415,1.904908020965671,0.05374089151429182,,,,,,,0.19049080866136733,42,syn_diag,612,3,0.4576343595981598,,,False,fa5b7ba8465668271fa16010b0db25004c51cea9f6e1bbb2b8da7ca66c8c777c,1a647bc029f51a7d50f0446116b3051ef67e8fb52e1e5e7ab4194eb140ea65f1
0.66015625,0.41575390100479126,0.455018037863969,1.0944407750823655,0.002483581192791462,11.238866806030273,1095.4970703125,2250.4619140625,0.0009129785466939211,0.0891115814447403,1.0,0.0006420399295166135,0.018813036382198334,0.8859261274337769,0.0946187824010849,0.40930320315751423,0.999561041183507,0.0004394388111038171,0.9123984260488865,0.058392126778470894,1.9011066575535454,1.897935625156794,1.9020296502586602,0.19020297153300256,0.030766126102731318,0.4093032035745745,-0.0023573648627870703,-0.04619670705786636,-0.04383934219507929,1.9020296502586604,0.058392126889724304,,,,,,,0.19020297153300256,42,syn_diag,613,3,0.5925278663635254,,,False,b9577200c88013ab49b071dd841dff20d3486b6778f147c6ab0d5fd1d91fbee7,91f51ccd85daa850df705bcca14cdd667df02a424d6646433b3a1169d1954996
0.63671875,0.4147501587867737,0.4656562609032881,1.1227391452544826,0.0033154264092445374,10.617918014526367,1057.015625,3091.239990234375,0.0009461918380111456,0.09421171247959137,1.0,0.0006021925946697593,0.018638094887137413,0.8834891319274902,0.09727057814598083,0.16508645335706296,0.9998628922195666,0.0001374449621703194,0.9862790998903511,0.05192819921653808,1.899534578441046,1.897935625156794,1.9002475571969242,0.1900247625997949,0.027360358553900253,0.16508643989172886,-0.002886155039654329,0.005660343802011524,0.008546498841665853,1.9002475571969244,0.05192819934350244,,,,,,,0.1900247625997949,42,syn_diag,614,3,0.5787906050682068,,,False,cdca2c3edf1443daf12a1a72ae00795dd11f5dd7f525d8465d5ffc3e3415b063,6264eb7b0df466e9d35b6fe0e61b1f38d0be6dbf303f346902ef7500c05ae1fb
0.6484375,0.40928202867507935,0.4593113593756013,1.1222368260926856,0.0028024204075336456,12.90978717803955,1138.6033935546875,1727.0093994140625,0.0008785525569692254,0.07758929580450058,1.0,0.0006124226492829621,0.019125569611787796,0.9034695625305176,0.07679246366024017,0.604397243780276,0.999317322903201,0.0006830827356465478,0.796683106190652,0.05982194719973531,1.8985992160155467,1.897935625156794,1.8995769819481358,0.18995770586714847,0.031519481697258156,0.6043972434807445,0.007770793742845141,0.22014202689655635,0.2123712331537112,1.8995769819481358,0.05982194715984826,,,,,,,0.18995770586714847,42,syn_diag,615,3,0.5681107640266418,,,False,16fd762ac198d3727802495862688493d433dd30e47a46d55491f4fbd3935614,5fd92ef3d863f092f68769ad3f1e7cce888291bb797be9c67ec0cdda060e637e
0.6328125,0.40979498624801636,0.46406205460717553,1.132424946622347,0.003316314425319433,11.278242111206055,1131.43798828125,3468.603759765625,0.0008838324574753642,0.08869338035583496,1.0,0.0006076993886381388,0.018706772476434708,0.8901192545890808,0.09056630730628967,0.40952618433098603,0.9997580764533812,0.0002420689799001866,0.912298363648442,0.05254590514747478,1.9031849486376449,1.897935625156794,1.9037882068817595,0.1903788279415305,0.02768582055732587,0.4095261839202184,0.007418812630815254,0.3329140839199758,0.32549527128916056,1.9037882068817595,0.05254590514603823,,,,,,,0.1903788279415305,42,syn_diag,616,3,0.6410377025604248,,,False,a36ee2ec3bc971345caa707501aba3a0baa290aaecf876ca209ceeb92b98f9e8,ec030de884ed930596a99d452df0c051e6238fc7e3831501fabdca5c10fb4034
0.59765625,0.4536772668361664,0.4676848106330683,1.03087553310273,0.004519863985478878,7.592251777648926,933.8688354492188,2661.3349609375,0.001071567414328456,0.1317581832408905,1.0,0.0006758113740943372,0.019549380987882614,0.901669979095459,0.07810486853122711,0.17481673639209935,0.9997364862691851,0.0002646246947308451,0.9846009895619743,0.06295793291402865,1.8998859494406026,1.897935625156794,1.9009215216691278,0.1900921594430598,0.03317179575508223,0.1748167457594452,-0.0037662392461022824,-0.0780890763516589,-0.07432283710555662,1.9009215216691275,0.06295793292500777,,,,,,,0.1900921594430598,42,syn_diag,617,3,0.504291296005249,,,False,b900c989441cd31867c159af04093fccf489fd8f2b7dbcb56d553bb242808d76,d14183dba9867ba19407f0487c524cae81b0cdb9451f9f3aefccecb70921f637
0.6015625,0.4678739309310913,0.46377448356070056,0.9912381475845546,0.0046957856975495815,4.895862579345703,941.47216796875,2317.96044921875,0.0010621867841109633,0.2049766182899475,1.0,0.0006135408766567707,0.018048275262117386,0.8894067406654358,0.09193143993616104,0.32462329886004987,0.9996525453128621,0.0003479688264241978,0.945843387566766,0.053500660632222974,1.899193001340147,1.897935625156794,1.9001031465489389,0.19001032222434583,0.028188870013847248,0.32462330004159023,-0.0019201576935645726,-0.010429053455454142,-0.00850889576188957,1.9001031465489389,0.05350066085801965,,,,,,,0.19001032222434583,42,syn_diag,618,3,0.46631497144699097,,,False,58bc02fc0e2432a324ff8163f147747ea7527aea44f0a1f07b40851e655645c0,a8bda85ac457f79ebfb21ef1d3109e7d5b9b5b2b47d0185e59077c88a635d8b9
0.63671875,0.4102163314819336,0.4639983784815029,1.1311066156681584,0.008571797981858253,12.000085830688477,1197.002685546875,2223.9892578125,0.0008354387828148901,0.08371047675609589,1.0,0.0006318683736026287,0.019049204885959625,0.9043803215026855,0.07593859732151031,0.5480281100219783,0.999364523502642,0.00063594788023648,0.8364599157166126,0.05575924630460049,1.896673177575537,1.897935625156794,1.8976505676550024,0.18976506426505688,0.029378892289860816,0.5480281145771171,0.007923175908128046,0.32120412457203773,0.3132809486639097,1.8976505676550024,0.05575924647575882,,,,,,,0.18976506426505688,42,syn_diag,619,3,0.7016323804855347,,,False,26bdd6768775ffe96c9c6718963e651544104dd663d3e0e328bbdd63e61fa7ae,6fe0c89f1c140b6d0810d568688db8ee3c30a8ec248f4bcfc1377222ba16b2d4
0.640625,0.4171777069568634,0.4593652805352689,1.1011261089572761,0.00253616226837039,9.404592514038086,1158.418701171875,3492.5126953125,0.0008632527315057814,0.1063348650932312,1.0,0.0006387248868122697,0.01907259225845337,0.8936898112297058,0.08659885823726654,0.2875553926365339,0.99964816686927,0.00035252268921953894,0.9577640085829533,0.06378803905841647,1.8934135033321287,1.897935625156794,1.8945288726067164,0.1894528945289864,0.03360916893749394,0.2875553896547888,-0.0011376112834408346,-0.03856249377964189,-0.03742488249620105,1.8945288726067164,0.06378803908172276,,,,,,,0.1894528945289864,42,syn_diag,620,3,0.523684024810791,,,False,2a25eb136df6df46a67ffd4382b91c456257b25f706af555b0667a9228b2ed61,213f7f51c6f80e2ebe1c7ff9673a1753ea4d1ad90c6616a5b8a69485f55961b8
0.6484375,0.40470394492149353,0.45637919663927734,1.127686539291937,0.0037049667444080114,8.980504989624023,1239.5340576171875,3319.392822265625,0.0008067555027082562,0.11148498952388763,1.0,0.0005912912893109024,0.01863858290016651,0.8981446623802185,0.08262547850608826,0.6400137109157515,0.999492495350962,0.0005076904908456643,0.768363488085194,0.06784934457056833,1.8943061678577173,1.897935625156794,1.8957020189891993,0.18957020935898966,0.035749023133978715,0.6400137088352116,0.006659081453975854,0.213924320791536,0.20726523933756014,1.8957020189891993,0.06784934461043854,,,,,,,0.18957020935898966,42,syn_diag,621,3,0.6487396955490112,,,False,71d4abb69808e9a7ec3cb096a6e9731abacdb9e337c5f9f30108023d99605bcf,6760df17a1ab25adf3d35a54965f428033eb62961dd086a5c4fa685cbd9c24f1
0.64453125,0.40856412053108215,0.4597342210203253,1.1252437502419819,0.002794675761833787,9.681685447692871,978.1478271484375,1986.8280029296875,0.0010223565623164177,0.10328792780637741,1.0,0.0006130847614258528,0.0185883566737175,0.8977855443954468,0.08301294595003128,0.17100090804479384,0.9997268666309157,0.0002743833949749793,0.9852708710901091,0.06650531606381699,1.895930431302042,1.897935625156794,1.8971335079266978,0.18971335794311006,0.035040870292050996,0.1710009089901792,-0.0025335280413713427,-0.06338263822860939,-0.06084911018723804,1.8971335079266978,0.06650531601507677,,,,,,,0.18971335794311006,42,syn_diag,622,3,0.4474583864212036,,,False,d38ea0119f6660333d00c6383d85aaae03f683697434b8fdaae1f5c6a8b30975,267bcbf0401ee4d4a7de2d937fd52421bd8818b0636fc6a00bf15feae74dbc10
0.59375,0.4469397962093353,0.46978788717671743,1.0511212056321346,0.004838947206735611,8.115580558776855,1146.3834228515625,3141.895263671875,0.0008723230566829443,0.12337519973516464,1.0,0.0006698272190988064,0.019064774736762047,0.8877087831497192,0.09255661070346832,0.09419159532740104,0.9999111974313089,8.924751367975481e-05,0.9955540886026288,0.054655738760574266,1.8970253495713167,1.897935625156794,1.8980351540923652,0.18980352233922043,0.028797467119586945,0.09419158972027686,0.003263540035112216,0.1063123398956207,0.10304879986050848,1.8980351540923652,0.05465573875289053,,,,,,,0.18980352233922043,42,syn_diag,623,3,0.6063215136528015,,,False,ffe2e4de2c99b84154abf9339e2785b68caf9c743e2ad3a553255c3c883b4e43,8057c2808d068a661cdc01dc2c985700f143a1966a49e2cd8ed8a48860448652
0.62109375,0.4266158640384674,0.46666758066789327,1.093882401374338,0.0030775554478168488,9.185691833496094,1308.800048828125,3611.698974609375,0.0007640663534402847,0.10903429239988327,1.0,0.0006150330882519484,0.018227383494377136,0.8911949992179871,0.08996256440877914,0.536441743313367,0.9996164581320097,0.00038372415267403265,0.8439373531303698,0.06410446830695876,1.8913454368264055,1.897935625156794,1.8926506167606536,0.18926506886161695,0.03377589179381631,0.5364417409254636,0.011301312115176312,0.25637971398986037,0.24507840187468405,1.8926506167606536,0.06410446827759485,,,,,,,0.18926506886161695,42,syn_diag,624,3,0.7777690291404724,,,False,4efdbff7a30d8c4097f94c840b5ab0f1d0073dc0213d52464ad48483add615f1,33780f46a8dd2919db6a26572528f5d81fb266e13e232c98a738b95a87fbcadc
0.6875,0.3774515390396118,0.44420556555719426,1.1768545033249012,0.012617413885891438,14.174046516418457,1023.4509887695312,3078.403564453125,0.0009770874166861176,0.07074759900569916,1.0,0.0005663334159180522,0.01873089000582695,0.9144895076751709,0.0662132278084755,0.4515543024653739,0.999546476081042,0.00045392634382564515,0.8922436393157758,0.062317828581397346,1.8903539457286782,1.897935625156794,1.8913623956552488,0.18913624791102304,0.032834532296750714,0.45155429976620465,0.009082852655842617,0.25654293739427164,0.24746008473842904,1.891362395655249,0.06231782858287571,,,,,,,0.18913624791102304,42,syn_diag,625,3,0.580540120601654,,,False,133422fabe6b287a24d062d39ef0951c3bf5b00abb344adaef668a0b96af4178,8d922fd1db8b4ce090baea454b7d5715ecb1d64fb40fb4c084d06b524a3982a8
0.58203125,0.4681110680103302,0.47197016871394587,1.0082439757759096,0.003191359806805849,5.103128910064697,1077.735595703125,1839.0120849609375,0.0009278763318434358,0.19677002727985382,1.0,0.0006025205366313457,0.01804254576563835,0.8795403242111206,0.10181460529565811,0.3100017914839094,0.9996830838444581,0.00031739005456984774,0.9507359724125297,0.04811996753012733,1.8979342794921008,1.897935625156794,1.898430242101767,0.18984303140897912,0.025353845985227576,0.31000178528828387,0.0037635252817702918,0.2049809398669096,0.2012174145851393,1.898430242101767,0.04811996748059739,,,,,,,0.18984303140897912,42,syn_diag,626,3,0.5687230825424194,,,False,18487c5428052d1b4152c49e34da9d81d44c1185e37e8b5f8e7a8ac7a4496a5e,4e1160382bb133d7c7c43a32e85cacf46b47f52e192bc1a2d04c538952e35b17
0.5703125,0.49040117859840393,0.4709645294729476,0.9603658232473917,0.0017674155533313751,3.5276219844818115,1032.23681640625,3117.219970703125,0.0009687719866633415,0.283491849899292,1.0,0.0006871048244647682,0.01888776198029518,0.8946646451950073,0.08576051145792007,0.139985330833744,0.9998005178892475,0.00020048782108555453,0.9901535775408877,0.05708514036522148,1.8959296270020258,1.897935625156794,1.8967460546924768,0.1896746125200561,0.030077490305012545,0.1399853313398373,-0.0014905841141630409,-0.023393778439293345,-0.021903194325130305,1.896746054692477,0.057085140338213554,,,,,,,0.1896746125200561,42,syn_diag,627,3,0.5160315632820129,,,False,6d45c8ba75e0977e52484a2ab727e09b43ed2cef900bec47b7d4c260596fae79,6998cbcb686f3d350a3ed29508cd99ff2a67ba4599286469892a30dde5406533
0.609375,0.44005459547042847,0.4664326418849562,1.0599426309767237,0.002728038467466831,7.517143249511719,1178.681884765625,2954.607177734375,0.0008484087302349508,0.1335752010345459,1.0,0.0005888529121875763,0.01796366088092327,0.8798902034759521,0.10155729949474335,0.5387944890150109,0.99937081647642,0.0006296684726739741,0.8424372371815984,0.08404568412828221,1.8999799486608155,1.897935625156794,1.902428857540168,0.1902428927534406,0.04428268430932407,0.5387944872413912,0.014346176230313203,0.2885676580603284,0.2742214818300152,1.902428857540168,0.08404568413654057,,,,,,,0.1902428927534406,42,syn_diag,628,3,0.6481612920761108,,,False,df537339e63b5e62d48522d7bff87bff73bf2c78472195fab1d2b6bdb07765a9,43cf4771c55ac53a398ae53180fe34c6aa639a1cb3ffce8843a2814bb1feee4b
0.63671875,0.4042505621910095,0.4618780860720934,1.1425540136665033,0.003810930997133255,14.590210914611816,1208.6121826171875,2964.977294921875,0.0008278456516563892,0.068539097905159,1.0,0.000603632943239063,0.018834188580513,0.9097825884819031,0.07077959179878235,0.6770016241886694,0.9992785742243574,0.0007217338048992623,0.7359815220705289,0.06506019202348357,1.8979397292916358,1.897935625156794,1.899006764341712,0.18990068323814435,0.03427945140029418,0.677001625218868,0.011843237483998655,0.4110289938340009,0.3991857563500022,1.8990067643417121,0.0650601920559453,,,,,,,0.18990068323814435,42,syn_diag,629,3,0.6869953274726868,,,False,828e4d86074b8dac6ea7065253cbfe880006c97436d84daeb0cb90065e376b1e,e8f0b9da1077e500a7f01a9da94601ed1e53c333f20de6c2f65acad5385e87e8
0.6328125,0.4305063486099243,0.4628338334665356,1.075091748601356,0.0028083245269954205,10.197534561157227,996.4435424804688,2592.56640625,0.0010036085732281208,0.09826710820198059,1.0,0.000608811853453517,0.018922140821814537,0.8936467170715332,0.08682228624820709,0.05596553338107959,0.9999413408678294,5.921720083321438e-05,0.9984327013068502,0.0578275230176949,1.9012802637516395,1.897935625156794,1.9021035886690831,0.19021036662991628,0.030468643009368208,0.05596553575102453,-0.0064080631932673295,-0.32099963827347133,-0.314591575080204,1.9021035886690831,0.057827523049913634,,,,,,,0.19021036662991628,42,syn_diag,630,3,0.5729320049285889,,,False,2c9ac65ec711991ab9553963a7d17b943ad21922caccfb3a13086dbe6aecb2f4,475c3ea9662507fb73fd353abf0572011bb8373b483f9932f7c70643b390d372
0.5625,0.4896879196166992,0.4717559737875829,0.9633808206229867,0.0029471630696207285,2.972043037414551,959.236572265625,4274.72705078125,0.001042496063746512,0.3367617726325989,1.0,0.000641097140032798,0.018445804715156555,0.8855994939804077,0.09531359374523163,0.294469857002386,0.9997222150297964,0.00027819263932953416,0.9556607678862836,0.045672044733397546,1.8928026010281853,1.897935625156794,1.8933096808577328,0.18933097530210133,0.024064064201123985,0.29446987178776657,0.0032425052441025846,0.14941235672647693,0.14616985148237435,1.8933096808577328,0.04567204459822148,,,,,,,0.18933097530210133,42,syn_diag,631,3,0.49979519844055176,,,False,bfc25dac8b157b8038fa42cf0eb22b33173c971503b3095279730ce2e9b13a0a,9a2a97ed1b36c5a0b3c3efa6e2bd08ada60a4169f317212f7b403aefc456de73
0.64453125,0.40784019231796265,0.46088351335224137,1.1300590453717658,0.004487563855946064,12.866018295288086,1172.064697265625,3339.373046875,0.0008531969506293535,0.07773478329181671,1.0,0.0005794984754174948,0.017906948924064636,0.8839688301086426,0.09754475206136703,0.5651490046017797,0.9995285763738223,0.0004716607660297962,0.8249888499706096,0.062473045465289076,1.8966899080165016,1.897935625156794,1.8977124472851488,0.18977125178723014,0.03291631425069808,0.56514900438771,0.012018538524685677,0.29358482241196643,0.2815662838872808,1.8977124472851488,0.06247304548636601,,,,,,,0.18977125178723014,42,syn_diag,632,3,0.5751887559890747,,,False,477f4c79f6a3017e08982a6dc4ec4e76d3b9da9e76c11da7885e3a1a2537d976,da5871809c9312dd5730dc9c5de66cb804fc1dfc00b4bf7c4f821e992fda9fe1
0.625,0.433321088552475,0.46279597699841046,1.0680208917911984,0.004125312436372042,8.158907890319824,1132.534912109375,2115.155029296875,0.0008830359438434243,0.12257270514965057,1.0,0.0005814441246911883,0.01794060692191124,0.8842839002609253,0.09719403088092804,0.3889382035063033,0.99949284213346,0.0005078818400531972,0.921263845934279,0.06134514122222039,1.9030375438087825,1.897935625156794,1.9041776131007275,0.19041776785054773,0.032322034746104816,0.38893820538280366,0.005977209637245534,0.0725115161412068,0.06653430650396126,1.9041776131007275,0.06134514072706688,,,,,,,0.19041776785054773,42,syn_diag,633,3,0.5978853702545166,,,False,1d0f5ebf1e565d844ffeb5796af5779f9cefbdadae9b805a663d6a908c7b63c8,f09c6b5a0ca4062fc3449a584a92fb4197b3020cbb1916e13d97abc406dfa172
0.60546875,0.4415479600429535,0.4654489754901924,1.0541300691321445,0.004781908355653286,6.865222930908203,898.3106689453125,2378.228515625,0.0011148609919473529,0.1456909030675888,1.0,0.0006133624701760709,0.018961984664201736,0.8982559442520142,0.08216867595911026,0.32927503140122777,0.999593566015965,0.00040711573251916213,0.9442340566138265,0.06775592274977874,1.9019446772760034,1.897935625156794,1.9033944277810009,0.19033944875535955,0.035699800273334095,0.3292750283995439,-0.00010655957116761164,0.01723378624292526,0.017340345814092873,1.9033944277810007,0.06775592275320083,,,,,,,0.19033944875535955,42,syn_diag,634,3,0.3860155940055847,,,False,77f39dd833a0b734ab0a2f2ecd68416dbbb3e82bd9f9b485f8326115f7ce5e93,6eb9676743f3e5d2e618ef733d648993f14abcd2dfb8f407149b17673cc23991
0.63671875,0.4295154809951782,0.46049219626176463,1.0721200494341052,0.0030162488110363483,9.947164535522461,1068.5068359375,2974.250732421875,0.000935937452595681,0.10053116083145142,1.0,0.0006107542430981994,0.018592003732919693,0.9081921577453613,0.07260507345199585,0.6787517287144651,0.9990755385819502,0.0009249626347408241,0.734367817073354,0.07681003437760661,1.9000770306580403,1.897935625156794,1.9013237020813474,0.19013237760052484,0.040470305398909744,0.6787517316576755,0.01495759861465683,0.4054976963818851,0.39054009776722826,1.9013237020813474,0.07681003440899542,,,,,,,0.19013237760052484,42,syn_diag,635,3,0.4196954369544983,,,False,7aec0b38ddc89a25745deefe12e26caefa61f4c888439da2349e1a3c14e3b20f,610cd379b83098276efa38759e586640fb42e4a0677fea74051332741e4bbc11
0.62109375,0.45077037811279297,0.4611629354218811,1.0230550884312213,0.004563195165246725,5.4508819580078125,1059.099609375,2143.27001953125,0.0009442021837458014,0.18353889882564545,1.0,0.0005765041569247842,0.01846177875995636,0.8815038800239563,0.09945785254240036,0.0368670111731813,0.9999565692426186,4.414676941158003e-05,0.9993201806478845,0.05392841841671416,1.898164050269927,1.897935625156794,1.8989822139143944,0.1898982284779313,0.028414250568815032,0.036867016644231226,-0.01036799493448324,-0.28610667951100155,-0.2757386845765183,1.8989822139143944,0.05392841840072216,,,,,,,0.1898982284779313,42,syn_diag,636,3,0.5588381290435791,,,False,436e0bb9c3f9ad77313d0556697b9ab7cc6445e29ad1ca5ffd412e47ac5864e4,8ae171f354e55ca6f4cbc78b7153054a71b385a4a7de3b3bbb6599ed8addd9ab
0.61328125,0.451337993144989,0.45995777765580964,1.0190982831655073,0.0023981714621186256,5.3194580078125,1055.072021484375,2272.633544921875,0.0009478209540247917,0.18799804151058197,1.0,0.0006092627882026136,0.018920863047242165,0.8792989253997803,0.10117091238498688,0.4391776283710385,0.9995107150191678,0.0004897871577432307,0.8984002508408073,0.05856265994243499,1.8974225962838376,1.897935625156794,1.8983507626525868,0.18983508265158813,0.0308559780248427,0.4391776285977411,0.013808738954760785,0.37374288960950214,0.3599341506547413,1.8983507626525868,0.058562659880124115,,,,,,,0.18983508265158813,42,syn_diag,637,3,0.5265984535217285,,,False,cf0701bef5accf3b48d65f20974cb39d032863817307c90cfc656bccbbcc6257,704038a14970a9cd9ddb9d7c62925722a5b6ecd67a633a658c4dcb717bf1abfc
0.65625,0.401664137840271,0.4584175257106415,1.141295566448132,0.006104276515543461,11.771875381469727,1145.4647216796875,1794.7088623046875,0.0008730176487006247,0.0851331353187561,1.0,0.0005800728686153889,0.018818488344550133,0.9111289978027344,0.06947247684001923,0.5375287397612214,0.9994089647706772,0.0005914659452579905,0.843245429223532,0.058440339032965125,1.8978662343031751,1.897935625156794,1.8989078092940188,0.18989078921313846,0.030791528573634527,0.5375287398134828,0.00519699358553203,0.17364776812583152,0.1684507745402995,1.8989078092940186,0.058440339026233065,,,,,,,0.18989078921313846,42,syn_diag,638,3,0.7038615942001343,,,False,e4da47183e9a13d517d0de44ca75e34437861bef49fa1fa7f7f5a2f7a677cafd,9dc236495737fb9f9292c642ac1145a2f0c6fbfe648f174be655c766056e4961
0.58203125,0.4702504277229309,0.4678466938277171,0.9948883516402292,0.0016308934427797794,4.398006439208984,982.36474609375,1997.6651611328125,0.0010183400008827448,0.2277774214744568,1.0,0.0006187636172398925,0.018916087225079536,0.8861159682273865,0.0943492129445076,0.43496660338910553,0.9994063885828489,0.000594368850110657,0.9004465858149905,0.05356871432635575,1.8947096910275132,1.897935625156794,1.895412090850711,0.189541216499307,0.028224726706366585,0.4349666082206045,-0.00245333082164725,-0.11304450877937136,-0.11059117795772411,1.895412090850711,0.05356871413618285,,,,,,,0.189541216499307,42,syn_diag,639,3,0.4397125840187073,,,False,73477eff59b99327781c28f0a7a7b1f646c08c3fb86703b38a3cdefd0bafeeaa,1de6580987527bcc8e79c6e3f179bc581f814c6e0e3195863f619db9a47633c7
0.65234375,0.40340977907180786,0.4595410453938773,1.1391420795544955,0.00181801978033036,13.338203430175781,964.0388793945312,2597.16357421875,0.0010375718120485544,0.07497882843017578,1.0,0.0005793304299004376,0.018651997670531273,0.9005115628242493,0.08025713264942169,0.48103766903564615,0.9995962816425936,0.00040398951974598664,0.8766999263949924,0.05536096266776792,1.8944323056956889,1.897935625156794,1.8951807406852792,0.18951808097198342,0.029169041317281357,0.48103767259819036,0.006533341338786999,0.29227288224952436,0.28573954091073733,1.8951807406852792,0.05536096258796574,,,,,,,0.18951808097198342,42,syn_diag,640,3,0.5158214569091797,,,False,fee59e22fb90d094785ccb12fd9450c75debaf2c26a988adab4a9faba2c47b94,f356384fd9269c3f8e1410b6f3ea7e1d69a716b878be6a84f3dc2c7674dc03b9
0.59375,0.464478075504303,0.4700635466180601,1.012025231372594,0.0019114934839308262,6.68366813659668,1048.02587890625,1640.810302734375,0.0009541750187054276,0.15008243918418884,1.0,0.0006015367107465863,0.018346190452575684,0.8947423696517944,0.08630988001823425,-0.1322554092611643,1.0002174443358698,-0.00021613266133016122,0.9912156711259833,0.055464447289978194,1.8923918266570414,1.897935625156794,1.8931590264245903,0.18931590957967503,0.029223566149861848,-0.13225540927285495,-0.004153730658459168,-0.24433956522367753,-0.24018583456521836,1.8931590264245906,0.05546444733148446,,,,,,,0.18931590957967503,42,syn_diag,641,3,0.6385191082954407,,,False,498ebf7744af415312a0931b1091ea3bce251dc6e4d02bd7f35aef9a9a7d03f0,168079117a0005840234772ab922ba9a274c46a6e672b2099a98b3e8ef901be3
0.640625,0.43238162994384766,0.4627288274433374,1.0701861714873533,0.002980204299092293,10.182750701904297,1101.123046875,1772.5374755859375,0.0009081680327653885,0.09823057055473328,1.0,0.0006196736940182745,0.01946297287940979,0.9002500772476196,0.07966731488704681,0.43503802547470805,0.9994285955608344,0.0005721058935001294,0.9004120814173865,0.056542442386316664,1.9007344972301232,1.897935625156794,1.9014750133350458,0.19014750787993412,0.029791549110953504,0.43503802458489127,-0.008727901046280009,-0.12385105482070664,-0.11512315377442664,1.9014750133350458,0.05654244237038065,,,,,,,0.19014750787993412,42,syn_diag,642,3,0.5366603136062622,,,False,cf9b2b3baa55b2e5986ee7f933fce7c1adaeae9f54c9c932412d6f581a818a53,7865562d43cdd7dfbe4bc1fdc829e4dd92e691a540600841804a4447b7e7ab68
0.62109375,0.43384501338005066,0.4684705656870472,1.0798108516151803,0.0020283679477870464,11.35895824432373,1249.2337646484375,3478.458251953125,0.0008007101714611053,0.08823162317276001,1.0,0.0005820980295538902,0.0179363414645195,0.8917337656021118,0.0897478312253952,0.6755249223360579,0.9990852141962572,0.0009152852974510392,0.7373371544198085,0.07267027934875138,1.896336654620814,1.897935625156794,1.8977393808225884,0.1897739457137701,0.03828911707303538,0.6755249225626574,0.01068236813710096,0.21385819798049432,0.20317582984339336,1.8977393808225884,0.07267027931856083,,,,,,,0.1897739457137701,42,syn_diag,643,3,0.6140958070755005,,,False,bd6aebfbcfdca1a01097e5a3c4087d3a4b79e096454aa2ce05abeb6443ea1a13,0866c3ec28acca792b6847ac6e327936c173f06700653c225faeda9855708c50
0.62109375,0.4345453977584839,0.46221189422698467,1.063667790366522,0.004843560978770256,7.243999481201172,1152.977783203125,3610.362548828125,0.0008673194679431617,0.13912050426006317,1.0,0.0005780537030659616,0.0183945894241333,0.8924479484558105,0.08857935667037964,0.33744685788897016,0.9997809085162664,0.00021927861407316303,0.9413445798774817,0.049026661282682474,1.8985400023944803,1.897935625156794,1.8992451713104712,0.1899245234770246,0.02583157227927918,0.3374468493651732,0.0046384661110224264,0.1137973640967251,0.10915889798570268,1.8992451713104712,0.04902666120988597,,,,,,,0.1899245234770246,42,syn_diag,644,3,0.6003026962280273,,,False,d4a1145e85c4bf08e67957df29a33303b40997fa9d7cc1dc38cb460c10499215,cf53e882ffd51e4a298b43a644e2a89aa3cd3a9a2def936b39afa70848cace85
0.55859375,0.5012179017066956,0.47089745376471126,0.9395065064455147,0.002178067807108164,2.922628879547119,1041.671875,2576.74072265625,0.0009600018383935094,0.3459218144416809,1.0,0.0006275076302699745,0.018904924392700195,0.8850705623626709,0.0953969806432724,0.1627253519431956,0.9998913405664009,0.00010887736865265542,0.9866714041607816,0.042002720630018496,1.8971194014650554,1.897935625156794,1.8975761618509996,0.18975762257900766,0.02213074040723926,0.16272534282152357,0.0054807005509439856,0.3297253521092215,0.32424465155827753,1.8975761618509994,0.042002721199999704,,,,,,,0.18975762257900766,42,syn_diag,645,3,0.4901566505432129,,,False,071d436d3d18e97d3b0b682fd7a2ce08c64948090976969551cffdf02fa77247,224b6e129c1bcf6b286accf9ce41431c1a6e040b400e44cd8d526ee186fe05b2
0.58984375,0.47988641262054443,0.46468751621638205,0.9683280982759637,0.0028939407784491777,3.8642425537109375,1003.88427734375,1692.30908203125,0.000998738338239491,0.25881901383399963,1.0,0.0006149138207547367,0.019332673400640488,0.9019980430603027,0.07805439829826355,0.4601473248241271,0.9994352311596448,0.0005653641598993413,0.8878425758125758,0.04974834277256804,1.8952178553894194,1.897935625156794,1.8960776256736034,0.1896077689049999,0.026211817784089472,0.4601473249438019,-0.0029405529591845117,-0.09037364550286875,-0.08743309254368424,1.8960776256736034,0.04974834278364932,,,,,,,0.1896077689049999,42,syn_diag,646,3,0.49769437313079834,,,False,c7a31e6f2cecea6e016d020d9ada0e3e1d2d54abaf03ab94cd4a00a948698444,ba5b030e007669f692238b38819d17a895057173889b463a66b84270c870c08f
0.65625,0.41240715980529785,0.454698851786674,1.1025484194864066,0.0019941693171858788,8.705169677734375,1078.19287109375,1960.17431640625,0.000927631976082921,0.1149214506149292,1.0,0.0005751298740506172,0.018595267087221146,0.918350100517273,0.06247948855161667,0.45414531525489893,0.9994574034074698,0.0005431646129247866,0.8909276247820891,0.04934182725478495,1.9021745268860013,1.897935625156794,1.902845605799982,0.19028456714728287,0.025997629530075696,0.454145316227193,0.004034675064059332,0.1830032354408426,0.17896856037678327,1.9028456057999819,0.04934182731361628,,,,,,,0.19028456714728287,42,syn_diag,647,3,0.5334812998771667,,,False,357e884bac7e1b23965c71536249139bb0d2d937322f751c214abd359ddbe492,e2a093f4a7183b0a82c28e4ba0d1adab7cb460db14935475795eba030198b451
0.6328125,0.4257391691207886,0.4630493345824895,1.087636202325223,0.007345573045313358,9.651485443115234,1000.6051025390625,1850.0155029296875,0.0009995299624279141,0.1036110371351242,1.0,0.0006070354720577598,0.01906253769993782,0.9101930260658264,0.0701373964548111,0.5155297812895784,0.9993606822110905,0.0006398837336570638,0.8568716616718557,0.05392329317777209,1.8951680497345886,1.897935625156794,1.8957276813609845,0.18957277464974093,0.028411550140584413,0.5155297806078091,0.004040312341632639,0.2907580926511479,0.2867177803095152,1.8957276813609845,0.05392329318249922,,,,,,,0.18957277464974093,42,syn_diag,648,3,0.6181455850601196,,,False,bd5549c7312490e0e28f7af744e973787d26d7f382b5509ecca4e5737b66651c,66b17d0a4c3de787416659751f177204281b0f8a1195119993c7de297cc5dd73
0.6171875,0.4313967525959015,0.4673337450194554,1.0833038411530593,0.008004829287528992,12.447962760925293,951.2298583984375,2567.102783203125,0.0010533169843256474,0.08078260719776154,1.0,0.000609548413194716,0.018708597868680954,0.896578311920166,0.08410350978374481,0.3409487252117795,0.9996978627973447,0.0003024851091417718,0.9400818936336924,0.04584549447311524,1.9009335772739615,1.897935625156794,1.901539370382428,0.1901539437642462,0.024155452832760677,0.3409487337656585,0.0006993445593145504,0.025139764081616712,0.02444041952230216,1.901539370382428,0.04584549442456061,,,,,,,0.1901539437642462,42,syn_diag,649,3,0.4949665367603302,,,False,f10e57b62586fdfc292a09967d9aec736ba3a2f2fe9f718716d8774ae15fc3ef,a120d4c115940a04cf6dff1cc8329e6946bcf693fec0109788c5d73e988255af
0.63671875,0.43127667903900146,0.4628292683160623,1.0731609277128749,0.0050285616889595985,9.84378433227539,1124.120361328125,3151.31591796875,0.0008897463558241725,0.10243101418018341,1.0,0.0005848997388966382,0.018906110897660255,0.91120445728302,0.06930455565452576,0.6018849624340467,0.9993052493432112,0.0006951763284934314,0.7985828022049289,0.06973815913151596,1.8972127842389512,1.897935625156794,1.8986024634890493,0.18986025336350612,0.03674421735232349,0.6018849616817178,0.013295323223147255,0.3242226815851758,0.31092735836202856,1.8986024634890493,0.0697381591406427,-42.396151147283085,0.08775458679088279,2.1782123036265433,1248.0169677734375,0.4543682932853699,0.4558389484882355,0.18986025336350612,42,syn_diag,650,3,0.4710294008255005,,,False,5ee3721c6d8c25576f377ad6e750db7de53268e8df5e1ebb53b547eef1b7b49b,9db3253ee537e4d12fefbb43c1e4d2ab989f6a52b785cb6f3767f9c9c802f30a
0.64453125,0.4200853109359741,0.463915298487667,1.104335903620253,0.004961376078426838,12.649515151977539,1205.0150146484375,3036.8720703125,0.000829890719614923,0.07981843501329422,1.0,0.0005852074827998877,0.019387155771255493,0.9305793046951294,0.049448344856500626,0.6448912302062305,0.9993257016111726,0.0006746182081884232,0.7642743625056692,0.05945871717003129,1.8947120252858174,1.897935625156794,1.8956286138253553,0.1895628679244899,0.031328100058761424,0.6448912294502552,0.0039835170216012405,0.10136926595547537,0.09738574893387413,1.8956286138253555,0.05945871716481952,,,,,,,0.1895628679244899,42,syn_diag,651,3,0.7432903051376343,,,True,5725a296d1c3d4a1277a7a347ba667e39175fa4c55a88f927f344f605c8b30b7,c7b7d34f02edbb81501242782fdc83019ceb5a1104c47645c28d83e718d3bb43
0.56640625,0.4836355447769165,0.4712226772825592,0.9743343245078788,0.0011133663356304169,3.971066951751709,907.64208984375,1958.3140869140625,0.0011017874348908663,0.2519916296005249,1.0,0.0006535922293551266,0.0197615846991539,0.9303627610206604,0.04922206699848175,0.3668409265781798,0.999508621580151,0.0004921576528655768,0.9302836849877865,0.05275753441378868,1.896051908772674,1.897935625156794,1.896970961457647,0.18969710290203518,0.027797325533315927,0.36684092621157643,-0.004240581598311144,-0.124004144150856,-0.11976356255254486,1.8969709614576473,0.05275753442421462,,,,,,,0.18969710290203518,42,syn_diag,652,3,0.57197505235672,,,False,aca960300516e50574f5fb5da8d7cf8288bb0a779a04e2fac18c282b96e0bfce,2000ff9f1f5d6a26aae10bd6172da10ee9bc9e7c35fcaac0f2bc954d0f635820
0.6015625,0.4876682162284851,0.4605643361680267,0.9444214246955683,0.0014776962343603373,3.0258543491363525,957.2438354492188,1409.6170654296875,0.0010447455570101738,0.33048832416534424,1.0,0.0006224247044883668,0.019890785217285156,0.9283142685890198,0.051172517240047455,0.282390341499528,0.9995499866905315,0.0004511884519343426,0.9592995856354465,0.0670720695827933,1.8970013671191226,1.897935625156794,1.898281843005227,0.18982819182069652,0.03533948606777268,0.2823903413257321,-0.005846503311819878,-0.07020393916483288,-0.064357435853013,1.898281843005227,0.0670720695898948,,,,,,,0.18982819182069652,42,syn_diag,653,3,0.588416337966919,,,False,f8804edecb51bd4f5d53a0df2b16466a9ec42b5602fd3394a01833dd9ac17b4c,9f62de679425e7850a97645606f4c8d3f5fed8c27b9e71317160131d76d90e3d
0.58203125,0.4640229344367981,0.47285593339179977,1.0190356314226465,0.0017182977171614766,7.248684406280518,813.714599609375,2505.74755859375,0.0012296084314584732,0.13799816370010376,1.0,0.000617784564383328,0.019438881427049637,0.9248864054679871,0.05505694821476936,0.5913902214443038,0.9993270776738894,0.0006733440941803237,0.8063855194400159,0.07425970323595024,1.8968820267978632,1.897935625156794,1.8982177461263339,0.18982178208497377,0.03912656586009144,0.5913902207256787,0.004457903544223561,0.2741919299779294,0.26973402643370586,1.898217746126334,0.07425970323144356,,,,,,,0.18982178208497377,42,syn_diag,654,3,0.4555973410606384,,,False,2c296cb414715214ded741b1974d4179abe9aafa65dd7c10234a55ddda4143af,f8595c7e8a07d90d3a55e166b5428d464872916fecf7608ff0f764f8a665e7fa
0.62890625,0.43039387464523315,0.4661395691047545,1.083053454280352,0.000926083535887301,11.08431625366211,1020.27734375,2627.582275390625,0.0009801257401704788,0.09023435413837433,1.0,0.0005847880383953452,0.018904853612184525,0.9253416657447815,0.05516866594552994,0.18821477315435067,0.999798374121044,0.00020218251785919248,0.9821278934655608,0.044495262904791284,1.8968456066774495,1.897935625156794,1.8972607435749442,0.18972608065044375,0.023444031670511456,0.1882147719514034,-9.298107119820091e-05,0.06371689121395857,0.06380987228515678,1.8972607435749442,0.0444952629441318,,,,,,,0.18972608065044375,42,syn_diag,655,3,0.5564272403717041,,,False,db2a65c482417025a64091a592db2a330984f23ff337d55873336c1e18d71ade,4d8d710074e1222c0a33a61c606554ed6575cc030e137046ccf5172294242e2a
0.5859375,0.4729846119880676,0.46659816447597163,0.9864975729916535,0.0021615782752633095,4.75056266784668,1108.419921875,2018.89794921875,0.0009022029116749763,0.2106425166130066,1.0,0.0005917780799791217,0.01898781955242157,0.9202892184257507,0.06013121083378792,0.326122530858395,0.9997527675115802,0.00024748988056391854,0.9453275066464366,0.040485049455692534,1.9052022653678873,1.897935625156794,1.9057610714920947,0.19057611423489737,0.021331097282251927,0.3261225309428975,0.0030963737092689057,0.19366864213763196,0.19057226842836306,1.9057610714920945,0.040485049608580834,,,,,,,0.19057611423489737,42,syn_diag,656,3,0.6190601587295532,,,False,92a8b33b3bde5cf224921c40717524833f6c757d2659cb5de1ed68bd0a32affd,fc13bce8bd263fd37398581ac0b4e72e19db0aea3d0365ade095fe9249dbf20b
0.5625,0.4842701554298401,0.4699365490229703,0.9704016197422268,0.0014500680845230818,3.751192092895508,768.1092529296875,1846.9530029296875,0.0013019354082643986,0.26665449142456055,1.0,0.0006110707763582468,0.01919652707874775,0.9354069232940674,0.044785529375076294,0.3390684422890935,0.999632170914605,0.0003683515289167738,0.9407617080875041,0.04432986713940619,1.894975123084803,1.897935625156794,1.895422959601567,0.18954230241741835,0.02335688658340064,0.3390684426208794,0.006432237178390622,0.2391162323661234,0.23268399518773278,1.895422959601567,0.04432986708061604,,,,,,,0.18954230241741835,42,syn_diag,657,3,0.3799222707748413,,,False,ae84e3483f9d439cd9c3d79773ab4f5dafc6403ed909b790621e0ed4020af15b,4216905ef1faf38f836bc36417a28aa1c01eceb132d6c7016077fd35687f3c69
0.6328125,0.4415155053138733,0.46021097215053725,1.0423437667591493,0.005952412262558937,7.302061557769775,996.1829833984375,2418.563232421875,0.0010044088121503592,0.13694803416728973,1.0,0.0005883659468963742,0.019177505746483803,0.9297572374343872,0.050476860255002975,0.42842658753825535,0.9995565442439275,0.00044389418453596996,0.9035765928044489,0.0622558523718527,1.8973983256305402,1.897935625156794,1.8982462567550251,0.18982463241375266,0.03280187775951398,0.42842659039520503,-0.002951662377657276,-0.026774323816433625,-0.02382266143877635,1.898246256755025,0.0622558524052575,,,,,,,0.18982463241375266,42,syn_diag,658,3,0.620606005191803,,,False,204acf884341b2d245c1787502e0e6c95a81a30b96868da5efb0e65e8da12ba9,e088aa4e9860d961c77ec38166e8c2bb212384e62cc21c48435917bce548cec0
0.625,0.44823113083839417,0.4579377258650263,1.021655349875786,0.00269151758402586,5.387045860290527,1027.66552734375,2505.44970703125,0.0009734819759614766,0.1858389973640442,1.0,0.0006049582152627409,0.019360681995749474,0.9314483404159546,0.04858599603176117,0.44420835099778655,0.9994731443869073,0.0005274217003835433,0.895923512851316,0.06693224483971522,1.903347437304987,1.897935625156794,1.9044745439290813,0.19044746086003048,0.03526581405212333,0.4442083506222216,-0.00017137330017551146,-0.07934837855938563,-0.07917700525921012,1.904474543929081,0.06693224483743573,,,,,,,0.19044746086003048,42,syn_diag,659,3,0.510809600353241,,,False,9009ebd479e478f98d0e5cfe5336c1c781cdac66d01286df8a37410b577815a8,7bd2507ab2d7af5e104fcc7e1c5348259470ca2a364bc7206118ba9c19013d6b
0.625,0.4473080039024353,0.45991916336579836,1.0281934913743667,0.0031518484465777874,5.733202934265137,1063.81591796875,1944.96875,0.0009400123963132501,0.17442253232002258,1.0,0.0006159300683066249,0.02018114924430847,0.9361494779586792,0.04305346682667732,0.37701515888778014,0.999532130373581,0.00046853237860394476,0.9262070880422044,0.05875290218487345,1.9006568312478023,1.897935625156794,1.9015357427364294,0.19015358199814428,0.030956214429026668,0.3770151586997665,0.0016805716699164128,0.10297552206954606,0.10129495039962966,1.9015357427364294,0.058752902152319306,,,,,,,0.19015358199814428,42,syn_diag,660,3,0.599980890750885,,,False,ca2b737baf294cd4d11c9b167ef4a6ca920e093895ab1d3e61cf7d49a4474ccb,baaa254cbcd4a70776e3162d37015403db992bac81672142866ca971dbc01a51
0.59765625,0.4506192207336426,0.4688483484183513,1.0404534762023963,0.002801907015964389,6.404348850250244,1041.871826171875,1816.037841796875,0.0009617825271561742,0.15614449977874756,1.0,0.0005599206197075546,0.018162507563829422,0.9210447669029236,0.06023285165429115,0.4761946683158107,0.9994373569061274,0.000563184171896921,0.8793398875500884,0.04989725581738888,1.8955050004733731,1.897935625156794,1.8961024282823646,0.18961025043275617,0.026290278319234577,0.4761946684852902,0.011624566601245568,0.2160889046505406,0.20446433804929504,1.8961024282823649,0.04989725582846237,,,,,,,0.18961025043275617,42,syn_diag,661,3,0.5130614042282104,,,False,77ff2fe30c3bf52a44f375d1fad6c44a78373cf1db21faf304d9b520349858e9,f9ace68f30270f3fc77e4a74c0826ccda4863f033e15d6995fdc3f5e249b909f
0.63671875,0.42010247707366943,0.46315048547724086,1.1024702325864097,0.00369446724653244,11.371841430664062,1227.505615234375,2659.41455078125,0.0008148667402565479,0.08793649077415466,1.0,0.0005583302699960768,0.018672708421945572,0.9213745594024658,0.059394367039203644,0.2662870966921303,0.9997771321146414,0.0002231943162150985,0.9638937607904167,0.041678880496466654,1.8996243052324182,1.897935625156794,1.9002662724550952,0.1900266344856438,0.021960112842605753,0.2662870969821947,0.0018407410971622135,0.0721026108831927,0.07026186978603048,1.9002662724550954,0.04167888054460522,,,,,,,0.1900266344856438,42,syn_diag,662,3,0.6517850160598755,,,False,75c38c4941340a585162b0facd1922605520acd1723f73d2e560b5a02f93d82d,e3772852466868f3059aade5d74a3df723e444923042a1e14ddbe8b55a4d04b9
0.59765625,0.4674443304538727,0.46580867897868933,0.9965008850964935,0.0019736504182219505,3.8221426010131836,1015.4814453125,1691.5555419921875,0.0009853832889348269,0.2621464729309082,1.0,0.000592010619584471,0.01883186399936676,0.9122991561889648,0.06827700883150101,0.09141094129173419,0.999884804193526,0.00011599426558062509,0.9958132554712877,0.04978720916275503,1.8988549511225492,1.897935625156794,1.8993941746818408,0.18993942379481996,0.026232296028805367,0.09141094254371017,-0.003391854620890802,-0.13596403684371167,-0.13257218222282086,1.899394174681841,0.04978720916307969,,,,,,,0.18993942379481996,42,syn_diag,663,3,0.4858773350715637,,,False,313d94f9aca78713fef9ebda5c0886ee474a129958e6e18ee99ff0129e91a5e2,057637b649d4620fde6aae0f6d7e8d9456ab0fe13adcdcc0b06c2dfb4a6e362f
0.59765625,0.46600455045700073,0.46864137596947003,1.0056583522780373,0.0023654913529753685,5.080168724060059,1019.1822509765625,1915.6116943359375,0.0009811962954699993,0.19684383273124695,1.0,0.0005893519264645875,0.02007097192108631,0.9338471293449402,0.0441906675696373,0.41743238407550887,0.9995453917451873,0.0004550992261968024,0.9087079864817802,0.05643131092606531,1.895633163790775,1.897935625156794,1.8965492552407004,0.18965493282249996,0.02973299524917955,0.41743238414459516,0.0032234135668439278,0.03680444189546721,0.03358102832862328,1.8965492552407004,0.05643131095141527,,,,,,,0.18965493282249996,42,syn_diag,664,3,0.5550305843353271,,,False,d353a5b60e2bf2b880074d235bd3782c4eefa2e75626aedaba9fae0ecfbc562e,bca3ac3e42aaa82111b5aee11ec9854b0944817156d14a907d2601b9ab4db0e1
0.609375,0.48984241485595703,0.45920874397370365,0.9374622237549136,0.0021399694960564375,2.630863904953003,855.1140747070312,3001.425537109375,0.0011695395223796368,0.38031262159347534,1.0,0.0005508798058144748,0.018563929945230484,0.9159483909606934,0.06493678689002991,-0.04149843432171748,1.0000602311720241,-5.92149359460875e-05,0.9991385689248006,0.05585155007718353,1.8981252612434993,1.897935625156794,1.8989695761478678,0.18989696577831106,0.029427526064030776,-0.041498443516872235,-0.006406633310951255,-0.17727746791191148,-0.17087083460096023,1.8989695761478678,0.05585155005262789,,,,,,,0.18989696577831106,42,syn_diag,665,3,0.3863289952278137,,,False,af8d24d02dee57a04c79b216be32018c8b31a0184e8c714aa4400233c3554fa5,3605521fa14fd01df0e751a5bb6537d64f90923465cc6c6b2b41d766c87d76d6
0.65234375,0.41926202178001404,0.4545365857333336,1.0841348762234855,0.0013244303409010172,8.176198959350586,1080.111328125,2464.13818359375,0.0009258813806809485,0.12230953574180603,1.0,0.0005214259726926684,0.018709691241383553,0.9213727712631226,0.05939611420035362,0.4581289661841717,0.9994724854040272,0.0005280397041562952,0.8888857352411553,0.05681658855978912,1.8959465785073235,1.897935625156794,1.896602752667219,0.18966028208414382,0.029935993511405527,0.4581289666434913,0.006031431841468299,0.2150995827052312,0.2090681508637629,1.896602752667219,0.05681658860155508,,,,,,,0.18966028208414382,42,syn_diag,666,3,0.6015595197677612,,,False,aafbe6afb886860c56621474d0d748678d836a90fa4948d07f0639a83de8af6d,18225dfa7e6ec56d6d517b8079bd4dbccb32642af7ff13383c80b7a7f4f6ccc1
0.578125,0.493648499250412,0.4686677191529471,0.9493956238086136,0.0010541130322963,2.891502618789673,1079.9542236328125,2853.388671875,0.000925965141505003,0.3458775579929352,1.0,0.0006047957576811314,0.018837206065654755,0.909660816192627,0.07089722156524658,0.4021354211610705,0.9996127706022504,0.00038761897758065,0.9155802002107429,0.05651800608485685,1.897950944733248,1.897935625156794,1.8989161853602365,0.18989162484013045,0.029778673910585324,0.4021354210647899,0.011351199782891909,0.3482786442830824,0.3369274445001905,1.8989161853602368,0.05651800609250072,,,,,,,0.18989162484013045,42,syn_diag,667,3,0.627395510673523,,,False,98399156bccf337569ff229d8d496f2fddab994f8337f6ae7cb159810cc3cec2,93d35435a3fc7a42d59713d41e08c12b72bf6c4b85df313d2900aae3fa8172ac
0.62109375,0.43154656887054443,0.46089442067916075,1.0680062285774343,0.0028037410229444504,7.6435089111328125,1097.9794921875,1980.93017578125,0.0009109558304771781,0.13083192706108093,1.0,0.0005694833816960454,0.019219567999243736,0.9283254146575928,0.04844968765974045,0.32272123900392635,0.9995591862004145,0.00044165307570239826,0.9464940580178695,0.05489859012767734,1.8963121412703061,1.897935625156794,1.8971327418438737,0.1897132814354236,0.028925422653949644,0.3227212405752554,0.0015525885104938236,0.03901033536241467,0.037457746851920846,1.8971327418438737,0.05489859013319961,,,,,,,0.1897132814354236,42,syn_diag,668,3,0.5334039926528931,,,False,47792b2fa39d4a8c922a98609c1eb46f5c556e33d3b785c1adb9484ee0f7f113,8bb038f8b61c748d088bf0a9f88ea9f3c8d2355f541f5d19461c05ff97c1dea6
0.578125,0.49275505542755127,0.4634637888680413,0.9405561459975061,0.0016048757825046778,2.467653274536133,865.7134399414062,2077.439208984375,0.0011551659554243088,0.40692979097366333,1.0,0.0005941929994150996,0.019798386842012405,0.9313189387321472,0.04828845337033272,0.15483821389978036,0.9998752626232305,0.0001250557497798478,0.987939840004665,0.04076701301671892,1.897070133768659,1.897935625156794,1.8976800803514624,0.1897680147022604,0.021479660572433567,0.1548382117438663,0.0012009339430240874,0.09601272586519205,0.09481179192216796,1.8976800803514626,0.04076701296952722,,,,,,,0.1897680147022604,42,syn_diag,669,3,0.44686606526374817,,,False,2a12b89ef23ab799c0f813f172e5fdefd2d4b2f0b0930a39f35598eef8a47b99,e41fceedf693fa4a9799880a9c94e4ec0eaff2ba96ff4f330b36f96b58c5929e
0.63671875,0.4515019655227661,0.45907516808141774,1.0167733823798466,0.003742697648704052,5.122961044311523,865.5906372070312,2143.847900390625,0.0011553410440683365,0.19530260562896729,1.0,0.0005267778178676963,0.018476368859410286,0.9160659313201904,0.06493090093135834,0.64528966220062,0.9993064026420504,0.0006939350461031631,0.7639379895227985,0.05591474459025264,1.8944538176518855,1.897935625156794,1.8953283875789793,0.18953284548858362,0.02946082251109223,0.6452896616838611,0.009820283299456327,0.3068015112767577,0.29698122797730137,1.8953283875789793,0.05591474460336728,,,,,,,0.18953284548858362,42,syn_diag,670,3,0.35587531328201294,,,False,16048f9a572ad747313670073e8cc87349f47209fc2f3188066abff65b13b0df,a65e767492a21a949771dca3a90590e4bf627196dc782cc89d9a6e81848b144e
0.6328125,0.42852723598480225,0.45583669078976696,1.063728632762542,0.0016112918965518475,6.842546463012695,988.8043823242188,2633.2353515625,0.0010113847674801946,0.14656221866607666,1.0,0.0005705788498744369,0.019520239904522896,0.930915892124176,0.048993274569511414,0.28765756970314726,0.9995801712865631,0.00042081060496698886,0.9577333253929136,0.07546300343868727,1.896399026433365,1.897935625156794,1.8981857855948319,0.1898185860684828,0.039760570610719886,0.2876575702433202,-0.0020626735820305432,-0.027707105664868337,-0.025644432082837794,1.8981857855948319,0.07546300343636309,,,,,,,0.1898185860684828,42,syn_diag,671,3,0.5997379422187805,,,False,82fb1af8f6de0611a50c66ee8bdc58aece5b7b3eec6d3acb08e2bd4d42dfef6a,cc04617c6ff2abb7e3214d06f9fda4c07315044dc19f9c4a795fc0a1d8dfadf6
0.61328125,0.44617125391960144,0.46601177187830706,1.0444683556178358,0.0033714906312525272,6.446619987487793,1132.087646484375,1647.1014404296875,0.0008833246538415551,0.15561971068382263,1.0,0.0005557115655392408,0.019102811813354492,0.9292433857917786,0.0510980598628521,0.7935700072524426,0.9990408912072689,0.0009593796175001098,0.608478959025995,0.06171035885618429,1.8954091750780175,1.897935625156794,1.8963347069394119,0.18963347850361997,0.032514463629952514,0.7935700073409264,0.018005718578699884,0.5146243863229796,0.4966186677442797,1.896334706939412,0.06171035885284698,,,,,,,0.18963347850361997,42,syn_diag,672,3,0.6384080648422241,,,False,b553eaf8e05496e0545051d8c19a1a9cdb8bd24e128f22e03ddfdaea02145b10,59c84845c025eae60d3e0c3372ea5da6ee0ad82e5e0d746f8180c23219772470
0.57421875,0.47799819707870483,0.4692745505037437,0.9817496520396052,0.002904515713453293,3.40458083152771,871.6248779296875,3115.62255859375,0.0011472858022898436,0.2941000461578369,1.0,0.0006347179296426475,0.019472645595669746,0.9307838678359985,0.049108780920505524,0.36513948312417777,0.9996322072447965,0.00036823362921010864,0.9309528225625141,0.06492850455442581,1.8970018517835903,1.897935625156794,1.8978938786587392,0.1897893947594708,0.03421006681879827,0.36513948271818747,0.002440715344697444,0.08582217693416597,0.08338146158946852,1.8978938786587394,0.06492850455777051,,,,,,,0.1897893947594708,42,syn_diag,673,3,0.6293282508850098,,,False,a6524b0c3cb112e035fa444c20a88b7b11051fc0140103f676806163b6c32ecf,bfc020787871fcb6a0c95b31edf3d503f209d0902b928015ddf3c6d025ac4345
0.54296875,0.5073678493499756,0.4706677035620954,0.9276655119280045,0.0016952550504356623,2.2568047046661377,1125.86865234375,1698.7801513671875,0.0008884634589776397,0.4448874592781067,1.0,0.0005963987787254155,0.01885097101330757,0.9204865097999573,0.060066089034080505,0.537385473923155,0.9993518599940603,0.0006486584644971085,0.843336737247944,0.05834844766491361,1.895882021865198,1.897935625156794,1.8967581982084465,0.18967582742047706,0.030743112090570787,0.5373854747519675,0.0031719697871186803,0.12222432573650194,0.11905235594938325,1.8967581982084467,0.0583484476402832,,,,,,,0.18967582742047706,42,syn_diag,674,3,0.619799017906189,,,False,8a89c50dc278841c377757f990063ce91cfeb6063ee474f946b675230e8bd925,5d26d1dbae85b0d9e893c68a16c8b2f6f327360e54bbb532597015ca12343f27
0.58984375,0.4659791886806488,0.4689295767617984,1.0063315652988034,0.001938187750056386,4.883303642272949,1238.5206298828125,2602.175048828125,0.0008076546946540475,0.20479688048362732,1.0,0.0005860790843144059,0.01918008364737034,0.9296313524246216,0.05060245469212532,0.5080454814448997,0.9990629510999656,0.0009383154120749185,0.861330243728192,0.06578965626365665,1.901023208232668,1.897935625156794,1.9020707947334312,0.19020708618289334,0.034663797544865045,0.5080454781162755,-0.009517793688645762,-0.30429540112321246,-0.2947776074345667,1.9020707947334312,0.0657896562684327,,,,,,,0.19020708618289334,42,syn_diag,675,3,0.7072876691818237,,,False,360791c92c443b75b59a97900d1e2ac0f8cd35675a5deaa44965a48ff42793f0,82866797e92a521d54c7f7abb2b8a1057851c1934839a7d34b45b9e41edd7a16
0.54296875,0.5112485885620117,0.47279468048582957,0.9247842414101952,0.0011344265658408403,2.2013251781463623,921.3006591796875,1759.087158203125,0.001085768104530871,0.45563530921936035,1.0,0.0006241949740797281,0.019742248579859734,0.922116756439209,0.05751686543226242,0.14720223581691344,0.9998104734864881,0.00019034458406433296,0.9891064157774477,0.05096449586751203,1.897452659449983,1.897935625156794,1.8980566631124633,0.1898056736615539,0.026852594572734704,0.14720223595250012,-0.004399387363406762,-0.07635678707586961,-0.07195739971246284,1.8980566631124633,0.05096449586791121,,,,,,,0.1898056736615539,42,syn_diag,676,3,0.5896520018577576,,,False,679e989ea60c676bc2c3a789e2f9424559f44b4d4a6d557e34e62eb3f386fa50,4167ffb1c1fdef916aff6fc92556fbeec61807694c4e1da849dc478793586e99
0.625,0.44753000140190125,0.46121082460526414,1.030569626095398,0.0019630694296211004,7.77375602722168,1121.4415283203125,2448.3935546875,0.000891774776391685,0.12863805890083313,1.0,0.0005742046632803977,0.019207408651709557,0.9346833825111389,0.045535001903772354,0.7254635009205574,0.9991237117725486,0.0008766343760032334,0.6882606401781306,0.06926481160493062,1.8984302366641503,1.897935625156794,1.8998739662362902,0.18998740485533136,0.03649481609744901,0.725463499494525,0.015092075421167342,0.30585714747423753,0.2907650720530702,1.8998739662362902,0.06926481158606931,,,,,,,0.18998740485533136,42,syn_diag,677,3,0.5148546099662781,,,False,748b9b0c7e069f8aeef8b2964579cef98f10aaa8de54644206e9da4611fcca45,d95fc352c7ed5e5dee937fc3197ad38eab532a3d5add899bc0e31494d93878a2
0.5859375,0.4605098366737366,0.4698427590651223,1.020266522603759,0.001270880689844489,5.046972274780273,969.995361328125,2211.1748046875,0.001030938234180212,0.19816118478775024,1.0,0.000539423490408808,0.017898056656122208,0.9190464019775391,0.06251611560583115,0.4798448439532778,0.9995382292272981,0.000462127915978967,0.877353364212482,0.042184570501999835,1.9000795901547036,1.897935625156794,1.9003489219739447,0.19003489908550236,0.02222655496995195,0.47984484360138935,-0.0019053015611093667,-0.0530060962367305,-0.05110079467562113,1.9003489219739447,0.042184570551417576,,,,,,,0.19003489908550236,42,syn_diag,678,3,0.5943230390548706,,,False,ad839ab62cb9d5062de454fe5a67a59c0b7f9af768cb1330fcfb60c0283af136,d48d0c0cf567f35d8f8b0c9eb37de6f418b48a33cecac90a124e65d25776f1d6
0.57421875,0.48816442489624023,0.47196236446651874,0.9668102343956769,0.0019526603864505887,4.6112260818481445,697.3170166015625,1746.8255615234375,0.0014341343194246292,0.21765944361686707,1.0,0.0005684294155798852,0.018233925104141235,0.9186237454414368,0.05872698873281479,0.73457301646102,0.9986094570114109,0.001391370030464104,0.6785296481905767,0.06706342209398128,1.8942770570249168,1.897935625156794,1.8956886082419686,0.18956886784062058,0.03533492980743519,0.7345730159574382,0.0008601719728334124,0.061591590812645015,0.060731418839811604,1.8956886082419684,0.06706342214362336,,,,,,,0.18956886784062058,42,syn_diag,679,3,0.43827152252197266,,,False,806ee52710c6c7a4cc0f5ed2e7e93ce8763599cd50f24095a284aa2988c60125,19c963d0195c236a09757383f29e0a405e1107b198d49576f907366a3cc40b16
0.6328125,0.4129597246646881,0.46695180495610195,1.130744215997885,0.0020656706765294075,17.339195251464844,883.9780883789062,1850.7625732421875,0.00113192992284894,0.057969629764556885,1.0,0.0005635687848553061,0.01914031431078911,0.9268945455551147,0.05340161919593811,0.40667455294297294,0.9991347039186772,0.0008671952904853118,0.9135730994076691,0.061147586674812085,1.9011724304793336,1.897935625156794,1.9021247922617264,0.19021248628950274,0.032217945574275354,0.4066745529050969,-0.0009878480815644192,-0.014985344756313204,-0.013997496674748785,1.9021247922617264,0.061147586618389586,,,,,,,0.19021248628950274,42,syn_diag,680,3,0.4017847180366516,,,False,d5a53bccd308585857b2af29bff576bba91e53f5a91ae6bc7c2fbcf691ad297c,1d0a891279e6117f9debb6aae8282b5bc7dac930c9485836f63ea8a7f4b86041
0.59375,0.48394832015037537,0.46299553878759153,0.9567044923995793,0.0012637311592698097,2.7227272987365723,1140.247802734375,2069.712646484375,0.0008776839822530746,0.36740821599960327,1.0,0.00058041448937729,0.018710684031248093,0.9231632947921753,0.05515596270561218,0.14579160459969123,0.9998551884966351,0.0001452976357126784,0.9893153228298617,0.046283034116809715,1.9019900445644247,1.897935625156794,1.902547172348677,0.19025472358574191,0.024385987334508117,0.1457916042370976,0.0024029533579157294,0.08011584215790717,0.07771288879999144,1.9025471723486773,0.04628303412001728,,,,,,,0.19025472358574191,42,syn_diag,681,3,0.6059669852256775,,,False,d0fc3ffb1eda3e5a15f8a76fe8ff5562dd6aab66c1c4e36f9150e872efbc6032,39160a7c5242db311d2f0b03afbb4fc8664ba9c9f63fe2e77347d4b3f08d9238
0.55078125,0.5143883228302002,0.4682971484561095,0.9103961154527118,0.0014998598489910364,2.146794319152832,728.51513671875,1932.269775390625,0.001372904283925891,0.46583497524261475,1.0,0.000601712497882545,0.019197771325707436,0.9132577180862427,0.06369413435459137,0.631148464416798,0.9990925766108512,0.0009080466397778206,0.7756620500186538,0.047793099483035624,1.9016683830387109,1.897935625156794,1.9023100753814335,0.1902310145522743,0.02518162304849624,0.631148464294584,0.006138920291104987,0.23424500561251896,0.22810608532141396,1.9023100753814333,0.0477930995026124,,,,,,,0.1902310145522743,42,syn_diag,682,3,0.3556039333343506,,,False,0bac8b92a2db83c4f568caed4b836d01f6a53f335b46458b6036b124a89288c2,dc3947c22c1aef8fcf5412c1986999a95702e0073a40d8455ea858ce899db0e1
0.5625,0.4960349202156067,0.46851988163511094,0.944530007002577,0.0007779971929267049,3.3999123573303223,1202.106201171875,3381.60107421875,0.0008318739128299057,0.29418379068374634,1.0,0.0005385595723055303,0.018218444660305977,0.9108166694641113,0.0704263225197792,0.30673521442304064,0.9997108923303308,0.0002895113021909956,0.9517948876688351,0.044935336428896584,1.8988129459900889,1.897935625156794,1.899436744668429,0.18994368138176895,0.023675901244100767,0.3067352154401967,0.0023568324093759595,0.19155433304049008,0.18919750063111412,1.899436744668429,0.04493533645777493,,,,,,,0.18994368138176895,42,syn_diag,683,3,0.583309531211853,,,False,78e97fa91642a6d11250adbaa5d8119a03c8eb799925b3091682d432f8d3af68,73a203582aab4874904b672bec7b78c0c3e6b7447c52d679a71533bbfd791059
0.58203125,0.4686114192008972,0.46846589263867583,0.999689460444643,0.003137418767437339,4.350458145141602,1070.6580810546875,2973.71630859375,0.0009340059477835894,0.23019331693649292,1.0,0.0006013363017700613,0.019610628485679626,0.9181919097900391,0.061596110463142395,0.2506227819232424,0.999604241543874,0.00039693434217441076,0.968084821255823,0.05334632924310889,1.8997970141240708,1.897935625156794,1.900588720567669,0.19005887856192794,0.028107554616702918,0.2506227817350551,0.0005980677405574167,-0.01393266286215572,-0.014530730602713137,1.9005887205676693,0.053346329248056226,,,,,,,0.19005887856192794,42,syn_diag,684,3,0.5403268337249756,,,False,c4c42c82fc99f7456ab81e100445db3170e1e6d3814b544a4e5a763633dc8ef7,8eda5e901417a8546877d005601421f9c82f0ce10af0e55918e52a6e618969a5
0.5703125,0.4897831678390503,0.46701865324155445,0.9535212466397086,0.0015582519117742777,3.372924327850342,1082.203857421875,1652.5150146484375,0.0009240463841706514,0.2966427206993103,1.0,0.0005834193434566259,0.01937296614050865,0.9221276044845581,0.05791596323251724,0.3203238877834836,0.9995654852085465,0.00043534393121524465,0.9473080844591832,0.05350037780739214,1.8984848157262875,1.897935625156794,1.899238124704961,0.18992381955972593,0.028188720996764116,0.3203238884374336,-0.00100051031366359,0.10965475833665735,0.11065526865032094,1.8992381247049612,0.05350037782425363,,,,,,,0.18992381955972593,42,syn_diag,685,3,0.5636975765228271,,,False,6b6490f261c86bbbcee8583f0f3938a5538dcc13a74403f372eabe1db463f685,6ecb9b88c22c01bd0ea2cce43a2421fff011f33ac551d8ad26cb5cd6914b2bdb
0.60546875,0.47121304273605347,0.4584669315063111,0.9729504034932935,0.0015888001071289182,3.823817253112793,780.809326171875,1508.43994140625,0.001282521290704608,0.2615407109260559,1.0,0.0005655722925439477,0.018987203016877174,0.9306431412696838,0.04980407655239105,0.31093176945834333,0.9992957469052997,0.0007065871982246648,0.9504322357293402,0.06445123605058588,1.902130941115009,1.897935625156794,1.9032603413572842,0.19032604183965038,0.033958599647038824,0.310931770103678,-8.796629480358933e-05,0.09261475356481359,0.09270271985961719,1.9032603413572842,0.06445123608902989,,,,,,,0.19032604183965038,42,syn_diag,686,3,0.42124226689338684,,,False,8201b9217d6de48df32e6624a9e2ef92b43750143df97fbafffc526f7d71a590,800b99f659a857ca5008690b65e9c4ddae0e3129d00c469eb238cf128b3a9715
0.546875,0.4903342127799988,0.4752545085097024,0.9692461336191687,0.0017067419830709696,3.4493179321289062,1289.18359375,2700.77001953125,0.0007757009589113295,0.29007822275161743,1.0,0.0005866836290806532,0.018501516431570053,0.9122791886329651,0.06863261759281158,0.6618697401852542,0.9995741095074792,0.0004260069384437111,0.7496188678264386,0.04370851287487016,1.8981289108375685,1.897935625156794,1.8986375207161716,0.1898637584746682,0.02302950231583131,0.6618697404697149,0.00933643042112802,0.3793322440570517,0.36999581363592365,1.8986375207161716,0.043708512879337726,,,,,,,0.1898637584746682,42,syn_diag,687,3,0.6852953433990479,,,False,892e6ed0c14fbab8412753132d0f693ecec3bdadb04bc47c890ccc160f11a3a7,a43d609abc753b28b055128a8c78f9b0aa299160915fb131284561f1ba081bab
0.625,0.4472779333591461,0.4621073936147977,1.0331549130028883,0.0008450374007225037,6.154424667358398,1147.1124267578125,2050.299072265625,0.0008717915043234825,0.16298475861549377,1.0,0.0005681444890797138,0.01904081553220749,0.9242057800292969,0.056185282766819,0.07639857105507429,0.9999506944545145,4.951435045964445e-05,0.9970773582284068,0.040574423063803745,1.9027490786922496,1.897935625156794,1.9031556313278424,0.19031557116593426,0.021378187187160468,0.07639857081371633,0.00603817584259719,0.05534898949408062,0.04931081365148343,1.9031556313278424,0.04057442306203182,,,,,,,0.19031557116593426,42,syn_diag,688,3,0.695911705493927,,,False,d3a6bf9438a75970ced40f2fa0b28f21d88282100ae29e17b084e64ca11426a3,c5379be06934ee08a55ee0d9cedd54c3468a98dda7fca85319d3a5fb7f684b76
0.6015625,0.4696991741657257,0.46792345193901685,0.9962194377936181,0.0008002875838428736,4.5929670333862305,1250.277587890625,3077.607421875,0.0007999315857887268,0.21778835356235504,1.0,0.0005536703392863274,0.018949884921312332,0.9176958799362183,0.06280053406953812,0.6704480370502617,0.999344138732657,0.000656125055219864,0.7419564876695098,0.0535103942731861,1.8955748385662146,1.897935625156794,1.8964067314069677,0.1896406797406907,0.02819399855500223,0.6704480371771918,0.012422357984019331,0.477355200149053,0.4649328421650337,1.8964067314069677,0.053510394282466435,,,,,,,0.1896406797406907,42,syn_diag,689,3,0.7344934344291687,,,False,1ff3bc2a3e462c8a52aaa5b3ee096b591203e93030311d57ce13d1a6eeda4fdb,870d67ef96fc9a2ab382cd7d8f608ea009942fee8ea3f77f364f333355984635
0.5703125,0.4900067448616028,0.4671273874745009,0.9533080370818412,0.0005712764104828238,2.918043613433838,1091.571044921875,2631.4208984375,0.0009161136113107204,0.3435214161872864,1.0,0.0005965055897831917,0.01879577711224556,0.9238258600234985,0.05678185075521469,0.5809746196323042,0.9994140452141671,0.0005862923092492525,0.8139216739469434,0.058872670087108406,1.8965308392200027,1.897935625156794,1.8974149386044643,0.1897415016296947,0.031019318730693902,0.5809746185749913,0.011919544747245527,0.28642352279073274,0.2745039780434872,1.8974149386044643,0.05887267009029518,,,,,,,0.1897415016296947,42,syn_diag,690,3,0.5429835319519043,,,False,8d911aaa7aa93b509a79928a40d3dd02105f2fd50b28a54d9d0bfab4242abf5c,4a08296425d8ab77cbd415b694805d1e266ef67c6e0f47436a38c97c2c9f99f0
0.58203125,0.4819011390209198,0.46558025437320705,0.9661322226217098,0.0006146349478513002,3.7327022552490234,973.980224609375,1954.3743896484375,0.0010267964098602533,0.26812928915023804,1.0,0.0005421559326350689,0.01868228241801262,0.9201270341873169,0.060648515820503235,0.12054369625189555,0.9998046507327901,0.0001966610009035709,0.9927080221631212,0.07322796900774901,1.899244845234754,1.897935625156794,1.9005574956093987,0.1900557567565646,0.03858295720733987,0.12054369647165639,-0.0005935984380403373,-0.13826769097374791,-0.1376740925357076,1.900557495609399,0.07322796901725126,,,,,,,0.1900557567565646,42,syn_diag,691,3,0.5514875054359436,,,False,38f104cf4e279ca42f78e8e786418e0d7cb31b5d0ee64972e5a1b79972c4f5b5,7e268022d30ad7feb2dc0a46950847b423c7e1ae48a8e75f317e389aa1a6a7c8
0.6015625,0.46566593647003174,0.46590370878693255,1.0005106239024115,0.0011041543912142515,6.133994102478027,1040.07568359375,1818.313232421875,0.0009624602971598506,0.16328555345535278,1.0,0.0005852993344888091,0.019515283405780792,0.9102879762649536,0.06961148977279663,0.1610348736779755,0.9997835153647676,0.00021737224422484314,0.9869487167176482,0.06739652777679445,1.8949881804471571,1.897935625156794,1.8962499395465768,0.18962500101498694,0.03551043928120118,0.16103487266289263,0.002639997745259925,0.017232412134944065,0.01459241438968414,1.8962499395465768,0.06739652759058683,,,,,,,0.18962500101498694,42,syn_diag,692,3,0.373981237411499,,,False,db60dd761510c26edf54452de768f68460f75aa705822f4d138041526c863adf,906ae8d28e70d5531c196219cebc77f11821dd7c980e615537fa3c50b4498cdf
0.61328125,0.4478287398815155,0.46508619848308913,1.0385358286204036,0.002699085511267185,6.227179050445557,1287.3302001953125,3100.91064453125,0.0007772165699861944,0.16060903668403625,1.0,0.0005784463137388229,0.018533281981945038,0.9329288601875305,0.04795938357710838,0.341087415062142,0.9997444057373712,0.0002558429085318555,0.940031582044524,0.03919043727727473,1.9025419440381908,1.897935625156794,1.9030336185978123,0.1903033681609559,0.02064898132359808,0.3410874140409713,0.0022519587189018453,0.09374321152335077,0.09149125280444893,1.9030336185978125,0.03919043727543901,,,,,,,0.1903033681609559,42,syn_diag,693,3,0.781032919883728,,,False,88f81ef98fb109562b510741ebfe01e3c7411646986610554cf5578ce24e9a06,42166882e0c4177e2fa6108185f1fcb968b113545ae33aaa8c0d817d8c3878bb
0.625,0.4402077794075012,0.45985438041095805,1.0446302579102096,0.003739742562174797,6.710405349731445,1107.782470703125,2394.106689453125,0.0009027396445162594,0.14913514256477356,1.0,0.000544686452485621,0.018671095371246338,0.9311015009880066,0.04968272149562836,0.3742837046247056,0.9996677492411692,0.0003325903729589018,0.9273142446992659,0.056879932604602355,1.9023349283209086,1.897935625156794,1.903101959817493,0.19031020293772352,0.029969368744987526,0.37428370532374156,-0.003237286889657472,-0.07908525751073302,-0.07584797062107554,1.9031019598174932,0.05687993261003927,,,,,,,0.19031020293772352,42,syn_diag,694,3,0.5636236667633057,,,False,0cdbabcc443231c7f5175b2e5f097e169f626696d0ae3bffab5a1a3cb8da856a,95430cea8aac94d389910f7f831f0e79c7294f3756576b97c86220bfbab90bef
0.51953125,0.5273810625076294,0.4710258994754263,0.8931415615156258,0.0008246474899351597,1.6745178699493408,755.8048095703125,2646.65087890625,0.001326361671090126,0.599827229976654,1.0,0.0006165072554722428,0.019078150391578674,0.9127001762390137,0.067605160176754,0.5261419977575593,0.9993716440059276,0.0006288728935037755,0.8503967298706275,0.06878312241016521,1.8924073807079378,1.897935625156794,1.8934708356316836,0.1893470911843396,0.036241019715537816,0.526141997320334,0.0055092999758689235,0.18887104347987912,0.1833617435040102,1.8934708356316836,0.06878312235624258,,,,,,,0.1893470911843396,42,syn_diag,695,3,0.4121968746185303,,,False,8392989b8541fe39733e41a41139b46b1f207e9e72d27eb5c699e68494ff7605,831ab210fcfce1a96876b73952859b86a4daf690cf04a8ffdb44c7e4c3911f43
0.52734375,0.5204416513442993,0.47438541659412076,0.9115054064971846,0.0006910454831086099,1.5096646547317505,808.2818603515625,2119.12451171875,0.0012385178124532104,0.6626510620117188,1.0,0.0005925584118813276,0.018910661339759827,0.9098477959632874,0.07064899802207947,0.49380200809078717,0.9995625165924836,0.0004377806980276722,0.869574365289477,0.04097318357869622,1.9008712754801496,1.897935625156794,1.9013714777368615,0.19013715522016456,0.02158828942119136,0.4938020083557742,0.0020588183911077512,0.22092317228569236,0.2188643538945846,1.9013714777368615,0.04097318352354571,,,,,,,0.19013715522016456,42,syn_diag,696,3,0.36919739842414856,,,False,6240fb49e3abbd45f5e413e4b540a840154f67c7b587f631d3f8272f388a4f0d,54160b28d3b2a040de92e156cec3a8fcaff02acdd985ef289a95484c0cdcb184
0.5625,0.4950299859046936,0.46935862368735787,0.9481418397832035,0.0015314139891415834,2.944375991821289,1243.704833984375,2428.187255859375,0.0008055943762883544,0.3401372730731964,1.0,0.000614855729509145,0.019626732915639877,0.9271246790885925,0.052633702754974365,0.31923964657120174,0.9996980053646286,0.0003023976700673866,0.9476740199152333,0.05161929554172725,1.898054634476392,1.897935625156794,1.8987145958522063,0.18987146695841442,0.027197600834030198,0.31923964458389564,0.0008542163178263428,-0.013457259076788242,-0.014311475394614585,1.8987145958522063,0.05161929548275406,,,,,,,0.18987146695841442,42,syn_diag,697,3,0.6570759415626526,,,False,35b179aafae1e364506a4371802376f48f9ed5b29c27e1d38df44d578c505fef,3569f8849830fb4b55a39fe585c55bd5874ed7bde8dcfb9a615e68dbaa41a7e1
0.60546875,0.4599592685699463,0.46499896852496997,1.0109568134040974,0.002485169330611825,5.068634033203125,1318.2679443359375,2506.91552734375,0.000758579233661294,0.1974254548549652,1.0,0.0005670936079695821,0.01886700466275215,0.9132423996925354,0.06732349842786789,0.738722801383458,0.9990548617637073,0.0009455106987249567,0.6740093639589333,0.07667318698992942,1.897670723984013,1.897935625156794,1.8991971551170421,0.18991972143721084,0.040398202116868336,0.7387228033142358,0.021037137459586925,0.4735785622769741,0.4525414248173872,1.8991971551170421,0.07667318695035302,,,,,,,0.18991972143721084,42,syn_diag,698,3,0.6335119009017944,,,False,e881546b6c55982acc50fcccd63b6a62df3e85c134f674de520e5c01d7c9c89c,6df3cfdaf598c20f17dd80f9607245e2d06ae1cc9384b77f115350c4291f05da
0.61328125,0.44055283069610596,0.4648768685883703,1.0552124509871497,0.002198208123445511,7.655840873718262,956.9364624023438,2813.705322265625,0.0010450275149196386,0.1307278275489807,1.0,0.0005838011275045574,0.019625956192612648,0.9245169162750244,0.05307742953300476,0.44370883444903514,0.9993977983197752,0.0006029436236676397,0.8961710049993453,0.05293738460502344,1.8978947299407576,1.897935625156794,1.8984928414040958,0.18984929101392578,0.027892086487718588,0.4437088358450416,-0.0030576109910922964,-0.07240079740757606,-0.06934318641648377,1.8984928414040958,0.05293738461853507,,,,,,,0.18984929101392578,42,syn_diag,699,3,0.6016820073127747,,,False,14718ebf906f487d737efb4236160094f3830bd4946c886bd8ebb29bcd8f65e5,3da4a9e74c4d415381b536d1bb45864afa404c903955b055748cbdb4f9b1f2b8
0.57421875,0.48161962628364563,0.46812348753632577,0.9719776357322308,0.0013832943513989449,4.232491493225098,866.9608154296875,1681.159912109375,0.0011540292762219906,0.23723289370536804,1.0,0.0005805820692330599,0.018927061930298805,0.9201223850250244,0.06036998704075813,-0.06453423414493303,1.0001170717405328,-0.00011547761569848944,0.9979154937099782,0.05397840248947885,1.8932658796630004,1.897935625156794,1.8939712092302226,0.18939712738334086,0.028440586589964605,-0.06453423330677911,-0.00961795821031862,-0.3822984281136948,-0.37268046990337617,1.8939712092302226,0.05397840244267661,-51.971152110126646,-0.011412857960973084,-0.2860290199448717,1473.427978515625,0.5034805536270142,0.5028629302978516,0.18939712738334086,42,syn_diag,700,3,0.5013189911842346,0.5088474259376526,0.8713,False,1410f94bc1cace0f7eaf24c52dab9f1fcc24be7332dfba90b295fd7c7f75cb6f,b9061b05f20442da88f68d8859dab23f7428cb133fffb020a3ac055971ca69f3
0.55078125,0.4984641373157501,0.4769020825404527,0.9567430800794718,0.001383842434734106,3.4054131507873535,1204.544921875,3660.0751953125,0.0008302696514874697,0.29373931884765625,1.0,0.0005717679159715772,0.01809563860297203,0.9166067838668823,0.06472578644752502,0.32592495706332103,0.999765827971662,0.00023440322996366305,0.9453956432783822,0.05331715695871354,1.8908454876008558,1.897935625156794,1.891675136763081,0.18916752049037422,0.02809218408252427,0.32592495577291314,0.006633486816678057,0.2532105436242276,0.24657705680754957,1.891675136763081,0.05331715690802255,,,,,,,0.18916752049037422,42,syn_diag,701,3,0.6585111021995544,,,True,6cb43499e4d09588a4e905ae6816683417688659e9bf1a6e2a1548bde628b4d2,4487ca6aa9f7e38d93f80f0dd718c270fc99bc348bdee2f8852e94c5914b4b20
0.6171875,0.4285299479961395,0.46679594050730283,1.0892959048955786,0.0042269486002624035,8.596693992614746,1314.967529296875,8592.9033203125,0.0007612548070028424,0.1164216697216034,1.0,0.0005471662734635174,0.017881495878100395,0.9323602914810181,0.0492110401391983,0.5362064385136119,0.9998476945801872,0.00015233417664418862,0.8440868766134223,0.055780457803553195,1.9005898505071712,1.897935625156794,1.9013334439156981,0.19013335129416795,0.02939006837964571,0.5362064368551805,0.012692357389937596,0.24370231363772715,0.23100995624778956,1.9013334439156981,0.055780457838786615,,,,,,,0.19013335129416795,42,syn_diag,702,3,0.7355674505233765,,,False,89fb8f9f5e336f411fe1983a80c5e3ee654c4f7bf1e8460281650c1ffabf20b3,995f8161e96b9d21d0a4f82d976319595f926d469f0eb64453ef79cebddf2424
0.64453125,0.4147298038005829,0.4575916406751922,1.1033488224649504,0.0057172877714037895,12.16258430480957,933.025146484375,2372.4931640625,0.0010730712674558163,0.08222009986639023,1.0,0.0005326035898178816,0.018765408545732498,0.9378206729888916,0.04288136959075928,0.2693171687717029,0.9996860637127853,0.00031456915024007126,0.9630515368180786,0.04995632610841364,1.904887488597954,1.897935625156794,1.9054505778843422,0.1905450652579621,0.026321401762117343,0.2693171689847633,-0.0015934288191612337,-0.008999262187921565,-0.007405833368760331,1.9054505778843422,0.04995632612102873,,,,,,,0.1905450652579621,42,syn_diag,703,4,0.575291633605957,,,False,01803254dfcc29247c0de1cb1dd7c7be90ac76fd31a2d1b7fccf47248d0bf4ed,4fa3ab5af05bca3d3121cc24b1c60f0b26257961b24d0c9e2829f4ae7cf56fb8
0.6015625,0.46253299713134766,0.46229893291166096,0.9994939448291756,0.0055923499166965485,3.9861690998077393,965.237060546875,10238.720703125,0.0010360400192439556,0.25104716420173645,1.0,0.0005295101436786354,0.018215768039226532,0.9138217568397522,0.06465183943510056,0.2020504258950347,0.9999449140412934,5.512165449262442e-05,0.9793751198372157,0.048597410308690366,1.898814477387457,1.897935625156794,1.8994390977949567,0.18994391661705212,0.025605404980292724,0.2020504317121065,-0.0020412373486839797,-0.1861315201181688,-0.18409028276948483,1.8994390977949567,0.0485974101286078,,,,,,,0.18994391661705212,42,syn_diag,704,4,0.4664251506328583,,,False,24b0bebc07caf9cba6323e7ccc879698d72411354f641b3cca61e6ee0f7bbdad,69f8fbcce9cd75f49541f26c340131abd351d0766c81fa21e5acbe9ce8a5a1cb
0.484375,0.5650554895401001,0.4687142670919732,0.829501355209262,0.0012787533923983574,0.7220980525016785,1138.468505859375,8789.2705078125,0.0008789958665147424,1.0,1.0,0.0006169273983687162,0.0180361270904541,0.9176614880561829,0.06368547677993774,0.46054080150854626,0.9997455536964737,0.000254566701664564,0.8876385357302635,0.04848684220526661,1.9005549806331523,1.897935625156794,1.9012499240540768,0.19012499910611377,0.02554714794461768,0.46054080091227845,0.0058987094459550865,0.2955590307693305,0.2896603213233754,1.901249924054077,0.04848684207630941,,,,,,,0.19012499910611377,42,syn_diag,705,4,0.5327322483062744,,,False,ee6b63db33a6a30ceadb8c72feea156103acccdf4c2fb636b1e4d72df0e6faa5,9bc4bc5ff6c15579c312a20f00a0f720aa2734b8d5a9f08118a5efc5879327a3
0.59375,0.4810742735862732,0.4636653229223945,0.9638123089157351,0.00047723695752210915,3.7448160648345947,906.4495239257812,1627.2884521484375,0.0011038866359740496,0.2673798203468323,1.0,0.0005935655208304524,0.01876867190003395,0.9190297722816467,0.06160799413919449,0.3980538681336563,0.999408922508074,0.000592008773685845,0.9173620430560342,0.07044432701511727,1.8963675076141309,1.897935625156794,1.8979121178360823,0.18979121910800884,0.03711628892010525,0.398053868701005,0.008989074384416455,0.10016458953035791,0.09117551514594145,1.8979121178360823,0.07044432701485176,,,,,,,0.18979121910800884,42,syn_diag,706,4,0.4967084527015686,,,False,2d9fb39b1cf4b6ecc4ecc7d50977412a362a9f1b7baa5fb03ba0842f37ef5d99,58407efc7d6e66a1bad566567ace4980bf5d2a66d830c0cb1ae6daff501e4326
0.53515625,0.5310859680175781,0.4670376354245719,0.8794011309384786,0.0009053151588886976,1.5353947877883911,999.106201171875,5292.759765625,0.0010015342850238085,0.6513887643814087,1.0,0.0006075173150748014,0.018892649561166763,0.9367607831954956,0.04373902827501297,-0.1129125597396634,1.0000541241952636,-5.4011252619563494e-05,0.9936049284352592,0.04678834821733507,1.901964674009886,1.897935625156794,1.902515641651388,0.19025156993886022,0.024652231401918644,-0.11291255856578429,-0.00038003958662547073,0.011510646881040145,0.011890686467665616,1.902515641651388,0.04678834823712952,,,,,,,0.19025156993886022,42,syn_diag,707,4,0.44594794511795044,,,False,1649681553536c1ad0100c073f4b2f373ebe45180bed116ee7ea7c3d7db4707c,8eeb59e496110f86730998883fa61761c0dd4b2e1c960929e8d190b9dc170820
0.59375,0.4624044895172119,0.46928832504265683,1.0148870149963984,0.0015288128051906824,5.859606742858887,1206.2080078125,10260.861328125,0.0008291136473417282,0.17067644000053406,1.0,0.0005256958538666368,0.01719754748046398,0.9104099273681641,0.06837053596973419,0.18533217276260028,0.9999493219683739,5.071418675356988e-05,0.982675931170808,0.05265378846068082,1.8975684481367237,1.897935625156794,1.8981528537985328,0.18981529314139883,0.027742663008553405,0.18533217272074284,0.005364503431673702,0.2989370295039723,0.29357252607229856,1.8981528537985328,0.052653788460723494,,,,,,,0.18981529314139883,42,syn_diag,708,4,0.8694876432418823,,,False,f2b83e5f62a3a2997df8da047bb5c02603bd3e7d81fde5575c50df9d58467699,c71ac9fd4df636b636a670d0a2f3942c750c507ec295cbf3eedb443585812228
0.5703125,0.4853465259075165,0.4714284284307547,0.9713234270954209,0.001398753491230309,3.7616734504699707,1179.54833984375,6926.525390625,0.0008478944655507803,0.2659597396850586,1.0,0.0005430884775705636,0.01777261681854725,0.9117587208747864,0.06992559134960175,0.12344243486510148,0.9999292717266571,7.089067154306137e-05,0.9923517346336311,0.04456059464574694,1.8941049322648775,1.897935625156794,1.8946182274291767,0.18946182904164108,0.023478454197856248,0.12344242795849995,0.00961211894201388,0.3372769614328546,0.32766484249084077,1.894618227429177,0.044560594598875757,,,,,,,0.18946182904164108,42,syn_diag,709,4,0.5730323791503906,,,False,3396259ed451ffe6bf89baf8e12e6f0d0ed3570e47395c7e53ae5306600767f8,9f38ff9e5e9a105aef7387d4bb03192eeefef3c7a18c9ccb324e3c0a8b916f98
0.58984375,0.4660545587539673,0.46618934324836403,1.0002892417735065,0.0019351171795278788,4.382172584533691,1131.5771484375,11063.994140625,0.0008840773953124881,0.2363596260547638,1.0,0.0004957581404596567,0.017295053228735924,0.9094165563583374,0.07279263436794281,0.08900011022927509,0.9999541296704929,4.60028627436984e-05,0.9960316161385715,0.06286525141136337,1.8983466550726518,1.897935625156794,1.8993357635765706,0.1899335850787397,0.033122962959366314,0.08900010470756348,0.0015749173160037363,0.07469160768458451,0.07311669036858078,1.8993357635765709,0.06286525141723537,,,,,,,0.1899335850787397,42,syn_diag,710,4,0.5637649893760681,,,False,2e061932182dbb2f6f3105ead4cdf6af8529a90cce5115c0e25477a04b2bf7e2,5dddf037aec933c578b7aa97db95a722f791f9364a84b62792b3d9f22775231b
0.55078125,0.49813100695610046,0.4735713857561036,0.950696438351181,0.0016417484730482101,3.3097734451293945,1049.0985107421875,3464.322998046875,0.0009532482363283634,0.3044474124908447,1.0,0.0005880583194084466,0.01825963333249092,0.9243303537368774,0.056822001934051514,0.0765724742705437,0.9999410379142148,5.925981189197831e-05,0.9970640180778209,0.05151287982251757,1.9032646569633809,1.897935625156794,1.9039747921125074,0.1903974869746745,0.027141531640850463,0.07657247724538775,0.009644870787954687,0.37647253724561247,0.3668276664576578,1.9039747921125074,0.051512879748526474,,,,,,,0.1903974869746745,42,syn_diag,711,4,0.6153640151023865,,,False,1a58eff0692e2f4248e88f91508967a1a6e322c9d87b01e4666fa306f15470eb,5bfdb87351871d166cd3e56da0d8a16a6c7f7b50dd93360cdc3743106d7bdb03
0.56640625,0.48156601190567017,0.4708408534953169,0.9777286110310163,0.0013770493678748608,3.7587616443634033,1315.857666015625,10325.5439453125,0.0007599610835313797,0.2660663425922394,1.0,0.0005693837301805615,0.018289707601070404,0.9192220568656921,0.06191883608698845,0.3827178790921343,0.9999101980292401,8.982548158155694e-05,0.9238652634386637,0.04929837327033986,1.8993251338862431,1.897935625156794,1.9002579813313611,0.19002580516601936,0.02597473413580147,0.38271788041984145,0.0032017992116098477,0.188040942797142,0.18483914358553216,1.900257981331361,0.04929837327971968,,,,,,,0.19002580516601936,42,syn_diag,712,4,0.7034956216812134,,,False,f1846b4a929cc57163e7b6a39f0830972b10bb5be51d4de9e69ab4012c6fbc44,c7e6c3bc95dfd61d02070309e036645dcb5fdcc2a78180ce85fe82e86929a9fd
0.5859375,0.4679807424545288,0.46942896578115806,1.0030945754859995,0.0003660492366179824,4.732320308685303,1359.1650390625,11064.2392578125,0.0007357638096436858,0.21142923831939697,1.0,0.0005454529309645295,0.01761966198682785,0.9190667867660522,0.0627681165933609,-0.0640958292351736,1.0000191886812047,-1.914425989450358e-05,0.9979437482303744,0.04679202651925989,1.8995129800837072,1.897935625156794,1.9000872348490574,0.1900087317580654,0.024654169456021256,-0.06409582877633864,-0.002373558149436743,-0.08985961955716108,-0.08748606140772434,1.9000872348490574,0.04679202655786905,,,,,,,0.1900087317580654,42,syn_diag,713,4,0.6571796536445618,,,False,c20203da79279654807869fe36bc57d29b42381fb5c26e26c9115f34708dea89,9288cba712fbcaa5e03598a47ca95e0974203d529c0b213c5a4b170d6083ff05
0.59375,0.4680594801902771,0.4672162201939326,0.9981984047538808,0.0030927585903555155,5.672792434692383,1074.14794921875,8138.8232421875,0.0009313289192505181,0.17674307525157928,1.0,0.0004917160840705037,0.016966037452220917,0.9073249697685242,0.07521732151508331,0.07083974599938565,0.9999635952448594,3.653710245514913e-05,0.9974877093723414,0.052558527791433475,1.8969910853267682,1.897935625156794,1.8975546657463276,0.18975547352656652,0.02769247128024364,0.07083974472587136,0.0013503443382723258,-0.02675137378683697,-0.028101718125109296,1.8975546657463276,0.052558527709781394,,,,,,,0.18975547352656652,42,syn_diag,714,4,0.4854152798652649,,,False,fcc94e9cfb13da5f0344fa3c3a8de668445abf3668dfe307bc99656554aa06bd,a6d55bae3d3e53703c756a4445374265c64b60cb9fa623673f368b15a3a554b7
0.57421875,0.4840906858444214,0.47078998706967473,0.9725243620773235,0.001184265362098813,3.7191948890686035,1029.7550048828125,2517.63525390625,0.0009717153152450919,0.26902031898498535,1.0,0.0005610359366983175,0.0178191177546978,0.9121537208557129,0.06829284131526947,0.4222618535428982,0.9997002519541265,0.000299955422863269,0.906473897592367,0.06267931909814378,1.8979244599422842,1.897935625156794,1.899090416377989,0.1899090485150581,0.03302499740629118,0.42226185419759216,0.005148428727589556,0.09769085580120883,0.09254242707361927,1.899090416377989,0.06267931907668407,,,,,,,0.1899090485150581,42,syn_diag,715,4,0.5714486837387085,,,False,c4e80647a893dbe3ec866589c916829fe8aff92153d358e1fb912e6f8133b661,299da6b54bf23290fff54d957f534c109126bd964f1849fceab273b3e02d43c2
0.56640625,0.47553542256355286,0.4707780773846939,0.9899957806076773,0.0010519415372982621,4.950159072875977,1061.599609375,8201.4306640625,0.0009420190472155809,0.2021685242652893,1.0,0.0005185350892134011,0.016591787338256836,0.9126426577568054,0.06972212344408035,-0.06341370254608247,1.0000354768142565,-3.5322311347120664e-05,0.997987325718464,0.05739648098226365,1.8977843695224297,1.897935625156794,1.898645070521661,0.18986451389860423,0.03024153202113571,-0.06341369721848406,0.005792145512201257,0.09690709810488715,0.0911149525926859,1.898645070521661,0.05739648099881246,,,,,,,0.18986451389860423,42,syn_diag,716,4,0.4728063941001892,,,False,203dbd3121a3e5b682d98aa5a43f4eeeb3766f050d688be51d1467ceb5f419f3,5597069b030424c4cd86ee6379982e8127972019d41134d997882619fca85606
0.625,0.4384136199951172,0.4630553207943819,1.0562065092280366,0.002285103779286146,7.697846412658691,1281.41748046875,10718.0732421875,0.0007804054184816778,0.1299145370721817,1.0,0.0005392043967731297,0.017719991505146027,0.9299887418746948,0.049267880618572235,0.25835515568747436,0.9999428668332803,5.715600605389134e-05,0.9660500056898886,0.05146515566739952,1.8945856484234442,1.897935625156794,1.8950590109227605,0.18950590862422853,0.0271163863437785,0.258355155600443,0.0013270241696022183,-0.010334800018125579,-0.011661824187727798,1.8950590109227605,0.05146515569906201,,,,,,,0.18950590862422853,42,syn_diag,717,4,0.5805031061172485,,,False,675385212a3f9fafa25dbdec45c269aa57b733ea68bc68ff5b444c77102e2c83,319e4ad0e43038041ad3fc05551a9f3455ddca7ac6c7f39f8f98bbf55f9f12b6
0.53125,0.5103245377540588,0.47332623209017555,0.9275004687477751,0.0011724818032234907,2.4176204204559326,930.2420043945312,9764.6259765625,0.0010749937500804663,0.4136967062950134,1.0,0.0005274577997624874,0.017190948128700256,0.9100986123085022,0.07218295335769653,0.25897014938116475,0.9999407210469182,5.93034159183309e-05,0.9658853253321109,0.0496512973916935,1.8936490941329625,1.897935625156794,1.8944483084963004,0.18944483744999477,0.026160685712175037,0.2589701500773981,0.0008710095194547331,0.07590822889296253,0.0750372193735078,1.8944483084963004,0.04965129738984956,,,,,,,0.18944483744999477,42,syn_diag,718,4,0.4959118366241455,,,False,56e052d08f80fbea99d9bf3e285c6ec6553a941fb0d127e2c5f8a171a471e9d9,82619dcf1de6dcf070def04c52eeee174d0288f2916dd0bcc0371197c6d38a9c
0.56640625,0.4889713525772095,0.4716446422448911,0.9645649475853031,0.002508652862161398,4.153026580810547,1074.043212890625,6278.486328125,0.000931080081500113,0.2410084307193756,1.0,0.0005131856305524707,0.017502019181847572,0.9165010452270508,0.06548376381397247,0.19915313437497686,0.9999346174258694,6.543441360612737e-05,0.9799683816402552,0.03556718026769245,1.902364518635891,1.897935625156794,1.9027214370323042,0.19027215096561628,0.018739929740628266,0.19915313783027175,0.00968460793297298,0.31526084615442784,0.30557623822145485,1.9027214370323042,0.035567180251597885,,,,,,,0.19027215096561628,42,syn_diag,719,4,0.5117440223693848,,,False,1e8c176af14585576899213335bab19d20779c5d087e68642d97c2d8ba77fc44,655a5fa68ce62af7b24d1e3d68fe25027372727b75b1ac289ad8425ea073ccf1
0.5703125,0.48603397607803345,0.4697928065504192,0.966584347999239,0.0013673086650669575,3.3462045192718506,1041.19677734375,1991.6845703125,0.0009604690130800009,0.29891437292099,1.0,0.0005613178946077824,0.018900927156209946,0.9166576862335205,0.0638800635933876,0.2873788876329458,0.9996295243469109,0.00037124142475614266,0.9578169840383131,0.05996043666432377,1.8960154715031872,1.897935625156794,1.8969253460118172,0.18969254087250506,0.031592450170346884,0.2873788871809444,0.0016721174550496723,-0.029672113181982054,-0.03134423063703173,1.8969253460118174,0.059960436681218025,,,,,,,0.18969254087250506,42,syn_diag,720,4,0.530525803565979,,,False,cf9e875ae15ac986b4a5ac3cc1ea73baeb4abe790cfaee1bb8d5214484e89787,1ade84695e05eddede1bf26df1c1200f5226cd730089c78c8fbccc413bc29775
0.53515625,0.5248705744743347,0.4717870034772419,0.898863452015273,0.0012550322571769357,1.5818485021591187,664.0083618164062,4617.173828125,0.0015105355996638536,0.6347050666809082,1.0,0.0005391038139350712,0.01825094223022461,0.9263027310371399,0.05490725487470627,-0.07825379802898567,1.0000403150946833,-4.0184061390697505e-05,0.9969334697250001,0.0550454242429069,1.8937785791351536,1.897935625156794,1.8949266177630162,0.18949266794961236,0.029002787825498786,-0.07825379591368917,0.006276095577680606,0.03258407230819679,0.026307976730516186,1.8949266177630164,0.05504542415450644,,,,,,,0.18949266794961236,42,syn_diag,721,4,0.3127429485321045,,,False,387e5d27b8afc748d2d046f065e65e763cd331409de0c22846db551e8569b349,8f903bc278d9ba6967bff76a993bbc9ccc411de5209116715303c385cb1610af
0.6015625,0.4611385762691498,0.46181785251530577,1.0014730468497348,0.0010523817036300898,4.574387550354004,1357.9554443359375,9096.294921875,0.0007365121273323894,0.21875278651714325,1.0,0.000521102687343955,0.017175903543829918,0.9044785499572754,0.07782448083162308,0.3080929229582203,0.9997647740723221,0.0002354903763927164,0.9513562691188168,0.05767520317236363,1.890416721996153,1.897935625156794,1.8913857292746783,0.1891385796186792,0.030388387471028434,0.30809292172907415,0.009564438612684044,0.25852933356148405,0.2489648949488,1.8913857292746783,0.05767520319116596,,,,,,,0.1891385796186792,42,syn_diag,722,4,0.6350224614143372,,,False,7329874c1b10da5d4912a7497d9897295eab0d1559b30ce2ac8d42343cf4bc34,c18e59412afe844316aa35b3faa56f91c4c4ad18ce9cc7a7243361f6bd7d52b6
0.55859375,0.5072547793388367,0.4674049457117159,0.9214402093331661,0.0006601819768548012,2.2809102535247803,1198.8818359375,5488.8505859375,0.0008342587389051914,0.44545531272888184,1.0,0.0005231572431512177,0.01719769462943077,0.9037001132965088,0.07857907563447952,0.17835189594076695,0.9999000636055614,0.00010008886652998022,0.983966768331264,0.056847839898839715,1.8964245419457189,1.897935625156794,1.8972087393774484,0.1897208812387886,0.02995245947507487,0.1783518916767726,0.0038414898753128283,0.08601564323985741,0.08217415336454459,1.8972087393774486,0.05684783992334062,,,,,,,0.1897208812387886,42,syn_diag,723,4,0.5775442123413086,,,False,9a3f3d9dc3d5e555ba12ff2c40c558aac44215315c40418f3ed3020742efb022,9c5fd6f46b2fa9ddb1f90cd5c16730a810055bcc3c3ef7f0728ceff38e575d46
0.56640625,0.4919447898864746,0.47231790041010413,0.9601035315496076,0.0007762032328173518,3.7167396545410156,1001.4710693359375,6708.02783203125,0.0009986099321395159,0.2690533399581909,1.0,0.0005378876812756062,0.017990240827202797,0.9129964113235474,0.06847544014453888,0.4429417908317008,0.9997054435233091,0.00029473447501068487,0.8965503722042955,0.04574224869670023,1.9004169804359587,1.897935625156794,1.9010548269101892,0.19010548993996867,0.024101053845225772,0.44294179020854735,0.005801116348099696,0.23670983001290816,0.23090871366480847,1.9010548269101895,0.045742248710051336,,,,,,,0.19010548993996867,42,syn_diag,724,4,0.5484934449195862,,,False,9fce44aac5a1810c2b17a818b1aa584669c316122004f807ff20accb4d3c8c7a,5e1a9c2197b7fdd3fd5367f4faea9c828055e0ecdc8e69d8b3b00600e989db71
0.59765625,0.4665639102458954,0.46262016291291996,0.9915473183490968,0.0016237671952694654,4.749157428741455,1130.069580078125,9659.814453125,0.0008849012665450573,0.21082648634910583,1.0,0.0005011433968320489,0.01718459650874138,0.9227602481842041,0.05955403298139572,0.19541074407124698,0.9999486719160454,5.13613084876262e-05,0.9807214900546367,0.04133748620688905,1.8963669800333702,1.897935625156794,1.896892531840205,0.18968925896649258,0.021780236199240032,0.19541074572445205,0.0038810808974272483,0.11994696637365715,0.1160658854762299,1.8968925318402048,0.041337486175014676,,,,,,,0.18968925896649258,42,syn_diag,725,4,0.5025585889816284,,,False,db0dc6ea98ae90d3874ac7ef2291ac20e22441f7ad12b942c738dd8b586a2987,3fb09bd87df4b6225c3d3807fb4175179ada40f38d74ed4bb04ae741fa910fb3
0.58203125,0.4751628637313843,0.4667965338106126,0.9823926731472497,0.0010217896196991205,4.427816390991211,839.3106079101562,7097.46728515625,0.0011914584320038557,0.22584563493728638,1.0,0.0005349505809135735,0.01743689924478531,0.9204801321029663,0.061548031866550446,0.20954912497293546,0.9999242866687439,7.577584725066909e-05,0.9777981203621361,0.04859313514036447,1.8950929602687874,1.897935625156794,1.895861145953109,0.18958612267118866,0.02560315244429033,0.20954912116373883,0.00823751073319574,0.3159786501713294,0.3077411394381337,1.895861145953109,0.0485931353171543,,,,,,,0.18958612267118866,42,syn_diag,726,4,0.47888389229774475,,,False,3c765da025b4bdfbe44fa5954fac256f05b48437016868fcb7aaff024f762602,d404a439afd7f8b390fce56e1e6144d7cc7d5f4265279962e32ddf1f5f8ff890
0.52734375,0.5379009246826172,0.47321801807536307,0.8797494051076745,0.0010080907959491014,1.2953863143920898,1182.596435546875,5358.291015625,0.0008456065552309155,0.7722194790840149,1.0,0.0005301990313455462,0.017338860780000687,0.9059996604919434,0.07343660295009613,0.42349957550618467,0.999743997770009,0.00025615238125697065,0.9058963017394636,0.04018438633949548,1.8940595254096966,1.897935625156794,1.8944573599215664,0.18944574294438707,0.021172681415975086,0.4234995742598498,0.003503062638765228,0.2367792330157683,0.23327617037700307,1.8944573599215664,0.04018438636240292,,,,,,,0.18944574294438707,42,syn_diag,727,4,0.5667043924331665,,,False,3241d70fee5adb96ef32baad70dbb77ec0aea7e3efb67e53ea613df45029cda4,e1823bac8c97e768ff0d6e51f99c4dbbbebf247db918924124bf8978bd3d4232
0.578125,0.5023481845855713,0.46637262140315044,0.9283852307892233,0.000779871130362153,2.6448488235473633,1187.3936767578125,11385.8701171875,0.000842186389490962,0.37812671065330505,1.0,0.0005618162686005235,0.018279433250427246,0.914456844329834,0.06670189648866653,0.2348909087718476,0.999951029562923,4.89909885585578e-05,0.9720217389224133,0.048975613553902266,1.8973183245177163,1.897935625156794,1.8979560012364016,0.1897956072723469,0.025804675830261862,0.23489091098109496,-0.004284957186654845,-0.04721646446440724,-0.0429315072777524,1.8979560012364018,0.04897561350819939,,,,,,,0.1897956072723469,42,syn_diag,728,4,0.5462709665298462,,,False,85625e0bcef33c1463091e9b26701b50799e27e1b028d62cd2441c375f0400aa,e164eded1cce14d315a8932becb0049964cc1202dba0fb7393c654924df34066
0.58984375,0.47157520055770874,0.4676031686547337,0.9915771536656968,0.0022152778692543507,4.69566535949707,766.3238525390625,9589.2275390625,0.001305201556533575,0.21359646320343018,1.0,0.0005402829265221953,0.018193447962403297,0.916511058807373,0.06475517153739929,0.38697484283941974,0.9998802299435445,0.00011981081281826302,0.9220902726849829,0.05835489351670226,1.8995606442709594,1.897935625156794,1.9003772446344873,0.19003773162059975,0.03074650833420688,0.3869748428304184,0.005069751504674132,0.026309396103693188,0.021239644599019055,1.9003772446344873,0.058354893504613675,,,,,,,0.19003773162059975,42,syn_diag,729,4,0.4239899516105652,,,False,0c35c5c80dec9b1e9cd999815e648743a633ef15f6445acd83937cdf965f2957,85f8edba5c6a3639b8dcb211392e98922b5aff3f97aef300094471dc158d0eb3
0.60546875,0.4583085775375366,0.46154602623739666,1.0070639476909506,0.0014689997769892216,4.490675926208496,1159.85693359375,9778.0322265625,0.0008622084278613329,0.22297337651252747,1.0,0.0005388589343056083,0.017917487770318985,0.9300352334976196,0.04982601851224899,0.39851533194957284,0.9999032422091787,9.678259976281161e-05,0.9171616706814559,0.04959445044492187,1.8934815412508568,1.897935625156794,1.8939005386188976,0.18939006108839382,0.0261307337232782,0.3985153330318403,0.005881570224398633,0.23721444040907178,0.23133287018467313,1.8939005386188976,0.04959445043840299,,,,,,,0.18939006108839382,42,syn_diag,730,4,0.6624952554702759,,,False,18a8ed57ff2a24e4552e9a9b428eac76d0f9eb11aef6a0620ab396ad01150f54,93f5eac41d75d47e4aaaee27cf382b95a351ba9581f49f27edd251abc372eda8
0.5625,0.4913124442100525,0.4686726876905971,0.9539197857391647,0.0012691090814769268,3.230968952178955,825.1846923828125,2164.082275390625,0.0012154756113886833,0.3097884953022003,1.0,0.0005529121845029294,0.01807324029505253,0.9126970767974854,0.06867676973342896,0.14079806715148988,0.9998572147144558,0.00014329296841182385,0.9900383347366819,0.05128805899874402,1.8987438217645192,1.897935625156794,1.8996549679457833,0.18996550341020932,0.02702307618809776,0.14079806907056328,0.003421606052349204,0.12428549188818389,0.12086388583583468,1.8996549679457833,0.051288058834512,,,,,,,0.18996550341020932,42,syn_diag,731,4,0.47585609555244446,,,False,7fe076b9c80ff3dd6eb1335aac564920a5798cb6b83657d9e364d138b02bba9c,f9643436366160c00570dd21aaadd56976f790195a74c9d0190ffdfc8a9584a7
0.6015625,0.45741507411003113,0.47145405849452304,1.0306920215598434,0.0016918234759941697,7.387060165405273,1157.2314453125,7535.27783203125,0.0008641314343549311,0.13537967205047607,1.0,0.0005262895720079541,0.017893269658088684,0.9233844876289368,0.05819597840309143,-0.08067552916792119,1.0000479473828539,-4.777320280839278e-05,0.9967404170365086,0.050478548747822274,1.8994457340941053,1.897935625156794,1.9000902554437993,0.190009031484674,0.02659655474016696,-0.08067552333996178,0.00021015069464024836,0.056004968446941195,0.05579481775230095,1.900090255443799,0.05047854879271296,,,,,,,0.190009031484674,42,syn_diag,732,4,0.8807311058044434,,,False,550752135097fb49f0d5e7d265b25a696ee4f70f1f3fca3fcc2cc6e921856d04,71c8f9eea6bfbe9125c24d635a2328384dc03764e19c84d71c72f27048163139
0.546875,0.5099287629127502,0.4717157527934537,0.9250620165469022,0.001071277423761785,2.2669968605041504,1030.492431640625,5303.88330078125,0.0009704116964712739,0.44178736209869385,1.0,0.0005711608100682497,0.01830347441136837,0.9094005823135376,0.0717247873544693,0.708373613559713,0.9989487656041769,0.0010517841455884402,0.7058376751052863,0.06958828421171007,1.8986535541019287,1.897935625156794,1.8998479888718376,0.18998480659306888,0.03666525001654074,0.708373615794174,0.0034788820793304515,0.11592280849796188,0.11244392641863143,1.8998479888718376,0.06958828421745508,,,,,,,0.18998480659306888,42,syn_diag,733,4,0.5633295774459839,,,False,73710926e2b675737bfe42f2e16ac507fa9f5613f26f409e3c0106cab0a9ef64,3ec82eb81949713a34aba1a269883dc1edca54be7a7b500627719e5fa01406e9
0.5625,0.4983900189399719,0.46957859444033334,0.9421909992226939,0.0031015011481940746,2.895610809326172,818.534423828125,10011.73828125,0.0012225997634232044,0.34889519214630127,1.0,0.0005161475855857134,0.01735105738043785,0.916935384273529,0.0651974231004715,0.4039184069989515,0.9998604780984739,0.00013957186891407238,0.9147950155433638,0.06846556150357494,1.8970527768967929,1.897935625156794,1.8981369658576608,0.18981370392709745,0.03607370060187511,0.40391840316002053,-0.0025710794980931743,-0.1390612301454993,-0.1364901506474061,1.8981369658576608,0.06846556155944274,,,,,,,0.18981370392709745,42,syn_diag,734,4,0.480297327041626,,,False,77f2ec869b81735f4da70b426f6cbfba55e9333ce6eb3b907c1e781f889e2d97,b103b9807d9dc20a2448f20e747b04abbc448359734ee8d3d7b358ea7b548bfd
0.609375,0.4564385414123535,0.46498003047061937,1.0187133224666611,0.0015857210382819176,4.966708660125732,1187.84716796875,10335.01171875,0.0008424244006164372,0.20136068761348724,1.0,0.0005264973733574152,0.017550352960824966,0.930928647518158,0.05099449306726456,0.17145859452438386,0.9999450572585866,5.499266732867847e-05,0.985191326761781,0.05234462320915633,1.9030513349007177,1.897935625156794,1.9039930050293512,0.1903993080480914,0.027579767466983717,0.17145859392440807,-0.0034733774884742052,-0.08889587129070776,-0.08542249380223356,1.9039930050293512,0.05234462322074789,,,,,,,0.1903993080480914,42,syn_diag,735,4,0.5482478141784668,,,False,4f61351fcc9ade3b2edc00abd818bef97608c6d82c08b00d8e3b02826d01c334,b15868f938a1572de04734216103928e6be7a3f132668443330f20e40c7cffa9
0.5703125,0.499172568321228,0.4667835094555636,0.9351144878329809,0.0027382085099816322,2.665595054626465,1182.0567626953125,9390.869140625,0.000845987000502646,0.3752308189868927,1.0,0.0005608961218968034,0.01827613078057766,0.9363914728164673,0.044771481305360794,-0.09368043740125309,1.0000201100674122,-2.0087280920973508e-05,0.9956023179959481,0.040126651044886295,1.8937967710884571,1.897935625156794,1.894173526456734,0.18941735948917476,0.02114226136703144,-0.09368043937577616,-0.0007754434479713745,-0.032393249587488966,-0.03161780613951759,1.894173526456734,0.040126651036545787,,,,,,,0.18941735948917476,42,syn_diag,736,4,0.5436375141143799,,,False,ed0f899d45d254d896048c134f00c3a0b9211ca07886ece2cf422a34d47612b0,8472e27a4668b3ceb677a291d6907a3ecb057d3fc48282a1db3dafec3154a581
0.640625,0.41726773977279663,0.4572744959251815,1.0958779237692415,0.0034025609493255615,10.046338081359863,1163.700439453125,9910.927734375,0.0008593659149482846,0.09954207390546799,1.0,0.0004683086881414056,0.01648572087287903,0.9142175912857056,0.06882835924625397,0.4604755499713543,0.9998182237542592,0.00018183769392198637,0.8876723876846625,0.07580644168687038,1.8981213710580664,1.897935625156794,1.8996788958021604,0.18996789702590036,0.03994152419187971,0.46047554991910916,0.002277093972384422,-0.013673648333029838,-0.01595074230541426,1.8996788958021604,0.07580644173733483,,,,,,,0.18996789702590036,42,syn_diag,737,4,0.5606048107147217,,,False,e8ce3b691b759632a4a6a1bebf9d51bb319d5d61bd0c7251c6e5341bc842634c,efb1ade60d924d5f062d1e462c62b49e78d5d8b931f6c9a146a39c309b8c7f47
0.5546875,0.5016036629676819,0.46872784099759374,0.9344585360506746,0.0010108109563589096,3.3353898525238037,1265.396728515625,8660.919921875,0.0007907930994406343,0.29983484745025635,1.0,0.0005552877555601299,0.017597708851099014,0.9195064306259155,0.05936658754944801,0.41070962019783536,0.999898518378667,0.00010150701370778755,0.9117662023999715,0.04365689939724225,1.899663856410166,1.897935625156794,1.9003033841589172,0.1900303452972857,0.023002307780387768,0.41070961699495223,0.007376602070884442,0.23785790493774103,0.23048130286685659,1.9003033841589172,0.04365689936296741,,,,,,,0.1900303452972857,42,syn_diag,738,4,0.6611393690109253,,,False,f2ebc11486728fc210dcdd224e41076728f821e634477e97c9f9ac447abe63c0,2e5f18c69f952f5c1e225f0f49dcb947e878932d5b9718c614b4163eebdb4a6d
0.55078125,0.5078455805778503,0.46934087329382346,0.9241803115171768,0.0008809127612039447,2.347402572631836,900.4586181640625,8035.09033203125,0.0011105455923825502,0.4261787533760071,1.0,0.0005636265268549323,0.017991114407777786,0.926044225692749,0.0519980750977993,-0.013785686071052518,1.0000044298654174,-4.379415436607279e-06,0.999904972891018,0.04221904248658725,1.9026945224699026,1.897935625156794,1.903223925378609,0.19032240010698276,0.022244717853945738,-0.013785682430507753,0.0026964571316115257,0.02279872240269808,0.020102265271086554,1.9032239253786087,0.04221904247116939,,,,,,,0.19032240010698276,42,syn_diag,739,4,0.49068260192871094,,,False,094489c420ae129fad8ba5909fe055f09c60c4a4e51a06147c46042962337e9a,b0ac9f9cb44807679f06c5baa0676bc22acafeed64bc0ed42b9f908aee720cc7
0.59765625,0.47365882992744446,0.46194462973870115,0.9752686483069918,0.004349909257143736,3.9352099895477295,1152.06005859375,4013.918701171875,0.0008680371101945639,0.25418269634246826,1.0,0.0004990724846720695,0.017200199887156487,0.9201686978340149,0.06213202327489853,0.2696810898638824,0.999693051968349,0.0003075512083152471,0.962949692215845,0.059368216289272004,1.8998441912437003,1.897935625156794,1.9009237868351114,0.19009238654689634,0.03128041620712828,0.26968111282526086,0.004842720223205579,-0.02460045174710405,-0.02944317197030963,1.9009237868351114,0.059368215993320275,,,,,,,0.19009238654689634,42,syn_diag,740,4,0.5908609628677368,,,False,afb47257b0aeebc852b5ff307c9259ec1e054fb2e52d3edfefb139cea730b056,9ad84085c07095b4a2c4990f3ef0b1e0af4a1383c1d82511b297191d324da3ac
0.5,0.5537381768226624,0.4695757266460548,0.8480104295924429,0.0003350105253048241,1.0301647186279297,898.9415283203125,2594.46630859375,0.0011124296579509974,0.9712215065956116,1.0,0.0005295985611155629,0.016611024737358093,0.9118519425392151,0.07100740820169449,0.10039413293224167,0.9998913945001743,0.00010919106517319558,0.9949477463825197,0.048137739804920476,1.8955533407096747,1.897935625156794,1.8961861816709278,0.18961862465294504,0.025363209988177714,0.10039413116081959,0.008292721262899245,0.1548986204311343,0.14660589916823508,1.896186181670928,0.04813773980905497,,,,,,,0.18961862465294504,42,syn_diag,741,4,0.33170247077941895,,,False,0cb505521d4aaa2437474a6c67d1cb899a08ad1ffa5b3a3168e60b7d0262f6cd,aea4b58049ce338d337ff1ae298c510e59de56eea4cc0b37dc873f9a0af3b10c
0.60546875,0.45463094115257263,0.46333404403715583,1.0191432021350824,0.0007229741895571351,5.73297119140625,1097.2308349609375,6385.3623046875,0.0009114083950407803,0.17446275055408478,1.0,0.000499689660500735,0.01631397381424904,0.9076782464981079,0.07449503242969513,0.31963823251271356,0.9997940837370574,0.00020610294613007562,0.9475396563140515,0.06323359507216562,1.8963002996431133,1.897935625156794,1.8973389034564159,0.18973389790584969,0.03331703891005702,0.3196382320573372,0.00609035918206358,0.1941531002754101,0.18806274109334653,1.897338903456416,0.0632335951471893,,,,,,,0.18973389790584969,42,syn_diag,742,4,0.5015225410461426,,,False,0fdb3afd2a1cec80b5ce72d0eda0c7e261a35de28f7230e76bd9f90147cbb88d,902540fb12ba9c35ecfc91beb7c64e883437d6097730d862167b87630cd96512
0.5703125,0.4794713258743286,0.47445646606535274,0.9895408407632073,0.00285583408549428,4.4470930099487305,1123.943115234375,11055.5048828125,0.0008897490333765745,0.2255115807056427,1.0,0.0004804758937098086,0.016602836549282074,0.9151386022567749,0.06532399356365204,0.46597535309221855,0.9995516800093145,0.000448683073974765,0.884797700202449,0.05790547907400063,1.8964817878639737,1.897935625156794,1.8973944963866012,0.1897394572201717,0.03050971714026727,0.46597535241356974,0.0032571165108666754,0.18525841432250204,0.18200129781163535,1.8973944963866012,0.0579054791036709,,,,,,,0.1897394572201717,42,syn_diag,743,4,0.5250927209854126,,,False,238fb26aa75da3a085d225b12f23810a6ae86909a473042eb425a237323cc589,0738ec43bbf9553a383491232f894e8bf5590a09788264e6e36718bea5da8a83
0.578125,0.4942505359649658,0.46537314322816864,0.9415733496321891,0.0010811302345246077,2.5085177421569824,1115.7506103515625,7508.64501953125,0.000896473356988281,0.39870551228523254,1.0,0.0005162883317098022,0.01747242920100689,0.9095780849456787,0.06966616213321686,0.47281942868816773,0.9997661298820545,0.00023396519864233884,0.8811593430371425,0.046569086925079356,1.899688541798949,1.897935625156794,1.9003599124559094,0.19003599840500665,0.024536705201056337,0.47281942888402884,0.0001045977263813394,-0.010814989502849747,-0.010919587229231087,1.9003599124559096,0.0465690869653306,,,,,,,0.19003599840500665,42,syn_diag,744,4,0.5285261273384094,,,False,2a03c99daf3093329e6734b9c8444eec2fc80aeb004a49906d4d42c0ae63d3eb,fd8ffceb23d75c348ad4ab120fd9fc91593d80758915ba14cabd8d13ce635f29
0.6015625,0.4789470136165619,0.4537121389547823,0.947311744566639,0.0009785393485799432,3.35032057762146,1065.788818359375,7566.15380859375,0.0009385205339640379,0.2985796630382538,1.0,0.0004816434520762414,0.016672272235155106,0.9093178510665894,0.07352825999259949,0.29329508009180955,0.9999249406449037,7.508931117465395e-05,0.9560219641591804,0.04667718718890869,1.8992957562671848,1.897935625156794,1.8998921578454113,0.18998922313050143,0.024593661961020388,0.2932950810606506,0.0034643754791892833,0.08845951031824914,0.08499513483905986,1.8998921578454115,0.046677187199512145,,,,,,,0.18998922313050143,42,syn_diag,745,4,0.5052188634872437,,,False,9ed7ee4da3db066929c985f589d7b08fa2473f448bd674ea03096747ca2f35e0,a2b9378409ec9d120f1506beb664a05c56f7ac0335e23ada65242aa2afea00c8
0.59375,0.46361929178237915,0.4650300049893181,1.0030427895340779,0.0009135107975453138,4.858765602111816,1315.8387451171875,3885.655029296875,0.0007606784347444773,0.205824613571167,1.0,0.0005177486455067992,0.017733357846736908,0.9225232601165771,0.056186698377132416,0.6343756368092665,0.9994655851978868,0.0005346271256661201,0.7730249358222364,0.060163092394596863,1.9039630135151773,1.897935625156794,1.904927441325412,0.190492751325298,0.03169922709554225,0.6343756373098373,0.008603549339104588,0.2881527959925834,0.27954924665347886,1.904927441325412,0.06016309229263999,,,,,,,0.190492751325298,42,syn_diag,746,4,0.7006806135177612,,,False,6705562a7f539d4147b9c0591ec836610b195b5227f3d72742463beeddb0dec0,c433aa17174a462e4c0ab2c5ff2c69ea1cf47932c5ca4be49026b478fa1064bf
0.55078125,0.5041006803512573,0.4694696665558366,0.9313014032361235,0.0012522363103926182,3.0549798011779785,764.8192138671875,4197.86962890625,0.0013075941242277622,0.32734784483909607,1.0,0.0004904412780888379,0.016372285783290863,0.9186787605285645,0.06445847451686859,0.49844054968643164,0.9992922405395368,0.0007085192900533271,0.8669238827062334,0.0688343754553428,1.9036477892007329,1.897935625156794,1.9047597630130262,0.190475983764249,0.03626802434335459,0.49844054329202225,0.003602865881447697,0.15673747581753633,0.15313460993608863,1.9047597630130262,0.06883437581978955,,,,,,,0.190475983764249,42,syn_diag,747,4,0.42166727781295776,,,False,6cf086f2340bbbf486a1bc8e6cead4a2018bebc0330150896a723c9da567e928,e08483529ca7f2deeea10e791718c78ddcdf924ace9cffa464fe6a5bc79f4848
0.578125,0.4880152940750122,0.465640724287286,0.9541519378314327,0.001855069538578391,3.7207064628601074,939.0382080078125,9916.3603515625,0.0010649573523551226,0.2691344618797302,1.0,0.0005036114598624408,0.01709342747926712,0.9285697937011719,0.05383319407701492,0.5503724988584221,0.9997707756276267,0.00022928487800752008,0.8349192251180177,0.048637319880159346,1.9041184567194176,1.897935625156794,1.904756654757179,0.19047567232108145,0.025626432864979624,0.5503724982094318,-0.0018529225915288189,-0.14480851293086894,-0.14295559033934013,1.904756654757179,0.048637319928488854,,,,,,,0.19047567232108145,42,syn_diag,748,4,0.4045722484588623,,,False,09b71a39cadaf0b570230b82ad3397c6a00d4836de6b61d7828dc1a954b0e3e6,112a89eecca769da3bbedc1fcff3fc467da24c6f2069a81fb1068451c8e6e920
0.578125,0.4755701720714569,0.46884621052445086,0.9858612741244259,0.0015054198447614908,3.861807346343994,1177.923095703125,6082.8232421875,0.0008497523958794773,0.25894883275032043,1.0,0.0005057879025116563,0.01702185533940792,0.9310131072998047,0.05145924538373947,-0.050152631774644435,1.0000357848605037,-3.553449551411273e-05,0.9987415649161011,0.05697569766192222,1.895730847331165,1.897935625156794,1.8965691020100288,0.18965691744421329,0.030019826229451416,-0.050152631806584747,0.00450136024664385,0.09333272960385355,0.0888313693572097,1.8965691020100288,0.05697569762468938,,,,,,,0.18965691744421329,42,syn_diag,749,4,0.5688179731369019,,,False,1ea743c39e831c14cb470b90b54c6b8eddfb196b5cb407739e37d65eb7cf1bf0,2e9170390cfa88da952da754690f2debb5d8446de2e09c99903c161e09a8a6d7
0.609375,0.4647381901741028,0.4612127066681135,0.9924141047073716,0.0020203236490488052,3.8750228881835938,1215.47705078125,10981.1357421875,0.0008229685481637716,0.25874096155166626,1.0,0.0004669663612730801,0.015828173607587814,0.9230939149856567,0.06061095371842384,-0.06570276267597439,1.0000218806367311,-2.1825701522180816e-05,0.9978392390244454,0.049958683370665204,1.8947766307744045,1.897935625156794,1.895518935314591,0.18955189965951005,0.02632264377592451,-0.06570276717008272,-0.002705969041563164,-0.11646288698313911,-0.11375691794157596,1.8955189353145911,0.049958683583643346,-43.48579678901572,0.017234390616592914,0.589213661969912,1135.8115234375,0.5396029949188232,0.5399261713027954,0.18955189965951005,42,syn_diag,750,4,0.5428698062896729,,,False,b8993e72fd4ab890b807ac858d124f15fbc7f7ea0355bee1b9441fa30527ebcb,d9290da8b6cc6750329383cd188665c5187a01835007711ba3ffb822fd42be57
0.55078125,0.506495475769043,0.46887981987100336,0.9257334820831234,0.0005620734300464392,2.445556163787842,1041.9537353515625,1677.2484130859375,0.0009598365286365151,0.40892958641052246,1.0,0.0005753189325332642,0.01977340504527092,0.9428486227989197,0.03680267184972763,0.6900646227997883,0.9990646186884119,0.0009358634774338483,0.7237477574009701,0.06072312665855673,1.8992538729211474,1.897935625156794,1.9003143881222597,0.19003144557827928,0.031994302574676746,0.69006462328291,0.011106504282214874,0.2849354389736773,0.2738289346914624,1.9003143881222595,0.06072312664042261,,,,,,,0.19003144557827928,42,syn_diag,751,4,0.5520263910293579,,,True,3d3f8e3f4b9a40593a867646a19dbf1d8703399a719974be0e421a75fc9a25ff,35c8eb2ed04ca0da3c6cae6aacce6b91c5734dbc31a986fe635d4e8db52d5bd7
0.60546875,0.46506261825561523,0.4613944789415856,0.9921125732539082,0.0022778762504458427,4.057068824768066,1035.54150390625,2395.06689453125,0.0009657469927333295,0.25008609890937805,1.0,0.0005890970933251083,0.020697226747870445,0.9486631155014038,0.03005056083202362,0.4143893209059424,0.9996507598384241,0.0003495349183006205,0.9100997146911717,0.04341084926731195,1.9011092580485704,1.897935625156794,1.90171379753877,0.19017138718123638,0.022872666855443414,0.41438932133012735,0.0024084126044105,0.08761721891576564,0.08520880631135513,1.9017137975387701,0.04341084925767841,,,,,,,0.19017138718123638,42,syn_diag,752,4,0.6831340789794922,,,False,f75f0bafe834d94cdae4d301cc71ddcea17bf073319e3f01306e1d63a8c69925,9403eb112c4866e38f7e8d7c16610f0faf122cb89a3d2752cea4328417253e98
0.55078125,0.49317193031311035,0.473536817030732,0.960186029722755,0.0007659735274501145,3.319225788116455,1248.60205078125,2355.338134765625,0.0008011565660126507,0.3012953996658325,1.0,0.0005839872173964977,0.019815731793642044,0.9455153942108154,0.034084901213645935,0.5885094050722608,0.9994096649561797,0.0005906644646700565,0.8084903710731721,0.05572946312055757,1.8984821829540226,1.897935625156794,1.8991539506762107,0.18991540146811367,0.029363199879829556,0.5885094050468138,-0.0009548310126758587,0.06801984446245608,0.06897467547513195,1.8991539506762107,0.0557294631016339,,,,,,,0.18991540146811367,42,syn_diag,753,4,0.7435348033905029,,,False,6329b010c2a8b58da7e82940cc6abb87c80b71e25947d43f2c2fc82913eb613b,32353b3d386e15721b72a1388377583fb2f5e80009b11e2c18881abe9edcc04e
0.5546875,0.49371200799942017,0.47221967004108156,0.956467906437404,0.0009951683459803462,3.277378559112549,944.8134765625,2138.45849609375,0.0010584101546555758,0.3051234483718872,1.0,0.0006055779522284865,0.020279040560126305,0.9455368518829346,0.031464654952287674,0.6594387045305776,0.9990585465184664,0.0009420306690008248,0.7517583354687956,0.055900803265870276,1.9019017654009602,1.897935625156794,1.9028213895591366,0.19028214652904446,0.029453476990939927,0.6594387044250978,0.007192433453256963,0.23144425184926587,0.2242518183960089,1.9028213895591368,0.055900803260902805,,,,,,,0.19028214652904446,42,syn_diag,754,4,0.3994821608066559,,,False,1ce907386ba26caca195d07e1c8f4ba3705a0487129728f04b7bde30006bb8b4,02a5619e3c24e32621afbdb03933f09aa2247123cd226ed9c30353d2198b3f1c
0.53515625,0.5356237888336182,0.4670737819637709,0.8720183933892401,0.0004846522060688585,1.4436036348342896,1113.52734375,1587.3106689453125,0.0008981527062132955,0.693828821182251,1.0,0.0005650043021887541,0.019365649670362473,0.9399234056472778,0.037093304097652435,0.7667160641473936,0.9990920670496368,0.0009082223722585811,0.6419863526306039,0.0573060333974861,1.894621469061793,1.897935625156794,1.895570501966968,0.18955705750026508,0.030193876250529668,0.7667160640558383,0.01684892224215142,0.485591301088706,0.4687423788465546,1.8955705019669682,0.05730603340072537,,,,,,,0.18955705750026508,42,syn_diag,755,4,0.6703927516937256,,,False,4b6c047eaa1511484f1c536547c63ef3f2c0578955de592af0f82ec00ffa93e5,180f5c642f0ef854c3c501df5c053f9f99d4a2021aecf57bd5f423c525c737cb
0.5625,0.5038405656814575,0.46592754369589084,0.92475187462225,0.0009556352160871029,2.666584014892578,1011.181640625,2191.3115234375,0.000988947693258524,0.3762052357196808,1.0,0.0006034190882928669,0.020360898226499557,0.9446739554405212,0.03436177968978882,0.5434351989309276,0.9992146844907844,0.0007860532615413865,0.8394511209939935,0.05675765626718252,1.8987146782745938,1.897935625156794,1.8993752071065721,0.18993752696698407,0.02990494277826926,0.5434351992935315,-0.0013679608272377467,0.10635963264300913,0.10772759347024688,1.8993752071065724,0.05675765624135939,,,,,,,0.18993752696698407,42,syn_diag,756,4,0.5757452845573425,,,False,7737526a3da77f4db7a999c5f854b5f0e3a6e93376e641922a6ab1a5583ecbfc,aa8a22993c4410c842f6da26870bb733bba5221d3b68c828580464365fc728ee
0.55078125,0.5117837190628052,0.4619895221512036,0.9027046197668791,0.0009458793792873621,2.596540927886963,1016.3739013671875,1811.3150634765625,0.000984071521088481,0.3851402997970581,1.0,0.0005993680679239333,0.02004465088248253,0.949496865272522,0.029859106987714767,0.46311969846833584,0.9994505837481851,0.0005499704413192494,0.8862957434507379,0.0495571638837176,1.8982718912605439,1.897935625156794,1.8990097893486373,0.1899009862552525,0.026111087871906836,0.46311969822866905,0.005286201491925344,0.2445769051556859,0.23929070366376054,1.8990097893486373,0.04955716389364109,,,,,,,0.1899009862552525,42,syn_diag,757,4,0.582177996635437,,,False,d753db7aae26a29efe520a001c33494076e7799ba2c06fd19232bbd28886e943,4794502941c7d8a357946f5fe49a00b8b9e44cd45aadad76aa6858448b59c227
0.54296875,0.5146580338478088,0.4704780496830969,0.9141566323117487,0.000352894130628556,2.1535227298736572,922.335693359375,1957.3026123046875,0.0010842049960047007,0.4643555283546448,1.0,0.0005765327368862927,0.01988682895898819,0.9460152387619019,0.03352139890193939,0.3419028257317121,0.9993713913063108,0.0006301093490667562,0.9397353125897678,0.06201138173723803,1.9011285797913986,1.897935625156794,1.902230391414561,0.19022304664146478,0.03267306905210887,0.341902825583359,-0.0009685340609383617,-0.03347382131108993,-0.032505287250151574,1.902230391414561,0.06201138174364204,,,,,,,0.19022304664146478,42,syn_diag,758,4,0.4358694553375244,,,False,54ee4ca2737168db03ec8ec5872080de534b140a0a39c0bc970731a4939ba069,2205fbfefdeca60d10cc2282bd722d7a50d4c658e780399835176d6cbb026092
0.55078125,0.5042920708656311,0.4741960452855871,0.9403202832245022,0.001601131516508758,2.7557554244995117,1059.6607666015625,1629.9976806640625,0.0009437153930775821,0.3632938265800476,1.0,0.0005818919744342566,0.019959839060902596,0.9532411694526672,0.026217084378004074,0.49794138286234274,0.9995321042430997,0.0004682284023683,0.8672106890476216,0.043361874029403245,1.8925310390582835,1.897935625156794,1.893095298324936,0.18930953666983938,0.022846862377536196,0.4979413829012556,0.0061252757851165554,0.23193661290708137,0.2258113371219648,1.893095298324936,0.043361874037726636,,,,,,,0.18930953666983938,42,syn_diag,759,4,0.7391306161880493,,,False,c9fe5da147b6ef3c0740698f51936c8d94a49d584862b3262d83edd705e50972,2c577a99732627464b5c794a629479eda12e67355cf76992ee84d03d077e4440
0.59765625,0.4690057337284088,0.4599171450124317,0.9806215688965504,0.002558165229856968,4.158601760864258,989.8500366210938,2004.2110595703125,0.001010420499369502,0.24073880910873413,1.0,0.0005556062096729875,0.019699275493621826,0.9493932723999023,0.03035186603665352,0.7113604028091315,0.998869708246334,0.001130916696837723,0.7028274164400734,0.06414439486070805,1.8996002310286013,1.897935625156794,1.9007658642756287,0.1900765915773426,0.03379692862626734,0.7113604015492528,0.009594859110212189,0.2348047561533669,0.22520989704315472,1.9007658642756287,0.0641443948732881,,,,,,,0.1900765915773426,42,syn_diag,760,4,0.46366655826568604,,,False,adb8f1b41a71d82f6a8bb54f31f78e6dc0c95a0eb0585240e0c0affc5e611d2d,fb9a15cef8854eaddff9bbe035cb6244a468f72d0441af7d6ff289e3e82cd1ea
0.57421875,0.49597853422164917,0.4633544071693386,0.9342226478423966,0.002043267246335745,2.688779830932617,938.1837768554688,1765.2554931640625,0.0010659049730747938,0.37207168340682983,1.0,0.0005825181142427027,0.020232370123267174,0.9453238844871521,0.033861204981803894,0.3158354163823079,0.9994995788193122,0.0005015568935245533,0.9488139911075574,0.048449360503742225,1.9035662378909413,1.897935625156794,1.9043553926871681,0.19043554653388603,0.025527399276102505,0.31583541640813384,0.0018039813593770636,0.07387433014837515,0.07207034878899808,1.904355392687168,0.048449360500354345,,,,,,,0.19043554653388603,42,syn_diag,761,4,0.5365557670593262,,,False,8cecbe21e5cbaafb0a46bb107f691a32721b69b156a4b1a27f57eb4ef48c72b3,5c3c9164703af6bd22f45028690a527ffcd880cf4a748e49228c3df71962bbf5
0.60546875,0.45812463760375977,0.4645379243451383,1.013999035463846,0.0022924283985048532,6.392808437347412,880.1812133789062,1894.046875,0.0011361618526279926,0.15642599761486053,1.0,0.0005397176719270647,0.020039968192577362,0.9450792670249939,0.030856965109705925,0.5537063557924575,0.9991029171558037,0.0008979955671519794,0.8327119979490146,0.051753148885887015,1.895288066980209,1.897935625156794,1.895965403414648,0.1895965467591775,0.027268126589690977,0.5537063550522882,0.004857238417857995,0.2835868742219732,0.2787296358041152,1.895965403414648,0.05175314888976339,,,,,,,0.1895965467591775,42,syn_diag,762,4,0.5440413951873779,,,False,3ee8620164c3b08d5ccbbfe9c0605148686feb5ccd879b12b48e88c9cda6eaf4,eb69e3d27f16bc423618c3c4aa1cc8bb2afaa6a2bc2ed95d94cee16438e71e5b
0.52734375,0.5336878299713135,0.4633935370626083,0.8682857957816347,0.0006735727074556053,1.706286907196045,869.0263061523438,1610.18359375,0.0011515209916979074,0.5875263214111328,1.0,0.0005601111333817244,0.019245266914367676,0.9462149143218994,0.03397971764206886,0.39599699086581974,0.9994347394440082,0.0005661226937741691,0.9182518081613523,0.050155399149668996,1.8958885059696138,1.897935625156794,1.8966966755174712,0.18966967474892055,0.02642629101052839,0.3959969909271224,0.0030640868698649237,0.11140657760006166,0.10834249073019674,1.8966966755174712,0.05015539915875316,,,,,,,0.18966967474892055,42,syn_diag,763,4,0.40005752444267273,,,False,f11d8516e600c6cd6dedd20931684151c0336f889f7676ad67def44aa70d80fd,9d828f01533f6875606aef774c9d4327635fd5494ae3ffb8575c75a7994d84d8
0.578125,0.48936671018600464,0.4661285706699389,0.9525139231714883,0.0003252086171414703,3.316195249557495,1107.20068359375,1830.857666015625,0.0009031816152855754,0.30208253860473633,1.0,0.0005644224584102631,0.02011764794588089,0.9369148015975952,0.04240318387746811,0.09250677747884876,0.9998781349729057,0.00012273779785858596,0.9957120548055396,0.05599992681871601,1.8976996121398395,1.897935625156794,1.8986269124673414,0.18986269761934885,0.029505704027269198,0.09250677760381057,-0.013273280452772228,-0.22598065514163615,-0.21270737468886391,1.8986269124673416,0.055999926807360066,,,,,,,0.18986269761934885,42,syn_diag,764,4,0.49514979124069214,,,False,8b25cf1705b9a2569e3fcd60eeeaf44e6f0a5a638a66612a2f610fc04675b0e8,bc54c438bbca7d43b4173081a8a8d418fd191bd338cb8ec1ca618a39ac8c6ac8
0.578125,0.49128395318984985,0.46803581893972784,0.9526788029704526,0.0007244714070111513,3.33530855178833,1248.4912109375,1970.69091796875,0.0008010445162653923,0.29982227087020874,1.0,0.0005498358514159918,0.019908301532268524,0.9427200555801392,0.036821797490119934,0.3438523462305788,0.9996300409178207,0.00037047105689631804,0.9390237291743249,0.044907301837830725,1.895205017547012,1.897935625156794,1.8958436490648003,0.18958437173998066,0.023661130147181436,0.343852345922382,0.00838853750484556,0.2692920095668657,0.26090347206202014,1.8958436490648003,0.044907301829316355,,,,,,,0.18958437173998066,42,syn_diag,765,4,0.7159568071365356,,,False,694811688ea8f199b71555f7ba7f79c3875f6690cf07b3a505f9ebdc377c8bff,113bf0635715030052da4f85365f21985338e8a97fd4447791c98013bb7b2384
0.57421875,0.4812951683998108,0.4681054920501949,0.9725954645687852,0.0015318170189857483,3.7672533988952637,1087.3115234375,1716.0576171875,0.0009198607876896858,0.2658354640007019,1.0,0.0005645849159918725,0.019593004137277603,0.9466844797134399,0.03315793722867966,0.19971342611339696,0.9997874785919516,0.00021306792936789045,0.979854350089366,0.04684062178259614,1.894868079743187,1.897935625156794,1.8956152859715902,0.18956153618751498,0.024679773729786973,0.19971342586369809,-0.001796524455915956,-0.0066659665210320965,-0.004869442065116141,1.8956152859715905,0.04684062178014995,,,,,,,0.18956153618751498,42,syn_diag,766,4,0.584682822227478,,,False,0e2cde4f30fcebae83ecae2937d2ece0fca324b313cc873da7b4d64d0d8c0370,58b865888180aa0cf662e6f91f5e62844f700e8e1029c4176d03eb5b28f99f3c
0.5703125,0.49362069368362427,0.46953618914937495,0.9512085335943816,0.0015376340597867966,4.347002029418945,1006.7839965820312,2334.478271484375,0.000995095120742917,0.23004356026649475,1.0,0.0005150891374796629,0.019225535914301872,0.9426974058151245,0.03756199777126312,0.5108522672308297,0.9996688939285365,0.0003312614987025723,0.8596685181086126,0.03883160372601328,1.896486765114463,1.897935625156794,1.8970307399312247,0.18970308133992494,0.020459916137980087,0.5108522683471493,0.0005354327811362839,0.06304251459109157,0.06250708180995529,1.8970307399312247,0.038831603714583975,,,,,,,0.18970308133992494,42,syn_diag,767,4,0.4959697127342224,,,False,0f7474f3cb610ad9645564da087d9e4a9f730f3037aca17d766a696a92b7e9ca,2ad7a6cc810e40c775e639d252bacc79853d588936427d6e7f7cf0956f3f049a
0.50390625,0.5538347959518433,0.46633901822566387,0.8420183326774052,0.0002912377822212875,1.1625945568084717,901.3995361328125,1826.513916015625,0.001109392149373889,0.8615367412567139,1.0,0.0006005377508699894,0.020525237545371056,0.9449793100357056,0.033894918859004974,0.4846595182858617,0.9992233645624302,0.0007776210161020254,0.874702893159904,0.04692448769914591,1.9006379552467765,1.897935625156794,1.9012934291693957,0.1901293489486264,0.024723961696669565,0.4846595187452701,0.013961648552413455,0.26475465281713445,0.250793004264721,1.9012934291693957,0.046924487714001914,,,,,,,0.1901293489486264,42,syn_diag,768,4,0.5224990844726562,,,False,c1da1154b560fc317dcdf9a3a3d92d2f4bf18ffa358868186bae09fd261fff22,a0a21f2958455a1a079433d3bca0ec6ecca71fb322523f1439b5d323a9fb13c2
0.5859375,0.4842849373817444,0.4636540621256325,0.957399296725968,0.0006241615046747029,3.448429822921753,1090.9945068359375,1729.2166748046875,0.000918193778488785,0.290547251701355,1.0,0.0005740783526562154,0.019531629979610443,0.9500789642333984,0.026274992153048515,0.4509403387908453,0.9994711400020905,0.0005294093033510232,0.892554094055292,0.043850816396938004,1.896685060246771,1.897935625156794,1.8972574000314488,0.1897257464042109,0.02310448037103063,0.4509403388232069,0.0041015011341875756,0.22583302067997438,0.2217315195457868,1.8972574000314488,0.043850816396583336,,,,,,,0.1897257464042109,42,syn_diag,769,4,0.7025887966156006,,,False,76dbe3d0f8ecbb18512c40dffb4bd8b98a60b44d2e5abc886d8299fd29cc4111,6eafc3f7e39631d3abc5354c1bccb9fc6cd0af4bdffea4b8abbb41aad0ddbb84
0.5703125,0.4796221852302551,0.4718045726792461,0.9837005128058158,0.0004971561720594764,3.4753055572509766,1015.9122314453125,2063.004638671875,0.0009843437001109123,0.28779488801956177,1.0,0.0005760270869359374,0.02016642317175865,0.9400562644004822,0.0392012745141983,0.71574391738655,0.9993060133057333,0.0006942162604853373,0.6983628317023306,0.04676502030706509,1.898666342782836,1.897935625156794,1.8993437497303247,0.1899343821618592,0.024639940199856387,0.7157439173237974,0.01402689019488615,0.45376404377553275,0.4397371535806466,1.8993437497303247,0.046765020292796285,,,,,,,0.1899343821618592,42,syn_diag,770,4,0.5683363676071167,,,False,9f4bd989c5d3018fabdac9b7fc09e9b4fcb6a9cca31bf81e8e32a321d130ea89,d5cec8116ca8ce44a76640eae3492412970a343a06cff1fd044ba96c9be6d77c
0.57421875,0.49220383167266846,0.46517069588730087,0.9450773920511032,0.0010985080152750015,2.9387078285217285,1013.3745727539062,1650.1051025390625,0.0009868806228041649,0.34030717611312866,1.0,0.000522931688465178,0.01931600272655487,0.9440627098083496,0.03609833866357803,0.7135371458616799,0.9988928855822183,0.0011077065644892572,0.7006174001982631,0.06547199636020312,1.897541143685354,1.897935625156794,1.8988731920274957,0.18988732677721953,0.03449642627091727,0.713537145953738,0.007583959264562646,0.330069140857065,0.3224851815925024,1.8988731920274957,0.06547199635245017,,,,,,,0.18988732677721953,42,syn_diag,771,4,0.626916766166687,,,False,8eda0e42fc1485f497006f979cd2bcc3803e7cc4d3af042b247f0227777f70f5,cf9e889d5475a08588f021737a5aa07f7bb815e5ca4bf50c35b6850de457c056
0.53515625,0.5363489389419556,0.46078790318935614,0.8591197215671511,0.0007807056535966694,1.6367850303649902,982.2637329101562,1727.9715576171875,0.0010181806283071637,0.6141173839569092,1.0,0.0005721189081668854,0.01979081518948078,0.9412973523139954,0.034575022757053375,0.56001494305384,0.9991278013474955,0.0008730334446270498,0.8284825064709479,0.04899224011223256,1.8962456742253122,1.897935625156794,1.8969054402467431,0.18969055115725364,0.02581343616865791,0.560014942560011,-0.00021342109962142308,-0.07290664256186803,-0.0726932214622466,1.8969054402467431,0.0489922401303808,,,,,,,0.18969055115725364,42,syn_diag,772,4,0.5412630438804626,,,False,d41476777d8c868efa170a22ddcc8c8e1df9d3e80169467c2d87ef13bf6c7908,7e8799f25bbe7fe5029a8bef53ee374ecbdfb6ec8f15fd16ccd90ad77482d31c
0.59765625,0.4695795476436615,0.4627891506642376,0.9855394307491914,0.0006224559620022774,5.026274681091309,971.830078125,1878.17822265625,0.0010294142412021756,0.19896316528320312,1.0,0.0005389003199525177,0.01928383857011795,0.9394465088844299,0.04073072969913483,0.5102147550879808,0.9991535321294931,0.0008474891501130436,0.8600470357294526,0.06296923053071529,1.8956856625545833,1.897935625156794,1.8967311871500927,0.18967312573058934,0.03317774833668557,0.5102147551278418,-0.0026474549963521293,-0.045021074286344116,-0.04237361928999199,1.8967311871500927,0.06296923050251547,,,,,,,0.18967312573058934,42,syn_diag,773,4,0.5825681090354919,,,False,59e6f3c4453671740bf037a7d494749980b38136daf3ece8f6e634c6114585f1,fb755e8bc05f957bbb73149b9616aea67222c70fde5f150d5be828c5fa4ee3d9
0.58984375,0.46441829204559326,0.4658118842927537,1.0030007228575977,0.000950060086324811,5.4500412940979,922.4022216796875,1731.2730712890625,0.0010846150107681751,0.18355372548103333,1.0,0.0005586964543908834,0.02042362093925476,0.9457387924194336,0.029777705669403076,0.24925649050320306,0.9996361136316926,0.00036489169328964477,0.9684375054196332,0.04856326399158862,1.8944337074444026,1.897935625156794,1.895151048990781,0.18951511171948418,0.02558741368667395,0.24925649129238714,0.0037621301057733786,0.04423686412472602,0.04047473401895264,1.8951510489907812,0.048563264006001756,,,,,,,0.18951511171948418,42,syn_diag,774,4,0.5099541544914246,,,False,25ebbcc45710c7fd2406d4805a4afb0a48f62ecc95d5dcf499f210b52347dca9,f7b0a2dd6aba35278e59f5c1cd13149786d6146fd5ec433e38c819196d9f0ac2
0.55078125,0.4969491958618164,0.47533093295603573,0.9564980288725653,0.0013892640126869082,3.7361679077148438,1086.0679931640625,2231.236083984375,0.0009208974661305547,0.2676723003387451,1.0,0.0005470634205266833,0.01972701959311962,0.9470552206039429,0.030107557773590088,0.739804259601463,0.9992595810128878,0.0007406460154092033,0.6728221588627249,0.048073912910901975,1.9101647659388834,1.897935625156794,1.9108057160794838,0.1910805786882954,0.02532958034701789,0.7398042594511003,0.010944902928475862,0.30098563580900267,0.2900407328805268,1.9108057160794838,0.048073912916549374,,,,,,,0.1910805786882954,42,syn_diag,775,4,0.550552248954773,,,False,ad1b0ebe32ee906545b509e7750817c346c2a00fc61c091c1f68eee4ae010545,e809765b559b831a23e8d8b2a8c4467f36f394fb81cf99bdbeffa343cd012b16
0.546875,0.5279397368431091,0.46320756914493033,0.8773872427459917,0.0006895269034430385,1.6907401084899902,959.5676879882812,1829.3309326171875,0.0010422909399494529,0.5927886962890625,1.0,0.0005677007138729095,0.019660305231809616,0.9477096796035767,0.03206228092312813,0.5384793560159921,0.9993715105601463,0.0006289741179062813,0.8426387025915983,0.036087984889632684,1.8983473291665496,1.897935625156794,1.8988159603921375,0.18988160351680372,0.019014335581920665,0.5384793562546377,0.002543116372815455,0.17828938555648585,0.1757462691836704,1.8988159603921375,0.036087984874120335,,,,,,,0.18988160351680372,42,syn_diag,776,4,0.4995986223220825,,,False,d17ef1ffba8ccec2d567c99cbe5af257637a18be471bb720a73ca3ab19618037,657e918c7e6055474c47bd78250d83f225b7688a8f62db49b17a6f877fbf896f
0.6171875,0.43870604038238525,0.4622252829726481,1.0536104715939472,0.0005025890422984958,10.16797161102295,1178.95263671875,2113.478759765625,0.0008482130942866206,0.09837102890014648,1.0,0.0005268347449600697,0.019703377038240433,0.9377557635307312,0.042014043778181076,0.3119383785057494,0.9997043394067585,0.000296067301068989,0.9501023355257414,0.04127993622426534,1.8988323535867373,1.897935625156794,1.8994472797172992,0.18994473467564704,0.021749913789006058,0.31193837638923966,0.008722957202537844,0.2930108510388472,0.28428789383630937,1.8994472797172992,0.04127993612854832,,,,,,,0.18994473467564704,42,syn_diag,777,4,0.6976630687713623,,,False,dbc051b2420c39f64b39de057d9e3fe50e5f0c84c8b4376b9bb3024eaaab71e9,d15412d21083c84e704fb8dcfc5a1198682176246cc101b8e0566bd5a9c8ffd6
0.55859375,0.5083823204040527,0.4657634037592979,0.9161675334724824,0.0009952094405889511,2.4205148220062256,1149.50439453125,1843.9974365234375,0.0008699409663677216,0.4132889211177826,1.0,0.0005383152165450156,0.019017910584807396,0.9411006569862366,0.032431185245513916,0.39907459825741165,0.9995361533261089,0.0004644162341135271,0.9169184614729193,0.04694225646207869,1.9002944141706233,1.897935625156794,1.9008471546088046,0.19008472274502525,0.024733323849261704,0.39907459803134776,-0.0019715892405504022,0.05681238327341207,0.058783972513962474,1.9008471546088044,0.04694225650163997,,,,,,,0.19008472274502525,42,syn_diag,778,4,0.527786135673523,,,False,e39b02f52b8c83a3fba93029d6bb73a22ca4f04b87f6181d2b0a35243503fad8,22a5257057120ba5f7d6ea55530ce86de82f34ae3c36102571961de6d45f4178
0.56640625,0.5003460645675659,0.4662004345120859,0.9317559832991255,0.0027242715004831553,2.7637741565704346,1058.29638671875,2197.71484375,0.0009449162753298879,0.3666316866874695,1.0,0.0005243982304818928,0.01972867175936699,0.9480096697807312,0.02870006486773491,0.7171354342704499,0.9991039686595861,0.0008964111400983495,0.696933833943698,0.05316785638627891,1.9001922028948852,1.897935625156794,1.9008564339605458,0.19008565086650533,0.02801351936362886,0.7171354346081449,0.005920758532970221,0.1697617451386469,0.16384098660567667,1.9008564339605458,0.053167856380388866,,,,,,,0.19008565086650533,42,syn_diag,779,4,0.5950052738189697,,,False,812ca9ab399ea147f6d6225aea84306c9c852c7cf40a931aff17412a6a3828da,ad4132bfbb194a7b394bba2de35b5a83b3191683013bf31b11e0f2cab03cc60c
0.5703125,0.5075762271881104,0.4596797393654662,0.90563679223419,0.001038949005305767,2.4014298915863037,661.4746704101562,1800.51318359375,0.0015210912097245455,0.4165189564228058,1.0,0.0005032570334151387,0.01874297671020031,0.9403592348098755,0.03326510637998581,0.3800707113899046,0.9994149098209878,0.0005861080540334201,0.9249574337871858,0.0673769993365176,1.8984815715404866,1.897935625156794,1.8994275569194343,0.1899427624713085,0.03550014997527426,0.38007071171862084,0.0024120673130956427,0.13646090968197283,0.13404884236887718,1.8994275569194343,0.06737699928869655,,,,,,,0.1899427624713085,42,syn_diag,780,4,0.3967302739620209,,,False,1a019462491e8867e43297684b36b5ca628103ce4a682250da981c190c6df57c,c947c179a59b8dc39c61ec72471c1518d20c924e76f9004b65716b6a58288dd1
0.56640625,0.5045157670974731,0.46328396945608646,0.9182744127413351,0.001178874634206295,2.610644817352295,1048.878662109375,1901.8990478515625,0.000953404582105577,0.38483157753944397,1.0,0.0005130987847223878,0.019442124292254448,0.9440061450004578,0.03265976905822754,0.3003667620193165,0.9995001624046935,0.0005011043024187133,0.9538237825894357,0.044583868352911435,1.8938696075433281,1.897935625156794,1.8944706158166968,0.18944706931252017,0.023490716840938553,0.3003667629734955,-0.004112990286977077,-0.09360715767408295,-0.08949416738710587,1.8944706158166973,0.04458386835142188,,,,,,,0.18944706931252017,42,syn_diag,781,4,0.6013170480728149,,,False,9a2fdce0f4d830bddc259700e3f767d8b6dbc6187ae37daa4ec71f12d662630a,78468660f6639ae731919bb6bda04f199a479388a22a6378136454d8fa982363
0.59375,0.4509640634059906,0.46818061254216486,1.0381771985552064,0.0012838367838412523,6.132081031799316,1055.67431640625,2219.113037109375,0.0009473473764955997,0.16310462355613708,1.0,0.0005028636078350246,0.01959998346865177,0.9461060762405396,0.03379109129309654,0.6544225495418606,0.9991268576961635,0.0008736522237362553,0.7561290409912941,0.055194888070219446,1.8969154561310608,1.897935625156794,1.897804837118236,0.18978049062423283,0.029081538561472838,0.6544225496411723,0.006785611204231565,0.19588406705592207,0.1890984558516905,1.897804837118236,0.05519488806312009,,,,,,,0.18978049062423283,42,syn_diag,782,4,0.5155389904975891,,,False,c5bcb47af34695f9f2e389f6ea20d6bb4ced24c5468f5fb83f192397464130d1,639a4b69976a682ca93704afeb149a993411f5a6abe35032996fb724ee62a562
0.6015625,0.47956204414367676,0.45708219784349846,0.9531242284123786,0.0014147739857435226,3.534101963043213,1137.1038818359375,2531.346435546875,0.0008795282919891179,0.28312981128692627,1.0,0.00053246202878654,0.019435686990618706,0.9526381492614746,0.02739376202225685,0.5848837462751614,0.9995449513102617,0.00045524807449924,0.8111171329195604,0.04787382147353411,1.9001441748382424,1.897935625156794,1.9005988100254374,0.19005988810604152,0.025224154517650664,0.5848837460332987,0.005703740456468863,0.12940133786140817,0.12369759740493931,1.9005988100254376,0.047873821470117,,,,,,,0.19005988810604152,42,syn_diag,783,4,0.6261940598487854,,,False,f1bf36152d43e0d696f0e79a2dcc4f60b7523956f051e8422e413eb761bbfa4d,ad9ebdc43dc5f6457d3df0b6ad6eb657b33ff9481f05d831ceb284368fb404b1
0.51953125,0.5281614065170288,0.4740653938111115,0.8975767687122541,0.0008240608731284738,1.5452654361724854,1001.74365234375,1716.7425537109375,0.0009988055098801851,0.6476914286613464,1.0,0.0005372521700337529,0.019260194152593613,0.9445617198944092,0.03188066557049751,0.4111440811442251,0.9993327611641507,0.0006683374470368214,0.91157037277181,0.06719071718284896,1.898249641028512,1.897935625156794,1.8997620160020143,0.18997620793481979,0.03540200009537348,0.41114408109757933,0.002800917715041651,-0.009815092278613716,-0.012616009993655367,1.8997620160020146,0.06719071716336514,,,,,,,0.18997620793481979,42,syn_diag,784,4,0.6596484184265137,,,False,75b73d3cfdb07b9dce0cc29e2bd73da3ec844c42f98ce47cf72231264cc79383,9d0119cfe0516d2d1d50772d0fef39230581a299b7031823547431063767ba78
0.52734375,0.5412952303886414,0.4618177577600623,0.8531716489345286,0.000861255859490484,1.5337111949920654,951.4136962890625,1727.4056396484375,0.0010590548627078533,0.6554189920425415,1.0,0.0005611682427115738,0.019233083352446556,0.9451525211334229,0.031747158616781235,0.39834671059757015,0.9992490089902448,0.0007524932538581575,0.9172349198163524,0.06576687934525963,1.8951251909043263,1.897935625156794,1.8963060771571967,0.18963061490894315,0.03465179665395225,0.39834671086420814,-0.004234810192077837,-0.07041647798376256,-0.06618166779168473,1.896306077157197,0.06576687934543737,,,,,,,0.18963061490894315,42,syn_diag,785,4,0.6035541892051697,,,False,04dca49031d91d65f3dea847523169c1f8618861875f8735b6da37e38c77fb07,05964199edc06eb7ae1902cf9c963e0b8b5e3739255c3d0943162e47356a5212
0.51171875,0.5489675998687744,0.4656314126469579,0.8481946818447521,0.0006670062430202961,1.2781281471252441,1240.5057373046875,2703.957763671875,0.0008062879787757993,0.7830584049224854,1.0,0.0005514807999134064,0.0196592528373003,0.9457463026046753,0.031206082552671432,0.8106276368067171,0.9990961829584171,0.0009040304599419864,0.5855619817192268,0.06717357649066881,1.9010919657683358,1.897935625156794,1.9023998566886544,0.19023999360073654,0.03539296886588764,0.8106276376108527,0.01123948648561481,0.35164221641081833,0.34040272992520354,1.9023998566886542,0.06717357652810423,,,,,,,0.19023999360073654,42,syn_diag,786,4,0.7373639345169067,,,False,0486f27d2668d6124bd1e5e3774da1a41ead5e4264695a593ed9aae016b41f1b,ed2cc99d1999d0924f018ec81fa10c5fcc740635f2bf5399723dae0bbc94bd4e
0.60546875,0.4500232934951782,0.46138051190550505,1.025237007204613,0.0006901988526806235,5.17747688293457,980.737548828125,1823.15673828125,0.0010196546791121364,0.19314438104629517,1.0,0.0004992829635739326,0.019702915102243423,0.9434945583343506,0.036303188651800156,0.01857088767496054,0.9999760744231848,2.4818283811085292e-05,0.9998275461749002,0.04895246045299122,1.8966523994764573,1.897935625156794,1.89720569625152,0.18972057666800193,0.02579247673319864,0.018570887517864506,-0.0013277975950198569,-0.05874590013758749,-0.05741810254256763,1.8972056962515202,0.04895246047599678,,,,,,,0.18972057666800193,42,syn_diag,787,4,0.5213872194290161,,,False,0e0ba9a4feb36b030f95b33a2b3de86ce1be3d0ea11e854857449d68026591ad,ae1c69aa11fdbf6fc1563072ca3460f272f8f6463f28199c228ea51a9d688889
0.484375,0.5833442211151123,0.4635815041399866,0.794696377501676,0.0003673368482850492,0.790627121925354,816.1640625,1491.810791015625,0.001225508050993085,1.0,1.0,0.0005632188403978944,0.01995677873492241,0.9427330493927002,0.03674689307808876,0.7160740273577374,0.9990587100787575,0.0009417116568218398,0.6980243457927277,0.04009361263708331,1.897500598578867,1.897935625156794,1.8979069724674043,0.1897907039518301,0.021124853817815835,0.7160740273675831,0.004255522758352052,0.25203726637548934,0.24778174361713728,1.8979069724674043,0.040093612635232166,,,,,,,0.1897907039518301,42,syn_diag,788,4,0.41720128059387207,,,False,99373c41e5c0b9f0d0e98ba9937db83f41ddb278a1c5cba69ff2dbeb2baadc7d,3a090b9b763d433a39786039fa584a5139b5d4dd372dc023c172b2c8daac6aea
0.55078125,0.5154426097869873,0.4658607408035246,0.9038071808324865,0.0004529465513769537,2.6933248043060303,853.6531982421875,1755.1260986328125,0.0011731765698641539,0.37326377630233765,1.0,0.0005263768252916634,0.01906847208738327,0.9424800872802734,0.03792506456375122,0.3641788291023728,0.9994967370607535,0.0005040942995094558,0.9313290398136831,0.052019583463229276,1.9006326476321969,1.897935625156794,1.9014624379073333,0.19014625115138906,0.027408507840672613,0.36417882842100874,-0.003088024464169583,-0.09489752926850453,-0.09180950480433495,1.9014624379073333,0.05201958351805284,,,,,,,0.19014625115138906,42,syn_diag,789,4,0.3401331901550293,,,False,e5b2888891a0dd8f86765eca56d00beb6428e0b4258eeb45d22c3eb1efc1de99,6f3132a5bf3c9c3869de524c2fc903e902a0d857f54dc4c43b5bd67115d0b884
0.58984375,0.4717545509338379,0.46117826239079857,0.9775809120560851,0.0018592337146401405,3.8658053874969482,881.5433349609375,1848.4219970703125,0.0011344347149133682,0.25897425413131714,1.0,0.0005210239905864,0.018796706572175026,0.943161129951477,0.034217312932014465,0.35182994009717844,0.9994967947551235,0.0005041051079169221,0.9360639365001104,0.049879881018210205,1.9030598565378973,1.897935625156794,1.9035426178240438,0.1903542691854044,0.026281123741519526,0.35182994036741483,-0.00040789956341063285,0.016084465098916957,0.01649236466232759,1.9035426178240438,0.04987988100269462,,,,,,,0.1903542691854044,42,syn_diag,790,4,0.3666481077671051,,,False,12934305039947cd5a77515a1743268d31806d1a1cc18c4e810be1068d78833e,a460d68e9f66ea3c8d60d96b03a72473c44984c21fcf86e8a74621f9668ae17e
0.5546875,0.5162382125854492,0.4641804466685318,0.8991594033105081,0.000999456737190485,2.0441246032714844,1083.415771484375,1885.17236328125,0.0009234225726686418,0.4892113208770752,1.0,0.0005346294492483139,0.0194262508302927,0.9481042623519897,0.02804793417453766,0.6875554147497901,0.998754261989419,0.0012466057421782466,0.7261319106281063,0.06665845814774995,1.8988358938044163,1.897935625156794,1.9000271416120729,0.19000272144885724,0.0351215590582573,0.687555414469284,0.007123386060880495,0.21040698910502684,0.20328360304414633,1.9000271416120729,0.06665845812924492,,,,,,,0.19000272144885724,42,syn_diag,791,4,0.6167525053024292,,,False,19439fd05d06c60d09b143ea38fcc70ccb5d18d90d56cd2861944891fbad8ec5,997dfd8d815766f0b391f52ce04833ba70b6a617a0daf2f217613f7b623ec0ce
0.5390625,0.5244435667991638,0.4690366858888947,0.8943510826412644,0.0002975653624162078,1.5952545404434204,888.4930419921875,1827.9625244140625,0.0011262479238212109,0.6270333528518677,1.0,0.0005311501445248723,0.019641254097223282,0.9360668659210205,0.043760716915130615,0.5664774492962021,0.9989958345624778,0.0010052357559275672,0.8240772411728616,0.06861705825390675,1.8976121396824162,1.897935625156794,1.8988672226177252,0.18988672867715464,0.03615352246112243,0.5664774494390633,0.014466741512751255,0.43372622206948164,0.4192594805567304,1.8988672226177252,0.06861705826335818,,,,,,,0.18988672867715464,42,syn_diag,792,4,0.4128168821334839,,,False,1a52c5598f65e3bab3179ffc91f7b3fd79e84d155536d608b34976991b4cbbf7,caead6658c735062b525d3c14189fd6636a40792f5fb7480f739f8d071a67019
0.546875,0.5212270021438599,0.46623690774625154,0.8944987724810081,0.0005231214454397559,1.5811843872070312,1117.452880859375,1680.0142822265625,0.0008949281182140112,0.6329339742660522,1.0,0.0005582469748333097,0.019958484917879105,0.9486293792724609,0.03085389919579029,0.7973294133773916,0.9985226626291444,0.0014779641042076462,0.6035443699963464,0.08114635706796208,1.9015665012586287,1.897935625156794,1.9032039285463516,0.19032040050949417,0.04275506291801419,0.7973294133699528,-0.011433606465593162,-0.24955233950883055,-0.23811873304323738,1.9032039285463518,0.08114635707201034,,,,,,,0.19032040050949417,42,syn_diag,793,4,0.6277337074279785,,,False,79441978c4dc5b441af660333201768e66a05015c39d9aee952e239a6a55fe76,191784efaf00ad7e126f95c08449d0655aad2a9aa43a268a8efe5bc7a08638bd
0.55078125,0.5201864242553711,0.46462712545205814,0.8931934141268462,0.001166915986686945,1.9877686500549316,1180.928955078125,1851.9776611328125,0.0008485468570142984,0.5038132071495056,1.0,0.0005552282091230154,0.019968783482909203,0.9479684829711914,0.03150743246078491,0.1979440597950979,0.9998338035354674,0.00016653657322400573,0.9802133181790282,0.034135582172414795,1.898503756487823,1.897935625156794,1.8987785657818228,0.18987786401671486,0.017985637510532934,0.19794406014306318,-0.0024455411115021156,-0.06550665236931048,-0.06306111125780836,1.8987785657818228,0.03413558216917034,,,,,,,0.18987786401671486,42,syn_diag,794,4,0.6279065608978271,,,False,cacd6dc1ed2e808e3a172afa7b024fb216b6e0b8d0e3a4f715e7e4730276f3e2,8b8396eba0074c6d9fd33862546d68c09c4f96d1593d3c312274487c6a3935f3
0.55859375,0.5117465257644653,0.4667871520300996,0.9121452178699214,0.00048055569641292095,1.7675650119781494,1048.829833984375,2168.369873046875,0.0009539078455418348,0.5658448934555054,1.0,0.0005640295566990972,0.020440492779016495,0.9467324018478394,0.03226308152079582,0.27386617220239634,0.9997168593562039,0.0002836368727964302,0.9617678096494631,0.04085535333153798,1.8936720014279371,1.897935625156794,1.8942127254087227,0.1894212787411244,0.021526206047236863,0.27386617262489027,-0.0006378212512678197,0.0014060285935227242,0.002043849844790544,1.8942127254087227,0.040855353330028335,,,,,,,0.1894212787411244,42,syn_diag,795,4,0.6107305288314819,,,False,f6517a10ca5b58fc1655084bf83fd410584217c8f7f71fbd7b8fda255600a062,80c9e32fd967b1c6d47477ddc567ea0c7fe2555fbbdf56b75e40295caea12eda
0.5390625,0.5343854427337646,0.4610676603408939,0.8627998880143519,0.00036394246853888035,1.6615294218063354,923.115966796875,1685.21240234375,0.001083435956388712,0.6018548011779785,1.0,0.0005148246418684721,0.01877341978251934,0.9454726576805115,0.034946560859680176,0.5928425856035625,0.9993257445853921,0.0006746756663369745,0.8053183647898375,0.04785420155607596,1.8967242942023328,1.897935625156794,1.897382831861448,0.1897382903764367,0.025213817013470818,0.5928425857581696,0.008243256943981703,0.13636654954916308,0.12812329260518138,1.897382831861448,0.047854201559261796,,,,,,,0.1897382903764367,42,syn_diag,796,4,0.5669800043106079,,,False,5e0b4142ee39393d8a1b017eb35aa8c4c83e3798fb449ee2e4a15f2dd8abb938,f0f2ebd54c30fa55283855bc4b9733394a7e1fc05890ac92f78a7c74e7f6e874
0.515625,0.547183632850647,0.4673031818388515,0.8540153071614567,0.0006661665393039584,1.2465124130249023,983.7662353515625,2286.717041015625,0.001021012431010604,0.8030368089675903,1.0,0.0005270868423394859,0.01964741013944149,0.9420605897903442,0.03776492550969124,0.14520548518932547,0.9998171276036197,0.0001836555315247966,0.9894015196193836,0.04275926719367791,1.9017413427092307,1.897935625156794,1.9022647778869655,0.19022648461980968,0.022529355910120983,0.14520548431930383,-0.003168842891977537,-0.056136867160185705,-0.052968024268208166,1.9022647778869655,0.042759267180087726,,,,,,,0.19022648461980968,42,syn_diag,797,4,0.449390709400177,,,False,c30f81a995265564c62a8700ff5389c96ff7d35466b21e0ff9b6d46a45666802,d6b45b3676bf1dffd2e152e93e17a87cb19d8758c3e3f97e544387f2d93214e2
0.5,0.567367434501648,0.46268228986271603,0.8154896819501515,0.0010039914632216096,1.03520667552948,1003.9246215820312,2020.7747802734375,0.0009962148033082485,0.9622178077697754,1.0,0.0005375224282033741,0.01954491436481476,0.9451645016670227,0.034753069281578064,0.5400579241103636,0.9990215239508105,0.000979642563858665,0.8416278504069327,0.056643273448344404,1.8977926976152188,1.897935625156794,1.8985003761441146,0.18985004483503262,0.029844675813825397,0.5400579244970254,-0.0033512893872154658,-0.1698880304410837,-0.16653674105386823,1.8985003761441146,0.05664327345159188,,,,,,,0.18985004483503262,42,syn_diag,798,4,0.5537928342819214,,,False,60b3fbf9692ab3f30c640b86f63fb77469339aada0b25bd1a980cff50d05e588,f32a227d44aa0144d1393f7cf02910432e331c3afff2897f45faa16e2b25c800
0.55078125,0.5074543952941895,0.46913218844306703,0.924481518911733,0.0011567177716642618,2.900012493133545,912.1270751953125,2321.1884765625,0.0010977535275742412,0.346680223941803,1.0,0.0005889034946449101,0.020912159234285355,0.9433956146240234,0.03510328382253647,0.6089285023706994,0.9989768764236611,0.0010240141851771772,0.7932251124257597,0.07102444067515316,1.8956721342045908,1.897935625156794,1.8969031959023395,0.1896903255914389,0.03742194399730929,0.6089285022058519,0.01985201408379304,0.4271417669992345,0.40728975291544145,1.8969031959023392,0.07102444066866409,,,,,,,0.1896903255914389,42,syn_diag,799,4,0.5185739994049072,,,False,adbf14d7d5b00e4dfd78cf2e327f9573d661f775305c79244c1cfce533e762a3,a72bc1bddbad43fc8b0b2d46c8d9b852c0016ab43f706406d2d0f250e428899f
0.5703125,0.5129581689834595,0.464073521251865,0.9047006134893361,0.0010981456143781543,2.143160820007324,1144.7781982421875,2271.388427734375,0.0008735875599086285,0.46678227186203003,1.0,0.0005407918361015618,0.02015608549118042,0.9462803602218628,0.033022794872522354,0.40166208200739817,0.9993559235007802,0.0006451590588197855,0.9157879513532957,0.0498970846976255,1.8989526910627985,1.897935625156794,1.8996620453331048,0.18996621164081473,0.02629018815824012,0.4016620824356239,0.005155424930530026,0.29437705816791665,0.28922163323738664,1.8996620453331048,0.049897084731176725,-15.286587632532544,0.025379466232196675,0.8267734070348876,344.810302734375,0.7087146639823914,0.709410548210144,0.18996621164081473,42,syn_diag,800,4,0.7135359048843384,0.4902815690994263,0.8867,False,7879afe80625fc11907bbd9da247f7ba3c1dfae8bbfd300a2bc7c7041cb6165b,f82ea28d5b12899702c3ec2a7e988aaec61cdb008d07366e7530ba8c02cb5a8e
0.5625,0.503912091255188,0.46584789797483744,0.9244626645519063,0.0005086907185614109,2.3750457763671875,935.6241455078125,2234.4482421875,0.0010688956826925278,0.4211037755012512,1.0,0.0005447387811727822,0.019679328426718712,0.9244745969772339,0.0520598329603672,0.009208513985015454,0.9999846879584825,1.7020014200676933e-05,0.9999576007176154,0.05367555777019911,1.894691742431619,1.897935625156794,1.8952300045272923,0.18952300751797158,0.028281021262634518,0.009208515295798572,-0.0008508439771867502,0.09521320371634116,0.09606404769352792,1.8952300045272923,0.05367555771842339,,,,,,,0.18952300751797158,42,syn_diag,801,4,0.5165064334869385,,,True,224b8f382a07ba47e59675af25cac6eff1c050f6d602e04efa9be5432254b7ff,fa3d0a14658dcf4e76437e7b70b75171dbf542d44a3dacd052f291e592b47270
0.5390625,0.5198410749435425,0.47170482682632414,0.9074018928617282,0.00034290505573153496,2.0668187141418457,972.8543701171875,1682.179443359375,0.0010279177222400904,0.49039560556411743,1.0,0.0005398233770392835,0.019865941256284714,0.9179335236549377,0.061660729348659515,0.45789749597577756,0.9995295505582139,0.00047086750671638926,0.8890049961256211,0.036933740812510565,1.9001789288293822,1.897935625156794,1.9003902521982297,0.19003903227951308,0.01945995444889755,0.457897496826127,0.0013241148168804896,0.1462332752645196,0.1449091604476391,1.9003902521982297,0.03693374075122609,,,,,,,0.19003903227951308,42,syn_diag,802,4,0.5680387020111084,,,False,5773cd6a916912284a2c7f8582802263484ffa925a49e7458e41f3349d23fad2,6314f46c6830c5d2f957c80ee6a7b27ebe61ad12148cce83fadbf38933692a20
0.51953125,0.543485164642334,0.4661178538922374,0.8576459277323336,0.0009300685487687588,1.2966158390045166,896.47021484375,1590.6611328125,0.0011168946512043476,0.7712399959564209,1.0,0.0005589367356151342,0.020059462636709213,0.9229833483695984,0.05639825761318207,0.7444743561292759,0.9985803081302874,0.0014205044606344008,0.6676510563547651,0.0624911994360438,1.8918423668896243,1.897935625156794,1.8928652236212349,0.1892865291475667,0.03292587936476944,0.7444743559844466,0.00021122533739619122,0.020348149208709365,0.020136923871313175,1.892865223621235,0.06249119944839259,,,,,,,0.1892865291475667,42,syn_diag,803,4,0.4023072123527527,,,False,7d671b864508823c072a75180efd9b80d257732d55b3c2e4ab00b3a7b49ad993,76090bd905b20418ca0ffa11b5ab6f663a936f475dacc49349c0892ec7460255
0.54296875,0.5106155872344971,0.46876449183586544,0.9180379680989585,0.00034873973345384,2.6238527297973633,997.9286499023438,2460.709716796875,0.0010048046242445707,0.38361746072769165,1.0,0.000576838618144393,0.020078882575035095,0.9265453219413757,0.05225403606891632,0.12393008211676722,0.9998939985243925,0.00010636416205933939,0.9922909526458022,0.04494244147306821,1.901790111419422,1.897935625156794,1.9023265177633348,0.1902326582953884,0.02367964480846483,0.12393008171412886,-0.005305678457391382,-0.10766905611468085,-0.10236337765728946,1.902326517763335,0.04494244147939531,,,,,,,0.1902326582953884,42,syn_diag,804,4,0.6590763330459595,,,False,88cf688e6b8545734c12c8db77425857295b6d0bf44de9ceba0dbe84b66863bb,3095daaee19a6ee492d5691e178d1931bec732c55b8f88bfcb370d6072f34e13
0.49609375,0.5571333765983582,0.46573903424084334,0.8359560597675884,0.0009184650261886418,0.8564085960388184,1082.7337646484375,1817.2359619140625,0.0009235917241312563,1.0,1.0,0.0005829077563248575,0.020712992176413536,0.9231642484664917,0.05193391069769859,0.45320566935731604,0.9992600736666342,0.0007409891928510693,0.8914059800277332,0.047891001410052036,1.895318184589698,1.897935625156794,1.8958386992438632,0.18958387591824083,0.025233206424517367,0.4532056692228032,0.00041226677706481804,0.09078785759791774,0.09037559082085292,1.8958386992438632,0.047891001421000924,,,,,,,0.18958387591824083,42,syn_diag,805,4,0.5330281257629395,,,False,e4abcb372078516a9081885524decc3ac234553195dc1b3e4ad675ff1dd5817b,4d72f5c53127ce86e41ccae1016e0e3da82a7b111958d47428b7834b1647a258
0.5546875,0.5234541893005371,0.46248310417296706,0.883521609156122,0.0007149454904720187,1.7770106792449951,977.926025390625,1586.394775390625,0.0010226161684840918,0.5628849267959595,1.0,0.0005737942410632968,0.020289577543735504,0.9260854721069336,0.05305115133523941,0.18991408330973497,0.9997937732575308,0.0002067983344091058,0.9818007134398127,0.038791684747944366,1.8977748001289019,1.897935625156794,1.8981669190351058,0.1898166978371671,0.020438883297066113,0.18991408267293483,0.004866817987956138,0.20349644886069915,0.19862963087274302,1.8981669190351058,0.03879168475563463,,,,,,,0.1898166978371671,42,syn_diag,806,4,0.5204195976257324,,,False,cc2789b0316f5ae342e323b975fd433da9e4a6cc3f3e6fbc42fa05977696d25b,09d7891ac92bf9eac3f1d5f260004dce6a3bacef076feb06a6fa3ef28ddf1e8e
0.578125,0.4918729066848755,0.4617543064797626,0.9387675168356193,0.000823446549475193,2.973543167114258,938.698974609375,2173.11279296875,0.0010653286008164287,0.33930128812789917,1.0,0.000555477396119386,0.020057909190654755,0.9227257370948792,0.05666089802980423,0.5823464117920267,0.9992288092340998,0.0007717715807468225,0.8129407460898035,0.06640340847342717,1.8961108557272826,1.897935625156794,1.8975212514283133,0.18975213235639507,0.03498717637902308,0.5823463987407627,0.01225407533535321,0.32419438818421314,0.3119403128488599,1.8975212514283133,0.06640340850760236,,,,,,,0.18975213235639507,42,syn_diag,807,4,0.5948617458343506,,,False,10d52b4d48f3a420d8cbdd52a35809b05711fd4ad249a21632f8cd9b5a4a4dd3,8699296b08e586fd73c74c50ef52de00635f58ae74a87d8d0dee8620165fe56c
0.5,0.5418719053268433,0.47399586984910147,0.8747378720499056,0.00034493624116294086,1.0382378101348877,1065.617919921875,2748.77197265625,0.0009386208257637918,0.9478046894073486,1.0,0.00057137047406286,0.02012818306684494,0.9130420088768005,0.06625844538211823,0.20249802702510245,0.999874320462983,0.0001258648081583188,0.9792826706334525,0.039996527409775724,1.8914264254287367,1.897935625156794,1.891810508076151,0.1891810574895214,0.021073700751283606,0.20249802227754873,0.006102812683452569,0.17396732732644973,0.16786451464299718,1.891810508076151,0.039996527414811765,,,,,,,0.1891810574895214,42,syn_diag,808,4,0.7109725475311279,,,False,d9a65afb09526fc8801d8d54c908a5d099e6557316f99c76f1a9dc55377f3c84,fcc08c2a03604240d8ba4ec0fc5d1a4a23d2b40f0dd43073eb4abd41a925f018
0.5078125,0.5636262893676758,0.46677706183505646,0.828167639310945,0.0008567529730498791,1.041104793548584,948.08935546875,1707.6517333984375,0.0010549251455813646,0.9605422019958496,1.0,0.0006009134813211858,0.02017124556005001,0.9336123466491699,0.045615505427122116,0.49637149682059906,0.9990098423157553,0.0009916631294215215,0.8681102102358247,0.05308978371639729,1.900957434624857,1.897935625156794,1.9016521980461492,0.19016522660709498,0.027972383790405647,0.49637149649185186,-0.0067173044591875355,-0.2528506690984914,-0.24613336463930388,1.9016521980461492,0.05308978370436506,,,,,,,0.19016522660709498,42,syn_diag,809,4,0.508929967880249,,,False,11dcba08aafc64d81f71a3c241531797b5519574f552649753199c17ec9b550d,184a29677c6cd306d9f5eb34ecdfef563d8d762ea5198f7c103d3b97ce8a03da
0.5234375,0.5386633276939392,0.4669128187190915,0.8667990042567161,0.0003166613169014454,1.3937714099884033,746.1835327148438,1523.4322509765625,0.0013409662060439587,0.7175048589706421,1.0,0.000569267722312361,0.020337658002972603,0.9262890815734863,0.05280395597219467,0.3390920828309915,0.999308611890409,0.0006932388806018003,0.9407531872526586,0.05013638540562043,1.9021854728076495,1.897935625156794,1.903118682346227,0.190311875792538,0.026416272892001855,0.3390920827445697,-0.002550859260556747,-0.11191739591938947,-0.10936653665883272,1.9031186823462267,0.050136385422444,,,,,,,0.190311875792538,42,syn_diag,810,4,0.43607091903686523,,,False,7d55a6f42b9612afc8463567aa89356d11161bc47d92431e538009699448ba49,872050a9cdbeeb0b3013cdc38ffe9e3d299224036097e564a8291e9d7aec583c
0.484375,0.5695505142211914,0.4674353852350594,0.8207092405669749,0.00024118242436088622,0.8082931041717529,1024.049560546875,2226.103271484375,0.0009769108146429062,1.0,1.0,0.0005490258918143809,0.0195821151137352,0.9125316143035889,0.06733722984790802,0.6057011705840196,0.9993075527466576,0.0006928617656928096,0.795692209289228,0.04281383970946814,1.8962940366222545,1.897935625156794,1.8967976618547637,0.18967977425612056,0.022558109528034494,0.6057011710786216,0.013365313724985513,0.44318039808167503,0.4298150843566895,1.8967976618547637,0.04281383967374707,,,,,,,0.18967977425612056,42,syn_diag,811,4,0.4342535436153412,,,False,37a3f4fcb67a46b3f7a88304ced18df8425cf9bef3bd74506d65e64af9571098,8dd6de826684c3b63017949051b939739abb02bd305efbead67bbb71387a02da
0.47265625,0.5835475921630859,0.4627190195201763,0.7929413743215927,0.0003654143074527383,0.8070471882820129,912.7852783203125,1872.8521728515625,0.0010977755300700665,1.0,1.0,0.0005647969665005803,0.019450722262263298,0.9124102592468262,0.06422588974237442,0.4952521160041562,0.9993975910545663,0.0006029686482877263,0.8687492972995992,0.04330237806213603,1.9050570012237866,1.897935625156794,1.9056378497628008,0.19056379159406034,0.022815514650838524,0.49525211694694665,-0.00044130374599502247,0.009000938831188283,0.009442242577183306,1.9056378497628008,0.04330237807414924,,,,,,,0.19056379159406034,42,syn_diag,812,4,0.5726419687271118,,,False,bc2471453de3f37c428b42048baf80c671cec66bb57c1f1bc2be32b3a26f45f8,5ca753bb69815f14422343b47c5153f0f609a9a6649f63096d06aaa2ac2480c1
0.50390625,0.5623573064804077,0.46150776619183825,0.8206664160885144,0.00033628096571192145,1.183885097503662,733.7279663085938,2462.49609375,0.0013629451859742403,0.844687819480896,1.0,0.0005813359748572111,0.019604671746492386,0.9165526628494263,0.05939774215221405,0.4979950377477893,0.9991821628056824,0.0008188546312804493,0.8671798788864967,0.04560507474644024,1.8963140510576273,1.897935625156794,1.8968072478180156,0.18968073240384,0.024028778501193178,0.4979950376414471,0.010624183648793906,0.2803581723631147,0.2697339887143208,1.8968072478180154,0.04560507473177239,,,,,,,0.18968073240384,42,syn_diag,813,4,0.6301380395889282,,,False,250975ac0366ea197d80aa6e0632bda919f15a7a151ca3826ee05df970f0093f,5dc2d625622553197f0e92582295787178168d6a6d18fbde4cd48b60da2a42b4
0.49609375,0.5696626901626587,0.45868468800029305,0.8051863930856396,0.0005972118233330548,0.972678542137146,856.1219482421875,1976.843505859375,0.0011691473191604018,1.0,1.0,0.0005773174925707281,0.019772542640566826,0.9188598990440369,0.06079023331403732,0.2173029334457785,0.9996465632753277,0.00035470648939019,0.9761042132244333,0.04606195908530767,1.897519749596397,1.897935625156794,1.898057469319731,0.18980575394512897,0.024269505495729385,0.21730293450299148,-0.0007496955039971136,0.016173324191991738,0.01692301969598885,1.898057469319731,0.04606195907836602,,,,,,,0.18980575394512897,42,syn_diag,814,4,0.47768157720565796,,,False,f3f988f0d7354bf1adec58face6de1d8807ca0102d509b94a052ba1e4b478a09,4540a3a592064ac72cb9521db60dc62459218b38f77580fa208d649e7fd3b160
0.5078125,0.5535475015640259,0.46354757513076217,0.837412513650209,0.00041143939597532153,1.1379263401031494,540.3531494140625,1656.650146484375,0.0018526578787714243,0.8794538974761963,1.0,0.000580298830755055,0.020077932626008987,0.9305866360664368,0.048755135387182236,-0.0883966813633511,1.0001290166788366,-0.0001279769999520009,0.996085351101193,0.0435555670355015,1.899061137433023,1.897935625156794,1.8997789901133735,0.1899779061324294,0.02294891694858212,-0.08839668197753689,-0.005139043616442912,-0.17539495716905013,-0.17025591355260722,1.8997789901133735,0.043555567143393856,,,,,,,0.1899779061324294,42,syn_diag,815,4,0.4306172728538513,,,False,1044be4f1ca19f8a56b1186f342672973623c46de9cd7a4830a7913a09e52a0d,80ce72e30e147d1ac7ab71052d584c2be8858a62583e09f8171bd4f3445780fb
0.50390625,0.5611779689788818,0.46438314027197075,0.8275149120729252,0.00040303601417690516,1.031267523765564,860.9327392578125,2574.060791015625,0.0011619103606790304,0.9697799682617188,1.0,0.0005944520235061646,0.020268328487873077,0.9183117151260376,0.06082548946142197,0.2994706827583169,0.9997335205129392,0.0002668409593152816,0.9541055026194507,0.046030491340888505,1.9004593673299568,1.897935625156794,1.9010416996541644,0.19010417701410495,0.024252925510611846,0.2994706853870469,-0.004778215225438484,-0.03725689902774939,-0.032478683802310906,1.9010416996541644,0.04603049134386274,,,,,,,0.19010417701410495,42,syn_diag,816,4,0.5381100177764893,,,False,08d96253703f2925a1eeccd5acb282f8afcfa66442569bd17feec1abf95aef0a,fd823ef460f296db8947a5e527a18f0c6bfff24b8c838a740845c48849fb40b5
0.546875,0.5121055245399475,0.47216240609589405,0.9220021449747307,0.0013001281768083572,1.9407691955566406,1109.24658203125,1951.9921875,0.0009029799839481711,0.5154645442962646,1.0,0.0005662426701746881,0.020669052377343178,0.9257509112358093,0.052870992571115494,0.8124771985064971,0.9990293490149187,0.0009708938918341117,0.5829929689948841,0.07107137408101918,1.8959557083613414,1.897935625156794,1.897389810112004,0.1897389873900683,0.03744667265788339,0.8124771991980836,0.019789563790686894,0.5379297282396394,0.5181401644489525,1.897389810112004,0.07107137411551738,,,,,,,0.1897389873900683,42,syn_diag,817,4,0.6591306924819946,,,False,7b18c9f1586335e5fc620f26c195a6966a28ddc82eb21a59225db797b4532473,bb9844174d67ac338693c4a199ee54e3efd3c23cd52f92de5a9710e86b90c0c3
0.546875,0.5238281488418579,0.45731953722152924,0.873033612296631,0.0009234246099367738,2.125072479248047,1053.9803466796875,2057.66796875,0.0009490263764746487,0.4705733060836792,1.0,0.0005892534973099828,0.020411474630236626,0.9325900077819824,0.04640929400920868,0.39321594361947515,0.9995711213208329,0.00042938291798794257,0.9194461494003996,0.04667532027675522,1.8984533994008828,1.897935625156794,1.8989590672531576,0.1898959142333255,0.02459267830692342,0.3932159431355636,0.003090383089878217,0.2951355184792199,0.29204513538934174,1.8989590672531578,0.04667532028160173,,,,,,,0.1898959142333255,42,syn_diag,818,4,0.612898588180542,,,False,6206dd39101d2b474673ea11a7d89e4b2ed09c5e531bb71f41d5e1fa1df242e0,c4f3e6dd7cde201536ab488768d6ce9de157d47a7121c1d76f43ab8c73c777ad
0.5078125,0.5583446025848389,0.460062800128924,0.8239763463531359,0.00031563520315103233,1.2661387920379639,911.0555419921875,2030.5438232421875,0.0010977680794894695,0.7902265787124634,1.0,0.0005756254540756345,0.02006453275680542,0.9227486848831177,0.05661111697554588,0.16577160217642584,0.999759692729103,0.00024133814278191754,0.9861641728780256,0.044549102422176794,1.898497633102409,1.897935625156794,1.8991489584558474,0.1899149031706607,0.023472399080170587,0.16577160221770443,-0.0040834545848604485,-0.13769810257046713,-0.13361464798560668,1.8991489584558474,0.04454910242418287,,,,,,,0.1899149031706607,42,syn_diag,819,4,0.4661950469017029,,,False,0a2df285a972e1f0c4e462443f50fd0ba9362d0e0b22eac6abe60699c4703671,bbc14a926cc2501e6dbc4ca210a3f70cf089deb5d62710bd12ee9f6ca6100dfd
0.53515625,0.5307002067565918,0.4637132559476436,0.8737762556140443,0.0002641908940859139,1.9252228736877441,911.923095703125,1758.6337890625,0.0010968134738504887,0.5209648013114929,1.0,0.000580261810682714,0.019695261493325233,0.9074524641036987,0.0659601017832756,0.5229223270834767,0.999147223103056,0.0008537460460581306,0.8523803375330323,0.05888923695063863,1.9061367649361602,1.897935625156794,1.9070841156946534,0.19070841869830188,0.031028047616600583,0.5229223277328285,0.012743530481807364,0.3207929201760489,0.3080493896942415,1.9070841156946536,0.058889236935193094,,,,,,,0.19070841869830188,42,syn_diag,820,4,0.5395697355270386,,,False,14b124249240bbf4174eb013a91c6b052fc6389d801860953fe885e11a46b070,2391db6ecd626dc63d86029a2f871bfb6872abb4a126fdad9acd08f20dde29d6
0.48828125,0.555572509765625,0.4768984751963682,0.8583909928605019,0.0004030595882795751,0.9039487838745117,893.4945678710938,1588.8160400390625,0.0011192131787538528,1.0,1.0,0.000585756846703589,0.02080949954688549,0.912568986415863,0.05838005989789963,0.8153338966622373,0.9988733029355161,0.0011270176868432877,0.5789910508307559,0.05845680371620826,1.8967071235110597,1.897935625156794,1.8975458751193082,0.18975459460383834,0.030800203621947488,0.8153338966737035,0.011035361694921177,0.3233159215322489,0.3122805598373277,1.8975458751193082,0.058456803715955755,,,,,,,0.18975459460383834,42,syn_diag,821,4,0.5121166706085205,,,False,46ce9933b8acb7663e386d24d953fe0b3eb963165e8454db5c9ed0addd8c24ad,ba869936b7c6a443772c579afb8b0ac1acbbb39eb2f1a567eb09eceb0b498534
0.50390625,0.5614376068115234,0.46623410151151445,0.8304290892048974,0.0006307518342509866,1.0073798894882202,933.8896484375,1753.300537109375,0.0010707930196076632,0.9926983714103699,1.0,0.0005990159697830677,0.020448919385671616,0.9171619415283203,0.05363737419247627,0.46701336043415526,0.9994229814132776,0.0005776169879555826,0.8842502593396969,0.046435399450490404,1.897546811114174,1.897935625156794,1.898326272515568,0.18983263438574824,0.024466266840125185,0.467013360633787,0.006297976960468944,0.24224706645587427,0.23594908949540533,1.898326272515568,0.04643539944256156,,,,,,,0.18983263438574824,42,syn_diag,822,4,0.5053822994232178,,,False,80384641cedb6d4dbb6ef5d868859057a8ec42d3178de25c81688e32e03b9258,690736c9bf8c7859f4c78f1e03eedddfe9ce672391dd21803e5a1906db494219
0.59765625,0.49346572160720825,0.46139506601330205,0.9350093229620163,0.00044886762043461204,2.7698163986206055,1014.8036499023438,1683.8760986328125,0.0009854122763499618,0.3610619306564331,1.0,0.0005586073384620249,0.020428132265806198,0.921973466873169,0.054795295000076294,0.7068287950105131,0.9984902023786554,0.0015109426205485563,0.7073846581110812,0.07666100292453919,1.89906420787717,1.897935625156794,1.9005804746461772,0.19005805438705434,0.04039178247584957,0.7068287951656682,0.002378900928571412,0.033401997641656675,0.031023096713085264,1.9005804746461774,0.07666100291355395,,,,,,,0.19005805438705434,42,syn_diag,823,4,0.4950002133846283,,,False,1133b3947ecf4449d207a423043b999251d034e3b2d26d5d324d9b621382177c,3fc83b10622152515d7d199703599ff3d6aed0f790530ca2c87bd521f8e67e95
0.56640625,0.5163854956626892,0.45844297023277064,0.8877921064673674,0.0005786011461168528,2.1903412342071533,902.1871337890625,1837.8045654296875,0.0011084175202995539,0.45663517713546753,1.0,0.0005674450658261776,0.020661920309066772,0.9252834916114807,0.0534871406853199,0.3022469085161653,0.999561852315798,0.0004391070244531909,0.9532296713069923,0.05611647427706788,1.8994490550838234,1.897935625156794,1.9001841604467378,0.19001842216923157,0.029567111514860977,0.302246908378835,-0.005034626331056144,-0.05685506902855969,-0.05182044269750355,1.9001841604467378,0.05611647436787934,,,,,,,0.19001842216923157,42,syn_diag,824,4,0.5941899418830872,,,False,ce23773bce46cbe37a5cb570d019086cd9fa652b4eda7a19528b1c4ae4ecd81f,742a166391693d4cd20a0aeb084cc83f44102621799d44891d1b6ac3bc1cade2
0.5390625,0.5161052942276001,0.4735974138494606,0.9176372770536133,0.0003486147033981979,1.95066237449646,1077.1197509765625,1825.6697998046875,0.0009284676052629948,0.5167450308799744,1.0,0.0005737605388276279,0.02027004584670067,0.9232639074325562,0.055892303586006165,0.5486284286978715,0.9991999223022523,0.0008008229711485656,0.8360662935470934,0.07385174387704427,1.8958932469521088,1.897935625156794,1.8973295911125396,0.18973296618327468,0.03891161686314005,0.548628428968882,0.00040552810861839737,-0.023872974545855793,-0.02427850265447419,1.8973295911125398,0.07385174387941931,,,,,,,0.18973296618327468,42,syn_diag,825,4,0.8260369896888733,,,False,7be8689be835569dc49b5d37cd160fba5514136a4ff5c48e8542c71794ea797e,e209d7fb7a930342872b00a2992d1d13fde9290b5c1d7776cc05ae728f794359
0.52734375,0.5317707657814026,0.4676623283440204,0.8794434808397431,0.00030279147904366255,1.6596810817718506,601.4844970703125,1884.3760986328125,0.001666962867602706,0.602592408657074,1.0,0.0005486301379278302,0.01928040385246277,0.9124777317047119,0.06769321113824844,0.4150677083463218,0.9990685394865265,0.0009335560773955122,0.9097905239440672,0.0557154421049961,1.8979194707250182,1.897935625156794,1.8989855917108176,0.1898985657638276,0.02935581237133052,0.4150677083958316,0.008157407379220145,0.1772223979056112,0.16906499052639107,1.8989855917108176,0.05571544209452212,,,,,,,0.1898985657638276,42,syn_diag,826,4,0.36498475074768066,,,False,317a83f41d64bfe04e11ce2f6448295ecfb2a2a0b731fe6f61aee75cf21cc29e,43266b5ea3b75eaf9b5ca34d0d2f7b2056047536e08f0a3ab2b5b9b85a532691
0.50390625,0.554090142250061,0.4638810260157047,0.83719409173756,0.00025333825033158064,1.0718145370483398,717.8328857421875,1810.8985595703125,0.0014004531549289823,0.9354246854782104,1.0,0.0005876212380826473,0.020346375182271004,0.9211456775665283,0.05792033672332764,0.024083170035558463,0.9999645047244659,3.6652773053669094e-05,0.999709958379972,0.05409101856925996,1.8960358536834345,1.897935625156794,1.8969626259564603,0.18969626973667106,0.028499922680340038,0.024083169650329927,-0.007367220767328277,-0.22434596176394972,-0.21697874099662146,1.8969626259564603,0.05409101851890541,,,,,,,0.18969626973667106,42,syn_diag,827,4,0.3538142442703247,,,False,e248988274d5045697707babdcb9218856bee753b9bb8aab28371b84cfbfcff1,55fb2537ab91a873a091ddad07d482a7b32683b94dd10c4b03c8d7c39d1c718e
0.51953125,0.5397242307662964,0.4632391114557559,0.8582884784852447,0.0004359608865343034,1.4613020420074463,723.649169921875,1585.4150390625,0.001381986541673541,0.6891459822654724,1.0,0.0005851881578564644,0.02018119767308235,0.9174939393997192,0.05406317859888077,0.5028155125526367,0.9988705768813189,0.0011313164879484376,0.8643937530495437,0.058939700629963725,1.9001940981319208,1.897935625156794,1.9009251828014058,0.1900925253325471,0.031054636336816474,0.5028155089953784,-0.0023621247238311376,-0.018524621002303596,-0.01616249627847246,1.9009251828014058,0.058939700579167066,,,,,,,0.1900925253325471,42,syn_diag,828,4,0.35753047466278076,,,False,81d7884d97286a5743db8cb04e876ff5878451865129f2df61b695da87f6b877,6e468584cac769941ec27f2378939368f9de4293b0c4a75d6f6d624bb72e1600
0.53515625,0.5144748687744141,0.47367399484288236,0.9206941629636941,0.00032965379068627954,2.170910596847534,1317.423583984375,2607.606201171875,0.0007593454793095589,0.46142882108688354,1.0,0.0005734015139751136,0.020052529871463776,0.9135088920593262,0.06586514413356781,0.4346025994983937,0.9995773028119823,0.00042308169384551187,0.9006223295431596,0.043269714530147385,1.9022010581054032,1.897935625156794,1.9026689288886676,0.1902669009265696,0.022798304619288626,0.4346025993977741,0.0038639620792115183,0.10512709968054224,0.10126313760133071,1.9026689288886676,0.04326971456549632,,,,,,,0.1902669009265696,42,syn_diag,829,4,0.8357119560241699,,,False,4a321afe7947bcea715f91d796ae014977e8dc861478dc9e5d221e482cdea0ed,37b0c5b2cbedb08e29afcf267a1c20abcf3f378bdfd26271e43d1a63272e0b00
0.50390625,0.5466068983078003,0.4682645786044913,0.8566752523235217,0.0002479535178281367,1.2476708889007568,1041.561279296875,1842.2774658203125,0.0009601042838767171,0.8081527948379517,1.0,0.0005711992853321135,0.019496291875839233,0.9268412590026855,0.05309125781059265,0.1913992359798155,0.9997571013817467,0.00024367957137550643,0.981512268090468,0.03551694885659355,1.899116301067587,1.897935625156794,1.8994856765052648,0.18994857473168614,0.018713463399814036,0.19139923600565184,-0.0010767822639354285,-0.030660373436707824,-0.029583591172772396,1.8994856765052648,0.03551694880799105,,,,,,,0.18994857473168614,42,syn_diag,830,4,0.504878044128418,,,False,18d3de94e5b4bbc745a12b76531fccf8beddc2b60840eef5cc8e829b01e0dbdc,baf3a134a9e867342d0ccd23dc16f0edcba0cad691efb94794151df6db1eca78
0.5078125,0.5596513748168945,0.46219938599378607,0.8258701959666519,0.0002078194811474532,1.1035547256469727,459.56280517578125,1805.6710205078125,0.00218244013376534,0.9074119329452515,1.0,0.0005855554481968284,0.019722893834114075,0.9233577847480774,0.05356261506676674,0.333998101135795,0.9993522369796748,0.0006494436709172424,0.9425737469328158,0.05784991040903199,1.8973643543309322,1.897935625156794,1.8980812557174744,0.18980813227378424,0.03048043866304599,0.33399810136072616,0.0024910618561822806,-0.005618475444476808,-0.008109537300659088,1.8980812557174742,0.057849910403698725,,,,,,,0.18980813227378424,42,syn_diag,831,4,0.28413617610931396,,,False,1a8177be6b6ad70370b6f236d7399c7613a0e3f55ec20adea7215256031a87a1,7b663afee7720874eef141a356328f4e2e7536bb6d4e36fe025e251f73081a22
0.5,0.5658509731292725,0.4632160645752649,0.8186184895545978,0.00029370986158028245,1.015317678451538,945.0310668945312,1875.65478515625,0.001058564055711031,0.9843518733978271,1.0,0.0005616427515633404,0.019549760967493057,0.9139630198478699,0.06592558324337006,0.45183994361361335,0.9993043389763173,0.0006966074909325814,0.8920990221547267,0.061628148990386454,1.8986223469470678,1.897935625156794,1.8995858051905847,0.18995858744090893,0.032471148216769836,0.45183994450018095,0.004232157099742973,0.027901591357006556,0.02366943425726358,1.8995858051905847,0.061628148959572866,,,,,,,0.18995858744090893,42,syn_diag,832,4,0.5093737244606018,,,False,14bf72b2a012547e612b8470daa1906d0f67f5e35659ffc7261d3d0e5b65e600,4058b684fc020864555bd60d47eb574d7f1d25530c4b043887288d94754dadd4
0.48828125,0.5705996751785278,0.4604224741220618,0.806909876475744,0.0003053888212889433,0.9345557689666748,894.6680908203125,2205.83349609375,0.001117828069254756,1.0,1.0,0.0005713211139664054,0.01989501155912876,0.9173628091812134,0.0548880510032177,0.43982566473055656,0.9993950832283768,0.0006056820056489886,0.8980831724367238,0.053213560019919365,1.903178021305335,1.897935625156794,1.904056149668216,0.19040562191155896,0.028037600071654272,0.43982566656722205,0.0031849621808390767,0.21778707330833483,0.21460211112749575,1.9040561496682162,0.05321355973019572,,,,,,,0.19040562191155896,42,syn_diag,833,4,0.4798537790775299,,,False,64230781c47107df3cee2780747c2015abb387a658f0b4e52a9a9a1fc9ff9c89,c20d458ea07d1ff56a24d81230e1bb199282d5df846eb9c3983f287dca99c509
0.4453125,0.6122440099716187,0.4578352690384498,0.7477986959721524,0.0002449392923153937,0.41476404666900635,444.2799377441406,1484.198486328125,0.0022602444514632225,1.0,1.0,0.000579953077249229,0.019671937450766563,0.9132868051528931,0.05590564012527466,0.37967275645128734,0.9992674210377485,0.0007341802599914563,0.9251208558702881,0.04026864497120693,1.8948265765836276,1.897935625156794,1.8951985263710596,0.18951985990883377,0.02121707629986607,0.3796727566763492,-0.002452283977404091,-0.007945659195320509,-0.0054933752179164175,1.8951985263710596,0.040268644971639914,,,,,,,0.18951985990883377,42,syn_diag,834,4,0.28596916794776917,,,False,67303fd125577de524ff66486437ff62771bd0c531b68b04d3b177496a94cb07,89ddb1903b9a98d4c837be7e5f690bdb76679e11f8ad9db116b243dd4f87f58d
0.4609375,0.5838214159011841,0.46993130094835456,0.8049230636780024,0.0002730633714236319,0.3719463348388672,1096.44970703125,1770.0443115234375,0.0009122291230596602,1.0,1.0,0.0006226947298273444,0.02082478627562523,0.9328341484069824,0.04571843519806862,0.724019550509873,0.9990959558131643,0.000904415738316233,0.6897794505940221,0.053791261000726426,1.8994420405863823,1.897935625156794,1.900218719514341,0.1900218789308356,0.028341983936496385,0.7240195507780997,0.006555404220521117,0.16273740911198514,0.15618200489146403,1.9002187195143407,0.05379126094649933,,,,,,,0.1900218789308356,42,syn_diag,835,4,0.5098024606704712,,,False,1ae78b3eca8ebb62aa3d4f5775e19abcbf60250bba9ad7ea931b9e59a2df57b1,028b042b5011c267d19fc3e542e7f42e2d5d40d7cd47418b2854c76820a14ac1
0.5078125,0.5452004075050354,0.468910447528281,0.8600699037877422,0.0004472716827876866,1.1278071403503418,1142.32177734375,1656.7742919921875,0.0008754131849855185,0.889264702796936,1.0,0.0005950553459115326,0.01995880715548992,0.918423056602478,0.05746978521347046,0.6112381867606118,0.9990970190244927,0.000903666149530405,0.7914467000515537,0.05422007603073045,1.8945077430258415,1.897935625156794,1.8950933746083827,0.1895093448387497,0.028567921541713302,0.6112381865141505,0.00835579107465203,0.2991545756062749,0.2907987845316229,1.8950933746083827,0.05422007605098543,,,,,,,0.1895093448387497,42,syn_diag,836,4,0.6262149810791016,,,False,a74404d71b321bd74cd4c9210baeea8aca9ba41aa6f3b441d58b07190811030a,50ca16094569bdde0a11851738919f55fda1fe3c815333327762b6b5ebc9b2c1
0.51171875,0.5470513105392456,0.46873328980376905,0.8568360141500135,0.00030780304223299026,1.1684596538543701,853.1688232421875,3516.263916015625,0.0011721840128302574,0.8558346033096313,1.0,0.0005818770732730627,0.020329641178250313,0.9153323769569397,0.06375610828399658,0.41767224632137995,0.999656901176951,0.00034337790763635324,0.9085977628245326,0.038302424717828146,1.8984673582343867,1.897935625156794,1.8987241223762379,0.18987241934228105,0.020181097930886717,0.41767224577863366,0.0002333937494901773,-0.01795190269407645,-0.018185296443566628,1.8987241223762379,0.038302424710604195,,,,,,,0.18987241934228105,42,syn_diag,837,4,0.4863719940185547,,,False,d1dc06f8c3346ad75de3a56e442bc6bc3ab40b78a2e53071f96bf82ba89e1fca,e717db2728a340eaa966bfbaa2e506b20f0c3feccbc8e6fcb3905e410e7f9fa9
0.54296875,0.5199062824249268,0.46633454308737965,0.8969588467682528,0.0008552566869184375,1.9046592712402344,659.9891357421875,1591.4422607421875,0.0015305322594940662,0.5252255201339722,1.0,0.0005892084445804358,0.02096681483089924,0.9311120510101318,0.04733198508620262,0.5018642134751948,0.9989749538453861,0.001026613032802819,0.86494642100093,0.048887933840045764,1.8972005639585223,1.897935625156794,1.8980014387426893,0.18980015107755244,0.025758478418350585,0.5018642131023451,0.00536444616275305,0.0994044880980956,0.09404004193534254,1.8980014387426893,0.04888793383267668,,,,,,,0.18980015107755244,42,syn_diag,838,4,0.4094478487968445,,,False,d57d16d935633c30f03cb796f11e3d85fcd7867a06edb2951ceb506f7e153998,2aafb5e77afc2cdb7c04145cfaa3b58b6390ef82af3a34cacec22cc671805d3b
0.48828125,0.5592517852783203,0.4700040665945956,0.8404159620158873,0.00022958681802265346,0.6457125544548035,919.3240966796875,2257.275634765625,0.001089992350898683,1.0,1.0,0.0005948820617049932,0.02027498558163643,0.9200595617294312,0.05831152945756912,0.3337425708056992,0.9997773871956296,0.0002228108796810194,0.9426642543240251,0.03435414764050699,1.8976325241355387,1.897935625156794,1.8979854535271254,0.18979855286914357,0.018100797089812142,0.3337425718241819,0.00902135203596224,0.42602900675854316,0.41700765472258094,1.8979854535271254,0.034354147644543656,,,,,,,0.18979855286914357,42,syn_diag,839,4,0.586997389793396,,,False,0bb49d8509a9181c592343d2a5077f842a0356227894421ce2c0f75ba890b702,bbf765c1dea22182cfd77b5bf6647b679e4711fa87cb85985fbba0f7ba616590
0.48046875,0.5904206037521362,0.45805008213572607,0.7758030201521467,0.00026739234453998506,0.7526386976242065,1073.4464111328125,2197.4365234375,0.0009315947536379099,1.0,1.0,0.0005743529764004052,0.020129486918449402,0.9158596992492676,0.06213335692882538,0.5160836894022188,0.9995783889955269,0.0004218562128098531,0.856538163479374,0.04033813062568313,1.9029814716479077,1.897935625156794,1.9034216569634967,0.19034217208703166,0.021253687475479798,0.5160836890054865,0.000949915033261739,0.09670458843936258,0.09575467340610085,1.9034216569634967,0.0403381307946262,,,,,,,0.19034217208703166,42,syn_diag,840,4,0.5738527774810791,,,False,409ad8e2d9bc0f9a9722f523da70ec5a803811f6d9aac4210ef7d4a4e283a501,570a99789ecf0b3628cf301bb524a04ffdc0b39c27b99429919acf268a470ebd
0.5390625,0.5420618653297424,0.4646657874358928,0.8572190947055762,0.0002992626396007836,1.2788050174713135,991.5692749023438,2346.03369140625,0.0010085026733577251,0.7824032306671143,1.0,0.0005761580541729927,0.019998177886009216,0.9117469191551208,0.0594259537756443,0.206963530520936,0.99967886701461,0.00032229393578034175,0.9783486581994558,0.05691629037135064,1.8986112671920068,1.897935625156794,1.8994773612867828,0.18994774327335212,0.029988525225463653,0.20696353170560305,-0.003846506786792635,-0.20677515322343318,-0.20292864643664055,1.8994773612867826,0.056916290345195686,,,,,,,0.18994774327335212,42,syn_diag,841,4,0.5801883339881897,,,False,761eba58f2cf2437315ba93aa811a92e89d4ca36b123099465d13cbb60c4f3c2,25ea1c877ea500ff45c772c288790c24df1841dbba5d43366a2cb5d1e4d760bf
0.5546875,0.5156745314598083,0.46733800413904747,0.9062654641433352,0.00018856776296161115,1.8989744186401367,1077.7625732421875,1681.390380859375,0.0009278973448090255,0.5266197919845581,1.0,0.0005752985598519444,0.020323162898421288,0.9162196516990662,0.05946057662367821,0.5225369410389684,0.9992684207311384,0.0007322936535516143,0.8526166461087032,0.051954705830766744,1.900660868536765,1.897935625156794,1.9011395916649927,0.19011396729017838,0.027374324577761816,0.5225369414540706,0.0034818660598473538,0.03924840495130795,0.03576653889146059,1.9011395916649927,0.05195470580245369,,,,,,,0.19011396729017838,42,syn_diag,842,4,0.6830517053604126,,,False,2af1b3ef4400b231da4c90f798af69e2272f13acebd5becfe46719cf0c25f401,55029e7e54e44837aac2487f578a264292572e629d36ee4b0ccad3c9c1ac208c
0.5078125,0.543136715888977,0.46686891707136646,0.8595790186870382,0.00015963776968419552,1.2219425439834595,760.90478515625,1734.66162109375,0.001314484397880733,0.8189648389816284,1.0,0.0005752508877776563,0.02002403885126114,0.9018157720565796,0.07431148737668991,0.3974088918173594,0.9992311174097758,0.0007704663261673788,0.9176416362988811,0.04783052479638069,1.8946139931226587,1.897935625156794,1.895035335660756,0.1895035410393449,0.025201342006741703,0.39740889250165967,0.0011892605758946706,0.06871198052143755,0.06752271994554288,1.895035335660756,0.047830524797552225,,,,,,,0.1895035410393449,42,syn_diag,843,4,0.5562503337860107,,,False,3a4ef4d92804b93d119a701b367101eca80b75863649988947279c88467a95a3,5abad822b6e79c6ab4c48ab07d6d9d8e1ec4eb0adbd5d3a7eb1ec6aa7a43897e
0.5703125,0.4885636568069458,0.46614599644319604,0.9541151624257006,0.000842160196043551,3.263941526412964,1068.5732421875,2939.13232421875,0.0009367832099087536,0.30660706758499146,1.0,0.0005624170880764723,0.019701365381479263,0.9213899374008179,0.054751940071582794,0.5710774288921708,0.9993227319333279,0.000677742943335209,0.8208961993967435,0.05205760270530145,1.8975419566447105,1.897935625156794,1.8982126296373045,0.18982126991070394,0.02742853973299194,0.5710774295641612,0.006232848599911191,0.1319606175755619,0.12572776897565072,1.8982126296373045,0.05205760276752343,,,,,,,0.18982126991070394,42,syn_diag,844,4,0.5255361795425415,,,False,f5c47baa0ce9f75f0604ed6ad8f36fc78856f266b7ce0ce2c7cd131a736eed97,d687615dc6a8d2163d1729b6beaab8ec05cd959871cac486a576f75e42b6b366
0.49609375,0.5774732828140259,0.4576791604426888,0.7925547081051213,0.00031357689294964075,0.8927880525588989,746.14794921875,2088.3115234375,0.0013404781930148602,1.0,1.0,0.0005794910248368979,0.020232196897268295,0.908711314201355,0.06744205206632614,0.60388571109754,0.9992195921547948,0.0007809394983113225,0.79707091773957,0.048837066994184365,1.8986397025071258,1.897935625156794,1.8993507109232908,0.1899350780400373,0.025731677274419704,0.6038857118224471,0.0011721589289811858,0.027475356949554428,0.02630319802057324,1.8993507109232908,0.04883706698251035,,,,,,,0.1899350780400373,42,syn_diag,845,4,0.47463488578796387,,,False,45a7659446d51c2776ef9ed0c0976160216dc52fea15b051eb381a6a22b811f0,982b0ebd65b312bbd6af601222cf836b6e0348f9b4f052dd792899d86c95b5e9
0.52734375,0.5479011535644531,0.4607217025256462,0.8408846621708773,0.0004930292489007115,1.3334691524505615,829.8793334960938,1987.6646728515625,0.0012068321229889989,0.7499837279319763,1.0,0.0005547348409891129,0.020165476948022842,0.9251139760017395,0.05039064586162567,0.49646937839693694,0.999289887904758,0.0007108851073212408,0.8680542357932868,0.042461370757802756,1.9006138352435553,1.897935625156794,1.9010354037041937,0.19010354689671163,0.022372397775226188,0.4964693730591971,0.00048080114263497533,0.04152813065585034,0.041047329513215366,1.9010354037041934,0.04246137080350871,,,,,,,0.19010354689671163,42,syn_diag,846,4,0.4720733165740967,,,False,94ef83a134e16203f114dd91a3f5ae33a5b2951fcf94c501bb5d6ee9736e1b15,42a3de3683dd6af31865b1c5bc2959ea1289641acaca65d5d1d1b35cc8b140fa
0.5390625,0.5247011184692383,0.46618810825975393,0.8884832273670604,0.0002956521057058126,1.8489625453948975,1011.9796142578125,2061.115478515625,0.0009882468730211258,0.543048620223999,1.0,0.0005236119031906128,0.01928108185529709,0.924384593963623,0.052066072821617126,0.29733020535457627,0.9996991679518746,0.00030130023955623423,0.9547747110923066,0.04299143270738001,1.9017817846322314,1.897935625156794,1.9021920681017828,0.190219214457185,0.02265168119377374,0.2973302055275303,-0.0008923431855956182,0.12609585375519364,0.12698819694078925,1.9021920681017828,0.04299143267739372,,,,,,,0.190219214457185,42,syn_diag,847,4,0.4829172194004059,,,False,9792e040f7e18ac18c283bb4f7d6542348166a85f4c24e117cd5cf362884f61f,48c689390872fe461488e58971a64c961c805945c25301b78752fbbfa4a4afa4
0.46484375,0.5944353342056274,0.4603834482353524,0.7744887540315504,0.0002431914326734841,0.6090407371520996,936.1015625,1881.564208984375,0.0010685072047635913,1.0,1.0,0.0005733564030379057,0.019519764930009842,0.918708860874176,0.05890832096338272,0.5519770862998687,0.9993519748545288,0.0006485053454728095,0.8338592783929786,0.03674245671297094,1.8948910285362408,1.897935625156794,1.8953058686050854,0.18953059340385991,0.019359169102437904,0.5519770866287617,0.005717970741807552,0.06266097127564288,0.05694300053383533,1.8953058686050857,0.036742456717132284,,,,,,,0.18953059340385991,42,syn_diag,848,4,0.5309249758720398,,,False,c35ea05c65f6e9777f4b6a47f3b7c23d0b782dd35aa6d234ee26804a0148c3e5,f0bdd03b6d83a9ebfc91f1b6defaaa79af17ef65e1513f0d7cd8fd29f108129d
0.44921875,0.601009726524353,0.4630374626476318,0.770432606757117,0.0002658351440913975,0.42647120356559753,709.5316772460938,1790.947998046875,0.001412383746355772,1.0,1.0,0.0005875471979379654,0.019863924011588097,0.9101662635803223,0.06198723614215851,0.5995098075439319,0.9992848532804574,0.0007156033993098589,0.8003674097747542,0.044044211174389614,1.8939201451893868,1.897935625156794,1.894497869743103,0.18944979319149255,0.023206377808903705,0.5995098077138076,0.00702227815988528,0.2507425599841958,0.24372028182431052,1.8944978697431032,0.04404421114429129,,,,,,,0.18944979319149255,42,syn_diag,849,4,0.49523013830184937,,,False,8452c42b029252fc0ef48bbd1833dbeb27c86df64662f73d9006ad6176723b75,d2f31e70e0545f5bf548b791598b83527e24c854f7a917bf1cf8e5386186c979
0.5546875,0.5225616693496704,0.4587293691300503,0.8778472628497189,0.0007697032997384667,1.867040753364563,821.4459838867188,2366.650634765625,0.0012177058961242437,0.5356266498565674,1.0,0.0005583649035543203,0.019739635288715363,0.9207729697227478,0.051198747009038925,0.43478827877121806,0.9995294548448986,0.0004710212558103999,0.9005327049093451,0.050972107892931495,1.894030180514174,1.897935625156794,1.8947583676027993,0.1894758432781256,0.026856605259566527,0.4347882787217903,-0.001811260049292119,-0.0020992655467192253,-0.00028800549742710626,1.8947583676027993,0.05097210789891052,-16.976722449572037,0.025323565135801446,0.8829765652672188,348.6872863769531,0.3732721209526062,0.3735696077346802,0.1894758432781256,42,syn_diag,850,4,0.37807032465934753,,,False,4aa21f0ff7f24c9ebb059dc37163431ca4f9c389e5c059e1f010f0ef64ca9d76,b681fea061a90be65b93bb462302a0bfb8ebd0918eb9d39f460a5ac37ecefd8e
0.53125,0.5268404483795166,0.4693774869625272,0.8909290447608575,0.0003776130033656955,1.9259706735610962,1078.165283203125,1870.163818359375,0.0009275444317609072,0.5206469893455505,1.0,0.0005677471635863185,0.020694170147180557,0.9249643087387085,0.04733027517795563,0.5895772491993803,0.9990691307064645,0.0009316846436493928,0.8077119952111842,0.07068344195525864,1.9006350481685577,1.897935625156794,1.901877016160508,0.19018770799816853,0.03724227577496577,0.5895772477898823,0.01692238681080543,0.3716257898804439,0.3547034030696385,1.901877016160508,0.07068344190897799,,,,,,,0.19018770799816853,42,syn_diag,851,4,0.5409947633743286,,,True,c6241c136debfc9fb78deeba02a0095abf99ece1af392f4cec838689c720a476,f9cf5faee9c9c772fefc545292ead3eb4659c7b7ec14f42624b4b8a11cbc768a
0.5390625,0.5300924777984619,0.4682967089719271,0.8834245093983097,0.0001915218454087153,1.7631847858428955,881.28076171875,1682.0478515625,0.001134734833613038,0.5679230690002441,1.0,0.0005936406087130308,0.020666461437940598,0.9267169237136841,0.052022963762283325,0.4814057986919971,0.9992103933905798,0.0007906435498355321,0.8764978362545421,0.05727593074953661,1.8942065593754704,1.897935625156794,1.8951599670189614,0.18951600567412893,0.030178015518716392,0.4814057986243905,0.008299778766511175,0.21206764206598394,0.20376786329947277,1.8951599670189614,0.05727593075750555,,,,,,,0.18951600567412893,42,syn_diag,852,4,0.5458434224128723,,,False,507c5a5ff70e32b9c28014dc04ada3a1a263cff13a0939d59661cbf22eadba90,d44da65f5f80bfaf3218bb9e4e5e82961bdfbdc81ef913563462d51c985f0575
0.5078125,0.5589545965194702,0.463966933626128,0.8300619810298742,0.00017469351587351412,1.0772839784622192,962.7388916015625,1916.0047607421875,0.0010387049987912178,0.9289116859436035,1.0,0.0005858991062268615,0.02137903869152069,0.9400537014007568,0.037981338798999786,0.43142605786793176,0.9992789717008825,0.0007221693492348029,0.9021483007569682,0.04808570923659766,1.898869478225954,1.897935625156794,1.899439141267208,0.18994392153488757,0.025335795692543482,0.43142605762829583,0.005190250989158261,0.1494132014911022,0.14422295050194395,1.8994391412672078,0.04808570924533821,,,,,,,0.18994392153488757,42,syn_diag,853,4,0.5343929529190063,,,False,625299c045c17684b3efa22264919cee672784b72a319126f786d33faa904f37,50af67b68d03c90e5471e4e95bc93c843c6e5064936fe1bde27554b8bd1b16c2
0.5,0.5512304306030273,0.47089452801561343,0.8542607311143957,0.0005417456850409508,0.9826575517654419,1118.39306640625,1766.235107421875,0.0008943081484176219,0.9541445374488831,1.0,0.0006011060904711485,0.02127571403980255,0.936802864074707,0.03921068459749222,0.6634861509276777,0.9993339330893248,0.0006663494128820454,0.7481885641358007,0.04747244376607137,1.897423292300619,1.897935625156794,1.8980597185536996,0.18980597883789338,0.02501267331557914,0.6634861505374999,0.001757426696088054,0.24457140974325844,0.2428139830471704,1.8980597185536998,0.047472443820208994,,,,,,,0.18980597883789338,42,syn_diag,854,4,0.6316826343536377,,,False,1c835a45213efbbc102eef6817918f966d7514f6c6745a3c02fb13c1f3ee18ba,7d87f3d2a971a4284f65d05917f9716941b117f0a455648523e51fa14fbbccda
0.56640625,0.49873119592666626,0.46383991518199463,0.9300398932093585,0.00028136902255937457,2.551027774810791,1053.596435546875,1666.4627685546875,0.000949172826949507,0.3922557234764099,1.0,0.0005258938763290644,0.019999910145998,0.9294816851615906,0.04999251291155815,0.7344073356279813,0.9990035598361378,0.0009968649485495092,0.6787089695586098,0.055836984292194546,1.9016057921224718,1.897935625156794,1.9024807049563,0.19024807702424254,0.02941985152291573,0.7344073353828835,0.004755485436944926,0.07598723313576113,0.0712317476988162,1.9024807049563,0.05583698428394285,,,,,,,0.19024807702424254,42,syn_diag,855,4,0.5324282646179199,,,False,a6c3c2e2ae3420b8f53a4496ed08ebe7160a15f4a3c7dae571c726aadd8485a6,0eaf8c2ea83201620a180a5281f4ed10876fe3aab3a4ee583c64749fb47b6c4b
0.4609375,0.6042783260345459,0.4522450401545193,0.7484051433053747,0.0002106821775669232,0.6498644948005676,757.1630859375,1645.2049560546875,0.0013214345090091228,1.0,1.0,0.0006178815383464098,0.021421164274215698,0.9320300817489624,0.038180459290742874,0.21638975675174132,0.9996351827926182,0.00036618249253826153,0.9763070588316526,0.03937928732313957,1.8959554334234399,1.897935625156794,1.8961687322055862,0.18961687997196067,0.02074848419575115,0.21638975748004963,-0.0012237994946731412,-0.18277509005167955,-0.18155129055700642,1.8961687322055862,0.03937928732536791,,,,,,,0.18961687997196067,42,syn_diag,856,4,0.43620580434799194,,,False,c1f8d8d3f6f79773b8c7ce9399e83d87108d37aeef65050d63b6b10713ae1821,0ab824930005371d56ff7f436dad7df403e36fc28244f9f0e3bb314b4d04310c
0.5078125,0.5447089076042175,0.4701086567618795,0.8630457055363507,0.0003262025711592287,1.1616928577423096,972.536376953125,1684.4639892578125,0.0010283284354954958,0.8608952760696411,1.0,0.0006062394240871072,0.02091582491993904,0.9364809989929199,0.03779645264148712,0.6644271726612214,0.999366664997855,0.0006335891095873377,0.7473530171237293,0.04385094062622076,1.894904221330659,1.897935625156794,1.8953908447486874,0.189539091164634,0.023104545825981322,0.6644271729914375,0.004477537688634856,0.24729982767451403,0.24282228998587918,1.8953908447486874,0.04385094064824257,,,,,,,0.189539091164634,42,syn_diag,857,4,0.6123991012573242,,,False,d50e6938f95c9eb2c94a6025ba620c0df94c407ba2ba9e2a1ae4a1ed05e92c88,9a121ad42da517b1e0aff3dff9810ad4d8fbfe92906b1dd6f0c750bdeb21330d
0.5,0.5705342292785645,0.4548852669465623,0.7972970734769761,0.0003797197714447975,0.995733380317688,756.3319091796875,2229.640380859375,0.0013221728149801493,0.9925509095191956,1.0,0.0005977727705612779,0.021341104060411453,0.9453262090682983,0.03184310719370842,0.5989643558912241,0.9990544268107178,0.0009463743630998617,0.8007756866616659,0.05492770539360275,1.8940520695711793,1.897935625156794,1.8945969156637081,0.18945969839583776,0.028940763145765845,0.598964355931983,0.001656599042625982,-0.020022912586193764,-0.021679511628819745,1.8945969156637084,0.05492770538633439,,,,,,,0.18945969839583776,42,syn_diag,858,4,0.4005091190338135,,,False,ad71669738fbbd2ce630a487a176b0233f0cb6b5e1b8d72ada842b8ec5bd9c22,a1684d667c5dad071ec00fec9d0014876f93063883292e3753896e9c36137010
0.49609375,0.5697764158248901,0.4601533546467161,0.8076032803074982,0.0001961595844477415,0.9501492977142334,799.0159912109375,2150.3203125,0.001255451119504869,1.0,1.0,0.0006076410645619035,0.021131321787834167,0.9292097091674805,0.048642151057720184,0.6183937417587995,0.9992660770486306,0.0007343587390741625,0.7858684241834288,0.049396645928808415,1.9016170855317003,1.897935625156794,1.902397585302064,0.19023976562932776,0.026026512845872516,0.6183937439174566,0.001755174749618946,0.038501582597060574,0.036746407847441626,1.902397585302064,0.04939664596864653,,,,,,,0.19023976562932776,42,syn_diag,859,4,0.6069999933242798,,,False,28c683cba343a291cecb0ad1d016eddd1a98eaff8fae260ebc063ae2912bab0f,01dd93712f5205180a171ccde308da928f676563b348241bf64593cdf755aa9d
0.4765625,0.5670133829116821,0.46805400346420334,0.8254725398117959,0.00010608414595481008,0.6977596282958984,901.8150024414062,1576.992919921875,0.0011088771279901266,1.0,1.0,0.0005687424563802779,0.020598698407411575,0.9295476078987122,0.04289077967405319,0.19582702188808374,0.9997330083797594,0.00026789169222600354,0.9806384539955376,0.044025585176364686,1.9027358898052043,1.897935625156794,1.9031852028426726,0.1903185272077319,0.02319656398920506,0.19582702208797673,0.003043659038600555,0.12365029586256641,0.12060663682396586,1.9031852028426726,0.04402558516056108,,,,,,,0.1903185272077319,42,syn_diag,860,4,0.5320663452148438,,,False,e4034c6b11ec88cddc5fde93e37ca7048215bd1ebc4b9a85aa31780c12270308,f4ce18e0a72846933e582dee59662bd339983b5122bcce8861740134f49372a5
0.5546875,0.5097488164901733,0.4642424543463633,0.91072792817574,0.0002542496658861637,2.8824610710144043,884.5052490234375,1721.1361083984375,0.0011305867228657007,0.34782329201698303,1.0,0.0005532909417524934,0.020343521609902382,0.9304278492927551,0.04488733410835266,0.23898232598059152,0.9996523499245765,0.0003486538552135727,0.9710239172270695,0.04500266453064749,1.8952197409823084,1.897935625156794,1.8958350819068077,0.18958351429893894,0.023711375630512215,0.2389823257139151,0.004844218777760533,0.14465534359855342,0.1398111248207929,1.8958350819068077,0.04500266454264564,,,,,,,0.18958351429893894,42,syn_diag,861,4,0.46240711212158203,,,False,562773085f015a5172d6d39b8950e1d928bd6d1330899b16f2b005b2ac24c2d1,5ac6c01c23e4e028c8cdece3955f9d63a7b1c22b3545b4f2220e3c3ee672b55e
0.5234375,0.5639167428016663,0.4574177916732222,0.8111442131157227,0.00037093600258231163,1.2552529573440552,945.558837890625,1693.6336669921875,0.0010575789492577314,0.7971081733703613,1.0,0.0006147704552859068,0.02138945832848549,0.9446322917938232,0.03273269534111023,0.3437903516284672,0.9995801147983973,0.00042054523317982997,0.9390464280795279,0.046101531558235195,1.8996612387170806,1.897935625156794,1.9002218579537962,0.19002219329030043,0.024290355767152175,0.34379035151546605,0.002232165409916751,0.15340206327112269,0.15116989786120594,1.9002218579537962,0.046101531549484036,,,,,,,0.19002219329030043,42,syn_diag,862,4,0.5503480434417725,,,False,7d8d560fce78d49a232ba278ef48afc830a7ca29c6657bd17ba1d8e2ef09069e,f599cdc92c6dfd349b14a5b79d46d9499118740ee679099e6a108a9d12baad43
0.48046875,0.5776386260986328,0.4654504371114956,0.8057813308470274,0.0002178708091378212,0.6240731477737427,1083.5830078125,1803.428955078125,0.0009230007417500019,1.0,1.0,0.0005837082862854004,0.021328728646039963,0.9306644201278687,0.045947492122650146,0.5435480542135238,0.9994079163572037,0.0005925024816444055,0.8393780511344714,0.040975174294567006,1.8968035889613688,1.897935625156794,1.8972946665437582,0.1897294728635786,0.021589338306013586,0.5435480542906339,0.008280978767579819,0.37693310144752035,0.3686521226799405,1.8972946665437582,0.04097517429394693,,,,,,,0.1897294728635786,42,syn_diag,863,4,0.6491248607635498,,,False,ef09a81dc7458381da5e11161c101570451267ff46a0a99b2dcdb926cdef08ff,40cd67aa33aae3d30904cc0ca2a3974bf0b58e06a822f64c40456016fda11b94
0.484375,0.5721049308776855,0.4644467825265203,0.8118209709682684,0.0005575809627771378,0.7593322992324829,767.2796630859375,1524.4871826171875,0.001303517259657383,1.0,1.0,0.0005983218434266746,0.021416036412119865,0.9393847584724426,0.0382583886384964,0.37534375700628,0.999393924764102,0.0006072000768417552,0.9268856801328016,0.04174060726188412,1.90278880657539,1.897935625156794,1.9032640698662757,0.1903264139172626,0.021992635950660238,0.37534375699182576,-0.0018871299065354656,-0.02957008559633559,-0.027682955689800125,1.9032640698662757,0.041740607272302686,,,,,,,0.1903264139172626,42,syn_diag,864,4,0.4491378664970398,,,False,082b21da1a877d870f1d71c979ce1b80b8178e04281ce653db1510385b5520fb,8632d08d944f534302509044d8031daf3a96f3be9914279ab5a6086a6a36df0b
0.5390625,0.5351259112358093,0.45947390359173707,0.8586276820396128,0.00027774125919677317,1.6056208610534668,911.1398315429688,1836.104248046875,0.001097534317523241,0.6228934526443481,1.0,0.0005879636155441403,0.021504707634449005,0.9394179582595825,0.038489386439323425,0.6034438264129658,0.9992541528853001,0.0007463337965025939,0.7974055106000142,0.04414242954780385,1.8970817860242566,1.897935625156794,1.8977984892378421,0.18977985690287036,0.02325812791681691,0.6034438263487033,0.00385914765682935,0.27954211286929864,0.27568296521246927,1.8977984892378421,0.044142429572315026,,,,,,,0.18977985690287036,42,syn_diag,865,4,0.456508070230484,,,False,1a46873fbfac71c02b88682fcce983989f6de86b014f43d9d4fb4f68f83e9912,a8b67cd3db58c4e7dc25c2fd38ff5790e3acdab11e90f766e0473e047cffc8ab
0.46875,0.5899524688720703,0.45732173245369373,0.7751840864465708,0.00022250022448133677,0.4738267958164215,729.728271484375,1517.62158203125,0.0013712833169847727,1.0,1.0,0.0006020551081746817,0.020660288631916046,0.9298502206802368,0.04518638551235199,0.6287455051923556,0.9990826609396414,0.0009179841413191762,0.7776111429731186,0.04946254521109718,1.8948151605062933,1.897935625156794,1.895271039437567,0.18952710955748003,0.02606123440408305,0.6287455054679393,0.01052115161823085,0.35755289613527813,0.34703174451704727,1.895271039437567,0.04946254519971159,,,,,,,0.18952710955748003,42,syn_diag,866,4,0.5014582276344299,,,False,15adbee04b95693e442e7945f61f493d467ffefd76823d50ce80bccf1d378a27,5d5dbe70acb279baa6e3b5709552bc040ec958ddb7cb63be5c91a0e35a1fc09f
0.44140625,0.620596170425415,0.4497472025015076,0.7247018200749857,0.00019240658730268478,0.42876625061035156,670.3856201171875,1582.289306640625,0.0014917018124833703,1.0,1.0,0.0006038686260581017,0.02100135013461113,0.9262604713439941,0.04516688734292984,0.6679296239280048,0.9992136937596421,0.0007866907136451973,0.7442244402415598,0.04175258153588782,1.8987922211041848,1.897935625156794,1.8992158256768674,0.18992158906403286,0.021998945055060292,0.6679296245797566,0.0007697426755713325,-0.05181930339951462,-0.05258904607508595,1.8992158256768676,0.041752581518492836,,,,,,,0.18992158906403286,42,syn_diag,867,4,0.44081228971481323,,,False,761fe2f6f9259c7b828d3567aaeed457b010bf02c18b902680539a69c96a8ec6,6804f1acef3173e37c28a9a8af280995730335d23db138ba786be29f0b9afda4
0.5625,0.5061507821083069,0.468356722892731,0.9253304266212791,0.000478642585221678,2.3388962745666504,816.7676391601562,1795.885986328125,0.0012245556572452188,0.4275519847869873,1.0,0.0005475774523802102,0.020902570337057114,0.9432843327522278,0.03257417306303978,0.6304368037634589,0.9991433197054151,0.0008572378069625254,0.776240578966253,0.04521877868089396,1.9046459987963078,1.897935625156794,1.9051932983197304,0.19051933622102782,0.023825243639195866,0.6304368040115768,0.009390678400438847,0.33341948644614716,0.3240288080457083,1.9051932983197304,0.045218778694338935,,,,,,,0.19051933622102782,42,syn_diag,868,4,0.47202470898628235,,,False,d6ccc99ccb7e674615205e9895ef928b809dcb7893b210670c351cbd01c9fdcf,70d16fce8966b0f3cfc81c1c5a775b1ac5d3d7a24f6d58c88a8d6f3b27b19856
0.484375,0.573919415473938,0.4601055840715747,0.8016902713465935,0.0004322750319261104,0.7898826599121094,895.437255859375,1671.544921875,0.0011168149067088962,1.0,1.0,0.0005855993367731571,0.020540906116366386,0.9249425530433655,0.0428587980568409,0.4297828632475971,0.9995071074146187,0.0004934301711660316,0.9029322734388657,0.03955921793468421,1.8994891005192436,1.897935625156794,1.900055256195234,0.1900055335637554,0.02084328752267099,0.42978286338744615,0.0049472898971503415,0.0967873105364001,0.09184002063924976,1.900055256195234,0.039559217999062736,,,,,,,0.1900055335637554,42,syn_diag,869,4,0.5425400733947754,,,False,81dae5550e8912ec34118502d50f9be3af2662973564e30e409f0dfc31afa052,d50a6da22b764c20b0f95eacbf363079a255f1c385fb1b88c4cb0be6d19a1476
0.46875,0.5941802263259888,0.45547634067357634,0.7665625390475844,0.0004373550764285028,0.5517864227294922,617.8013916015625,1514.7215576171875,0.0016189183807000518,1.0,1.0,0.0006127567030489445,0.021499354392290115,0.9373921751976013,0.03379153460264206,0.5166016512334223,0.9990956590238462,0.0009054681076501436,0.8562258661767892,0.044826875432007196,1.8950360221535139,1.897935625156794,1.8954579324531278,0.18954580084622577,0.023618754418122213,0.5166016510438152,-0.0019582553196240784,-0.1407488788594474,-0.13879062353982333,1.8954579324531278,0.044826875473788774,,,,,,,0.18954580084622577,42,syn_diag,870,4,0.3826093077659607,,,False,ec833fa25e7ef0b051e477a0c0e9c98110fc4b4518ff5ad4c326607224d59d4a,1751e39fe66b6d90768d3773091ae274987ebc4731dc656f876a7dd2fd134c11
0.4765625,0.5971015691757202,0.45740441822515193,0.7660412362648807,0.000370151421520859,0.7060935497283936,585.6832275390625,1582.41015625,0.0017093863571062684,1.0,1.0,0.0006014371756464243,0.02160540409386158,0.9389446973800659,0.03830264136195183,0.497649704793792,0.9988820823344325,0.001119824555233347,0.8673781016904583,0.05676180584073514,1.9063278218042454,1.897935625156794,1.9073867430111737,0.1907386809926965,0.029907129139860038,0.49764970485543963,0.0030041233493000455,0.036276427760917405,0.03327230441161736,1.907386743011174,0.05676180585437775,,,,,,,0.1907386809926965,42,syn_diag,871,4,0.29020681977272034,,,False,987c9b2bfce541fb473e8fbc4953258c1dc9441616e8c0cb0be7aec7dcf7cce1,96aa4390782a678f023ddf2e299931323cc78801ed785dd25a323860fda6c1b7
0.546875,0.5169181227684021,0.4611316312414074,0.8920786428666406,0.0005040876567363739,2.5612196922302246,534.2427368164062,1549.711669921875,0.001877371221780777,0.3904649019241333,1.0,0.0005658832378685474,0.021469904109835625,0.9360088109970093,0.03673283010721207,0.6070042580442759,0.9987673499669664,0.0012339565862278174,0.794698578512972,0.049378447227407786,1.9023148056271977,1.897935625156794,1.9031555206776964,0.19031555872728523,0.026016924163748952,0.6070042575839947,0.004510542590688405,0.21071919371595155,0.20620865112526315,1.9031555206776967,0.04937844722120569,,,,,,,0.19031555872728523,42,syn_diag,872,4,0.4255686104297638,,,False,0d29f60ded54020a3989e9bfa03e8adae072534a2ef936c6ee61e8591e416463,10831790059841dfa2a663dde9657cf54834658dd59f691a97d0089ab648e13d
0.49609375,0.5698317885398865,0.4633614359419757,0.8131547773229464,0.0005826194537803531,0.9627388715744019,994.7039794921875,1641.501953125,0.0010054251179099083,1.0,1.0,0.0005921990377828479,0.020782582461833954,0.9379841089248657,0.033503904938697815,0.6939011255691031,0.9987062389093864,0.0012946647435660339,0.7200702937334889,0.06285263846852708,1.89630068003146,1.897935625156794,1.8974464791691057,0.18974465580325225,0.033116317347856056,0.6939011253268162,0.0034511179778732855,0.1753083477008462,0.1718572297229729,1.8974464791691057,0.06285263849318043,,,,,,,0.18974465580325225,42,syn_diag,873,4,0.5277310013771057,,,False,714c233b7b0c08f8d313e965ed09050e8a2297fec438358f163a632de09a98d5,d8d72e2d7e8a0bd36fc8df96519066d49719abf1bc7e49d39dd278d1fedf6997
0.46875,0.5838356018066406,0.46496615948300296,0.7963991512328871,0.00023167123435996473,0.45361965894699097,788.413330078125,2158.3603515625,0.001268531195819378,1.0,1.0,0.0005908064777031541,0.02133207768201828,0.9337816834449768,0.040815211832523346,0.5482729677731581,0.9993444147006875,0.000656086379103494,0.8362994396615122,0.045043587121431965,1.8963348847559536,1.897935625156794,1.8968500404950155,0.18968501145158215,0.02373293726318407,0.5482729696457402,0.0041422676668465925,0.27934861591849175,0.27520634825164514,1.8968500404950155,0.045043587184475466,,,,,,,0.18968501145158215,42,syn_diag,874,4,0.5821720957756042,,,False,40b392aad775c7b3dbf633b6128da5393ce70c7b35fbb388d361f2fe24383997,51a10965f7b8a85d55490e9e671fe39ce1cf636f742f8b083fc2953238c52413
0.5,0.5699067115783691,0.45793954442548207,0.8035343205929725,0.000449077197117731,1.0634559392929077,867.01953125,1972.3511962890625,0.0011534825898706913,0.942002534866333,1.0,0.0005584059981629252,0.02050776407122612,0.9418504238128662,0.037083402276039124,0.301480485285431,0.9996316517549098,0.0003690295636936482,0.9534723472389438,0.042561419264612536,1.8941807157020858,1.897935625156794,1.8944886024192809,0.18944886687649554,0.022425112158940576,0.30148048483010603,-0.005938627824069157,-0.040450077879432514,-0.03451145005536336,1.8944886024192806,0.04256141921418986,,,,,,,0.18944886687649554,42,syn_diag,875,4,0.44424134492874146,,,False,ecbf595a7b9ea1f3aa241822b07c6939a3c930234ac7d0352319a00de60ca968,df90f7b31792161e4512aabf990b0f4801a9e41ac825c3e277b7f0395b13bd38
0.46875,0.5784816741943359,0.46602077221517285,0.8055929941533128,0.0001902356743812561,0.40525370836257935,776.0975341796875,1545.064208984375,0.0012887697666883469,1.0,1.0,0.0005759048508480191,0.02105516567826271,0.9266552925109863,0.04558631777763367,0.37663455017112746,0.9993359622525324,0.0006653777833823697,0.9263619247262085,0.049110939342683346,1.8938115641897395,1.897935625156794,1.8943921977587759,0.18943922614647796,0.025875977399707786,0.37663454974292165,0.0014480708121098332,0.11238529061461819,0.11093721980250836,1.8943921977587759,0.04911093933972465,,,,,,,0.18943922614647796,42,syn_diag,876,4,0.396575927734375,,,False,0fa3cddc920de2e14ee7b23d1c52dfd97ff87da59bf62497a0e58fcf3335c881,d027de252a7ac3a0ddb41f2de635434bf4fc38c1f1f40d860a26c4029197fde8
0.53125,0.5169150233268738,0.4697344527211084,0.9087265891612252,0.0002657270524650812,2.3097732067108154,1096.71484375,1883.261962890625,0.0009118157904595137,0.4332990050315857,1.0,0.0005402079550549388,0.020754752680659294,0.9305185675621033,0.04492625594139099,0.5815951943929354,0.9990492685861885,0.0009516180777144933,0.8134783524097343,0.06688331043917753,1.9025396883691084,1.897935625156794,1.9036798525446217,0.19036799310753735,0.03524003109094749,0.5815951941775707,-0.0002556799680236942,-0.04865491132562394,-0.04839923135760024,1.9036798525446217,0.06688331043765705,,,,,,,0.19036799310753735,42,syn_diag,877,4,0.604676365852356,,,False,39f5c0dbb70cf905e20e049171a2a070192b5ab161072e25ee4dbc63d341fbd6,c76bee3597387bd87c7cb97c113d2428520e3b84f6443abecc9a3d55bf8360fa
0.52734375,0.5491232872009277,0.4590257719894198,0.8359246887722479,0.0002464776043780148,1.3852152824401855,999.931884765625,1689.093505859375,0.0010017573367804289,0.7219101190567017,1.0,0.000538516731467098,0.02108180895447731,0.9321368932723999,0.03871534764766693,0.45001006951760225,0.9993323058785434,0.0006685748490787877,0.8930234808236887,0.052629407556517314,1.897572803108909,1.897935625156794,1.8981971587326645,0.1898197211575833,0.027729816996370314,0.4500100689531717,-0.001196169051827944,0.002270228106919703,0.0034663971587476474,1.8981971587326645,0.05262940752364823,,,,,,,0.1898197211575833,42,syn_diag,878,4,0.5282886624336243,,,False,f1b3b11a33a0d628397c00661c1b5547e600456c0d121e0142b8c92051b6da6c,6ee604ebbe8e9a9aadf4d3c449e4e0b418f71d27705235850b36709f9179ee76
0.4921875,0.5644059181213379,0.46846729517516666,0.8300184778448141,0.0004448183171916753,0.8844582438468933,1136.90185546875,2229.302734375,0.0008796093752607703,1.0,1.0,0.000550523167476058,0.02048984169960022,0.9398012161254883,0.03536926954984665,0.5002491544880127,0.9994298131496645,0.000570674985015441,0.8658815065608727,0.05014775331748499,1.8982426555128462,1.897935625156794,1.8987790089361485,0.1898779076130723,0.02642226251130921,0.5002491547179764,0.001733202854934659,0.1977483999130118,0.19601519705807713,1.8987790089361487,0.05014775332369995,,,,,,,0.1898779076130723,42,syn_diag,879,4,0.5497450828552246,,,False,3fbc8b023d41dce12e0b39e436ce23a13e099e84e664f342ced248fa60b222b2,8076afdb9b0758a0557a69e913684ae8268098e6ab6baf07c1b6f5d64ec831e9
0.4921875,0.5623531341552734,0.46587604855228965,0.8284403797960089,0.00021667404507752508,0.929593563079834,999.364501953125,1559.095947265625,0.0010006367228925228,1.0,1.0,0.0006251040613278747,0.021837010979652405,0.9355238676071167,0.03812005743384361,0.45390125880434207,0.9994767607227709,0.0005237681593656356,0.8910519890675079,0.04579992034086267,1.900079265583385,1.897935625156794,1.9004959179577228,0.1900495987418182,0.024131440357496252,0.45390125886562865,0.00916211224875334,0.49770305288995415,0.4885409406412008,1.9004959179577228,0.04579992033691676,,,,,,,0.1900495987418182,42,syn_diag,880,4,0.672982931137085,,,False,83db05cb404afc5b530bf69a0e5e2b04ae1280d12023d60c50b2ad3622144393,25b9854f5a830294a6f4ba6ec0f9b96e36c886803fe3734c42ea9a4f5d51ded1
0.4140625,0.6214784383773804,0.4639147910680346,0.7464696280670835,0.00014777557225897908,0.33473169803619385,964.1235961914062,1914.3419189453125,0.0010376309510320425,1.0,1.0,0.0005844897823408246,0.02092898264527321,0.9304855465888977,0.04328832030296326,0.475391250299052,0.999536939546077,0.00046342839378829174,0.8797744933185953,0.034313677531181606,1.8980487020818557,1.897935625156794,1.8982515692634192,0.18982516291848633,0.01807947386430916,0.4753912504680347,0.009478085256276692,0.33736545556414277,0.3278873703078661,1.8982515692634192,0.03431367751531346,,,,,,,0.18982516291848633,42,syn_diag,881,4,0.6562696695327759,,,False,e81f3afea77f5e67d988057686ae3c96c419b6ac53700d859bb7db567ef1cc94,6dfc1992e687f379896835b60c7aab0c0f1e314a3f221188d2245e10095dc410
0.43359375,0.6170017719268799,0.45575666987911106,0.7386634458355462,0.00016556584159843624,0.23656317591667175,837.5249633789062,1649.7850341796875,0.0011940260883420706,1.0,1.0,0.0005776671459898353,0.020885374397039413,0.933425784111023,0.03852471709251404,0.5166178061655718,0.9991943899243619,0.0008065041248709223,0.8562161189289395,0.03765687495026259,1.9008658023729503,1.897935625156794,1.9013295820552683,0.1901329653129329,0.01984096533681526,0.516617806510097,-0.0005106554188773678,0.01864517413815538,0.01915582955703275,1.9013295820552683,0.037656874982804074,,,,,,,0.1901329653129329,42,syn_diag,882,4,0.5669651627540588,,,False,37ade44733c5ad4b5bd366ffdb1ead2ff52e7547e92d022c81dd4496e2e31ca6,54cf7b3df23ab7546002ee09373f3d790e1d613e2f04e92c1b2a6940b8abe1d0
0.53125,0.5197455883026123,0.4736448087804438,0.9113013254069915,0.00032703852048143744,1.668718695640564,1222.866455078125,2369.210205078125,0.000817769905552268,0.5998608469963074,1.0,0.0005555413663387299,0.021549254655838013,0.9299073219299316,0.04264559969305992,0.5317712349860602,0.9994972315104422,0.0005030896199983264,0.8468880407719426,0.03691190985806302,1.8978958596475524,1.897935625156794,1.8982846785730747,0.18982847482637608,0.019448451975284553,0.5317712357576504,0.004228664806196393,0.2173517792077293,0.21312311440153292,1.8982846785730747,0.03691190983856999,,,,,,,0.18982847482637608,42,syn_diag,883,4,0.7558444142341614,,,False,c6537a8c0e3aa307af576736bfb22d3a2ae4c9e97bbc0e16b018798fca81af61,30bf36418b1e6e1c3cb780074b429664fe4e6e5e4c183fa2c9685e6758c89353
0.515625,0.5645315647125244,0.4564644205310685,0.8085719998500651,0.00019894540309906006,1.1546714305877686,730.75732421875,1617.90234375,0.001368883764371276,0.8660695552825928,1.0,0.0005738111212849617,0.02073516696691513,0.9264822006225586,0.03864016383886337,0.5263105567328358,0.9993127706217928,0.0006878472596513989,0.8502924190158416,0.04043468574195245,1.8987172944035995,1.897935625156794,1.8990923190857631,0.18990923830232737,0.021304561232729224,0.5263105568828906,0.005348866819203329,0.25940520567658754,0.2540563388573842,1.8990923190857634,0.04043468580081775,,,,,,,0.18990923830232737,42,syn_diag,884,4,0.3038862943649292,,,False,97b83fab7163374f4ff974aebe44d773547531b5f77a88e2ec64051605b49c03,6d1be02a1891eadac8ca3a91c5a56c17e0981fbb307f1607928c80579978c23c
0.49609375,0.5571378469467163,0.46559051065577445,0.8356828258416853,4.837292362935841e-05,0.8936793208122253,1158.58154296875,1864.3466796875,0.0008631523232907057,1.0,1.0,0.0005538688856177032,0.020794611424207687,0.9289238452911377,0.03962792456150055,0.6161996427824792,0.9992385348452458,0.0007619397240489755,0.7875899949877252,0.04138079238216289,1.9006056648223517,1.897935625156794,1.9013157898359063,0.19013158603070016,0.02180305371459714,0.6161996435274866,0.009710659669887368,0.32552565494602365,0.31581499527613627,1.9013157898359063,0.0413807923854921,,,,,,,0.19013158603070016,42,syn_diag,885,4,0.5640694499015808,,,False,0baae1b473a6fafe233232aa7ddaaa1311848127ebe799d45c98c6f50273d9b5,8e763256726ac7495c8d56476128d62c4bae678a8ed62e3c5d2a56a5605b03d6
0.48046875,0.5795068740844727,0.4591240893703126,0.7922668847138015,0.00028115231543779373,0.8820731043815613,990.466552734375,2386.114990234375,0.001009626081213355,1.0,1.0,0.0005352741573005915,0.020500607788562775,0.9224371910095215,0.04564332962036133,0.261865230264819,0.9996825257185787,0.00031816197909627207,0.9651044508946389,0.044661183995517766,1.9005629716313432,1.897935625156794,1.90097885390141,0.19009789312258113,0.023531453545377567,0.2618652301532708,0.001124874055553118,0.04929624854575749,0.04817137449020437,1.9009788539014099,0.04466118399036033,,,,,,,0.19009789312258113,42,syn_diag,886,4,0.45708268880844116,,,False,e84e66b10a69455eeb170933648d546fe0b7379d748c1787226c2f6e1d28ff12,dc823ce1f20507f79a8355b5c138e20a71603f7a2269363583067775d08fc628
0.5,0.5519431829452515,0.469257465603043,0.8501915984254081,0.0001544831320643425,1.0039139986038208,956.5623779296875,1702.7872314453125,0.0010465653613209724,0.9717897772789001,1.0,0.0005878283409401774,0.020820563659071922,0.9312363862991333,0.041070353239774704,0.6681393619563002,0.9993271666744912,0.0006731144470442081,0.7440361503166519,0.0416161351584673,1.8999719657543677,1.897935625156794,1.900612089616762,0.190061216787012,0.021927053060615445,0.668139361690297,0.0073095604949142716,0.22374812711365455,0.21643856661874028,1.900612089616762,0.04161613517773848,,,,,,,0.190061216787012,42,syn_diag,887,4,0.7668185234069824,,,False,3c8c689d833f60d4f85ef5e0e141f401e99933eff343b1efb27c6888e20101de,fc226f8f47ca8797eaff6ba9a79e5edec0b07312cd5e66bd1a25f9f0782e615c
0.4765625,0.5889923572540283,0.46388229699919215,0.7875863151965946,0.00027622058405540884,0.8045343160629272,607.8472900390625,1448.990234375,0.001645188545808196,1.0,1.0,0.0005859890952706337,0.02136032097041607,0.9371335506439209,0.04092012345790863,0.47829609300926723,0.9992653599197989,0.0007355527398262222,0.878198637765614,0.03986705142307666,1.8967963140840198,1.897935625156794,1.8972286341421203,0.18972286970414587,0.021005481373880697,0.4782960933229754,0.0012546525907855951,0.06888212190042692,0.06762746930964132,1.8972286341421203,0.03986705143449741,,,,,,,0.18972286970414587,42,syn_diag,888,4,0.532179594039917,,,False,f3b0ecd0b32738c294816f1c19f8d1f807be5faeb734ce8a8964ff6c8aed6575,4ba4e6040161086b9f35a3d15ed75f82527941ef099402eb3ea175c0466bae64
0.546875,0.5351197719573975,0.4604763641943232,0.8605108946568687,0.0002479802642483264,1.5673547983169556,848.4946899414062,1701.9747314453125,0.001178557751700282,0.6380234360694885,1.0,0.0005479339160956442,0.02119511552155018,0.9360153675079346,0.034706443548202515,0.43955537481998885,0.9992985401182158,0.0007024909569711378,0.8982154933216291,0.06768072098256757,1.8998728439986234,1.897935625156794,1.9012006680377342,0.19012007431185543,0.035660177345024864,0.43955537459453303,-0.005413983022495488,-0.06758866601491895,-0.06217468299242346,1.9012006680377342,0.06768072097949716,,,,,,,0.19012007431185543,42,syn_diag,889,4,0.4265255928039551,,,False,7d97f340ef67486923f87d3ff416f519be76d951289c742ea0c9605af7de51eb,516b07e8bb8c03a294a51df6b60d57d7deb9b291d6ac96706178e1fc253aab8c
0.4921875,0.5723599195480347,0.46237603496208873,0.8078413591356852,0.0002648814697749913,0.8794012665748596,1028.8226318359375,1798.184326171875,0.000972383189946413,1.0,1.0,0.0005660008173435926,0.021313123404979706,0.9368178844451904,0.02921924740076065,0.3282797840791627,0.999565392600066,0.00043539247373082675,0.9445805329969217,0.03702997976613415,1.8989695928853,1.897935625156794,1.8992753931984936,0.18992754621623156,0.019510661623760542,0.32827978377631495,-0.00023718819108978152,-0.07095785127932065,-0.07072066308823087,1.8992753931984936,0.037029979763154065,,,,,,,0.18992754621623156,42,syn_diag,890,4,0.526879072189331,,,False,c6c8ec9b7f4b477844cfa2c478964983fe502cb5d20ea70dfafb9f8550e376e8,942d7fb9e2c063dafbbd843bc7317d5f7b194cafa91987efb4010ee54d58d30c
0.51953125,0.5415640473365784,0.4656273850554446,0.8597826497929858,0.0004227192548569292,1.4687950611114502,789.2537231445312,1743.07666015625,0.001269026193767786,0.6931402683258057,1.0,0.0005788218695670366,0.020863033831119537,0.9341299533843994,0.0371357761323452,0.6010220575501909,0.998666288611644,0.001335289967998617,0.7992324357238584,0.05101273119400245,1.9019089310602393,1.897935625156794,1.9027242634613317,0.19027243363313506,0.02687800920000185,0.6010220581710882,0.00045837085605397634,0.09335803368054263,0.09289966282448865,1.902724263461332,0.051012731195051064,,,,,,,0.19027243363313506,42,syn_diag,891,4,0.4880777597427368,,,False,251d7733fa6473cf2d09e7686aa76b97374e0cc25c4d405241357da6469d3e93,3f1e0eb2627c5c2ab34755fe00c031b935555df03b415b8e30e87e049ae3183e
0.48828125,0.5794941186904907,0.4529836348222987,0.7816880824202258,0.0002052230411209166,0.762002170085907,703.7684936523438,1664.8475341796875,0.0014242385514080524,1.0,1.0,0.0005553995724767447,0.020713575184345245,0.946195125579834,0.03237440809607506,0.653186217816801,0.9989937074050207,0.0010069746014749932,0.7571973090482094,0.04712418973167178,1.902153428894816,1.897935625156794,1.902768833467152,0.19027689043950016,0.02482918235319698,0.6531862173422567,0.0031371346031424047,0.1926061863536041,0.1894690517504617,1.902768833467152,0.047124189685543924,,,,,,,0.19027689043950016,42,syn_diag,892,4,0.4573225975036621,,,False,8fe33ee3ca2d80b237ff203725ec392dc11f30799a2eed5ad202838e4e12c3f8,e3d2cf6232cc5270d863a9138a8821cbea9730ebe4eb71fe7ce225181b6bc512
0.41796875,0.6267549991607666,0.4567925978782186,0.7288216811199879,0.0002220595779363066,0.2991085648536682,656.7178955078125,1701.50146484375,0.00152272405102849,1.0,1.0,0.0006215223111212254,0.021113507449626923,0.937593936920166,0.03186630457639694,0.3854291699141374,0.9995070293524956,0.000493669400709109,0.9227374246972058,0.04009819710314416,1.898768979227153,1.897935625156794,1.899102396542725,0.18991024682066834,0.021127269319163765,0.38542916950684486,0.005538968966503446,0.37167474463259764,0.3661357756660942,1.899102396542725,0.040098197115512955,,,,,,,0.18991024682066834,42,syn_diag,893,4,0.40130385756492615,,,False,c3ca16b296b7f1b5fa3d01ab83efc1e4fa37741cae0ed8ca90ab85ac41ec02dd,330376c9bc20f601d6a52e9a6169e0c6512538468ed113581d43da697aa6f86e
0.50390625,0.5576858520507812,0.4650151129663134,0.8338298232622351,4.187349622952752e-05,1.0450994968414307,668.299072265625,1837.0257568359375,0.0015026191249489784,0.9569310545921326,1.0,0.0005720215849578381,0.02096857689321041,0.9243204593658447,0.035864390432834625,0.25694501105195894,0.9996427679292917,0.0003581396551356158,0.966426024721132,0.050189069969439094,1.8975215472691602,1.897935625156794,1.898233468562075,0.189823354158023,0.026444031770185242,0.2569450108644541,0.00047159514613421584,0.022707659936917538,0.02223606479078332,1.898233468562075,0.05018907001726531,,,,,,,0.189823354158023,42,syn_diag,894,4,0.49082639813423157,,,False,94f5105190f27b4e9f1ddf2cfbcab812d80b3eb39ff85ed316add9ed7ba7608e,df8f39833f260f24b3f7ebe6acbfbf9053a40e09c774a07fa46776d800b7a94f
0.49609375,0.5715922117233276,0.46233280366564516,0.8088508282614184,0.0002859589003492147,0.9819127321243286,920.135986328125,1659.1680908203125,0.0010889864061027765,1.0,1.0,0.0006071695825085044,0.02102445811033249,0.9479544162750244,0.03017478436231613,0.6965558491172881,0.998993046369915,0.0010074926768891437,0.7175025777246801,0.054381681650154605,1.8961224575578557,1.897935625156794,1.8968270940617271,0.189682716823297,0.028653069645411876,0.6965558493179387,0.006198014240220197,0.18333155913849497,0.17713354489827476,1.8968270940617271,0.054381681636339926,,,,,,,0.189682716823297,42,syn_diag,895,4,0.5302115082740784,,,False,bc72e700b4397d56651156704da019bedddf8ef97919efc859b15d714146ad4b,02c5a43cd4fbb4b527790927e1c7c7136f0f37c4d948de7015768765e81d9372
0.48046875,0.5624979138374329,0.4719298031436369,0.8389894234169615,0.00021269446006044745,0.6900175213813782,1032.4901123046875,1925.463134765625,0.0009699054062366486,1.0,1.0,0.0005788201815448701,0.021227054297924042,0.9363701939582825,0.03791914880275726,0.539855168389836,0.9991798486856204,0.0008209712926460309,0.841757920746776,0.062028881967429485,1.8934011866293332,1.897935625156794,1.8943539525246123,0.1894354026166976,0.032682289717952055,0.5398551663163124,-0.0002787569385272073,-0.07252451039399513,-0.07224575345546792,1.8943539525246123,0.062028881937663954,,,,,,,0.1894354026166976,42,syn_diag,896,4,0.5444215536117554,,,False,bb8b03d8eba0bdf3f2e2bee35446a7310812cce23ba2913543d913ae1c6c4c04,228b3b77ab272d48482f9f17810970259c9a51793696b56450c8708da022b0b5
0.4140625,0.6405826807022095,0.45172216725579883,0.7051738593908455,5.900131509406492e-05,0.26224321126937866,734.7093505859375,1943.7362060546875,0.0013614390045404434,1.0,1.0,0.0005795942852273583,0.020645692944526672,0.9135189056396484,0.04979526996612549,0.7216082882033117,0.999181057538812,0.0008192515961001757,0.6923015805078896,0.042481398340696454,1.8965302554047838,1.897935625156794,1.8970329715931893,0.18970330407626648,0.02238295007353822,0.7216082874694472,0.00419778535202459,0.18092359239789635,0.17672580704587176,1.897032971593189,0.042481398370040675,,,,,,,0.18970330407626648,42,syn_diag,897,4,0.4807546138763428,,,False,d32475ee0f08832842cb59e5d7240677ece8283c9130eb533f646b83ec4ef375,d78340030ce3d9d2a103386098401ceb477871fa27db5f38a9304c8eb1911f80
0.47265625,0.5796953439712524,0.46771489850729825,0.806828729886778,0.00018235933384858072,0.4331681728363037,908.9072265625,2014.0025634765625,0.001101575093343854,1.0,1.0,0.0005893812049180269,0.021065641194581985,0.9252303838729858,0.04488453269004822,0.5917563412338188,0.9990829213427932,0.0009178610641892791,0.8061168851921008,0.07322175259635849,1.8951141635369164,1.897935625156794,1.8964979956957115,0.1896498063935174,0.03857968185315603,0.5917563419141867,0.004569621167313981,0.011365881962996772,0.0067962607956827915,1.8964979956957115,0.07322175260200046,,,,,,,0.1896498063935174,42,syn_diag,898,4,0.5030659437179565,,,False,934bfb1f525805dcb19f8b889283e32bfaf0123c16cb0395e42a1194aff4b2d6,be7f53b946c23107a32d794b1ec72e3ee4f15a7b894e39737998459e47781740
0.50390625,0.5674768686294556,0.46171266609667355,0.8136237709157391,0.00021954395924694836,1.0309958457946777,1105.393798828125,2133.6748046875,0.0009046735940501094,0.9704611301422119,1.0,0.000589043484069407,0.021984636783599854,0.9406647682189941,0.028951160609722137,0.48406662895614816,0.9994205747516041,0.0005799751402763993,0.8750311415601957,0.04957154860279768,1.8994597482868314,1.897935625156794,1.9000822847605154,0.1900082356889122,0.026118667011520113,0.4840666293045595,0.004946816165548704,0.07281993926127109,0.06787312309572238,1.9000822847605157,0.04957154860311424,,,,,,,0.1900082356889122,42,syn_diag,899,4,0.663245677947998,,,False,1a8fb03b8d7cc9d08afa85eea1edb25ae24ceaa4d14daf42b4e6abd4bd020b98,3fe995ac365781c4969be9ef332c61a25f29fd58f2b1b5dba1763b7a07259b53
0.48828125,0.5637452602386475,0.46066011339557633,0.8171423249261022,0.0001444244699086994,0.6995157599449158,797.2949829101562,1676.89990234375,0.0012545535573735833,1.0,1.0,0.0005687855882570148,0.020923368632793427,0.9287787675857544,0.04249751567840576,0.6722562066542798,0.998917369540331,0.0010833428862186635,0.7403185750678741,0.045162741878705455,1.895237461540093,1.897935625156794,1.8957574163650632,0.1895757488708044,0.023795718505969152,0.672256206782677,0.005554761730740273,0.21628646884241148,0.21073170711167122,1.8957574163650635,0.04516274187999968,-33.06841769892981,0.030935341864457358,1.1380879365870062,711.255859375,0.45258980989456177,0.45331448316574097,0.1895757488708044,42,syn_diag,900,4,0.4584544003009796,0.4984530947685242,0.8905,False,58a6252a573da6b5ddc5c58088cebc34db9d9720653ef868b7aed6688876e06f,134222190f15b2bf2ec1423b8f875e820bac37192c4147dbe2df3cae879435e5
0.48046875,0.5756459832191467,0.4665084093500775,0.8104085450457755,0.00029915577033534646,0.7404172420501709,997.529296875,2883.587158203125,0.001004089368507266,1.0,1.0,0.000544027192518115,0.019684121012687683,0.9428284168243408,0.031679946929216385,0.2841337553696879,0.9997267882953966,0.00027363812546500474,0.9587846520567047,0.04593750577042894,1.8919241963685485,1.897935625156794,1.8925212562875575,0.18925213280799238,0.024203932505144743,0.28413375585251555,0.004118171820245781,0.13016952059357642,0.12605134877333063,1.8925212562875575,0.04593750576056064,,,,,,,0.18925213280799238,42,syn_diag,901,4,0.5883157253265381,,,True,08d2a48a365205350154230e0e0a89adb6f7b614b6f3dbf51d70b5c084f47e72,5e0153906ed476c3b83ed278e072729a5754980c48356709ea4837cacc81593e
0.4609375,0.6286945343017578,0.4464640031890633,0.7101445691569194,0.0002855044440366328,0.450178325176239,391.17120361328125,1768.2532958984375,0.002556425519287586,1.0,1.0,0.0005500594270415604,0.019273700192570686,0.9401838779449463,0.033912256360054016,0.4880861595485496,0.9994086003237678,0.0005919602646158614,0.8727954518772971,0.038616772088954275,1.8964975555850492,1.897935625156794,1.8969129337867439,0.18969130102622642,0.020346723870438798,0.4880861603890362,0.007465477070808244,0.31144543149476245,0.3039799544239542,1.8969129337867443,0.03861677209514112,,,,,,,0.18969130102622642,42,syn_diag,902,4,0.3630603551864624,,,False,e373e6e2997cfc9a74aae6b42d35a1b1be931957989d3cf56e193ed331042e1f,778f674e230a9c022973bdaf6c7a3ae910eb4a8c8f85d64b77d9265f2677211d
0.51953125,0.5307732224464417,0.4713388819183288,0.8880230949296191,0.00038336042780429125,1.4686548709869385,1019.3331298828125,2126.550048828125,0.0009811193449422717,0.6809590458869934,1.0,0.0004971821326762438,0.018488235771656036,0.9462437629699707,0.024785367771983147,0.5863445506495075,0.9994681974450517,0.0005320728722027557,0.810061767949294,0.04304184105943545,1.896948869432622,1.897935625156794,1.8974275851626805,0.18974276589339284,0.022678240762700766,0.5863445509224912,0.004538601082355088,0.1393599302060135,0.1348213291236584,1.8974275851626805,0.04304184104678036,,,,,,,0.18974276589339284,42,syn_diag,903,4,0.45782196521759033,,,False,1d558639fb8e75ddf09eee9ded797448a8fcaf5730b99a41e1c2ec86c2490cc7,7b276c0080c75ee0459028f8caa357e40124f4f1ce5ce3c877d0c6ef795177b2
0.46484375,0.5886113047599792,0.4652861010986193,0.7904811168515845,0.00018414398073218763,0.5643367171287537,981.1173095703125,1766.8507080078125,0.0010194554924964905,1.0,1.0,0.0005422217072919011,0.019123367965221405,0.9408681392669678,0.03399193659424782,0.6193635291235166,0.9991894984196522,0.0008110304639082677,0.7851043362307246,0.05273596407072232,1.8967184192930249,1.897935625156794,1.8974285703275342,0.18974286522289807,0.02778596037278022,0.6193635295105124,0.0047940193970391915,0.18722101232454536,0.18242699292750617,1.8974285703275346,0.05273596406266093,,,,,,,0.18974286522289807,42,syn_diag,904,4,0.6283639669418335,,,False,9e278abc61da5fa8164f276f120d44b68791bc7ccc742a37feae0b977d6a3acb,951f2764bd56bacc768b4fb1eea92ece4fa7bc681ea3ad228b0825acfc809736
0.5,0.5371226072311401,0.4725321777248736,0.8797473429991711,0.00029258840368129313,1.132124423980713,831.6363525390625,1694.7125244140625,0.0012025886680930853,0.8812807202339172,1.0,0.0005389997968450189,0.01893981173634529,0.9474588632583618,0.030088339000940323,0.6871416866070791,0.9990235099192075,0.0009770241673754065,0.7265234356226186,0.059024911290285954,1.9008542827718675,1.897935625156794,1.9018089161687135,0.19018089777450942,0.0310995328334061,0.6871416864846738,-0.0004318268135008433,-0.03016250003043259,-0.029730673216931746,1.9018089161687133,0.05902491127822666,,,,,,,0.19018089777450942,42,syn_diag,905,4,0.4631991684436798,,,False,ecd1c0f9d6345ffcffc7368a5eabcd8abce3605cd23db91d8b1a10c6ff2011d5,22e1ff751bcf91fdc495bf33872428b24b7375c83d313e56574a13a078b8f048
0.484375,0.5703334212303162,0.4631429244571044,0.8120564118204545,4.642669955501333e-05,0.8190197944641113,784.9255981445312,1824.727783203125,0.0012740740785375237,1.0,1.0,0.000541347311809659,0.01916280761361122,0.938019335269928,0.03461658954620361,0.222850668235871,0.9996463631413098,0.00035484201661656366,0.9748525937913567,0.04215327673747863,1.8951155723025803,1.897935625156794,1.895618475373371,0.1895618533934926,0.022210066652800203,0.22285066909886073,-0.008201333121736699,-0.22311478324130785,-0.21491345011957114,1.8956184753733707,0.04215327673615311,,,,,,,0.1895618533934926,42,syn_diag,906,4,0.541728138923645,,,False,2188ac0394b958569b007c8007cd96f62f0e3577d1bdc511b26bc53c30f78f01,625462a14db585146ed0764e2bb0e2f5a3ce934c3fa53b37df931262eab2d16b
0.453125,0.6019412875175476,0.457498067028046,0.7600377089519662,0.00024999474408105016,0.6882498264312744,998.7720947265625,2552.80419921875,0.0010013243881985545,1.0,1.0,0.0005149077624082565,0.018868334591388702,0.9417589902877808,0.02896718494594097,0.23387089668271527,0.9998187558287753,0.0001815289843708962,0.9722676604907315,0.03881966053303397,1.902737477952496,1.897935625156794,1.9031017375535935,0.19031018124826207,0.02045362340980691,0.2338708967807055,0.008582924496872724,0.2545906815534589,0.24600775705658615,1.9031017375535935,0.03881966053291819,,,,,,,0.19031018124826207,42,syn_diag,907,4,0.6012086868286133,,,False,0fb9980d56103da91549cb5a5f59a2810871e5128af0c5005b56b091f6544a58,b7dd71237645cd8c428f00ab4a346fefc5a0541b8985baa47b0ea46eb5ac6161
0.51171875,0.545408308506012,0.4677860433316066,0.8576803960595363,0.00039552594535052776,1.2692313194274902,857.914306640625,2680.48974609375,0.0011686375364661217,0.7879078388214111,1.0,0.0005279159522615373,0.019375886768102646,0.9528471231460571,0.027249090373516083,0.5861963195644284,0.9989264498347414,0.0010746543441232162,0.8101690409469593,0.06498031956283594,1.8976065661141062,1.897935625156794,1.8985243239099487,0.18985243880209374,0.034237367538445085,0.5861963202791031,0.0035712348197937003,0.08240481777936892,0.07883358295957522,1.8985243239099485,0.06498031955464009,,,,,,,0.18985243880209374,42,syn_diag,908,4,0.48128506541252136,,,False,c34683b815e957ffff04ac6278f54617ab06e11d4c74844af324538348c10a2e,da67e08cac98da9af466a61a31c58872571c1e238573a7e238fa93b9288d70c3
0.5,0.5606815218925476,0.4601285500123275,0.8206593893842518,0.00017023163673002273,1.0461785793304443,1026.685302734375,1512.75439453125,0.0009740107925608754,0.9135302305221558,1.0,0.0005089391488581896,0.019039813429117203,0.9448066353797913,0.03175443783402443,0.5746621239565392,0.9987257202896707,0.0012759327221546024,0.8183907644047589,0.05006852162299774,1.8923336689353514,1.897935625156794,1.8930617222864201,0.1893061781796203,0.02638051626162771,0.5746621236544726,-0.0033245304213789244,-0.10123759488021948,-0.09791306445884056,1.8930617222864203,0.05006852162220182,,,,,,,0.1893061781796203,42,syn_diag,909,4,0.435524046421051,,,False,648d402ad7c761de041ccccc5f4daaa501001dcdc5ccb669da61c995aee39dd7,f41318d5cd390853c82da1f108eecfdc9f0f6415b89f38f1a7453baa60f3a059
0.5234375,0.5445560216903687,0.46105026692793755,0.8466534521332089,0.0002834429615177214,1.448949933052063,869.9981689453125,1943.1513671875,0.0011494294740259647,0.6901861429214478,1.0,0.0005295248702168465,0.01943216659128666,0.9356431365013123,0.0321207121014595,0.4150613619934968,0.9994159097648859,0.000584912604315648,0.9097934192689451,0.04726522651255293,1.897356767784413,1.897935625156794,1.8978323211789647,0.18978323905689728,0.024903492977335996,0.41506136230841106,0.0015345287077187816,-0.10135177307100376,-0.10288630177872254,1.8978323211789645,0.047265226471806164,,,,,,,0.18978323905689728,42,syn_diag,910,4,0.5706619024276733,,,False,f0aafd62845f43026ca636ec0701acae1783dbd5453785e3c32132e2e0f46eae,6ef8cf8815d9b7e018212625a9d9f3021fb0f1ade7a6b725983d9e29e8cec9b6
0.4921875,0.55812668800354,0.4684265187654182,0.8392834507970356,0.00026786772650666535,0.6622327566146851,1211.909912109375,1856.871826171875,0.0008251728722825646,1.0,1.0,0.0005316596943885088,0.01928931102156639,0.9509620070457458,0.029217027127742767,0.3323377395874885,0.9996593102813646,0.0003411585778880838,0.943160445946299,0.036867197823525766,1.9042459461287242,1.897935625156794,1.9045773300969968,0.1904577403913037,0.019424893729185693,0.3323377394485172,0.0009856752791498633,0.03677728290983176,0.0357916076306819,1.9045773300969968,0.03686719783107847,,,,,,,0.1904577403913037,42,syn_diag,911,4,0.5976340770721436,,,False,fed64b649e67c1205e4aecd6bb1b6704e688b99e834b24a3002a25c0b2cf83f6,a40f80f670362d9aa7a332f23ac17c6bb6f91ebbe20a6e566e2558fe0b2c7cae
0.4921875,0.574023425579071,0.4590834562399026,0.7997642570603205,0.00023355279699899256,0.7529293894767761,1008.6978759765625,1789.7686767578125,0.0009913819376379251,1.0,1.0,0.0005424281698651612,0.019586734473705292,0.9492485523223877,0.029062245041131973,0.7095117068129265,0.9991776845320116,0.0008226495388699647,0.7046936482451992,0.05433363228644969,1.8992276007164977,1.897935625156794,1.8999236871953982,0.18999237582777162,0.028627752999753297,0.7095117080628004,0.004063254019096341,0.12484862594422386,0.12078537192512752,1.8999236871953982,0.05433363213330858,,,,,,,0.18999237582777162,42,syn_diag,912,4,0.5160648822784424,,,False,072cc74b95c0f6df0a23d59ce8e050cbd3b06c67a3c5e1e24b3855fcb5e3eea4,77554c3ac1d48c181e65dffdbd052f2f9342118c24cc38956ebc06f108eaa069
0.53125,0.5253835916519165,0.46347329710653,0.8821617175764953,0.00024038547417148948,2.2263545989990234,977.259521484375,2853.61572265625,0.0010233453940600157,0.44919925928115845,1.0,0.0005033079069107771,0.018698234111070633,0.9447608590126038,0.026806600391864777,0.6311362428109834,0.9992212450994366,0.0007792138149718268,0.7756719944589657,0.0535147208872697,1.9024074915664966,1.897935625156794,1.902990234502153,0.19029902972833668,0.028196278197170407,0.6311362434943468,0.009364022146646807,0.25115967129696737,0.24179564915032056,1.902990234502153,0.05351472088896712,,,,,,,0.19029902972833668,42,syn_diag,913,4,0.4812448024749756,,,False,a0541ceb37ca5a791c5ac494fffa139809897e6645dbaa7f8563c320222caeb1,ee92fc8746890bf3ffddfedcff45a8b296ce897270c56fd4fbe7161628dd34bb
0.45703125,0.6029859185218811,0.45671390946293233,0.7574205328086046,0.00034457637229934335,0.5498126745223999,1009.7274169921875,2710.676513671875,0.0009909261716529727,1.0,1.0,0.0005321446806192398,0.018537312746047974,0.9384795427322388,0.031319934874773026,0.6187431030267989,0.9993354391379864,0.0006649174519872355,0.7855933887396062,0.048614163436832745,1.8974707109868352,1.897935625156794,1.8983177435735548,0.18983178143896634,0.025614232006836886,0.6187431037019132,-0.0020338657565216,-0.04130796257701209,-0.03927409682049049,1.8983177435735545,0.04861416340844755,,,,,,,0.18983178143896634,42,syn_diag,914,4,0.5836809873580933,,,False,d656b28704dee6bce943a1162b3fc0a09c37fb56784b7d7476de42a9965b63b2,00a12196d2ceef386fc685a17e7fa14c3aa6f69ae104588851a9ce2ef905e065
0.54296875,0.5473833084106445,0.45366317889585106,0.8287852601303878,0.0003914390690624714,1.5295233726501465,1127.5589599609375,2282.84765625,0.0008871534955687821,0.653801679611206,1.0,0.0005234515992924571,0.01902800053358078,0.9462515115737915,0.03419698774814606,0.5751653476813912,0.9993763647063402,0.0006240293984779719,0.8180371769026358,0.04220632503373995,1.897236300852569,1.897935625156794,1.8975356037079625,0.1897535675995887,0.022238017177337574,0.5751653486427358,0.004506687165485594,0.2809867028275449,0.2764800156620593,1.8975356037079625,0.04220632506378698,,,,,,,0.1897535675995887,42,syn_diag,915,4,0.6626231670379639,,,False,3dd2c2c0621eda61a76c21e87eb21a5311eabce0c309745d9259f445fdd8c3a1,2a7f7da21f4d47245a0fa9e1f390ede98749f1e12de913b2757fe308cc5226e6
0.49609375,0.5555099248886108,0.4723498936535727,0.8502996039182863,0.0002155032125301659,0.8386731743812561,1058.308837890625,1970.260498046875,0.0009452746016904712,1.0,1.0,0.0005534044466912746,0.019361035898327827,0.9385714530944824,0.031080275774002075,0.6154541197992549,0.9992622474222789,0.0007381997654003512,0.7881727135583977,0.05151840795515477,1.8991742807390142,1.897935625156794,1.8997910914776897,0.189979115923007,0.027144444349039256,0.6154541199737824,0.0030501484237696734,0.2436479819632056,0.24059783353943595,1.8997910914776897,0.05151840795745321,,,,,,,0.189979115923007,42,syn_diag,916,4,0.6698695421218872,,,False,08459adea1b95398aaf25bf173f4539d544ce68298b822ec593a7ed8750a4ef2,0f02534528519962b8f8a482e9d95c9a6ec2490aabf8d9d34ba52d7e7f403726
0.4921875,0.5723402500152588,0.4649011887709436,0.8122811832545623,0.00010753040260169655,0.6884896755218506,1087.4935302734375,3076.23388671875,0.0009195784805342555,1.0,1.0,0.0005256237927824259,0.018954645842313766,0.936625599861145,0.031100140884518623,0.6644745641155175,0.9992760292685757,0.000724302756389559,0.7473108815063076,0.04336188033618347,1.8976102629907299,1.897935625156794,1.8980445995911277,0.18980446748027602,0.022846865700504655,0.6644745649488392,0.002565527628172324,0.19855841736105767,0.19599288973288534,1.8980445995911277,0.04336188033759891,,,,,,,0.18980446748027602,42,syn_diag,917,4,0.6390209197998047,,,False,2436385049ed27d20b14e2617f1500c64df482d45edf090275e2ab2111bd335e,57acfde5496112cbc5556b2710525093affbb46c9d600d161d5fb496a5cd2b6e
0.3984375,0.6532931327819824,0.4514441368589815,0.6910284896479448,0.00010600445966701955,0.29149043560028076,559.3320922851562,2680.213623046875,0.0018273963360115886,1.0,1.0,0.0005556389223784208,0.01933242566883564,0.9470742344856262,0.030504755675792694,0.491770622951716,0.9996574289835759,0.0003427552308500522,0.8707247868074599,0.037178730036413206,1.8988588351534075,1.897935625156794,1.8991644451626808,0.18991645107251076,0.01958903639491048,0.49177062168115926,-0.00021652541964717076,0.00586302386814227,0.006079549287789441,1.8991644451626806,0.037178730013775696,,,,,,,0.18991645107251076,42,syn_diag,918,4,0.4116722345352173,,,False,aa60f39b645ad1d41fbab4f8b5e597ef6cb2d0c5fd4f9680f1ce3c48064276e1,501885f1dadb04085ca9a25cd39d9893dce5a3119788d9ba5c093ef79d43568f
0.4609375,0.611923098564148,0.45424211596940384,0.7423189331314978,0.0003837246331386268,0.5668097734451294,666.4906005859375,2613.11767578125,0.0015032209921628237,1.0,1.0,0.0005196472629904747,0.019218772649765015,0.9469965696334839,0.033264994621276855,0.5359362649406457,0.999163119996191,0.0008377515467595812,0.8442584437791535,0.04903488121522554,1.9026064258827495,1.897935625156794,1.9031679753507431,0.1903168050163453,0.025835903265237874,0.5359362652301258,0.0030626361301590976,0.11029458162818478,0.10723194549802569,1.9031679753507431,0.04903488121133743,,,,,,,0.1903168050163453,42,syn_diag,919,4,0.41877281665802,,,False,a50624dab2fb79a235cf423d231b94582117a4d71b998f0d2d868986182986a2,54acc7396d545a292752cafb317bc1fb021eb02661fd938c76457a288ab22884
0.48828125,0.5728418827056885,0.46528133810870814,0.8122334273096982,0.00020761709311045706,0.8476545810699463,1130.00830078125,3204.241455078125,0.0008849804289638996,1.0,1.0,0.0005032208864577115,0.018320076167583466,0.9402992725372314,0.03386937454342842,0.48762564971808015,0.9996286153417877,0.00037160607212008065,0.873052819537491,0.04398636511274822,1.8950739618365342,1.897935625156794,1.895551383227984,0.18955514504019305,0.023175899398111145,0.48762564930137603,-0.003015490322993721,0.060310174489489714,0.06332566481248343,1.895551383227984,0.043986365102764144,,,,,,,0.18955514504019305,42,syn_diag,920,4,0.6299982070922852,,,False,885fd9121f27cc10645d8eb3dd0cf936259202257ebb0344cece85f9a7ddb325,0f77c67b03eba18627f481880e9af70465639c4d82f665224c31503eb45a09c9
0.50390625,0.55809086561203,0.4664925687122502,0.835872090444104,0.00032711977837607265,1.0444546937942505,921.603759765625,2316.246337890625,0.001087596407160163,0.957503616809845,1.0,0.0004976915079168975,0.019239453598856926,0.9452144503593445,0.0315348282456398,0.6180378049187475,0.999572329889251,0.00042781824426080896,0.7861483776342703,0.036119962480184564,1.900135415419118,1.897935625156794,1.9003861126889174,0.1900386187989854,0.019031184198980172,0.6180378047624465,0.0027347809525823112,0.17027111233457487,0.16753633138199256,1.9003861126889172,0.036119962474562874,,,,,,,0.1900386187989854,42,syn_diag,921,4,0.4553050398826599,,,False,93162f2e48159426b6db2db13df1a2e2358f8299686663e71ea7dc796bcb651f,f23bf4be4e7cbcd21cac66547aef3055b2eedbcc1d4ca283f94a032792c1ae84
0.4609375,0.5913283228874207,0.4623141981472554,0.7818232027708825,0.00018257167539559305,0.41682979464530945,843.0479736328125,2832.158203125,0.0011878821533173323,1.0,1.0,0.0005489212344400585,0.01895858347415924,0.9458351135253906,0.034657347947359085,0.47786944969264367,0.9995780340475439,0.00042226733976770403,0.8784308675221061,0.04433490201603866,1.901954480078624,1.897935625156794,1.9026231342742546,0.19026232085154152,0.023359539400791142,0.477869448652636,0.0031174385177618435,0.08780347101279953,0.08468603249503769,1.9026231342742546,0.04433490200602231,,,,,,,0.19026232085154152,42,syn_diag,922,4,0.6732046604156494,,,False,d4290cebd0af392ac9641137274678a33b850dae9a476f380b266a46b89be023,4c610e017306e9dbd871a68a56a43c9e85822f6f76f385104e24f4b4315edbf9
0.42578125,0.6328885555267334,0.4499066105592758,0.7108781080647469,5.2265146223362535e-05,0.35063493251800537,502.89434814453125,2018.803955078125,0.0019938568584620953,1.0,1.0,0.0005478725070133805,0.019031135365366936,0.9406840205192566,0.03616541996598244,0.5465639313433794,0.999331498199447,0.0006690275156863659,0.8374173803532698,0.03817827980117929,1.8941691910085885,1.897935625156794,1.8944499979002185,0.18944500633175057,0.020115687431708943,0.5465639310595732,-0.0016579766245880014,-0.17968690666172055,-0.17802893003713255,1.8944499979002185,0.038178279802269996,,,,,,,0.18944500633175057,42,syn_diag,923,4,0.2773527204990387,,,False,0d1e0180b6422a3dad0d20522b137a4edcccfca89d78265e9c919abd11b3374f,0c0de4c1365fe26c510c42aeebab76c2156c5a86831feb87fdfc7b45536deac8
0.4296875,0.6180972456932068,0.4620547253490674,0.7475437021189899,5.109593621455133e-05,0.263397753238678,1067.1925048828125,2223.71044921875,0.000937130069360137,1.0,1.0,0.0005531392525881529,0.019259415566921234,0.9493227005004883,0.0269702710211277,0.5865519919474562,0.9995779019583785,0.00042226809766354614,0.8099115758542186,0.03295641980489898,1.8909093748596535,1.897935625156794,1.891201373212218,0.18912014465676064,0.017364350701915398,0.5865519911049598,-0.00035368271348156877,0.1923798239380609,0.19273350665154249,1.891201373212218,0.032956419803851056,,,,,,,0.18912014465676064,42,syn_diag,924,4,0.5227110981941223,,,False,5375281f0e8933b6c005ec11055d03bcd5b44a03ed381d3cc4f741dfe025939f,21e76b87584d215eca58eb71e2efa4ec9653073513c82a3ca5b03a4d5cc4d4c7
0.4453125,0.6226198673248291,0.45511831671897696,0.7309729834744778,0.00030276275356300175,0.28122252225875854,892.2149047851562,2024.9969482421875,0.0011208542855456471,1.0,1.0,0.0005170786753296852,0.01922621950507164,0.939533531665802,0.03225652128458023,0.4544015712583597,0.9994524250981435,0.000548152583694881,0.8907969532989858,0.05090165644130014,1.8967823588658896,1.897935625156794,1.8974862589975163,0.1897486324578113,0.026819485216769762,0.45440157094937345,0.009201966182690343,0.2993342647738635,0.2901322985911731,1.8974862589975166,0.0509016564241349,,,,,,,0.1897486324578113,42,syn_diag,925,4,0.46874165534973145,,,False,bdf76fedd3597f35f92b51196c59078c0fd7d5aeed9c21690d74d40a5074e4a0,fa039542dee8e8a15e35e9b1a1d6db8db3966566f85b5126c1d294472b65c4c6
0.484375,0.5691437721252441,0.4649559325337638,0.8169392994637612,7.196434307843447e-05,0.8838467597961426,922.662109375,1687.40283203125,0.0010838734451681376,1.0,1.0,0.0005299818003550172,0.018864629790186882,0.9487854242324829,0.03181997686624527,0.46269529488772043,0.9995109208639659,0.00048951919037869,0.8865173794380902,0.03656527092170583,1.898031202977366,1.897935625156794,1.8985581149178574,0.1898558184592411,0.019265811989100417,0.4626952948366912,0.0013640157688203796,0.17906250657656025,0.17769849080773986,1.8985581149178574,0.036565270910226946,,,,,,,0.1898558184592411,42,syn_diag,926,4,0.5776390433311462,,,False,4196be156e7d9a6a6c047738ae87718d72365ac324a28501df9429dd4cc2b3be,3ea4d3fdc1ccc588c5636256e56b1e5435a4a9a5e9d6223eba9f8b3ff61e7028
0.50390625,0.5588892102241516,0.46729423515620083,0.8361124968027193,0.00017543142894282937,1.054945468902588,987.9307861328125,1710.9908447265625,0.001012318884022534,0.9488564729690552,1.0,0.0005304046790115535,0.01937023177742958,0.9496814012527466,0.030417945235967636,0.3776108722389735,0.9994318484184547,0.0005691259728693022,0.9259643778962575,0.05026096530965055,1.898598924513053,1.897935625156794,1.8992892288783627,0.18992892964765395,0.026481912580924267,0.3776108720469828,-0.0015542761178206738,-0.07702688151008028,-0.0754726053922596,1.8992892288783625,0.05026096530774307,,,,,,,0.18992892964765395,42,syn_diag,927,4,0.4152339696884155,,,False,70e6462305c474a55f07433fe015fc556b4df003ddcfc2125128eb0b5c51b227,d71d0639fd2307dd27e5e48cd83ca707674f4cfb2bcee8bfc0460dd61c722918
0.4921875,0.5725611448287964,0.459263024360495,0.8021205350206166,0.00020264071645215154,0.9068266153335571,968.101806640625,1916.0411376953125,0.001035922672599554,1.0,1.0,0.0005510486662387848,0.019521428272128105,0.9387826919555664,0.03420111536979675,0.4300427794652737,0.9994700643149428,0.0005305563129248652,0.9028085111451241,0.048362342432304285,1.9031970046160196,1.897935625156794,1.9037379686299285,0.19037380332892898,0.025481550475814185,0.4300427790076891,0.00040283778031489204,0.10226120687517515,0.10185836909486026,1.9037379686299285,0.048362342466356886,,,,,,,0.19037380332892898,42,syn_diag,928,4,0.6568201184272766,,,False,016f66735c2e2ce42c21f165dc65ca772e3c9281b59dfb81e0ea443228d2c9e3,6cda0b8b917af1b7123effb47b139df08b6e7fe6f6fff57fb8a09fd90d2d0162
0.4765625,0.5909255743026733,0.4576262737090694,0.7744229131988093,0.0003623369266279042,0.7944592237472534,928.5199584960938,2119.2919921875,0.0010801670141518116,1.0,1.0,0.0005276926094666123,0.01901078224182129,0.9433358311653137,0.025686651468276978,0.35991453538042817,0.9995870476672869,0.00041352712150628573,0.9329852770421543,0.039152579108637814,1.8988769292524506,1.897935625156794,1.899506134192671,0.1899506206675805,0.02062903429898086,0.35991453633068016,0.00088578221531342,0.189243418451719,0.18835763623640558,1.8995061341926711,0.03915257911267195,,,,,,,0.1899506206675805,42,syn_diag,929,4,0.4228172302246094,,,False,b4ad15b9cac98b28a367a044daacbeb415ee839a0c8baee2ef0a5021f7f4ab23,476320bc4b41a3e985c1a42bdfc493e490c6f9601e1b965b129c23a841caa4ff
0.4921875,0.5699619650840759,0.45942900959680627,0.8060696193473592,0.00020693414262495935,0.8694709539413452,706.6940307617188,2151.818115234375,0.001420954242348671,1.0,1.0,0.0005012262845411897,0.01898585632443428,0.9457314014434814,0.032229840755462646,0.0033144426971653965,0.9999958168811486,5.621342432041663e-06,0.9999945071983732,0.04684893474528246,1.8958826509918756,1.897935625156794,1.8964992400480138,0.18964993088115625,0.02468415373223602,0.0033144422377766785,-0.00059217164907145,-0.06156411500180558,-0.06097194335273413,1.896499240048014,0.04684893473531684,,,,,,,0.18964993088115625,42,syn_diag,930,4,0.3521403670310974,,,False,19bcdc5c0c20794c3cb19dc9a81569f9b92a5b420b96975114599cd86e969e42,8ff2f1d6cec8d8757c9f623bf3241a7a4a8fe544554cbea2ace571062594fdf9
0.46484375,0.6049611568450928,0.4574838258821288,0.7562202122341212,0.0003197195765096694,0.5525590181350708,950.8355102539062,1992.54296875,0.0010524915996938944,1.0,1.0,0.0005279178731143475,0.018915005028247833,0.9486747980117798,0.030460502952337265,-0.045087773514718876,1.000078128354387,-7.668505481194122e-05,0.9989830292044408,0.0486757711312967,1.9031625767578437,1.897935625156794,1.9037372498402139,0.19037373235251415,0.025646692377803808,-0.0450877727740465,-0.00965204489817697,-0.2669402677744515,-0.25728822287627456,1.9037372498402139,0.04867577111143549,,,,,,,0.19037373235251415,42,syn_diag,931,4,0.5172856450080872,,,False,2b9adfc54e524ad82ff3667a9de9afc4a6a3e110bc874cc9d249aefb6029b4c1,9fd6360fee39ce660d3f287e48808512917a36b1a0aa7254f9f7474fbca29408
0.44921875,0.5966753959655762,0.4685654087983187,0.7852936850450472,0.0003001120931003243,0.3724293112754822,788.763916015625,2182.9580078125,0.0012721477542072535,1.0,1.0,0.0005412464961409569,0.01922067441046238,0.946721076965332,0.031070701777935028,0.3937255526344199,0.9995361480351957,0.0004644401178945753,0.9192280398034589,0.04041864284048348,1.9001006081708312,1.897935625156794,1.9004567904477283,0.19004568604320163,0.02129610841628155,0.39372555207057225,0.005315572059729886,0.2835117169932552,0.27819614493352535,1.9004567904477283,0.04041864284101036,,,,,,,0.19004568604320163,42,syn_diag,932,4,0.5151155591011047,,,False,7ca6b12a2169f879405477df3364c8bca3799d41273339aca560f6d602c2ec8a,227f86e18c15fe7597de8ac0a7c67e3fd87b704c36303e2ecde2a83fac3465b1
0.48828125,0.574006199836731,0.45989906006856474,0.8012092482211736,0.00010714674135670066,0.8880503177642822,876.2738647460938,1983.0013427734375,0.0011411957675591111,1.0,1.0,0.0005371862789615989,0.01917397789657116,0.9361823797225952,0.03307422995567322,0.7891424752657954,0.9989725814059347,0.0010277388559254306,0.6142101869228547,0.06523829718689352,1.8961121406146377,1.897935625156794,1.8972872418165172,0.18972873191208708,0.03437329292002178,0.7891424753303428,0.010897331131473011,0.3650227461768338,0.35412541504536077,1.8972872418165172,0.06523829707971178,,,,,,,0.18972873191208708,42,syn_diag,933,4,0.42112600803375244,,,False,305deddf9cfdbc46c862754e4546253bb5c59b8a6ffcfde3cec8ddd208c99ae8,4ac7603a2455df33c1a664f274c7186865b6e17039eb0bf6f9241fcd35d31ad7
0.52734375,0.5371429324150085,0.4683409087219517,0.8719111349169701,4.4886870455229655e-05,1.5312447547912598,1126.08740234375,2586.512451171875,0.0008880510577000678,0.6539095044136047,1.0,0.0005162616726011038,0.018587175756692886,0.9460051655769348,0.031612932682037354,0.5544385268150516,0.9993781581363953,0.0006222783633633477,0.8322246811754623,0.05420387399524982,1.8993138513614374,1.897935625156794,1.900192371167179,0.19001924414389565,0.028559384879423038,0.554438526541892,0.014193175819040307,0.455486407956762,0.4412932321377217,1.9001923711671793,0.05420387402498497,,,,,,,0.19001924414389565,42,syn_diag,934,4,0.6821174621582031,,,False,0e21c979a2824ed4165ea6d986f4bac8ed00fbe48d59731c04bd25872d802563,78d9fc4c0ab2f66f2df565bcafa4bda9a687e97d289b852b01021080bb159c06
0.47265625,0.5877081155776978,0.46009412198151983,0.7828616260474153,0.00016015656001400203,0.32703733444213867,798.8837890625,1827.9622802734375,0.0012577325105667114,1.0,1.0,0.0005221236497163773,0.018704822286963463,0.9493700265884399,0.031403034925460815,0.37676347933052423,0.9995926873364925,0.00040781552590955875,0.9263094950396842,0.04077880273814022,1.901090485500138,1.897935625156794,1.901442850166033,0.19014429155005116,0.021485872438244513,0.3767634791475555,0.0050463110359241425,0.12970765365523104,0.1246613426193069,1.901442850166033,0.04077880274040011,,,,,,,0.19014429155005116,42,syn_diag,935,4,0.4053190350532532,,,False,bd02d005d2d9f0197a3d016f01191112026c1e6edbda743299c18ef92af26c1f,3df9e62b11a95717949d7df9972b425f9201ac9411183a76924fd39f50fd1f42
0.5234375,0.5498206615447998,0.46393981073229756,0.84380204733084,0.00028562662191689014,1.2874584197998047,983.9127807617188,1950.5181884765625,0.0010163504630327225,0.7767239809036255,1.0,0.0005049470346421003,0.019281577318906784,0.9458128213882446,0.030973536893725395,0.6754273015073727,0.9992476580250217,0.0007526798825080164,0.7374265796334183,0.03799283356492592,1.8965835625419574,1.897935625156794,1.8970489522860654,0.18970490171999735,0.020017977986880986,0.6754273017215195,0.0018272177849689413,0.20120706791526075,0.1993798501302918,1.8970489522860654,0.03799283355727025,,,,,,,0.18970490171999735,42,syn_diag,936,4,0.5580697059631348,,,False,4ace1596bb0e7dfb9ca370a485e64d247e13b11a34f5627c615b02d0a6a21425,4da0efee28baeca0983d9bf8f2330b76ceed524627d80ff4cd9f08e9fb23c6a0
0.4453125,0.6144675016403198,0.44980419774542046,0.7320227405697393,0.00017742924683261663,0.34815341234207153,689.7506713867188,1684.8546142578125,0.0014498024247586727,1.0,1.0,0.0005305162048898637,0.01927618682384491,0.9400074481964111,0.02954339049756527,0.2739928729228285,0.9995284239474687,0.0004729546692119605,0.9617317222332938,0.04909757742850684,1.898215670303654,1.897935625156794,1.8989866636471469,0.18989867345680791,0.02586893716399094,0.2739928728854692,0.004271701682948688,0.16122126616136556,0.15694956447841688,1.898986663647147,0.049097577428618706,,,,,,,0.18989867345680791,42,syn_diag,937,5,0.4863726496696472,,,False,f9e918077a7eb9213da4865f379a622972061a5e54d07386ec535ff8145b69c1,1629073b912eaa7f6517545d41f8992dd6b3694a410310c50f4d7563e53e31a4
0.49609375,0.5673320293426514,0.46233083381104634,0.8149210448607376,0.0003763440763577819,0.9405622482299805,990.7789306640625,2787.705322265625,0.0010096722980961204,1.0,1.0,0.000512242317199707,0.019355803728103638,0.9440134763717651,0.03376927599310875,0.7746615555820617,0.9990865094245791,0.0009137690378671782,0.6323760544853595,0.04786314808643792,1.9000001026022522,1.897935625156794,1.9007024634898169,0.19007025346260242,0.02521853083529036,0.7746615566820199,0.007755874575254384,0.2150758305176164,0.207319955942362,1.9007024634898169,0.04786314808118965,,,,,,,0.19007025346260242,42,syn_diag,938,5,0.5827151536941528,,,False,b95795234c94589ae438c088c67b1553a844d2664ab27275aac074766f8246ca,86f5f2bae490c5a5e225e112b0e474d161e53f1949e46d3fcf55a98a3142a698
0.44921875,0.6159096956253052,0.453350717024404,0.7360668837491441,3.384859155630693e-05,0.31247472763061523,610.5419921875,1649.54736328125,0.001638077781535685,1.0,1.0,0.0005330677377060056,0.018840571865439415,0.9465605020523071,0.0285533107817173,0.758146370542978,0.998459521492666,0.0015413586410083363,0.6520844123420858,0.06548765206326124,1.8978537264300297,1.897935625156794,1.898804355441065,0.1898804422738616,0.0345046750770678,0.7581463702431984,-0.002924837774752538,-0.01635137289755642,-0.013426535122803883,1.8988043554410647,0.06548765207653091,,,,,,,0.1898804422738616,42,syn_diag,939,5,0.32980969548225403,,,False,3d3ce13ca9f4c40701f949d2e7fa602b64dc91be7f3af4d410b127a5308141f0,ff0229f5048eb0c0647dc12c7895aa16a05d51e49e315d23431a8d4c2f19d488
0.46484375,0.576324462890625,0.4705175996386689,0.8164109320328956,4.2669162212405354e-05,0.48669421672821045,934.5462646484375,2553.154296875,0.001070045167580247,1.0,1.0,0.0005097991088405252,0.01919991709291935,0.9405150413513184,0.029029760509729385,0.0961123645407615,0.9999021948433181,9.832364565036476e-05,0.9953704904898117,0.04457319570660716,1.8955377282511559,1.897935625156794,1.8962908214627534,0.18962908916830637,0.02348509354889281,0.09611236450917716,-0.0024947448630339834,0.0305322751420972,0.033027020005131184,1.8962908214627534,0.04457319571404478,,,,,,,0.18962908916830637,42,syn_diag,940,5,0.44148802757263184,,,False,f9101442f04f7a7e11e8ed2bda1bf02fa19c6d1ab394e4908cf69b989790fefb,bbf2e71d2f89f4089387865afb37503edb2a831214e253e2ec690c1a71fd89f1
0.48828125,0.5773947834968567,0.459492282657118,0.7958026181693084,6.92466419422999e-05,0.7105885744094849,1179.9063720703125,1986.002685546875,0.0008475898066535592,1.0,1.0,0.0005227822111919522,0.01818600669503212,0.9259368181228638,0.03548915684223175,0.6118004599917698,0.999528255857992,0.00047193038395069314,0.7910121346228904,0.03769565227177173,1.8968372399157425,1.897935625156794,1.8973954978616379,0.18973955728852376,0.019861396652290416,0.6118004590803247,-0.00378401217741236,-0.09444677361198994,-0.09066276143457758,1.8973954978616379,0.037695652265843566,,,,,,,0.18973955728852376,42,syn_diag,941,5,0.6835418939590454,,,False,424215997bc7667ab891f133c64147f11acf7ba610945ed68e22983db5cd4651,58c09889b1e99f4f859c441f3f7f88e3074938531c587bbd2433e92f505f5bfb
0.4140625,0.6365274786949158,0.4552755197113176,0.7152488222714524,0.00014996410754974931,0.26126527786254883,1026.1627197265625,1919.9910888671875,0.0009748701704666018,1.0,1.0,0.0005464644636958838,0.019560495391488075,0.9345031976699829,0.03174881637096405,0.7034482923455547,0.9991776056223166,0.0008227401719453747,0.7107464385917662,0.04002287286994371,1.9011319229086072,1.897935625156794,1.901597894020746,0.19015979711462086,0.02108758186496247,0.7034482924366106,0.011794538208462126,0.48302224690223483,0.47122770869377273,1.9015978940207459,0.040022872878022205,,,,,,,0.19015979711462086,42,syn_diag,942,5,0.45804595947265625,,,False,d27a49de933a78d80544c47b03bbc22409c12b2e660fce3e0f43869e76309960,320e913a1e090dbd16f7810f7028c6d9a4bb06df01946aa9a63b24e1bd55156d
0.5390625,0.5363067388534546,0.4627510298059151,0.8628476835538655,0.00014555093366652727,1.5019705295562744,1138.075439453125,2828.677001953125,0.0008788857376202941,0.666134238243103,1.0,0.0004967480199411511,0.018772553652524948,0.9295522570610046,0.034943416714668274,0.2584018600975739,0.9997972171214271,0.0002030711165139502,0.966037514107611,0.053478187966802905,1.9012458791276456,1.897935625156794,1.9019326270277521,0.19019326986387583,0.028177029430256222,0.2584018600366626,0.006656035922220351,0.23936841674674184,0.23271238082452148,1.9019326270277523,0.05347818791581596,,,,,,,0.19019326986387583,42,syn_diag,943,5,0.5590442419052124,,,False,4fd7e69016561920d822d08c56d8eefda651997a033a21927f7276484b1a8844,0c6ad04b37a51da4054337ea3077366bb2bf0e9757a682bb99b039da2a97584d
0.4765625,0.5863869190216064,0.463418793391934,0.7902951873743458,3.877742710756138e-05,0.6158461570739746,1059.7896728515625,2445.041259765625,0.0009437510743737221,1.0,1.0,0.0005316559690982103,0.019469313323497772,0.9395983219146729,0.029215436428785324,0.6711653712500328,0.9992694658222747,0.000730860235067224,0.7413076584051328,0.0444889212754739,1.892836715807695,1.897935625156794,1.89336727907689,0.1893367343733767,0.023440690340471953,0.6711653711187827,0.007880101252393981,0.2503203536266482,0.2424402523742542,1.89336727907689,0.04448892127468722,,,,,,,0.1893367343733767,42,syn_diag,944,5,0.473005473613739,,,False,5fee08c16871670d9ceaa5b3d1cb4c2da56666c96a489fc3dae00ca26adb983e,f1ecd47a9d7e23d90727dac856da67a094044e8e60ee8af1076b9e860a8fa650
0.5234375,0.5359470844268799,0.47041790051394416,0.8777320145767911,0.0002774638996925205,1.4110589027404785,1060.470458984375,1991.8236083984375,0.0009437832050025463,0.7088373899459839,1.0,0.0005009731976315379,0.018701359629631042,0.9481391906738281,0.03073655441403389,0.6700625716750149,0.9991800410955368,0.0008203722200763397,0.7423046207674845,0.04006413925330906,1.8990408573970656,1.897935625156794,1.8994839069387692,0.18994839886327786,0.02110932463790922,0.6700625711566903,0.0067407160039726815,0.2900610036545598,0.2833202876505871,1.8994839069387692,0.04006413926398334,,,,,,,0.18994839886327786,42,syn_diag,945,5,0.5435547232627869,,,False,60dc5d14100b8393fcd5cdb48f0da8c0f401584da7f77f85ce4c1c096e1f7c7f,d0871691d86c488ae9926154b46ecc5f6edcea0439c91db9af8a87757bb738b1
0.48828125,0.5721418857574463,0.46040989146298655,0.8047127453286597,4.683807856054045e-05,0.7175469398498535,746.700927734375,1965.802978515625,0.0013392273103818297,1.0,1.0,0.0005393187748268247,0.01908198744058609,0.9332491159439087,0.03063766472041607,0.5345023133449411,0.9994809842611744,0.0005193531091489762,0.8451670113012917,0.038665107270793704,1.8965417305159664,1.897935625156794,1.8969240226454047,0.18969240894616607,0.02037219111031708,0.5345023134392503,0.00580892762776348,0.36908720031097336,0.3632782726832099,1.8969240226454047,0.03866510726025076,,,,,,,0.18969240894616607,42,syn_diag,946,5,0.4197624921798706,,,False,607d60108157b8f5bf51e996b4258624e5ca4c5f9e268bf4219bd5de8c0fb4b7,90f41a4e9ed52fd94f63e5e98fa79b8bdce93ff689a8ddf54ff867944de3b910
0.49609375,0.5614874362945557,0.4670151905466213,0.8317465169945683,0.00021946360357105732,0.8470624685287476,1113.5645751953125,1696.0966796875,0.0008980241836979985,1.0,1.0,0.0005298387259244919,0.019315971061587334,0.944420576095581,0.03019038587808609,0.4862555950526429,0.999387694258208,0.0006129126803321083,0.8738166262124408,0.04399920746207529,1.8980600569063673,1.897935625156794,1.8987131223872407,0.1898713180107233,0.023182665881208275,0.48625559483951813,0.01042370796403481,0.3737675050810699,0.36334379711703507,1.8987131223872409,0.043999207458549676,,,,,,,0.1898713180107233,42,syn_diag,947,5,0.5845249891281128,,,False,bbf8c9605263622a54ab5fe63d1a1b32fca2a89ffa0199766d6a2377037d6173,a3550a751525ad7829d15fe1d0928cfb7f04cc7f63048069cb0a0784e2eb9f3a
0.46875,0.5773531794548035,0.4661661756552101,0.8074193560477317,0.00015318508667405695,0.6881388425827026,1077.206787109375,1809.6173095703125,0.0009284844272769988,1.0,1.0,0.0005465723806992173,0.019427545368671417,0.9355225563049316,0.030850941315293312,0.5075891071348931,0.9993211885557588,0.000679477024824083,0.861599267808194,0.04886150264250602,1.9013857737190334,1.897935625156794,1.9019382034466195,0.1901938280634952,0.025744552130657055,0.5075891067615093,-0.0002649731727226721,-0.07404583491813149,-0.07378086174540882,1.9019382034466195,0.048861502635434303,,,,,,,0.1901938280634952,42,syn_diag,948,5,0.646441638469696,,,False,a38dcd1fc201897b0d684006280ce98e4bc50cbe898926126eba365ca564d1c5,1146902e1cea587935a41ed253db9a7fc139e774fb34c3cd9b4d3b886ba72f01
0.4375,0.6125174164772034,0.454834401669416,0.7425656897724752,0.00036256955354474485,0.40490058064460754,427.0040283203125,1722.8289794921875,0.002343846019357443,1.0,1.0,0.0005218725418671966,0.019268643110990524,0.9473819732666016,0.02916891500353813,0.6027347957802323,0.9989095247922173,0.0010915204030697955,0.7979415805234673,0.046352481119542786,1.8983321103204103,1.897935625156794,1.8989830675075077,0.18989831394088116,0.024422578144972146,0.6027347952719551,0.010883437293674478,0.2388497157078918,0.22796627841421732,1.8989830675075074,0.04635248111280294,,,,,,,0.18989831394088116,42,syn_diag,949,5,0.21624070405960083,,,False,c4f5ad57ee1be25d71f01d4631dc33fb106bb6471cb7a91a59dfc153921aee61,caa675dc1ae365639cabbd6672bd5e291bf718897f4dd57dafc19f15fba1cbf9
0.4609375,0.6042174100875854,0.456786321261222,0.755996646431498,0.00019581532978918403,0.6863912343978882,884.0517578125,1871.073486328125,0.0011319266632199287,1.0,1.0,0.0005174796679057181,0.018911689519882202,0.944288969039917,0.028020579367876053,0.28703478353800754,0.9998160662085631,0.00018412261392783147,0.9579201600258157,0.03312392971051928,1.890643652575768,1.897935625156794,1.890933715408646,0.18909337968159126,0.0174526097046971,0.28703478279660855,0.0010919178822223203,0.08786875752656828,0.08677683964434596,1.890933715408646,0.0331239297267231,-32.019175667264264,0.03619115351461126,1.0105317605934285,694.8939208984375,0.5222862362861633,0.5257824659347534,0.18909337968159126,42,syn_diag,950,5,0.5291297435760498,,,False,4ec913643459d289e08cea6b5d1b567371fa1dd63a95d1db98191d754fd94257,272372f91938442474bc23bebc65f85d226eb557c45c1563740097fa72399474
0.4765625,0.5720910429954529,0.46750121680286094,0.8171797546930143,0.00019519907073117793,0.6977514028549194,709.9378662109375,2330.529052734375,0.00140888593159616,1.0,1.0,0.0005380583461374044,0.01993366703391075,0.9209362268447876,0.046660758554935455,0.47665365546987015,0.9990799838649873,0.0009214615296890703,0.8790911742813841,0.05562208066060502,1.8996773336201045,1.897935625156794,1.9004806470746762,0.19004807156996806,0.029306621322301492,0.4766536553283905,0.008223617040117034,0.23794928057986514,0.2297256635397481,1.9004806470746765,0.05562208066096032,,,,,,,0.19004807156996806,42,syn_diag,951,5,0.4454878568649292,,,True,a59868171929e71f6a306080ef4b0cb51e37bcec96b3469843474fcfb4515661,b564e420f18e8f84c51750c5c97d2b7d06e2f133d9758c9493f3916166e643ae
0.4375,0.6229242086410522,0.45683615640979397,0.7333735939261041,0.00022617256036028266,0.3714674413204193,908.402587890625,1678.354248046875,0.0011008360888808966,1.0,1.0,0.0005671454127877951,0.020732367411255836,0.9316250085830688,0.04052330553531647,0.7911031037104569,0.9986609241645774,0.0013396129873454996,0.611682825724184,0.05438300331872482,1.8963217131314252,1.897935625156794,1.8970023012229236,0.1897002366472765,0.02865376601706574,0.791103103668131,-0.004302291841569243,-0.12417173079264503,-0.11986943895107578,1.8970023012229236,0.054383003326052594,,,,,,,0.1897002366472765,42,syn_diag,952,5,0.4909910559654236,,,False,6c42693ee402f1cff1ee6307851f0e6ec4c3efc9c02dccdcc1135ea529450198,efc5290e2660731fbd85d7a5af96cacaca50cd30cc0d2d0991c107e56b004ac0
0.421875,0.6363446712493896,0.4454014235151238,0.6999373866306619,0.00018887713667936623,0.23672492802143097,362.9531555175781,1613.1807861328125,0.0027564987540245056,1.0,1.0,0.000565488706342876,0.02078087255358696,0.9252822399139404,0.04581083357334137,0.3360044362153265,0.9993932505726347,0.000608203596488482,0.9418604030334814,0.04303329639934447,1.8959695509114225,1.897935625156794,1.896456437127012,0.18964565079880288,0.02267373868160923,0.33600443676150243,0.0002885819252137655,0.0747615293814579,0.07447294745624414,1.896456437127012,0.04303329640560141,,,,,,,0.18964565079880288,42,syn_diag,953,5,0.38165944814682007,,,False,a146f0c48699d6f1d1a9185a96f65aa0f6e1be7dbfeb1416f56023a8e8d6a217,c7869b6546e4cf6df554fbd4282652e685a824ecf295f78326ee69bec4003dbc
0.50390625,0.5474385619163513,0.4656208009308429,0.8505444507424723,0.0002126990439137444,1.2809759378433228,1188.134765625,1764.122802734375,0.0008416560012847185,0.7995657920837402,1.0,0.0005454635829664767,0.020134245976805687,0.9256130456924438,0.042013294994831085,0.6656187095919849,0.9990166948365056,0.0009839142491822202,0.7462919893885451,0.07145658493765297,1.9004443252241656,1.897935625156794,1.9018418902606662,0.1901841964613472,0.037649635736044566,0.6656187097899188,0.006000813420944986,0.28102636467065845,0.27502555124971345,1.9018418902606664,0.07145658488420356,,,,,,,0.1901841964613472,42,syn_diag,954,5,0.8187774419784546,,,False,cc0beadaae9bb74b8d7c9f6943fa91cc63e8b370b28fced9e444367190b89239,fcb1f8a666bc3d02e7835f8d0c9052d76d6b11132f6f759e0840b54e5cb079c5
0.49609375,0.5738469362258911,0.4611489871772415,0.8036097590162066,0.00018428251496516168,0.8518001437187195,816.4642333984375,1998.0655517578125,0.0012256349436938763,1.0,1.0,0.0005327683174982667,0.02046225592494011,0.9146720170974731,0.050475239753723145,-0.07191907209884202,1.0001030495506493,-0.0001020481781430129,0.9974104706811974,0.045266973066288824,1.89490695396606,1.897935625156794,1.8952747695989038,0.18952748351329685,0.02385063669508039,-0.07191907218929411,-0.00314343023928645,-0.22255280776349437,-0.21940937752420792,1.8952747695989036,0.04526697308102072,,,,,,,0.18952748351329685,42,syn_diag,955,5,0.5360486507415771,,,False,bdf9c836db5ab993d243ee66768b7bb06282a63ad0bac8b87f1753e29157597f,866c87b167f338eee2a87cdf7f5449e73573f349cc3e1abe5e7abd25ec0e0b02
0.44140625,0.6158410310745239,0.4616288001851033,0.7495908806542562,3.460161678958684e-05,0.35866284370422363,1035.142578125,2523.165283203125,0.0009678032947704196,1.0,1.0,0.0005405641859397292,0.02038191258907318,0.9267884492874146,0.04994631186127663,0.4830960281679882,0.9995529151935346,0.0004474137300981374,0.8755673746382117,0.04092545014189954,1.8979255713724452,1.897935625156794,1.898486061115536,0.18984861313312865,0.021563139233711896,0.48309602732148627,0.0024722335158507817,0.16634057233319566,0.1638683388173449,1.898486061115536,0.040925450175896154,,,,,,,0.18984861313312865,42,syn_diag,956,5,0.5215449333190918,,,False,f14d14b66ddddf873179ede27defd52c95583ea1fb5f0cb82de97edffe5cef5d,3085f65bc8e27f8075367501c672eab5040aa24800ec9400c02b7f7a51b56367
0.4609375,0.6042079925537109,0.458271682413905,0.7584667158054033,0.0001432601420674473,0.5269694328308105,782.6351318359375,1620.407470703125,0.0012778487289324403,1.0,1.0,0.0005466641741804779,0.020429667085409164,0.9222217798233032,0.0464518778026104,0.44140531589787335,0.9993927318079582,0.0006080325475843474,0.8973078329413422,0.04106806860132394,1.89833087775956,1.897935625156794,1.8988811836627666,0.18988812498883306,0.021638283225707166,0.4414053155477389,0.0020316494197775543,0.02973114936884363,0.027699499949066078,1.8988811836627664,0.04106806860361395,,,,,,,0.18988812498883306,42,syn_diag,957,5,0.42946678400039673,,,False,75c64df15303486b919823994627f9b6d3817a909ba4a6bc9160d01733c93782,aec7e5999118bdef3004eb85487c75f3f2a02354b97bca91b24892b9b8b181da
0.5078125,0.5468736886978149,0.46845343210601803,0.8566026879078642,0.00011380529031157494,1.147742509841919,866.878173828125,1723.9046630859375,0.0011540292762219906,0.8712764382362366,1.0,0.0005251071415841579,0.020364556461572647,0.9189093112945557,0.0409947894513607,0.5817113387142068,0.9990896513191364,0.0009111610328483208,0.8133953026611638,0.06589990989753461,1.8954760605373318,1.897935625156794,1.8964714220706127,0.18964714929929719,0.03472188889022814,0.5817113390241555,0.002580587898078215,0.1155896557028844,0.11300906780480618,1.896471422070613,0.06589990990721784,,,,,,,0.18964714929929719,42,syn_diag,958,5,0.5770560503005981,,,False,705f9c62f55c7cddd4c90b5eea18cb49679f8bfd0da142106fc43c622dc317c5,1fb1a294329390177046b46eca92045c304d0d5cd258182f03369fb8c01e2eb9
0.48828125,0.5656686425209045,0.4649550854262748,0.8219566219090064,0.00017916614888235927,0.8824498653411865,643.4501342773438,1396.1939697265625,0.0015557316364720464,1.0,1.0,0.000524864299222827,0.019738856703042984,0.9181547164916992,0.05350527912378311,0.46655217583024594,0.9992720314632944,0.0007289240573211755,0.8844936784377776,0.04940135974465049,1.8936366403414544,1.897935625156794,1.8941368947642097,0.18941369728303367,0.026028996500101667,0.466552175844831,0.0041175730043811415,0.19872365258526334,0.1946060795808822,1.8941368947642097,0.04940135971624714,,,,,,,0.18941369728303367,42,syn_diag,959,5,0.40372735261917114,,,False,a4cbec5ebdcb84b04da53ff7fd5b12e412ac4fcb5060bd2123ea6d2886ba9f75,89c7fed59917c13dc6c27362e70bb1a1af41862de332e7138421de2f5e8d536e
0.47265625,0.5779236555099487,0.46804119549357004,0.8098667887667043,0.0001949852448888123,0.5257240533828735,877.2882080078125,1813.1571044921875,0.0011414206819608808,1.0,1.0,0.0005326651153154671,0.020270170643925667,0.9128181338310242,0.05388558655977249,0.6749436676674604,0.9992828838524092,0.0007174239394309274,0.7378692604066002,0.04815240620256401,1.8983120769814474,1.897935625156794,1.8990174292242512,0.18990175065873907,0.025370937540919295,0.674943667665891,0.006641491191063707,0.19552643479232393,0.1888849436012602,1.8990174292242512,0.04815240620358567,,,,,,,0.18990175065873907,42,syn_diag,960,5,0.6239305734634399,,,False,2f33fd90d7264729c6d047ebb5ddbbe7ee8c92fb2584eb095cb1d047bfa8dc1e,a225487df4d377fb0866e6832f347227c05b35bc4332302ffba3e4d8144c9b4a
0.47265625,0.5833975672721863,0.461461054650892,0.7909890163196605,0.00024238679907284677,0.8525590896606445,1003.304931640625,1772.8895263671875,0.00099710572976619,1.0,1.0,0.000539246597327292,0.02031942456960678,0.9229974746704102,0.04985854774713516,0.4480423046123311,0.999047953208711,0.0009538598094381108,0.8940123563149854,0.04729547744894754,1.900388924624855,1.897935625156794,1.9008842399139732,0.1900884301690827,0.02491943184059017,0.4480423037832977,-0.003999582907522247,-0.276984597348004,-0.2729850144404818,1.900884239913973,0.047295477461319756,,,,,,,0.1900884301690827,42,syn_diag,961,5,0.5472373366355896,,,False,0cd0356a1489cc2d64173895a945634a58bbb93686e057d12b22f84c151cc002,09b3371a86bca933bd42bd3b3371999ee6729a45d69dc2b3d7421f867a5a81d0
0.48828125,0.5697134733200073,0.46803275851922443,0.8215230582640597,5.023457924835384e-05,0.7809622287750244,827.3109130859375,2164.685302734375,0.0012108567170798779,1.0,1.0,0.0005436567007564008,0.020528776571154594,0.9294606447219849,0.04487941041588783,0.4663222979968677,0.9991458738033968,0.0008554440306153223,0.8846148960774929,0.054481112055309054,1.8986255330297215,1.897935625156794,1.8993365492080037,0.18993366280152274,0.028705458358620303,0.4663222989737387,-0.004401940184638429,-0.14117503650354765,-0.13677309631890922,1.8993365492080037,0.05448111200600376,,,,,,,0.18993366280152274,42,syn_diag,962,5,0.4726371169090271,,,False,634b55a56a415ee4931925ff9ef6330eab4d33a7843e5f4aa2638771bfd731ad,9e24441fb398d9e8b958eab83daeb600234e002ba36ab092e01378fe12dd76f6
0.4609375,0.5794988870620728,0.4694100690776308,0.810027647736953,4.238002293277532e-05,0.7921304106712341,956.467041015625,1573.646484375,0.0010456027230247855,1.0,1.0,0.0005288812681101263,0.020095087587833405,0.9255259037017822,0.05385011434555054,0.6128354376310269,0.9989726068899623,0.001028273006123926,0.7902105582444229,0.055197246838640454,1.8969363858480748,1.897935625156794,1.8977177548593602,0.18977178364319686,0.029082781368863005,0.6128354374250277,0.004942022036802836,0.12140231364405871,0.11646029160725588,1.8977177548593605,0.05519724685660565,,,,,,,0.18977178364319686,42,syn_diag,963,5,0.5700714588165283,,,False,170a7a1ba3034001fe9b0aad784b6f834c7cf3af4cf8a1eea3fc369e227a252a,f9f9eab64fe29dde56bc3316adfc5403a58be23f14ade5893ea0ba88ce3f95e3
0.4765625,0.6123235821723938,0.44504967429404446,0.726821076989075,0.00016793402028270066,0.709213137626648,789.730224609375,1741.6837158203125,0.001266581006348133,1.0,1.0,0.0005717831663787365,0.020820505917072296,0.9337248206138611,0.04488290846347809,0.1930198485061168,0.999782922826788,0.00021768958889596774,0.9811948522280962,0.044000859061085584,1.9004028770149342,1.897935625156794,1.900759148203362,0.19007592184239808,0.02318353608933778,0.19301984854764315,-0.0038870043150061786,-0.08532922717524853,-0.08144222286024236,1.900759148203362,0.044000859048772094,,,,,,,0.19007592184239808,42,syn_diag,964,5,0.48884499073028564,,,False,611da1ac6917cf1582822ccc7429979552555b69d6205280f73e2f27d9bbf5fe,461695dc481b2c2c6d2e623ca9c42e713b999711295ded24dd16f83e5a6acbd0
0.40625,0.6427221894264221,0.4493304536676597,0.6991052076429319,0.00023468001745641232,0.310445636510849,740.0076904296875,1786.12353515625,0.0013514214660972357,1.0,1.0,0.0005335074383765459,0.01983099803328514,0.9194110631942749,0.048504337668418884,0.2204974143881275,0.999644807321488,0.00035643614891742783,0.9753875589746708,0.041741962521833556,1.8965344732900429,1.897935625156794,1.8970756308818642,0.18970756947110787,0.021993350021217467,0.22049741416001603,0.003717552463439942,0.05030388532449433,0.04658633286105438,1.8970756308818642,0.04174196252199372,,,,,,,0.18970756947110787,42,syn_diag,965,5,0.492624431848526,,,False,3f740b19158749120d21d050fdbe604614044200153188bf0b15823151a47594,c53e3feea23dd17737e22ad2c71d3693bb1f8a4de6d53e8b13eca3887b90b429
0.5,0.5587243437767029,0.4677743697734173,0.8372185263623277,0.00017641347949393094,1.008594036102295,1029.6298828125,1796.1302490234375,0.0009714344050735235,0.9706524014472961,1.0,0.0005270318360999227,0.01996460184454918,0.9333547353744507,0.0406835675239563,0.35146960146199596,0.9993839064131607,0.000617446899816903,0.9361992946032278,0.053829591727597034,1.8982119950555072,1.897935625156794,1.8988027871605713,0.18988028589888048,0.028362179946499318,0.3514696027310893,0.002964672114329172,0.18792726468785942,0.18496259257353026,1.898802787160571,0.053829591755264916,,,,,,,0.18988028589888048,42,syn_diag,966,5,0.5689818263053894,,,False,c32d5ddc97aa85d55bbe3529de26619342472018e7523f0e3c4065e0e42fe08a,0e9e308c451d1fc598d686f921439a69ac9f8f35529ddd772af96347fa139038
0.39453125,0.6628199219703674,0.4412791924917573,0.6657603214344141,0.00018897991685662419,0.17764359712600708,663.3355102539062,1617.0216064453125,0.0015077132266014814,1.0,1.0,0.000595563615206629,0.020334118977189064,0.927060604095459,0.04623551666736603,0.2363494495988913,0.9996485003219086,0.00035255041034624963,0.9716681211309869,0.03625795138860353,1.8972946474056198,1.897935625156794,1.8976118694191964,0.18976119380160617,0.01910388893489949,0.2363494500573947,-0.0032028888715593287,-0.150416370035273,-0.14721348116371366,1.8976118694191964,0.0362579514042406,,,,,,,0.18976119380160617,42,syn_diag,967,5,0.3680409789085388,,,False,d4ce8f67ac3ed5f154be1420d06b020d44c775c079a375de2e85043af70de5ca,3e90a26d75b9282d0648080d7aadf9a4ff7ca41e7f287719bbc14735f7618b64
0.484375,0.5747998356819153,0.4624331220952019,0.8045116331211086,0.00021906346955802292,0.6809173226356506,825.824462890625,1979.7247314453125,0.0012109114322811365,1.0,1.0,0.0005405771662481129,0.02032753825187683,0.9367678165435791,0.042364053428173065,0.5101862832020898,0.9992369097109075,0.0007639201427941972,0.8600639257685243,0.06145974974425638,1.8991414609701522,1.897935625156794,1.8999795657320901,0.18999796371847094,0.03238242063091398,0.5101862838992545,0.012592657104193706,0.37229057060689813,0.3596979135027044,1.8999795657320901,0.06145974974561637,,,,,,,0.18999796371847094,42,syn_diag,968,5,0.5513443946838379,,,False,17a07655ff3cb6ab1bcdec683cacbc659098906951d19d51616603a6122fd02b,4621ffdc09da5eb7332d23928e69db6832090687186476ec771588ece4a0ab3a
0.48828125,0.5714869499206543,0.4615779178927612,0.8076788580594744,0.00014407248818315566,0.8348208665847778,1045.807373046875,1687.7032470703125,0.000956329982727766,1.0,1.0,0.0005212370306253433,0.019915616139769554,0.9208399653434753,0.047154393047094345,0.7398696256963494,0.9990790547591712,0.0009212964504228617,0.6727502783027004,0.0580878820610309,1.8950379565221305,1.897935625156794,1.8958487546811575,0.18958488161601034,0.03060582313280593,0.7398696248699418,0.009174346336766002,0.1673952867535809,0.1582209404168149,1.8958487546811575,0.058087882037470846,,,,,,,0.18958488161601034,42,syn_diag,969,5,0.5533990859985352,,,False,ede0c5d110d93dbd9b8e5fe00dfb29cef7c673f9c6155a6bdb655b10e49c763f,58315d184fc5c02fb961daa515ff062e5dec376f4d7301d490487dd630788a8d
0.45703125,0.6022345423698425,0.45262392220071407,0.7515741627248465,0.00021503926836885512,0.6217294931411743,663.4951171875,1963.4864501953125,0.0015113689005374908,1.0,1.0,0.0005468655144795775,0.01979009434580803,0.9264898896217346,0.0449955090880394,0.3307289068885738,0.9995381909123439,0.00046268101741169806,0.943725802398555,0.05018656722873051,1.899365622437726,1.897935625156794,1.9001322247658212,0.1900132301336973,0.026442713105486917,0.3307289048299233,0.006183682087755251,0.14735161230992555,0.1411679302221703,1.9001322247658212,0.0501865671860162,,,,,,,0.1900132301336973,42,syn_diag,970,5,0.46947699785232544,,,False,e22f17cbc0e7015135c800458739b7c3ff0cd0a1de19b049f151711cc184275a,c3453be39bbea4dcf1ddc9fddb810af7f20d0e50f2893d6e08bf8f86fe77e3bb
0.4296875,0.6325936913490295,0.4564159173711192,0.7214993428912662,4.7828852984821424e-05,0.3342399597167969,1159.893310546875,1786.323486328125,0.0008621562737971544,1.0,1.0,0.0005541692371480167,0.02031746134161949,0.9275524616241455,0.043108224868774414,0.5961764052240535,0.9992275270188247,0.0007730152377546919,0.8028534697115595,0.049138314450379826,1.9010304546878318,1.897935625156794,1.9015768568530802,0.19015769235375243,0.025890401022581822,0.5961764055387109,-4.7005823185625975e-05,0.24175179706991148,0.2417988028930971,1.9015768568530802,0.04913831443885152,,,,,,,0.19015769235375243,42,syn_diag,971,5,0.610623300075531,,,False,f0b5985774506c2a8f13074483ee754fe7446e535f4921021bc18c0fdbdd465f,16f3765098311a40acfca4400b951a6ffec92e1166141450b144048c6f8b52e3
0.52734375,0.5443611741065979,0.4651123511474168,0.8544186597508532,0.00032530594035051763,1.374053955078125,1139.314697265625,1822.4228515625,0.000877842481713742,0.7304485440254211,1.0,0.0005403700633905828,0.020185235887765884,0.9328204393386841,0.03980863094329834,0.35530674331702833,0.999595864722881,0.0004047023003221363,0.9347497622982122,0.0473796458292206,1.9007956059141602,1.897935625156794,1.9012980666172246,0.19012981330553888,0.02496377917205778,0.35530674189121664,-5.2862737658082325e-05,0.0745512695378033,0.0746041322754614,1.9012980666172246,0.047379645763201354,,,,,,,0.19012981330553888,42,syn_diag,972,5,0.7427109479904175,,,False,07ca4ba7ddaee347ab017a09ce2dbb990390c292e443a1774cb6e288663a0e47,29a6bd2a0efc6e8bb4d9df4e9a4663b0cbc4f1f71106b44ae4f2b4fe6e9baa03
0.4140625,0.6175866723060608,0.4661423363440395,0.7547804238863661,2.4371558538405225e-05,0.4123139977455139,1023.9075927734375,1663.184326171875,0.0009767272276803851,1.0,1.0,0.0005409059813246131,0.020277388393878937,0.9258695244789124,0.048466239124536514,0.446072210828332,0.9996287706456114,0.0003715072608715396,0.8949969735521914,0.027087830293730637,1.8956764817455198,1.897935625156794,1.8957991781331518,0.1895799252095819,0.014272259783035875,0.4460722099042198,0.0005038338489932986,0.14373926367614384,0.14323542982715054,1.8957991781331518,0.02708783032423096,,,,,,,0.1895799252095819,42,syn_diag,973,5,0.6979877948760986,,,False,66d6f67092a455db92ebe2dbe138f054a28dfe5a2366ceabe2e5f0b4118b59ff,5190e784d636acce1dd101d218b50356b626cc16d4a981a092bbfe19ca82f317
0.484375,0.5841457843780518,0.45998735732195384,0.7874530255178815,0.00018029569764621556,0.6849051713943481,507.9051513671875,2568.994140625,0.0019690734334290028,1.0,1.0,0.0005423021502792835,0.020126547664403915,0.9271894097328186,0.0414983406662941,0.60745598248229,0.9994683959846488,0.0005318459903832653,0.7943533403436949,0.0403322442567828,1.8978062980320254,1.897935625156794,1.898382702293467,0.18983827672793022,0.02125058601680949,0.6074559826932983,0.003995300605370297,0.2852900027442991,0.2812947021389288,1.8983827022934672,0.040332244237172764,,,,,,,0.18983827672793022,42,syn_diag,974,5,0.3747525215148926,,,False,dcf6a47dc0c96f3e95fa58234e673cf9223d957bd8b97479b7cdaf244a938b78,b7e3cf526d618980c5b27d02675c2a043faefac1eb899af335e8505e9ff163d9
0.4296875,0.6307438015937805,0.45276123693685194,0.7178211663159524,4.0289647586178035e-05,0.1943676471710205,873.9052124023438,1915.2955322265625,0.0011443817056715488,1.0,1.0,0.0005287645035423338,0.019855255261063576,0.9106554985046387,0.06086951494216919,0.5700050969758501,0.999300003424677,0.0007005067345264855,0.8216411560974947,0.047669130289896305,1.8945756530303115,1.897935625156794,1.8952006758707833,0.1895200741588561,0.025116305135972725,0.5700050972820748,0.008488295995038858,0.3257607744742397,0.3172724784792008,1.8952006758707833,0.04766913022323292,,,,,,,0.1895200741588561,42,syn_diag,975,5,0.5238646864891052,,,False,8d420b20fc20f47731e8cd0dfde9932757b86442233c3b72bdd43eeecc070505,1e3e41203c0c1a7cdc1b03eb3a9b2f73417c799320ab6ed1578575ed178906e9
0.484375,0.5974741578102112,0.4535166254025706,0.7590564699982265,5.764413072029129e-05,0.6495864987373352,788.2459716796875,1884.0631103515625,0.001275941263884306,1.0,1.0,0.0005299370968714356,0.019663335755467415,0.9221456050872803,0.05059653893113136,-0.0940429271529089,1.0001547887610456,-0.00015346918286847835,0.9955681432213646,0.03586119356061187,1.8984284342247657,1.897935625156794,1.898765350763387,0.18987654135012783,0.018894841893086007,-0.0940429261794675,-0.0014430889848315264,-0.06718321314008226,-0.06574012415525073,1.898765350763387,0.03586119357432927,,,,,,,0.18987654135012783,42,syn_diag,976,5,0.5096310377120972,,,False,645cb5e61c9e32957d2f0e4b7712e09f2a8ba0096e7e51629afeaffcf5774b7d,72f7057df69da9923871394835aa9c3c64bf28342f8a8cd57ad286cab1a4a84d
0.421875,0.6421117186546326,0.45250527816768665,0.7047143005643947,0.00020792119903489947,0.4067039489746094,997.421875,1937.6058349609375,0.001003707991912961,1.0,1.0,0.0005649046506732702,0.02041156217455864,0.9297664761543274,0.04145139455795288,0.297839639268137,0.9996924556244433,0.0003080318898874901,0.9546159171335168,0.05068258341576551,1.901095793029315,1.897935625156794,1.9015593818620689,0.19015594529210353,0.026704058211432628,0.29783963957592147,0.0018057171822874255,0.1346746269651181,0.13286890978283067,1.9015593818620686,0.05068258339354614,,,,,,,0.19015594529210353,42,syn_diag,977,5,0.545421838760376,,,False,768d945adf01e7282fd83d93abcb38b5a22660e2e15c724d8bff429efbc07707,53467f1a90aac183d2e55e6b6cc8b10dd10f85616d87f7e511aa159774c13889
0.46484375,0.5936039686203003,0.45625346656196764,0.7686159136318806,0.00019139086361974478,0.5437544584274292,746.475830078125,1588.462646484375,0.0013411687687039375,1.0,1.0,0.0005563630256801844,0.019951870664954185,0.9236341714859009,0.04023642838001251,0.6504660046379525,0.9989339949306594,0.0010667817299802689,0.759535369015794,0.04732381408998855,1.898466332114113,1.897935625156794,1.899175507478676,0.18991755768990473,0.02493436208409548,0.650466004716245,0.005139010275564433,0.12916328583693223,0.1240242755613678,1.8991755074786758,0.047323814086003065,,,,,,,0.18991755768990473,42,syn_diag,978,5,0.47293806076049805,,,False,efc9983ebcc1b4cbfa4fe0a636eea43792e3241bb52f086de15050a76575f9c2,c7bb6771bae4ed944c2209f6b15141a2cf750e0d8349428ee92408a49c77ca31
0.4609375,0.6065544486045837,0.44923062432281674,0.7406269876337982,0.00022426567738875747,0.47889918088912964,571.4404296875,1823.1435546875,0.0017500156536698341,1.0,1.0,0.0005483651766553521,0.020165450870990753,0.9320816397666931,0.04720454290509224,0.4158299092859386,0.999324687820297,0.0006764071414148213,0.9094424041727841,0.046368374868506514,1.9010423601209423,1.897935625156794,1.901848463221588,0.19018485311943303,0.024430952374715792,0.41582990879900017,0.0001124980475133337,-0.017554430357538415,-0.017666928405051747,1.901848463221588,0.046368374875156805,,,,,,,0.19018485311943303,42,syn_diag,979,5,0.3863370716571808,,,False,8cc0b79cd36f4a91a7db19ffd6e62df72e1e815e9c51e8552500657ebde07eb6,bae9ee571e35605e52241334d0856297819f4dc1deabbf921d86be7dd09807ec
0.44140625,0.6166194081306458,0.45868179462462333,0.7438653177982641,5.6465672969352454e-05,0.2979169487953186,1129.7364501953125,1784.836669921875,0.0008878513472154737,1.0,1.0,0.000562660803552717,0.020274892449378967,0.929434061050415,0.04518097639083862,0.6020467247637515,0.9991880961799083,0.000812484852377014,0.798460857630904,0.03915948875638349,1.9001857938829043,1.897935625156794,1.9006219194445026,0.19006219860340492,0.020632674911261955,0.6020467246548693,0.0016583186346657848,0.21959385978503349,0.2179355411503677,1.9006219194445026,0.03915948877401439,,,,,,,0.19006219860340492,42,syn_diag,980,5,0.5313400030136108,,,False,b583db89d5e5b4320a707edfb00a4cda3f035d2a7150a288ccc3e9c0e5fcbfb7,59ce3b0ba7fdf19c97c3efe77fd39798c6432334a85618fa6405965ae5d9cb52
0.515625,0.5446131825447083,0.4641960074540633,0.8523407568686548,3.934314736397937e-05,1.4487190246582031,880.7239990234375,1678.9554443359375,0.001135434489697218,0.690703272819519,1.0,0.0005257418961264193,0.01976134441792965,0.9226846694946289,0.051207203418016434,0.39181649208495,0.999618446908502,0.00038195544929043804,0.9200433883716207,0.03855392724508571,1.902877709793821,1.897935625156794,1.9032199784593467,0.19032200415240563,0.020313611659974157,0.3918164926579392,0.0027839233406317574,0.06085940930075474,0.05807548596012298,1.9032199784593467,0.03855392726668432,,,,,,,0.19032200415240563,42,syn_diag,981,5,0.494779109954834,,,False,b245e6325a76d9e7306a8dbca2d4359beb94acb144bd37e5935b9d4e3e094c83,31825e35ca7fc656bff1d816f010ca2cbd0bea5b9dbc9cb5bd9c23e46bd7257e
0.453125,0.6023834943771362,0.45744679147673517,0.7593946626610388,0.00016626618162263185,0.5259280204772949,851.3687744140625,1551.0830078125,0.0011746936943382025,1.0,1.0,0.0005394206382334232,0.020546600222587585,0.9279505014419556,0.04624553397297859,0.5866004320407406,0.9987713183607225,0.001230125602019624,0.8098764924992323,0.0490252068382138,1.896010904656212,1.897935625156794,1.8965150341658366,0.18965151137159003,0.025830805949563145,0.5866004322016602,0.002533443841549773,-0.03857265651256037,-0.041106100354110144,1.8965150341658366,0.049025206813668384,,,,,,,0.18965151137159003,42,syn_diag,982,5,0.424381822347641,,,False,43db2adecdd7c0d85812afdcbe11d0c0d7cb48893826e2aba5630d1a5ec24984,502ca49de776edf2f8377df7a8addddad5e589343b22caa3ef45160f1d710924
0.48828125,0.5633420348167419,0.46499397628329436,0.8254203749022068,0.00019067799439653754,0.8035641312599182,1097.20458984375,2057.46923828125,0.0009114108397625387,1.0,1.0,0.0005393738392740488,0.019979652017354965,0.9272297620773315,0.04390353336930275,0.7022500746651525,0.9994260443849683,0.0005741250971276955,0.7119303565715926,0.04115229794525066,1.8961910956079782,1.897935625156794,1.8968408796959575,0.18968409459405536,0.021682662678208203,0.7022500755006654,0.00834717808219929,0.35658437120911246,0.34823719312691315,1.8968408796959575,0.04115229792940606,,,,,,,0.18968409459405536,42,syn_diag,983,5,0.5381935834884644,,,False,8d17870a17a8f3fa01609ac0b72b0429ac1e7bb401a7f1930a86fc62326f985a,0940b7c495b5221a4dd149ac27e0bca6798f0f742a57ee82f5bf947046bfb385
0.44140625,0.6148759126663208,0.45942315168012254,0.7471802833839913,4.6039502194616944e-05,0.4022960066795349,786.462890625,1610.913818359375,0.001271737040951848,1.0,1.0,0.0005425519775599241,0.020952703431248665,0.9311021566390991,0.04217532277107239,0.3034893711985283,0.999621645498105,0.00037906294573218565,0.9528348238435094,0.04469017709931441,1.8994073349298524,1.897935625156794,1.8999078517382575,0.18999079180356573,0.02354672967140225,0.3034893692573492,-0.0007442981233238366,-0.065342247048587,-0.06459794892526316,1.8999078517382575,0.044690177092361685,,,,,,,0.18999079180356573,42,syn_diag,984,5,0.4473905861377716,,,False,7f71f7302042b8bf18bfa7766381cec38b65ddf26ca275641692150485f2a349,612019ecd8bafb08ea5882424ad8dfdccbe14e7dbf0fbbf000e07c11c1250401
0.4453125,0.6228508353233337,0.452667711998215,0.7267674561323543,4.330185038270429e-05,0.5227182507514954,615.8726806640625,1775.2813720703125,0.0016241658013314009,1.0,1.0,0.0005526137538254261,0.019955167546868324,0.9226707816123962,0.040079232305288315,0.6703310761367274,0.9987802777983276,0.0012206362615122671,0.7420621593536435,0.052985754430750785,1.8972380484038127,1.897935625156794,1.897971599942653,0.1897971669891352,0.02791757198105471,0.6703310758446505,0.009821033602404416,0.353907406584663,0.3440863729822586,1.8979715999426532,0.05298575441208275,,,,,,,0.1897971669891352,42,syn_diag,985,5,0.4117128849029541,,,False,5abcc3bcdb5306166c1e6da05f563487dcc0f2621a4639316d27446dd1e3cecf,a1e8b402ba94ba68427c7a43801b68693a4f0cc2d58df9f78c30c6e04d3b7dad
0.46875,0.568340539932251,0.4717595753415637,0.830064975361527,0.0001730100339045748,0.6619300842285156,1036.734375,1862.010498046875,0.0009645906975492835,1.0,1.0,0.0004936515470035374,0.019458599388599396,0.9230186939239502,0.04976654797792435,0.2787364860489516,0.9995146978909436,0.00048670882671579074,0.9603676230027537,0.05568954197026333,1.898623342246761,1.897935625156794,1.899445616146044,0.18994456913102997,0.029342165894395554,0.2787364868740871,-0.0011325708959088478,-0.03516672420415956,-0.034034153308250714,1.8994456161460442,0.05568954195669728,,,,,,,0.18994456913102997,42,syn_diag,986,5,0.511496901512146,,,False,2f19b23d22af4d05580957a0c2f17e5d5a11fd03742a4e461a4488c07c72eebf,7372ebe3233d6e6c19bdd1ab40187b15f52178f08c927963033c60cbb71b411e
0.48046875,0.5837290287017822,0.4590078893375191,0.786337251925974,0.0002526777680031955,0.6745116710662842,822.3199462890625,1709.091796875,0.001216173986904323,1.0,1.0,0.0005423313705250621,0.02171572670340538,0.9334039688110352,0.03705614060163498,0.6724839850094443,0.999077193829219,0.0009233229546241578,0.7401116739259176,0.04491044916229191,1.9005058936808665,1.897935625156794,1.9011386982216882,0.1901138765266217,0.023662788435491883,0.672483986134167,0.006985742923335731,0.2551947975700474,0.2482090546467117,1.9011386982216882,0.04491044919059186,,,,,,,0.1901138765266217,42,syn_diag,987,5,0.48000800609588623,,,False,535f756aecc1ad99a804b0ece1d7dec96d701ff3e317d968fb803780d1fc6cb1,b5685c6a22429933131564127886e3a81be3d80f3a07292205b41111f7dcf17f
0.4375,0.6381428241729736,0.44053022204798775,0.6903317145320257,2.354633943468798e-05,0.33208703994750977,516.8828735351562,1573.2576904296875,0.0019396350253373384,1.0,1.0,0.0005317203467711806,0.019744960591197014,0.9130749702453613,0.05451524257659912,0.07799952874232713,0.9998751964372001,0.0001261026510942795,0.996953395836959,0.044046158303261494,1.8986002237438375,1.897935625156794,1.8992180767267235,0.1899218146708439,0.023207403728247897,0.07799952886162889,0.002422281751987751,-0.10540577727199399,-0.10782805902398174,1.8992180767267233,0.04404615827354196,,,,,,,0.1899218146708439,42,syn_diag,988,5,0.32430654764175415,,,False,0d7b258d8e372bc19e2edff96b0586c7a828a3106134a35bd0249ec9ef863f2b,ad151fd50bcc4b173c65cd5d28e56964eef072711e27dc948afc99331cf5cd32
0.47265625,0.5815474987030029,0.46527751534128725,0.8000679284174124,8.635618723928928e-05,0.39494770765304565,1163.158447265625,2021.7740478515625,0.0008597458363510668,1.0,1.0,0.0005477013764902949,0.020438920706510544,0.9309940338134766,0.043559856712818146,0.7009231335294105,0.9992239527787318,0.000776359512421314,0.7132368196194836,0.045427570487068615,1.9042628505534538,1.897935625156794,1.9047377875538969,0.19047378537729742,0.02393525359074904,0.7009231332760999,0.007721749057820719,0.2161168259693297,0.208395076911509,1.904737787553897,0.045427570489818284,,,,,,,0.19047378537729742,42,syn_diag,989,5,0.6397438049316406,,,False,d0defd51c760cd845aa68ae6f80295e368a2e3ddd6e4d7e3fb54ea4a6d2684e1,520da450a00ce8db21bb49ee15b70800964d6d31c15a65b995271d3a44c70b69
0.5,0.5604120492935181,0.463603972962624,0.827255516879989,5.261232945485972e-05,1.0148863792419434,884.395263671875,1740.9466552734375,0.0011308829998597503,0.978472113609314,1.0,0.0005336768226698041,0.020063426345586777,0.9189978837966919,0.04881879314780235,0.2691462572793735,0.9996828953663607,0.00031775125175276757,0.9630993158311275,0.04866582635360352,1.898354527605228,1.897935625156794,1.899029855597837,0.18990299239673505,0.025641452591184406,0.26914625906964756,0.00473386824479276,0.09052043237014211,0.08578656412534935,1.8990298555978373,0.048665826258786744,,,,,,,0.18990299239673505,42,syn_diag,990,5,0.6193332672119141,,,False,0c2425499d2c1c2b30a7f419f18e5fda82b117a0a862a5d1efa17eea64575b23,1e88f8964742392097355e598e7c9d054adeab46e2824034e220dc038301394f
0.5,0.5572725534439087,0.4700264418887935,0.8434408281775284,0.0002834965998772532,1.0173981189727783,1233.740234375,1966.8414306640625,0.000810543424449861,0.9655869603157043,1.0,0.0005353025626391172,0.02046450972557068,0.9266906976699829,0.03569112345576286,0.61145590813432,0.9993298188496322,0.0006705579081580077,0.7912785049440871,0.059392770995580636,1.899922643697694,1.897935625156794,1.9005892982673163,0.19005893783323796,0.03129335379362128,0.6114559076726077,0.00335196966309128,0.03746844796647921,0.03411647830338793,1.9005892982673163,0.059392770979290736,,,,,,,0.19005893783323796,42,syn_diag,991,5,0.6668662428855896,,,False,0e9d8bcfcf21734963481f0a91d090169a7f22a0e0a9d16a6871184a34487e29,94905b2e52db6115c74a2be471339baaa77825db1ab2e8f9894cea3f775f7a83
0.44921875,0.610151469707489,0.458949614248014,0.752189658294627,0.0003459716681391001,0.632384181022644,761.60791015625,1687.24169921875,0.0013133353786543012,1.0,1.0,0.0005455175996758044,0.02044312283396721,0.9345171451568604,0.04059898108243942,0.6355747337328489,0.9992394576734264,0.0007609698707928926,0.7720393499099076,0.03832427618281867,1.9006487979341125,1.897935625156794,1.9009649108628057,0.1900964973869585,0.020192611211264023,0.6355747340972477,-0.002330825012988243,-0.07523820290517688,-0.07290737789218864,1.9009649108628055,0.03832427618637847,,,,,,,0.1900964973869585,42,syn_diag,992,5,0.3890482783317566,,,False,5d0bd5c889c4ced3d4ade1db13aea25d535592f0146251a01dffc62fe0549f99,65ecbc8de6abdda10541ff1a9fa8d9e282c1565d3f4d756dbca9359cccae8528
0.484375,0.5891558527946472,0.4553419819244468,0.7728718195600275,0.0002712293644435704,0.639786958694458,766.760009765625,1768.7337646484375,0.0013052390422672033,1.0,1.0,0.0005535365198738873,0.020127244293689728,0.9304718375205994,0.044204749166965485,-0.15137825103252786,1.0002975056480394,-0.00029564278470097416,0.9884759102156925,0.05198448038690933,1.896364481048432,1.897935625156794,1.8971042543200896,0.1897104325677783,0.027390012441853684,-0.15137825165521074,-0.002542128763191495,-0.16646151422812783,-0.16391938546493634,1.8971042543200896,0.05198448042035245,,,,,,,0.1897104325677783,42,syn_diag,993,5,0.41588449478149414,,,False,2037878c5c775a01c2aea6f296af9b166180b4973e6f4c2a2fc55cfad8a91541,5f68fc0176ad2d9c3f47692f68d58c87818bbf8e584b0273b7e1b4e946e788ed
0.4609375,0.5860485434532166,0.4660468383523629,0.7952358789150007,0.00021433085203170776,0.39930272102355957,703.8369140625,1956.72314453125,0.0014218545984476805,1.0,1.0,0.0005301678902469575,0.019538190215826035,0.9160200357437134,0.046251893043518066,0.5108155373751244,0.9994272035052969,0.0005732621680417703,0.8596903435164509,0.036291392352345055,1.896699132809616,1.897935625156794,1.8970864403607184,0.18970865084174174,0.01912150858611329,0.510815536680325,0.0015763383820413617,0.13784691364952256,0.1362705752674812,1.8970864403607182,0.03629139235793612,,,,,,,0.18970865084174174,42,syn_diag,994,5,0.47400665283203125,,,False,3d7ec964c0e90c247789a0255bdccc3c8c48adb2dd4f89a0eb231e59d65221d0,2583b0a2a73b62f2d0e837ed684515cfb24197f93c495c286daa86a7299d88f9
0.44921875,0.6177276372909546,0.4544638882669335,0.735702692335862,6.263071554712951e-05,0.3936628997325897,908.9183349609375,1791.8504638671875,0.0011041383258998394,1.0,1.0,0.0005416008643805981,0.020065560936927795,0.9199982285499573,0.05552496761083603,0.5300417537461154,0.999274104642537,0.0007265714163265538,0.8479715438967833,0.05316843073536694,1.8960181165925538,1.897935625156794,1.8968908868214571,0.18968909600174136,0.028013821981420745,0.530041753399249,0.001237300477958135,0.14000324866714436,0.13876594818918622,1.8968908868214571,0.053168430736548845,,,,,,,0.18968909600174136,42,syn_diag,995,5,0.4986220896244049,,,False,520b470058e86f1c7f84b343e60870ac1effbc934da204230f44701317c56051,700fa21067c003c8b44c8393c0915243b7f6b16a7802975c3d5cda57af668b64
0.48046875,0.5695910453796387,0.4649398503339449,0.8162696088616516,5.798004713142291e-05,0.6359351277351379,1058.481201171875,1986.8056640625,0.0009449127828702331,1.0,1.0,0.0005393984029069543,0.019569572061300278,0.929174542427063,0.04370548576116562,0.5819587214471771,0.9993086014173244,0.000691866258270739,0.8132183264652465,0.04053364123433459,1.9020028481883833,1.897935625156794,1.9023678641993473,0.190236793452553,0.02135669971997318,0.5819587219676997,0.008449963858777016,0.41299406475771144,0.40454410089893444,1.9023678641993473,0.04053364123980905,,,,,,,0.190236793452553,42,syn_diag,996,5,0.644439160823822,,,False,25e2178ed5e080c011bb6a125fae53d05ab77773ebba01e43f07b79e9add0ff3,ad8583029640c9cb7a3997d4f15ca4e6ec37a49622fd835d859b95627381adc7
0.44140625,0.6154628992080688,0.4561325639063336,0.7411211475457735,5.279338074615225e-05,0.3994019329547882,758.0633544921875,1648.7120361328125,0.0013192752376198769,1.0,1.0,0.0005190491210669279,0.01974819228053093,0.9268980622291565,0.039773959666490555,0.3079887958372186,0.9994695497721785,0.000531800263125907,0.9513899839659933,0.03777148336797024,1.8983907188473497,1.897935625156794,1.8988110989095062,0.18988111750462316,0.019901351166655045,0.3079887954970079,0.0027914789251267656,0.16535126118824162,0.16255978226311485,1.8988110989095062,0.037771483394384596,,,,,,,0.18988111750462316,42,syn_diag,997,5,0.35906922817230225,,,False,7939b306206c01bda5bf6a9a0ada654c2c19852c838d5ef868ba63d580e352a8,0e392f742f03f0c4a17ef12dc0373eb27637445340eaf94ab6c9c628600df8bd
0.4140625,0.6246839761734009,0.4607088705425316,0.7375070829836301,0.00018504838226363063,0.3261128067970276,940.6051025390625,1742.912353515625,0.0010631703771650791,1.0,1.0,0.0005486685549840331,0.020327836275100708,0.9291785955429077,0.04214591532945633,0.535319367994123,0.9993408941085757,0.0006596479025450655,0.8446497346331766,0.04138639577983674,1.8979501784363977,1.897935625156794,1.8982994840031253,0.1898299554614777,0.02180600607905017,0.5353193681619853,0.007572675376416894,0.3885056600804175,0.3809329847040006,1.8982994840031253,0.041386395786650945,,,,,,,0.1898299554614777,42,syn_diag,998,5,0.590628445148468,,,False,876114f394bb5f5c6a00745e5be2d21570faf22a37ed6028def377a2db81c333,c17fff3cadda00a7c5af9dad02050b1c95329a7f58462af1a24d3da3695cd44c
0.48828125,0.5754175782203674,0.4694389018249695,0.8158230299044872,0.000322720967233181,0.9121643900871277,1256.5234375,2245.327880859375,0.0007961909286677837,1.0,1.0,0.0005411139572970569,0.020899035036563873,0.9458327293395996,0.028907233849167824,0.4164362769857093,0.9995553323956072,0.00044514004235635373,0.9091649064806668,0.048222219690789436,1.8989951608515983,1.897935625156794,1.8998097397216882,0.189980981634028,0.02540772144828687,0.41643627664607424,0.00656547062497575,0.23118838629469504,0.2246229156697193,1.8998097397216882,0.04822221971115357,,,,,,,0.189980981634028,42,syn_diag,999,5,0.8873591423034668,,,False,167e833a1c58b5f066cf39a9ea8506c328aa563c17290353a10ff9439b3352b2,fd5cd365d631831d0500deeb5500771defae0cfec84493a648197f76287e2713
0.484375,0.579261302947998,0.46130375433245474,0.7963655183927877,0.00018782408733386546,0.6512134671211243,772.1396484375,1726.9638671875,0.00129755400121212,1.0,1.0,0.0005151077639311552,0.019576728343963623,0.930946946144104,0.04128262400627136,0.6329723766097584,0.9989179551197322,0.001082922979441383,0.7741743798519597,0.04018650122358013,1.8984689135657822,1.897935625156794,1.899010223305836,0.18990102901934214,0.021173795723571517,0.6329723770166679,1.804357353882059e-05,0.006975312606563262,0.006957269033024442,1.899010223305836,0.040186501229186274,-18.664335648151994,0.015076064679387649,1.04186660152644,419.61505126953125,0.44081661105155945,0.43949267268180847,0.18990102901934214,42,syn_diag,1000,5,0.4436795711517334,0.4874374400138855,0.8954,False,41a83afe8b85de9f9ddc094336fd5b7ea1e58e1a82778da407df3a7212d13d4b,ae22e3dacdb06b7a99b595dc121dff88ef172734d2ae71a41012e47effdff945
0.46484375,0.6150977611541748,0.4482997100081478,0.7288267079724253,0.00016836851136758924,0.4920580983161926,358.5850830078125,1452.5697021484375,0.002790933009237051,1.0,1.0,0.000517173670232296,0.018743669614195824,0.9211070537567139,0.04488888755440712,0.6667389909115589,0.9984344583964229,0.001567078244947221,0.7452912973979066,0.05244694527741978,1.9001732709833714,1.897935625156794,1.9008235808755805,0.19008236474649398,0.027633679763537474,0.6667389913995825,-0.005502435351338816,-0.16110817541409553,-0.1556057400627567,1.9008235808755802,0.05244694513915366,,,,,,,0.19008236474649398,42,syn_diag,1001,5,0.2831655740737915,,,True,856ebd5e34e28841d108a0cde30bce9c730fc5b359bf3adda3936cbe8234fe96,e3aa32eb922fdfa229903bdd77a286e654802e0a08c08c1ad60e67144c4216e6
0.5234375,0.5445762872695923,0.4584614336098383,0.841868183513669,0.0004533192259259522,1.6508738994598389,1051.389892578125,1752.151611328125,0.0009511396638117731,0.6058065891265869,1.0,0.000498934299685061,0.019256137311458588,0.9261388182640076,0.05036843195557594,0.38229616568493546,0.9996396876820137,0.00036069249187579164,0.9240398485202681,0.03468345006664981,1.89693145638024,1.897935625156794,1.897246497113016,0.18972465728004936,0.018274302672287017,0.3822961662436683,0.0006450585962306722,0.045726582512160364,0.04508152391592969,1.897246497113016,0.03468345009479946,,,,,,,0.18972465728004936,42,syn_diag,1002,5,0.6542571187019348,,,False,292d61922c556cb500b2b43a636895558752debb734e0caf2c4478a2bc19d4d1,d1b53f06def93e5a8d6fa8c91563955cc46b7afc1805e61d266c3e099457fa7a
0.390625,0.6561383008956909,0.4523571560595561,0.6894235192280016,0.0001804218627512455,0.1923772543668747,960.194580078125,2497.010009765625,0.0010420470498502254,1.0,1.0,0.0005309302359819412,0.018847385421395302,0.9305028915405273,0.04623367637395859,0.4938890737748161,0.9993650520643038,0.0006355743821516122,0.869524917854487,0.04200181741439706,1.8987284909932858,1.897935625156794,1.8992500736796274,0.18992501433916406,0.022130264513531662,0.49388907407514593,-0.0034536607676449635,0.024540063097920003,0.027993723865564965,1.8992500736796272,0.042001817398757184,,,,,,,0.18992501433916406,42,syn_diag,1003,5,0.4756235182285309,,,False,9495decf65c3c954e8d0cfb1939bd8cf74fc5189c4f76303192e6ab90c389db0,58896adbe471fad1190690bbb1a69ba6e717a97826618ae53b4a3fa220a9d9ae
0.46875,0.5932973623275757,0.45650756890968075,0.769441404871153,0.0002662840415723622,0.6543465852737427,501.8927917480469,1535.9981689453125,0.0019924608059227467,1.0,1.0,0.0005281538469716907,0.019664766266942024,0.9380893111228943,0.04127616435289383,0.21254457609112415,0.9994738967607812,0.0005290628689972378,0.9771513716607366,0.05336427325340797,1.89949946522882,1.897935625156794,1.9004602931631527,0.1900460365361022,0.028117009105075034,0.212544574566539,0.0023695815425617745,0.09913433252076785,0.09676475097820608,1.900460293163153,0.053364273311090955,,,,,,,0.1900460365361022,42,syn_diag,1004,5,0.44542890787124634,,,False,9ada52b141d48611bc7997ff26919d520c3db47a9f836b9dcfe65081b467bccd,6d80992fbc3c5b70e59b2502f026cea19603b217442873829e082ae99f06f159
0.4609375,0.5926933288574219,0.46478836394812756,0.7841971132114284,0.00045902488636784256,0.5424332618713379,565.4525146484375,2352.80419921875,0.0017702402547001839,1.0,1.0,0.0004959459183737636,0.019607126712799072,0.9237844944000244,0.04907312989234924,0.2707858954199627,0.9996912761856456,0.00030932862553108975,0.9626395996447219,0.049477648660036816,1.8952886876101516,1.897935625156794,1.8959810724734083,0.18959811425285306,0.02606919223402177,0.27078589625260147,-0.008173883794098776,-0.23354872062161647,-0.2253748368275177,1.895981072473408,0.04947764864945144,,,,,,,0.18959811425285306,42,syn_diag,1005,5,0.3262818455696106,,,False,cb7fafac00667d0626c1339f3ab0224415353f4440ce13c77ea8bfccf95c38e2,2076bc0c0766b321c74d5f8119575e4f150080471efc192c3f068209a0ad4072
0.49609375,0.5580512881278992,0.46763571842049484,0.8379797957075463,0.0002456261427141726,0.9521160125732422,944.5406494140625,1637.0023193359375,0.0010587789583951235,1.0,1.0,0.0004876238526776433,0.018893105909228325,0.9237364530563354,0.04285808652639389,0.27733331517808424,0.9996487133871543,0.0003520305248561577,0.9607737674644593,0.04150304728595397,1.9004134023111339,1.897935625156794,1.9008986116341442,0.19008986800675168,0.021867468388188042,0.27733331422316254,-0.000911798273515341,-0.05031893381921666,-0.04940713554570132,1.9008986116341444,0.04150304732113324,,,,,,,0.19008986800675168,42,syn_diag,1006,5,0.5702350735664368,,,False,ebfb7d5f866ffe74256acb3968876c79acb807cb1b5d84200f8dd82ee9f4b39f,d63040577a6f777fc04178456001049a0c0b60e02be43564d35464629920c113
0.41015625,0.6587262153625488,0.44019644951083625,0.6682539928062486,0.0001477090991102159,0.28076520562171936,637.51708984375,1577.885498046875,0.001574212103150785,1.0,1.0,0.0005386643460951746,0.019289767369627953,0.9262586236000061,0.05005543678998947,0.4448237228666012,0.9993447363261436,0.0006561368736468815,0.895618141588655,0.04954325639825644,1.896094551855896,1.897935625156794,1.8967292475356803,0.1896729320695907,0.02610376018108487,0.44482372267886483,0.008498900843811651,0.1861418787681334,0.17764297792432174,1.8967292475356803,0.04954325636586327,,,,,,,0.1896729320695907,42,syn_diag,1007,5,0.4666139781475067,,,False,85504bf9efdd1236b7b37dee01678aba72eb3a958ec2992569fd64664befcb34,75156a1916b921c04666c73c84f551c83a247069227a16af85eece1c911dd0fd
0.4296875,0.6176424026489258,0.46127253448169797,0.7468278442357641,2.061401028186083e-05,0.2829950153827667,642.389404296875,2313.805419921875,0.001556718721985817,1.0,1.0,0.0005306822131387889,0.01950431428849697,0.9095399379730225,0.056417010724544525,0.33844693664355413,0.9995143988947549,0.0004865163995685337,0.9409854786534237,0.04429343365518098,1.89629028005514,1.897935625156794,1.89666775276447,0.18966678188053382,0.02333769020827481,0.3384469351302232,0.001546592692570627,0.045688329485777376,0.04414173679320675,1.89666775276447,0.04429343362648711,,,,,,,0.18966678188053382,42,syn_diag,1008,5,0.48857414722442627,,,False,47c01580159673ddf0fedc252cdfa8c8b26e8bdbdf1af48a491869191bc37fb5,b1bef2d58e71530ac955d4663a0e1bda2ed791add4867d400109f87cecc1b48b
0.390625,0.6675199270248413,0.4399284752919251,0.6590491701448631,0.0002759053313639015,0.2605593502521515,471.5755615234375,2063.658447265625,0.002127394312992692,1.0,1.0,0.0005213995464146137,0.019120611250400543,0.9333486557006836,0.04173744469881058,0.4170617105214544,0.9995109933571131,0.0004895760640282517,0.9088781709188974,0.037515616802148766,1.8912729691487462,1.897935625156794,1.8915585264280854,0.1891558593879238,0.019766538076880096,0.41706171292094996,0.0028285732666285387,0.08969343366063692,0.08686486039400838,1.8915585264280854,0.03751561685420878,,,,,,,0.1891558593879238,42,syn_diag,1009,5,0.397565096616745,,,False,41a6ec74fc596901dc1cdb11d8c33dec1c4b24a430bebbbe78dd8bdbf6d13071,4ed6a28f6d059732f726fb31373c44b28647e514bbea89e926a752f46b0c3351
0.4375,0.6149023771286011,0.460303773568142,0.7485801974003405,0.00024094947730191052,0.36204802989959717,1093.6376953125,1822.4970703125,0.0009149404941126704,1.0,1.0,0.000494921812787652,0.018318653106689453,0.9130165576934814,0.05471159145236015,0.4051090121296858,0.9994853735065597,0.0005153030790592619,0.9142683896150013,0.039707157203169904,1.902793924120671,1.897935625156794,1.9034633709589688,0.19034634503199663,0.02092123498649679,0.40510901186992837,-0.0017339629176014867,-0.042784748863650905,-0.04105078594604942,1.9034633709589688,0.03970715722571771,,,,,,,0.19034634503199663,42,syn_diag,1010,5,0.3970799446105957,,,False,2c6f7dedcac69ffb96998f7fc9ef597057e26ff81b340932d46448b2c07abec9,865c346050e54d4e015b9da80ccd7233c55867f3bde2f21cc52d9f641d41dbc0
0.4765625,0.6033239364624023,0.4534356716167822,0.7515625535542403,4.6067456423770636e-05,0.5935080051422119,970.7882690429688,1712.0286865234375,0.0010322335874661803,1.0,1.0,0.0005391247104853392,0.01981176808476448,0.9179816246032715,0.04675538092851639,0.48059058095359436,0.9993772456104141,0.0006234017871300683,0.8769450914760059,0.044163754778763255,1.8966993018769345,1.897935625156794,1.897128860944587,0.1897128924332342,0.02326936393066097,0.48059058187532533,0.0013249159207730072,0.13417609761028257,0.13285118168950957,1.897128860944587,0.044163754757634836,,,,,,,0.1897128924332342,42,syn_diag,1011,5,0.6118017435073853,,,False,6b51a28c94c3dd75662e4d127979021cee9cc8c74fad32018aa9636092b36685,49b30a78eb8bcf3abe180f7c7622abeec6da07bcaed66e9e06f311b27d0ed35d
0.4296875,0.6249898672103882,0.455436349010709,0.7287099964320776,0.0003604781231842935,0.41391998529434204,1169.65869140625,1846.222412109375,0.0008549574995413423,1.0,1.0,0.0004898697370663285,0.018238820135593414,0.9271615147590637,0.05144968628883362,0.5398199102328897,0.9993273409024874,0.0006732104940669909,0.8417805322580192,0.051419587315176644,1.8953664251640892,1.897935625156794,1.8959669225346962,0.18959669896665182,0.027092376913943866,0.5398199092385618,0.0018098930644694553,0.17824068156359327,0.1764307884991238,1.8959669225346962,0.05141958731926759,,,,,,,0.18959669896665182,42,syn_diag,1012,5,0.6287833452224731,,,False,1c68d473a6f552a935ea3875131fa7ef7c0ddf2104159b27885e117578eb90ae,3a44bc4569c23bf2ed4d78ec7b119fe22cfab361c197f62668dde3c83a8d3990
0.421875,0.6443926095962524,0.4449541252526611,0.6905016560567923,5.129102282808162e-05,0.2118571698665619,918.2779541015625,1670.9329833984375,0.0010905612725764513,1.0,1.0,0.0005374655593186617,0.019410494714975357,0.9241485595703125,0.04908064380288124,0.5775543082416846,0.9994780297420117,0.00052224284887239,0.8163522652620576,0.04041888247340984,1.902392658311649,1.897935625156794,1.9027953889322202,0.1902795459552358,0.021296234676057266,0.5775543094102028,0.003609351900323823,0.11531283239729008,0.11170348049696625,1.9027953889322202,0.04041888255840794,,,,,,,0.1902795459552358,42,syn_diag,1013,5,0.5513951778411865,,,False,ba14770c371aad3a2948d743d19329e0a9f15e104b9d6fb3a92ddb9c69298318,8a2686d651210119e2123a499d7fccb1032ff547e6bb0e490e236003d256f5c4
0.44140625,0.595657467842102,0.4692727795249626,0.7878232251834434,0.00013581401435658336,0.3565245270729065,997.73291015625,1661.4534912109375,0.001002711826004088,1.0,1.0,0.0005429292796179652,0.01950596645474434,0.9176859855651855,0.04382149130105972,0.34297143486144605,0.9996196804756965,0.00038086378853481774,0.9393458334517213,0.038387723664347465,1.8964044546741892,1.897935625156794,1.8967353014992898,0.18967353674353768,0.02022604094443715,0.3429714350925187,0.006773510178015511,0.18590707650350893,0.17913356632549343,1.8967353014992898,0.038387723628543514,,,,,,,0.18967353674353768,42,syn_diag,1014,5,0.6050052642822266,,,False,54f5c04ccb3fc6edab2fb1fe128e2f703e42bd136736aaec19979a8d624c0c6c,7c27b23cea46a87f80d3f2d74e94ca1b085eeefca8411dd2db5825a873fde465
0.4765625,0.5908522605895996,0.4582921133023994,0.775645815335777,4.230938066029921e-05,0.673879086971283,1122.13134765625,2589.478759765625,0.0008911748882383108,1.0,1.0,0.0005019800737500191,0.019038576632738113,0.9175940752029419,0.0513475127518177,0.6845107586965804,0.9992323531431081,0.0007679815933150582,0.7290027580257024,0.05436511983640108,1.897176240648269,1.897935625156794,1.897913463063576,0.18979135432687488,0.028644343420173256,0.6845107587756438,0.0059929857174242235,0.17128247304795607,0.16528948733053184,1.897913463063576,0.054365119862446375,,,,,,,0.18979135432687488,42,syn_diag,1015,5,0.7022613883018494,,,False,6e04ba7b3681b37c9494d814fb4ee60e8addfaa16cef51aa44484d1ca6f3f542,e6729b201014b9fa52cb81b01e055d75868ff7942f63d4ef7599894a9aa7592a
0.41015625,0.6549984216690063,0.4423340727230219,0.6753207649534578,2.513018625904806e-05,0.19015291333198547,979.7178955078125,2791.87255859375,0.001020731870085001,1.0,1.0,0.0005257949233055115,0.01893971674144268,0.9126123189926147,0.05907364934682846,0.6585978462368997,0.9993314690135687,0.0006688231659885232,0.7524951009189126,0.04502510902495278,1.8935701814684314,1.897935625156794,1.8942736064696957,0.18942736760687642,0.02372320137107358,0.6585978469755258,0.013117137521969939,0.43276010540419363,0.4196429678822237,1.8942736064696957,0.04502510912318933,,,,,,,0.18942736760687642,42,syn_diag,1016,5,0.6369533538818359,,,False,0a4d80adff93ce800b7507c53f86efaae3a4d8b38d134351215ec4ac501ec8d7,939eaef6de6cfc11a0a1f7408347f9cd6fd565dea81893f28089d2a8d0e44ca0
0.4609375,0.592913031578064,0.4606198146459233,0.776875804910064,0.00020490014867391437,0.467602401971817,1012.0689697265625,1604.023193359375,0.0009880752768367529,1.0,1.0,0.0005471915937960148,0.019780218601226807,0.9256225824356079,0.05101398751139641,0.08925731521164657,0.9998618531202177,0.00013935614351986262,0.9960086001789508,0.039075117282640695,1.9006061718645768,1.897935625156794,1.900900568172217,0.19009006357658778,0.020588220572229362,0.0892573164840164,-0.004335986818261246,-0.24456743947038317,-0.24023145265212192,1.9009005681722169,0.039075117292779626,,,,,,,0.19009006357658778,42,syn_diag,1017,5,0.5620818138122559,,,False,25aeb1b74ad78270ea4835e83c974d9348ad645598b75fec387cb6cb56e29e16,a265bc9814e5aa38fc66276160766708fdcbfff496844066b5b15dd5cc5b3bac
0.4921875,0.5624676942825317,0.4673790749372922,0.8309439196276326,0.00018754276970867068,0.8394597768783569,1204.821044921875,2722.8466796875,0.0008302002679556608,1.0,1.0,0.0005148877971805632,0.019685834646224976,0.928457498550415,0.05134178698062897,0.6872970729685075,0.9993507954651976,0.0006494402377208312,0.7263764406083482,0.05840017295511415,1.8963163009528594,1.897935625156794,1.8973533576198993,0.18973534211913493,0.03077036553874622,0.687297073240827,0.009585973328042804,0.37262106274391366,0.36303508941587087,1.8973533576198993,0.05840017296746852,,,,,,,0.18973534211913493,42,syn_diag,1018,5,0.8327363729476929,,,False,58465bf01271ebd540f74306b9fc1d4f3ab8092c9ab86672779d6014747dd7eb,c815a2579d248aa59ca8887dfc2a42df2b70dc1f3a2fd6503f942e1707cd4dc1
0.46484375,0.5997116565704346,0.46028072673736603,0.7675033490253468,0.00016281483112834394,0.6614367961883545,614.1567993164062,1539.0218505859375,0.0016323549207299948,1.0,1.0,0.0005083413561806083,0.019636256620287895,0.9180770516395569,0.04510783776640892,0.5724762736898805,0.9988881178654786,0.0011131544464842793,0.8199212864875881,0.05038095883707347,1.8960881110365688,1.897935625156794,1.8968051063996847,0.18968051828118884,0.026545135761854306,0.5724762739363101,0.004885720370585047,0.23758288417932308,0.23269716380873803,1.8968051063996847,0.050380958849244956,,,,,,,0.18968051828118884,42,syn_diag,1019,5,0.4480589032173157,,,False,252b16103226d3939ba4eab387a1026f4eb753e50018827723660829e9d23177,e8267c8aa75734cfa031d784594bb2754fe7dbf6323bd06a652bb0c6e712b8da
0.34375,0.6893782019615173,0.44115679868774793,0.6399343154607243,9.761398541741073e-05,0.09023281931877136,1180.62158203125,2319.139404296875,0.0008472905610688031,1.0,1.0,0.0005459620733745396,0.019571203738451004,0.9141809940338135,0.06289426982402802,0.5599418381085395,0.9995769728118616,0.00042322335500082813,0.8285319172413452,0.02859639018067165,1.9024329251354823,1.897935625156794,1.9026384488576944,0.190263853208752,0.015067102277662421,0.5599418378087901,0.005133431925531407,0.40968107823703687,0.40454764631150547,1.902638448857694,0.028596390210368465,,,,,,,0.190263853208752,42,syn_diag,1020,5,0.6833829283714294,,,False,3a9908635cb985db2e967a96a6f95b7e0fe452fc2c2438fa2a8c6216c208a85f,4a37e997abadf7aadadbfd76f629be07744c04c9bfa13d7e28002a090c46be9b
0.48828125,0.5759248733520508,0.4625280068016563,0.8031047589418274,5.723512003896758e-05,0.8086978197097778,1008.8104858398438,1778.9237060546875,0.000991470878943801,1.0,1.0,0.0005272066337056458,0.019893236458301544,0.9307205080986023,0.040742624551057816,0.7474998786226767,0.9986471125694767,0.0013536118713127435,0.6642619449019205,0.06214109179074327,1.8950519122507403,1.897935625156794,1.8959383244161647,0.1895938393680944,0.03274141175656412,0.7474998783892606,0.004888833890758731,0.1490468931253918,0.14415805923463307,1.8959383244161647,0.06214109170810766,,,,,,,0.1895938393680944,42,syn_diag,1021,5,0.676460325717926,,,False,837c5e6e6db731183aa92b2e58c4088436885e645d9b81a9e61c374c0a41bd93,099d62b207e5adf3b6d6a19ce3833a0fe1442183c3e8aec6112ee7225d079de8
0.4296875,0.6158812046051025,0.45680756048876825,0.7417137366791484,6.679982470814139e-05,0.1499766856431961,651.7025146484375,2455.488037109375,0.001535431481897831,1.0,1.0,0.0005608451319858432,0.01946866512298584,0.9119071960449219,0.0571775808930397,0.39078135776744677,0.9995342977603098,0.0004663057411218957,0.9204835307448118,0.034586442635336896,1.902634786018126,1.897935625156794,1.9029604406709126,0.19029605054424736,0.01822319059555109,0.39078135775071066,0.002496452832040854,0.1648938539670148,0.16239740113497395,1.9029604406709124,0.03458644262712371,,,,,,,0.19029605054424736,42,syn_diag,1022,5,0.5301384925842285,,,False,4cdc727168cb070dfdaf9c9ba9a8398a5df0e8943afac3372bcac925afe86d68,b4f931c420b8ed2a50aab247680423b020a6d3aeb66dc12adaf800dcad320adb
0.5,0.5656687021255493,0.4587450600398972,0.8109782699803572,9.9657365353778e-05,1.0010277032852173,927.8245849609375,2064.72119140625,0.0010781134478747845,0.9792231321334839,1.0,0.0005031720502302051,0.01939062774181366,0.9217061400413513,0.05156610533595085,0.6995773750844858,0.9991389061561542,0.000861481313755183,0.7145568530567336,0.05221154456886008,1.8948409769314323,1.897935625156794,1.89557398075535,0.18955740462181447,0.027509649893693956,0.6995773754069706,0.0074314415591356184,0.22773298606768783,0.22030154450855222,1.89557398075535,0.05221154449561545,,,,,,,0.18955740462181447,42,syn_diag,1023,5,0.586557924747467,,,False,a321c1cd94719e3ee590f4b447383e7f233e51ee757c85d03415f6b3aea7f648,d1eceb00ffe551d3b0cc28a2b44e90921fe4481d667a023861592c06dbc88f70
0.48828125,0.568382740020752,0.4654876211168972,0.8189686457725955,0.0002709456020966172,0.6725673079490662,838.40283203125,1975.8997802734375,0.0011929003521800041,1.0,1.0,0.0004935940960422158,0.019972970709204674,0.9261016845703125,0.05343170464038849,0.2897872548867666,0.9993641944986267,0.0006380271377572039,0.9570910859887963,0.07052258484403622,1.8992950862155331,1.897935625156794,1.9007301812698743,0.19007302561862946,0.03715752205145155,0.28978725551749746,-0.0033434407211144147,-0.07607612600196377,-0.07273268528084935,1.9007301812698743,0.0705225848134422,,,,,,,0.19007302561862946,42,syn_diag,1024,5,0.453174889087677,,,False,ab4ebfd8b4eb31fb11a9ca4e264311ce5a613a31e6a58cd382cd8bced68ded0e,e9f2cef0a2cde89d4f8b90b6a10dd440b3465152c580e2b636e08d8bd445f3f2
0.42578125,0.6357383728027344,0.448733074999367,0.705845516445712,2.087130633299239e-05,0.29376864433288574,853.482177734375,1712.127685546875,0.0011721933260560036,1.0,1.0,0.0005155830876901746,0.018823757767677307,0.9101284742355347,0.05851179361343384,0.7028464834816293,0.9991322848480931,0.0008681014507824299,0.7113415639709626,0.04072000949505597,1.899730298990629,1.897935625156794,1.900107743042972,0.19001078205979635,0.02145489496866919,0.7028464849263127,0.004192339852306653,0.047707409639322865,0.04351506978701621,1.900107743042972,0.04072000948740127,,,,,,,0.19001078205979635,42,syn_diag,1025,5,0.5346388816833496,,,False,a648139012919f89e0b35ea64366d128d49a72ca6806aee04ee76fda5d90f7a5,dffeecfe1f114ccb207bfaa61067cc9a1098d4893e429e3b820b2d98a49ffb63
0.3984375,0.6495282649993896,0.4563700460009211,0.7026176343569142,0.0001467867405153811,0.1684642732143402,1028.576171875,1918.5762939453125,0.0009722262620925903,1.0,1.0,0.0005722002824768424,0.019994419068098068,0.9330393671989441,0.042489420622587204,0.06581293806775806,0.9999333654737987,6.71528731044334e-05,0.9978319784057033,0.03697981826202392,1.8936744062656514,1.897935625156794,1.8940165932006627,0.1894016664859166,0.019484232116117967,0.06581293650884575,0.0021146766546850802,0.14889751276660032,0.14678283611191523,1.8940165932006627,0.03697981828795869,,,,,,,0.1894016664859166,42,syn_diag,1026,5,0.6473042964935303,,,False,d83a2625cab8fae6b02052b7902d4cf8bfc1e5fb721b188a11a261e088f06f22,ad2cc238c804d0a1cf0a4b0f8e15e5f68abfc22c31f8a76e7d33a28b52047b9d
0.453125,0.5852333307266235,0.4706524923068249,0.8042134385357099,4.7973342589102685e-05,0.382879376411438,1067.524658203125,1823.644775390625,0.0009369374602101743,1.0,1.0,0.0005422777612693608,0.020102135837078094,0.9106694459915161,0.05071640387177467,0.7941151424258543,0.9988720069251963,0.0011283663836290417,0.6077673408119735,0.06002357488184291,1.898489573382953,1.897935625156794,1.8995041185421178,0.1899504182677768,0.03162571695594394,0.7941151425177072,0.010590886212596714,0.3680524769505221,0.3574615907379254,1.8995041185421178,0.0600235748460647,,,,,,,0.1899504182677768,42,syn_diag,1027,5,0.6026277542114258,,,False,19b0c62a35f2da4c7ed367f634379ae7b7788b07e74fd6de21ccc91a992e26f1,e96cb41b3d7c1977c862ff3f82183da8849bf4c97dd46e4a5809ccc249a98cba
0.47265625,0.5844022035598755,0.46270235643299706,0.791753316646521,6.363299326039851e-05,0.8758825063705444,970.9676513671875,1880.8455810546875,0.0010320321889594197,1.0,1.0,0.0005176985287107527,0.01957644335925579,0.9246137142181396,0.05165829882025719,0.6316958572179133,0.999008632457201,0.0009921094504228478,0.7752163207426559,0.04300920292013147,1.8963548713980514,1.897935625156794,1.8968718527029491,0.18968719246630078,0.022661044110258318,0.6316958571949371,0.0031616231752292887,0.23775855907746218,0.2345969359022329,1.8968718527029491,0.043009202931991716,,,,,,,0.18968719246630078,42,syn_diag,1028,5,0.49915921688079834,,,False,a7975d421c5ca876e3c414e276d1dd6203d8e9b3d93c5723856baf542f0c3cb4,ee2a0ec13e3bd1a4aa24b783ba22bfaf3df26e2fe6675fe67d4843a533a21806
0.44921875,0.6062349081039429,0.45873962243939104,0.7567026878732329,0.00012574944412335753,0.4825729727745056,918.7435302734375,2111.141845703125,0.0010889132972806692,1.0,1.0,0.0005293587455525994,0.01923453062772751,0.9287545084953308,0.0464957170188427,0.6060511221208934,0.9992798747458953,0.0007205727812208484,0.7954256956798148,0.04473161326476854,1.8975190815517664,1.897935625156794,1.8981088277539122,0.18981089026687162,0.02356856190053841,0.6060511217123098,0.0031980292610725674,0.11230276553399089,0.10910473627291832,1.8981088277539122,0.04473161328073951,,,,,,,0.18981089026687162,42,syn_diag,1029,5,0.5306617021560669,,,False,10c880e37202b793b2293e09ec7ffb1d1d77d6afcd1930383fff97edbe51bb9e,ac2a946dc3d88bbdf0ecce15f078b62d3afb3b1c2681b1ef275fc75392ac8571
0.4453125,0.5973142385482788,0.468396919918753,0.7841717111201018,3.516361175570637e-05,0.449617862701416,1151.69189453125,1876.8226318359375,0.0008683939813636243,1.0,1.0,0.000499253161251545,0.01922352984547615,0.9101541638374329,0.05624167248606682,0.0989703956802891,0.9999078070832645,9.26266235284526e-05,0.9950903781730568,0.04278270804056655,1.9010650892889207,1.897935625156794,1.9014676709101805,0.19014677490087786,0.022541706617161792,0.09897039394201998,-0.003191996672939418,-0.3048929839366272,-0.3017009872636878,1.9014676709101803,0.042782708048968575,,,,,,,0.19014677490087786,42,syn_diag,1030,5,0.5288431644439697,,,False,792cd290d093fa40c7d81d3021b218f184beeac9de27fcd34977b4d43ede0969,85fa50572d1182a01ed618c5a5305234f2e39e33665edb3289fa7fb163a58d0d
0.4296875,0.6257067918777466,0.4560096822705511,0.7287913503586556,4.402789636515081e-05,0.23094138503074646,1010.1900634765625,2819.593017578125,0.0009900168515741825,1.0,1.0,0.0004815736028831452,0.019005607813596725,0.9174679517745972,0.05508110299706459,0.5567145209763329,0.999328603667587,0.0006718992507478817,0.8307038835253057,0.04590128278969382,1.8957178333180167,1.897935625156794,1.89631605123057,0.1896316121125172,0.024184847041836623,0.5567145220844468,0.001830443844575825,-0.09082667180238901,-0.09265711564696484,1.8963160512305701,0.0459012828289028,,,,,,,0.1896316121125172,42,syn_diag,1031,5,0.4917964041233063,,,False,c8ad365eb6d6c5300469e14b199568bf535bb426fd61bfce5033273a541db2a8,e15d59e16d21393286b57b4844f7b7a7aa6674e78609e5874b7d1a81d8b5ce57
0.38671875,0.6511715650558472,0.45393525420443565,0.6971054589596811,3.79899975087028e-05,0.14113637804985046,786.0843505859375,1561.64794921875,0.0012722037499770522,1.0,1.0,0.0005452611949294806,0.019154826179146767,0.9174709320068359,0.055920619517564774,0.3347375204192884,0.9996559819871161,0.00034448839283580826,0.942311409443023,0.03112888480405709,1.8955468421040393,1.897935625156794,1.8959161144446286,0.1895916182368287,0.016401443964396335,0.33473752012571456,0.0010350557958038779,0.04566205922514164,0.04462700342933776,1.8959161144446286,0.031128884790672922,,,,,,,0.1895916182368287,42,syn_diag,1032,5,0.48583340644836426,,,False,19db2b548e585da1a8fdf57f633bbac1b3f75d0ca6cd35b207055c3de2cc734e,397faf26299806b49a22b7bb7eeac38f51cb06882906faa25b6fcaa527c0cd63
0.46484375,0.5846242904663086,0.4677980560977645,0.8001686258694751,6.183382356539369e-05,0.701473593711853,1075.548828125,1692.570556640625,0.0009297858341597021,1.0,1.0,0.0005324546946212649,0.01944693550467491,0.930706262588501,0.04572366923093796,0.47071494034893374,0.9993856303308722,0.0006150345413888618,0.882285353438834,0.039302871317050264,1.8969671885852688,1.897935625156794,1.8973925715014544,0.18973926382621373,0.020708221499231634,0.4707149404505023,-0.0015438088806043343,-0.09348740486475486,-0.09194359598415053,1.8973925715014544,0.03930287128788827,,,,,,,0.18973926382621373,42,syn_diag,1033,5,0.7657848596572876,,,False,cd0093b1a0a83e0a6281588a7c517af5e5e6d0b85f32171b7a5b2852a256043a,d101ab7ac745688b8504a6a9ffd49082c0113717571cd569dd93fa6179e00fe5
0.40625,0.6362745761871338,0.4589238904435745,0.7212671020621482,3.0378894734894857e-05,0.2163347452878952,1057.084716796875,1679.5413818359375,0.0009461474255658686,1.0,1.0,0.0005305218510329723,0.01942290924489498,0.9203035235404968,0.052771151065826416,0.7695517552557707,0.9989705111540694,0.0010298543818262004,0.6385844470116279,0.04629830292506576,1.895109670976213,1.897935625156794,1.8957856889403881,0.18957857590612956,0.024394032290329406,0.7695517551167189,0.00431454175064855,0.16983490897936307,0.16552036722871452,1.8957856889403881,0.046298302949416156,,,,,,,0.18957857590612956,42,syn_diag,1034,5,0.6176429986953735,,,False,6e327dc6d3df292c2ccf6847be44df9a6d4aeb3a12642f0cf1fda9a323fac741,91e95af4929c304f077d2a69ba0a9f6fb7d03a9723a0aff67b3322e6053d35b0
0.46875,0.6032263040542603,0.45910681647240065,0.7610855321732263,0.00015070196241140366,0.6052030324935913,626.4745483398438,1903.707275390625,0.0016012894921004772,1.0,1.0,0.0005112359067425132,0.01944868080317974,0.9275192022323608,0.05014172941446304,0.15840489268965924,0.9996909464817052,0.0003109322404574104,0.9873742400591449,0.04923296802280563,1.9019031275982294,1.897935625156794,1.9024812123493777,0.19024812839930172,0.025940272878703357,0.15840489323886636,0.0007062587383822661,0.012210325567278022,0.011504066828895756,1.9024812123493777,0.04923296801521486,,,,,,,0.19024812839930172,42,syn_diag,1035,5,0.42610621452331543,,,False,a74534ef2e4e1766f88d2478e8efae0d1b0f9a3d6b083f33329d9bba65f4ab47,eccfec55b7f46bdc6de21854317bbf0a95c3409bff4f8beed7c0366e86f53ef5
0.41796875,0.6363004446029663,0.4473824572190439,0.7030993784111089,0.00015075504779815674,0.27670639753341675,834.5575561523438,1794.786865234375,0.0011986871249973774,1.0,1.0,0.0005259516183286905,0.01941213384270668,0.913671612739563,0.05480332672595978,0.5186172511492957,0.9992099856841666,0.000790864989600315,0.8550065185579012,0.043198122762333466,1.8944684245611754,1.897935625156794,1.894949959964661,0.18949500333305117,0.02276058375728206,0.5186172528220543,-0.0005828600830319745,-0.04318122236261023,-0.04259836227957826,1.894949959964661,0.0431981227603693,,,,,,,0.18949500333305117,42,syn_diag,1036,5,0.40651774406433105,,,False,4c7b9cf6cbdb6f3326d9d0214f91c3ab56779cff04b55a618e764ef349208064,e8c6f8958317726fa0f9fa59055a3cd1967156ddcdf5f0b437d398866de45780
0.3984375,0.6722138524055481,0.4363298422875742,0.6490937732665927,1.592966145835817e-05,0.3002711534500122,403.33172607421875,1670.18896484375,0.0024811793118715286,1.0,1.0,0.0005316965980455279,0.01943019963800907,0.913657546043396,0.05159159004688263,0.5184039320835273,0.9993907141361846,0.0006097920753157396,0.8551358740929575,0.03692181337975458,1.8926618453285524,1.897935625156794,1.893161186770266,0.18931612555177638,0.019453670024601022,0.5184039316585413,0.001086326632538901,0.03354788976512295,0.03246156313258405,1.8931611867702662,0.036921813383788554,,,,,,,0.18931612555177638,42,syn_diag,1037,5,0.32733726501464844,,,False,8930fbe2edf2010b5a394815ba08ee69f81384dbbf0899f8110058e51b4fd7c0,9606ec4be2497ad9f02a9d91d007efb912226e0d9391c6f53be8e170c09c8079
0.421875,0.6354886889457703,0.45066540242225656,0.7091635336715963,3.249714063713327e-05,0.3251965045928955,636.317138671875,1635.2347412109375,0.0015715435147285461,1.0,1.0,0.0005414430052042007,0.019479308277368546,0.9334132075309753,0.04656606167554855,0.04577402392022782,0.9999180031113568,8.366387809564047e-05,0.9989518200041666,0.044835920026019875,1.900707735968053,1.897935625156794,1.9013583264200933,0.19013583968313957,0.0236235199085281,0.04577402250039354,2.450245197982757e-05,-0.04428633104790368,-0.044310833499883504,1.901358326420093,0.04483592009609554,,,,,,,0.19013583968313957,42,syn_diag,1038,5,0.4137129783630371,,,False,a2f118d77fccbc6174ec5a768d36b5e647be979f60dc0e9224da19cd4f6932a1,2e69cde7997d60b061fc1551654bdc02f0b992a67bd8c756adc448f1dcc319c7
0.421875,0.6399727463722229,0.44856327742709967,0.700909967340376,0.00010389559611212462,0.2892912030220032,403.0970764160156,2054.98388671875,0.00250119692645967,1.0,1.0,0.0005330597050487995,0.01979057490825653,0.9171336889266968,0.058497071266174316,0.4438393471667225,0.9992782436986021,0.0007228219499205006,0.8961063741958415,0.049876168206088804,1.8995699048898627,1.897935625156794,1.9005318923953216,0.1900531954825261,0.026279167504399473,0.4438393471499566,0.0026636068421124815,0.17713592668185438,0.1744723198397419,1.9005318923953216,0.04987616825972069,,,,,,,0.1900531954825261,42,syn_diag,1039,5,0.41864287853240967,,,False,4f05d3d8bd43d81d18bff5090b10ff43b4de159ca0dcf762acf98c8ecac78582,dfa685083cff00459ab62d4265ca02fe4b1c48e848f01f76c69b585266dc69b4
0.4375,0.6189283132553101,0.4527937571239952,0.7315770349612696,2.6902678655460477e-05,0.25387072563171387,1207.096923828125,2371.9208984375,0.0008284673094749451,1.0,1.0,0.0005182383465580642,0.01857522502541542,0.9051092863082886,0.05850369855761528,0.4171952995458824,0.9995899747108778,0.00041042513259290884,0.9088168583408167,0.05106452827759295,1.896862506146983,1.897935625156794,1.897664158030951,0.189766421491441,0.026905300475271624,0.41719529959043555,-0.0011696924960229802,0.020349829971599603,0.021519522467622582,1.897664158030951,0.05106452828275973,,,,,,,0.189766421491441,42,syn_diag,1040,5,0.5787938237190247,,,False,069dda5c59c96b7e97f20116f0af9a33d4ab6306d6071183517261084367898c,48cda5f909291c52ed9579ffb7485bba5dd0a3b49c0c995e0c8ab4ca6bbcd2f1
0.4765625,0.5940141081809998,0.4549529848611105,0.7658959481100936,3.391778955119662e-05,0.6132724285125732,449.52801513671875,1687.54638671875,0.0022302705328911543,1.0,1.0,0.0004890640848316252,0.01938043162226677,0.919236958026886,0.04925145208835602,0.5157750796225378,0.9993847396280073,0.0006157837977476035,0.8567240321180136,0.046136731982324514,1.8950676184028379,1.897935625156794,1.8955333678934756,0.18955334421968745,0.02430890245736797,0.5157750807714281,0.0026964558725208823,0.148102304232425,0.14540584835990414,1.8955333678934756,0.04613673194403065,,,,,,,0.18955334421968745,42,syn_diag,1041,5,0.4708293080329895,,,False,5009e0f387a18ca5b400f588404ed1accee85557927483849fde9e4e771fa5a1,d4ad3eda875764cb419f3f8f3482e970525cb37ee11ab991a2d80caf7db93e10
0.4140625,0.6413222551345825,0.4491607722586336,0.7003667670310283,0.00026002663071267307,0.26347440481185913,550.8718872070312,1808.6580810546875,0.0018155495636165142,1.0,1.0,0.0005076088709756732,0.01913154311478138,0.9166126251220703,0.0524476133286953,0.2851983811708308,0.9995883123330852,0.0004126496636706798,0.9584685093120119,0.0528761392165476,1.9041712106392061,1.897935625156794,1.905048689912652,0.19050487541581013,0.0278598170115235,0.2851983805056132,-0.003273348634635215,-0.18179348095029316,-0.17852013231565794,1.9050486899126517,0.05287613924128586,,,,,,,0.19050487541581013,42,syn_diag,1042,5,0.4163687527179718,,,False,eb00d2e60439c3af3067c4ec9e8eb9ff726c666410d4ab5889e5c7a74be89bc6,3424f38aa2b40181d5cf771ee230d8b99f4bb64cff3e4a522ba9663b9a6c6b6e
0.41796875,0.6430533528327942,0.4488200828871624,0.6979515581445074,0.0001755324483383447,0.4092133939266205,1244.11767578125,1777.6341552734375,0.0008038612431846559,1.0,1.0,0.0005223006010055542,0.018982505425810814,0.9129092693328857,0.049782074987888336,0.3571001815475474,0.9996633628597266,0.00033702584315426566,0.9340660898925716,0.03387543285009351,1.895211921759679,1.897935625156794,1.8954744874042533,0.1895474556451937,0.017848567886635837,0.35710018373015556,0.0042302261752766085,0.21818392490536628,0.21395369873008968,1.895474487404253,0.033875432834935264,,,,,,,0.1895474556451937,42,syn_diag,1043,5,0.699029803276062,,,False,502cfa22591173b58551186a58b9dabad8765adac24aeb47effc8993da6e5ce8,12a482ac55a7788043c3d91a2247b26ad5631094b6e1c5ec22348842d6930c89
0.45703125,0.5977867841720581,0.4633228409230588,0.775063689853588,5.2632072765845805e-05,0.4596050977706909,1069.1300048828125,1887.8634033203125,0.000941137783229351,1.0,1.0,0.000494903651997447,0.01941150426864624,0.9120809435844421,0.06041887775063515,0.327845910611391,0.9996271323617776,0.000373446889166265,0.9447312098434939,0.04147751673330475,1.8964939745254483,1.897935625156794,1.8968339460742183,0.1896833998666499,0.02185401663971417,0.3278459092844909,0.002889617260057681,0.03977979149549,0.03689017423543232,1.8968339460742183,0.0414775168091988,,,,,,,0.1896833998666499,42,syn_diag,1044,5,0.554439902305603,,,False,62c1f4f338986e1b0adc81d9a0ccb951b7256f905f04e05c0e5f19d3fdc55807,c07711cd9c76b9d305ff8349e486a35340270141ed746121006d553916105579
0.42578125,0.6254603862762451,0.45453071802751854,0.7267138918278075,0.00011919022654183209,0.36680901050567627,777.1978759765625,1587.342529296875,0.0013011267874389887,1.0,1.0,0.0005124278832226992,0.019172251224517822,0.9063183069229126,0.05931136757135391,0.5621737253213454,0.9993683943998218,0.0006320381350087888,0.8270191669615429,0.03741978468230517,1.9021844673295747,1.897935625156794,1.9026898613596257,0.1902689936967849,0.01971604525795973,0.5621737260755342,-0.0035850219463368378,-0.041278139991922355,-0.03769311804558552,1.9026898613596255,0.03741978469099993,,,,,,,0.1902689936967849,42,syn_diag,1045,5,0.5692235827445984,,,False,dfe3508499494c8b037a29a56099e7aa58591743a6895bce79b6fe86b9054632,3cef8b8634071c86506391e94246fa5ab46026c31de12cf2fe439334753c868e
0.46875,0.5991760492324829,0.4587568347553035,0.7656462098454923,0.0001456019381294027,0.35998767614364624,1160.6505126953125,2140.0283203125,0.0008615914266556501,1.0,1.0,0.0005006656283512712,0.018234577029943466,0.9210200309753418,0.05414539575576782,0.5621708035307469,0.9992668697342617,0.0007337132246969205,0.8270211530743478,0.054346372310575854,1.8977912551901126,1.897935625156794,1.898598033127615,0.18985981041866876,0.02863446556890332,0.5621708038000611,0.00956335097581963,0.39963320546062286,0.39006985448480325,1.898598033127615,0.05434637229416998,,,,,,,0.18985981041866876,42,syn_diag,1046,5,0.6371914744377136,,,False,c2dd50024549e98b76e4c2c58ca34684defd58346de789648f1f3e4a09dc9f70,a01e588cfd38df640b242a9481f08818b581f40c1ee2399b2645f9df4bbe03fb
0.4375,0.5964711904525757,0.4710245395255825,0.7896852866610804,0.00013715556997340173,0.3926398754119873,870.7672119140625,2856.04443359375,0.0011484744027256966,1.0,1.0,0.0005386233679018915,0.019195962697267532,0.9183254837989807,0.04994964599609375,0.4781360206507609,0.9994188313713697,0.0005817399087225379,0.8782857995650285,0.03989205539560048,1.8988535660605632,1.897935625156794,1.8992937048797955,0.18992937753389447,0.021018655673468303,0.4781360205947421,-0.003583443816762643,0.004780230697505249,0.008363674514267892,1.899293704879796,0.03989205538574932,,,,,,,0.18992937753389447,42,syn_diag,1047,5,0.5476685166358948,,,False,bfc76a04a216b17a3f97fa5b08ac0409b5cb8894acc4f9be005ad637faaf2740,ce1a2851a2e2ccdd32bac054321c20d1140f3b61597f606ffc16228e2a308055
0.44140625,0.6231933236122131,0.452811090584732,0.7265980782604028,0.00017151649808511138,0.28456878662109375,820.11865234375,1930.8345947265625,0.0012193918228149414,1.0,1.0,0.0005308296531438828,0.01914507895708084,0.9136915802955627,0.046752557158470154,0.5097123053103944,0.9995015622974437,0.000498792288070773,0.8603449109414103,0.04571901118578052,1.9000654893124538,1.897935625156794,1.900559589414493,0.1900559650550641,0.024088810273519917,0.5097123050997389,0.005368020411298645,0.33125084201288274,0.3258828216015841,1.900559589414493,0.04571901119729719,,,,,,,0.1900559650550641,42,syn_diag,1048,5,0.5476572513580322,,,False,9d3acc31f2c2127a7b2e913eba2ca9135a3ac631a1cf7131b5a0892a397eeb0f,6de90c6fab2bebf64c054eb9f32518ecc4f37bf7d59f9703d6bfc2cd8b57963a
0.41796875,0.6392520666122437,0.44771187677525115,0.7003682518804888,4.336160054663196e-05,0.2146570086479187,877.5869140625,1869.098876953125,0.0011400756193324924,1.0,1.0,0.0005260384641587734,0.019141817465424538,0.9084343314170837,0.060242220759391785,0.6910198535033393,0.9990215214210083,0.0009790034613014831,0.7228357780595609,0.04916863509378382,1.8978858131398355,1.897935625156794,1.8985009869251723,0.18985010551702589,0.025906376613640914,0.6910198537075614,0.008002463726266392,0.317204955198113,0.3092024914718466,1.8985009869251726,0.0491686350867898,,,,,,,0.18985010551702589,42,syn_diag,1049,5,0.47906234860420227,,,False,53afbaf18a58090127bec61bdd2b333eb464e31a7d0dd19e8d00ad968ee3f683,19ba969ee586f2a16269f144f19c1660293d928c5b9c68748f529e2f15854fdd
0.46875,0.5914776921272278,0.45913032933239994,0.7762428547184268,3.3053147490136325e-05,0.5280568599700928,1014.025390625,2686.96142578125,0.000986203784123063,1.0,1.0,0.0004979196237400174,0.019147716462612152,0.9245132803916931,0.04945950582623482,0.756973305135514,0.9991388039082588,0.0008614728403213484,0.6534458013462562,0.05631229881741032,1.8944213171056536,1.897935625156794,1.8952599278294735,0.18952599838585554,0.029670289166276922,0.7569733050545716,0.010738658421894604,0.30598424229936094,0.29524558387746636,1.8952599278294737,0.0563122987978185,-14.007626323098481,0.06974579655586075,2.6948541530724497,286.10784912109375,0.5105611085891724,0.5086044073104858,0.18952599838585554,42,syn_diag,1050,5,0.5237797498703003,,,False,8843853a7f4f4241dc6e464c0337bfec762a69eda49ed15917c2ecff8e14692f,c3e80367f9b39f07aa26c3cbde0bc1345353520b25666ab74d1e66f7bdddd0e2
0.453125,0.6092471480369568,0.4606289335255399,0.7560625168846231,3.7705023714806885e-05,0.5615618228912354,1016.9690551757812,2166.911376953125,0.000983811216428876,1.0,1.0,0.0005455762147903442,0.019973568618297577,0.9306825399398804,0.037078648805618286,0.44329457129346866,0.9996275360149569,0.00037274814207286357,0.8963759942228589,0.03761557198310628,1.9002302663661936,1.897935625156794,1.9006479554284472,0.1900648021459766,0.019819203288298528,0.44329457168358555,-0.0027752966687923882,-0.06320262122663364,-0.06042732455784126,1.9006479554284474,0.03761557197925462,,,,,,,0.1900648021459766,42,syn_diag,1051,5,0.6141629219055176,,,True,ea2ba38c7b5d37b928a8c0b177c5b6f1f102c8745d14fc206f01d896ffae033c,04563d4a776b58bd750606747f40e773c36b179fe06e04ad4115d83296bf22b9
0.390625,0.6444109678268433,0.4575510551274322,0.7100298985664169,2.5647719667176716e-05,0.1813892126083374,1069.33935546875,1718.3175048828125,0.0009354195790365338,1.0,1.0,0.0005609741201624274,0.020553771406412125,0.9289522171020508,0.03544148802757263,0.7037796807484638,0.9990814316840757,0.0009189989953130224,0.7104182999783129,0.046916744827271,1.9042997262169916,1.897935625156794,1.9048873391355683,0.1904887410818287,0.02471988206837645,0.703779680653584,0.009875146064574325,0.41293241369293876,0.4030572676283644,1.9048873391355683,0.04691674483260249,,,,,,,0.1904887410818287,42,syn_diag,1052,5,0.4628937840461731,,,False,8f33a15386e89a3b8bdd5a59509a918f5143db86fa9e7edf170d7f93f30cdc00,de441c60c58a45bcd13f84d3ee8183a0221c0bd10e502e5b5e644bd32278a9c8
0.4453125,0.6028663516044617,0.46242662960356934,0.767046671891401,0.00016749260248616338,0.42329034209251404,727.7188720703125,1638.2843017578125,0.0013831823598593473,1.0,1.0,0.0005282248021103442,0.020544057711958885,0.9428253173828125,0.028337683528661728,0.13491046588566274,0.999771169329247,0.0002302610194134598,0.9908577930978051,0.03786279762112667,1.8929447396491093,1.897935625156794,1.8933808222589459,0.18933808964363302,0.019949463574655626,0.13491046621500602,-0.0006270116704248896,-0.08292238801002032,-0.08229537633959542,1.893380822258946,0.03786279762306719,,,,,,,0.18933808964363302,42,syn_diag,1053,5,0.35319089889526367,,,False,6e7fdd2b586014536f232a85668d279ff78febfe091c7e685123046335cb7551,9faa7f90198d05b802f9b325d11c19478fe4487286e4c3bedb49f448a574686e
0.3984375,0.6453060507774353,0.454820303219746,0.704813302057528,2.7688045520335436e-05,0.2305063158273697,854.843017578125,1918.0439453125,0.0011698731686919928,1.0,1.0,0.0005433816695585847,0.02004113793373108,0.9188686013221741,0.035359080880880356,0.47942561917804627,0.999165224849023,0.0008359468706956299,0.8775825178543711,0.047940372303287994,1.9048523646567548,1.897935625156794,1.905535772690298,0.19055358491502644,0.0252592193685717,0.47942561861686905,0.002114778004068724,0.11332466599194706,0.11120988798787833,1.905535772690298,0.04794037231710422,,,,,,,0.19055358491502644,42,syn_diag,1054,5,0.42450353503227234,,,False,2a6d57f09b6dd57487d54eb3224931f858dc0e1cb3b78f66173eadad0eeaac6c,bf0a0b484f9335c3e9c4a662f4a899f64771c27a4a3263b5b7359e5b5cd29ebf
0.4375,0.6144598722457886,0.4602252455740009,0.7489915734414052,0.00015540924505330622,0.23576346039772034,956.30712890625,1798.21142578125,0.0010458437027409673,1.0,1.0,0.0005699700559489429,0.021284472197294235,0.9479742050170898,0.02692113257944584,0.57227148682184,0.9991468982204875,0.000853850977311643,0.8200642324528296,0.06038954192952315,1.8953343469366408,1.897935625156794,1.8963161355983715,0.189631620655174,0.031818540697081,0.5722714865563745,0.006722495793151577,0.1732863726428119,0.16656387684966034,1.8963161355983715,0.0603895419125299,,,,,,,0.189631620655174,42,syn_diag,1055,5,0.494522362947464,,,False,ecbb49a02a778428b24f948931f10623dd9d31a205f6a54d109c03b69dcbdf09,73253fb876729bc0ef0b98209a71e1c49b01f67f41edbd119808851315b3da5e
0.3828125,0.6757681369781494,0.4337561597524097,0.6418712585820955,2.033505734289065e-05,0.17407982051372528,317.2261962890625,1760.0201416015625,0.003155682235956192,1.0,1.0,0.0005461651599034667,0.019708827137947083,0.933551549911499,0.03220410645008087,0.49127039723020177,0.99935960134115,0.000641044948965315,0.8710071163690747,0.03821075224267001,1.893584946132362,1.897935625156794,1.8939698751051766,0.18939699522265294,0.020132796779918798,0.49127039675831496,-0.00043193048735944487,0.023304044800428456,0.0237359752877879,1.8939698751051763,0.0382107522262171,,,,,,,0.18939699522265294,42,syn_diag,1056,5,0.3195044696331024,,,False,94265d509cd0d762e8d9b2654f472e10a5dfd450d24297210b8443cf7243cf77,288c8dd74bb22214ffb142edbbda0087ee4b9cf92d1c13a61dc8412e9eace446
0.46875,0.5940515398979187,0.4632294035711501,0.7797798200999472,6.29513306193985e-05,0.6195000410079956,994.5323486328125,1934.0848388671875,0.001006297068670392,1.0,1.0,0.0005144092720001936,0.019654568284749985,0.9409712553024292,0.03029683418571949,0.6030688177373285,0.9992769342424505,0.000723524030022859,0.7976891631730897,0.043707168866678456,1.8969382799848187,1.897935625156794,1.8974821671528628,0.18974822284845821,0.023028794173693138,0.6030688171465295,0.0035185934813698506,0.19344680053804444,0.1899282070566746,1.8974821671528628,0.04370716890286995,,,,,,,0.18974822284845821,42,syn_diag,1057,5,0.47560441493988037,,,False,296cfaad6cec0d3da53f927954fa534739b2218ee6dd0039961eeaac25a3dacd,086e42ce10e17e480406c44e670ca16e45e40a704ca54c7a1502693eea990b5d
0.421875,0.6313308477401733,0.451279172116315,0.7148061076907533,1.5148782040341757e-05,0.3334053158760071,749.0611572265625,2036.59130859375,0.001336591551080346,1.0,1.0,0.0005157763953320682,0.01932801678776741,0.9316784739494324,0.0340208075940609,0.6323923320016621,0.9991948838153055,0.000805603487012058,0.7746482675386197,0.04817081074818135,1.8962085535692164,1.897935625156794,1.8967804352638074,0.18967805104739788,0.025380634679944128,0.632392332237028,0.011137803476695888,0.39750367701066625,0.38636587353397034,1.8967804352638074,0.04817081073794642,,,,,,,0.18967805104739788,42,syn_diag,1058,5,0.4500097632408142,,,False,0374827e117a79b809efc69e8419c0150838f2d27684bf1d429551080ba12f43,0288a347bdca3fa84186c3956c47bad188008c39101355fa64c86b7cc69c5b6c
0.39453125,0.6411996483802795,0.46081725195767526,0.7186798245287027,3.230306174373254e-05,0.17726467549800873,849.8721923828125,1996.13916015625,0.0011770410928875208,1.0,1.0,0.000542191497515887,0.020700231194496155,0.9412163496017456,0.02818235009908676,0.7639559271247828,0.9991452487112104,0.0008550122826695704,0.6452684258463092,0.04974556591189422,1.8959461114201157,1.897935625156794,1.8966500308752032,0.18966500960902474,0.02621035468879951,0.7639559271259138,0.0029023890559721913,0.10816737612345677,0.10526498706748458,1.8966500308752035,0.04974556591895164,,,,,,,0.18966500960902474,42,syn_diag,1059,5,0.5754265785217285,,,False,c722f7ce5cd113d50ad15da637fe9dcf869b040a32fb7295f9bc62382c43046d,3ba2e54438e5c9044158f41c2217791834c7307341477ec2dfc6b9fe0951a807
0.4375,0.6270543336868286,0.45393583588896,0.723917834361353,0.0001606280420674011,0.2201734036207199,870.3414306640625,1708.2469482421875,0.0011490401811897755,1.0,1.0,0.0005522462306544185,0.020632794126868248,0.9407937526702881,0.025773823261260986,0.6487381445716194,0.9986037802000423,0.0013975655526672803,0.7610117080299126,0.06042809168954801,1.8908285340058535,1.897935625156794,1.891788565175053,0.1891788641545557,0.031838852113081566,0.648738145040365,0.00908205101104804,0.23582834627385382,0.2267462952628058,1.8917885651750532,0.06042809169625338,,,,,,,0.1891788641545557,42,syn_diag,1060,5,0.4827290177345276,,,False,5a9b743bdc9d37bce9a34896f2c87650280fefae08cd704e38054ee30cc42799,96bca7a2370407991a833f7f896f369724082b6c362f34373fbc9c38275e880c
0.4921875,0.5542810559272766,0.4742138953033713,0.8555477510387797,0.00019783276366069913,0.8142945766448975,1000.2273559570312,2079.663330078125,0.0010001063346862793,1.0,1.0,0.00047395110595971346,0.019310932606458664,0.9434750080108643,0.031415484845638275,0.8005837559989112,0.999004312853147,0.0009959652791153145,0.5992208688080544,0.04604543845556921,1.8939102830016457,1.897935625156794,1.894283200961014,0.1894283266626482,0.024260800969864823,0.8005837558984883,0.011121413227424283,0.5481382048037077,0.5370167915762833,1.894283200961014,0.04604543847512386,,,,,,,0.1894283266626482,42,syn_diag,1061,5,0.48675253987312317,,,False,ac0a675c2a87766cbb64c0346241328f410b4e52c32fd93510f9b5f6695c9a53,a1569b237dcf34ed068104a07d2199f671bf49459f01afd403c23b3025bbc30b
0.453125,0.6093417406082153,0.4537918304305607,0.7447246679388649,0.00021124377963133156,0.31992846727371216,950.5951538085938,1816.087890625,0.0010521230287849903,1.0,1.0,0.0005470314063131809,0.020860664546489716,0.9460375308990479,0.026814334094524384,0.46391578026347785,0.9993906390358155,0.000610039889728425,0.8858793082514443,0.045532744506786973,1.8967140362747197,1.897935625156794,1.8972249105291743,0.18972249834216737,0.023990668547043785,0.46391578045147863,0.0063354038342724765,0.43802381207208185,0.43168840823780935,1.8972249105291745,0.04553274451446345,,,,,,,0.18972249834216737,42,syn_diag,1062,5,0.47947248816490173,,,False,aa40b8b5f29ef229e33d189525eb3ba18f0a0a143e4e316d84460f5d9006d46a,6eb232e2233a4311596e9fa394cc2ddce7e6c55e8c33cf700a02937250b6add4
0.453125,0.6145812273025513,0.4539251966992057,0.7385927636367433,6.645624671364203e-05,0.3647897243499756,998.2413940429688,2231.7275390625,0.0010020264890044928,1.0,1.0,0.0005227390211075544,0.02030596137046814,0.9325286149978638,0.028449099510908127,0.49107224192871035,0.9995183089291738,0.00048205686762599993,0.8711188513452937,0.039974738204219984,1.894868996616354,1.897935625156794,1.895194203654028,0.18951942677344433,0.021062220274671587,0.4910722423255811,0.0032156956708487188,0.0808545404434283,0.07763884477257958,1.895194203654028,0.03997473817790162,,,,,,,0.18951942677344433,42,syn_diag,1063,5,0.6371970176696777,,,False,0b9ee3247bd93c88b2d13f93872573c4640ba80303372b0f45b57128a6d5d961,1c4b3bc73d9b5318578cc9ba9c9a52ff3ba3261b471044c6bbe314ec2d30feb3
0.453125,0.5984264612197876,0.4533930476942121,0.7576420061635254,3.776259836740792e-05,0.3341590166091919,497.6309814453125,1607.1884765625,0.0020103654824197292,1.0,1.0,0.0005198069848120213,0.019960377365350723,0.9365073442459106,0.0317528173327446,0.3373842168984989,0.999321087756335,0.000680717202198111,0.9413670326400608,0.03833468554775059,1.8972728803557233,1.897935625156794,1.8976697266365163,0.18976697956499047,0.02019809578344547,0.33738421748647873,-0.0007290455640748714,0.06556552492086157,0.06629457048493644,1.8976697266365163,0.03833468555396032,,,,,,,0.18976697956499047,42,syn_diag,1064,5,0.4732230305671692,,,False,dca5d6fb360c56916a4cfaf6919e2759754e87bfc162a766be9d7cf46c68423c,7bd1e58ca1494ed9921707f448312696067f3cfb21a6777282507128fef3f430
0.421875,0.6335007548332214,0.456979256017418,0.7213555041272212,1.8043223462882452e-05,0.28556302189826965,656.5950927734375,2440.377685546875,0.0015326363500207663,1.0,1.0,0.0005242099286988378,0.02025587484240532,0.9155629873275757,0.030032983049750328,0.5187936872265896,0.9994552771489823,0.0005451265355249108,0.8548994736590585,0.046693169884864,1.8994948262999303,1.897935625156794,1.9002548000520914,0.19002548725292726,0.024602083055889706,0.5187936861666791,0.001824240743352512,-0.05285802154733199,-0.0546822622906845,1.9002548000520911,0.04669316991597532,,,,,,,0.19002548725292726,42,syn_diag,1065,5,0.49067774415016174,,,False,7e5b15d8c0597507ac2614d079df1da1c986c941bbbb4259a896533251c9af79,b17ad10b216ae33dc0c7fcd4d427ee8b52e922883bdd1767bcd0a9b0f9ed609b
0.46875,0.5977770090103149,0.45786084778953984,0.7659391387890327,9.800787665881217e-05,0.7023349404335022,1120.89599609375,1691.78662109375,0.0008921853150241077,1.0,1.0,0.0005051479674875736,0.019864702597260475,0.9425256252288818,0.025101356208324432,0.5798779162162546,0.9993215478490257,0.0006789073609385051,0.81470338298863,0.0420408073803601,1.8993641162672859,1.897935625156794,1.8996509398785253,0.18996510032890832,0.02215080786887323,0.5798779167983804,0.0012418377323889338,0.31189487639628566,0.3106530386638967,1.899650939878525,0.042040807418826945,,,,,,,0.18996510032890832,42,syn_diag,1066,5,0.5487587451934814,,,False,712997b8cff7f4d9d25cf9e5e9621fe6ff7704fe499ab1d5ae08ea6c3db8741f,bae9e04a052fed0ca43fdce1de2c431ee96f0a685885449ee5ad9e772b203998
0.3515625,0.6875344514846802,0.43999414190742,0.6399594427626123,2.034331191680394e-05,0.07537377625703812,620.9029541015625,1792.9786376953125,0.001611228915862739,1.0,1.0,0.0005265433574095368,0.019121764227747917,0.9378119707107544,0.03186819329857826,0.33958620005638296,0.9995419802287455,0.00045882766650298613,0.9405749373036151,0.03719744646971032,1.8934268045919913,1.897935625156794,1.8937891687245252,0.189378923312818,0.01959889786389237,0.3395862003828347,-0.0034743161175469204,-0.24149217994497246,-0.23801786382742554,1.8937891687245254,0.03719744646031683,,,,,,,0.189378923312818,42,syn_diag,1067,5,0.41978615522384644,,,False,25babc5ac25b8f8976db8b531fc1b05af12c9589482c68f8ef8579460b5cb493,b15536c984ae52ef5ca03a73fe5ac45fa3c80d1da85198d14ab9a1fdebecad45
0.4296875,0.618699312210083,0.46153488874367504,0.7459760245353002,0.00014912057667970657,0.32966455817222595,841.67138671875,1922.6424560546875,0.0011882113758474588,1.0,1.0,0.0005588063504546881,0.020899731665849686,0.9395558834075928,0.02786833420395851,0.11967732485562302,0.9998561396524371,0.00014457972772381322,0.9928128413092886,0.042141795761102475,1.898045036336408,1.897935625156794,1.8983140378505818,0.18983140965155887,0.022204017461129016,0.1196773255508321,-0.0008467577093666865,-0.03763092129200741,-0.03678416358264072,1.8983140378505818,0.04214179577281351,,,,,,,0.18983140965155887,42,syn_diag,1068,5,0.6134432554244995,,,False,aab5bfb42ad7461c1ec3572b23a874ef5041084807e964af1aea25f7536c17b8,37457317d5e7fd6b4b15dc08f4e465be1ea6b97fdec18656dc7d2914bc1c5ba1
0.40234375,0.6310794353485107,0.46459958923881756,0.7361982327580454,3.2424446544609964e-05,0.1899009346961975,941.5243530273438,1794.289794921875,0.0010625602444633842,1.0,1.0,0.0005311813438311219,0.020082492381334305,0.9326592683792114,0.029088623821735382,0.6934967471204089,0.9993422302342245,0.000658003564885627,0.7204597571708848,0.03383555080636746,1.8986278956171831,1.897935625156794,1.8989872046839025,0.18989872743416145,0.017827554505993517,0.6934967473245585,0.00774690573611499,0.2935657730306134,0.2858188672944984,1.8989872046839023,0.033835550819620856,,,,,,,0.18989872743416145,42,syn_diag,1069,5,0.566557765007019,,,False,ac0d432b3b1db632e64c07be73c898252bd948bfba5f95118c9581c71050f59d,40924f48b406a9896650429fa2b306a07c264b1cc26f7e97ce05fbc2fa3019f8
0.41015625,0.6425536274909973,0.4491270348512087,0.6989720782786698,2.5359735445817932e-05,0.23732459545135498,442.1598815917969,1662.1591796875,0.0022623278200626373,1.0,1.0,0.0005001593381166458,0.019308067858219147,0.934180498123169,0.03037535399198532,0.47430725965084064,0.9992421781784406,0.0007588144141409888,0.8803593717312977,0.03271237992083759,1.9011020415182514,1.897935625156794,1.901458551206958,0.19014586299932584,0.017235768951920007,0.4743072593501059,-0.0013714664646101076,0.005336691905699755,0.006708158370309862,1.901458551206958,0.032712379927858894,,,,,,,0.19014586299932584,42,syn_diag,1070,5,0.47402843832969666,,,False,3c68d539a3f41a698e509e94d0bf1880c69163c6099ba2a428c86c1ea25ba7ed,23de8348fe08ae4165bd3d3108e7526fefd87b3caf40468f708f3d1ff28328d5
0.44140625,0.6078323125839233,0.46115184952465565,0.7586826673991303,0.000154512730659917,0.24567994475364685,956.9166870117188,1697.69921875,0.001058340771123767,1.0,1.0,0.0005409841542132199,0.02011050470173359,0.950196385383606,0.025247300043702126,0.4987752619319609,0.9994556539114157,0.0005447944529606806,0.8667313528665254,0.035049456512781844,1.8982449297233779,1.897935625156794,1.89852195020808,0.18985220136438627,0.018467147172005816,0.49877526241635745,0.006416041149806885,0.30932362630224114,0.30290758515243427,1.89852195020808,0.03504945650660013,,,,,,,0.18985220136438627,42,syn_diag,1071,5,0.6086266040802002,,,False,741060637eee5a23303b8386117d504a7056998eec613e59065799e4711c0322,be88b8511a05ab1ab8741f564b0bbc71e488451c27ad54c9128b802f2a350370
0.40234375,0.642412006855011,0.45051294670473857,0.7012835128415791,2.1208703401498497e-05,0.2729374170303345,570.6937255859375,1635.8709716796875,0.0017550919437780976,1.0,1.0,0.0004974388284608722,0.019802656024694443,0.9269922375679016,0.036343879997730255,0.2994506829820583,0.9994271738430376,0.0005745024536161733,0.9541117798328581,0.03979187561821757,1.9007730088321002,1.897935625156794,1.9011509202271866,0.19011509805976448,0.020965872124829987,0.29945068210098885,0.0042762187320533745,0.12351083022983612,0.11923461149778275,1.9011509202271866,0.03979187559228096,,,,,,,0.19011509805976448,42,syn_diag,1072,5,0.33483991026878357,,,False,97886216e51fed093e9010a3fbb44bee09b45446828867c884e9f783db4fc64d,03e40313c026217e6ed9290c2f34dca5785f4a33b2018bff85b0169aecee6428
0.4453125,0.6167879104614258,0.4533257104090869,0.734978276624095,5.6528704590164125e-05,0.5259793400764465,652.4853515625,1702.6746826171875,0.00154524901881814,1.0,1.0,0.0005118848057463765,0.019673535600304604,0.9425345659255981,0.03296748548746109,0.507578018394632,0.9993175060020644,0.0006831668689843536,0.8616058003549157,0.039758670761726636,1.8965462266088378,1.897935625156794,1.8969982111706174,0.18969982842603905,0.020948376875754734,0.5075780186187098,0.0023560836565945046,0.22137588217550033,0.21901979851890582,1.8969982111706172,0.0397586707629799,,,,,,,0.18969982842603905,42,syn_diag,1073,5,0.3765900135040283,,,False,20771c01aa06d8db8933f3229924934e1e1478ac822eca893ba9d437381cb476,d6037701c7f263260832f82f3bd3c10ee47380a21023b05318a2073caa17f250
0.4765625,0.6018404364585876,0.4529316246496776,0.7525776589621384,5.255540963844396e-05,0.7758364081382751,517.6878662109375,1722.330810546875,0.0019380415324121714,1.0,1.0,0.0005421786336228251,0.02017447166144848,0.9377644062042236,0.029578249901533127,0.37627418132270596,0.9993627863661614,0.0006384501246314288,0.926508359617027,0.05781885777234412,1.9022623044100162,1.897935625156794,1.9033544591713163,0.19033545253035022,0.030464077393318894,0.3762741819282383,-0.004076080081825608,-0.02239154825275315,-0.01831546817092754,1.903354459171316,0.05781885776459033,,,,,,,0.19033545253035022,42,syn_diag,1074,5,0.50010085105896,,,False,02328ec8e0f326e49f5a619be1ff7b1321e8240f2c8108d54b1cae5e91bb224b,167f0d406808f86a9136ac65565c000988f4cad0062359cb0e9daeea7fe66c2a
0.4296875,0.6198896765708923,0.45775193841637407,0.7384409562134814,0.00015717893256805837,0.3596552610397339,673.5042724609375,1803.6810302734375,0.001484786975197494,1.0,1.0,0.0005040040123276412,0.0203393641859293,0.9437167644500732,0.02993326634168625,0.5460196509999625,0.9991401492999044,0.0008607234837048836,0.8377723680562507,0.032417557394963305,1.8989367071217558,1.897935625156794,1.8992912525222574,0.18992913092984512,0.01708043042411837,0.5460196504073247,-0.005449607826298398,-0.16850885136753724,-0.16305924354123885,1.8992912525222574,0.03241755739732631,,,,,,,0.18992913092984512,42,syn_diag,1075,5,0.46244242787361145,,,False,ae54897f8845f112b95e2199d867599b47536c8c71d66a394413c93eab946999,f37fdc367c2197a2fc4553f44396cfed76f5febf90146c95596fc9128514d0ef
0.421875,0.6434240341186523,0.4440731983637086,0.6901718842720574,2.5173834728775546e-05,0.2897413969039917,640.5924072265625,1480.057861328125,0.0015616931486874819,1.0,1.0,0.000529397395439446,0.020035449415445328,0.9310886859893799,0.029368143528699875,0.1454015937082341,0.9996810156485169,0.000321376112502844,0.9893727186958083,0.04115362573805874,1.895632773318767,1.897935625156794,1.8961767709290593,0.18961768339150634,0.021683362276651102,0.14540159423387916,-0.006874346731043014,-0.36753535179514873,-0.3606610050641057,1.8961767709290596,0.041153625727518295,,,,,,,0.18961768339150634,42,syn_diag,1076,5,0.4811580777168274,,,False,99761e699b44ca3bd81b7976aac064df5b7889698ac0a34b2b5cef2a7c4832c3,da72681767ff88ecddfecc9f0ca620108ad440a9a561cf67ac062930089fb716
0.4609375,0.6081604957580566,0.4552051891096899,0.7484950995044387,0.00017611388466320932,0.4463917016983032,1080.041259765625,1848.91943359375,0.000926005479414016,1.0,1.0,0.000522061251103878,0.0203567985445261,0.9425591230392456,0.027732539921998978,0.5013362806700383,0.9995074213926611,0.0004929406842563409,0.8652525259402056,0.03937590589388091,1.898013789820063,1.897935625156794,1.8983854696691078,0.18983855512260214,0.020746702560371193,0.501336280730839,0.0003629998825071608,0.008643650724785274,0.008280650842278114,1.8983854696691078,0.039375905902975204,,,,,,,0.18983855512260214,42,syn_diag,1077,5,0.6649889945983887,,,False,a054375fbcbd9ff560e12cc56c45d561b0ef8138ccac0485292b9169e92686e2,1ed243e8857269b6c4fe4ca7ca3776abf051db209f1d34650475781b0bc5fe78
0.4453125,0.6291068196296692,0.4481281837592868,0.7123244720392943,0.00015109320520423353,0.5623998641967773,838.744140625,1532.6396484375,0.001192270079627633,1.0,1.0,0.0005308296531438828,0.020601555705070496,0.9398939609527588,0.027992181479930878,0.6157060982365474,0.9992736860739034,0.0007267467694776593,0.787975888311082,0.035799245593933965,1.8981848998158837,1.897935625156794,1.8984532701891137,0.1898453339749536,0.018862202236684198,0.6157060990091933,0.005416251047915585,0.3328052792034068,0.3273890281554912,1.8984532701891137,0.03579924558662127,,,,,,,0.1898453339749536,42,syn_diag,1078,5,0.3676300644874573,,,False,53114cc028f6f2e7eb744d5afddc0f33c630f7f14c9cb3d63a49deef3966dbb6,a31215b79d1fa558bf014ac54c67743cf6c197fb9f20f5732115281c7179566a
0.41796875,0.6333080530166626,0.45026493704845777,0.7109730358773632,5.197075370233506e-05,0.2653704881668091,623.2938232421875,1797.2857666015625,0.0016045533120632172,1.0,1.0,0.0005444464622996747,0.020283589139580727,0.9458448886871338,0.02974751591682434,0.6789317700968258,0.9989683110836256,0.0010323126785695938,0.7342013698804704,0.057249707230472506,1.901336046148172,1.897935625156794,1.902293133934367,0.19022931994502676,0.030164198654373628,0.6789317698756656,0.0014279067976562313,0.22045631354743955,0.21902840674978333,1.9022931339343672,0.0572497072517708,,,,,,,0.19022931994502676,42,syn_diag,1079,5,0.34205007553100586,,,False,a9aa51bd0c00b5233d9964c1f443b1427a710eb40551515665001fa6492a24ed,5efd7518280a3ae771899c9fc10fe0c9c74ac8fbc0e783d939d1bc401957e80f
0.4609375,0.5948597192764282,0.46093481234120504,0.7748630810069954,0.0001722670713206753,0.6253597736358643,996.802734375,1954.500244140625,0.0010032136924564838,1.0,1.0,0.0005409300792962313,0.020882878452539444,0.9455522298812866,0.025649631395936012,0.5019939170808068,0.998918940989561,0.0010828009910985876,0.8648711506307842,0.07314809875178409,1.8992649165359317,1.897935625156794,1.9005635475297364,0.19005636161243192,0.0385408745071122,0.5019939174067716,0.006759232661860002,0.09803281390688134,0.09127358124502134,1.9005635475297367,0.07314809873687902,,,,,,,0.19005636161243192,42,syn_diag,1080,5,0.5691443681716919,,,False,3f3e11a387fc2408e0822a9bf69a096bbda20d9b24aed1c21c94d5de664452bd,bc612402fcb2db8fe83f69397499cf4574953fa68e9f69ef67c1338047fb981e
0.4140625,0.6180638670921326,0.4671707346246986,0.7558615995178388,0.00019163954129908234,0.3035784959793091,1013.57421875,2123.640380859375,0.000986694823950529,1.0,1.0,0.0005075616063550115,0.02026924304664135,0.9453393816947937,0.029996436089277267,0.45817849315034803,0.9994569603537341,0.0005435960064621973,0.8888602074451182,0.045021212276212294,1.896789411816258,1.897935625156794,1.8972654749928326,0.1897265539148487,0.02372114821990827,0.4581784921224571,0.007275946438865991,0.34448989346762166,0.3372139470287557,1.8972654749928326,0.0450212122761467,,,,,,,0.1897265539148487,42,syn_diag,1081,5,0.5444654226303101,,,False,05496ec220dd9be9b4014eef9279933ba9e461e2c5e2678ed73dfdb1c3e1a138,29afbf6bcf4493e5d2c7610ef0ed498f4f7b053281daa1de88a008b8d3e2fda3
0.4453125,0.6249647736549377,0.45243358367961184,0.7239345053253639,3.6975223338231444e-05,0.41009974479675293,813.0330810546875,2237.906005859375,0.0012321488466113806,1.0,1.0,0.0005103722214698792,0.020061902701854706,0.9465590715408325,0.02902340143918991,0.7547776144895824,0.9989199442111226,0.0010804971873748744,0.6559807563118378,0.06162822747257845,1.895890541316009,1.897935625156794,1.8968343060940753,0.18968343751346933,0.032471189568115455,0.7547776147628689,0.008775516597425006,0.24973263814226318,0.24095712154483817,1.8968343060940753,0.06162822747721442,,,,,,,0.18968343751346933,42,syn_diag,1082,5,0.5496537089347839,,,False,52b46b92c381b81c94109c34c09ea951e0d222b5f1b0a074fc45a9e9d26c968e,2ae586681624957a4dedcc9258aa1fd09b3e8ac282295abe85265763cdc7ccd5
0.47265625,0.5779612064361572,0.468777966882881,0.8110889979220959,0.00015268131392076612,0.6119555234909058,982.9619140625,1808.348388671875,0.0010176209034398198,1.0,1.0,0.0005210627568885684,0.020406659692525864,0.938545823097229,0.033265143632888794,0.3483797237652812,0.9994211702666064,0.0005800483051245269,0.937353491503877,0.05061660464297178,1.8995927802602406,1.897935625156794,1.9001520630567519,0.19001521285385195,0.02666929477060821,0.34837972498771214,0.004010477435615833,0.27446880185520206,0.2704583244195862,1.9001520630567519,0.05061660465995846,,,,,,,0.19001521285385195,42,syn_diag,1083,5,0.6476894617080688,,,False,d74e5077546118cdd43e806d731f05cdda20e06df9b884d0beffeb3598335278,b83cca68e8baf07dc155f59dc63deb0cae326623032cd7168132537cb5e13bfb
0.45703125,0.6057083606719971,0.4507161612587411,0.7441141671214425,5.3365489293355495e-05,0.46557819843292236,713.4155883789062,1660.7689208984375,0.001401708461344242,1.0,1.0,0.0005336620379239321,0.020277587696909904,0.9449388980865479,0.02810540981590748,0.12212048089669193,0.9996647198681041,0.0003390786548551283,0.9925152835632574,0.050636845159603316,1.8970527402150934,1.897935625156794,1.8976129353143205,0.18976130044720194,0.026679959261206962,0.12212048084121077,-0.0028669724567477596,0.05039976107375384,0.0532667335305016,1.8976129353143205,0.05063684514389542,,,,,,,0.18976130044720194,42,syn_diag,1084,5,0.3459986746311188,,,False,834c48994d19059cfc021cb8e063f7d1d96e56a683fd4dead6ff2dc9dad27baf,1b2d4c8aee5e653e1c81b56b09048307fb247a7af225f8f8892c016e273394c3
0.41796875,0.6308155059814453,0.45498573779694923,0.7212658950644529,0.0001380723260808736,0.2112864851951599,738.8890991210938,1626.95751953125,0.0013533950550481677,1.0,1.0,0.0005649473750963807,0.02082032337784767,0.9436002969741821,0.027560144662857056,0.7457346861635555,0.998727923829498,0.001272723443800851,0.666243032110965,0.05503547120114931,1.8979615192083301,1.897935625156794,1.8989565961183992,0.1898956661824218,0.028997543684640865,0.7457346862705047,0.0005990611642937051,0.14577713428695413,0.14517807312266043,1.898956596118399,0.05503547117941323,,,,,,,0.1898956661824218,42,syn_diag,1085,5,0.44327545166015625,,,False,39c0b8a094e3236db8f805d64a3d59f119a2275064aa48054bcde3d34e4d9164,8c1b4c3511c96d11f78b25675cf2211f33584e86359f98df498268b737f19a21
0.4140625,0.6178997755050659,0.469330636590256,0.7595578264856793,2.2568197891814634e-05,0.1618824601173401,938.9135131835938,1952.6947021484375,0.0010665440931916237,1.0,1.0,0.0005107680917717516,0.020135756582021713,0.9389408826828003,0.031233012676239014,0.4840587949814388,0.9992633699478032,0.0007375194422104152,0.8750354752600018,0.040706251751142064,1.9011655512618273,1.897935625156794,1.9016789419591065,0.19016790103904507,0.02144764617491057,0.4840587939607512,-0.003841596741307806,0.08506288468883055,0.08890448143013836,1.9016789419591067,0.04070625177866728,,,,,,,0.19016790103904507,42,syn_diag,1086,5,0.6259963512420654,,,False,9f4dec5ae1e17820f1abc91081aac92af1a90072b52270f2ed100a6eafb544bd,eab9171ade54eb362ddcde162db819aac84362039364b4f78b86f08b17599b87
0.44921875,0.6124022006988525,0.45482911015928745,0.7426967130747167,0.00015373126370832324,0.45281845331192017,490.1488952636719,1730.65380859375,0.0020415447652339935,1.0,1.0,0.0005135497194714844,0.020405873656272888,0.9333223104476929,0.02779962867498398,0.6238701872303604,0.9991724706961361,0.000828067774473133,0.7815279837948639,0.0398035972245483,1.9006467670818024,1.897935625156794,1.9011623162002917,0.190116239583735,0.020972048101599354,0.6238701872444108,0.005837379209974267,0.15778407541824652,0.15194669620827225,1.9011623162002917,0.03980359720347275,,,,,,,0.190116239583735,42,syn_diag,1087,5,0.4287312924861908,,,False,6f31a075b4bd57a03d527d8fef913925c8345cabaaf8d80ea99c247e6984fa52,1882fae03397312aba67ed739add7108c3386044e27ba00ecdb190923351431a
0.390625,0.667810320854187,0.43953220855351904,0.6581692728523432,4.4141172111267224e-05,0.11531438678503036,746.4537963867188,1923.4423828125,0.0013399578165262938,1.0,1.0,0.0005449403543025255,0.020100485533475876,0.9343892335891724,0.029240678995847702,0.2373237070405856,0.9996899777813559,0.00031083186848366884,0.9714306244000979,0.034854030938109286,1.9027295657785628,1.897935625156794,1.9029388097185784,0.1902938873932685,0.01836417973091765,0.23732370710090261,-0.0012835117160946935,0.03760981551551622,0.03889332723161091,1.9029388097185784,0.03485403093524536,,,,,,,0.1902938873932685,42,syn_diag,1088,5,0.49982568621635437,,,False,972a6820c71963e3d36ef79dde2b2fa30fc7ccde3f46bdfd9a8889a6a1bebd83,994cc188fbe5e1501c6209fc10130c9a904c43221a46e747c8914c18ed779270
0.40625,0.6478554010391235,0.4514584040201778,0.6968505915115508,4.667169923777692e-05,0.2406638264656067,891.2277221679688,1863.21826171875,0.001123312977142632,1.0,1.0,0.0005086768069304526,0.020033862441778183,0.931118369102478,0.02832440845668316,0.7757828656940656,0.9989054160798526,0.0010949809627622948,0.6309999566403833,0.05191992736331546,1.8955177716796343,1.897935625156794,1.8961471264565255,0.18961472003760999,0.027356000211545026,0.7757828656210388,-0.0023421902574875886,0.08006469751010294,0.08240688776759053,1.8961471264565255,0.05191992735801849,,,,,,,0.18961472003760999,42,syn_diag,1089,5,0.6241039037704468,,,False,1ad95173cbe3e0476a0431e8be0b3b6dba3a87bf9cbcfe94536e7732dc566d43,bb51682fc66d46359db23ff1dc38d0c2298af188590fb107c321446ea988d02c
0.390625,0.6585146188735962,0.44672122646097173,0.6783770770219321,5.2279083320172504e-05,0.10223264247179031,1090.206787109375,1980.0565185546875,0.000917376484721899,1.0,1.0,0.0005479349638335407,0.020413808524608612,0.936531126499176,0.03112093359231949,0.3515109604896885,0.9996710901045415,0.00032929459937017133,0.9361837664643952,0.027322500070002358,1.900908250136842,1.897935625156794,1.9010308721871627,0.1901030944597613,0.014395904533237669,0.35151096047631486,0.0012066843625297714,0.1425313822170488,0.14132469785451904,1.9010308721871627,0.02732250006280712,,,,,,,0.1901030944597613,42,syn_diag,1090,5,0.6735446453094482,,,False,8e38678527f2435183a9d4fe1b814a4e082b046ada35cee66b086beb68370d07,99a3162006be849b5866b6322aa364582dfa09a68eb2580628c61c0741df97ba
0.421875,0.6363165378570557,0.452285474651344,0.710786925183817,0.00015215195890050381,0.21768543124198914,945.0137939453125,2176.129150390625,0.00105915660969913,1.0,1.0,0.0005515973316505551,0.020847557112574577,0.9482618570327759,0.02644439786672592,0.3255374134008422,0.9995829893765201,0.0004177470443695487,0.9455291600136497,0.044510736438777655,1.8977293619172098,1.897935625156794,1.8982359005882081,0.1898235965057293,0.023452184493916665,0.3255374135245509,0.0061475396586699775,0.25177253435819086,0.24562499469952087,1.8982359005882083,0.04451073645028886,,,,,,,0.1898235965057293,42,syn_diag,1091,5,0.5647183656692505,,,False,035f5c753b9d488cd0b9d0664fef864162f21eecc3570b036ec68536eedd7a83,dbd935975f2e0dbcf27e7e5b3f35f37376a6bdfa11e49ea18d91740b0a502a2f
0.39453125,0.6618129014968872,0.44589607548877713,0.6737494415487525,4.223052383167669e-05,0.20461848378181458,696.9420776367188,1874.6595458984375,0.0014374074526131153,1.0,1.0,0.0005520587437786162,0.02098846063017845,0.9298874139785767,0.03302331268787384,0.7228291305620966,0.9990535553648671,0.0009468547131401798,0.6910268069966241,0.041716250637593204,1.9004309758174684,1.897935625156794,1.9008687321556055,0.1900868799912747,0.021979802731256978,0.7228291310431778,0.0034626760179494536,0.29902549364867337,0.2955628176307239,1.9008687321556057,0.041716250657327675,,,,,,,0.1900868799912747,42,syn_diag,1092,5,0.5285762548446655,,,False,f92967aeba734fa49a7ef43ddd762137630b3a176c5cbe7a9011139eeeba6c7b,6dd5f9d42283f691dd984a2563a5a49c0b402c0a3a5e804f47ff8e746a463ece
0.46875,0.5897191166877747,0.45724550686262116,0.7753615382724725,3.0510604119626805e-05,0.6450181007385254,1027.90380859375,1816.6666259765625,0.0009730795864015818,1.0,1.0,0.0005008608568459749,0.020079433917999268,0.9327902793884277,0.02764081209897995,0.6717355491636483,0.9992884451258398,0.0007118632405712077,0.7407910312361888,0.03678598982148371,1.8940224185526127,1.897935625156794,1.894458964143103,0.18944590497395355,0.019382106186254515,0.6717355494636065,0.0037812886842282334,0.15428325016566508,0.15050196148143685,1.8944589641431033,0.03678598980035313,,,,,,,0.18944590497395355,42,syn_diag,1093,5,0.4867783784866333,,,False,b80480ccd1f47aa83027d57ed6ed74132a87e5c7479261790601cc3f20b2ef0f,00e0861886b6be473c3ed8ca28a426ce021977698bc9d0b59cc4314619dcb656
0.45703125,0.6112586259841919,0.4554545562470878,0.7451094155638338,0.00021620688494294882,0.4074428081512451,545.7158813476562,1914.756591796875,0.0018360475078225136,1.0,1.0,0.0005160629516467452,0.020605184137821198,0.9461830854415894,0.0322331041097641,0.3707842032977134,0.9993528863085706,0.0006484334927137379,0.9287190503846714,0.04603278379158098,1.8981489258377107,1.897935625156794,1.898660834441553,0.18986609085851133,0.024254133375969388,0.3707842028500452,-0.0017890809216855133,0.018215866466694503,0.020004947388380018,1.8986608344415528,0.04603278379041757,,,,,,,0.18986609085851133,42,syn_diag,1094,5,0.42321452498435974,,,False,8167692e4f3c45fb778d0178014854c1b2f5b873e89c6fde86756657823da76e,7bc457cb93bc7ff9a29565b7d0facf7f5b884f9330ecd18893669184f9e732a0
0.3671875,0.6812067031860352,0.4400271761254993,0.6459524981119293,4.520316724665463e-05,0.10872125625610352,418.03692626953125,1631.819091796875,0.002414228394627571,1.0,1.0,0.0005347167607396841,0.020028389990329742,0.9277572631835938,0.030666863545775414,0.5040536571539332,0.9995055728248565,0.0004947867301931956,0.8636723398721498,0.03013192556088458,1.8988514819023434,1.897935625156794,1.8991817773181916,0.18991818490984783,0.015876157843013994,0.5040536577679472,0.0009855119282290684,0.02324847879285314,0.022262966864624072,1.8991817773181916,0.030131925553656534,,,,,,,0.18991818490984783,42,syn_diag,1095,5,0.3256714940071106,,,False,c85064b46850a7d066ce4aa9f1fcf47a2fcab06ed90de9c351fc74e326f3368a,2616a87fed16eef19718c17cb7c98e75284a73fcbb9cebd1907abc9d96599beb
0.43359375,0.6312553882598877,0.4538610286655922,0.7189816450553679,0.00016127500566653907,0.4256972670555115,773.2622680664062,1750.46923828125,0.001294646761380136,1.0,1.0,0.0005375572945922613,0.020389031618833542,0.9284076690673828,0.024434033781290054,0.3510244697800121,0.9994820713971583,0.0005188870265859386,0.9363662860063546,0.03785189621537345,1.8934858231251097,1.897935625156794,1.8938395258963365,0.18938395972881275,0.01994371975194177,0.35102446929742287,0.00020476341516589884,-0.03468927974276745,-0.03489404315793335,1.8938395258963365,0.037851896222484145,,,,,,,0.18938395972881275,42,syn_diag,1096,5,0.5124853253364563,,,False,6cbfd41ef8c71186842a1e6d1c9111457b31b1c8c21e1de7520615d2aab549cf,03a750b2503b8dc236651a0d8f026f07512136578da744286b9992a2cb67b391
0.4375,0.6116486191749573,0.4565624051853457,0.7464455824385754,2.2017202354618348e-05,0.20733708143234253,788.99365234375,2076.277099609375,0.0012695980258286,1.0,1.0,0.0005203611217439175,0.020199690014123917,0.9352660775184631,0.03330342471599579,0.3710056635448525,0.999362705380695,0.0006385728018033568,0.9286306033988933,0.03545015907327731,1.8981022416005695,1.897935625156794,1.8984529027051875,0.18984529829408098,0.0186782726470662,0.371005663706279,0.002846209048955783,0.12558298109095872,0.12273677204200294,1.8984529027051875,0.03545015907618544,,,,,,,0.18984529829408098,42,syn_diag,1097,5,0.41345810890197754,,,False,f04b26a72f63b1886715ef3c10f77dabc0f7bbab77805e90099657ffdd93753e,0f289cc16de6b6f5cb372191bd8abd3cd55b18b364a68020d29587f8e4f0711f
0.44921875,0.6078939437866211,0.4578010247988579,0.7530935904770232,1.8864193407353014e-05,0.31874704360961914,1053.44580078125,2038.16650390625,0.000949595239944756,1.0,1.0,0.0004920957726426423,0.019846558570861816,0.9203640222549438,0.02848592773079872,0.38063156324661057,0.9993144517692483,0.0006869417894758244,0.9247267775038275,0.061457399683856315,1.8930078142030995,1.897935625156794,1.893894947128589,0.18938950177744082,0.032381182411677825,0.38063156295335826,-0.0011202095877837182,-0.07433099183808707,-0.07321078225030335,1.8938949471285893,0.06145739969694877,,,,,,,0.18938950177744082,42,syn_diag,1098,5,0.5391730666160583,,,False,f1209553d852dc3e175a6fc3f051570551e991f1929ef1dc5af6e705fe211987,2a224b24d1c272796ba984b462c9ea217b60e518e3df07430ec4d3382c7c9519
0.3984375,0.6495248079299927,0.4507044896433036,0.6938988191344335,1.4352980542753357e-05,0.19704145193099976,610.43212890625,1764.8145751953125,0.0016386230709031224,1.0,1.0,0.0005351848085410893,0.02113080583512783,0.9376512169837952,0.029061779379844666,0.19715655855240108,0.9998262961128129,0.0001740785974705506,0.9803720168174955,0.031527891822102264,1.8999925619256166,1.897935625156794,1.9002373731733841,0.19002374475921963,0.016611676078044552,0.1971565586255086,-0.0002728278177633207,-0.04281396304622183,-0.04254113522845851,1.900237373173384,0.031527891804970634,,,,,,,0.19002374475921963,42,syn_diag,1099,5,0.4372674226760864,,,False,0e6ca079d299ca58c4b222d9cd310d1f8b4562e9ee72b64618574ce3310524b3,62353950a9f65538655dda61375d1edc2023260b64b0cfd3abe2bc8eb6a2d49b
0.421875,0.628148078918457,0.454751896514969,0.723956582459817,2.0611258150893264e-05,0.23258106410503387,944.5989990234375,1779.1607666015625,0.0010586592834442854,1.0,1.0,0.0005077614914625883,0.019926033914089203,0.9318843483924866,0.033418916165828705,0.014272732347573805,0.9999711104369917,3.129262080977784e-05,0.9998981393475437,0.04918445741874447,1.8984220513071646,1.897935625156794,1.8990953904986465,0.18990954613968025,0.025914713210915825,0.014272733066868019,-0.0026937322983699467,0.03377842120604964,0.03647215350441958,1.8990953904986465,0.049184457421623945,-8.93172090424778,-0.0038058431628942204,0.10715260360094746,141.440185546875,0.6646461486816406,0.6633963584899902,0.18990954613968025,42,syn_diag,1100,5,0.6639233827590942,0.49474788011312487,0.899,False,5e106e0c8842957e9dc51c68e9198c6d7130c4a24822a0894d4ee14d047f2893,384a375ff361ca3e894c5b3f56ce4a84585df5ab203383d055e5e72631017ee1
0.42578125,0.6347411870956421,0.4533786571443946,0.7142732304984731,0.00011968433682341129,0.3002740740776062,996.7640380859375,1650.0313720703125,0.001003312412649393,1.0,1.0,0.000544451002497226,0.020975636318325996,0.9306982755661011,0.03401552140712738,0.46683885240494166,0.9995988134672712,0.0004014758471325291,0.8843424030532433,0.03310180701462784,1.9026111448252132,1.897935625156794,1.9028642501063109,0.1902864323472488,0.017440953515942225,0.46683885205433645,0.00520073301161088,0.17744351161438726,0.17224277860277637,1.9028642501063109,0.03310180699558023,,,,,,,0.1902864323472488,42,syn_diag,1101,5,0.4869611859321594,,,True,79a2d509669f2ab7cd0d8653586296bc399bf65d5a87f22befa9cdcbb1b9b9e0,1c57b98c8a3db89ee5f9940da69e6a81680b9a4ffaedd65aa199e71b0f3a5e7f
0.4921875,0.5600588321685791,0.4714053360925169,0.84170680739866,3.026293052244e-05,0.9336135387420654,1225.8916015625,1804.874267578125,0.000816101673990488,1.0,1.0,0.00048821172094903886,0.021045725792646408,0.9392452239990234,0.032310422509908676,0.8123775360111426,0.9989942419143899,0.0010060190835993932,0.5831318366965415,0.0442110694794363,1.903186325424524,1.897935625156794,1.903884724068994,0.19038847998892056,0.023294293490992667,0.8123775351678594,0.00950988055124017,0.26971641059148327,0.2602065300402431,1.903884724068994,0.044211069416930086,,,,,,,0.19038847998892056,42,syn_diag,1102,5,0.7280223369598389,,,False,60a676f9ada6a17d82c0714557492184c2f1c655e197e1cf41e2af328982b869,3972dd66c5dce6a36ae108e7bc483876db27426d1d2c8b20d978f36ba76489f9
0.4375,0.6114863157272339,0.4617408542403729,0.75511228490684,1.2428115951479413e-05,0.25411128997802734,1154.3084716796875,1678.7728271484375,0.0008663414046168327,1.0,1.0,0.0005264219362288713,0.021115627139806747,0.9349335432052612,0.03016805648803711,0.752118749499303,0.9991906422269213,0.0008096096030106863,0.6590276068825069,0.04741345862645117,1.9006043518574578,1.897935625156794,1.9011527142797418,0.19011527872586473,0.0249815947379718,0.7521187498186943,0.012331641819492058,0.5102552190471487,0.4979235772276566,1.9011527142797415,0.047413458648529,,,,,,,0.19011527872586473,42,syn_diag,1103,5,0.6191232204437256,,,False,a8d41d081957d9b4b15d5820f55aa1f8648cad0e9fac6be53d5b8c373fa39391,8f0ac479ef145425a9f4498cca6e14215ab7a205ba2ac4be460cf31edff695a4
0.390625,0.6618854999542236,0.4491917114289885,0.6786547185486783,2.8104332159273326e-05,0.11206687986850739,756.7698974609375,1722.102783203125,0.0013215173967182636,1.0,1.0,0.0005364944227039814,0.02053978107869625,0.9291757345199585,0.03696407377719879,0.382761380037688,0.9992029159702556,0.0007989448069228017,0.9238472416549341,0.04466900270434706,1.893048552616357,1.897935625156794,1.8936292002323354,0.1893629265052561,0.02353557313127166,0.3827613802461442,8.731188481998214e-05,-0.1132205913334511,-0.11330790321827108,1.8936292002323354,0.044669002668098215,,,,,,,0.1893629265052561,42,syn_diag,1104,5,0.4934041500091553,,,False,ecf64a2ab7e93ee195e1e13a8e94a376bc327eef75de200ffa6f02324c5bbdff,a8b06eabfb99e182a73421fad95b778e920c29d7bfa100bf01166b451ebc7678
0.39453125,0.664598822593689,0.4420388374714558,0.6651212940900685,5.478129969560541e-05,0.24857306480407715,625.6669921875,1689.522705078125,0.0015992134576663375,1.0,1.0,0.0005400327499955893,0.02065698429942131,0.9416536092758179,0.02713688276708126,0.5603070696318976,0.9991731016490316,0.0008276474297790644,0.8282849676853509,0.050831880005698944,1.8953243988261288,1.897935625156794,1.895848906536787,0.18958489687146865,0.026782720831994913,0.5603070704791326,-0.0012627149859852935,0.03774931077865857,0.03901202576464386,1.895848906536787,0.050831879989435495,,,,,,,0.18958489687146865,42,syn_diag,1105,5,0.45460930466651917,,,False,563e9f2534191f195cd2b2326c112d4a3c0a71137fd6f6ae0828cc41c0941f66,c1f6b069a126b765225d20412f697099e6ff745091494d0fdc43a64e0e23c27a
0.3828125,0.6567370891571045,0.45334958087933314,0.6903060583247606,3.3971773518715054e-05,0.19896799325942993,639.9542236328125,1507.794677734375,0.0015640644123777747,1.0,1.0,0.0005548639455810189,0.02092173881828785,0.937828540802002,0.028548382222652435,0.3709949578694572,0.9992767680427218,0.0007248792465148183,0.9286348804524829,0.040636686853610764,1.899572290469634,1.897935625156794,1.899979753791222,0.18999798138246793,0.02141099324706139,0.37099495780830494,0.0028414396211859975,0.1665911444574056,0.16374970483621962,1.899979753791222,0.04063668682687427,,,,,,,0.18999798138246793,42,syn_diag,1106,5,0.3824600875377655,,,False,6ecb91fc724909407a630ebdf76e26b860df22bbed33b8ccb14df0390fed5be6,ba8664f3b5e2b066a3293acaa35bd7b5e40194f1292ddb04eb9075a22f5eacb9
0.44140625,0.6278167963027954,0.45226100396931046,0.7203709409664115,2.7250545826973394e-05,0.3101251721382141,1103.353271484375,1926.4044189453125,0.0009065656340681016,1.0,1.0,0.0005523210274986923,0.020968575030565262,0.9336872696876526,0.032736729830503464,0.6542189892420959,0.9991819141656741,0.0008185339051961541,0.7563051725944195,0.052056654591683744,1.8947798508926867,1.897935625156794,1.8954560070569242,0.18954560707248713,0.027428040183057188,0.654218990062308,0.009474208934657207,0.35019096203294636,0.34071675309828914,1.8954560070569242,0.05205665457419644,,,,,,,0.18954560707248713,42,syn_diag,1107,5,0.8144189715385437,,,False,e260a7fdc507a8a34e6e35b6ce9ec51e13d942f52f1847da50b3f3f7c7e62511,d50e7f379ed5df0b33183e9bb1465353aec3d9dc167b5ae8037524cd1bf81e45
0.44921875,0.6139253973960876,0.45407580869034303,0.7396270560239808,2.8300622943788767e-05,0.35039445757865906,824.089111328125,1630.9879150390625,0.0012166002998128533,1.0,1.0,0.0005451242905110121,0.02130616083741188,0.9373652935028076,0.030906129628419876,0.1534755565722265,0.9997591601774722,0.00024205452733024857,0.988152444460013,0.04590021873070844,1.897097141951491,1.897935625156794,1.8974881880834107,0.18974882531269063,0.02418428640164879,0.1534755564300674,0.0036552757790906313,0.27353422507882713,0.2698789492997365,1.8974881880834107,0.04590021872606622,,,,,,,0.18974882531269063,42,syn_diag,1108,5,0.5950838327407837,,,False,5a22547ce866181ffc08860429c835c90ee942d009c5f12450e99a29439fd89f,91e46a6342143fc829e3c12b2c649645f4a0cce89658e3da8571bf8f72f6bb55
0.42578125,0.6251325607299805,0.4541024805452522,0.7264098632387465,0.00014420048682950437,0.34464600682258606,637.1512451171875,1581.11962890625,0.0015790155157446861,1.0,1.0,0.0005245735519565642,0.021306734532117844,0.9320716857910156,0.03321819752454758,0.6277525857951721,0.9988140008068818,0.001187083847707023,0.7784129309068812,0.049596510059700644,1.8994639661563733,1.897935625156794,1.9002357379954706,0.19002358070418385,0.026131818910126205,0.62775258578421,0.010273031577315014,0.38665996734013663,0.3763869357628216,1.9002357379954706,0.049596510071155356,,,,,,,0.19002358070418385,42,syn_diag,1109,5,0.369832843542099,,,False,15f237b993d968807b9a74b7b71f091f3b832444c9e9a08232712855a1fd15cc,1aa19b79832175099b05305ee21d3e74728abf0173f87317a58499b71c06a486
0.4453125,0.6199744343757629,0.45289132575634117,0.730500018507511,2.3691682144999504e-05,0.26404568552970886,1118.953369140625,1712.545166015625,0.0008936934173107147,1.0,1.0,0.0005181733286008239,0.02049187570810318,0.9149662256240845,0.04030127078294754,0.35959344426292955,0.9995594854450156,0.0004411701187732751,0.9331090797930967,0.03427673379325596,1.895487298597257,1.897935625156794,1.8957323561590154,0.18957324256250704,0.018060008642498713,0.35959344359034734,0.0030428378524674205,0.14804357783683816,0.14500073998437074,1.8957323561590156,0.03427673379512149,,,,,,,0.18957324256250704,42,syn_diag,1110,5,0.575042724609375,,,False,1650992b14fd376ab36bf82409b1dec5eb4d721dd611e1f0d5b886d4fbf04c1e,43518fc11161c97974067ffdb9a7ba260a324b208b99dd808019f220c855e63e
0.4140625,0.6469955444335938,0.4509139588670685,0.6969351464613935,3.202690641046502e-05,0.1606307476758957,480.9622802734375,1595.6146240234375,0.0020791664719581604,1.0,1.0,0.0005345068057067692,0.020649831742048264,0.9239236116409302,0.03165522962808609,0.38842160830977457,0.9992522827282976,0.0007492984161555331,0.9214817709327577,0.0463030261544404,1.8976448692715597,1.897935625156794,1.898201624691276,0.18982016916044067,0.024396520904438355,0.3884216084891465,-0.0008910232718281318,-0.015268529105134581,-0.014377505833306449,1.8982016246912758,0.04630302615306182,,,,,,,0.18982016916044067,42,syn_diag,1111,5,0.3381584584712982,,,False,b5682856137c6b04a14875c02a48918edf73708f8fcaf3dfcb9c3bb810f9223b,5266e6fb1745b0112a06d810939f54168aa5ce24d73753d47ff77029d7cc1c4f
0.44140625,0.6220501661300659,0.457498678211808,0.7354690920630672,3.945187563658692e-05,0.3695802092552185,852.27294921875,1850.136962890625,0.001173351309262216,1.0,1.0,0.0005238240119069815,0.021562345325946808,0.9307635426521301,0.0370793417096138,0.818067205106929,0.9991169322273741,0.0008832607358264291,0.5751226372846179,0.05841952686646675,1.8966081789415903,1.897935625156794,1.8977334388230065,0.1897733496802667,0.030780562887431844,0.8180672052813636,0.016774301951779893,0.41222306149783366,0.3954487595460538,1.8977334388230063,0.05841952692832052,,,,,,,0.1897733496802667,42,syn_diag,1112,5,0.43929827213287354,,,False,7ce4bf1134ff3affdae320fcc7dc3de6b67516027517c35a3f60db3820824ef5,5ccae87e980a1d5302b912837b11c7100b420c4a137228a246bcb7a2466a535d
0.421875,0.6256763935089111,0.459796896656796,0.7348797572180739,2.8913553251186386e-05,0.2404949814081192,1066.4197998046875,1729.520263671875,0.0009390971972607076,1.0,1.0,0.0005310650449246168,0.02087070792913437,0.9270615577697754,0.03610582649707794,0.5581565052130931,0.9993294280380258,0.0006710698875976319,0.8297356902391588,0.04350018721150076,1.896563876812069,1.897935625156794,1.896993039079834,0.1896993110188159,0.022919737969449915,0.5581565049582033,-0.002399859817499411,-0.10199624141889513,-0.09959638160139572,1.896993039079834,0.04350018719519643,,,,,,,0.1896993110188159,42,syn_diag,1113,5,0.6035879850387573,,,False,22405a61a51d008db63397c1c1537e869359fdace4634180edb0f34c6397e94e,b854b42d20937b977339cc704403d97d019b3521979db7aad44570d9d523a41f
0.46484375,0.5891437530517578,0.46257110080601255,0.7851582949545091,4.9994789151242e-05,0.6709017753601074,1140.0833740234375,1912.84619140625,0.0008771452121436596,1.0,1.0,0.0005359172355383635,0.02138599380850792,0.9279133081436157,0.033591315150260925,0.6958537528365148,0.9992912248789181,0.0007090430737616024,0.7181835104221173,0.048882751421140486,1.8983354405719424,1.897935625156794,1.8989162765432108,0.18989163464188522,0.02575574786266862,0.6958537531456075,0.002727338647562036,0.15003197647314828,0.14730463782558625,1.8989162765432108,0.04888275142718546,,,,,,,0.18989163464188522,42,syn_diag,1114,5,0.684604287147522,,,False,336908eb595b9cd3772cfb2bcb9d989661b50485ebd478c24738abade625aadf,26b6d59571ad6701be1d569d44729820bb2b331dcb07d6a19dc33ec872e63523
0.4375,0.6202243566513062,0.4523652196321609,0.729357357626323,1.931461156345904e-05,0.3445800840854645,934.4755249023438,1831.14013671875,0.0010701192077249289,1.0,1.0,0.0005117289838381112,0.02115027606487274,0.9199305772781372,0.041087109595537186,0.6490358742604109,0.9992303302271274,0.000770077461601306,0.7607578023879961,0.040175677412626266,1.8945299671604823,1.897935625156794,1.895035945060268,0.1895036012497376,0.02116809278464651,0.6490358737394165,0.01336820948806718,0.45574848873635493,0.44238027924828777,1.8950359450602683,0.04017567740969121,,,,,,,0.1895036012497376,42,syn_diag,1115,5,0.621124267578125,,,False,c58b74188a86a75666e2d22688d163b52476be7545499abb983ee6950f764057,7d5c4cdbb261f9fb3c2b95e99ac9e6c30a5cea42a497787c5fa0645aa24ee2fd
0.4140625,0.6372441053390503,0.4574016679560702,0.7177809320622227,4.399781028041616e-05,0.3165005147457123,1062.805419921875,1826.1165771484375,0.0009410648490302265,1.0,1.0,0.0005547059117816389,0.022246362641453743,0.9362306594848633,0.03723648190498352,0.5186274664249083,0.999244160569698,0.0007566179567258069,0.8550003222464025,0.05179338418712333,1.8975941259414448,1.897935625156794,1.8983015121356897,0.18983015882195714,0.02728932609756837,0.5186274666295223,-0.008751567504043732,-0.18255622052340503,-0.1738046530193613,1.8983015121356897,0.05179338416356531,,,,,,,0.18983015882195714,42,syn_diag,1116,5,0.5695677995681763,,,False,43021f66fd8a7694410311adb9ff62b093fdcdef47e3e068aea22e2cdf67c5c4,17ab86ed9a71b7a2f806636bf287c0563823e63021626b3ef2ad4cdd3143f4af
0.42578125,0.6265076398849487,0.4559676344870573,0.7277925548156702,2.4175826183636673e-05,0.15817700326442719,900.3251342773438,1646.7957763671875,0.0011113168438896537,1.0,1.0,0.0005428630392998457,0.02154536545276642,0.9278770089149475,0.04070977866649628,0.8685319382025122,0.998573405102147,0.0014269269013774718,0.49563320340101347,0.056881342369039994,1.8975024244611338,1.897935625156794,1.898703500202879,0.18987035678168993,0.02997011153331973,0.8685319386226118,0.01208946704702408,0.3900245694232936,0.37793510237626954,1.898703500202879,0.056881342367022414,,,,,,,0.18987035678168993,42,syn_diag,1117,5,0.4548388123512268,,,False,8065a5d434d4de15189c8aa7f71252416ca4cf178d5b3523ecb6a1d83e462cdb,e378dbf56f9e0b769b51e6d3bf8dc19271724d22616918d96802bd45614f4297
0.4296875,0.6432254314422607,0.4443172124417027,0.6907643878637398,0.0002569589705672115,0.3165707588195801,443.8792724609375,1374.7525634765625,0.0022529838606715202,1.0,1.0,0.000528286793269217,0.021623041480779648,0.9367325305938721,0.03199608251452446,-0.06720634396843725,1.0001501450872814,-0.0001477400852545182,0.9977390978023725,0.042447615432083474,1.8949787298153586,1.897935625156794,1.8953869004271275,0.18953869671283538,0.022365150255585928,-0.06720634276538795,-0.0034088722927261153,-0.34603195793609803,-0.3426230856433719,1.8953869004271275,0.042447615421126725,,,,,,,0.18953869671283538,42,syn_diag,1118,5,0.37572306394577026,,,False,6215ed1add116ec54bc2e3167776b97d631723a0b9f4be236f1e80508796a09b,21ea46cd597907f9a7fd62a26a762e82673479c4446f0e39e92e1ccc085e714c
0.390625,0.6614173650741577,0.4436077653823631,0.6706926716804821,0.00015433979569934309,0.16683393716812134,648.0991821289062,1613.6219482421875,0.0015433805529028177,1.0,1.0,0.0005546720931306481,0.02183639071881771,0.9321184158325195,0.03389313071966171,0.48885055234271696,0.9993203026850047,0.0006804350247563161,0.8723675472097517,0.030771977798115375,1.8987775665202595,1.897935625156794,1.8990569367677712,0.18990570006293866,0.016213393852890556,0.48885055230132785,0.0024465555762159105,0.16669799313529202,0.16425143755907612,1.899056936767771,0.030771977804102492,,,,,,,0.18990570006293866,42,syn_diag,1119,5,0.5138757228851318,,,False,fd42f5aa75899e443cec0db5517ec1adb6d5d6162f157f8bdea2ac4df2066d04,82cac6ccc4080126935ba702e8ea65de33ff0984d0ed1ba22331546c4e917b68
0.390625,0.6589681506156921,0.44935114501942125,0.6819011790852383,2.6899480872089043e-05,0.1545047014951706,1002.0741577148438,1886.7569580078125,0.001000443589873612,1.0,1.0,0.0005343073280528188,0.02156694419682026,0.922705888748169,0.03659983351826668,0.7356961967157067,0.9988503249363668,0.0011502364010660049,0.6773116757589354,0.04915148631592564,1.901022246057471,1.897935625156794,1.9015464807035,0.19015465582382665,0.02589734112390624,0.7356961973786929,-0.004774818925534781,0.040464893420935955,0.045239712346470735,1.9015464807035,0.04915148633011952,,,,,,,0.19015465582382665,42,syn_diag,1120,5,0.6860958337783813,,,False,ef02dda9bb5c28b9ef7b392ae03c42f1d0e779aa0380a7db0ce7204036a4f372,aed6a536894aec4444c71d4be86c91f8708d0eaf6ef5b57a17951f86bb5ab034
0.359375,0.6755015254020691,0.4435593356584586,0.6566370413869678,1.5052943126647733e-05,0.10836054384708405,951.7340087890625,1728.419677734375,0.0010586733696982265,1.0,1.0,0.0005377706256695092,0.02092878147959709,0.9236537218093872,0.0366976335644722,0.4418946484552694,0.9995122216888681,0.0004882698002789657,0.8970669538093072,0.032263852739514806,1.8976237904976656,1.897935625156794,1.8979208000419474,0.18979208674772977,0.016999445245584867,0.44189464833489256,0.004752251929845408,0.3553022328610785,0.3505499809312331,1.8979208000419474,0.032263852778651424,,,,,,,0.18979208674772977,42,syn_diag,1121,5,0.6012642979621887,,,False,07081147017261bcf9cb3bb88922fe2d5a66ad84ee859e69e14bf174a940077c,3f5e3c3ef493409e6d88f99fb1695b4ddebfa3834fa193d9c849fe8489a61c11
0.38671875,0.6654335856437683,0.4442467411837715,0.6676049253256218,3.0014245567144826e-05,0.16185873746871948,478.81658935546875,2006.2652587890625,0.0020894180051982403,1.0,1.0,0.0005478156381286681,0.02101745456457138,0.9240532517433167,0.035166747868061066,0.6304991433924406,0.9989339314422075,0.0010669320809241092,0.7761899446339429,0.039434694861226874,1.8978763265316017,1.897935625156794,1.898360682894976,0.18983607555232968,0.02077767777711021,0.6304991435921001,0.0025064647245051012,-0.046388875360115614,-0.048895340084620716,1.8983606828949762,0.03943469482579189,,,,,,,0.18983607555232968,42,syn_diag,1122,5,0.6535898447036743,,,False,f221d99b6825616b569672a618bfdcf8162baca7a65298c51030d7fc67c39ebe,10040d090134ddf8f4e9dc5a5fedf535eeb96f68e44c018cf689a07ce3670a31
0.45703125,0.5894224643707275,0.4676532510704247,0.7934092886840117,3.341911360621452e-05,0.5317360162734985,1018.8379516601562,1732.644287109375,0.0009815178345888853,1.0,1.0,0.000532107544131577,0.021497812122106552,0.9363338351249695,0.03606446832418442,0.39065359387839166,0.9995107086970699,0.0004899581099254475,0.9205377610659533,0.04076091117938241,1.9001150333173458,1.897935625156794,1.900544389150797,0.1900544467017711,0.021476445585973735,0.3906535946790606,0.0012913047460835203,0.09816106179496926,0.09686975704888574,1.9005443891507972,0.04076091111848172,,,,,,,0.1900544467017711,42,syn_diag,1123,5,0.6164188385009766,,,False,889534e386e77e50a44e036869f7fd814c09a095dee2bcd70521e62f9da3f3d4,26179e1c2b5c4f6c69bf3ceec90f7bffa2ac8995ff2ff918cb92f8b4ea1657d0
0.3671875,0.6748677492141724,0.4427416059596406,0.6560420537170357,4.1798084566835314e-05,0.14625614881515503,766.021484375,1675.5250244140625,0.0013075858587399125,1.0,1.0,0.0005619416479021311,0.02176065184175968,0.9338587522506714,0.03212622180581093,0.711767522139036,0.9989827517185509,0.0010177531849638593,0.7024151154418521,0.03672832616861241,1.9021597279204934,1.897935625156794,1.9022361953539582,0.19022362648613558,0.01935172388450152,0.7117675219934102,0.003628414268184602,0.1435011714484555,0.1398727571802709,1.9022361953539582,0.03672832615657413,,,,,,,0.19022362648613558,42,syn_diag,1124,5,0.5034231543540955,,,False,4d985c817689458759d3052b3a06940c6773cb1fe9b33d025e629d94cd8ea113,d619dcc757418d44bced53dac7ca180a0ea065d2ee5c535f62f0acb73e574921
0.421875,0.6323009133338928,0.4529682926230934,0.716380880122041,0.000158423456014134,0.28713610768318176,537.9080200195312,1841.353759765625,0.0018591436091810465,1.0,1.0,0.0004987855791114271,0.02028232254087925,0.9293114542961121,0.030699655413627625,0.46224050504235764,0.9993509615097523,0.0006498159963689965,0.8867545970921243,0.0460241223381044,1.8990156600927073,1.897935625156794,1.8993396758591694,0.1899339754140009,0.024249569757814077,0.46224050481853823,-0.0029141447211996994,-0.08149617678575985,-0.07858203206456015,1.8993396758591694,0.04602412232531658,,,,,,,0.1899339754140009,42,syn_diag,1125,5,0.33242106437683105,,,False,5e17184f9cb647fb7debef7e91596c41b57a21fbb86b408f22a05e7b81ed31c3,e307786cf0a90dbcfb984ce5a7395c13453e43ea75e5ceebefc99d13e8a7cb0f
0.41796875,0.6448674201965332,0.4478709320319955,0.6945163461274937,3.02513362839818e-05,0.14162227511405945,854.6874389648438,1540.541748046875,0.0011700433678925037,1.0,1.0,0.0005220717284828424,0.021207857877016068,0.9057984948158264,0.04090610146522522,0.5133685173588618,0.9993143222523811,0.0006863363578309463,0.8581682616776729,0.043467639933057446,1.8969837226865247,1.897935625156794,1.8975874079902741,0.18975874736134501,0.02290258919052829,0.5133685176136427,0.00669221526362851,0.22819840266438915,0.22150618740076064,1.8975874079902741,0.04346763994047863,,,,,,,0.18975874736134501,42,syn_diag,1126,5,0.4614162743091583,,,False,0ac5d224fb1873eb8ab26120969a1affe08e173f89370c46594c05052d9967c0,49416f3d1b969b67abeff447f1188bdb25992bde38d4d7c49e8361b26478e17e
0.46484375,0.5819728970527649,0.46781671113493134,0.8038461802968065,0.00014471428585238755,0.44917064905166626,886.06494140625,1733.1031494140625,0.0011307973181828856,1.0,1.0,0.0005321520147845149,0.0214254017919302,0.9343894720077515,0.029248222708702087,0.5648914702479304,0.9993922773669275,0.0006081174181672603,0.825165211827977,0.045360435198088425,1.8951640728373969,1.897935625156794,1.895747522532408,0.1895747592117803,0.023899880795122945,0.5648914707516279,0.005204570734906085,0.13902948870064027,0.1338249179657342,1.895747522532408,0.04536043522651491,,,,,,,0.1895747592117803,42,syn_diag,1127,5,0.4675861597061157,,,False,c148f7254fa847e41834a4a8da5e21935f92150167c3e7c001bdbffb458cfa2f,8edbba8d0123ac5dfd060704da5dea1f2866b91f220a0265bc21c0bcf42d1692
0.46484375,0.5890902280807495,0.46330385888216485,0.7864734880126896,3.584050864446908e-05,0.4509967565536499,1154.46533203125,1761.01806640625,0.0008663646294735372,1.0,1.0,0.0005258250748738647,0.02128276601433754,0.9362033605575562,0.03522590547800064,0.4630650147105736,0.9995117621197884,0.0004886755279891067,0.8863243154196813,0.03347878749720489,1.896471012316265,1.897935625156794,1.8968228954217248,0.18968229746234744,0.01763958010663374,0.46306501497430647,0.0052509697777666986,0.24714409087768655,0.24189312109991984,1.8968228954217248,0.03347878750050741,,,,,,,0.18968229746234744,42,syn_diag,1128,5,0.7199527621269226,,,False,1d97b8eeca6ce97827808307a2559a346ce3aaceb103bbd359ce96925fadfaa7,c5479596ab69a3db00df12b26926d5cfdabcd77c4facdf424761b013d50d1823
0.3984375,0.6566704511642456,0.4465979880458242,0.6800945174740032,3.06753754557576e-05,0.2564411759376526,832.2300415039062,1628.84130859375,0.0012016588589176536,1.0,1.0,0.0005391117301769555,0.021476976573467255,0.9128333330154419,0.035939138382673264,0.2071284352639567,0.9997063986727317,0.00029456949396493385,0.9783137591079887,0.042441809946707626,1.8966745780365546,1.897935625156794,1.8970922069760439,0.18970922754652023,0.022362091413495135,0.20712843475821938,0.00036822148815093326,0.2092655546191842,0.20889733313103326,1.8970922069760436,0.042441809943318615,,,,,,,0.18970922754652023,42,syn_diag,1129,5,0.491061806678772,,,False,2248f4774f2f4b7970cabd7a75fc6db998fe5c6f05a8e19d9fc11f078fe88a67,b8cd5f4d0ffaecf8f09eccd43e5c03f2456494f466836cdf13c1898bf22cd4b9
0.4453125,0.6021656394004822,0.46242825722684305,0.7679419560057322,0.00016349158249795437,0.23843565583229065,947.4361572265625,1682.7908935546875,0.001055566011928022,1.0,1.0,0.0005670563550665975,0.022306133061647415,0.9403809309005737,0.032811302691698074,0.42994392117153213,0.9993484045121003,0.0006525349381142684,0.9028555945506929,0.04508248327214337,1.8967912352987824,1.897935625156794,1.8973897797507493,0.18973898411899973,0.0237534311883709,0.42994392095143436,0.010157018563916662,0.3037242084818786,0.29356718991796193,1.8973897797507493,0.04508248327499965,,,,,,,0.18973898411899973,42,syn_diag,1130,5,0.6411855816841125,,,False,56fd7c7d5773948a474ffcf2e52659482fcc2d802c1feb9191ca06e4d0b7e222,d04e306c5ec813e1bf444275c36ab5d03cf82365efafe0c782c7fa872c5a6cdc
0.41015625,0.6353681087493896,0.4550326000643655,0.716171620825999,1.7478181689511985e-05,0.20121437311172485,958.568359375,1574.997314453125,0.0010435881558805704,1.0,1.0,0.0005860489909537137,0.022234417498111725,0.9412506222724915,0.035928912460803986,0.4716593174957029,0.9993748903069021,0.0006257945024592084,0.8817808617700059,0.04364067899063186,1.8995448564292738,1.897935625156794,1.8999888228600867,0.18999888798835846,0.022993761438564905,0.47165931740679096,0.0031416070102080074,0.05957811046999367,0.05643650345978567,1.8999888228600865,0.04364067900754089,,,,,,,0.18999888798835846,42,syn_diag,1131,5,0.6329958438873291,,,False,fe5416cc51e6d92b616a2acc3b9c5455aca198034fc15ff073cb516d8c7de4eb,bbd6e3931f02008bcaec8bcfb69f5afa18257bc434257a78a2911b76b1b4ce5c
0.40234375,0.6681360006332397,0.4361415497331243,0.652773579460998,7.363151962636039e-05,0.22734804451465607,367.80303955078125,1432.98291015625,0.0028556701727211475,1.0,1.0,0.0005278619937598705,0.021913204342126846,0.9343652129173279,0.0347662977874279,0.5411108282334159,0.9993319452662818,0.0006685949351415487,0.8409512896324383,0.041495566929591096,1.8973009780695256,1.897935625156794,1.8977452360578382,0.1897745299326074,0.021863527076236403,0.5411108280738939,0.0046489553460785996,0.13205709728010295,0.12740814193402436,1.8977452360578382,0.04149556693702657,,,,,,,0.1897745299326074,42,syn_diag,1132,5,0.28751426935195923,,,False,048d9209ea88c03d4e34b435ce717a19c5e6c7752d8433a6b4c53e4d4b708397,fce21d5110ba4e21f10ab1533b58e3ca857674ae70865074a2d70b8e46c0527b
0.4375,0.6060879230499268,0.4642114008419553,0.7659143339733757,0.00018999347230419517,0.31735289096832275,942.14306640625,1759.2518310546875,0.0010616248473525047,1.0,1.0,0.000503101444337517,0.020957039669156075,0.9333186149597168,0.02854635752737522,0.7165993209816408,0.9991905015361454,0.0008098093521322548,0.69748506302465,0.03720519124632742,1.8975680140089177,1.897935625156794,1.8979074833145912,0.18979075614080335,0.01960297849577179,0.7165993208067187,-4.984728852975732e-05,0.14444918463592565,0.1444990319244554,1.8979074833145912,0.03720519123795627,,,,,,,0.18979075614080335,42,syn_diag,1133,5,0.6286830306053162,,,False,2e0a55cac4860466a4be2d4eea9a4ab95ba3f7baa9fed5d0f9c92208df40d806,55ba8bfe6ec1518f78a5d83e98f0625938fcbdf929947a0745a038f94b65134b
0.40625,0.6510951519012451,0.44894453548652813,0.6895221537764946,4.231531056575477e-05,0.1731824278831482,835.9544677734375,1672.46923828125,0.0011971400817856193,1.0,1.0,0.0005208179354667664,0.020985422655940056,0.912293016910553,0.03864233195781708,0.6748611353589746,0.9989900858521499,0.0010105252617185435,0.7379447458714817,0.04804262175320181,1.8953042991241664,1.897935625156794,1.89585642602948,0.18958564943184425,0.02531309340336954,0.6748611347713964,0.005752860286262508,0.24698510436222387,0.24123224407596136,1.8958564260294801,0.04804262173129842,,,,,,,0.18958564943184425,42,syn_diag,1134,5,0.45132341980934143,,,False,c84ee59e948f5e674f4e05c7a8a7769042d0e3232948d369edccb2681fd37c85,7e7a59125f7541abf4dbb0d6f3802175b4a50795c32f09ac712d974026f8e21b
0.3828125,0.6720609664916992,0.4373770600756856,0.6507996600430798,1.602069824002683e-05,0.14123275876045227,618.847412109375,1550.202880859375,0.001633278327062726,1.0,1.0,0.0005423133843578398,0.02128465473651886,0.9305158853530884,0.03930656984448433,0.5706987405523724,0.9986951540613487,0.0013066155353524376,0.821159514043619,0.04889211480455643,1.8965185608345043,1.897935625156794,1.8971123595116604,0.18971124186925514,0.025760681319468643,0.570698740805922,0.00025640703087176164,-0.09083589379275443,-0.0910923008236262,1.8971123595116604,0.04889211480445122,,,,,,,0.18971124186925514,42,syn_diag,1135,5,0.4228631854057312,,,False,43d49b7872cc1283b8bf2a16440a255ebbc76fc7c19f5cadb5ff50b59bc85221,735cabc156119ec97cbf4271070ea5305960824c6beb69a6523c0462e79ba246
0.484375,0.5701408982276917,0.46171182628298457,0.8098206145635627,2.2069885744713247e-05,0.7400075197219849,1135.015380859375,1847.0733642578125,0.0008819145150482655,1.0,1.0,0.0005189268267713487,0.02080591768026352,0.9188265800476074,0.03905503451824188,0.4107225511357285,0.9993741758104071,0.0006267928118101528,0.9117603774886451,0.05483179908479625,1.8986336894244906,1.897935625156794,1.899455920545991,0.18994560023158166,0.028890231237551873,0.41072255153407966,0.0009269114490566907,0.165090539243236,0.1641636277941793,1.8994559205459909,0.0548317990625446,,,,,,,0.18994560023158166,42,syn_diag,1136,5,0.7495128512382507,,,False,956144720ea2d57a26a1368efd866b72511aaaef9d1061ab7ecb3dbf8d73915d,e230077edddfb72b8ad845a2f48abd0ded428385866bee2ac4818d0ee953eaac
0.4921875,0.585445761680603,0.4537645533205329,0.7750753161295773,0.00015664793318137527,0.762920618057251,574.8766479492188,1594.0526123046875,0.0017411382868885994,1.0,1.0,0.0005319416522979736,0.021492917090654373,0.9371671676635742,0.028636228293180466,0.45224550343563985,0.9992901995677722,0.0007107836073001744,0.8918934939719135,0.04847916505281467,1.8979688099923753,1.897935625156794,1.8986454425758479,0.18986455268413216,0.025543102943117006,0.4522455031186327,0.007157428290058863,0.20080536228136084,0.19364793399130198,1.8986454425758479,0.0484791650611294,,,,,,,0.18986455268413216,42,syn_diag,1137,5,0.5403633117675781,,,False,cdaac3eb7e3812bd7dedbd8225800bf1fc44f686c659a45e7cec106f93fed492,8a2b3b3b4fb4ba97128a60fb4db74c085f9881afd45f37690d891d90071dfa37
0.44140625,0.6202424168586731,0.4504865955608751,0.7263072937747768,4.9623682571109384e-05,0.3607480525970459,687.7356567382812,1773.900634765625,0.0014584920136258006,1.0,1.0,0.0005169641808606684,0.021239567548036575,0.9253027439117432,0.03954843431711197,0.5130311971488837,0.9989764564170094,0.0010250156838054138,0.8583699614521157,0.05138704665848334,1.8988986689751404,1.897935625156794,1.8998026422639323,0.18998027129801048,0.027075231623944585,0.5130311968164623,0.002018431694369807,0.08876408434586233,0.08674565265149252,1.8998026422639323,0.05138704665277712,,,,,,,0.18998027129801048,42,syn_diag,1138,5,0.5436899662017822,,,False,3ca8bfb3cf3c746ec443f83a86c3a31635678c307cacf567ff73b3d5d34db7d6,ac6543b3f1295a9c0ab5082af92d728852977840628ab4bdcb5e0c9119773508
0.41796875,0.619945764541626,0.460703684178617,0.7431354596374151,3.3038762921933085e-05,0.315607488155365,633.8557739257812,1719.392822265625,0.00158038386143744,1.0,1.0,0.0005222609033808112,0.0210808664560318,0.9166182279586792,0.041594840586185455,0.338848401326739,0.9992674584106523,0.0007346233930953685,0.9408409859724236,0.054054900091768325,1.8969281893274823,1.897935625156794,1.8976404283168937,0.1897640494783224,0.02848089227856409,0.33884840158056734,0.01252099480876402,0.3156119345192624,0.3030909397104984,1.8976404283168935,0.05405490013137825,,,,,,,0.1897640494783224,42,syn_diag,1139,5,0.5226083993911743,,,False,9d8ac4cd32b0be0fad7a42117152dd448d549c1a9582028d9982fc0236f71538,4aaa9614180f810a200f2751cb37e2ae91d3216dd4f910b0c2ce89fccba2566c
0.390625,0.6681214570999146,0.4388435752852086,0.6568319867785654,2.026717265835032e-05,0.11091707646846771,1000.3013916015625,1675.9903564453125,0.0009997114539146423,1.0,1.0,0.0005323730874806643,0.02090710774064064,0.9270275831222534,0.0334332175552845,0.7564269707956464,0.9990334628968748,0.0009668869408841139,0.6540781588111154,0.044602277549345926,1.9001619220285701,1.897935625156794,1.9005224798570894,0.19005225438860499,0.023500416430424345,0.7564269723595023,0.003960124574189761,0.11891471518380263,0.11495459060961287,1.9005224798570897,0.04460227761548726,,,,,,,0.19005225438860499,42,syn_diag,1140,5,0.5897858142852783,,,False,7c17eeebcae25dc4bc574f2bb4fc6bb3eafe95d4a6b5a09c908b2ff929b956a8,a487b2ab7c091187efaee9bababcb00c48ea5b6bb95d73716d58f03fac738a44
0.38671875,0.6639859676361084,0.44590830144998395,0.6715628429210283,5.2491934184217826e-05,0.0952197015285492,347.5709228515625,1704.9207763671875,0.0028916229493916035,1.0,1.0,0.0005211773095652461,0.021070517599582672,0.914795994758606,0.03253614157438278,0.5432168309998705,0.9992220141185231,0.0007787107363824565,0.839592445467079,0.04263384623582667,1.8931371516086488,1.897935625156794,1.8935470200204798,0.18935470892117354,0.022463273079813807,0.5432168305150057,0.00035098511117160323,0.030695215675672023,0.03034423056450042,1.8935470200204796,0.042633846221644726,,,,,,,0.18935470892117354,42,syn_diag,1141,5,0.3894332945346832,,,False,5eadab272a9db2e400eecd0d43b771e4a0e24fd14cff1c567730a0ed7e7ac63c,04ad6b08b2df5387f45d39ee6541005ce9631143c2d43effc8f35431f97a4101
0.40625,0.6465857028961182,0.4491947787558581,0.6947180776084129,4.0036091377260163e-05,0.1504918485879898,542.9666748046875,1618.7879638671875,0.0018420633859932423,1.0,1.0,0.0005403260001912713,0.021663162857294083,0.9337344169616699,0.03477031737565994,0.4738468081391448,0.9991965567954539,0.0008045619387350792,0.8806072918109991,0.060483140661526116,1.895201683335858,1.897935625156794,1.8958598815522327,0.18958599419025957,0.03186785677016709,0.4738468076729676,0.00340258248444766,0.14837324637184401,0.14497066388739635,1.895859881552233,0.06048314063808116,,,,,,,0.18958599419025957,42,syn_diag,1142,5,0.3694845139980316,,,False,b04e04cbd6cb1ce1040d81e5664c6578359daf5d3e42ef2d6d0ca22a7298c6ab,fd7a8b031e2a58b8c5baf66bd5d6316d0b4d219744d9acd66fc9cdca99288e66
0.359375,0.6917614936828613,0.4362111554534614,0.6305803020247305,1.678400076343678e-05,0.07988099753856659,899.45849609375,1611.251953125,0.0011125628370791674,1.0,1.0,0.0005527614848688245,0.021805161610245705,0.9176979660987854,0.03467286378145218,0.5257558845168885,0.9993127865220338,0.0006878331381348573,0.8506354976471987,0.037718787631208284,1.8980784538756394,1.897935625156794,1.8985507040615617,0.18985507730951667,0.019873586401579005,0.5257558829876811,-0.003271728141012992,-0.11891212223956006,-0.11564039409854707,1.898550704061562,0.03771878763736499,,,,,,,0.18985507730951667,42,syn_diag,1143,5,0.6180146932601929,,,False,28e902aef11d9b650738a7d90b0705114bae891bc1b6beebf9f86e37ff0e5cc9,b31d75ae5e11b0c93756b1cc6d39162818e58d4fa40b3947df9072280a6be252
0.3984375,0.6610350608825684,0.4469968565309463,0.67620746789279,1.9367405911907554e-05,0.13141053915023804,987.4231567382812,1667.55419921875,0.0010127474088221788,1.0,1.0,0.0005435638595372438,0.021131018176674843,0.9252229928970337,0.037639789283275604,0.6204908694164312,0.9994289112275572,0.0005713496399883927,0.7842136704596167,0.03504481142016491,1.8983971515269642,1.897935625156794,1.89870300665079,0.18987030762478838,0.018464699727237213,0.6204908688751432,0.003511708845264583,0.18176998332091676,0.17825827447565218,1.89870300665079,0.03504481141853699,,,,,,,0.18987030762478838,42,syn_diag,1144,5,0.8193474411964417,,,False,b0fa757edd6905779af378e2cccb96d42dc2eb5e4f9d9a34bb776ede75e76a47,1e75e99c5fe37702b9344799aebaaddd1ddb0ef7803a042c3ffd3513c492723c
0.40234375,0.6557050943374634,0.4496236215084844,0.6857101649139685,2.0129955373704433e-05,0.12263822555541992,796.733642578125,1657.6439208984375,0.0012674311874434352,1.0,1.0,0.0005373941385187209,0.021203530952334404,0.9360089302062988,0.030601827427744865,0.31341686022430004,0.9996452027668739,0.00035537713457641363,0.9496156441848773,0.03880071238299154,1.9029023439762485,1.897935625156794,1.9033245112553705,0.19033245729753168,0.020443639851992164,0.3134168601800593,0.002459295732893493,-0.008880160577883852,-0.011339456310777344,1.9033245112553705,0.03880071236632346,,,,,,,0.19033245729753168,42,syn_diag,1145,5,0.48922741413116455,,,False,740d1b3b9b9b3a2d7b0dd303520eb15f6ec4fe0a55aaaba7c2fecfb0a08964af,ca0b066a70038fa15054880eab729e1526babe1d8bc7709e16738780aae601f7
0.3984375,0.6487131118774414,0.45052193699994697,0.6944856111192905,5.285294173518196e-05,0.1177385002374649,682.7769775390625,1847.3787841796875,0.001485132146626711,1.0,1.0,0.0005120077985338867,0.02098737470805645,0.9279611110687256,0.03534747660160065,0.610753120175919,0.9991775364807038,0.0008230332701127274,0.791821082166941,0.039993667743463315,1.8926022641753788,1.897935625156794,1.893046600103763,0.18930466738438684,0.02107219402667477,0.6107531207406968,0.0024870118530855496,0.03983129531706065,0.0373442834639751,1.893046600103763,0.03999366774993236,,,,,,,0.18930466738438684,42,syn_diag,1146,5,0.338781476020813,,,False,738f282d43e769ec4b44eadc9500b5501c9ac6f45b4a522cd28c67d86fa2e3cb,2511c4e09db4f1a882679659039bfbf4d5e2e8691311f846ec88ddaf118c6f29
0.41796875,0.6270635724067688,0.45964305452769627,0.7330086991143435,3.302523691672832e-05,0.20152853429317474,870.069091796875,1730.623291015625,0.001150178606621921,1.0,1.0,0.0005330096464604139,0.02072431892156601,0.9377436637878418,0.032934583723545074,0.49512426102006785,0.9993267914997552,0.0006739081769795163,0.8688221717433597,0.041380306788132495,1.9054864989041485,1.897935625156794,1.9060178943836363,0.19060179608601768,0.021802797860803177,0.4951242614633231,0.006791010234189489,0.1735303024395577,0.1667392922053682,1.9060178943836363,0.041380306779345226,,,,,,,0.19060179608601768,42,syn_diag,1147,5,0.41422098875045776,,,False,21409a058765b775f8635af379f4c9f3d18091e857d663e2bf122b9bd36d8ea7,cfd861e8b6e089877b1bc57464e43c20a4cdbdc5cced868a7058b42d183096a5
0.4140625,0.6426352858543396,0.44832846544164195,0.6976405523000568,2.7224641598877497e-05,0.28941988945007324,938.2735595703125,1839.1444091796875,0.0010669557377696037,1.0,1.0,0.0005504620494320989,0.02186676487326622,0.9348013401031494,0.035789910703897476,0.41160794860313277,0.999533061113681,0.00046747480975426804,0.9113610133238758,0.04152965599634318,1.8954860187855658,1.897935625156794,1.895930647881175,0.1895930710667333,0.021881488205318034,0.4116079481042716,0.001681811553350642,0.08920833379923016,0.0875265222458795,1.895930647881175,0.041529655985504774,,,,,,,0.1895930710667333,42,syn_diag,1148,5,0.5535807609558105,,,False,ef924d6cc68a46219b48549b3ba45068bec1ae44d67e7fb9847c5f45cfcfc43e,6d4b71ec3b78749b497c1457057dde409ca86104cff990c41858233948d316bc
0.4375,0.6047849059104919,0.4650795825104806,0.7689999949433035,0.00013206046423874795,0.24826765060424805,1048.1234130859375,1797.2703857421875,0.0009546854998916388,1.0,1.0,0.0005437135114334524,0.021916477009654045,0.9377654194831848,0.03594715893268585,0.7227156459587504,0.9992744246554818,0.0007258164143458713,0.6911454948571925,0.03816456598083289,1.8961117947506625,1.897935625156794,1.8966400778284744,0.18966401560655724,0.020108461780762397,0.7227156457030561,0.0037705516490124306,0.22049944938306462,0.21672889773405218,1.8966400778284742,0.03816456603315014,,,,,,,0.18966401560655724,42,syn_diag,1149,5,0.6689379215240479,,,False,de73af148e3fa34fc67d6ffb2a50991b5206c0955ec57a85eeb2ec7c240fa04b,780eb1cd900f447292fa765db45319281276bfc44805c7eabc95cd487d2ba516
0.41796875,0.6318439245223999,0.4585790785666486,0.7257790751542128,3.6991485103499144e-05,0.3290536105632782,1011.1190185546875,1724.6387939453125,0.0009905013721436262,1.0,1.0,0.000528409203980118,0.021410711109638214,0.9378651976585388,0.029402168467640877,0.617256908137766,0.9993289612588186,0.0006714051664282876,0.7867616597937404,0.035570072048464504,1.8933348127843435,1.897935625156794,1.8936580317504026,0.1893658106424337,0.01874145338596888,0.617256907951658,0.007891906044054375,0.22875120140238486,0.2208592953583305,1.8936580317504026,0.03557007204549724,-5.666543796982364,0.03759957025197779,1.6414122202044634,101.41287231445312,0.5692534446716309,0.5705350041389465,0.1893658106424337,42,syn_diag,1150,5,0.5763735175132751,,,False,1f84716aa5d6a1a1e916a1d898b5aca12267f2f3dbbac2d310a51dcfacdf5b3e,7d837bb899fe74d11e58e4aeb80d21cd82aec61edf4bfb6b16ba48b9b737cd36
0.4140625,0.642510175704956,0.4469811618989678,0.6956795554202404,1.9021706975763664e-05,0.14764031767845154,752.3424072265625,1560.7684326171875,0.0013296123361214995,1.0,1.0,0.0005104134324938059,0.01950683817267418,0.9085726141929626,0.05360032990574837,0.46232956987439694,0.9990899120049798,0.0009116178471701879,0.8867081643842316,0.046111895761222044,1.9014591342209513,1.897935625156794,1.9021308166882367,0.19021308921875044,0.024295816544034947,0.462329569199051,-0.00414968566045954,-0.047848018334474815,-0.043698332674015274,1.9021308166882367,0.04611189575292972,,,,,,,0.19021308921875044,42,syn_diag,1151,5,0.42161595821380615,,,True,5f4d3f59aa6d1e8baf0a3204a9ea48edfb0fb83b807023ab78aa3f907cb18a0e,c76063c836b71cf9678bd7b7247d605d172a6c272225d4a788264d159f6c3b1d
0.41015625,0.6475541591644287,0.45162341379484505,0.6974296049655863,3.459877916611731e-05,0.14405837655067444,928.7589111328125,1689.412841796875,0.00107892497908324,1.0,1.0,0.0005095194792374969,0.018880639225244522,0.9008854627609253,0.0690619945526123,0.34100256508984206,0.9995692129461256,0.0004314948473148569,0.9400623652456278,0.03469365371628235,1.9001202203851195,1.897935625156794,1.9003732617405362,0.19003733244711302,0.018279678855492226,0.3410025631309199,0.0006487218510546882,0.1441079490842313,0.1434592272331766,1.9003732617405362,0.03469365368570435,,,,,,,0.19003733244711302,42,syn_diag,1152,5,0.5609060525894165,,,False,4c4655095a7b64a9e1706cf9a806d2fb1756956af171e6bebeb7b77c053d33bd,3fa3a13afcd60a10cd70ffe4c7c16ca4d518d000b33a3b18562d5e9027855666
0.4375,0.6115148067474365,0.4596697709266033,0.7516903394794933,0.00015344214625656605,0.2387596070766449,688.5756225585938,1754.1334228515625,0.0014524208381772041,1.0,1.0,0.0004945101100020111,0.018883872777223587,0.9164198637008667,0.05722881853580475,0.4053076420970176,0.9993719452264249,0.0006290619930822248,0.9141803515826531,0.04401717978369143,1.8998997286552914,1.897935625156794,1.900144494189685,0.19001445670495937,0.023192135286480987,0.40530764395278934,0.0024068691931152185,0.03795112801000704,0.03554425881689182,1.900144494189685,0.044017179751513605,,,,,,,0.19001445670495937,42,syn_diag,1153,5,0.3888387978076935,,,False,0c1bd4ddaaf3d19df7276cf8c13e02684872edd639ab84b20d3168d8ad21e46b,781a39f40db327358f00fb67c7bfc176493afd6eb4eecdef4ae6a3bb412d4c62
0.42578125,0.6371713876724243,0.450830432232464,0.7075497039780849,4.3416162952780724e-05,0.27153125405311584,911.9306640625,1942.7154541015625,0.0010969408322125673,1.0,1.0,0.0004997266223654151,0.01891339384019375,0.8995772004127502,0.05376815050840378,0.5681632293521226,0.9992844968907624,0.0007160412819946449,0.8229158795286589,0.042669804610453714,1.8995657465495575,1.897935625156794,1.9000621161527913,0.1900062179742175,0.022482219125269938,0.568163229325855,0.009058483265740672,0.3220537846372876,0.31299530137154696,1.9000621161527913,0.04266980459180442,,,,,,,0.1900062179742175,42,syn_diag,1154,5,0.5450023412704468,,,False,c24bdc6fe8ee7b3fe5c3aba151f760261790b0b9c9ca7a41ec3cef7a7ef39ddf,b20281fab6bec19594a69bcd8ea2c3a74e1209b3b7d34f58f51adc9f30071a8a
0.44140625,0.6161534190177917,0.4622699470243584,0.7502513451952607,4.992228059563786e-05,0.3044137954711914,956.18701171875,1848.8768310546875,0.0010464980732649565,1.0,1.0,0.00047985927085392177,0.018696201965212822,0.8983558416366577,0.06044875085353851,0.18692727475526555,0.9998164778796483,0.00018398968849300666,0.9823737546870691,0.0353501062671257,1.897480188976171,1.897935625156794,1.8977445386639107,0.18977446013810792,0.01862555599807907,0.18692727296122832,-6.889722847576604e-05,-0.004836863794432677,-0.004767966565956911,1.8977445386639107,0.03535010632745145,,,,,,,0.18977446013810792,42,syn_diag,1155,5,0.6076915860176086,,,False,2a87fa9707656e8dcf694d291015b905840d5447678ac29af3dfc1b7fff116ed,1eb4202890418ec62860f3efd78b8afa87d724a313ae0e3cf0acb5e05c39ec3d
0.46875,0.5836788415908813,0.46305833450735145,0.7933444021908176,3.1897427106741816e-05,0.5654830932617188,587.6917724609375,1636.9991455078125,0.001701628090813756,1.0,1.0,0.0004957239725627005,0.01970416121184826,0.9103352427482605,0.05325324460864067,0.020710432535317846,0.9999650165782993,3.6539165640732295e-05,0.9997855159637103,0.03745293254972109,1.898939925714442,1.897935625156794,1.8993020483226017,0.18993021130525523,0.01973351048016039,0.020710434418886644,-0.002160743483828621,-0.034882905992311135,-0.03272216250848251,1.8993020483226017,0.03745293256244077,,,,,,,0.18993021130525523,42,syn_diag,1156,5,0.2761649787425995,,,False,f8f187f4d0a9aef66ceeaf90bae82f36207f1ecff262a5e027edff8fede86268,5673e50dda2f0eef9bd0eae871a2e4786d7a2b3ca0ca927ffa77cf988331befc
0.3984375,0.6427903175354004,0.46050040228329947,0.7164083678400509,4.288673517294228e-05,0.2348960041999817,1053.3983154296875,2070.12353515625,0.0009494544356130064,1.0,1.0,0.0005237460136413574,0.019569318741559982,0.9090815782546997,0.055456746369600296,0.43005770222229395,0.999534484072111,0.00046599462974920603,0.9028014027005069,0.03949062054818621,1.892672015412394,1.897935625156794,1.8929350124794748,0.18929350794525243,0.020807144365027112,0.4300577061135303,0.0022695663603244363,0.18740997277373495,0.1851404064134105,1.8929350124794746,0.039490620520424666,,,,,,,0.18929350794525243,42,syn_diag,1157,5,0.5799932479858398,,,False,42a49a6777ef2930b11f194e56724f9ee24d2c12b2797feacc6d2828e00a2268,28bcf696bb63e93772821c268e630e943b6f9b4135dbc94d4811cf36e8c180ef
0.3984375,0.6422072649002075,0.4576857401568558,0.7126761027778946,1.9338685888214968e-05,0.2250061333179474,918.3179931640625,1828.1307373046875,0.0010891875717788935,1.0,1.0,0.0004984687548130751,0.018961045891046524,0.901983380317688,0.06058121845126152,0.5710713770544054,0.9993891310073604,0.0006112552535870679,0.8209004094727909,0.03683451214058601,1.8990456324911589,1.897935625156794,1.8994171577262768,0.18994172343106364,0.019407672026559696,0.5710713768953201,0.003355196071279573,0.07016421709918763,0.06680902102790806,1.8994171577262768,0.036834512098996616,,,,,,,0.18994172343106364,42,syn_diag,1158,5,0.5824834108352661,,,False,b24263f9b8bcdeb8e0e02deca0b78318cee793f27ec4f225d472e555573f0285,da09830828373f473d73780afcc2db4898dac16e0d032bc0c8763ed653d80400
0.42578125,0.627960205078125,0.4533884472768923,0.7220018720162253,0.00015606929082423449,0.21777725219726562,894.90185546875,1802.2291259765625,0.0011185540352016687,1.0,1.0,0.0005238082958385348,0.01926353946328163,0.9093453884124756,0.05630645155906677,0.634699062139217,0.9992066039136133,0.0007938635624751844,0.7727594065974809,0.03441051640407054,1.8926503298617137,1.897935625156794,1.892923183772171,0.18929232567508075,0.018130497129590292,0.6346990623381684,0.002817519774174734,0.23272495891090225,0.2299074391367275,1.892923183772171,0.03441051647285722,,,,,,,0.18929232567508075,42,syn_diag,1159,5,0.49350252747535706,,,False,33d0516dfa999510f379c1621014063d336147a52cba4f9b6ef728aa211bdd6a,dd3cd1b0eafec17a0e839233ea2e8a716185b8fda515ae4c624fb1204f6a8eb8
0.4375,0.6086083650588989,0.4664031712638379,0.7663436347945939,0.0001533904578536749,0.46089425683021545,1019.747802734375,2301.9677734375,0.0009815639350563288,1.0,1.0,0.0005201327730901539,0.02031755819916725,0.909432053565979,0.0565081462264061,0.5996036427362053,0.9994383398318412,0.0005619415981428056,0.8002971145682489,0.04104518869856804,1.896546029663343,1.897935625156794,1.89703644340605,0.1897036515468218,0.02162622807354467,0.5996036445672902,0.0016987563160261638,0.13309050601237074,0.13139174969634457,1.8970364434060503,0.041045188629883114,,,,,,,0.1897036515468218,42,syn_diag,1160,5,0.7839623689651489,,,False,b3f4e77614b5067a94f5a5bec33c3e8bced851e20498d8ca9949b7cd116d9c71,c7e1e2ed157cdfe2d21aa5a809b3bbaa5ef33fb4dc4f795aa3014a6619dff855
0.45703125,0.5935279726982117,0.4640887846678837,0.7819156205464257,2.3421875084750354e-05,0.4248150587081909,1224.942138671875,3040.850341796875,0.0008163650054484606,1.0,1.0,0.0004925753455609083,0.0196978822350502,0.9039360284805298,0.06715540587902069,0.5422036919306111,0.9994529946713271,0.0005473652862098041,0.8402470805840327,0.05263882210945647,1.8984949346758626,1.897935625156794,1.8992620979944432,0.18992621700722961,0.027734777413791413,0.5422036941280002,0.009389665200818438,0.26040893456717107,0.2510192693663526,1.8992620979944432,0.05263882211900808,,,,,,,0.18992621700722961,42,syn_diag,1161,5,0.8914114236831665,,,False,68cc65e36dfa7f5b8e6ac63f5cc96c0ed54fbafc80cce80136fc93e03001080d,e16a6ace7758e0a71feda6d3c9a5e8abd4d849976ddd0b306dd125ec7de2c1cf
0.3515625,0.7053855061531067,0.42990461051737405,0.6094605297376986,1.0286039469065145e-05,0.06741592288017273,809.5457763671875,1708.6065673828125,0.001237921416759491,1.0,1.0,0.0004777308786287904,0.018429651856422424,0.89214688539505,0.06540355086326599,0.5597422347282919,0.9989650282822411,0.0010361494551638737,0.8286667790073989,0.04447360838948389,1.8977222190135103,1.897935625156794,1.8982572851800217,0.18982573407756168,0.023432622160610088,0.5597422366848056,0.005644109746759098,0.22090625406052547,0.21526214431376636,1.8982572851800217,0.044473608514797,,,,,,,0.18982573407756168,42,syn_diag,1162,5,0.4368775188922882,,,False,2896b98a1eb3badd998d690b3d1a11f39f1bfb461efabe64f9edd11cccb162d8,649440abee451b36551248241fdc6092f776bce8c41cc219b03f202052789f45
0.41015625,0.6462148427963257,0.4518370759296772,0.699205657142717,2.9695253033423796e-05,0.24226632714271545,1215.5595703125,1841.1429443359375,0.0008234877604991198,1.0,1.0,0.000530522083863616,0.019652947783470154,0.9102760553359985,0.06173566356301308,0.5659101811588053,0.9993703261489794,0.0006300954579595452,0.8244668985644672,0.04209358336582129,1.8974888979843483,1.897935625156794,1.8979342943379616,0.18979343631150206,0.022178614916046814,0.5659101799181284,0.002386025329987791,0.07399997608244802,0.07161395075246023,1.8979342943379616,0.0420935833310102,,,,,,,0.18979343631150206,42,syn_diag,1163,5,0.7003710865974426,,,False,ef0f3116eeba9e3f830877ff87aec497b8157176c7b003aab11475e24d0bd09d,5546878cf01052dad2ddb50064234fb893d77ef3c557e6d2a092c4750b30d0cf
0.44140625,0.6062753200531006,0.4650530299846636,0.7670657356117265,0.00013969515566714108,0.40257489681243896,1111.27294921875,2405.59375,0.0009013129165396094,1.0,1.0,0.0005034323548898101,0.01936762034893036,0.912996768951416,0.05709591507911682,0.6470720374841572,0.9990412287305741,0.0009594108412937605,0.7624288676869789,0.0491529981754024,1.896367885845031,1.897935625156794,1.8970784261650377,0.18970785111659905,0.025898137704916006,0.6470720401530755,0.0018779652390011794,0.0450468573742811,0.04316889213527992,1.8970784261650377,0.049152998175098654,,,,,,,0.18970785111659905,42,syn_diag,1164,5,0.5898504853248596,,,False,f18f78027dfaffbf88e19755340e7e907758a967ebab704287788361158357c3,c2ddd09877985f9929e76cc332f573ffd99f0ad0e630d7c4d69b722960312445
0.4453125,0.5966074466705322,0.46269910745460974,0.7755503017194922,1.2447669178072829e-05,0.36246687173843384,885.5040283203125,2035.433349609375,0.0011293207062408328,1.0,1.0,0.00048017865628935397,0.018495282158255577,0.8929398059844971,0.05980084463953972,0.4242625984663379,0.9992641126575174,0.0007371259061573278,0.9055392026362545,0.05208429030671661,1.9013166958506247,1.897935625156794,1.9018856990774204,0.190188576281561,0.02744260111687736,0.4242625986906863,-0.0007826289068134357,0.07691794127141692,0.07770057017823036,1.9018856990774207,0.052084290306054,,,,,,,0.190188576281561,42,syn_diag,1165,5,0.3706185817718506,,,False,fbad2600a8d95620c10e1e6c9ef419c5408566afc80e6429073f51e2ebb7da8a,c38209285566a9457c653440ee49126b045d0e1023779d37592621d0e8f2678b
0.36328125,0.6877864599227905,0.43494776223695836,0.63238779241201,4.0196740883402526e-05,0.12525396049022675,686.8897705078125,1723.3289794921875,0.0014562358846887946,1.0,1.0,0.0005156123079359531,0.019339729100465775,0.9088270664215088,0.055804766714572906,0.6111713566453456,0.9989913897077068,0.0010094656849994243,0.7914983087691133,0.039250886798994356,1.8982153172283711,1.897935625156794,1.8985404813798894,0.18985405558256924,0.020680831466942426,0.6111713561110672,0.005633829337309585,0.2596876627701919,0.2540538334328823,1.8985404813798894,0.03925088681923004,,,,,,,0.18985405558256924,42,syn_diag,1166,5,0.4140872359275818,,,False,6dc0a026dd4e3f8da449ed10c8ce6ad15a44ad06cd0a55e22b5284c66fc9b643,db2e162525130c75651363b0a921de7d50f275d0c00fd1d5d8d113895d227601
0.4375,0.622093141078949,0.4539360510931565,0.7296914489152343,0.00025035388534888625,0.3909474015235901,1100.104248046875,2318.833251953125,0.0009100133902393281,1.0,1.0,0.0005408540600910783,0.02008681744337082,0.9081919193267822,0.054015710949897766,0.011066218780956837,0.999986452568503,1.4393172582010038e-05,0.9999387675004381,0.0387571449278012,1.8990540870740584,1.897935625156794,1.899280649368944,0.1899280719462596,0.020420684671314356,0.011066215481387944,-0.008434385975310507,-0.24695052811874227,-0.23851614214343175,1.8992806493689438,0.03875714487397056,,,,,,,0.1899280719462596,42,syn_diag,1167,5,0.542205810546875,,,False,7c28f11927860a60c96693577c68182a035e26eae80054158db66f1e9b31080b,4d70f207fd4715841fa7967dde4e0ffb05377a34d3072aed6d81dd9ab4db54bc
0.42578125,0.6361207365989685,0.4486431606894956,0.7052798978970185,2.7086123736808077e-05,0.3477242887020111,639.8367919921875,1722.565673828125,0.00157009600661695,1.0,1.0,0.0005266201915219426,0.019848663359880447,0.9046093225479126,0.05289210379123688,0.504315987449921,0.999038905283915,0.0009624539252495082,0.8635191861069654,0.05408206948703373,1.8950436845124055,1.897935625156794,1.8957794649387982,0.1895779538221258,0.028495207513973164,0.5043159866120658,-0.0010074395798956015,-0.13341106008238907,-0.13240362050249346,1.895779464938798,0.05408206947034037,,,,,,,0.1895779538221258,42,syn_diag,1168,5,0.3920591175556183,,,False,5a2918ad048f39b74750ccfc3f551f9d1a773c746f84bde8172d27364e3608ee,0f3670ced482ce1a1166197b9b8c88fe7b7fea55589c5e7f31590a1b17fffffc
0.41015625,0.6418167948722839,0.44979355557379297,0.7008129962694806,3.5537137591745704e-05,0.19684892892837524,595.1226806640625,1720.0078125,0.0016855767462402582,1.0,1.0,0.0004891142016276717,0.018866848200559616,0.8951478004455566,0.07111863791942596,0.2886107275330757,0.9995681424025757,0.00043288920717695235,0.9574465248310073,0.04380293444196899,1.895327349090826,1.897935625156794,1.895832584532348,0.18958326545946916,0.023079251931069696,0.28861072783966246,-0.0043487117405397145,-0.13328155324507918,-0.12893284150453946,1.895832584532348,0.04380293436802812,,,,,,,0.18958326545946916,42,syn_diag,1169,5,0.4274804890155792,,,False,540ccf03170397e3fc90a555f507bfe3857452ba675232ccaf5aa81f5b74cbd4,277415fd9f3576f95a1cbde05d8c879c614530e315d973ec7c79ebdb6ec5bcf5
0.3828125,0.6711735725402832,0.4382141847132863,0.6529073687694541,2.7152625989401713e-05,0.2346629500389099,986.6151123046875,2116.980224609375,0.0010138384532183409,1.0,1.0,0.0005023393896408379,0.018500644713640213,0.8777658939361572,0.07391902059316635,0.2546183860125794,0.9996594376834526,0.00034140325500695565,0.9670416110255385,0.037799589832786834,1.8990026996646499,1.897935625156794,1.8992351655304525,0.18992352181090652,0.019916160133009876,0.2546183884188288,0.0011990364770412913,-0.05843060205023355,-0.05962963852727484,1.8992351655304522,0.03779958976132139,-6.543621960480693,0.013516873067518016,0.30649422585688835,119.46307373046875,0.6215235590934753,0.6229321956634521,0.18992352181090652,42,syn_diag,1170,5,0.6240907311439514,0.4735160163283348,0.9018,False,c0720ad0d44f26492a36f5e83e862ba78e5b423829a0309db31937b38b6a1421,c8c0679fb8ac992b2ec87d0a356635435bdd328aef919d4c8fb1022931ab401d
