window_size,seed,run_id,method,learning_rate,layer,window_index,n_steps,beta_oracle,beta_dp_raw,negative,log_error,trace_F,oracle_observability_snr
10,7,dp_fisher_wiener_lr0p10,dp_fisher_wiener,0.1,conv1,0,10,0.06953897121709039,0.19654506169193353,False,0.45123387509752566,0.005026200733388997,0.3505535192568169
10,7,dp_fisher_wiener_lr0p10,dp_fisher_wiener,0.1,conv1,1,10,0.06873462364857136,-0.07839697245730044,True,,0.005026200733388997,0.3465477879357354
10,7,dp_fisher_wiener_lr0p10,dp_fisher_wiener,0.1,conv1,2,10,0.09218579636613985,-0.1362408771530008,True,,0.005026200733388997,0.46287697316716025
10,7,dp_fisher_wiener_lr0p10,dp_fisher_wiener,0.1,conv1,3,10,0.12466095293496367,0.3974525567636612,False,0.5035548526834938,0.005026200733388997,0.6224188750809755
10,7,dp_fisher_wiener_lr0p10,dp_fisher_wiener,0.1,conv1,4,10,0.16103656129533192,-0.04664635793778832,True,,0.005026200733388997,0.799034968205545
10,7,dp_fisher_wiener_lr0p10,dp_fisher_wiener,0.1,conv1,5,10,0.17970854477390366,-0.0725720033351081,True,,0.005025606403029487,0.888754219623277
10,7,dp_fisher_wiener_lr0p10,dp_fisher_wiener,0.1,conv1,6,10,0.2109669344503627,0.42999011423011674,False,0.3092440787519426,0.005025606403029487,1.0378609951927842
10,7,dp_fisher_wiener_lr0p10,dp_fisher_wiener,0.1,conv1,7,10,0.2515699029483287,-0.032298683320797376,True,,0.005025606403029487,1.2292687700966203
10,7,dp_fisher_wiener_lr0p10,dp_fisher_wiener,0.1,conv1,8,10,0.22639162583753059,0.5998533384092882,False,0.42318472182517086,0.005025606403029487,1.1108741851146804
10,7,dp_fisher_wiener_lr0p10,dp_fisher_wiener,0.1,conv1,9,10,0.29338126727930874,0.34411158488865434,False,0.06926691365433443,0.005025606403029487,1.4237621945181165
10,7,dp_fisher_wiener_lr0p10,dp_fisher_wiener,0.1,conv1,10,10,0.2658727652221492,0.12550915196147608,False,0.3259984573381387,0.005026412830744509,1.2962941929585758
10,7,dp_fisher_wiener_lr0p10,dp_fisher_wiener,0.1,conv1,11,10,0.28761028777723263,0.2570959484488213,False,0.048709183947361984,0.005026412830744509,1.3972856812808656
10,7,dp_fisher_wiener_lr0p10,dp_fisher_wiener,0.1,conv1,12,10,0.2922094633511792,0.15681509353682682,False,0.2703064152353989,0.005026412830744509,1.4185634332430865
10,7,dp_fisher_wiener_lr0p10,dp_fisher_wiener,0.1,conv1,13,10,0.3369915177693818,0.3805086409733626,False,0.05274555399678717,0.005026412830744509,1.6241329349024674
10,7,dp_fisher_wiener_lr0p10,dp_fisher_wiener,0.1,conv1,14,10,0.35623255343271076,0.5349195121259461,False,0.1765548359656382,0.005026412830744509,1.711574856766325
10,7,dp_fisher_wiener_lr0p10,dp_fisher_wiener,0.1,conv1,15,10,0.3600893628474979,0.014123648319862849,False,1.4064633973125193,0.005026704273873306,1.7291339999885436
10,7,dp_fisher_wiener_lr0p10,dp_fisher_wiener,0.1,conv1,16,10,0.3894145568584929,0.14393020140561746,False,0.4322602489063253,0.005026704273873306,1.8612552791065
10,7,dp_fisher_wiener_lr0p10,dp_fisher_wiener,0.1,conv1,17,10,0.4710217921987679,0.3512905245303031,False,0.12737456498570268,0.005026704273873306,2.2227878329988666
10,7,dp_fisher_wiener_lr0p10,dp_fisher_wiener,0.1,conv1,18,10,0.43263483740258196,0.5641374030642979,False,0.11526340743034154,0.005026704273873306,2.053833984330332
10,7,dp_fisher_wiener_lr0p10,dp_fisher_wiener,0.1,conv1,19,10,0.46488939144713964,0.7621627942029056,False,0.21469810849658516,0.005026704273873306,2.1959266864474
10,7,dp_fisher_wiener_lr0p10,dp_fisher_wiener,0.1,conv1,20,10,0.47523958302924624,0.5308667591827195,False,0.04807292619316534,0.005025258196435234,2.2406367114831522
10,7,dp_fisher_wiener_lr0p10,dp_fisher_wiener,0.1,conv1,21,10,0.5082056651922404,0.6316418320731425,False,0.09443138252286844,0.005025258196435234,2.383990499230559
10,7,dp_fisher_wiener_lr0p10,dp_fisher_wiener,0.1,conv1,22,10,0.5491346094245126,0.9896200760158539,False,0.2557896809118166,0.005025258196435234,2.5600625931696577
10,7,dp_fisher_wiener_lr0p10,dp_fisher_wiener,0.1,conv1,23,10,0.5902189680965598,0.41098684280498265,False,0.1571852437382628,0.005025258196435234,2.7347311359897035
10,7,dp_fisher_wiener_lr0p10,dp_fisher_wiener,0.1,conv1,24,10,0.5896209155162374,0.8062794745180503,False,0.13591272331782997,0.005025258196435234,2.732203162315888
10,7,dp_fisher_wiener_lr0p10,dp_fisher_wiener,0.1,conv1,25,10,0.6236444732127261,0.6394867139257411,False,0.010894447995192012,0.005026729602313207,2.8761099076314656
10,7,dp_fisher_wiener_lr0p10,dp_fisher_wiener,0.1,conv1,26,10,0.7618701941543554,0.7029714172107909,False,0.034943316476631694,0.005026729602313207,3.444145431070025
10,7,dp_fisher_wiener_lr0p10,dp_fisher_wiener,0.1,conv1,27,10,0.7377836993691235,0.5914516166486122,False,0.09600983245970282,0.005026729602313207,3.3466885643122524
10,7,dp_fisher_wiener_lr0p10,dp_fisher_wiener,0.1,conv1,28,10,0.7392418717367509,0.9854415296419997,False,0.12484430289507681,0.005026729602313207,3.3526063772936827
10,7,dp_fisher_wiener_lr0p10,dp_fisher_wiener,0.1,conv1,29,10,0.7667681030175454,0.698614565176512,False,0.04042640240117379,0.005026729602313207,3.4638865107959265
10,7,dp_fisher_wiener_lr0p10,dp_fisher_wiener,0.1,conv1,30,10,0.8338174935470946,1.0248790560558314,False,0.08960161577198299,0.0050255584890041005,3.7308141734941787
10,7,dp_fisher_wiener_lr0p10,dp_fisher_wiener,0.1,conv1,31,10,0.9109252550340246,1.0560645229212502,False,0.06420771044260015,0.0050255584890041005,4.032921049212059
10,7,dp_fisher_wiener_lr0p10,dp_fisher_wiener,0.1,conv1,32,10,0.9558457834241109,0.8391153933946506,False,0.05656614046192641,0.0050255584890041005,4.2062171913019535
10,7,dp_fisher_wiener_lr0p10,dp_fisher_wiener,0.1,conv1,33,10,0.9990671436828904,1.0663484286733274,False,0.028304456760712762,0.0050255584890041005,4.371141031172655
10,7,dp_fisher_wiener_lr0p10,dp_fisher_wiener,0.1,conv1,34,10,1.0161653972242786,1.4534910679265707,False,0.155447965167069,0.0050255584890041005,4.43590250883483
10,7,dp_fisher_wiener_lr0p10,dp_fisher_wiener,0.1,conv1,35,10,1.08179785812367,1.2486484543692926,False,0.06229406667919613,0.005026030900317363,4.682394296637195
10,7,dp_fisher_wiener_lr0p10,dp_fisher_wiener,0.1,conv1,36,10,1.1573407262721769,0.8988864642876839,False,0.10975639527388636,0.005026030900317363,4.960969209018595
10,7,dp_fisher_wiener_lr0p10,dp_fisher_wiener,0.1,conv1,37,10,1.2857266781475594,1.170109330587405,False,0.04092221290318853,0.005026030900317363,5.423385549785221
10,7,dp_fisher_wiener_lr0p10,dp_fisher_wiener,0.1,conv1,38,10,1.1917276696326102,0.9538963041860827,False,0.09667585680477835,0.005026030900317363,5.086156654335313
10,7,dp_fisher_wiener_lr0p10,dp_fisher_wiener,0.1,conv1,39,10,1.295469452929532,1.1631132083247886,False,0.046805189204769476,0.005026030900317363,5.457931809815335
10,7,dp_fisher_wiener_lr0p10,dp_fisher_wiener,0.1,conv1,40,10,1.27946012268265,1.5437454276705143,False,0.08154892964639057,0.005026488815931818,5.401540011933264
10,7,dp_fisher_wiener_lr0p10,dp_fisher_wiener,0.1,conv1,41,10,1.46036998006266,1.7891633404456257,False,0.08818709415358002,0.005026488815931818,6.03204559840794
10,7,dp_fisher_wiener_lr0p10,dp_fisher_wiener,0.1,conv1,42,10,1.4817569217152966,1.4222105801058034,False,0.017813059512157364,0.005026488815931818,6.104973925070022
10,7,dp_fisher_wiener_lr0p10,dp_fisher_wiener,0.1,conv1,43,10,1.5280442436130173,1.241910361033538,False,0.09004567882173531,0.005026488815931818,6.261694970815147
10,7,dp_fisher_wiener_lr0p10,dp_fisher_wiener,0.1,conv1,44,10,1.577125145021078,1.5398945929811048,False,0.010375161953594588,0.005026488815931818,6.426239013542158
10,7,dp_fisher_wiener_lr0p10,dp_fisher_wiener,0.1,conv1,45,10,1.677045378260653,1.611484351213593,False,0.017318721577500612,0.0050262720620097845,6.755948877425614
10,7,dp_fisher_wiener_lr0p10,dp_fisher_wiener,0.1,conv1,46,10,1.7605160518592122,1.3952971992203531,False,0.10097326671867626,0.0050262720620097845,7.026582746485902
10,7,dp_fisher_wiener_lr0p10,dp_fisher_wiener,0.1,conv1,47,10,1.6850405617089408,1.6669485787829166,False,0.004688156388360963,0.0050262720620097845,6.782064513658674
10,7,dp_fisher_wiener_lr0p10,dp_fisher_wiener,0.1,conv1,48,10,1.7131406631352692,1.9110481223819444,False,0.04747859959716349,0.0050262720620097845,6.873524168664664
10,7,dp_fisher_wiener_lr0p10,dp_fisher_wiener,0.1,conv1,49,10,1.8184782765096323,2.1372962214728832,False,0.07015660061719536,0.0050262720620097845,7.211942496451913
10,7,dp_fisher_wiener_lr0p10,dp_fisher_wiener,0.1,conv1,50,10,1.8084797119237468,1.4598637567817492,False,0.09300131436044226,0.005027866224437821,7.181942376862368
10,7,dp_fisher_wiener_lr0p10,dp_fisher_wiener,0.1,conv1,51,10,1.8191669742454444,1.9008760309842674,False,0.01908123141027885,0.005027866224437821,7.215967083944963
10,7,dp_fisher_wiener_lr0p10,dp_fisher_wiener,0.1,conv1,52,10,1.8260088285849108,2.051242031556436,False,0.05051403398684278,0.005027866224437821,7.237712840292386
10,7,dp_fisher_wiener_lr0p10,dp_fisher_wiener,0.1,conv1,53,10,1.9257017153061677,1.9147276948708658,False,0.0024819982258207436,0.005027866224437821,7.551401447805787
10,7,dp_fisher_wiener_lr0p10,dp_fisher_wiener,0.1,conv1,54,10,1.9049825457985468,1.9896401678443054,False,0.018883539250645644,0.005027866224437821,7.486689449332447
10,7,dp_fisher_wiener_lr0p10,dp_fisher_wiener,0.1,conv1,55,10,1.9932653842706958,1.7217001832608525,False,0.06360759902357019,0.005027404791301954,7.760146787222652
10,7,dp_fisher_wiener_lr0p10,dp_fisher_wiener,0.1,conv1,56,10,1.919587187693142,2.0677226539367695,False,0.03228444333385635,0.005027404791301954,7.531780117100429
10,7,dp_fisher_wiener_lr0p10,dp_fisher_wiener,0.1,conv1,57,10,1.7917519983584491,1.6701965000395749,False,0.030510328245818643,0.005027404791301954,7.128021024467513
10,7,dp_fisher_wiener_lr0p10,dp_fisher_wiener,0.1,conv1,58,10,1.808210457877517,1.867468080305789,False,0.014004210694415471,0.005027404791301954,7.180555360056538
10,7,dp_fisher_wiener_lr0p10,dp_fisher_wiener,0.1,conv1,59,10,1.74635213066638,2.034816675065329,False,0.06639346956280755,0.005027404791301954,6.9822398187731185
10,7,dp_fisher_wiener_lr0p10,dp_fisher_wiener,0.1,conv1,60,10,1.7251293288834266,2.490147241578725,False,0.1594033688789683,0.005026059635908492,6.912154739536218
10,7,dp_fisher_wiener_lr0p10,dp_fisher_wiener,0.1,conv1,61,10,1.9855241917062478,2.0397088384322672,False,0.011692994881951753,0.005026059635908492,7.7346598079496065
10,7,dp_fisher_wiener_lr0p10,dp_fisher_wiener,0.1,conv1,62,10,1.8333222675574157,2.083593211668148,False,0.05557412041637396,0.005026059635908492,7.258836561283725
10,7,dp_fisher_wiener_lr0p10,dp_fisher_wiener,0.1,conv1,63,10,1.802467007074397,1.9310035147504652,False,0.02991574026815161,0.005026059635908492,7.160702756280705
10,7,dp_fisher_wiener_lr0p10,dp_fisher_wiener,0.1,conv1,64,10,1.7670468033734428,1.5904741044478492,False,0.04572145025229467,0.005026059635908492,7.0473316047482255
10,7,dp_fisher_wiener_lr0p10,dp_fisher_wiener,0.1,conv1,65,10,1.7834482668501914,0.9965818646694303,False,0.2527475362957547,0.005025809291254318,7.099640410111014
10,7,dp_fisher_wiener_lr0p10,dp_fisher_wiener,0.1,conv1,66,10,1.6916007684510639,1.9134665857637665,False,0.05352300892154968,0.005025809291254318,6.802954332909788
10,7,dp_fisher_wiener_lr0p10,dp_fisher_wiener,0.1,conv1,67,10,1.5487068472763854,1.7281039704474501,False,0.04760064952746491,0.005025809291254318,6.330466901085458
10,7,dp_fisher_wiener_lr0p10,dp_fisher_wiener,0.1,conv1,68,10,1.4860326876672887,1.352774703285084,False,0.040802889117785346,0.005025809291254318,6.118831780927471
10,7,dp_fisher_wiener_lr0p10,dp_fisher_wiener,0.1,conv1,69,10,1.5427891899829214,1.2807431717906055,False,0.08084453805137198,0.005025809291254318,6.310601959755571
10,7,dp_fisher_wiener_lr0p10,dp_fisher_wiener,0.1,conv1,70,10,1.4570594885165216,1.2913216552547433,False,0.05244284927991157,0.005026000750928128,6.020243641327208
10,7,dp_fisher_wiener_lr0p10,dp_fisher_wiener,0.1,conv1,71,10,1.260605130368063,0.907012058419632,False,0.14296600937292053,0.005026000750928128,5.3339336473762025
10,7,dp_fisher_wiener_lr0p10,dp_fisher_wiener,0.1,conv1,72,10,1.2682763248862128,0.9641510412696431,False,0.119068810864878,0.005026000750928128,5.361294059359852
10,7,dp_fisher_wiener_lr0p10,dp_fisher_wiener,0.1,conv1,73,10,1.1691583831504833,1.5483994187482346,False,0.12200965161322896,0.005026000750928128,5.004078840731563
10,7,dp_fisher_wiener_lr0p10,dp_fisher_wiener,0.1,conv1,74,10,1.0996648424237876,1.177830698665711,False,0.029822529095242738,0.005026000750928128,4.748705891186979
10,7,dp_fisher_wiener_lr0p10,dp_fisher_wiener,0.1,conv1,75,10,1.0134412412253428,1.107291577011014,False,0.03846342271963095,0.0050256569245621385,4.425677646957739
10,7,dp_fisher_wiener_lr0p10,dp_fisher_wiener,0.1,conv1,76,10,1.024798855432462,1.135279435984865,False,0.04446413959591755,0.0050256569245621385,4.468575938576113
10,7,dp_fisher_wiener_lr0p10,dp_fisher_wiener,0.1,conv1,77,10,0.8563955607029289,0.656381448676647,False,0.11551810929623872,0.0050256569245621385,3.8199595881648842
10,7,dp_fisher_wiener_lr0p10,dp_fisher_wiener,0.1,conv1,78,10,0.8340065272274606,0.7881650569981414,False,0.024552272918303048,0.0050256569245621385,3.7316267829132475
10,7,dp_fisher_wiener_lr0p10,dp_fisher_wiener,0.1,conv1,79,10,0.8295341110323805,0.625753540951233,False,0.12243093339624199,0.0050256569245621385,3.713920096696708
10,7,dp_fisher_wiener_lr0p10,dp_fisher_wiener,0.1,conv1,80,10,0.7432566063164713,0.7236048765676591,False,0.011637293025764156,0.005026938194820918,3.36901274777342
10,7,dp_fisher_wiener_lr0p10,dp_fisher_wiener,0.1,conv1,81,10,0.7183340294859197,0.5870219703420229,False,0.08767208486545307,0.005026938194820918,3.2676538390835073
10,7,dp_fisher_wiener_lr0p10,dp_fisher_wiener,0.1,conv1,82,10,0.6838630529368105,0.5021296672771356,False,0.13415325923263569,0.005026938194820918,3.1263310874283636
10,7,dp_fisher_wiener_lr0p10,dp_fisher_wiener,0.1,conv1,83,10,0.7035036293927103,0.7981712729437437,False,0.05482975068376323,0.005026938194820918,3.2070150040557786
10,7,dp_fisher_wiener_lr0p10,dp_fisher_wiener,0.1,conv1,84,10,0.5928299840648664,0.20908914480812657,False,0.45259867488538985,0.005026938194820918,2.7465999477921548
10,7,dp_fisher_wiener_lr0p10,dp_fisher_wiener,0.1,conv1,85,10,0.5762692098641711,0.3131449410312147,False,0.2648800158819023,0.005026093007329258,2.676059790246759
10,7,dp_fisher_wiener_lr0p10,dp_fisher_wiener,0.1,conv1,86,10,0.5151062870613853,0.7751867015450343,False,0.17750946307701362,0.005026093007329258,2.4141926619143774
10,7,dp_fisher_wiener_lr0p10,dp_fisher_wiener,0.1,conv1,87,10,0.5211110737538143,0.4694749487220861,False,0.04531787896286981,0.005026093007329258,2.4401073011781014
10,7,dp_fisher_wiener_lr0p10,dp_fisher_wiener,0.1,conv1,88,10,0.4760787947048116,0.5031273299581224,False,0.023999071164304244,0.005026093007329258,2.2446488351637397
10,7,dp_fisher_wiener_lr0p10,dp_fisher_wiener,0.1,conv1,89,10,0.4303881405542256,0.4808928397741305,False,0.04818801498232294,0.005026093007329258,2.043653388304478
10,7,dp_fisher_wiener_lr0p10,dp_fisher_wiener,0.1,conv1,90,10,0.43195402280904255,0.3862323125938984,False,0.0485889184775546,0.005027647963912196,2.0511789725618454
10,7,dp_fisher_wiener_lr0p10,dp_fisher_wiener,0.1,conv1,91,10,0.427913006149129,0.4349774169625153,False,0.00711122316422701,0.005027647963912196,2.033273225315849
10,7,dp_fisher_wiener_lr0p10,dp_fisher_wiener,0.1,conv1,92,10,0.3708006760265091,0.6168629977499557,False,0.22104820280707171,0.005027647963912196,1.7778449975947392
10,7,dp_fisher_wiener_lr0p10,dp_fisher_wiener,0.1,conv1,93,10,0.36855730708006057,0.16771352392872282,False,0.3419369417609368,0.005027647963912196,1.767720338620165
10,7,dp_fisher_wiener_lr0p10,dp_fisher_wiener,0.1,conv1,94,10,0.3431612713660068,0.5621667897427498,False,0.21436691772693517,0.005027647963912196,1.6526124373319113
10,7,dp_fisher_wiener_lr0p10,dp_fisher_wiener,0.1,conv1,95,10,0.34258055872236753,0.330022198086181,False,0.01621956078033782,0.0050258750762438575,1.6494198919769139
10,7,dp_fisher_wiener_lr0p10,dp_fisher_wiener,0.1,conv1,96,10,0.3184356460001009,0.46868327220124667,False,0.16785777623088952,0.0050258750762438575,1.5391490380996553
10,7,dp_fisher_wiener_lr0p10,dp_fisher_wiener,0.1,conv1,97,10,0.2805155818886518,-0.1507756606284207,True,,0.0050258750762438575,1.3642619911250422
10,7,dp_fisher_wiener_lr0p10,dp_fisher_wiener,0.1,conv1,98,10,0.3049775487822264,0.42700650455906647,False,0.14616662113730317,0.0050258750762438575,1.4773209865089585
10,7,dp_fisher_wiener_lr0p10,dp_fisher_wiener,0.1,conv1,99,10,0.27633179913221795,0.3704445310896449,False,0.12729232300867935,0.0050258750762438575,1.3448367843346722
10,7,dp_fisher_wiener_lr0p10,dp_fisher_wiener,0.1,conv1,100,10,0.2456188385176189,0.1783058365203948,False,0.13909611408681768,0.005026182730811374,1.2015049142491265
10,7,dp_fisher_wiener_lr0p10,dp_fisher_wiener,0.1,conv1,101,10,0.20074752198382498,-0.006959046705864362,True,,0.005026182730811374,0.9893923174934096
10,7,dp_fisher_wiener_lr0p10,dp_fisher_wiener,0.1,conv1,102,10,0.23969240793465202,-0.0890093987235154,True,,0.005026182730811374,1.1736678492120833
10,7,dp_fisher_wiener_lr0p10,dp_fisher_wiener,0.1,conv1,103,10,0.22066218626818904,0.5823132552704183,False,0.42142875937102503,0.005026182730811374,1.083916550132039
10,7,dp_fisher_wiener_lr0p10,dp_fisher_wiener,0.1,conv1,104,10,0.20450919030990916,0.14140569544552967,False,0.16024592722807868,0.005026182730811374,1.0072944934329546
10,7,dp_fisher_wiener_lr0p10,dp_fisher_wiener,0.1,conv1,105,10,0.19348282906790526,-0.058321188612268295,True,,0.005026494052891017,0.9548129678630344
10,7,dp_fisher_wiener_lr0p10,dp_fisher_wiener,0.1,conv1,106,10,0.19522658383803382,0.14900891186504195,False,0.11732671156931421,0.005026494052891017,0.9631349166170351
10,7,dp_fisher_wiener_lr0p10,dp_fisher_wiener,0.1,conv1,107,10,0.18941701791850493,0.2882827674067254,False,0.18239968744526092,0.005026494052891017,0.9353904551357185
10,7,dp_fisher_wiener_lr0p10,dp_fisher_wiener,0.1,conv1,108,10,0.18073406272225567,0.24238810970121832,False,0.12747130057873762,0.005026494052891017,0.8938236857569742
10,7,dp_fisher_wiener_lr0p10,dp_fisher_wiener,0.1,conv1,109,10,0.17614259012199157,0.12767337563233286,False,0.1397640371149864,0.005026494052891017,0.871794863242083
10,7,dp_fisher_wiener_lr0p10,dp_fisher_wiener,0.1,conv1,110,10,0.15561312478129882,0.2160838434253498,False,0.14257607229885055,0.005026961252747875,0.7729538090352325
10,7,dp_fisher_wiener_lr0p10,dp_fisher_wiener,0.1,conv1,111,10,0.17608080541674495,-0.015232407903049146,True,,0.005026961252747875,0.8715767873376008
10,7,dp_fisher_wiener_lr0p10,dp_fisher_wiener,0.1,conv1,112,10,0.15577158000981603,-0.024112242939810114,True,,0.005026961252747875,0.773719930202207
10,7,dp_fisher_wiener_lr0p10,dp_fisher_wiener,0.1,conv1,113,10,0.1534023896214997,0.05491586080959927,False,0.4461343292918857,0.005026961252747875,0.7622607715402907
10,7,dp_fisher_wiener_lr0p10,dp_fisher_wiener,0.1,conv1,114,10,0.1391519404465821,0.026227600698083806,False,0.7247307037322356,0.005026961252747875,0.693141125577884
10,7,dp_fisher_wiener_lr0p10,dp_fisher_wiener,0.1,conv1,115,10,0.15804374773422253,0.17362996677947737,False,0.04084736247856307,0.005026776208090847,0.7846731161850417
10,7,dp_fisher_wiener_lr0p10,dp_fisher_wiener,0.1,conv1,116,10,0.1583338283718366,0.46297206083857984,False,0.46598107051432747,0.005026776208090847,0.7860744100699816
10,7,dp_fisher_wiener_lr0p10,dp_fisher_wiener,0.1,conv2,0,10,0.13241266735510554,0.3640586346662801,False,0.4392418018233223,0.04452235391833259,1.1036480243704503
10,7,dp_fisher_wiener_lr0p10,dp_fisher_wiener,0.1,conv2,1,10,0.11198092769817869,0.0790942652818539,False,0.15099906487497958,0.04452235391833259,0.9343889882394878
10,7,dp_fisher_wiener_lr0p10,dp_fisher_wiener,0.1,conv2,2,10,0.11420254280357821,0.1261812719460887,False,0.043319127010761634,0.04452235391833259,0.9528112982427355
10,7,dp_fisher_wiener_lr0p10,dp_fisher_wiener,0.1,conv2,3,10,0.1099709139500687,-0.03183212197853815,True,,0.04452235391833259,0.9177175123775065
10,7,dp_fisher_wiener_lr0p10,dp_fisher_wiener,0.1,conv2,4,10,0.12142648040914145,0.06447983779477606,False,0.27488947072623904,0.04452235391833259,1.0126837048391188
10,7,dp_fisher_wiener_lr0p10,dp_fisher_wiener,0.1,conv2,5,10,0.113422066290533,0.1472634507117174,False,0.11339741787625288,0.04472410763002754,0.9506016108364247
10,7,dp_fisher_wiener_lr0p10,dp_fisher_wiener,0.1,conv2,6,10,0.12434850050549817,0.03843573065776521,False,0.5099054112044239,0.04472410763002754,1.0415550171144938
10,7,dp_fisher_wiener_lr0p10,dp_fisher_wiener,0.1,conv2,7,10,0.13141457064577303,0.14808320085107118,False,0.05186227274068118,0.04472410763002754,1.1003165405497528
10,7,dp_fisher_wiener_lr0p10,dp_fisher_wiener,0.1,conv2,8,10,0.12169162309466275,0.03920126905726895,False,0.49196055705833064,0.04472410763002754,1.0194486996696115
10,7,dp_fisher_wiener_lr0p10,dp_fisher_wiener,0.1,conv2,9,10,0.13098297359306282,-0.012850344970876204,True,,0.04472410763002754,1.0967286694717322
10,7,dp_fisher_wiener_lr0p10,dp_fisher_wiener,0.1,conv2,10,10,0.1257102654140224,-0.10742875013355699,True,,0.04513711381192498,1.0625385099016444
10,7,dp_fisher_wiener_lr0p10,dp_fisher_wiener,0.1,conv2,11,10,0.11805854908736961,-0.10800945190928146,True,,0.04513711381192498,0.998285074626228
10,7,dp_fisher_wiener_lr0p10,dp_fisher_wiener,0.1,conv2,12,10,0.1176561158256114,0.2471626551399743,False,0.3223683450174994,0.04513711381192498,0.9949042428024806
10,7,dp_fisher_wiener_lr0p10,dp_fisher_wiener,0.1,conv2,13,10,0.12265060357819581,-0.021921272974108855,True,,0.04513711381192498,1.0368522223216856
10,7,dp_fisher_wiener_lr0p10,dp_fisher_wiener,0.1,conv2,14,10,0.1180017038097796,-0.07419259328093725,True,,0.04513711381192498,0.997807527935485
10,7,dp_fisher_wiener_lr0p10,dp_fisher_wiener,0.1,conv2,15,10,0.12725573809842863,0.06803714318779697,False,0.271931304528176,0.04567454254945896,1.088224488691636
10,7,dp_fisher_wiener_lr0p10,dp_fisher_wiener,0.1,conv2,16,10,0.1164194461216495,0.20224358953552155,False,0.2398492360289923,0.04567454254945896,0.9961601048464924
10,7,dp_fisher_wiener_lr0p10,dp_fisher_wiener,0.1,conv2,17,10,0.13258004060064138,-0.02843728852974146,True,,0.04567454254945896,1.13341879439394
10,7,dp_fisher_wiener_lr0p10,dp_fisher_wiener,0.1,conv2,18,10,0.12253166447695854,-0.12220747650873875,True,,0.04567454254945896,1.0481027228397028
10,7,dp_fisher_wiener_lr0p10,dp_fisher_wiener,0.1,conv2,19,10,0.12544403655423525,0.09771400390770986,False,0.10849321114343717,0.04567454254945896,1.0728401172591027
10,7,dp_fisher_wiener_lr0p10,dp_fisher_wiener,0.1,conv2,20,10,0.11826361516026952,-0.03192893823566327,True,,0.046384993788475826,1.0274691572368615
10,7,dp_fisher_wiener_lr0p10,dp_fisher_wiener,0.1,conv2,21,10,0.12615556961947783,0.24451127450942012,False,0.2873924605422841,0.046384993788475826,1.095544379695061
10,7,dp_fisher_wiener_lr0p10,dp_fisher_wiener,0.1,conv2,22,10,0.13425210004725266,0.13123060819577675,False,0.009885946308651415,0.046384993788475826,1.165321303518137
10,7,dp_fisher_wiener_lr0p10,dp_fisher_wiener,0.1,conv2,23,10,0.13401433973267068,-0.08952769238924253,True,,0.046384993788475826,1.1632731624602672
10,7,dp_fisher_wiener_lr0p10,dp_fisher_wiener,0.1,conv2,24,10,0.13178334709555656,0.09294312853495568,False,0.15164324670279025,0.046384993788475826,1.1440520267335532
10,7,dp_fisher_wiener_lr0p10,dp_fisher_wiener,0.1,conv2,25,10,0.13318828862128337,0.029548483394853328,False,0.6539308433719917,0.04723862989605476,1.1772707571541265
10,7,dp_fisher_wiener_lr0p10,dp_fisher_wiener,0.1,conv2,26,10,0.1573345851217573,0.1797510179644699,False,0.057847159284579286,0.04723862989605476,1.3887737014700645
10,7,dp_fisher_wiener_lr0p10,dp_fisher_wiener,0.1,conv2,27,10,0.14242967752618635,0.136949488759241,False,0.017040075661776354,0.04723862989605476,1.2582873056501083
10,7,dp_fisher_wiener_lr0p10,dp_fisher_wiener,0.1,conv2,28,10,0.14151928783449255,0.08780277457852823,False,0.20730739453095054,0.04723862989605476,1.250309996313998
10,7,dp_fisher_wiener_lr0p10,dp_fisher_wiener,0.1,conv2,29,10,0.14483101087735,0.17525145466870617,False,0.0828000695633571,0.04723862989605476,1.2793250497692439
10,7,dp_fisher_wiener_lr0p10,dp_fisher_wiener,0.1,conv2,30,10,0.15146712145472616,0.08376811869856218,False,0.25723961000297935,0.04822099606691832,1.3649989787112173
10,7,dp_fisher_wiener_lr0p10,dp_fisher_wiener,0.1,conv2,31,10,0.15703270908902164,0.06538029783666986,False,0.3805432284371656,0.04822099606691832,1.4146936039306168
10,7,dp_fisher_wiener_lr0p10,dp_fisher_wiener,0.1,conv2,32,10,0.15884675266747822,0.18230558375364894,False,0.059821629769792765,0.04822099606691832,1.430884061889764
10,7,dp_fisher_wiener_lr0p10,dp_fisher_wiener,0.1,conv2,33,10,0.1619991078253362,0.09026835512050768,False,0.25397709399535245,0.04822099606691832,1.4590108924188856
10,7,dp_fisher_wiener_lr0p10,dp_fisher_wiener,0.1,conv2,34,10,0.16181231053139128,0.07028699531765464,False,0.36213658109685104,0.04822099606691832,1.457344485138052
10,7,dp_fisher_wiener_lr0p10,dp_fisher_wiener,0.1,conv2,35,10,0.1632445830260146,0.23735788532846533,False,0.16256488518944825,0.04944757981403258,1.507149394610539
10,7,dp_fisher_wiener_lr0p10,dp_fisher_wiener,0.1,conv2,36,10,0.17444843754786307,0.17766277823435514,False,0.007929365154536882,0.04944757981403258,1.609506646081749
10,7,dp_fisher_wiener_lr0p10,dp_fisher_wiener,0.1,conv2,37,10,0.18716504622362182,0.00711343367723721,False,1.4201454591661764,0.04944757981403258,1.725518710028977
10,7,dp_fisher_wiener_lr0p10,dp_fisher_wiener,0.1,conv2,38,10,0.17166198069379035,-0.03539139439154969,True,,0.04944757981403258,1.5840626484964613
10,7,dp_fisher_wiener_lr0p10,dp_fisher_wiener,0.1,conv2,39,10,0.1812044243279682,0.24320948188725527,False,0.12781170525201668,0.04944757981403258,1.6711625676702317
10,7,dp_fisher_wiener_lr0p10,dp_fisher_wiener,0.1,conv2,40,10,0.17130426810446717,0.214512536817738,False,0.09768449516351706,0.05099660959807517,1.6297924458133113
10,7,dp_fisher_wiener_lr0p10,dp_fisher_wiener,0.1,conv2,41,10,0.1915759281880101,0.0625983882461465,False,0.4857777870522071,0.05099660959807517,1.8203784079554937
10,7,dp_fisher_wiener_lr0p10,dp_fisher_wiener,0.1,conv2,42,10,0.18603972622055057,0.37243486160386763,False,0.3014446344345737,0.05099660959807517,1.7683763222574969
10,7,dp_fisher_wiener_lr0p10,dp_fisher_wiener,0.1,conv2,43,10,0.18650886095433103,0.3491532312572961,False,0.27231659582163753,0.05099660959807517,1.7727843196897366
10,7,dp_fisher_wiener_lr0p10,dp_fisher_wiener,0.1,conv2,44,10,0.19005438362427216,0.22657700310624798,False,0.07633793706009766,0.05099660959807517,1.806089908197007
10,7,dp_fisher_wiener_lr0p10,dp_fisher_wiener,0.1,conv2,45,10,0.19148053817935218,0.22301452790490348,False,0.0662085159013859,0.052864107279171346,1.8852974773389115
10,7,dp_fisher_wiener_lr0p10,dp_fisher_wiener,0.1,conv2,46,10,0.19720893686716778,0.1302468826426388,False,0.18015925426668808,0.052864107279171346,1.9409889333875232
10,7,dp_fisher_wiener_lr0p10,dp_fisher_wiener,0.1,conv2,47,10,0.18387959504366852,0.1265784165801077,False,0.1621738800269668,0.052864107279171346,1.8113386232290787
10,7,dp_fisher_wiener_lr0p10,dp_fisher_wiener,0.1,conv2,48,10,0.1868775955855666,0.1191793102135234,False,0.1953563702408058,0.052864107279171346,1.8405183557521447
10,7,dp_fisher_wiener_lr0p10,dp_fisher_wiener,0.1,conv2,49,10,0.19479638029238944,0.14578114588695307,False,0.12587952295360974,0.052864107279171346,1.9175390058233617
10,7,dp_fisher_wiener_lr0p10,dp_fisher_wiener,0.1,conv2,50,10,0.17824950369168074,0.1993142364676556,False,0.04850999096920025,0.05509393085364467,1.829721054734143
10,7,dp_fisher_wiener_lr0p10,dp_fisher_wiener,0.1,conv2,51,10,0.17776560662485147,0.10074947150051776,False,0.24660496256136683,0.05509393085364467,1.824812678301494
10,7,dp_fisher_wiener_lr0p10,dp_fisher_wiener,0.1,conv2,52,10,0.175572748640485,0.11441067995206346,False,0.18599054153255015,0.05509393085364467,1.8025656330808686
10,7,dp_fisher_wiener_lr0p10,dp_fisher_wiener,0.1,conv2,53,10,0.18092592703084479,0.1942163974679579,False,0.030785087557508507,0.05509393085364467,1.8568634924877885
10,7,dp_fisher_wiener_lr0p10,dp_fisher_wiener,0.1,conv2,54,10,0.1753441429928966,0.2330372750703605,False,0.12353412964356533,0.05509393085364467,1.800246004701291
10,7,dp_fisher_wiener_lr0p10,dp_fisher_wiener,0.1,conv2,55,10,0.17072497934197126,-0.06643308692753983,True,,0.057552622644810314,1.8306792232953542
10,7,dp_fisher_wiener_lr0p10,dp_fisher_wiener,0.1,conv2,56,10,0.16468334125081366,0.0037822126720586783,False,1.6389037244182811,0.057552622644810314,1.76663748837302
10,7,dp_fisher_wiener_lr0p10,dp_fisher_wiener,0.1,conv2,57,10,0.15251228648394252,0.21382625276620837,False,0.14675619303135762,0.057552622644810314,1.6374607575975675
10,7,dp_fisher_wiener_lr0p10,dp_fisher_wiener,0.1,conv2,58,10,0.15302370556671954,0.07671831806718267,False,0.29985964145454985,0.057552622644810314,1.6428930596928502
10,7,dp_fisher_wiener_lr0p10,dp_fisher_wiener,0.1,conv2,59,10,0.1477081753939832,0.11946830243309477,False,0.09215184073678487,0.057552622644810314,1.5864125858063607
10,7,dp_fisher_wiener_lr0p10,dp_fisher_wiener,0.1,conv2,60,10,0.137190671419282,0.08332068555862122,False,0.2165717469238323,0.06031036063232076,1.5444809425240569
10,7,dp_fisher_wiener_lr0p10,dp_fisher_wiener,0.1,conv2,61,10,0.15462317401847034,0.1614243529286037,False,0.01869447022538895,0.06031036063232076,1.738518563297352
10,7,dp_fisher_wiener_lr0p10,dp_fisher_wiener,0.1,conv2,62,10,0.14148662383283353,0.025343032969177382,False,0.7468567949693372,0.06031036063232076,1.5923439860853492
10,7,dp_fisher_wiener_lr0p10,dp_fisher_wiener,0.1,conv2,63,10,0.1367834674039435,0.1010971473948468,False,0.13129470721643152,0.06031036063232076,1.539942555307513
10,7,dp_fisher_wiener_lr0p10,dp_fisher_wiener,0.1,conv2,64,10,0.13276918142302932,0.06295591858385238,False,0.324060712595445,0.06031036063232076,1.4951879599355646
10,7,dp_fisher_wiener_lr0p10,dp_fisher_wiener,0.1,conv2,65,10,0.12575206482474804,0.1443803482981103,False,0.059992960336949834,0.0632857038475465,1.4861176371031772
10,7,dp_fisher_wiener_lr0p10,dp_fisher_wiener,0.1,conv2,66,10,0.11857887695804814,0.14058323244534585,False,0.07392619198154862,0.0632857038475465,1.402119048403605
10,7,dp_fisher_wiener_lr0p10,dp_fisher_wiener,0.1,conv2,67,10,0.10836333585598197,0.2261537900512134,False,0.3195215044841876,0.0632857038475465,1.282334857469746
10,7,dp_fisher_wiener_lr0p10,dp_fisher_wiener,0.1,conv2,68,10,0.10243074435554207,0.17770146883019095,False,0.23926068886603333,0.0632857038475465,1.2126849714145804
10,7,dp_fisher_wiener_lr0p10,dp_fisher_wiener,0.1,conv2,69,10,0.10572924795054701,0.22965333354361525,False,0.3368776107291471,0.0632857038475465,1.2514179348398522
10,7,dp_fisher_wiener_lr0p10,dp_fisher_wiener,0.1,conv2,70,10,0.09444793478159885,0.22255015750635526,False,0.3722354399964861,0.06618208231813472,1.1696813286614522
10,7,dp_fisher_wiener_lr0p10,dp_fisher_wiener,0.1,conv2,71,10,0.07984208906184975,0.20642399954060126,False,0.41252829670299984,0.06618208231813472,0.9899639850838629
10,7,dp_fisher_wiener_lr0p10,dp_fisher_wiener,0.1,conv2,72,10,0.08063629571370518,0.012309609764844789,False,0.8162862835625332,0.06618208231813472,0.9997471583550266
10,7,dp_fisher_wiener_lr0p10,dp_fisher_wiener,0.1,conv2,73,10,0.07238499731905021,0.058610131787594645,False,0.09167586473731465,0.06618208231813472,0.8980451006745378
10,7,dp_fisher_wiener_lr0p10,dp_fisher_wiener,0.1,conv2,74,10,0.06877755047212564,0.04865484818875956,False,0.1503205824424455,0.06618208231813472,0.8535386426616781
10,7,dp_fisher_wiener_lr0p10,dp_fisher_wiener,0.1,conv2,75,10,0.06001940181316746,0.11934610740795687,False,0.29851659593773594,0.06895499754657197,0.7764495914799617
10,7,dp_fisher_wiener_lr0p10,dp_fisher_wiener,0.1,conv2,76,10,0.05998667903672097,0.08047398096094659,False,0.12760066660626299,0.06895499754657197,0.7760284144079397
10,7,dp_fisher_wiener_lr0p10,dp_fisher_wiener,0.1,conv2,77,10,0.05111760138847698,0.12432916027207852,False,0.38600253334768814,0.06895499754657197,0.6617881686909045
10,7,dp_fisher_wiener_lr0p10,dp_fisher_wiener,0.1,conv2,78,10,0.04875341125501075,-0.03868000458869685,True,,0.06895499754657197,0.6313067754743932
10,7,dp_fisher_wiener_lr0p10,dp_fisher_wiener,0.1,conv2,79,10,0.04834879547758771,0.0873075006351643,False,0.25666589688929303,0.06895499754657197,0.6260888628387785
10,7,dp_fisher_wiener_lr0p10,dp_fisher_wiener,0.1,conv2,80,10,0.041336485644341586,0.0018427593877510169,False,1.3508649185573778,0.07140131938729866,0.5545342577084011
10,7,dp_fisher_wiener_lr0p10,dp_fisher_wiener,0.1,conv2,81,10,0.0398646635284859,0.024825437165584576,False,0.20569119787030268,0.07140131938729866,0.5348586615422756
10,7,dp_fisher_wiener_lr0p10,dp_fisher_wiener,0.1,conv2,82,10,0.03785679612860128,0.13387419007446072,False,0.548553000150547,0.07140131938729866,0.5080089250700613
10,7,dp_fisher_wiener_lr0p10,dp_fisher_wiener,0.1,conv2,83,10,0.03848115060950875,0.05896173132272905,False,0.1853221782180457,0.07140131938729866,0.5163589715221943
10,7,dp_fisher_wiener_lr0p10,dp_fisher_wiener,0.1,conv2,84,10,0.032780948975860535,0.037791461985955455,False,0.0617721713815482,0.07140131938729866,0.440091174795421
10,7,dp_fisher_wiener_lr0p10,dp_fisher_wiener,0.1,conv2,85,10,0.030258724568824787,0.060320507774120666,False,0.2996143705515584,0.0734523573860868,0.4179596537551251
10,7,dp_fisher_wiener_lr0p10,dp_fisher_wiener,0.1,conv2,86,10,0.027051228798358043,0.021651563370853756,False,0.09669773720773804,0.0734523573860868,0.37376338630909633
10,7,dp_fisher_wiener_lr0p10,dp_fisher_wiener,0.1,conv2,87,10,0.027176124670360038,-0.030977455961557248,True,,0.0734523573860868,0.37548481304535536
10,7,dp_fisher_wiener_lr0p10,dp_fisher_wiener,0.1,conv2,88,10,0.024888981864713704,-0.0209686589628454,True,,0.0734523573860868,0.34395520092271203
10,7,dp_fisher_wiener_lr0p10,dp_fisher_wiener,0.1,conv2,89,10,0.02299978229288368,-0.09112556599493393,True,,0.0734523573860868,0.3179016343124836
10,7,dp_fisher_wiener_lr0p10,dp_fisher_wiener,0.1,conv2,90,10,0.021979699104896562,0.03683899884243802,False,0.2242860762770359,0.07549494484868913,0.31226189590771025
10,7,dp_fisher_wiener_lr0p10,dp_fisher_wiener,0.1,conv2,91,10,0.02188854248134878,0.02639762801331156,False,0.08134806099181247,0.07549494484868913,0.3109694876405461
10,7,dp_fisher_wiener_lr0p10,dp_fisher_wiener,0.1,conv2,92,10,0.018756764769354096,0.04329223211622417,False,0.36325204638856234,0.07549494484868913,0.2665541857555199
10,7,dp_fisher_wiener_lr0p10,dp_fisher_wiener,0.1,conv2,93,10,0.018620848605066635,0.008705199818349047,False,0.3302207248088768,0.07549494484868913,0.26462601797534835
10,7,dp_fisher_wiener_lr0p10,dp_fisher_wiener,0.1,conv2,94,10,0.017674821218119467,0.12379567643675034,False,0.8453504476404818,0.07549494484868913,0.25120389693833206
10,7,dp_fisher_wiener_lr0p10,dp_fisher_wiener,0.1,conv2,95,10,0.01715559797330159,0.043126956676185116,False,0.4003429521627694,0.07719464241181306,0.24931698759244966
10,7,dp_fisher_wiener_lr0p10,dp_fisher_wiener,0.1,conv2,96,10,0.015631883849359346,0.09381048120605176,False,0.7782400442867616,0.07719464241181306,0.22720630222501242
10,7,dp_fisher_wiener_lr0p10,dp_fisher_wiener,0.1,conv2,97,10,0.014198611033857495,-0.020518980576323065,True,,0.07719464241181306,0.20640215846477966
10,7,dp_fisher_wiener_lr0p10,dp_fisher_wiener,0.1,conv2,98,10,0.015450056642584949,-0.044300586845303594,True,,0.07719464241181306,0.22456737086560566
10,7,dp_fisher_wiener_lr0p10,dp_fisher_wiener,0.1,conv2,99,10,0.013794733571781608,0.05957986812986921,False,0.6353862206060733,0.07719464241181306,0.2005387981140222
10,7,dp_fisher_wiener_lr0p10,dp_fisher_wiener,0.1,conv2,100,10,0.012139492819337044,0.05734707814418565,False,0.6743107527714715,0.07871415736384613,0.17997407908445406
10,7,dp_fisher_wiener_lr0p10,dp_fisher_wiener,0.1,conv2,101,10,0.01000479770640641,-0.0015718462822855305,True,,0.07871415736384613,0.1483569439379772
10,7,dp_fisher_wiener_lr0p10,dp_fisher_wiener,0.1,conv2,102,10,0.011589191673004852,0.01836412201291379,False,0.19991702389953067,0.07871415736384613,0.1718247810055065
10,7,dp_fisher_wiener_lr0p10,dp_fisher_wiener,0.1,conv2,103,10,0.010858628225483068,0.1392081506283608,False,1.1078896997975936,0.07871415736384613,0.16100466836897126
10,7,dp_fisher_wiener_lr0p10,dp_fisher_wiener,0.1,conv2,104,10,0.009891287929815393,-0.0015327145083459841,True,,0.07871415736384613,0.14667537441933914
10,7,dp_fisher_wiener_lr0p10,dp_fisher_wiener,0.1,conv2,105,10,0.009540326857990245,-0.05189760415050476,True,,0.07984816692647723,0.1435121710791153
10,7,dp_fisher_wiener_lr0p10,dp_fisher_wiener,0.1,conv2,106,10,0.00951937797930522,0.056263247412423834,False,0.7716162238504275,0.07984816692647723,0.14319733959369452
10,7,dp_fisher_wiener_lr0p10,dp_fisher_wiener,0.1,conv2,107,10,0.009241886793827064,0.022212937944058434,False,0.38084535889204085,0.07984816692647723,0.13902692384775636
10,7,dp_fisher_wiener_lr0p10,dp_fisher_wiener,0.1,conv2,108,10,0.00869874554539468,0.0791374678726665,False,0.9589255231175688,0.07984816692647723,0.13086339189279875
10,7,dp_fisher_wiener_lr0p10,dp_fisher_wiener,0.1,conv2,109,10,0.008469506927257932,-0.02461246015513167,True,,0.07984816692647723,0.127417622731307
10,7,dp_fisher_wiener_lr0p10,dp_fisher_wiener,0.1,conv2,110,10,0.007737351911700692,0.16499085505741945,False,1.328867523284887,0.08112738472651482,0.11827482514651425
10,7,dp_fisher_wiener_lr0p10,dp_fisher_wiener,0.1,conv2,111,10,0.008293132575034582,-0.008932871749092781,True,,0.08112738472651482,0.12676354300590117
10,7,dp_fisher_wiener_lr0p10,dp_fisher_wiener,0.1,conv2,112,10,0.00763764294816739,0.019180238713416484,False,0.399894656312265,0.08112738472651482,0.1167518198862614
10,7,dp_fisher_wiener_lr0p10,dp_fisher_wiener,0.1,conv2,113,10,0.007471903668679513,0.037289141538115696,False,0.6981511211225274,0.08112738472651482,0.1142201667373345
10,7,dp_fisher_wiener_lr0p10,dp_fisher_wiener,0.1,conv2,114,10,0.0067383065103634125,0.0056453401039735646,False,0.07686065101523556,0.08112738472651482,0.10301352326579898
10,7,dp_fisher_wiener_lr0p10,dp_fisher_wiener,0.1,conv2,115,10,0.007479899423224532,0.039846153065586386,False,0.7264906406695528,0.08214197593903405,0.11577119900627611
10,7,dp_fisher_wiener_lr0p10,dp_fisher_wiener,0.1,conv2,116,10,0.007364657330439539,-0.0290620915065721,True,,0.08214197593903405,0.11398885709967095
10,7,dp_fisher_wiener_lr0p10,dp_fisher_wiener,0.1,fc1,0,10,0.11817424762754294,0.12049501270898985,False,0.00844622583676882,1.0083216625440183,3.403760816093577
10,7,dp_fisher_wiener_lr0p10,dp_fisher_wiener,0.1,fc1,1,10,0.10227576526277413,0.11250169943135742,False,0.04138634515019668,1.0083216625440183,2.9471809687262662
10,7,dp_fisher_wiener_lr0p10,dp_fisher_wiener,0.1,fc1,2,10,0.09433399553671314,0.10099352347659943,False,0.02962529472826576,1.0083216625440183,2.7189499259178294
10,7,dp_fisher_wiener_lr0p10,dp_fisher_wiener,0.1,fc1,3,10,0.08243980402985142,0.061412842570232024,False,0.12787775102316773,1.0083216625440183,2.376939650790269
10,7,dp_fisher_wiener_lr0p10,dp_fisher_wiener,0.1,fc1,4,10,0.08573185520772561,0.1185392810212135,False,0.14072006696460485,1.0083216625440183,2.4716239278050742
10,7,dp_fisher_wiener_lr0p10,dp_fisher_wiener,0.1,fc1,5,10,0.07302359197887204,0.07942450753061286,False,0.03649133889930851,1.0930883764704546,2.2826610833472007
10,7,dp_fisher_wiener_lr0p10,dp_fisher_wiener,0.1,fc1,6,10,0.08350312022037434,0.059298400660681656,False,0.1486597237069588,1.0930883764704546,2.6093921043105817
10,7,dp_fisher_wiener_lr0p10,dp_fisher_wiener,0.1,fc1,7,10,0.08346711223213137,0.11934833853823258,False,0.1553009893394571,1.0930883764704546,2.608269810512726
10,7,dp_fisher_wiener_lr0p10,dp_fisher_wiener,0.1,fc1,8,10,0.07686902137221609,0.0389300834715814,False,0.2954660171469835,1.0930883764704546,2.4025787055182217
10,7,dp_fisher_wiener_lr0p10,dp_fisher_wiener,0.1,fc1,9,10,0.07547898893346082,0.09563128773066346,False,0.10277392983161567,1.0930883764704546,2.3592346089274474
10,7,dp_fisher_wiener_lr0p10,dp_fisher_wiener,0.1,fc1,10,10,0.06478972590733373,0.014794646647825706,False,0.6414015456441545,1.2790008052157464,2.3695303666374796
10,7,dp_fisher_wiener_lr0p10,dp_fisher_wiener,0.1,fc1,11,10,0.06393359441616095,0.04288321224891734,False,0.17344181206717874,1.2790008052157464,2.3382922814108364
10,7,dp_fisher_wiener_lr0p10,dp_fisher_wiener,0.1,fc1,12,10,0.06509406606723725,0.037815957033736844,False,0.23586630451747112,1.2790008052157464,2.3806345051051254
10,7,dp_fisher_wiener_lr0p10,dp_fisher_wiener,0.1,fc1,13,10,0.06582519039872371,0.07941417868625784,False,0.08150592474511448,1.2790008052157464,2.4073092630944557
10,7,dp_fisher_wiener_lr0p10,dp_fisher_wiener,0.1,fc1,14,10,0.058241593884970175,0.021680900423563826,False,0.4291559369031724,1.2790008052157464,2.1305560186354744
10,7,dp_fisher_wiener_lr0p10,dp_fisher_wiener,0.1,fc1,15,10,0.05694578355304168,0.05538879933877364,False,0.01203962199945381,1.48816317732118,2.4231160925163864
10,7,dp_fisher_wiener_lr0p10,dp_fisher_wiener,0.1,fc1,16,10,0.05419180654702495,0.038138182396093505,False,0.15257363753370867,1.48816317732118,2.306199896997841
10,7,dp_fisher_wiener_lr0p10,dp_fisher_wiener,0.1,fc1,17,10,0.053478437349329784,0.10012969450372301,False,0.27238418252897906,1.48816317732118,2.2759103734010466
10,7,dp_fisher_wiener_lr0p10,dp_fisher_wiener,0.1,fc1,18,10,0.053672125289188105,0.04801300433045369,False,0.04838991061836898,1.48816317732118,2.284134508226358
10,7,dp_fisher_wiener_lr0p10,dp_fisher_wiener,0.1,fc1,19,10,0.05241319449106375,0.07860060941028878,False,0.17598528326061014,1.48816317732118,2.2306769544821
10,7,dp_fisher_wiener_lr0p10,dp_fisher_wiener,0.1,fc1,20,10,0.04124410938782553,0.019560270234250447,False,0.32398707955056977,1.7845795989555668,2.1052211371991403
10,7,dp_fisher_wiener_lr0p10,dp_fisher_wiener,0.1,fc1,21,10,0.04738142695409281,0.077550900269229,False,0.21397870786199968,1.7845795989555668,2.4177338278466114
10,7,dp_fisher_wiener_lr0p10,dp_fisher_wiener,0.1,fc1,22,10,0.04586520652568045,0.039544380099575914,False,0.06439858152516477,1.7845795989555668,2.3405458717882315
10,7,dp_fisher_wiener_lr0p10,dp_fisher_wiener,0.1,fc1,23,10,0.04588177161212143,0.05381998284566313,False,0.06930337623306862,1.7845795989555668,2.3413892336396622
10,7,dp_fisher_wiener_lr0p10,dp_fisher_wiener,0.1,fc1,24,10,0.042988281590736754,0.048889212947547826,False,0.05586296072652931,1.7845795989555668,2.1940543281050964
10,7,dp_fisher_wiener_lr0p10,dp_fisher_wiener,0.1,fc1,25,10,0.037988772068762534,0.032433149754324375,False,0.06866612850056675,2.1429854102220247,2.3279722512126484
10,7,dp_fisher_wiener_lr0p10,dp_fisher_wiener,0.1,fc1,26,10,0.040968361888182085,0.011785790780030338,False,0.5410898718385804,2.1429854102220247,2.5101068380208664
10,7,dp_fisher_wiener_lr0p10,dp_fisher_wiener,0.1,fc1,27,10,0.03498544786706433,0.04148796912207388,False,0.07403473828129081,2.1429854102220247,2.1443198951780555
10,7,dp_fisher_wiener_lr0p10,dp_fisher_wiener,0.1,fc1,28,10,0.03422396966133808,0.021226005455135085,False,0.20746211072838827,2.1429854102220247,2.0977450480190725
10,7,dp_fisher_wiener_lr0p10,dp_fisher_wiener,0.1,fc1,29,10,0.03585407199435265,0.015212152505296336,False,0.37234781554076163,2.1429854102220247,2.1974429066596506
10,7,dp_fisher_wiener_lr0p10,dp_fisher_wiener,0.1,fc1,30,10,0.03223128689082112,0.028847484479921186,False,0.04816969745812163,2.61950266482323,2.4141401285033868
10,7,dp_fisher_wiener_lr0p10,dp_fisher_wiener,0.1,fc1,31,10,0.03107788463815877,0.04593287538016446,False,0.16967218269142542,2.61950266482323,2.3279499219876505
10,7,dp_fisher_wiener_lr0p10,dp_fisher_wiener,0.1,fc1,32,10,0.027935387439916283,0.0205874081290808,False,0.13255302487951343,2.61950266482323,2.0930455912312715
10,7,dp_fisher_wiener_lr0p10,dp_fisher_wiener,0.1,fc1,33,10,0.028248899706986644,0.03568273861997947,False,0.10145664197717183,2.61950266482323,2.116485839881933
10,7,dp_fisher_wiener_lr0p10,dp_fisher_wiener,0.1,fc1,34,10,0.029864871413338805,0.027809865873196702,False,0.030961754912215752,2.61950266482323,2.2372891905243444
10,7,dp_fisher_wiener_lr0p10,dp_fisher_wiener,0.1,fc1,35,10,0.022613506012854282,0.025638614838646503,False,0.05452665725727514,3.254054435829943,2.1047126096831437
10,7,dp_fisher_wiener_lr0p10,dp_fisher_wiener,0.1,fc1,36,10,0.023566556661361236,0.013896430827134425,False,0.2293928619002626,3.254054435829943,2.1932224083735363
10,7,dp_fisher_wiener_lr0p10,dp_fisher_wiener,0.1,fc1,37,10,0.02288183378212018,0.028832944305575568,False,0.10039816659546706,3.254054435829943,2.1296337850842084
10,7,dp_fisher_wiener_lr0p10,dp_fisher_wiener,0.1,fc1,38,10,0.023631265906191665,0.023364184310297787,False,0.0049363634810161,3.254054435829943,2.1992313887310937
10,7,dp_fisher_wiener_lr0p10,dp_fisher_wiener,0.1,fc1,39,10,0.02321224069131475,0.012932982079278836,False,0.25401838939320975,3.254054435829943,2.1603189137216603
10,7,dp_fisher_wiener_lr0p10,dp_fisher_wiener,0.1,fc1,40,10,0.01699884941166333,0.008811774030205203,False,0.28535617506784666,4.060966299377533,1.974719153798974
10,7,dp_fisher_wiener_lr0p10,dp_fisher_wiener,0.1,fc1,41,10,0.018307819052631444,0.03421189897525604,False,0.27154056954678163,4.060966299377533,2.126457274541133
10,7,dp_fisher_wiener_lr0p10,dp_fisher_wiener,0.1,fc1,42,10,0.01715867104020289,0.022787334441797067,False,0.12320987818542266,4.060966299377533,1.9932484256735121
10,7,dp_fisher_wiener_lr0p10,dp_fisher_wiener,0.1,fc1,43,10,0.015380225009078902,0.0030136680978616504,False,0.7078672683673354,4.060966299377533,1.7870217892822866
10,7,dp_fisher_wiener_lr0p10,dp_fisher_wiener,0.1,fc1,44,10,0.014770141830257166,0.01900731286494734,False,0.109536057722701,4.060966299377533,1.7162576778871241
10,7,dp_fisher_wiener_lr0p10,dp_fisher_wiener,0.1,fc1,45,10,0.013161084694240025,0.0009488371350412186,False,1.142100010386299,5.212746796433265,1.962546772872353
10,7,dp_fisher_wiener_lr0p10,dp_fisher_wiener,0.1,fc1,46,10,0.013333774792745725,0.009718478145992616,False,0.13735485322309546,5.212746796433265,1.9882468791622696
10,7,dp_fisher_wiener_lr0p10,dp_fisher_wiener,0.1,fc1,47,10,0.010586225920152343,0.007781697415122623,False,0.1336668183986017,5.212746796433265,1.5791945348573595
10,7,dp_fisher_wiener_lr0p10,dp_fisher_wiener,0.1,fc1,48,10,0.012399968797147626,0.019886945787508024,False,0.20514749751724287,5.212746796433265,1.849260196529021
10,7,dp_fisher_wiener_lr0p10,dp_fisher_wiener,0.1,fc1,49,10,0.013160266590779126,0.012926633847235889,False,0.007779239583746855,5.212746796433265,1.962425017847911
10,7,dp_fisher_wiener_lr0p10,dp_fisher_wiener,0.1,fc1,50,10,0.009859614146878543,0.0063154169321825455,False,0.19345789212717707,6.721834507881113,1.8959997608179415
10,7,dp_fisher_wiener_lr0p10,dp_fisher_wiener,0.1,fc1,51,10,0.007984594966446549,0.002703773129366065,False,0.47028264300584943,6.721834507881113,1.5359860701164532
10,7,dp_fisher_wiener_lr0p10,dp_fisher_wiener,0.1,fc1,52,10,0.007962285136996101,0.019312881541094,False,0.38480935065653904,6.721834507881113,1.5317009074175536
10,7,dp_fisher_wiener_lr0p10,dp_fisher_wiener,0.1,fc1,53,10,0.009189355881222999,0.01018160991783698,False,0.04453138313301008,6.721834507881113,1.7673362761402918
10,7,dp_fisher_wiener_lr0p10,dp_fisher_wiener,0.1,fc1,54,10,0.007991101345709696,0.00921413040855156,False,0.06184771601205355,6.721834507881113,1.537235776659785
10,7,dp_fisher_wiener_lr0p10,dp_fisher_wiener,0.1,fc1,55,10,0.005378719077279585,0.010022488018638847,False,0.27029668344517865,8.740287632400054,1.3456547421355927
10,7,dp_fisher_wiener_lr0p10,dp_fisher_wiener,0.1,fc1,56,10,0.006394015761429699,0.008826495381154239,False,0.14001459579757417,8.740287632400054,1.5992581636495544
10,7,dp_fisher_wiener_lr0p10,dp_fisher_wiener,0.1,fc1,57,10,0.00536232040234029,0.006517709531126534,False,0.08474224193371213,8.740287632400054,1.3415575860544415
10,7,dp_fisher_wiener_lr0p10,dp_fisher_wiener,0.1,fc1,58,10,0.005823603539071506,0.00862494842711596,False,0.17056470560018222,8.740287632400054,1.4567949179846664
10,7,dp_fisher_wiener_lr0p10,dp_fisher_wiener,0.1,fc1,59,10,0.006939284608640878,0.0056469188103739475,False,0.0895031564288556,8.740287632400054,1.735403900478319
10,7,dp_fisher_wiener_lr0p10,dp_fisher_wiener,0.1,fc1,60,10,0.005038666140074059,0.003644694127875067,False,0.1406544960660446,11.059315324793317,1.5946485073329018
10,7,dp_fisher_wiener_lr0p10,dp_fisher_wiener,0.1,fc1,61,10,0.005045482022477072,0.007172368589215036,False,0.15275993684856862,11.059315324793317,1.5968021814208226
10,7,dp_fisher_wiener_lr0p10,dp_fisher_wiener,0.1,fc1,62,10,0.0037943603944763037,0.004827134876420742,False,0.10455085523753699,11.059315324793317,1.2013192392859982
10,7,dp_fisher_wiener_lr0p10,dp_fisher_wiener,0.1,fc1,63,10,0.004916198206360656,0.007159366409156171,False,0.16324520572263684,11.059315324793317,1.5559496647989526
10,7,dp_fisher_wiener_lr0p10,dp_fisher_wiener,0.1,fc1,64,10,0.0042529932753734775,0.004582353102258292,False,0.03239385553167704,11.059315324793317,1.3463305572773794
10,7,dp_fisher_wiener_lr0p10,dp_fisher_wiener,0.1,fc1,65,10,0.0031026942655994227,0.0027029004037634283,False,0.059908939878385935,13.811097626921764,1.226726592479613
10,7,dp_fisher_wiener_lr0p10,dp_fisher_wiener,0.1,fc1,66,10,0.003408129158575458,0.002975566282606908,False,0.05894641606353694,13.811097626921764,1.3473256409145027
10,7,dp_fisher_wiener_lr0p10,dp_fisher_wiener,0.1,fc1,67,10,0.0027248244780962855,0.008685414266048257,False,0.5034520056507905,13.811097626921764,1.0774869239445224
10,7,dp_fisher_wiener_lr0p10,dp_fisher_wiener,0.1,fc1,68,10,0.002798657461874177,0.003289853742447769,False,0.07022684408288954,13.811097626921764,1.1066507526180298
10,7,dp_fisher_wiener_lr0p10,dp_fisher_wiener,0.1,fc1,69,10,0.0030403755587806963,0.007987901330144367,False,0.41950545901455083,13.811097626921764,1.202116878950133
10,7,dp_fisher_wiener_lr0p10,dp_fisher_wiener,0.1,fc1,70,10,0.0021120671340138816,0.004356991688303463,False,0.3144790129122563,16.98230692998834,1.0270026520647069
10,7,dp_fisher_wiener_lr0p10,dp_fisher_wiener,0.1,fc1,71,10,0.0024501628900618056,-0.00030896591315277976,True,,16.98230692998834,1.1912081023810246
10,7,dp_fisher_wiener_lr0p10,dp_fisher_wiener,0.1,fc1,72,10,0.0023642099524585495,0.0031883567494986036,False,0.12988086801132326,16.98230692998834,1.1494678059640775
10,7,dp_fisher_wiener_lr0p10,dp_fisher_wiener,0.1,fc1,73,10,0.0021927033843386944,0.0016977665196385523,False,0.11110192197870218,16.98230692998834,1.0661707368175681
10,7,dp_fisher_wiener_lr0p10,dp_fisher_wiener,0.1,fc1,74,10,0.0025519148621662405,-0.0010573959171409834,True,,16.98230692998834,1.2406162031815091
10,7,dp_fisher_wiener_lr0p10,dp_fisher_wiener,0.1,fc1,75,10,0.0018524056398366315,0.00032601775095178346,False,0.7544948474833069,20.345792863875545,1.0790841220072418
10,7,dp_fisher_wiener_lr0p10,dp_fisher_wiener,0.1,fc1,76,10,0.0014002197808133327,0.0001763537767272514,False,0.8998114438159419,20.345792863875545,0.8158860068898075
10,7,dp_fisher_wiener_lr0p10,dp_fisher_wiener,0.1,fc1,77,10,0.0018116172664980855,0.002682531192562477,False,0.17047832937301882,20.345792863875545,1.055348618001796
10,7,dp_fisher_wiener_lr0p10,dp_fisher_wiener,0.1,fc1,78,10,0.001546006609083323,0.004076647032563023,False,0.42109176448741803,20.345792863875545,0.9007574017415738
10,7,dp_fisher_wiener_lr0p10,dp_fisher_wiener,0.1,fc1,79,10,0.0015687405436312335,0.004206708157654589,False,0.4283912627736647,20.345792863875545,0.9139909150539977
10,7,dp_fisher_wiener_lr0p10,dp_fisher_wiener,0.1,fc1,80,10,0.001293870419045238,0.0019527649808592634,False,0.17875919425568143,23.614394497185458,0.8749850694047642
10,7,dp_fisher_wiener_lr0p10,dp_fisher_wiener,0.1,fc1,81,10,0.0012292194776956024,-0.000296820015271978,True,,23.614394497185458,0.8313008491884287
10,7,dp_fisher_wiener_lr0p10,dp_fisher_wiener,0.1,fc1,82,10,0.0013648744912665436,0.0009427698310294642,False,0.16068704062649003,23.614394497185458,0.9229576726123708
10,7,dp_fisher_wiener_lr0p10,dp_fisher_wiener,0.1,fc1,83,10,0.001273670484835137,0.001410265503799814,False,0.04424379796948088,23.614394497185458,0.8613365142738427
10,7,dp_fisher_wiener_lr0p10,dp_fisher_wiener,0.1,fc1,84,10,0.001170870387561559,0.0002832859801649672,False,0.6162837406144217,23.614394497185458,0.791871479987693
10,7,dp_fisher_wiener_lr0p10,dp_fisher_wiener,0.1,fc1,85,10,0.0009642755493393739,0.0012583678489014294,False,0.11560645889241535,26.596039765789783,0.7345342366100855
10,7,dp_fisher_wiener_lr0p10,dp_fisher_wiener,0.1,fc1,86,10,0.0009761592475481813,0.0016267617602472413,False,0.2218032821535517,26.596039765789783,0.7435798986467123
10,7,dp_fisher_wiener_lr0p10,dp_fisher_wiener,0.1,fc1,87,10,0.0010580817282856182,0.0010637184240236647,False,0.002307466715285744,26.596039765789783,0.8059334086624077
10,7,dp_fisher_wiener_lr0p10,dp_fisher_wiener,0.1,fc1,88,10,0.0009018777636225611,0.0021234526627182766,False,0.3718949046337785,26.596039765789783,0.6870354605652854
10,7,dp_fisher_wiener_lr0p10,dp_fisher_wiener,0.1,fc1,89,10,0.0010335864739772621,0.0035110514573934025,False,0.5310903771643244,26.596039765789783,0.7872901928293109
10,7,dp_fisher_wiener_lr0p10,dp_fisher_wiener,0.1,fc1,90,10,0.0008232094497061574,2.5080399440060584e-05,False,1.516175898139887,29.50551930808956,0.6957037646865942
10,7,dp_fisher_wiener_lr0p10,dp_fisher_wiener,0.1,fc1,91,10,0.0008115036514120942,0.0011484407561819607,False,0.15081811815799548,29.50551930808956,0.6858178259073622
10,7,dp_fisher_wiener_lr0p10,dp_fisher_wiener,0.1,fc1,92,10,0.0006295738698145965,0.0017187095842354338,False,0.4361558042572614,29.50551930808956,0.5321469599122157
10,7,dp_fisher_wiener_lr0p10,dp_fisher_wiener,0.1,fc1,93,10,0.0009157047897898678,-0.001363750931040486,True,,29.50551930808956,0.7738123209992672
10,7,dp_fisher_wiener_lr0p10,dp_fisher_wiener,0.1,fc1,94,10,0.0008628776146356882,0.002554358641732948,False,0.4713326714471965,29.50551930808956,0.7292034088551458
10,7,dp_fisher_wiener_lr0p10,dp_fisher_wiener,0.1,fc1,95,10,0.0008935298138155523,0.000856802937805794,False,0.018228100963601338,32.145261423279976,0.8225868512426305
10,7,dp_fisher_wiener_lr0p10,dp_fisher_wiener,0.1,fc1,96,10,0.0007871233979518087,9.45050968479883e-06,False,1.9205875908758867,32.145261423279976,0.7246994996053306
10,7,dp_fisher_wiener_lr0p10,dp_fisher_wiener,0.1,fc1,97,10,0.0006032991725075499,0.0034425996762144397,False,0.7563537939371752,32.145261423279976,0.5555474751377038
10,7,dp_fisher_wiener_lr0p10,dp_fisher_wiener,0.1,fc1,98,10,0.0007236820570048379,-4.1737245124654255e-05,True,,32.145261423279976,0.666328273638805
10,7,dp_fisher_wiener_lr0p10,dp_fisher_wiener,0.1,fc1,99,10,0.0007849286653487958,0.0014293646683202852,False,0.26031285313994706,32.145261423279976,0.7226802794980528
10,7,dp_fisher_wiener_lr0p10,dp_fisher_wiener,0.1,fc1,100,10,0.0007039582134392266,0.0006825954593302855,False,0.013383485435898443,34.66793478046384,0.6990112436440149
10,7,dp_fisher_wiener_lr0p10,dp_fisher_wiener,0.1,fc1,101,10,0.0005936781130305028,0.0008363938239138393,False,0.14885977904230707,34.66793478046384,0.5895705072262571
10,7,dp_fisher_wiener_lr0p10,dp_fisher_wiener,0.1,fc1,102,10,0.0006612167745003082,0.003276489763035758,False,0.6950649526816265,34.66793478046384,0.6565979544448557
10,7,dp_fisher_wiener_lr0p10,dp_fisher_wiener,0.1,fc1,103,10,0.0005711478944422838,0.0007216502683610248,False,0.10157819736895635,34.66793478046384,0.567208830503833
10,7,dp_fisher_wiener_lr0p10,dp_fisher_wiener,0.1,fc1,104,10,0.0005892936577315348,0.0004651080425989231,False,0.1027779176787283,34.66793478046384,0.5852189289211709
10,7,dp_fisher_wiener_lr0p10,dp_fisher_wiener,0.1,fc1,105,10,0.0005395980429351597,0.0012388652437594662,False,0.360953703165085,37.04017608994832,0.5725422357494
10,7,dp_fisher_wiener_lr0p10,dp_fisher_wiener,0.1,fc1,106,10,0.0005397475130137803,-0.000511984461787316,True,,37.04017608994832,0.5727007408684057
10,7,dp_fisher_wiener_lr0p10,dp_fisher_wiener,0.1,fc1,107,10,0.0005143008019403402,0.00020467836901770086,False,0.4001452538769612,37.04017608994832,0.5457151263842167
10,7,dp_fisher_wiener_lr0p10,dp_fisher_wiener,0.1,fc1,108,10,0.0004523192269409192,0.0013834847669810689,False,0.4855293327606059,37.04017608994832,0.47997910203641453
10,7,dp_fisher_wiener_lr0p10,dp_fisher_wiener,0.1,fc1,109,10,0.0004432126359796921,-0.001677184106876954,True,,37.04017608994832,0.47032016522752557
10,7,dp_fisher_wiener_lr0p10,dp_fisher_wiener,0.1,fc1,110,10,0.0004725958178822012,-0.0008952939482888178,True,,39.2394413096099,0.531244820115549
10,7,dp_fisher_wiener_lr0p10,dp_fisher_wiener,0.1,fc1,111,10,0.0004750489703042183,0.0007521090749504867,False,0.19954244783757752,39.2394413096099,0.5340009393125436
10,7,dp_fisher_wiener_lr0p10,dp_fisher_wiener,0.1,fc1,112,10,0.0005257142090536412,0.0007819563061199303,False,0.17243277105354754,39.2394413096099,0.590919996856444
10,7,dp_fisher_wiener_lr0p10,dp_fisher_wiener,0.1,fc1,113,10,0.0005523977441489007,0.0012383940593899895,False,0.35060696365873234,39.2394413096099,0.6208945918852177
10,7,dp_fisher_wiener_lr0p10,dp_fisher_wiener,0.1,fc1,114,10,0.0005284479527941578,0.00048715247117443934,False,0.03533730985105092,39.2394413096099,0.5939909940316275
10,7,dp_fisher_wiener_lr0p10,dp_fisher_wiener,0.1,fc1,115,10,0.00044852788102229374,0.0005854410101161973,False,0.11569369699550094,40.88915222177093,0.5253903685330449
10,7,dp_fisher_wiener_lr0p10,dp_fisher_wiener,0.1,fc1,116,10,0.00041537796423703324,5.754561991645926e-05,False,0.8584311806184248,40.88915222177093,0.48657852425699416
10,7,dp_fisher_wiener_lr0p10,dp_fisher_wiener,0.1,fc2,0,10,4.4107709373618995,2.930587308820196,False,0.17755983981396822,0.002520589083515809,3.7927011546745266
10,7,dp_fisher_wiener_lr0p10,dp_fisher_wiener,0.1,fc2,1,10,4.138094724969636,5.518717666476538,False,0.12503774858631617,0.002520589083515809,3.5681850332706797
10,7,dp_fisher_wiener_lr0p10,dp_fisher_wiener,0.1,fc2,2,10,3.995785599085172,3.570578663328214,False,0.04886357189674085,0.002520589083515809,3.4505218766282577
10,7,dp_fisher_wiener_lr0p10,dp_fisher_wiener,0.1,fc2,3,10,3.6737554176603395,5.1303554864288,False,0.14503721923386884,0.002520589083515809,3.183011470034586
10,7,dp_fisher_wiener_lr0p10,dp_fisher_wiener,0.1,fc2,4,10,4.0378845113656885,2.65004853067026,False,0.18290006611171722,0.002520589083515809,3.4853649490262764
10,7,dp_fisher_wiener_lr0p10,dp_fisher_wiener,0.1,fc2,5,10,2.6486918465217277,2.6133326353639674,False,0.005836742677283217,0.0033685884550856485,3.071209387327653
10,7,dp_fisher_wiener_lr0p10,dp_fisher_wiener,0.1,fc2,6,10,3.2804835241264354,4.0539529152534435,False,0.09194083935944354,0.0033685884550856485,3.7708222971855427
10,7,dp_fisher_wiener_lr0p10,dp_fisher_wiener,0.1,fc2,7,10,4.041976446121497,4.639710491836573,False,0.05989710392427069,0.0033685884550856485,4.598561369677221
10,7,dp_fisher_wiener_lr0p10,dp_fisher_wiener,0.1,fc2,8,10,3.2669770859328873,2.6831012084830577,False,0.08550903353524461,0.0033685884550856485,3.7559898828145237
10,7,dp_fisher_wiener_lr0p10,dp_fisher_wiener,0.1,fc2,9,10,3.144703569502406,3.8441916201053785,False,0.08722531403495314,0.0033685884550856485,3.621468487857563
10,7,dp_fisher_wiener_lr0p10,dp_fisher_wiener,0.1,fc2,10,10,2.215996232595628,1.7570923367059095,False,0.10077443307343656,0.004965105168022593,3.755192016292722
10,7,dp_fisher_wiener_lr0p10,dp_fisher_wiener,0.1,fc2,11,10,2.2287203876068964,2.633882544343822,False,0.07254081820957338,0.004965105168022593,3.775786859015966
10,7,dp_fisher_wiener_lr0p10,dp_fisher_wiener,0.1,fc2,12,10,2.30904306637929,2.547410358002527,False,0.042666877261072614,0.004965105168022593,3.9055569452558383
10,7,dp_fisher_wiener_lr0p10,dp_fisher_wiener,0.1,fc2,13,10,2.384182253866959,1.4123387137122647,False,0.22740058732574558,0.004965105168022593,4.026583645286614
10,7,dp_fisher_wiener_lr0p10,dp_fisher_wiener,0.1,fc2,14,10,2.0723593710303545,1.8881393559996869,False,0.04043102459853142,0.004965105168022593,3.5219888515576603
10,7,dp_fisher_wiener_lr0p10,dp_fisher_wiener,0.1,fc2,15,10,1.9602126799648087,2.248030518740922,False,0.05949900864326741,0.006510176213504054,4.324689188778198
10,7,dp_fisher_wiener_lr0p10,dp_fisher_wiener,0.1,fc2,16,10,1.77301456850799,1.600512049901691,False,0.04445335592725528,0.006510176213504054,3.9308884325157827
10,7,dp_fisher_wiener_lr0p10,dp_fisher_wiener,0.1,fc2,17,10,1.8159513274551609,1.9967747811800616,False,0.04122487895318004,0.006510176213504054,4.021545444209054
10,7,dp_fisher_wiener_lr0p10,dp_fisher_wiener,0.1,fc2,18,10,1.8279027242595707,2.151847076182381,False,0.07085832428145483,0.006510176213504054,4.04674429428894
10,7,dp_fisher_wiener_lr0p10,dp_fisher_wiener,0.1,fc2,19,10,1.8051612770261571,2.1187374162396457,False,0.06956112737464079,0.006510176213504054,3.998781993885522
10,7,dp_fisher_wiener_lr0p10,dp_fisher_wiener,0.1,fc2,20,10,1.2973434011718339,1.864696149544732,False,0.1575531268723462,0.008526776651328477,3.774589562868292
10,7,dp_fisher_wiener_lr0p10,dp_fisher_wiener,0.1,fc2,21,10,1.5838786915452794,1.653344752220812,False,0.018641505115920186,0.008526776651328477,4.563284137326953
10,7,dp_fisher_wiener_lr0p10,dp_fisher_wiener,0.1,fc2,22,10,1.594677260521278,1.7896653606316726,False,0.050099030909664076,0.008526776651328477,4.592715080962604
10,7,dp_fisher_wiener_lr0p10,dp_fisher_wiener,0.1,fc2,23,10,1.5505880641003627,1.271392953512997,False,0.08621663649997226,0.008526776651328477,4.4724203130805185
10,7,dp_fisher_wiener_lr0p10,dp_fisher_wiener,0.1,fc2,24,10,1.477214766019724,1.6349463581470556,False,0.04405986808001745,0.008526776651328477,4.271446709334361
10,7,dp_fisher_wiener_lr0p10,dp_fisher_wiener,0.1,fc2,25,10,1.3737440858759384,1.3317570282651694,False,0.013480838323457185,0.010505553215146499,4.858495726150343
10,7,dp_fisher_wiener_lr0p10,dp_fisher_wiener,0.1,fc2,26,10,1.5345231038444678,1.8039901856775502,False,0.07026073892903768,0.010505553215146499,5.391306791577333
10,7,dp_fisher_wiener_lr0p10,dp_fisher_wiener,0.1,fc2,27,10,1.2244657415198246,1.0272332667118098,False,0.07627756332685298,0.010505553215146499,4.357594831446318
10,7,dp_fisher_wiener_lr0p10,dp_fisher_wiener,0.1,fc2,28,10,1.2217352484420079,0.6088431256055281,False,0.3024716971245489,0.010505553215146499,4.348376008424344
10,7,dp_fisher_wiener_lr0p10,dp_fisher_wiener,0.1,fc2,29,10,1.3642918844106995,1.1456401162291963,False,0.0758590830340897,0.010505553215146499,4.826957991326081
10,7,dp_fisher_wiener_lr0p10,dp_fisher_wiener,0.1,fc2,30,10,1.1653607587179726,1.830971404157647,False,0.19622117163824448,0.013691641613712627,5.339460066849156
10,7,dp_fisher_wiener_lr0p10,dp_fisher_wiener,0.1,fc2,31,10,1.1783536083742157,0.9940013214841005,False,0.07388867428035438,0.013691641613712627,5.395249970020622
10,7,dp_fisher_wiener_lr0p10,dp_fisher_wiener,0.1,fc2,32,10,1.0719173951217327,1.189383298888041,False,0.04516051719014961,0.013691641613712627,4.936004473492885
10,7,dp_fisher_wiener_lr0p10,dp_fisher_wiener,0.1,fc2,33,10,1.1209884823089071,1.3148101244380994,False,0.0692618891996798,0.013691641613712627,5.148364370465732
10,7,dp_fisher_wiener_lr0p10,dp_fisher_wiener,0.1,fc2,34,10,1.2000176316564743,1.3268000543210583,False,0.04361785351806368,0.013691641613712627,5.488107084313357
10,7,dp_fisher_wiener_lr0p10,dp_fisher_wiener,0.1,fc2,35,10,0.8669082426327687,1.0775851002124346,False,0.09447844548154988,0.018342081689103062,5.3222589185671465
10,7,dp_fisher_wiener_lr0p10,dp_fisher_wiener,0.1,fc2,36,10,0.9527997539228433,1.1985086606100956,False,0.09963954034991344,0.018342081689103062,5.81395890588753
10,7,dp_fisher_wiener_lr0p10,dp_fisher_wiener,0.1,fc2,37,10,0.9566018103392538,1.2388670084950693,False,0.11229348924450544,0.018342081689103062,5.83559103552787
10,7,dp_fisher_wiener_lr0p10,dp_fisher_wiener,0.1,fc2,38,10,1.02904695794023,1.1006471162539857,False,0.029212906914952055,0.018342081689103062,6.245650184655142
10,7,dp_fisher_wiener_lr0p10,dp_fisher_wiener,0.1,fc2,39,10,1.028161559621048,0.9194700777287322,False,0.048523762075128596,0.018342081689103062,6.240662760713848
10,7,dp_fisher_wiener_lr0p10,dp_fisher_wiener,0.1,fc2,40,10,0.7185797168829474,0.8374029932014058,False,0.0664595545421489,0.025439143887158178,6.062591415911531
10,7,dp_fisher_wiener_lr0p10,dp_fisher_wiener,0.1,fc2,41,10,0.7831783061085884,0.7191695296363292,False,0.037029370515782346,0.025439143887158178,6.566409114859365
10,7,dp_fisher_wiener_lr0p10,dp_fisher_wiener,0.1,fc2,42,10,0.7866466276548341,0.9609200250101716,False,0.08690755873310146,0.025439143887158178,6.593288875361273
10,7,dp_fisher_wiener_lr0p10,dp_fisher_wiener,0.1,fc2,43,10,0.6997264912021613,0.7039098899745417,False,0.002588750770976125,0.025439143887158178,5.914401396843957
10,7,dp_fisher_wiener_lr0p10,dp_fisher_wiener,0.1,fc2,44,10,0.7214994044993388,0.8325703459339756,False,0.06218496136881974,0.025439143887158178,6.085493856931905
10,7,dp_fisher_wiener_lr0p10,dp_fisher_wiener,0.1,fc2,45,10,0.602827967856435,0.5976847644390859,False,0.0037212075627059012,0.0370839433610326,7.30106340769838
10,7,dp_fisher_wiener_lr0p10,dp_fisher_wiener,0.1,fc2,46,10,0.620048731440652,0.6846939357653554,False,0.043070658089970085,0.0370839433610326,7.491883584550825
10,7,dp_fisher_wiener_lr0p10,dp_fisher_wiener,0.1,fc2,47,10,0.5127952279545799,0.6829933434349018,False,0.12447249598897811,0.0370839433610326,6.289113115282876
10,7,dp_fisher_wiener_lr0p10,dp_fisher_wiener,0.1,fc2,48,10,0.6500005542074908,0.40634897293194616,False,0.20401456054539632,0.0370839433610326,7.821737867190702
10,7,dp_fisher_wiener_lr0p10,dp_fisher_wiener,0.1,fc2,49,10,0.6639397780720074,0.6197337768842354,False,0.029923522130212394,0.0370839433610326,7.974377118511327
10,7,dp_fisher_wiener_lr0p10,dp_fisher_wiener,0.1,fc2,50,10,0.4151690117013834,0.35238230435825557,False,0.07121083897436478,0.05653281933478249,7.633800616856605
10,7,dp_fisher_wiener_lr0p10,dp_fisher_wiener,0.1,fc2,51,10,0.3872279128274838,0.3721073193382794,False,0.017298442662277536,0.05653281933478249,7.161829918973799
10,7,dp_fisher_wiener_lr0p10,dp_fisher_wiener,0.1,fc2,52,10,0.3851174366606378,0.3461806096454677,False,0.04629044386916354,0.05653281933478249,7.1259653830440115
10,7,dp_fisher_wiener_lr0p10,dp_fisher_wiener,0.1,fc2,53,10,0.47538647219930685,0.4715676544384805,False,0.00350281059034118,0.05653281933478249,8.63345296226902
10,7,dp_fisher_wiener_lr0p10,dp_fisher_wiener,0.1,fc2,54,10,0.40427835203011914,0.3792414638448841,False,0.027764672453970397,0.05653281933478249,7.450465824670823
10,7,dp_fisher_wiener_lr0p10,dp_fisher_wiener,0.1,fc2,55,10,0.2653347881181432,0.2890260679348968,False,0.03714282036874136,0.08498194021491323,7.358951096346361
10,7,dp_fisher_wiener_lr0p10,dp_fisher_wiener,0.1,fc2,56,10,0.3097269172479977,0.2845583568995609,False,0.03680760548586939,0.08498194021491323,8.472439137697327
10,7,dp_fisher_wiener_lr0p10,dp_fisher_wiener,0.1,fc2,57,10,0.25640526327721347,0.1669784996605988,False,0.18626638127810566,0.08498194021491323,7.131390790652463
10,7,dp_fisher_wiener_lr0p10,dp_fisher_wiener,0.1,fc2,58,10,0.2808223071320748,0.2765209062507218,False,0.006703631489132899,0.08498194021491323,7.750753579653401
10,7,dp_fisher_wiener_lr0p10,dp_fisher_wiener,0.1,fc2,59,10,0.33672412791112133,0.3639972858985202,False,0.03382390859555984,0.08498194021491323,9.135636395397562
10,7,dp_fisher_wiener_lr0p10,dp_fisher_wiener,0.1,fc2,60,10,0.21103512994142987,0.23194670799184428,False,0.04103345687604924,0.12509350528119967,8.495135849531586
10,7,dp_fisher_wiener_lr0p10,dp_fisher_wiener,0.1,fc2,61,10,0.23184699625019564,0.19617805290783008,False,0.07255105386981754,0.12509350528119967,9.24652236786232
10,7,dp_fisher_wiener_lr0p10,dp_fisher_wiener,0.1,fc2,62,10,0.1815522547034772,0.13242794986441198,False,0.13702199107063975,0.12509350528119967,7.407474985332307
10,7,dp_fisher_wiener_lr0p10,dp_fisher_wiener,0.1,fc2,63,10,0.21900093333362913,0.1842332774276273,False,0.07507788763607119,0.12509350528119967,8.784293906987521
10,7,dp_fisher_wiener_lr0p10,dp_fisher_wiener,0.1,fc2,64,10,0.211071901360514,0.19097389809019577,False,0.04345640948553897,0.12509350528119967,8.496475162893203
10,7,dp_fisher_wiener_lr0p10,dp_fisher_wiener,0.1,fc2,65,10,0.13596368181069515,0.14433669221077877,False,0.025953831782455077,0.17870737838945772,7.878830407561382
10,7,dp_fisher_wiener_lr0p10,dp_fisher_wiener,0.1,fc2,66,10,0.15436433800391636,0.1368447562691379,False,0.05231881436672291,0.17870737838945772,8.83933739897069
10,7,dp_fisher_wiener_lr0p10,dp_fisher_wiener,0.1,fc2,67,10,0.12119600531313804,0.13064909480698828,False,0.032618099613516395,0.17870737838945772,7.091923445031911
10,7,dp_fisher_wiener_lr0p10,dp_fisher_wiener,0.1,fc2,68,10,0.1209432950391099,0.1309815514910749,False,0.034628333824436815,0.17870737838945772,7.078329211740345
10,7,dp_fisher_wiener_lr0p10,dp_fisher_wiener,0.1,fc2,69,10,0.141326163918972,0.1742074205509185,False,0.09084407943927024,0.17870737838945772,8.160995241479442
10,7,dp_fisher_wiener_lr0p10,dp_fisher_wiener,0.1,fc2,70,10,0.08204868821456088,0.07541687443364238,False,0.03660311238899879,0.25627785024535665,6.901475397705796
10,7,dp_fisher_wiener_lr0p10,dp_fisher_wiener,0.1,fc2,71,10,0.09872624310834265,0.10935535121207489,False,0.0444074288804671,0.25627785024535665,8.17429321564469
10,7,dp_fisher_wiener_lr0p10,dp_fisher_wiener,0.1,fc2,72,10,0.09949664973534157,0.10279472259613107,False,0.014162361509649094,0.25627785024535665,8.232176428871467
10,7,dp_fisher_wiener_lr0p10,dp_fisher_wiener,0.1,fc2,73,10,0.08882763756492079,0.08828941046516715,False,0.00263949497297038,0.25627785024535665,7.423468164576285
10,7,dp_fisher_wiener_lr0p10,dp_fisher_wiener,0.1,fc2,74,10,0.1104772138658006,0.12909159399561226,False,0.06762525021202913,0.25627785024535665,9.048749762325546
10,7,dp_fisher_wiener_lr0p10,dp_fisher_wiener,0.1,fc2,75,10,0.06464521260511753,0.07347774376774634,False,0.05561944414626232,0.33958927645909576,7.180375391203783
10,7,dp_fisher_wiener_lr0p10,dp_fisher_wiener,0.1,fc2,76,10,0.0502072971223842,0.04708224957282006,False,0.02790963693888272,0.33958927645909576,5.681426119335285
10,7,dp_fisher_wiener_lr0p10,dp_fisher_wiener,0.1,fc2,77,10,0.07353221264928118,0.05779639942528163,False,0.10457685069697584,0.33958927645909576,8.077194396186805
10,7,dp_fisher_wiener_lr0p10,dp_fisher_wiener,0.1,fc2,78,10,0.0547855622175296,0.058667876180934914,False,0.029734243928112296,0.33958927645909576,6.162569924954598
10,7,dp_fisher_wiener_lr0p10,dp_fisher_wiener,0.1,fc2,79,10,0.0608275407070703,0.08296157384942074,False,0.1347767243445411,0.33958927645909576,6.789197113087329
10,7,dp_fisher_wiener_lr0p10,dp_fisher_wiener,0.1,fc2,80,10,0.04262230088002692,0.06515603031157002,False,0.18431772613567426,0.42642922867995203,6.030298933507881
10,7,dp_fisher_wiener_lr0p10,dp_fisher_wiener,0.1,fc2,81,10,0.04312344679715287,0.03666503765982078,False,0.07046133071073955,0.42642922867995203,6.096211160128191
10,7,dp_fisher_wiener_lr0p10,dp_fisher_wiener,0.1,fc2,82,10,0.05256211915252997,0.056994239274707745,False,0.03515809492656457,0.42642922867995203,7.318664850947528
10,7,dp_fisher_wiener_lr0p10,dp_fisher_wiener,0.1,fc2,83,10,0.04263298335675075,0.04198244152840013,False,0.006678032840376919,0.42642922867995203,6.031705008723665
10,7,dp_fisher_wiener_lr0p10,dp_fisher_wiener,0.1,fc2,84,10,0.04137022233161962,0.048528106376970984,False,0.06930549008643994,0.42642922867995203,5.865166393093264
10,7,dp_fisher_wiener_lr0p10,dp_fisher_wiener,0.1,fc2,85,10,0.03132944314952373,0.03685480602461668,False,0.07054145396233114,0.5223700207489568,5.46788588008265
10,7,dp_fisher_wiener_lr0p10,dp_fisher_wiener,0.1,fc2,86,10,0.029191834246566774,0.040847423279502415,False,0.14590328133826994,0.5223700207489568,5.117067303959098
10,7,dp_fisher_wiener_lr0p10,dp_fisher_wiener,0.1,fc2,87,10,0.03752298896795075,0.03416109812928532,False,0.04076560276971574,0.5223700207489568,6.468011981553215
10,7,dp_fisher_wiener_lr0p10,dp_fisher_wiener,0.1,fc2,88,10,0.02873524715528609,0.030976280072275396,False,0.032614325418573294,0.5223700207489568,5.041748343142094
10,7,dp_fisher_wiener_lr0p10,dp_fisher_wiener,0.1,fc2,89,10,0.030961102274066076,0.0253233845794135,False,0.08729466344217383,0.5223700207489568,5.407645245314659
10,7,dp_fisher_wiener_lr0p10,dp_fisher_wiener,0.1,fc2,90,10,0.029302629931483477,0.024938190830903987,False,0.07004165643241199,0.6020687431137084,5.865391242899776
10,7,dp_fisher_wiener_lr0p10,dp_fisher_wiener,0.1,fc2,91,10,0.024033456747927926,0.021851636042490435,False,0.04133228179786684,0.6020687431137084,4.870511000441624
10,7,dp_fisher_wiener_lr0p10,dp_fisher_wiener,0.1,fc2,92,10,0.023487403790241192,0.022863723024894464,False,0.011688063782953303,0.6020687431137084,4.766035263847921
10,7,dp_fisher_wiener_lr0p10,dp_fisher_wiener,0.1,fc2,93,10,0.02899544651529921,0.03357645302893264,False,0.06370501489125814,0.6020687431137084,5.808038817138746
10,7,dp_fisher_wiener_lr0p10,dp_fisher_wiener,0.1,fc2,94,10,0.027858421948115605,0.0335681017503532,False,0.08097027093903904,0.6020687431137084,5.595063437103389
10,7,dp_fisher_wiener_lr0p10,dp_fisher_wiener,0.1,fc2,95,10,0.027458230754498745,0.024968613685536385,False,0.04127812044305611,0.6881820739540245,6.2522209954648105
10,7,dp_fisher_wiener_lr0p10,dp_fisher_wiener,0.1,fc2,96,10,0.024679068807575665,0.020198560463034778,False,0.08700835014702157,0.6881820739540245,5.660825914535947
10,7,dp_fisher_wiener_lr0p10,dp_fisher_wiener,0.1,fc2,97,10,0.02010606221414841,0.018333058637099386,False,0.04009209455309542,0.6881820739540245,4.6690658935042615
10,7,dp_fisher_wiener_lr0p10,dp_fisher_wiener,0.1,fc2,98,10,0.02400812232187667,0.02702798211922703,False,0.05145542777716291,0.6881820739540245,5.516787412355281
10,7,dp_fisher_wiener_lr0p10,dp_fisher_wiener,0.1,fc2,99,10,0.022972541168512932,0.026104312060899325,False,0.05550321404549117,0.6881820739540245,5.293487394458586
10,7,dp_fisher_wiener_lr0p10,dp_fisher_wiener,0.1,fc2,100,10,0.020392951414701526,0.019067707593218776,False,0.02918160122926798,0.7628425469520028,5.214026759829175
10,7,dp_fisher_wiener_lr0p10,dp_fisher_wiener,0.1,fc2,101,10,0.017402835015312958,0.019487890844217978,False,0.04914483543464125,0.7628425469520028,4.489754624117944
10,7,dp_fisher_wiener_lr0p10,dp_fisher_wiener,0.1,fc2,102,10,0.02117874318113502,0.019576775657225383,False,0.034159020025235104,0.7628425469520028,5.402285640233778
10,7,dp_fisher_wiener_lr0p10,dp_fisher_wiener,0.1,fc2,103,10,0.01840494963292414,0.020925348696991156,False,0.05573807045428181,0.7628425469520028,4.733900914925634
10,7,dp_fisher_wiener_lr0p10,dp_fisher_wiener,0.1,fc2,104,10,0.018569535757463243,0.026700821628106594,False,0.1577235791076675,0.7628425469520028,4.773862001690434
10,7,dp_fisher_wiener_lr0p10,dp_fisher_wiener,0.1,fc2,105,10,0.016449803499256385,0.01200575215568204,False,0.13677134083738912,0.8329416689748914,4.6260180718518535
10,7,dp_fisher_wiener_lr0p10,dp_fisher_wiener,0.1,fc2,106,10,0.015919141311129023,0.014406331233440603,False,0.043366241958839036,0.8329416689748914,4.484659084533311
10,7,dp_fisher_wiener_lr0p10,dp_fisher_wiener,0.1,fc2,107,10,0.015339778728296076,0.013719127404080786,False,0.04849260585136841,0.8329416689748914,4.329773634295928
10,7,dp_fisher_wiener_lr0p10,dp_fisher_wiener,0.1,fc2,108,10,0.013475608539878153,0.01500743442847966,False,0.04675806804170947,0.8329416689748914,3.8274316692713852
10,7,dp_fisher_wiener_lr0p10,dp_fisher_wiener,0.1,fc2,109,10,0.012813101201961096,0.013092179676496708,False,0.009357700558784475,0.8329416689748914,3.647419350158676
10,7,dp_fisher_wiener_lr0p10,dp_fisher_wiener,0.1,fc2,110,10,0.01429350653730948,0.0169741732746749,False,0.07464984656697425,0.9023034911385608,4.368323307718263
10,7,dp_fisher_wiener_lr0p10,dp_fisher_wiener,0.1,fc2,111,10,0.014303971881564145,0.017887265674671006,False,0.09708730976915242,0.9023034911385608,4.371356811530319
10,7,dp_fisher_wiener_lr0p10,dp_fisher_wiener,0.1,fc2,112,10,0.017777917822823074,0.018664054224923572,False,0.021125093176446678,0.9023034911385608,5.366244349883936
10,7,dp_fisher_wiener_lr0p10,dp_fisher_wiener,0.1,fc2,113,10,0.016226414875163735,0.014818472885526611,False,0.03941912594988111,0.9023034911385608,4.924861913176397
10,7,dp_fisher_wiener_lr0p10,dp_fisher_wiener,0.1,fc2,114,10,0.014815490757349697,0.021782108532186657,False,0.1673838757510584,0.9023034911385608,4.5193560134813
10,7,dp_fisher_wiener_lr0p10,dp_fisher_wiener,0.1,fc2,115,10,0.012772495720580396,0.013424952364715394,False,0.021636987538414337,0.9572111432021302,4.15216059667744
10,7,dp_fisher_wiener_lr0p10,dp_fisher_wiener,0.1,fc2,116,10,0.012394653423707575,0.018020116792109207,False,0.1625232137679919,0.9572111432021302,4.03519429797753
25,7,dp_fisher_wiener_lr0p10,dp_fisher_wiener,0.1,conv1,0,25,0.07071426734975086,0.04063096435509315,False,0.24064991592735596,0.012565501833472492,0.5635251286450049
25,7,dp_fisher_wiener_lr0p10,dp_fisher_wiener,0.1,conv1,1,25,0.13574849483508802,0.09245440000790893,False,0.16680743833111936,0.012565501833472492,1.0696148188553225
25,7,dp_fisher_wiener_lr0p10,dp_fisher_wiener,0.1,conv1,2,25,0.2149988505042054,0.1607632204777806,False,0.12624944037693497,0.012564016007573717,1.6712350982656532
25,7,dp_fisher_wiener_lr0p10,dp_fisher_wiener,0.1,conv1,3,25,0.24980845961156836,0.3468705198710809,False,0.14256024981327733,0.012564016007573717,1.9305981636015377
25,7,dp_fisher_wiener_lr0p10,dp_fisher_wiener,0.1,conv1,4,25,0.28213474079956463,0.21241699941238387,False,0.12326729677873688,0.012566032076861272,2.169184484061131
25,7,dp_fisher_wiener_lr0p10,dp_fisher_wiener,0.1,conv1,5,25,0.33343189422149677,0.36952233940618934,False,0.04463355906999005,0.012566032076861272,2.542310649281001
25,7,dp_fisher_wiener_lr0p10,dp_fisher_wiener,0.1,conv1,6,25,0.3977168832021413,0.13587169743352873,False,0.4664450262691447,0.012566760684683265,3.0017050484173144
25,7,dp_fisher_wiener_lr0p10,dp_fisher_wiener,0.1,conv1,7,25,0.44950309309965064,0.5983861311756661,False,0.1242488347824188,0.012566760684683265,3.36516229374376
25,7,dp_fisher_wiener_lr0p10,dp_fisher_wiener,0.1,conv1,8,25,0.5009162019144209,0.7441429837700648,False,0.17189131233937868,0.012563145491088085,3.719489140426175
25,7,dp_fisher_wiener_lr0p10,dp_fisher_wiener,0.1,conv1,9,25,0.5840516945890977,0.6036150100678347,False,0.014308742472224445,0.012563145491088085,4.282738143855393
25,7,dp_fisher_wiener_lr0p10,dp_fisher_wiener,0.1,conv1,10,25,0.7079585796474435,0.6932457323145111,False,0.009120644575522117,0.012566824005783017,5.099387601142112
25,7,dp_fisher_wiener_lr0p10,dp_fisher_wiener,0.1,conv1,11,25,0.7437647569487573,0.7539406047269511,False,0.0059015379870972825,0.012566824005783017,5.329935581294211
25,7,dp_fisher_wiener_lr0p10,dp_fisher_wiener,0.1,conv1,12,25,0.8862074876289525,1.0504742867819896,False,0.07385001123679276,0.012563896222510251,6.224507806383584
25,7,dp_fisher_wiener_lr0p10,dp_fisher_wiener,0.1,conv1,13,25,1.0001209415360068,1.1254851008066624,False,0.051287229110121055,0.012563896222510251,6.917704118349416
25,7,dp_fisher_wiener_lr0p10,dp_fisher_wiener,0.1,conv1,14,25,1.1439175967691952,0.9820011382582381,False,0.06628274956585993,0.012565077250793408,7.7662849579506545
25,7,dp_fisher_wiener_lr0p10,dp_fisher_wiener,0.1,conv1,15,25,1.2609073572730245,1.191860366443863,False,0.02445780060539134,0.012565077250793408,8.435438076456538
25,7,dp_fisher_wiener_lr0p10,dp_fisher_wiener,0.1,conv1,16,25,1.392302087159346,1.594696956986494,False,0.05894469132696966,0.012566222039829544,9.166995752681643
25,7,dp_fisher_wiener_lr0p10,dp_fisher_wiener,0.1,conv1,17,25,1.5384004780785343,1.4200727639081405,False,0.03475880818051695,0.012566222039829544,9.955724642532054
25,7,dp_fisher_wiener_lr0p10,dp_fisher_wiener,0.1,conv1,18,25,1.737036694988829,1.541537395923766,False,0.05185492836228355,0.012565680155024461,10.990343619318306
25,7,dp_fisher_wiener_lr0p10,dp_fisher_wiener,0.1,conv1,19,25,1.7246516776006535,1.9472923933049102,False,0.0527297721783694,0.012565680155024461,10.92700389281401
25,7,dp_fisher_wiener_lr0p10,dp_fisher_wiener,0.1,conv1,20,25,1.7977206057556847,1.7221998884922949,False,0.01863863962758502,0.012569665561094553,11.301377181042694
25,7,dp_fisher_wiener_lr0p10,dp_fisher_wiener,0.1,conv1,21,25,1.9160153045878425,2.0043399843227547,False,0.01957241646726186,0.012569665561094553,11.892028181869136
25,7,dp_fisher_wiener_lr0p10,dp_fisher_wiener,0.1,conv1,22,25,1.949018565563099,1.9842177816171127,False,0.007773361204585313,0.012568511978254884,12.053613917394532
25,7,dp_fisher_wiener_lr0p10,dp_fisher_wiener,0.1,conv1,23,25,1.7546482979833744,1.7605438554262134,False,0.0014567684235402708,0.012568511978254884,11.08216275433854
25,7,dp_fisher_wiener_lr0p10,dp_fisher_wiener,0.1,conv1,24,25,1.869912989123646,2.3333644885900133,False,0.0961611856695691,0.01256514908977123,11.66005794459006
25,7,dp_fisher_wiener_lr0p10,dp_fisher_wiener,0.1,conv1,25,25,1.7754828503143258,1.7206062757609688,False,0.013634979116152393,0.01256514908977123,11.185614230954503
25,7,dp_fisher_wiener_lr0p10,dp_fisher_wiener,0.1,conv1,26,25,1.6911570391437214,1.593873693864904,False,0.025730034757027162,0.012564523228135796,10.75412837537488
25,7,dp_fisher_wiener_lr0p10,dp_fisher_wiener,0.1,conv1,27,25,1.5298740649474192,1.3147944245176306,False,0.06579782859808557,0.012564523228135796,9.909254438656925
25,7,dp_fisher_wiener_lr0p10,dp_fisher_wiener,0.1,conv1,28,25,1.3204578167033239,1.091726373522267,False,0.08261072985083824,0.01256500187732032,8.769260393888414
25,7,dp_fisher_wiener_lr0p10,dp_fisher_wiener,0.1,conv1,29,25,1.1814478510347033,1.2637595754209185,False,0.02924990254594208,0.01256500187732032,7.982870942969229
25,7,dp_fisher_wiener_lr0p10,dp_fisher_wiener,0.1,conv1,30,25,0.9922386326345137,0.9704590253156257,False,0.009638928861450253,0.012564142311405346,6.870483647855727
25,7,dp_fisher_wiener_lr0p10,dp_fisher_wiener,0.1,conv1,31,25,0.8310318856137162,0.7546893985331351,False,0.04184943811760583,0.012564142311405346,5.881602766342207
25,7,dp_fisher_wiener_lr0p10,dp_fisher_wiener,0.1,conv1,32,25,0.726707021960263,0.6400205579080102,False,0.055165432625322273,0.012567345487052295,5.220576124588135
25,7,dp_fisher_wiener_lr0p10,dp_fisher_wiener,0.1,conv1,33,25,0.6500078989184481,0.4879862148674651,False,0.12451108045415624,0.012567345487052295,4.721643784639196
25,7,dp_fisher_wiener_lr0p10,dp_fisher_wiener,0.1,conv1,34,25,0.5370623925270905,0.5364020257157355,False,0.0005343329383025488,0.012565232518323144,3.966648526664139
25,7,dp_fisher_wiener_lr0p10,dp_fisher_wiener,0.1,conv1,35,25,0.4705190098482728,0.48032867869649976,False,0.008961343146087054,0.012565232518323144,3.5106609699436166
25,7,dp_fisher_wiener_lr0p10,dp_fisher_wiener,0.1,conv1,36,25,0.4262005468324787,0.5485297704900278,False,0.10958620052486126,0.01256911990978049,3.202879307080347
25,7,dp_fisher_wiener_lr0p10,dp_fisher_wiener,0.1,conv1,37,25,0.3507539665398203,0.3186514459011089,False,0.04168669753603542,0.01256911990978049,2.667573472261326
25,7,dp_fisher_wiener_lr0p10,dp_fisher_wiener,0.1,conv1,38,25,0.3162807506009665,0.25183275709459163,False,0.09896054058668112,0.012564687690609644,2.417983194198405
25,7,dp_fisher_wiener_lr0p10,dp_fisher_wiener,0.1,conv1,39,25,0.29285570320925924,0.3263195810284958,False,0.046989448604997805,0.012564687690609644,2.247440064695699
25,7,dp_fisher_wiener_lr0p10,dp_fisher_wiener,0.1,conv1,40,25,0.22974908683862244,0.08629092601279882,False,0.4252886643600534,0.012565456827028434,1.7816940263959011
25,7,dp_fisher_wiener_lr0p10,dp_fisher_wiener,0.1,conv1,41,25,0.21474297116705515,0.2361316107099864,False,0.041235171872238525,0.012565456827028434,1.6695021623079231
25,7,dp_fisher_wiener_lr0p10,dp_fisher_wiener,0.1,conv1,42,25,0.19206508095813216,0.12311189741822211,False,0.19314838889027602,0.012566235132227543,1.498988098660822
25,7,dp_fisher_wiener_lr0p10,dp_fisher_wiener,0.1,conv1,43,25,0.1819361525093444,0.176500892978998,False,0.013172099263933989,0.012566235132227543,1.422369506221178
25,7,dp_fisher_wiener_lr0p10,dp_fisher_wiener,0.1,conv1,44,25,0.1621150342223864,0.06957987555332369,False,0.36733964465596336,0.012567403131869687,1.271799425010672
25,7,dp_fisher_wiener_lr0p10,dp_fisher_wiener,0.1,conv1,45,25,0.14989290188799023,0.033573186082745766,False,0.6497885099253643,0.012567403131869687,1.1783744575511674
25,7,dp_fisher_wiener_lr0p10,dp_fisher_wiener,0.1,conv1,46,20,0.15818878805302958,0.3183010138090286,False,0.30366232311702346,0.010053552416181694,1.1106862518635585
25,7,dp_fisher_wiener_lr0p10,dp_fisher_wiener,0.1,conv2,0,25,0.12106240641388388,0.18811364450421314,False,0.19141099517047,0.11130588479583148,1.596424270363542
25,7,dp_fisher_wiener_lr0p10,dp_fisher_wiener,0.1,conv2,1,25,0.11493500647254513,0.05267911057997108,False,0.33881389077873775,0.11130588479583148,1.5161289422610684
25,7,dp_fisher_wiener_lr0p10,dp_fisher_wiener,0.1,conv2,2,25,0.12350394185776888,0.1116791152236371,False,0.043708854531949164,0.11181026907506886,1.6357333935575542
25,7,dp_fisher_wiener_lr0p10,dp_fisher_wiener,0.1,conv2,3,25,0.12523995179404304,0.03237420729914152,False,0.5875437485087809,0.11181026907506886,1.658568507094735
25,7,dp_fisher_wiener_lr0p10,dp_fisher_wiener,0.1,conv2,4,25,0.12192719139055241,-0.07127215292541596,True,,0.11284278452981245,1.6298028270415588
25,7,dp_fisher_wiener_lr0p10,dp_fisher_wiener,0.1,conv2,5,25,0.1189037036954391,0.04551638766225185,False,0.417027594892181,0.11284278452981245,1.5896528051417553
25,7,dp_fisher_wiener_lr0p10,dp_fisher_wiener,0.1,conv2,6,25,0.12491964561181691,0.05349238526197183,False,0.3683387796830564,0.11418635637364741,1.6892675144817975
25,7,dp_fisher_wiener_lr0p10,dp_fisher_wiener,0.1,conv2,7,25,0.12477272472894839,0.03344760337504744,False,0.5717546544433686,0.11418635637364741,1.6872945503149164
25,7,dp_fisher_wiener_lr0p10,dp_fisher_wiener,0.1,conv2,8,25,0.12360751180058872,0.12043119220021559,False,0.011305878592657782,0.11596248447118956,1.6974659197220714
25,7,dp_fisher_wiener_lr0p10,dp_fisher_wiener,0.1,conv2,9,25,0.13418007686150224,0.018460160045883103,False,0.8614525743617888,0.11596248447118956,1.841553785759882
25,7,dp_fisher_wiener_lr0p10,dp_fisher_wiener,0.1,conv2,10,25,0.14592042701856747,0.12751896409631816,False,0.05854131583309041,0.1180965747401369,2.037878235647829
25,7,dp_fisher_wiener_lr0p10,dp_fisher_wiener,0.1,conv2,11,25,0.14180071297386035,0.1162023236500013,False,0.0864636019358038,0.1180965747401369,1.9808129040995164
25,7,dp_fisher_wiener_lr0p10,dp_fisher_wiener,0.1,conv2,12,25,0.1547135178296374,0.06975941192736823,False,0.3459254502639726,0.1205524901672958,2.2040912102022756
25,7,dp_fisher_wiener_lr0p10,dp_fisher_wiener,0.1,conv2,13,25,0.16174968279754393,0.1270443283634491,False,0.10488815603746186,0.1205524901672958,2.303380562159851
25,7,dp_fisher_wiener_lr0p10,dp_fisher_wiener,0.1,conv2,14,25,0.17163849621131688,0.17085625761057635,False,0.001983811400042443,0.12361894953508146,2.5042838403461034
25,7,dp_fisher_wiener_lr0p10,dp_fisher_wiener,0.1,conv2,15,25,0.17945129251638636,0.08112461628372895,False,0.34479393511386336,0.12361894953508146,2.6170504770928313
25,7,dp_fisher_wiener_lr0p10,dp_fisher_wiener,0.1,conv2,16,25,0.1825719495582646,0.18221347571558116,False,0.0008535607571569101,0.12749152399518793,2.7445173302496753
25,7,dp_fisher_wiener_lr0p10,dp_fisher_wiener,0.1,conv2,17,25,0.18762131727838785,0.3078969326969373,False,0.2151231816417649,0.12749152399518793,2.8195436250342474
25,7,dp_fisher_wiener_lr0p10,dp_fisher_wiener,0.1,conv2,18,25,0.19491632031997494,0.1750730241213917,False,0.04662897047550528,0.13216026819792837,3.0337389575133336
25,7,dp_fisher_wiener_lr0p10,dp_fisher_wiener,0.1,conv2,19,25,0.1867808980672829,0.1228470891698589,False,0.18196758877442928,0.13216026819792837,2.9086272044931265
25,7,dp_fisher_wiener_lr0p10,dp_fisher_wiener,0.1,conv2,20,25,0.1757251658846184,0.13863075195244032,False,0.10297438304469457,0.13773482713411167,2.852551773993129
25,7,dp_fisher_wiener_lr0p10,dp_fisher_wiener,0.1,conv2,21,25,0.17941800570768496,0.19806047223098178,False,0.04293178515818105,0.13773482713411167,2.911781595377332
25,7,dp_fisher_wiener_lr0p10,dp_fisher_wiener,0.1,conv2,22,25,0.16675762760906607,0.03632068700989384,False,0.6619316533166087,0.14388155661202578,2.828074063407478
25,7,dp_fisher_wiener_lr0p10,dp_fisher_wiener,0.1,conv2,23,25,0.14870336760590597,0.10262411259450802,False,0.16107138913221397,0.14388155661202578,2.525063262229163
25,7,dp_fisher_wiener_lr0p10,dp_fisher_wiener,0.1,conv2,24,25,0.14665658762586165,0.09215719023572293,False,0.20177235055263812,0.1507759015808019,2.6087290521737345
25,7,dp_fisher_wiener_lr0p10,dp_fisher_wiener,0.1,conv2,25,25,0.13448465961316183,0.08149926473831766,False,0.21751905740636804,0.1507759015808019,2.394344995873584
25,7,dp_fisher_wiener_lr0p10,dp_fisher_wiener,0.1,conv2,26,25,0.1192321835369024,0.16821843749421156,False,0.14948009729080922,0.15821425961886626,2.2290470486437313
25,7,dp_fisher_wiener_lr0p10,dp_fisher_wiener,0.1,conv2,27,25,0.10510952444104445,0.19917043177317872,False,0.27758279369223965,0.15821425961886626,1.9671616605695892
25,7,dp_fisher_wiener_lr0p10,dp_fisher_wiener,0.1,conv2,28,25,0.08458455723338125,0.17860290053607977,False,0.32459742732234265,0.1654552057953368,1.6576089276899062
25,7,dp_fisher_wiener_lr0p10,dp_fisher_wiener,0.1,conv2,29,25,0.07385098970595061,0.04081659817918242,False,0.2575195138119165,0.1654552057953368,1.4485195522331904
25,7,dp_fisher_wiener_lr0p10,dp_fisher_wiener,0.1,conv2,30,25,0.05859831613787003,0.12894571877100497,False,0.34252179090547413,0.17238749386642993,1.198750777520696
25,7,dp_fisher_wiener_lr0p10,dp_fisher_wiener,0.1,conv2,31,25,0.048692039450515506,0.02016497910397479,False,0.38286018890767093,0.17238749386642993,0.9969323021611176
25,7,dp_fisher_wiener_lr0p10,dp_fisher_wiener,0.1,conv2,32,25,0.04036447851750573,0.03795951948418185,False,0.026678639843436682,0.17850329846824664,0.8562512688599999
25,7,dp_fisher_wiener_lr0p10,dp_fisher_wiener,0.1,conv2,33,25,0.03576353943721349,0.06495871249041048,False,0.25919691501437603,0.17850329846824664,0.7589581414525561
25,7,dp_fisher_wiener_lr0p10,dp_fisher_wiener,0.1,conv2,34,25,0.02824774379655584,0.020134659661181047,False,0.14703947250883406,0.183630893465217,0.6170445361697237
25,7,dp_fisher_wiener_lr0p10,dp_fisher_wiener,0.1,conv2,35,25,0.024702193081500266,-0.04457450357092591,True,,0.183630893465217,0.5397685910897594
25,7,dp_fisher_wiener_lr0p10,dp_fisher_wiener,0.1,conv2,36,25,0.021682177993630033,0.03862740644945109,False,0.25079264407914414,0.18873736212172282,0.4870596884951543
25,7,dp_fisher_wiener_lr0p10,dp_fisher_wiener,0.1,conv2,37,25,0.017886092477884183,0.05698448764137816,False,0.5032411759123987,0.18873736212172282,0.40192800900409126
25,7,dp_fisher_wiener_lr0p10,dp_fisher_wiener,0.1,conv2,38,25,0.015786328896295304,0.04611072768382177,False,0.4655208292102679,0.19298660602953266,0.3627887525953204
25,7,dp_fisher_wiener_lr0p10,dp_fisher_wiener,0.1,conv2,39,25,0.014706024332058696,0.006568367752369996,False,0.35003781996112115,0.19298660602953266,0.33799685183343947
25,7,dp_fisher_wiener_lr0p10,dp_fisher_wiener,0.1,conv2,40,25,0.01133046030611635,0.028624315017975733,False,0.4024875491009991,0.19678539340961532,0.26562022298540067
25,7,dp_fisher_wiener_lr0p10,dp_fisher_wiener,0.1,conv2,41,25,0.010462899035502356,0.05610160097995577,False,0.7293232204602867,0.19678539340961532,0.24530265943772905
25,7,dp_fisher_wiener_lr0p10,dp_fisher_wiener,0.1,conv2,42,25,0.009392625432946363,0.0030994023461618186,False,0.48150904606837297,0.19962041731619307,0.2234029056896096
25,7,dp_fisher_wiener_lr0p10,dp_fisher_wiener,0.1,conv2,43,25,0.008795312208563692,0.029342033223243115,False,0.5232389442126278,0.19962041731619307,0.20920818498163685
25,7,dp_fisher_wiener_lr0p10,dp_fisher_wiener,0.1,conv2,44,25,0.00790319446893137,0.06823283758602569,False,0.9361907640957584,0.20281846181628704,0.1910140949130517
25,7,dp_fisher_wiener_lr0p10,dp_fisher_wiener,0.1,conv2,45,25,0.0072481405766468675,0.01903624387950727,False,0.41935465222049273,0.20281846181628704,0.17519345757058608
25,7,dp_fisher_wiener_lr0p10,dp_fisher_wiener,0.1,conv2,46,20,0.007422278376832035,0.0053920307795071445,False,0.1387848761514363,0.1642839518780681,0.162464901098329
25,7,dp_fisher_wiener_lr0p10,dp_fisher_wiener,0.1,fc1,0,25,0.10842283122280717,0.12045685196115063,False,0.04571076532665744,2.520804156360046,4.9391052920921545
25,7,dp_fisher_wiener_lr0p10,dp_fisher_wiener,0.1,fc1,1,25,0.0847594358430357,0.08512009172220626,False,0.0018440255368718417,2.520804156360046,3.863761861329935
25,7,dp_fisher_wiener_lr0p10,dp_fisher_wiener,0.1,fc1,2,25,0.08053155707047659,0.08923676497532658,False,0.044577721569364605,2.7327209411761366,3.979356828132431
25,7,dp_fisher_wiener_lr0p10,dp_fisher_wiener,0.1,fc1,3,25,0.07640517682434526,0.0678162821973822,False,0.05178880780648199,2.7327209411761366,3.7759421258529873
25,7,dp_fisher_wiener_lr0p10,dp_fisher_wiener,0.1,fc1,4,25,0.06481473368374442,0.02928911535045454,False,0.3449674864719335,3.197502013039366,3.747999168692109
25,7,dp_fisher_wiener_lr0p10,dp_fisher_wiener,0.1,fc1,5,25,0.06233893458602588,0.04934644266566608,False,0.10150352533062298,3.197502013039366,3.6051577573665323
25,7,dp_fisher_wiener_lr0p10,dp_fisher_wiener,0.1,fc1,6,25,0.0547239764575166,0.05650590501390716,False,0.013916187703739667,3.72040794330295,3.682147476809727
25,7,dp_fisher_wiener_lr0p10,dp_fisher_wiener,0.1,fc1,7,25,0.053556562434342724,0.07160221097782588,False,0.1261137391938526,3.72040794330295,3.603775322948985
25,7,dp_fisher_wiener_lr0p10,dp_fisher_wiener,0.1,fc1,8,25,0.04450439642078076,0.03938572386290561,False,0.053064083710983215,4.461448997388917,3.591176510570554
25,7,dp_fisher_wiener_lr0p10,dp_fisher_wiener,0.1,fc1,9,25,0.04483992200740202,0.056360174695600916,False,0.09930748206015975,4.461448997388917,3.6181892637936803
25,7,dp_fisher_wiener_lr0p10,dp_fisher_wiener,0.1,fc1,10,25,0.03907416808203898,0.031701757719977464,False,0.09080639777631849,5.357463525555062,3.7857639413848503
25,7,dp_fisher_wiener_lr0p10,dp_fisher_wiener,0.1,fc1,11,25,0.034534081309840876,0.017156269326766543,False,0.30382505184232905,5.357463525555062,3.346817361675987
25,7,dp_fisher_wiener_lr0p10,dp_fisher_wiener,0.1,fc1,12,25,0.03089675850632492,0.032540780610778586,False,0.022515048514703387,6.548756662058075,3.659409175771038
25,7,dp_fisher_wiener_lr0p10,dp_fisher_wiener,0.1,fc1,13,25,0.028846573529363734,0.03100336838215846,False,0.03131464668547522,6.548756662058075,3.417107986356942
25,7,dp_fisher_wiener_lr0p10,dp_fisher_wiener,0.1,fc1,14,25,0.02275752621672267,0.020417747833348716,False,0.04711721589483405,8.135136089574857,3.3489923928375154
25,7,dp_fisher_wiener_lr0p10,dp_fisher_wiener,0.1,fc1,15,25,0.023604635004814172,0.02144831471102453,False,0.04160411596152472,8.135136089574857,3.4733800367431735
25,7,dp_fisher_wiener_lr0p10,dp_fisher_wiener,0.1,fc1,16,25,0.01734826540236929,0.01943828995737381,False,0.049401998548242274,10.152415748443833,3.1863561549197588
25,7,dp_fisher_wiener_lr0p10,dp_fisher_wiener,0.1,fc1,17,25,0.015698017135164208,0.015694505406653108,False,9.716481487862717e-05,10.152415748443833,2.8838056497190516
25,7,dp_fisher_wiener_lr0p10,dp_fisher_wiener,0.1,fc1,18,25,0.012889084258687839,0.0044803749378150995,False,0.45890770355043586,13.031866991083163,3.0390506898201926
25,7,dp_fisher_wiener_lr0p10,dp_fisher_wiener,0.1,fc1,19,25,0.012167444059338105,0.01602466199454505,False,0.11958951956688074,13.031866991083163,2.869206420788606
25,7,dp_fisher_wiener_lr0p10,dp_fisher_wiener,0.1,fc1,20,25,0.008778442907361649,0.009436853777071505,False,0.031409736813459516,16.80458626970278,2.669659093331604
25,7,dp_fisher_wiener_lr0p10,dp_fisher_wiener,0.1,fc1,21,25,0.008416337683539912,0.009654270994540956,False,0.05959633317223023,16.80458626970278,2.5597149561277277
25,7,dp_fisher_wiener_lr0p10,dp_fisher_wiener,0.1,fc1,22,25,0.005829941316557244,0.007698385479058083,False,0.12073547037825981,21.850719081000136,2.3058981343096825
25,7,dp_fisher_wiener_lr0p10,dp_fisher_wiener,0.1,fc1,23,25,0.006129236038947538,0.008157038588305727,False,0.12412617031729033,21.850719081000136,2.424096378867889
25,7,dp_fisher_wiener_lr0p10,dp_fisher_wiener,0.1,fc1,24,25,0.00476932014285963,0.004508202479288369,False,0.024453062123408708,27.648288311983293,2.386782010318426
25,7,dp_fisher_wiener_lr0p10,dp_fisher_wiener,0.1,fc1,25,25,0.004449759872644996,0.006446164362681754,False,0.1609647995534843,27.648288311983293,2.227084159781576
25,7,dp_fisher_wiener_lr0p10,dp_fisher_wiener,0.1,fc1,26,25,0.0032175134287527733,0.0037825328167376965,False,0.07026233642075035,34.52774406730441,2.011312347110659
25,7,dp_fisher_wiener_lr0p10,dp_fisher_wiener,0.1,fc1,27,25,0.002812358940417642,0.006474121593266596,False,0.3621101030722168,34.52774406730441,1.7583253787788418
25,7,dp_fisher_wiener_lr0p10,dp_fisher_wiener,0.1,fc1,28,25,0.0022593864060224517,0.0016684467763339351,False,0.13167815425956952,42.45576732497085,1.736974130227874
25,7,dp_fisher_wiener_lr0p10,dp_fisher_wiener,0.1,fc1,29,25,0.0024090368831932163,0.0014822544745248074,False,0.21092067921253385,42.45576732497085,1.8518883085757814
25,7,dp_fisher_wiener_lr0p10,dp_fisher_wiener,0.1,fc1,30,25,0.0017198389784055157,0.0004873754915686308,False,0.5476241013410926,50.86448215968886,1.5842015527639515
25,7,dp_fisher_wiener_lr0p10,dp_fisher_wiener,0.1,fc1,31,25,0.001551756957539527,0.004099927672615018,False,0.42195249405144447,50.86448215968886,1.4295151035468763
25,7,dp_fisher_wiener_lr0p10,dp_fisher_wiener,0.1,fc1,32,25,0.0013025928336750355,0.0005346783035470184,False,0.38671612310511916,59.035986242963645,1.3927911325452753
25,7,dp_fisher_wiener_lr0p10,dp_fisher_wiener,0.1,fc1,33,25,0.0012304092704865967,0.001182228208685594,False,0.017348276982616435,59.035986242963645,1.315673239750497
25,7,dp_fisher_wiener_lr0p10,dp_fisher_wiener,0.1,fc1,34,25,0.0009825167339016167,0.001171427985104821,False,0.07637563912508952,66.49009941447446,1.1833544028025293
25,7,dp_fisher_wiener_lr0p10,dp_fisher_wiener,0.1,fc1,35,25,0.0009910755712075816,0.002661912876208785,False,0.4290870655685475,66.49009941447446,1.193655004270999
25,7,dp_fisher_wiener_lr0p10,dp_fisher_wiener,0.1,fc1,36,25,0.0007760055748012004,0.0005895031862171523,False,0.11937868446408445,73.7637982702239,1.0369698509711207
25,7,dp_fisher_wiener_lr0p10,dp_fisher_wiener,0.1,fc1,37,25,0.000841142175342161,0.0010436321940028145,False,0.09367805847508326,73.7637982702239,1.1239496502778674
25,7,dp_fisher_wiener_lr0p10,dp_fisher_wiener,0.1,fc1,38,25,0.0007936986509711849,0.001352202487512455,False,0.2313860883819031,80.36315355819994,1.1554154320031975
25,7,dp_fisher_wiener_lr0p10,dp_fisher_wiener,0.1,fc1,39,25,0.000723326591680233,0.0009263897312478104,False,0.10745930101253184,80.36315355819994,1.0530403539373578
25,7,dp_fisher_wiener_lr0p10,dp_fisher_wiener,0.1,fc1,40,25,0.0006438817321663266,0.0011440259011067091,False,0.24962975341277355,86.6698369511596,1.0109722302761237
25,7,dp_fisher_wiener_lr0p10,dp_fisher_wiener,0.1,fc1,41,25,0.0006038361290912159,0.0012488690417892232,False,0.31559780557876027,86.6698369511596,0.9481333904251992
25,7,dp_fisher_wiener_lr0p10,dp_fisher_wiener,0.1,fc1,42,25,0.0005326677280926712,0.0001640718358947575,False,0.5114223479668107,92.6004402248708,0.8936485166987184
25,7,dp_fisher_wiener_lr0p10,dp_fisher_wiener,0.1,fc1,43,25,0.0004630035602312852,9.10720885428288e-05,False,0.7061990342041597,92.6004402248708,0.7768312781376607
25,7,dp_fisher_wiener_lr0p10,dp_fisher_wiener,0.1,fc1,44,25,0.0004956159265162236,0.00013901838874163397,False,0.552073003272783,98.09860327402475,0.8808640461719836
25,7,dp_fisher_wiener_lr0p10,dp_fisher_wiener,0.1,fc1,45,25,0.0005260659511570242,0.0008067087965967772,False,0.1856765990103761,98.09860327402475,0.9349513181506672
25,7,dp_fisher_wiener_lr0p10,dp_fisher_wiener,0.1,fc1,46,20,0.0004319529226296635,0.0003214933150163283,False,0.12826446998852384,81.77830444354186,0.7155705977875387
25,7,dp_fisher_wiener_lr0p10,dp_fisher_wiener,0.1,fc2,0,25,4.231821332425957,4.081984539838431,False,0.015655967962649318,0.0063014727087895225,5.764035168673502
25,7,dp_fisher_wiener_lr0p10,dp_fisher_wiener,0.1,fc2,1,25,3.870695143751137,3.838130522451172,False,0.0036692279924497666,0.0063014727087895225,5.2917811703748905
25,7,dp_fisher_wiener_lr0p10,dp_fisher_wiener,0.1,fc2,2,25,3.2658884252890625,3.7025799851953303,False,0.054503105602053625,0.008421471137714121,5.936850769569638
25,7,dp_fisher_wiener_lr0p10,dp_fisher_wiener,0.1,fc2,3,25,3.287244563592918,3.4311355632216376,False,0.018605861435531522,0.008421471137714121,5.973930015385519
25,7,dp_fisher_wiener_lr0p10,dp_fisher_wiener,0.1,fc2,4,25,2.2745835756922608,2.4085080493333417,False,0.02484620321414197,0.012412762920056483,6.08728003955343
25,7,dp_fisher_wiener_lr0p10,dp_fisher_wiener,0.1,fc2,5,25,2.2095369488993915,1.6870372741723423,False,0.11717659023650306,0.012412762920056483,5.9209432552056835
25,7,dp_fisher_wiener_lr0p10,dp_fisher_wiener,0.1,fc2,6,25,1.8349120538724635,1.777956118785683,False,0.013694215566601609,0.016275440533760135,6.421820520476585
25,7,dp_fisher_wiener_lr0p10,dp_fisher_wiener,0.1,fc2,7,25,1.837984977013011,2.2684046181121973,False,0.09137856546214923,0.016275440533760135,6.43205725580007
25,7,dp_fisher_wiener_lr0p10,dp_fisher_wiener,0.1,fc2,8,25,1.4693048568091167,1.6938684887532949,False,0.061767774694254186,0.021316941628321193,6.719401337351999
25,7,dp_fisher_wiener_lr0p10,dp_fisher_wiener,0.1,fc2,9,25,1.5321760165342748,1.591749740869613,False,0.016566127878327994,0.021316941628321193,6.9919230596974264
25,7,dp_fisher_wiener_lr0p10,dp_fisher_wiener,0.1,fc2,10,25,1.4347396603997735,1.5992844496131338,False,0.047152610830109534,0.026263883037866247,8.002833184195689
25,7,dp_fisher_wiener_lr0p10,dp_fisher_wiener,0.1,fc2,11,25,1.2527643652374019,0.7677010393825674,False,0.2126772628304516,0.026263883037866247,7.040838342820725
25,7,dp_fisher_wiener_lr0p10,dp_fisher_wiener,0.1,fc2,12,25,1.154255834742133,1.42939705870006,False,0.09285080552992499,0.03422910403428157,8.366939823794624
25,7,dp_fisher_wiener_lr0p10,dp_fisher_wiener,0.1,fc2,13,25,1.1403993157295882,1.2329894226155185,False,0.03390240290236213,0.03422910403428157,8.272625887855218
25,7,dp_fisher_wiener_lr0p10,dp_fisher_wiener,0.1,fc2,14,25,0.9020439442060674,1.1882084190057345,False,0.11966492996906347,0.045855204222757656,8.734369657682485
25,7,dp_fisher_wiener_lr0p10,dp_fisher_wiener,0.1,fc2,15,25,1.03136338557639,1.0258227663143924,False,0.0023393762279168527,0.045855204222757656,9.895866875945819
25,7,dp_fisher_wiener_lr0p10,dp_fisher_wiener,0.1,fc2,16,25,0.7550260547102114,0.7632067210625455,False,0.004680247582696472,0.06359785971789544,10.036417591092942
25,7,dp_fisher_wiener_lr0p10,dp_fisher_wiener,0.1,fc2,17,25,0.7288261638289366,0.8583823924400239,False,0.07105684578545347,0.06359785971789544,9.712794905383127
25,7,dp_fisher_wiener_lr0p10,dp_fisher_wiener,0.1,fc2,18,25,0.5995979876660231,0.6673532307248483,False,0.04649560064636765,0.0927098584025815,11.487252509648425
25,7,dp_fisher_wiener_lr0p10,dp_fisher_wiener,0.1,fc2,19,25,0.620246916146443,0.5292286866573618,False,0.06892123671210672,0.0927098584025815,11.849172391126173
25,7,dp_fisher_wiener_lr0p10,dp_fisher_wiener,0.1,fc2,20,25,0.3991953513935246,0.3376762548560611,False,0.072684952867922,0.14133204833695623,11.644494764399095
25,7,dp_fisher_wiener_lr0p10,dp_fisher_wiener,0.1,fc2,21,25,0.4276763227740478,0.43091548579408573,False,0.003276894295132119,0.14133204833695623,12.401465841073255
25,7,dp_fisher_wiener_lr0p10,dp_fisher_wiener,0.1,fc2,22,25,0.2827464217894825,0.2780109517235242,False,0.007335213074706977,0.21245485053728308,12.331582414955262
25,7,dp_fisher_wiener_lr0p10,dp_fisher_wiener,0.1,fc2,23,25,0.2968589396851377,0.2744214949341952,False,0.03413200605265125,0.21245485053728308,12.890496898568914
25,7,dp_fisher_wiener_lr0p10,dp_fisher_wiener,0.1,fc2,24,25,0.21015306191011707,0.192989515147301,False,0.037002006985026044,0.31273376320299917,13.381171522766424
25,7,dp_fisher_wiener_lr0p10,dp_fisher_wiener,0.1,fc2,25,25,0.21164982432558124,0.18131443936546274,False,0.06718552088720335,0.31273376320299917,13.46738024277933
25,7,dp_fisher_wiener_lr0p10,dp_fisher_wiener,0.1,fc2,26,25,0.14316019399625354,0.14118660505724276,False,0.006028782829623451,0.4467684459736443,13.055574677962905
25,7,dp_fisher_wiener_lr0p10,dp_fisher_wiener,0.1,fc2,27,25,0.12635719963807907,0.14562120107431667,False,0.06162461637359527,0.4467684459736443,11.650794713974333
25,7,dp_fisher_wiener_lr0p10,dp_fisher_wiener,0.1,fc2,28,25,0.0908644189782853,0.09343553221547914,False,0.012118209821757155,0.6406946256133916,11.98353383803705
25,7,dp_fisher_wiener_lr0p10,dp_fisher_wiener,0.1,fc2,29,25,0.10096615401730133,0.10854364886557195,False,0.031428603465735006,0.6406946256133916,13.190440812744058
25,7,dp_fisher_wiener_lr0p10,dp_fisher_wiener,0.1,fc2,30,25,0.06261965015842427,0.06297265601750725,False,0.0024413740788977994,0.8489731911477394,11.02572099479517
25,7,dp_fisher_wiener_lr0p10,dp_fisher_wiener,0.1,fc2,31,25,0.05897947996212886,0.06502168110097423,False,0.04235725481615588,0.8489731911477394,10.433178493027222
25,7,dp_fisher_wiener_lr0p10,dp_fisher_wiener,0.1,fc2,32,25,0.04580545378608828,0.05301114274253056,False,0.06344997628733945,1.06607307169988,10.193925621770823
25,7,dp_fisher_wiener_lr0p10,dp_fisher_wiener,0.1,fc2,33,25,0.043118975221143774,0.0467191993180573,False,0.034826960427283185,1.06607307169988,9.638027016454826
25,7,dp_fisher_wiener_lr0p10,dp_fisher_wiener,0.1,fc2,34,25,0.031107481572173894,0.0387790666760484,False,0.09573249986421195,1.305925051872392,8.58810641286569
25,7,dp_fisher_wiener_lr0p10,dp_fisher_wiener,0.1,fc2,35,25,0.03198876474518347,0.028486130157988915,False,0.05036401568631293,1.305925051872392,8.815636748782172
25,7,dp_fisher_wiener_lr0p10,dp_fisher_wiener,0.1,fc2,36,25,0.02617658053985561,0.02425673555096574,False,0.03308056029553026,1.505171857784271,8.345298836255896
25,7,dp_fisher_wiener_lr0p10,dp_fisher_wiener,0.1,fc2,37,25,0.02729436303337135,0.030462506320064153,False,0.047692668635491355,1.505171857784271,8.678878963553828
25,7,dp_fisher_wiener_lr0p10,dp_fisher_wiener,0.1,fc2,38,25,0.024683403833915006,0.02256954800860667,False,0.03888218684710537,1.7204551848850613,8.952020584152582
25,7,dp_fisher_wiener_lr0p10,dp_fisher_wiener,0.1,fc2,39,25,0.023006206272729965,0.024083462777712093,False,0.019873921631865004,1.7204551848850613,8.381245988116467
25,7,dp_fisher_wiener_lr0p10,dp_fisher_wiener,0.1,fc2,40,25,0.01899519910690996,0.01749313422780254,False,0.035776221602694426,1.907106367380007,7.711267378224485
25,7,dp_fisher_wiener_lr0p10,dp_fisher_wiener,0.1,fc2,41,25,0.01938440689370479,0.024810283540101414,False,0.10717921015865613,1.907106367380007,7.860070930285651
25,7,dp_fisher_wiener_lr0p10,dp_fisher_wiener,0.1,fc2,42,25,0.015989017377340813,0.012892489138851434,False,0.09348500030913554,2.0823541724372285,7.12034321120152
25,7,dp_fisher_wiener_lr0p10,dp_fisher_wiener,0.1,fc2,43,25,0.013609955934867479,0.014399840820420486,False,0.024500972233130747,2.0823541724372285,6.109267299494987
25,7,dp_fisher_wiener_lr0p10,dp_fisher_wiener,0.1,fc2,44,25,0.015593370140019916,0.017748446034607752,False,0.056220346531348935,2.255758727846402,7.499993839176486
25,7,dp_fisher_wiener_lr0p10,dp_fisher_wiener,0.1,fc2,45,25,0.015373550609664137,0.018301983802185347,False,0.07572398476596545,2.255758727846402,7.400076959629891
25,7,dp_fisher_wiener_lr0p10,dp_fisher_wiener,0.1,fc2,46,20,0.012583574572143985,0.0157225345784123,False,0.09671853138723446,1.9144222864042604,5.789392785205107
50,7,dp_fisher_wiener_lr0p10,dp_fisher_wiener,0.1,conv1,0,50,0.10323138109241942,0.06654268218150104,False,0.1907114353451178,0.025131003666944984,1.1568103106032812
50,7,dp_fisher_wiener_lr0p10,dp_fisher_wiener,0.1,conv1,1,50,0.23240365505788682,0.2538168701744308,False,0.038277530498296436,0.025128032015147433,2.5474014087888612
50,7,dp_fisher_wiener_lr0p10,dp_fisher_wiener,0.1,conv1,2,50,0.3077833175105308,0.2909696694092866,False,0.02439735585910559,0.025132064153722544,3.3326003634838157
50,7,dp_fisher_wiener_lr0p10,dp_fisher_wiener,0.1,conv1,3,50,0.423609988150896,0.3671289143045974,False,0.06214760165793803,0.02513352136936653,4.503059789835542
50,7,dp_fisher_wiener_lr0p10,dp_fisher_wiener,0.1,conv1,4,50,0.5424839482517594,0.6738789969189496,False,0.09419502851822494,0.02512629098217617,5.660815882130152
50,7,dp_fisher_wiener_lr0p10,dp_fisher_wiener,0.1,conv1,5,50,0.7258616682981003,0.7235931685207312,False,0.0013594045359420763,0.025133648011566034,7.375038352719662
50,7,dp_fisher_wiener_lr0p10,dp_fisher_wiener,0.1,conv1,6,50,0.9431642145824795,1.087979693794326,False,0.06203347525141134,0.025127792445020503,9.296432286755405
50,7,dp_fisher_wiener_lr0p10,dp_fisher_wiener,0.1,conv1,7,50,1.2024124770211102,1.0869307523510503,False,0.04385159777725191,0.025130154501586816,11.459520860852859
50,7,dp_fisher_wiener_lr0p10,dp_fisher_wiener,0.1,conv1,8,50,1.4653512826189405,1.5073848604473177,False,0.012282400286686703,0.02513244407965909,13.526111613334011
50,7,dp_fisher_wiener_lr0p10,dp_fisher_wiener,0.1,conv1,9,50,1.7308441862947415,1.7444148946143379,False,0.0033918125576453623,0.025131360310048922,15.497932193448126
50,7,dp_fisher_wiener_lr0p10,dp_fisher_wiener,0.1,conv1,10,50,1.8568679551717626,1.8632699364075247,False,0.0014947552750103643,0.025139331122189107,16.402548815473992
50,7,dp_fisher_wiener_lr0p10,dp_fisher_wiener,0.1,conv1,11,50,1.8518334317732366,1.8723808185216628,False,0.004792263081063864,0.02513702395650977,16.365782577013942
50,7,dp_fisher_wiener_lr0p10,dp_fisher_wiener,0.1,conv1,12,50,1.822697919718986,2.02698538217549,False,0.046135918833628435,0.02513029817954246,16.155840526498075
50,7,dp_fisher_wiener_lr0p10,dp_fisher_wiener,0.1,conv1,13,50,1.6105155520455707,1.4543340591912675,False,0.04430074794463803,0.025129046456271592,14.616097278838646
50,7,dp_fisher_wiener_lr0p10,dp_fisher_wiener,0.1,conv1,14,50,1.2509528338690137,1.177742974471593,False,0.02619041304777752,0.02513000375464064,11.849908442319123
50,7,dp_fisher_wiener_lr0p10,dp_fisher_wiener,0.1,conv1,15,50,0.9116352591241148,0.8625742119243804,False,0.02402464389324849,0.025128284622810693,9.024199326134514
50,7,dp_fisher_wiener_lr0p10,dp_fisher_wiener,0.1,conv1,16,50,0.6883574604393554,0.5640033863877373,False,0.08653231209179282,0.02513469097410459,7.032058966871656
50,7,dp_fisher_wiener_lr0p10,dp_fisher_wiener,0.1,conv1,17,50,0.5037907011876817,0.5083653522061177,False,0.003925796255836543,0.025130465036646288,5.288826053972629
50,7,dp_fisher_wiener_lr0p10,dp_fisher_wiener,0.1,conv1,18,50,0.3884772566861495,0.4335906081955682,False,0.04771426837334626,0.02513823981956098,4.153223401030632
50,7,dp_fisher_wiener_lr0p10,dp_fisher_wiener,0.1,conv1,19,50,0.304568226905113,0.28907616906154365,False,0.022672304334553244,0.025129375381219288,3.299176067292806
50,7,dp_fisher_wiener_lr0p10,dp_fisher_wiener,0.1,conv1,20,50,0.22224602900283885,0.16121126836139266,False,0.13943861503391988,0.02513091365405687,2.4404617466680207
50,7,dp_fisher_wiener_lr0p10,dp_fisher_wiener,0.1,conv1,21,50,0.1870006167337383,0.14980639519861005,False,0.09631268517021402,0.025132470264455087,2.0657574008437973
50,7,dp_fisher_wiener_lr0p10,dp_fisher_wiener,0.1,conv1,22,50,0.15600396805518832,0.051576530818034726,False,0.4806835181168179,0.025134806263739373,1.7326026000740031
50,7,dp_fisher_wiener_lr0p10,dp_fisher_wiener,0.1,conv1,23,20,0.15818878805302958,0.3183010138090286,False,0.30366232311702346,0.010053552416181694,1.1106862518635585
50,7,dp_fisher_wiener_lr0p10,dp_fisher_wiener,0.1,conv2,0,50,0.11799870644321454,0.12039637754209212,False,0.008736173774280482,0.22261176959166296,2.200916917769334
50,7,dp_fisher_wiener_lr0p10,dp_fisher_wiener,0.1,conv2,1,50,0.12437194682590597,0.0720266612613893,False,0.23722914863615596,0.22362053815013772,2.329423976176012
50,7,dp_fisher_wiener_lr0p10,dp_fisher_wiener,0.1,conv2,2,50,0.12041544754299577,-0.01287788263158205,True,,0.2256855690596249,2.2765012678966174
50,7,dp_fisher_wiener_lr0p10,dp_fisher_wiener,0.1,conv2,3,50,0.12484618517038266,0.04346999431850963,False,0.45818569305608026,0.22837271274729481,2.3875899388921713
50,7,dp_fisher_wiener_lr0p10,dp_fisher_wiener,0.1,conv2,4,50,0.12889379433104545,0.06944567612304935,False,0.26858679793066226,0.23192496894237913,2.5024951984528827
50,7,dp_fisher_wiener_lr0p10,dp_fisher_wiener,0.1,conv2,5,50,0.14386056999621394,0.12186064387315973,False,0.07207830823580097,0.2361931494802738,2.8416485170359893
50,7,dp_fisher_wiener_lr0p10,dp_fisher_wiener,0.1,conv2,6,50,0.15823160031359068,0.09840187014540866,False,0.20628986809172603,0.2411049803345916,3.1872782606013863
50,7,dp_fisher_wiener_lr0p10,dp_fisher_wiener,0.1,conv2,7,50,0.17554489436385162,0.12599043694715265,False,0.1440506206335116,0.24723789907016291,3.621348792611312
50,7,dp_fisher_wiener_lr0p10,dp_fisher_wiener,0.1,conv2,8,50,0.18509663341832622,0.24505520420625926,False,0.12186541023014112,0.25498304799037586,3.934393447853553
50,7,dp_fisher_wiener_lr0p10,dp_fisher_wiener,0.1,conv2,9,50,0.19084860919362895,0.14896005664562528,False,0.10761917059397452,0.26432053639585673,4.201910245437736
50,7,dp_fisher_wiener_lr0p10,dp_fisher_wiener,0.1,conv2,10,50,0.17757158579615168,0.16834561209171103,False,0.02317167212105352,0.27546965426822334,4.0760043336339855
50,7,dp_fisher_wiener_lr0p10,dp_fisher_wiener,0.1,conv2,11,50,0.157730497607486,0.06947239980220093,False,0.35610337235629563,0.28776311322405157,3.7853737362724935
50,7,dp_fisher_wiener_lr0p10,dp_fisher_wiener,0.1,conv2,12,50,0.14057062361951175,0.08682822748702029,False,0.20923363609854326,0.3015518031616038,3.537774704611869
50,7,dp_fisher_wiener_lr0p10,dp_fisher_wiener,0.1,conv2,13,50,0.11217085398897346,0.18369443463369514,False,0.21421597244663368,0.3164285192377325,2.967267875981826
50,7,dp_fisher_wiener_lr0p10,dp_fisher_wiener,0.1,conv2,14,50,0.07921777346966591,0.1097097493576311,False,0.14142259110777092,0.3309104115906736,2.1964284839583534
50,7,dp_fisher_wiener_lr0p10,dp_fisher_wiener,0.1,conv2,15,50,0.053645177794192776,0.07455534893748988,False,0.14294811815916078,0.34477498773285986,1.5526420528384681
50,7,dp_fisher_wiener_lr0p10,dp_fisher_wiener,0.1,conv2,16,50,0.038064008977359606,0.05145911598729617,False,0.13094779410148466,0.3570065969364933,1.142139400226398
50,7,dp_fisher_wiener_lr0p10,dp_fisher_wiener,0.1,conv2,17,50,0.02647496843902806,-0.012219921954872431,True,,0.367261786930434,0.8179991628956023
50,7,dp_fisher_wiener_lr0p10,dp_fisher_wiener,0.1,conv2,18,50,0.01978413523575711,0.047805947045414625,False,0.38316485406369355,0.37747472424344564,0.6286198590318646
50,7,dp_fisher_wiener_lr0p10,dp_fisher_wiener,0.1,conv2,19,50,0.015246176614176998,0.026339547718095883,False,0.23744736692734938,0.3859732120590653,0.49553115472956993
50,7,dp_fisher_wiener_lr0p10,dp_fisher_wiener,0.1,conv2,20,50,0.010896679670809354,0.04236295799896575,False,0.5896920930121569,0.39357078681923063,0.36127764053186323
50,7,dp_fisher_wiener_lr0p10,dp_fisher_wiener,0.1,conv2,21,50,0.009093968820755027,0.01622071778470247,False,0.2513166074458704,0.39924083463238613,0.30590253150551233
50,7,dp_fisher_wiener_lr0p10,dp_fisher_wiener,0.1,conv2,22,50,0.007575667522789119,0.043634540732766486,False,0.760409502932589,0.4056369236325741,0.2589482109942969
50,7,dp_fisher_wiener_lr0p10,dp_fisher_wiener,0.1,conv2,23,20,0.007422278376832035,0.0053920307795071445,False,0.1387848761514363,0.1642839518780681,0.162464901098329
50,7,dp_fisher_wiener_lr0p10,dp_fisher_wiener,0.1,fc1,0,50,0.09659113353292145,0.10278847184167844,False,0.027007146737624183,5.041608312720092,6.224824733260431
50,7,dp_fisher_wiener_lr0p10,dp_fisher_wiener,0.1,fc1,1,50,0.07846836694741093,0.0785265235863544,False,0.00032175707691634443,5.465441882352273,5.483833702309611
50,7,dp_fisher_wiener_lr0p10,dp_fisher_wiener,0.1,fc1,2,50,0.06357683413488519,0.03931777900806031,False,0.20870992071219058,6.395004026078732,5.19947167321652
50,7,dp_fisher_wiener_lr0p10,dp_fisher_wiener,0.1,fc1,3,50,0.05414026944592964,0.06405405799586653,False,0.07302623582733798,7.4408158866059,5.15192678794766
50,7,dp_fisher_wiener_lr0p10,dp_fisher_wiener,0.1,fc1,4,50,0.0446721592140914,0.047872949279253264,False,0.0300532391585605,8.922897994777834,5.09779158977358
50,7,dp_fisher_wiener_lr0p10,dp_fisher_wiener,0.1,fc1,5,50,0.036804124695939945,0.024429013523372,False,0.17799056353580978,10.714927051110124,5.043539552193626
50,7,dp_fisher_wiener_lr0p10,dp_fisher_wiener,0.1,fc1,6,50,0.029871666017844332,0.03177207449646852,False,0.026786127201748652,13.09751332411615,5.003866358593629
50,7,dp_fisher_wiener_lr0p10,dp_fisher_wiener,0.1,fc1,7,50,0.023181080610768415,0.02093303127218662,False,0.04430155495428265,16.270272179149714,4.824149257572144
50,7,dp_fisher_wiener_lr0p10,dp_fisher_wiener,0.1,fc1,8,50,0.016523141268766743,0.01756639768201346,False,0.026590094442594345,20.304831496887665,4.292272981192223
50,7,dp_fisher_wiener_lr0p10,dp_fisher_wiener,0.1,fc1,9,50,0.012528264159012968,0.010252518466180074,False,0.08706034174543054,26.063733982166326,4.1777750989423215
50,7,dp_fisher_wiener_lr0p10,dp_fisher_wiener,0.1,fc1,10,50,0.008597390295450778,0.00954556238580623,False,0.045434877513834085,33.60917253940556,3.697728546814308
50,7,dp_fisher_wiener_lr0p10,dp_fisher_wiener,0.1,fc1,11,50,0.005979588677752391,0.007927712033681906,False,0.12247655555476619,43.70143816200027,3.3446143104243995
50,7,dp_fisher_wiener_lr0p10,dp_fisher_wiener,0.1,fc1,12,50,0.004609540007752313,0.005477183420985062,False,0.07489969619380607,55.29657662396659,3.2625017431427463
50,7,dp_fisher_wiener_lr0p10,dp_fisher_wiener,0.1,fc1,13,50,0.003014936184585207,0.005128327205002147,False,0.23069760277118148,69.05548813460882,2.6655506718003386
50,7,dp_fisher_wiener_lr0p10,dp_fisher_wiener,0.1,fc1,14,50,0.0023342116446078342,0.0015753506254293712,False,0.1707630015722215,84.9115346499417,2.5377119122317824
50,7,dp_fisher_wiener_lr0p10,dp_fisher_wiener,0.1,fc1,15,50,0.0016357979679725216,0.0022936515820918247,False,0.14679778256326428,101.72896431937772,2.131024821068373
50,7,dp_fisher_wiener_lr0p10,dp_fisher_wiener,0.1,fc1,16,50,0.001266501052080816,0.0008584532561163062,False,0.16888890264685588,118.07197248592729,1.9151748507651096
50,7,dp_fisher_wiener_lr0p10,dp_fisher_wiener,0.1,fc1,17,50,0.0009867961525545994,0.0019166704306568028,False,0.2883199953068752,132.98019882894891,1.6807994943619584
50,7,dp_fisher_wiener_lr0p10,dp_fisher_wiener,0.1,fc1,18,50,0.0008085738750716807,0.0008165676901099835,False,0.004272486575083025,147.5275965404478,1.528002520549717
50,7,dp_fisher_wiener_lr0p10,dp_fisher_wiener,0.1,fc1,19,50,0.0007585126213257088,0.0011392961093801327,False,0.1766738026382676,160.72630711639988,1.5616164000686443
50,7,dp_fisher_wiener_lr0p10,dp_fisher_wiener,0.1,fc1,20,50,0.0006238589306287713,0.0011964474714479662,False,0.28280723975188343,173.3396739023192,1.3852977503231343
50,7,dp_fisher_wiener_lr0p10,dp_fisher_wiener,0.1,fc1,21,50,0.0004978356441619783,0.00012757196221879316,False,0.5913307525325675,185.2008804497416,1.1812106350380842
50,7,dp_fisher_wiener_lr0p10,dp_fisher_wiener,0.1,fc1,22,50,0.0005108409388366238,0.0004728635926692056,False,0.03354981684795492,196.1972065480495,1.2839760101052506
50,7,dp_fisher_wiener_lr0p10,dp_fisher_wiener,0.1,fc1,23,20,0.0004319529226296635,0.0003214933150163283,False,0.12826446998852384,81.77830444354186,0.7155705977875387
50,7,dp_fisher_wiener_lr0p10,dp_fisher_wiener,0.1,fc2,0,50,4.051258238088547,3.960057531144801,False,0.00988843182448612,0.012602945417579045,7.818249575415297
50,7,dp_fisher_wiener_lr0p10,dp_fisher_wiener,0.1,fc2,1,50,3.276566494440991,3.5668577742084837,False,0.03686680658791272,0.016842942275428242,8.42219759698765
50,7,dp_fisher_wiener_lr0p10,dp_fisher_wiener,0.1,fc2,2,50,2.242060262295825,2.047772661752842,False,0.039365540654273674,0.024825525840112966,8.491171253033587
50,7,dp_fisher_wiener_lr0p10,dp_fisher_wiener,0.1,fc2,3,50,1.8364485154427375,2.0231803684489402,False,0.04205584479013073,0.03255088106752027,9.089064424744851
50,7,dp_fisher_wiener_lr0p10,dp_fisher_wiener,0.1,fc2,4,50,1.500740436671696,1.6428091148114534,False,0.039281519252284985,0.042633883256642385,9.695571373735683
50,7,dp_fisher_wiener_lr0p10,dp_fisher_wiener,0.1,fc2,5,50,1.3437520128185882,1.1834927444978507,False,0.05515352799960561,0.05252776607573249,10.639978184133174
50,7,dp_fisher_wiener_lr0p10,dp_fisher_wiener,0.1,fc2,6,50,1.1473275752358607,1.3311932406577895,False,0.0645536720720815,0.06845820806856312,11.765973656659888
50,7,dp_fisher_wiener_lr0p10,dp_fisher_wiener,0.1,fc2,7,50,0.9667036648912286,1.1070155926600636,False,0.05886037303586444,0.09171040844551531,13.177175556948733
50,7,dp_fisher_wiener_lr0p10,dp_fisher_wiener,0.1,fc2,8,50,0.7419261092695738,0.8107945567512848,False,0.038550169712205415,0.1271957194357909,13.96508152961135
50,7,dp_fisher_wiener_lr0p10,dp_fisher_wiener,0.1,fc2,9,50,0.6099224519062331,0.5982909586911048,False,0.008362180622405197,0.185419716805163,16.501690846473007
50,7,dp_fisher_wiener_lr0p10,dp_fisher_wiener,0.1,fc2,10,50,0.4134358370837861,0.38429587032507345,False,0.03174240153220691,0.28266409667391246,17.004575212936373
50,7,dp_fisher_wiener_lr0p10,dp_fisher_wiener,0.1,fc2,11,50,0.28980268073731014,0.2762162233288597,False,0.020853215556474607,0.42490970107456616,17.835526044160883
50,7,dp_fisher_wiener_lr0p10,dp_fisher_wiener,0.1,fc2,12,50,0.21090144311784917,0.18715197725638189,False,0.05188513167456031,0.6254675264059983,18.98481251549709
50,7,dp_fisher_wiener_lr0p10,dp_fisher_wiener,0.1,fc2,13,50,0.13475869681716626,0.14340390306577974,False,0.027004169323706577,0.8935368919472886,17.47524504235692
50,7,dp_fisher_wiener_lr0p10,dp_fisher_wiener,0.1,fc2,14,50,0.09591528649779331,0.10098959054052553,False,0.022388783003449802,1.2813892512267833,17.80452486017836
50,7,dp_fisher_wiener_lr0p10,dp_fisher_wiener,0.1,fc2,15,50,0.060799565060276534,0.06399716855924072,False,0.022260287336362834,1.6979463822954788,15.174666424931095
50,7,dp_fisher_wiener_lr0p10,dp_fisher_wiener,0.1,fc2,16,50,0.044462214503616024,0.04986517103029394,False,0.049806223391931574,2.13214614339976,14.024132582683336
50,7,dp_fisher_wiener_lr0p10,dp_fisher_wiener,0.1,fc2,17,50,0.03154812315867868,0.033632598417018655,False,0.02778689414637435,2.611850103744784,12.306443695120832
50,7,dp_fisher_wiener_lr0p10,dp_fisher_wiener,0.1,fc2,18,50,0.026735471786613476,0.02735962093551494,False,0.010022223721228674,3.010343715568542,12.038210352584048
50,7,dp_fisher_wiener_lr0p10,dp_fisher_wiener,0.1,fc2,19,50,0.02384480505332249,0.023326505393159377,False,0.009544095310240818,3.4409103697701227,12.257344471675056
50,7,dp_fisher_wiener_lr0p10,dp_fisher_wiener,0.1,fc2,20,50,0.019189803000307377,0.021151708883951983,False,0.04227494419230994,3.814212734760014,11.010658562161819
50,7,dp_fisher_wiener_lr0p10,dp_fisher_wiener,0.1,fc2,21,50,0.014799486656104146,0.013646164979635956,False,0.03523603394019996,4.164708344874457,9.35751572396166
50,7,dp_fisher_wiener_lr0p10,dp_fisher_wiener,0.1,fc2,22,50,0.015483460374842028,0.018025214918396544,False,0.0660124246031309,4.511517455692804,10.535968038386116
50,7,dp_fisher_wiener_lr0p10,dp_fisher_wiener,0.1,fc2,23,20,0.012583574572143985,0.0157225345784123,False,0.09671853138723446,1.9144222864042604,5.789392785205107
100,7,dp_fisher_wiener_lr0p10,dp_fisher_wiener,0.1,conv1,0,100,0.1678136993088863,0.1601742397239748,False,0.02023473988381412,0.05025903568209242,2.629919132920386
100,7,dp_fisher_wiener_lr0p10,dp_fisher_wiener,0.1,conv1,1,100,0.36569833175710703,0.32905039579755996,False,0.04586056165119571,0.050265585523089074,5.548055259506734
100,7,dp_fisher_wiener_lr0p10,dp_fisher_wiener,0.1,conv1,2,100,0.6341862296528986,0.6987397212899311,False,0.0420986245367332,0.050259938993742204,9.233241168246517
100,7,dp_fisher_wiener_lr0p10,dp_fisher_wiener,0.1,conv1,3,100,1.0727944379633116,1.0874551984232632,False,0.005894860497134834,0.05025794694660732,14.700390238764278
100,7,dp_fisher_wiener_lr0p10,dp_fisher_wiener,0.1,conv1,4,100,1.5980948722268107,1.6258973221537436,False,0.007490557783095957,0.05026380438970801,20.54190995658056
100,7,dp_fisher_wiener_lr0p10,dp_fisher_wiener,0.1,conv1,5,100,1.854350808988825,1.8678251684168763,False,0.0031443250101211503,0.050276355078698876,23.17071573602544
100,7,dp_fisher_wiener_lr0p10,dp_fisher_wiener,0.1,conv1,6,100,1.7166093781133818,1.7406668517054034,False,0.006044178118171722,0.05025934463581405,21.770400141583703
100,7,dp_fisher_wiener_lr0p10,dp_fisher_wiener,0.1,conv1,7,100,1.0812998498343027,1.0201639835193541,False,0.025276155804485338,0.05025828837745133,14.800659540491521
100,7,dp_fisher_wiener_lr0p10,dp_fisher_wiener,0.1,conv1,8,100,0.5960818393449085,0.5361867081223827,False,0.04598984673043781,0.05026515601075088,8.72826661178484
100,7,dp_fisher_wiener_lr0p10,dp_fisher_wiener,0.1,conv1,9,100,0.3465301402610032,0.3613461308218157,False,0.01818239443484703,0.05026761520078027,5.273592720842277
100,7,dp_fisher_wiener_lr0p10,dp_fisher_wiener,0.1,conv1,10,100,0.2046227771094185,0.15550865518082746,False,0.11919940888601799,0.050263383918511956,3.1871485286127297
100,7,dp_fisher_wiener_lr0p10,dp_fisher_wiener,0.1,conv1,11,70,0.15662818592701402,0.12778152221364178,False,0.08840186053080976,0.03518835867992107,2.0580053207327964
100,7,dp_fisher_wiener_lr0p10,dp_fisher_wiener,0.1,conv2,0,100,0.12119253042102092,0.0961568462549069,False,0.1004956424200644,0.44623230774180067,3.2034518526203795
100,7,dp_fisher_wiener_lr0p10,dp_fisher_wiener,0.1,conv2,1,100,0.12264392703996983,0.01546279087278373,False,0.8993581658224981,0.45405828180691854,3.2980232868022292
100,7,dp_fisher_wiener_lr0p10,dp_fisher_wiener,0.1,conv2,2,100,0.1364454137681063,0.09589211309182287,False,0.15317605374767007,0.46811811842265294,3.778999192686971
100,7,dp_fisher_wiener_lr0p10,dp_fisher_wiener,0.1,conv2,3,100,0.16699696298702205,0.11236939088152369,False,0.17206054642479274,0.4883428794047545,4.814620962750444
100,7,dp_fisher_wiener_lr0p10,dp_fisher_wiener,0.1,conv2,4,100,0.18802433383861294,0.19614369711877003,False,0.018360298403948132,0.5193035843862326,5.753309356154591
100,7,dp_fisher_wiener_lr0p10,dp_fisher_wiener,0.1,conv2,5,100,0.16743450990771522,0.11782997268818121,False,0.15258919825311482,0.5632327674922744,5.558920912731539
100,7,dp_fisher_wiener_lr0p10,dp_fisher_wiener,0.1,conv2,6,100,0.1260289032359347,0.13642726710140965,False,0.03443102263663689,0.6179803223993363,4.600095960489446
100,7,dp_fisher_wiener_lr0p10,dp_fisher_wiener,0.1,conv2,7,100,0.06616911003970925,0.09177187770057799,False,0.14205432417175762,0.6756853993235334,2.651422247813794
100,7,dp_fisher_wiener_lr0p10,dp_fisher_wiener,0.1,conv2,8,100,0.032187441903987396,0.019168769224142814,False,0.22509223363991238,0.7242683838669273,1.386136179316249
100,7,dp_fisher_wiener_lr0p10,dp_fisher_wiener,0.1,conv2,9,100,0.017489898285107507,0.03695326842028737,False,0.32486557285763934,0.763447936302511,0.7949131766257186
100,7,dp_fisher_wiener_lr0p10,dp_fisher_wiener,0.1,conv2,10,100,0.009988877911976949,0.02919835556390956,False,0.4658416878572992,0.7928116214516168,0.4717708055081077
100,7,dp_fisher_wiener_lr0p10,dp_fisher_wiener,0.1,conv2,11,70,0.0075314519550571035,0.03261085141935322,False,0.6364834277473863,0.5699208755106422,0.30569232778666483
100,7,dp_fisher_wiener_lr0p10,dp_fisher_wiener,0.1,fc1,0,100,0.08716423200664955,0.0901681582731471,False,0.014714891101545318,10.507050195072365,8.27935830015928
100,7,dp_fisher_wiener_lr0p10,dp_fisher_wiener,0.1,fc1,1,100,0.05850190970715457,0.05262079240585977,False,0.046012659454373335,13.835819912684633,7.319544402945577
100,7,dp_fisher_wiener_lr0p10,dp_fisher_wiener,0.1,fc1,2,100,0.04037914735047554,0.03508130555963576,False,0.06108139673161742,19.637825045887958,7.1710044846525545
100,7,dp_fisher_wiener_lr0p10,dp_fisher_wiener,0.1,fc1,3,100,0.026164963461096678,0.02576705299421656,False,0.006655381931185718,29.367785503265864,6.949461578434224
100,7,dp_fisher_wiener_lr0p10,dp_fisher_wiener,0.1,fc1,4,100,0.014277624004983752,0.01345527195945281,False,0.025763460620099887,46.36856547905399,5.989230501040949
100,7,dp_fisher_wiener_lr0p10,dp_fisher_wiener,0.1,fc1,5,100,0.007117623230124127,0.00863103866807487,False,0.08372806731503582,77.31061070140584,4.979708048616733
100,7,dp_fisher_wiener_lr0p10,dp_fisher_wiener,0.1,fc1,6,100,0.0037240207716712397,0.005283455746818466,False,0.15190597950607518,124.35206475857541,4.191822251755472
100,7,dp_fisher_wiener_lr0p10,dp_fisher_wiener,0.1,fc1,7,100,0.001953539173290242,0.0019668627184339094,False,0.002951924099866876,186.64049896931942,3.3013214870194276
100,7,dp_fisher_wiener_lr0p10,dp_fisher_wiener,0.1,fc1,8,100,0.001118343746937351,0.001418981888621566,False,0.10340153851904219,251.0521713148762,2.5427465084132503
100,7,dp_fisher_wiener_lr0p10,dp_fisher_wiener,0.1,fc1,9,100,0.0007824714953491379,0.0009848411374709216,False,0.0998976554774395,308.2539036568477,2.1846906682795155
100,7,dp_fisher_wiener_lr0p10,dp_fisher_wiener,0.1,fc1,10,100,0.0005587627418503538,0.000644329494840975,False,0.06188057230693646,358.5405543520608,1.8148020534176366
100,7,dp_fisher_wiener_lr0p10,dp_fisher_wiener,0.1,fc1,11,70,0.0004876326778523855,0.00042833159556829943,False,0.056312690413441814,277.97551099159136,1.4676488686549847
100,7,dp_fisher_wiener_lr0p10,dp_fisher_wiener,0.1,fc2,0,100,3.6081373359258557,3.7351486787496477,False,0.015024834059321814,0.029445887693007287,11.484431495621601
100,7,dp_fisher_wiener_lr0p10,dp_fisher_wiener,0.1,fc2,1,100,2.011947913980625,2.0338209199541346,False,0.0046959768294177594,0.05737640690763324,12.431789617458879
100,7,dp_fisher_wiener_lr0p10,dp_fisher_wiener,0.1,fc2,2,100,1.4140852424563006,1.389273546398606,False,0.007687823698346774,0.09516164933237509,14.381108557013581
100,7,dp_fisher_wiener_lr0p10,dp_fisher_wiener,0.1,fc2,3,100,1.0439047390195266,1.202832116551936,False,0.06154414642453507,0.16016861651407843,17.64124573111646
100,7,dp_fisher_wiener_lr0p10,dp_fisher_wiener,0.1,fc2,4,100,0.6636315725062291,0.6847535734710263,False,0.01360726779420821,0.3126154362409539,21.555349688494132
100,7,dp_fisher_wiener_lr0p10,dp_fisher_wiener,0.1,fc2,5,100,0.33919209364211605,0.3193922650141678,False,0.026121326304670952,0.7075737977484786,24.636959562337175
100,7,dp_fisher_wiener_lr0p10,dp_fisher_wiener,0.1,fc2,6,100,0.16611134767652086,0.16141767538823648,False,0.012448213069885163,1.519004418353287,25.785391914096234
100,7,dp_fisher_wiener_lr0p10,dp_fisher_wiener,0.1,fc2,7,100,0.07590256570673651,0.0799073236187511,False,0.0223301283975347,2.979335633522262,23.332748360931298
100,7,dp_fisher_wiener_lr0p10,dp_fisher_wiener,0.1,fc2,8,100,0.03735224454119322,0.0409281811476508,False,0.03970574077302603,4.743996247144544,18.624110291727423
100,7,dp_fisher_wiener_lr0p10,dp_fisher_wiener,0.1,fc2,9,100,0.025193674640422128,0.025208474986433353,False,0.0002550569305186233,6.451254085338665,17.179642709955456
100,7,dp_fisher_wiener_lr0p10,dp_fisher_wiener,0.1,fc2,10,100,0.01689821658995783,0.017234086310780897,False,0.008547391318781886,7.978921079634471,14.407693704971209
100,7,dp_fisher_wiener_lr0p10,dp_fisher_wiener,0.1,fc2,11,70,0.014619523545129288,0.017339198127350176,False,0.07409579006075184,6.425939742097064,12.001567298024472
